old_gene	new_gene	reciprocal_best	old_to_new_pident	old_to_new_qcov	old_to_new_scov	old_to_new_bitscore	new_to_old_pident	new_to_old_qcov	new_to_old_scov	new_to_old_bitscore	new_protein_accession	old_to_new_title
B9J08_000001	B9J08_01960	True	100	100	100	783	100	100	100	783	KAK8440669.1	KAK8440669.1 hypothetical protein B9J08_01960 [Candidozyma auris]
B9J08_000002	B9J08_01961	True	100	100	100	1245	100	100	100	1245	KAK8440670.1	KAK8440670.1 hypothetical protein B9J08_01961 [Candidozyma auris]
B9J08_000003	B9J08_01962	True	100	100	100	946	100	100	100	946	KAK8440671.1	KAK8440671.1 hypothetical protein B9J08_01962 [Candidozyma auris]
B9J08_000004	B9J08_01963	True	100	100	100	161	100	100	100	161	KAK8440672.1	KAK8440672.1 hypothetical protein B9J08_01963 [Candidozyma auris]
B9J08_000005	B9J08_01964	True	100	100	100	251	100	100	100	251	KAK8440673.1	KAK8440673.1 hypothetical protein B9J08_01964 [Candidozyma auris]
B9J08_000006	B9J08_01965	True	100	100	100	544	100	100	100	544	KAK8440674.1	KAK8440674.1 hypothetical protein B9J08_01965 [Candidozyma auris]
B9J08_000007	B9J08_01966	True	100	100	100	907	100	100	100	907	KAK8440675.1	KAK8440675.1 hypothetical protein B9J08_01966 [Candidozyma auris]
B9J08_000008	B9J08_01967	True	100	100	100	1198	100	100	100	1198	KAK8440676.1	KAK8440676.1 hypothetical protein B9J08_01967 [Candidozyma auris]
B9J08_000009	B9J08_01968	True	100	100	100	934	100	100	100	934	KAK8440677.1	KAK8440677.1 hypothetical protein B9J08_01968 [Candidozyma auris]
B9J08_000010	B9J08_01969	True	100	100	100	1241	100	100	100	1241	KAK8440678.1	KAK8440678.1 hypothetical protein B9J08_01969 [Candidozyma auris]
B9J08_000011	B9J08_01970	True	100	100	100	2282	100	100	100	2282	KAK8440679.1	KAK8440679.1 hypothetical protein B9J08_01970 [Candidozyma auris]
B9J08_000012		False	100	100	100	634						KAK8440680.1 ribose-phosphate pyrophosphokinase 4 [Candidozyma auris]
B9J08_000013		False	100	100	100	1142						KAK8440681.1 dihydroxy-acid dehydratase, mitochondrial [Candidozyma auris]
B9J08_000014	B9J08_01973	True	100	100	100	664	100	100	100	664	KAK8440682.1	KAK8440682.1 hypothetical protein B9J08_01973 [Candidozyma auris]
B9J08_000015		False	100	100	100	855						KAK8440683.1 homocitrate synthase, mitochondrial [Candidozyma auris]
B9J08_000016	B9J08_01975	True	100	100	100	1835	100	100	100	1835	KAK8440684.1	KAK8440684.1 hypothetical protein B9J08_01975 [Candidozyma auris]
B9J08_000017	B9J08_01976	True	100	100	100	1267	100	100	100	1267	KAK8440685.1	KAK8440685.1 hypothetical protein B9J08_01976 [Candidozyma auris]
B9J08_000018	B9J08_01977	True	100	100	100	2181	100	100	100	2181	KAK8440686.1	KAK8440686.1 hypothetical protein B9J08_01977 [Candidozyma auris]
B9J08_000019	B9J08_01978	True	100	100	100	650	100	100	100	650	KAK8440687.1	KAK8440687.1 hypothetical protein B9J08_01978 [Candidozyma auris]
B9J08_000020		False	100	100	100	1016						KAK8440688.1 ATP synthase subunit alpha, mitochondrial [Candidozyma auris]
B9J08_000021	B9J08_01980	True	100	100	100	810	100	100	100	810	KAK8440689.1	KAK8440689.1 hypothetical protein B9J08_01980 [Candidozyma auris]
B9J08_000022	B9J08_01981	True	100	100	100	508	100	100	100	508	KAK8440690.1	KAK8440690.1 hypothetical protein B9J08_01981 [Candidozyma auris]
B9J08_000023		False	100	100	100	1716						KAK8440691.1 aminopeptidase 2 [Candidozyma auris]
B9J08_000024	B9J08_01983	True	100	100	100	288	100	100	100	288	KAK8440692.1	KAK8440692.1 hypothetical protein B9J08_01983 [Candidozyma auris]
B9J08_000025	B9J08_01984	True	100	100	100	393	100	100	100	393	KAK8440693.1	KAK8440693.1 hypothetical protein B9J08_01984 [Candidozyma auris]
B9J08_000026	B9J08_01985	True	100	100	100	546	100	100	100	546	KAK8440694.1	KAK8440694.1 hypothetical protein B9J08_01985 [Candidozyma auris]
B9J08_000027	B9J08_01986	True	100	100	100	474	100	100	100	474	KAK8440695.1	KAK8440695.1 hypothetical protein B9J08_01986 [Candidozyma auris]
B9J08_000028	B9J08_01987	True	100	100	100	1245	100	100	100	1245	KAK8440696.1	KAK8440696.1 hypothetical protein B9J08_01987 [Candidozyma auris]
B9J08_000029	B9J08_01988	True	100	100	100	569	100	100	100	569	KAK8440697.1	KAK8440697.1 hypothetical protein B9J08_01988 [Candidozyma auris]
B9J08_000030	B9J08_01989	True	100	100	100	424	100	100	100	424	KAK8440698.1	KAK8440698.1 hypothetical protein B9J08_01989 [Candidozyma auris]
B9J08_000031	B9J08_01990	True	100	100	100	655	100	100	100	655	KAK8440699.1	KAK8440699.1 hypothetical protein B9J08_01990 [Candidozyma auris]
B9J08_000032	B9J08_01991	True	100	100	100	1606	100	100	100	1606	KAK8440700.1	KAK8440700.1 hypothetical protein B9J08_01991 [Candidozyma auris]
B9J08_000033	B9J08_01992	True	100	100	100	1037	100	100	100	1037	KAK8440701.1	KAK8440701.1 hypothetical protein B9J08_01992 [Candidozyma auris]
B9J08_000034	B9J08_01993	True	100	100	100	648	100	100	100	648	KAK8440702.1	KAK8440702.1 hypothetical protein B9J08_01993 [Candidozyma auris]
B9J08_000035	B9J08_01994	True	100	100	100	572	100	100	100	572	KAK8440703.1	KAK8440703.1 hypothetical protein B9J08_01994 [Candidozyma auris]
B9J08_000036	B9J08_01995	True	100	100	100	575	100	100	100	575	KAK8440704.1	KAK8440704.1 hypothetical protein B9J08_01995 [Candidozyma auris]
B9J08_000037	B9J08_01996	True	100	100	100	2070	100	100	100	2070	KAK8440705.1	KAK8440705.1 hypothetical protein B9J08_01996 [Candidozyma auris]
B9J08_000038		False	100	100	100	138						KAK8440706.1 ribosomal protein L33 [Candidozyma auris]
B9J08_000039	B9J08_01998	True	100	100	100	417	100	100	100	417	KAK8440707.1	KAK8440707.1 hypothetical protein B9J08_01998 [Candidozyma auris]
B9J08_000040	B9J08_01999	True	100	100	100	1267	100	100	100	1267	KAK8440708.1	KAK8440708.1 hypothetical protein B9J08_01999 [Candidozyma auris]
B9J08_000041	B9J08_02000	True	100	100	100	449	100	100	100	449	KAK8440709.1	KAK8440709.1 hypothetical protein B9J08_02000 [Candidozyma auris]
B9J08_000042	B9J08_02001	True	100	100	100	610	100	100	100	610	KAK8440710.1	KAK8440710.1 hypothetical protein B9J08_02001 [Candidozyma auris]
B9J08_000043	B9J08_02002	True	100	100	100	1528	100	100	100	1528	KAK8440711.1	KAK8440711.1 hypothetical protein B9J08_02002 [Candidozyma auris]
B9J08_000044	B9J08_02003	True	100	100	100	2117	100	100	100	2117	KAK8440712.1	KAK8440712.1 hypothetical protein B9J08_02003 [Candidozyma auris]
B9J08_000045		False	100	100	100	2024						KAK8440713.1 ISWI chromatin-remodeling complex ATPase ISW2 [Candidozyma auris]
B9J08_000046		False	100	100	100	740						KAK8440714.1 uracil-DNA glycosylase [Candidozyma auris]
B9J08_000047	B9J08_02006	True	100	100	100	698	100	100	100	698	KAK8440715.1	KAK8440715.1 hypothetical protein B9J08_02006 [Candidozyma auris]
B9J08_000048	B9J08_02007	True	100	100	100	773	100	100	100	773	KAK8440716.1	KAK8440716.1 hypothetical protein B9J08_02007 [Candidozyma auris]
B9J08_000049	B9J08_02008	True	100	100	100	523	100	100	100	523	KAK8440717.1	KAK8440717.1 hypothetical protein B9J08_02008 [Candidozyma auris]
B9J08_000050	B9J08_02009	True	100	100	100	535	100	100	100	535	KAK8440718.1	KAK8440718.1 hypothetical protein B9J08_02009 [Candidozyma auris]
B9J08_000051		False	100	100	100	471						KAK8440719.1 mitochondrial genome maintenance protein MGM101 [Candidozyma auris]
B9J08_000052	B9J08_02011	True	100	100	100	409	100	100	100	409	KAK8440720.1	KAK8440720.1 hypothetical protein B9J08_02011 [Candidozyma auris]
B9J08_000053	B9J08_02012	True	100	100	100	331	100	100	100	331	KAK8440721.1	KAK8440721.1 hypothetical protein B9J08_02012 [Candidozyma auris]
B9J08_000054	B9J08_02013	True	100	100	100	1030	100	100	100	1030	KAK8440722.1	KAK8440722.1 hypothetical protein B9J08_02013 [Candidozyma auris]
B9J08_000055	B9J08_02014	True	100	100	100	684	100	100	100	684	KAK8440723.1	KAK8440723.1 hypothetical protein B9J08_02014 [Candidozyma auris]
B9J08_000056	B9J08_02015	True	100	100	100	2980	100	100	100	2980	KAK8440724.1	KAK8440724.1 hypothetical protein B9J08_02015 [Candidozyma auris]
B9J08_000057		False	100	100	100	484						KAK8440725.1 pyridoxal 5'-phosphate synthase, glutaminase subunit Pdx2 [Candidozyma auris]
B9J08_000058		False	100	100	100	573						KAK8440726.1 pyridoxine biosynthesis protein SNZ1 [Candidozyma auris]
B9J08_000059	B9J08_02018	True	100	100	100	338	100	100	100	338	KAK8440727.1	KAK8440727.1 hypothetical protein B9J08_02018 [Candidozyma auris]
B9J08_000060	B9J08_02019	True	100	100	100	2602	100	100	100	2602	KAK8440728.1	KAK8440728.1 hypothetical protein B9J08_02019 [Candidozyma auris]
B9J08_000061	B9J08_02020	True	100	100	100	317	100	100	100	317	KAK8440729.1	KAK8440729.1 hypothetical protein B9J08_02020 [Candidozyma auris]
B9J08_000062	B9J08_02021	True	100	100	100	1841	100	100	100	1841	KAK8440730.1	KAK8440730.1 hypothetical protein B9J08_02021 [Candidozyma auris]
B9J08_000063		False	100	100	100	576						KAK8440731.1 proteasome subunit beta type-5 [Candidozyma auris]
B9J08_000064		False	100	100	100	342						KAK8440732.1 60S ribosomal protein L11-A [Candidozyma auris]
B9J08_000065	B9J08_02024	True	100	100	100	390	100	100	100	390	KAK8440733.1	KAK8440733.1 hypothetical protein B9J08_02024 [Candidozyma auris]
B9J08_000066	B9J08_02025	True	100	100	100	928	100	100	100	928	KAK8440734.1	KAK8440734.1 hypothetical protein B9J08_02025 [Candidozyma auris]
B9J08_000067	B9J08_02026	True	100	100	100	652	100	100	100	652	KAK8440735.1	KAK8440735.1 hypothetical protein B9J08_02026 [Candidozyma auris]
B9J08_000068	B9J08_02027	True	100	100	100	702	100	100	100	702	KAK8440736.1	KAK8440736.1 hypothetical protein B9J08_02027 [Candidozyma auris]
B9J08_000069	B9J08_02028	True	100	100	100	323	100	100	100	323	KAK8440737.1	KAK8440737.1 hypothetical protein B9J08_02028 [Candidozyma auris]
B9J08_000070	B9J08_02029	True	100	100	100	1085	100	100	100	1085	KAK8440738.1	KAK8440738.1 hypothetical protein B9J08_02029 [Candidozyma auris]
B9J08_000071		False	100	100	100	575						KAK8440739.1 sphingolipid long chain base-responsive protein PIL1 [Candidozyma auris]
B9J08_000072	B9J08_02031	True	100	100	100	436	100	100	100	436	KAK8440740.1	KAK8440740.1 hypothetical protein B9J08_02031 [Candidozyma auris]
B9J08_000073	B9J08_02032	True	100	100	100	378	100	100	100	378	KAK8440741.1	KAK8440741.1 hypothetical protein B9J08_02032 [Candidozyma auris]
B9J08_000074	B9J08_02033	True	100	100	100	1390	100	100	100	1390	KAK8440742.1	KAK8440742.1 hypothetical protein B9J08_02033 [Candidozyma auris]
B9J08_000075		False	100	100	100	1024						KAK8440743.1 inosine-5'-monophosphate dehydrogenase [Candidozyma auris]
B9J08_000076	B9J08_02035	True	100	100	100	355	100	100	100	355	KAK8440744.1	KAK8440744.1 hypothetical protein B9J08_02035 [Candidozyma auris]
B9J08_000077	B9J08_02036	True	100	100	100	458	100	100	100	458	KAK8440745.1	KAK8440745.1 hypothetical protein B9J08_02036 [Candidozyma auris]
B9J08_000078	B9J08_02037	True	100	100	100	850	100	100	100	850	KAK8440746.1	KAK8440746.1 hypothetical protein B9J08_02037 [Candidozyma auris]
B9J08_000079	B9J08_02038	True	100	100	100	468	100	100	100	468	KAK8440747.1	KAK8440747.1 hypothetical protein B9J08_02038 [Candidozyma auris]
B9J08_000080	B9J08_02039	True	100	100	100	1017	100	100	100	1017	KAK8440748.1	KAK8440748.1 hypothetical protein B9J08_02039 [Candidozyma auris]
B9J08_000081	B9J08_02040	True	100	100	100	1947	100	100	100	1947	KAK8440749.1	KAK8440749.1 hypothetical protein B9J08_02040 [Candidozyma auris]
B9J08_000082		False	100	100	100	441						KAK8440750.1 GTP-binding nuclear protein GSP1/Ran [Candidozyma auris]
B9J08_000083	B9J08_02042	True	100	100	100	239	100	100	100	239	KAK8440751.1	KAK8440751.1 hypothetical protein B9J08_02042 [Candidozyma auris]
B9J08_000084	B9J08_02043	True	100	100	100	200	100	100	100	200	KAK8440752.1	KAK8440752.1 hypothetical protein B9J08_02043 [Candidozyma auris]
B9J08_000085	B9J08_02044	True	100	100	100	726	100	100	100	726	KAK8440753.1	KAK8440753.1 hypothetical protein B9J08_02044 [Candidozyma auris]
B9J08_000086	B9J08_02045	True	100	100	100	669	100	100	100	669	KAK8440754.1	KAK8440754.1 hypothetical protein B9J08_02045 [Candidozyma auris]
B9J08_000087	B9J08_02046	True	100	100	100	1399	100	100	100	1399	KAK8440755.1	KAK8440755.1 hypothetical protein B9J08_02046 [Candidozyma auris]
B9J08_000088	B9J08_02047	True	100	100	100	352	100	100	100	352	KAK8440756.1	KAK8440756.1 hypothetical protein B9J08_02047 [Candidozyma auris]
B9J08_000089	B9J08_02048	True	100	100	100	643	100	100	100	643	KAK8440757.1	KAK8440757.1 hypothetical protein B9J08_02048 [Candidozyma auris]
B9J08_000090		False	100	100	100	350						KAK8440758.1 60S ribosomal protein L18-A [Candidozyma auris]
B9J08_000091		False	100	100	100	292						KAK8440759.1 40S ribosomal protein S19-A [Candidozyma auris]
B9J08_000092	B9J08_02051	True	100	100	100	7990	100	100	100	7990	KAK8440760.1	KAK8440760.1 hypothetical protein B9J08_02051 [Candidozyma auris]
B9J08_000093	B9J08_02052	True	100	100	100	1034	100	100	100	1034	KAK8440761.1	KAK8440761.1 hypothetical protein B9J08_02052 [Candidozyma auris]
B9J08_000094	B9J08_02053	True	100	100	100	1691	100	100	100	1691	KAK8440762.1	KAK8440762.1 hypothetical protein B9J08_02053 [Candidozyma auris]
B9J08_000095	B9J08_02054	True	100	100	100	1676	100	100	100	1676	KAK8440763.1	KAK8440763.1 hypothetical protein B9J08_02054 [Candidozyma auris]
B9J08_000096	B9J08_02055	True	100	100	100	1632	100	100	100	1632	KAK8440764.1	KAK8440764.1 hypothetical protein B9J08_02055 [Candidozyma auris]
B9J08_000097	B9J08_02056	True	100	100	100	820	100	100	100	820	KAK8440765.1	KAK8440765.1 hypothetical protein B9J08_02056 [Candidozyma auris]
B9J08_000098	B9J08_02057	True	100	100	100	403	100	100	100	403	KAK8440766.1	KAK8440766.1 hypothetical protein B9J08_02057 [Candidozyma auris]
B9J08_000099	B9J08_02058	True	100	100	100	611	100	100	100	611	KAK8440767.1	KAK8440767.1 hypothetical protein B9J08_02058 [Candidozyma auris]
B9J08_000100	B9J08_02059	True	100	100	100	641	100	100	100	641	KAK8440768.1	KAK8440768.1 hypothetical protein B9J08_02059 [Candidozyma auris]
B9J08_000101	B9J08_02060	True	100	100	100	492	100	100	100	492	KAK8440769.1	KAK8440769.1 hypothetical protein B9J08_02060 [Candidozyma auris]
B9J08_000102		False	100	100	100	1157						KAK8440770.1 heat shock protein SSB1 [Candidozyma auris]
B9J08_000103	B9J08_02062	True	100	100	100	752	100	100	100	752	KAK8440771.1	KAK8440771.1 hypothetical protein B9J08_02062 [Candidozyma auris]
B9J08_000104	B9J08_02063	True	100	100	100	880	100	100	100	880	KAK8440772.1	KAK8440772.1 hypothetical protein B9J08_02063 [Candidozyma auris]
B9J08_000105	B9J08_02064	True	100	100	100	1538	100	100	100	1538	KAK8440773.1	KAK8440773.1 hypothetical protein B9J08_02064 [Candidozyma auris]
B9J08_000106	B9J08_02065	True	100	100	100	560	100	100	100	560	KAK8440774.1	KAK8440774.1 hypothetical protein B9J08_02065 [Candidozyma auris]
B9J08_000107		False	100	100	100	221						KAK8440775.1 40S ribosomal protein S20 [Candidozyma auris]
B9J08_000108	B9J08_02067	True	100	100	100	1109	100	100	100	1109	KAK8440776.1	KAK8440776.1 hypothetical protein B9J08_02067 [Candidozyma auris]
B9J08_000109	B9J08_02068	True	100	100	100	2350	100	100	100	2350	KAK8440777.1	KAK8440777.1 hypothetical protein B9J08_02068 [Candidozyma auris]
B9J08_000110	B9J08_02069	True	100	100	100	549	100	100	100	549	KAK8440778.1	KAK8440778.1 hypothetical protein B9J08_02069 [Candidozyma auris]
B9J08_000111	B9J08_02070	True	100	100	100	1499	100	100	100	1499	KAK8440779.1	KAK8440779.1 hypothetical protein B9J08_02070 [Candidozyma auris]
B9J08_000112	B9J08_02071	True	100	100	100	603	100	100	100	603	KAK8440780.1	KAK8440780.1 hypothetical protein B9J08_02071 [Candidozyma auris]
B9J08_000113		False	100	100	100	330						KAK8440781.1 SUMO-conjugating enzyme UBC9 [Candidozyma auris]
B9J08_000114	B9J08_02073	True	100	100	100	899	100	100	100	899	KAK8440782.1	KAK8440782.1 hypothetical protein B9J08_02073 [Candidozyma auris]
B9J08_000115	B9J08_02074	True	100	100	100	1482	100	100	100	1482	KAK8440783.1	KAK8440783.1 hypothetical protein B9J08_02074 [Candidozyma auris]
B9J08_000116	B9J08_02075	True	100	100	100	343	100	100	100	343	KAK8440784.1	KAK8440784.1 hypothetical protein B9J08_02075 [Candidozyma auris]
B9J08_000117	B9J08_02076	True	100	100	100	519	100	100	100	519	KAK8440785.1	KAK8440785.1 hypothetical protein B9J08_02076 [Candidozyma auris]
B9J08_000118	B9J08_02077	True	100	100	100	1241	100	100	100	1241	KAK8440786.1	KAK8440786.1 hypothetical protein B9J08_02077 [Candidozyma auris]
B9J08_000119	B9J08_02078	True	100	100	100	200	100	100	100	200	KAK8440787.1	KAK8440787.1 hypothetical protein B9J08_02078 [Candidozyma auris]
B9J08_000120	B9J08_02079	True	100	100	100	1476	100	100	100	1476	KAK8440788.1	KAK8440788.1 hypothetical protein B9J08_02079 [Candidozyma auris]
B9J08_000121	B9J08_02080	True	100	100	100	828	100	100	100	828	KAK8440789.1	KAK8440789.1 hypothetical protein B9J08_02080 [Candidozyma auris]
B9J08_000122	B9J08_02081	True	100	100	100	1093	100	100	100	1093	KAK8440790.1	KAK8440790.1 hypothetical protein B9J08_02081 [Candidozyma auris]
B9J08_000123	B9J08_02082	True	100	100	100	1769	100	100	100	1769	KAK8440791.1	KAK8440791.1 hypothetical protein B9J08_02082 [Candidozyma auris]
B9J08_000124	B9J08_02083	True	100	100	100	1246	100	100	100	1246	KAK8440792.1	KAK8440792.1 hypothetical protein B9J08_02083 [Candidozyma auris]
B9J08_000127	B9J08_02086	True	100	100	100	982	100	100	100	982	KAK8440793.1	KAK8440793.1 hypothetical protein B9J08_02086 [Candidozyma auris]
B9J08_000128	B9J08_02087	True	100	100	100	694	100	100	100	694	KAK8440794.1	KAK8440794.1 hypothetical protein B9J08_02087 [Candidozyma auris]
B9J08_000129	B9J08_02088	True	100	100	100	260	100	100	100	260	KAK8440795.1	KAK8440795.1 hypothetical protein B9J08_02088 [Candidozyma auris]
B9J08_000130	B9J08_02089	True	100	100	100	889	100	100	100	889	KAK8440796.1	KAK8440796.1 hypothetical protein B9J08_02089 [Candidozyma auris]
B9J08_000131	B9J08_02090	True	100	100	100	2011	100	100	100	2011	KAK8440797.1	KAK8440797.1 hypothetical protein B9J08_02090 [Candidozyma auris]
B9J08_000132		False	100	100	100	952						KAK8440798.1 mannan polymerase II complex ANP1 subunit [Candidozyma auris]
B9J08_000133	B9J08_02092	True	100	100	100	2028	100	100	100	2028	KAK8440799.1	KAK8440799.1 hypothetical protein B9J08_02092 [Candidozyma auris]
B9J08_000134	B9J08_02093	True	100	100	100	890	100	100	100	890	KAK8440800.1	KAK8440800.1 hypothetical protein B9J08_02093 [Candidozyma auris]
B9J08_000135	B9J08_02094	True	100	100	100	509	100	100	100	509	KAK8440801.1	KAK8440801.1 hypothetical protein B9J08_02094 [Candidozyma auris]
B9J08_000136	B9J08_02095	True	100	100	100	141	100	100	100	141	KAK8440802.1	KAK8440802.1 hypothetical protein B9J08_02095 [Candidozyma auris]
B9J08_000137	B9J08_02096	True	100	100	100	723	100	100	100	723	KAK8440803.1	KAK8440803.1 hypothetical protein B9J08_02096 [Candidozyma auris]
B9J08_000138	B9J08_02097	True	100	100	100	954	100	100	100	954	KAK8440804.1	KAK8440804.1 hypothetical protein B9J08_02097 [Candidozyma auris]
B9J08_000139	B9J08_02098	True	100	100	100	1640	100	100	100	1640	KAK8440805.1	KAK8440805.1 hypothetical protein B9J08_02098 [Candidozyma auris]
B9J08_000140	B9J08_02099	True	100	100	100	276	100	100	100	276	KAK8440806.1	KAK8440806.1 hypothetical protein B9J08_02099 [Candidozyma auris]
B9J08_000141		False	100	100	100	973						KAK8440807.1 protein phosphatase PP2A regulatory subunit B [Candidozyma auris]
B9J08_000142		False	100	100	100	355						KAK8440808.1 40S ribosomal protein S26-B [Candidozyma auris]
B9J08_000143	B9J08_02102	True	100	100	100	382	100	100	100	382	KAK8440809.1	KAK8440809.1 hypothetical protein B9J08_02102 [Candidozyma auris]
B9J08_000144	B9J08_02103	True	100	100	100	743	100	100	100	743	KAK8440810.1	KAK8440810.1 hypothetical protein B9J08_02103 [Candidozyma auris]
B9J08_000145	B9J08_02104	True	100	100	100	1961	100	100	100	1961	KAK8440811.1	KAK8440811.1 hypothetical protein B9J08_02104 [Candidozyma auris]
B9J08_000146	B9J08_02105	True	100	100	100	1022	100	100	100	1022	KAK8440812.1	KAK8440812.1 hypothetical protein B9J08_02105 [Candidozyma auris]
B9J08_000147	B9J08_02106	True	100	100	100	394	100	100	100	394	KAK8440813.1	KAK8440813.1 hypothetical protein B9J08_02106 [Candidozyma auris]
B9J08_000148	B9J08_02107	True	100	100	100	1477	100	100	100	1477	KAK8440814.1	KAK8440814.1 hypothetical protein B9J08_02107 [Candidozyma auris]
B9J08_000149	B9J08_02108	True	100	100	100	1411	100	100	100	1411	KAK8440815.1	KAK8440815.1 hypothetical protein B9J08_02108 [Candidozyma auris]
B9J08_000150		False	100	100	100	342						KAK8440816.1 succinate dehydrogenase, cytochrome b556 subunit [Candidozyma auris]
B9J08_000151	B9J08_02110	True	100	100	100	1251	100	100	100	1251	KAK8440817.1	KAK8440817.1 hypothetical protein B9J08_02110 [Candidozyma auris]
B9J08_000152	B9J08_02111	True	100	100	100	787	100	100	100	787	KAK8440818.1	KAK8440818.1 hypothetical protein B9J08_02111 [Candidozyma auris]
B9J08_000153	B9J08_02112	True	100	100	100	131	100	100	100	131	KAK8440819.1	KAK8440819.1 hypothetical protein B9J08_02112 [Candidozyma auris]
B9J08_000154	B9J08_02113	True	100	100	100	239	100	100	100	239	KAK8440820.1	KAK8440820.1 hypothetical protein B9J08_02113 [Candidozyma auris]
B9J08_000155	B9J08_02114	True	100	100	100	394	100	100	100	394	KAK8440821.1	KAK8440821.1 hypothetical protein B9J08_02114 [Candidozyma auris]
B9J08_000156	B9J08_02115	True	100	100	100	228	100	100	100	228	KAK8440822.1	KAK8440822.1 hypothetical protein B9J08_02115 [Candidozyma auris]
B9J08_000157	B9J08_02116	True	100	100	100	243	100	100	100	243	KAK8440823.1	KAK8440823.1 hypothetical protein B9J08_02116 [Candidozyma auris]
B9J08_000158	B9J08_02117	True	100	100	100	350	100	100	100	350	KAK8440824.1	KAK8440824.1 hypothetical protein B9J08_02117 [Candidozyma auris]
B9J08_000159	B9J08_02118	True	100	100	100	1003	100	100	100	1003	KAK8440825.1	KAK8440825.1 hypothetical protein B9J08_02118 [Candidozyma auris]
B9J08_000160	B9J08_02119	True	100	100	100	1006	100	100	100	1006	KAK8440826.1	KAK8440826.1 hypothetical protein B9J08_02119 [Candidozyma auris]
B9J08_000161	B9J08_02120	True	100	100	100	1424	100	100	100	1424	KAK8440827.1	KAK8440827.1 hypothetical protein B9J08_02120 [Candidozyma auris]
B9J08_000162	B9J08_02121	True	100	100	100	1125	100	100	100	1125	KAK8440828.1	KAK8440828.1 hypothetical protein B9J08_02121 [Candidozyma auris]
B9J08_000163		False	100	100	100	541						KAK8440829.1 tRNA(His) guanylyltransferase [Candidozyma auris]
B9J08_000164		False	100	100	100	3028						KAK8440830.1 multidrug resistance protein CDR1 [Candidozyma auris]
B9J08_000165	B9J08_02124	True	100	100	100	150	100	100	100	150	KAK8440831.1	KAK8440831.1 hypothetical protein B9J08_02124 [Candidozyma auris]
B9J08_000166	B9J08_02125	True	100	100	100	1207	100	100	100	1207	KAK8440832.1	KAK8440832.1 hypothetical protein B9J08_02125 [Candidozyma auris]
B9J08_000168	B9J08_02127	True	100	100	100	1502	100	100	100	1502	KAK8440833.1	KAK8440833.1 hypothetical protein B9J08_02127 [Candidozyma auris]
B9J08_000169	B9J08_02128	True	100	100	100	255	100	100	100	255	KAK8440834.1	KAK8440834.1 hypothetical protein B9J08_02128 [Candidozyma auris]
B9J08_000170	B9J08_02129	True	100	100	100	767	100	100	100	767	KAK8440835.1	KAK8440835.1 hypothetical protein B9J08_02129 [Candidozyma auris]
B9J08_000171		False	100	100	100	800						KAK8440836.1 serine/threonine-protein kinase BUR1 [Candidozyma auris]
B9J08_000172	B9J08_02131	True	100	100	100	1060	100	100	100	1060	KAK8440837.1	KAK8440837.1 hypothetical protein B9J08_02131 [Candidozyma auris]
B9J08_000173		False	100	100	100	580						KAK8440838.1 cytochrome c1, heme protein, mitochondrial [Candidozyma auris]
B9J08_000174	B9J08_02133	True	100	100	100	773	100	100	100	773	KAK8440839.1	KAK8440839.1 hypothetical protein B9J08_02133 [Candidozyma auris]
B9J08_000175		False	100	100	100	2257						KAK8440840.1 calcium-translocating P-type ATPase, PMCA-type [Candidozyma auris]
B9J08_000176	B9J08_02135	True	100	100	100	459	100	100	100	459	KAK8440841.1	KAK8440841.1 hypothetical protein B9J08_02135 [Candidozyma auris]
B9J08_000177	B9J08_02136	True	100	100	100	768	100	100	100	768	KAK8440842.1	KAK8440842.1 hypothetical protein B9J08_02136 [Candidozyma auris]
B9J08_000178		False	100	100	100	246						KAK8440843.1 oleate-induced peroxisomal protein POX18 [Candidozyma auris]
B9J08_000179	B9J08_02138	True	100	100	100	360	100	100	100	360	KAK8440844.1	KAK8440844.1 hypothetical protein B9J08_02138 [Candidozyma auris]
B9J08_000180	B9J08_02139	True	100	100	100	2029	100	100	100	2029	KAK8440845.1	KAK8440845.1 hypothetical protein B9J08_02139 [Candidozyma auris]
B9J08_000181	B9J08_02140	True	100	100	100	5455	100	100	100	5455	KAK8440846.1	KAK8440846.1 hypothetical protein B9J08_02140 [Candidozyma auris]
B9J08_000182	B9J08_02141	True	100	100	100	550	100	100	100	550	KAK8440847.1	KAK8440847.1 hypothetical protein B9J08_02141 [Candidozyma auris]
B9J08_000183	B9J08_02142	True	100	100	100	1155	100	100	100	1155	KAK8440848.1	KAK8440848.1 hypothetical protein B9J08_02142 [Candidozyma auris]
B9J08_000184	B9J08_02143	True	100	100	100	1164	100	100	100	1164	KAK8440849.1	KAK8440849.1 hypothetical protein B9J08_02143 [Candidozyma auris]
B9J08_000185		False	100	100	100	357						KAK8440850.1 40S ribosomal protein S7-A [Candidozyma auris]
B9J08_000186		False	100	100	100	466						KAK8440851.1 ribose-5-phosphate isomerase [Candidozyma auris]
B9J08_000187	B9J08_02146	True	100	100	100	350	100	100	100	350	KAK8440852.1	KAK8440852.1 hypothetical protein B9J08_02146 [Candidozyma auris]
B9J08_000188		False	100	100	100	1482						KAK8440853.1 pre-mRNA-splicing factor ATP-dependent RNA helicase PRP43 [Candidozyma auris]
B9J08_000189	B9J08_02148	True	100	100	100	1125	100	100	100	1125	KAK8440854.1	KAK8440854.1 hypothetical protein B9J08_02148 [Candidozyma auris]
B9J08_000190	B9J08_02149	True	100	100	100	2118	100	100	100	2118	KAK8440855.1	KAK8440855.1 hypothetical protein B9J08_02149 [Candidozyma auris]
B9J08_000192		False	100	100	100	2381						KAK8440856.1 DNA-directed RNA polymerase I subunit RPA2 [Candidozyma auris]
B9J08_000193	B9J08_02152	True	100	100	100	441	100	100	100	441	KAK8440857.1	KAK8440857.1 hypothetical protein B9J08_02152 [Candidozyma auris]
B9J08_000194	B9J08_02153	True	100	84.0	84.0	699	100	84.0	84.0	699	KAK8440858.1	KAK8440858.1 hypothetical protein B9J08_02153 [Candidozyma auris]
B9J08_000195	B9J08_02154	True	100	100	100	742	100	100	100	742	KAK8440859.1	KAK8440859.1 hypothetical protein B9J08_02154 [Candidozyma auris]
B9J08_000196	B9J08_02155	True	100	100	100	1483	100	100	100	1483	KAK8440860.1	KAK8440860.1 hypothetical protein B9J08_02155 [Candidozyma auris]
B9J08_000197	B9J08_02156	True	100	100	100	1413	100	100	100	1413	KAK8440861.1	KAK8440861.1 hypothetical protein B9J08_02156 [Candidozyma auris]
B9J08_000198	B9J08_02157	True	100	100	100	772	100	100	100	772	KAK8440862.1	KAK8440862.1 hypothetical protein B9J08_02157 [Candidozyma auris]
B9J08_000199	B9J08_02158	True	100	100	100	1414	100	100	100	1414	KAK8440863.1	KAK8440863.1 hypothetical protein B9J08_02158 [Candidozyma auris]
B9J08_000200		False	100	100	100	1889						KAK8440864.1 leucine-tRNA ligase [Candidozyma auris]
B9J08_000201	B9J08_02160	True	100	100	100	1420	100	100	100	1420	KAK8440865.1	KAK8440865.1 hypothetical protein B9J08_02160 [Candidozyma auris]
B9J08_000202	B9J08_02161	True	100	100	100	1274	100	100	100	1274	KAK8440866.1	KAK8440866.1 hypothetical protein B9J08_02161 [Candidozyma auris]
B9J08_000203		False	100	100	100	361						KAK8440867.1 40S ribosomal protein S9-A [Candidozyma auris]
B9J08_000204	B9J08_02163	True	100	100	100	1229	100	100	100	1229	KAK8440868.1	KAK8440868.1 hypothetical protein B9J08_02163 [Candidozyma auris]
B9J08_000205	B9J08_02164	True	100	100	100	604	100	100	100	604	KAK8440869.1	KAK8440869.1 hypothetical protein B9J08_02164 [Candidozyma auris]
B9J08_000206	B9J08_02165	True	100	100	100	1564	100	100	100	1564	KAK8440870.1	KAK8440870.1 hypothetical protein B9J08_02165 [Candidozyma auris]
B9J08_000207	B9J08_02166	True	100	62.7	62.7	246	100	62.7	62.7	246	KAK8440871.1	KAK8440871.1 hypothetical protein B9J08_02166 [Candidozyma auris]
B9J08_000208	B9J08_02167	True	100	100	100	575	100	100	100	575	KAK8440872.1	KAK8440872.1 hypothetical protein B9J08_02167 [Candidozyma auris]
B9J08_000209		False	100	100	100	124						KAK8440873.1 60S acidic ribosomal protein P1-B [Candidozyma auris]
B9J08_000210	B9J08_02169	True	100	100	100	347	100	100	100	347	KAK8440874.1	KAK8440874.1 hypothetical protein B9J08_02169 [Candidozyma auris]
B9J08_000211	B9J08_02170	True	100	100	100	379	100	100	100	379	KAK8440875.1	KAK8440875.1 hypothetical protein B9J08_02170 [Candidozyma auris]
B9J08_000213	B9J08_02172	True	100	100	100	1437	100	100	100	1437	KAK8440876.1	KAK8440876.1 hypothetical protein B9J08_02172 [Candidozyma auris]
B9J08_000214	B9J08_02173	True	100	100	100	1690	100	100	100	1690	KAK8440877.1	KAK8440877.1 hypothetical protein B9J08_02173 [Candidozyma auris]
B9J08_000215		False	100	100	100	154						KAK8440878.1 DNA-directed RNA polymerase I, II, and III subunit RPABC5 [Candidozyma auris]
B9J08_000216	B9J08_02175	True	100	100	100	1144	100	100	100	1144	KAK8440879.1	KAK8440879.1 hypothetical protein B9J08_02175 [Candidozyma auris]
B9J08_000217		False	100	100	100	716						KAK8440880.1 ribosomal protein L27 [Candidozyma auris]
B9J08_000220	B9J08_02179	True	100	100	100	947	100	100	100	947	KAK8440881.1	KAK8440881.1 hypothetical protein B9J08_02179 [Candidozyma auris]
B9J08_000221	B9J08_02180	True	100	100	100	337	100	100	100	337	KAK8440882.1	KAK8440882.1 hypothetical protein B9J08_02180 [Candidozyma auris]
B9J08_000222	B9J08_02181	True	100	100	100	1120	100	100	100	1120	KAK8440883.1	KAK8440883.1 hypothetical protein B9J08_02181 [Candidozyma auris]
B9J08_000223		False	100	100	100	794						KAK8440884.1 GTP-binding protein YchF [Candidozyma auris]
B9J08_000224	B9J08_02183	True	100	100	100	498	100	100	100	498	KAK8440885.1	KAK8440885.1 hypothetical protein B9J08_02183 [Candidozyma auris]
B9J08_000225	B9J08_02184	True	100	100	100	511	100	100	100	511	KAK8440886.1	KAK8440886.1 hypothetical protein B9J08_02184 [Candidozyma auris]
B9J08_000226	B9J08_02185	True	100	100	100	734	100	100	100	734	KAK8440887.1	KAK8440887.1 hypothetical protein B9J08_02185 [Candidozyma auris]
B9J08_000227	B9J08_02186	True	100	100	100	268	100	100	100	268	KAK8440888.1	KAK8440888.1 hypothetical protein B9J08_02186 [Candidozyma auris]
B9J08_000228	B9J08_02187	True	100	100	100	2547	100	100	100	2547	KAK8440889.1	KAK8440889.1 hypothetical protein B9J08_02187 [Candidozyma auris]
B9J08_000229		False	100	100	100	706						KAK8440890.1 3-isopropylmalate dehydrogenase [Candidozyma auris]
B9J08_000230		False	100	100	100	906						KAK8440891.1 cysteine desulfurase, mitochondrial [Candidozyma auris]
B9J08_000231	B9J08_02190	True	100	100	100	545	100	100	100	545	KAK8440892.1	KAK8440892.1 hypothetical protein B9J08_02190 [Candidozyma auris]
B9J08_000232	B9J08_02191	True	100	100	100	756	100	100	100	756	KAK8440893.1	KAK8440893.1 hypothetical protein B9J08_02191 [Candidozyma auris]
B9J08_000233	B9J08_02192	True	100	100	100	486	100	100	100	486	KAK8440894.1	KAK8440894.1 hypothetical protein B9J08_02192 [Candidozyma auris]
B9J08_000234	B9J08_02193	True	100	100	100	1519	100	100	100	1519	KAK8440895.1	KAK8440895.1 hypothetical protein B9J08_02193 [Candidozyma auris]
B9J08_000235	B9J08_02194	True	100	100	100	537	100	100	100	537	KAK8440896.1	KAK8440896.1 hypothetical protein B9J08_02194 [Candidozyma auris]
B9J08_000236	B9J08_02195	True	100	100	100	624	100	100	100	624	KAK8440897.1	KAK8440897.1 hypothetical protein B9J08_02195 [Candidozyma auris]
B9J08_000237	B9J08_02196	True	100	100	100	1160	100	100	100	1160	KAK8440898.1	KAK8440898.1 hypothetical protein B9J08_02196 [Candidozyma auris]
B9J08_000238	B9J08_02197	True	100	100	100	312	100	100	100	312	KAK8440899.1	KAK8440899.1 hypothetical protein B9J08_02197 [Candidozyma auris]
B9J08_000239	B9J08_02198	True	100	100	100	414	100	100	100	414	KAK8440900.1	KAK8440900.1 hypothetical protein B9J08_02198 [Candidozyma auris]
B9J08_000240	B9J08_02199	True	100	100	100	657	100	100	100	657	KAK8440901.1	KAK8440901.1 hypothetical protein B9J08_02199 [Candidozyma auris]
B9J08_000241	B9J08_02200	True	100	100	100	1051	100	100	100	1051	KAK8440902.1	KAK8440902.1 hypothetical protein B9J08_02200 [Candidozyma auris]
B9J08_000242	B9J08_02201	True	100	100	100	833	100	100	100	833	KAK8440903.1	KAK8440903.1 hypothetical protein B9J08_02201 [Candidozyma auris]
B9J08_000243	B9J08_02202	True	100	100	100	420	100	100	100	420	KAK8440904.1	KAK8440904.1 hypothetical protein B9J08_02202 [Candidozyma auris]
B9J08_000244	B9J08_02203	True	100	100	100	1249	100	100	100	1249	KAK8440905.1	KAK8440905.1 hypothetical protein B9J08_02203 [Candidozyma auris]
B9J08_000245	B9J08_02204	True	100	100	100	1062	100	100	100	1062	KAK8440906.1	KAK8440906.1 hypothetical protein B9J08_02204 [Candidozyma auris]
B9J08_000246	B9J08_02205	True	100	100	100	1253	100	100	100	1253	KAK8440907.1	KAK8440907.1 hypothetical protein B9J08_02205 [Candidozyma auris]
B9J08_000247	B9J08_02206	True	100	100	100	457	100	100	100	457	KAK8440908.1	KAK8440908.1 hypothetical protein B9J08_02206 [Candidozyma auris]
B9J08_000248	B9J08_02207	True	100	100	100	760	100	100	100	760	KAK8440909.1	KAK8440909.1 hypothetical protein B9J08_02207 [Candidozyma auris]
B9J08_000249	B9J08_02208	True	100	100	100	804	100	100	100	804	KAK8440910.1	KAK8440910.1 hypothetical protein B9J08_02208 [Candidozyma auris]
B9J08_000250	B9J08_02209	True	100	100	100	907	100	100	100	907	KAK8440911.1	KAK8440911.1 hypothetical protein B9J08_02209 [Candidozyma auris]
B9J08_000251	B9J08_02210	True	100	100	100	926	100	100	100	926	KAK8440912.1	KAK8440912.1 hypothetical protein B9J08_02210 [Candidozyma auris]
B9J08_000252	B9J08_02211	True	100	100	100	606	100	100	100	606	KAK8440913.1	KAK8440913.1 hypothetical protein B9J08_02211 [Candidozyma auris]
B9J08_000253	B9J08_02212	True	100	100	100	892	100	100	100	892	KAK8440914.1	KAK8440914.1 hypothetical protein B9J08_02212 [Candidozyma auris]
B9J08_000254		False	100	100	100	258						KAK8440915.1 40S ribosomal protein S17-B [Candidozyma auris]
B9J08_000255		False	100	100	100	884						KAK8440916.1 transcriptional adapter 2 [Candidozyma auris]
B9J08_000256	B9J08_02215	True	100	100	100	577	100	100	100	577	KAK8440917.1	KAK8440917.1 hypothetical protein B9J08_02215 [Candidozyma auris]
B9J08_000257	B9J08_02216	True	100	100	100	763	100	100	100	763	KAK8440918.1	KAK8440918.1 hypothetical protein B9J08_02216 [Candidozyma auris]
B9J08_000258	B9J08_02217	True	100	100	100	293	100	100	100	293	KAK8440919.1	KAK8440919.1 hypothetical protein B9J08_02217 [Candidozyma auris]
B9J08_000259	B9J08_02218	True	100	100	100	363	100	100	100	363	KAK8440920.1	KAK8440920.1 hypothetical protein B9J08_02218 [Candidozyma auris]
B9J08_000260	B9J08_02219	True	100	100	100	1219	100	100	100	1219	KAK8440921.1	KAK8440921.1 hypothetical protein B9J08_02219 [Candidozyma auris]
B9J08_000261	B9J08_02220	True	100	100	100	1009	100	100	100	1009	KAK8440922.1	KAK8440922.1 hypothetical protein B9J08_02220 [Candidozyma auris]
B9J08_000262		False	100	100	100	759						KAK8440923.1 calcium/proton exchanger [Candidozyma auris]
B9J08_000263	B9J08_02222	True	100	100	100	534	100	100	100	534	KAK8440924.1	KAK8440924.1 hypothetical protein B9J08_02222 [Candidozyma auris]
B9J08_000264		False	100	100	100	1056						KAK8440925.1 T-complex protein 1 subunit alpha [Candidozyma auris]
B9J08_000266	B9J08_02225	True	100	100	100	658	100	100	100	658	KAK8440926.1	KAK8440926.1 hypothetical protein B9J08_02225 [Candidozyma auris]
B9J08_000267	B9J08_02226	True	100	100	100	817	100	100	100	817	KAK8440927.1	KAK8440927.1 hypothetical protein B9J08_02226 [Candidozyma auris]
B9J08_000268	B9J08_02227	True	100	100	100	383	100	100	100	383	KAK8440928.1	KAK8440928.1 hypothetical protein B9J08_02227 [Candidozyma auris]
B9J08_000269		False	100	100	100	392						KAK8440929.1 cell division control protein 42 [Candidozyma auris]
B9J08_000270	B9J08_02229	True	100	100	100	1066	100	100	100	1066	KAK8440930.1	KAK8440930.1 hypothetical protein B9J08_02229 [Candidozyma auris]
B9J08_000271	B9J08_02230	True	100	100	100	287	100	100	100	287	KAK8440931.1	KAK8440931.1 hypothetical protein B9J08_02230 [Candidozyma auris]
B9J08_000272		False	100	100	100	351						KAK8440932.1 clathrin-associated protein AP-3 complex component APS3 [Candidozyma auris]
B9J08_000273		False	100	100	100	923						KAK8440933.1 kynureninase [Candidozyma auris]
B9J08_000274		False	100	100	100	850						KAK8440934.1 enolase 2 [Candidozyma auris]
B9J08_000275	B9J08_02234	True	100	100	100	548	100	100	100	548	KAK8440935.1	KAK8440935.1 hypothetical protein B9J08_02234 [Candidozyma auris]
B9J08_000276		False	100	100	100	1264						KAK8440936.1 chaperone DnaK [Candidozyma auris]
B9J08_000277	B9J08_02236	True	100	100	100	996	100	100	100	996	KAK8440937.1	KAK8440937.1 hypothetical protein B9J08_02236 [Candidozyma auris]
B9J08_000278	B9J08_02237	True	100	100	100	575	100	100	100	575	KAK8440938.1	KAK8440938.1 hypothetical protein B9J08_02237 [Candidozyma auris]
B9J08_000279	B9J08_02238	True	100	100	100	323	100	100	100	323	KAK8440939.1	KAK8440939.1 hypothetical protein B9J08_02238 [Candidozyma auris]
B9J08_000280	B9J08_02239	True	100	100	100	288	100	100	100	288	KAK8440940.1	KAK8440940.1 hypothetical protein B9J08_02239 [Candidozyma auris]
B9J08_000281	B9J08_02240	True	100	100	100	850	100	100	100	850	KAK8440941.1	KAK8440941.1 hypothetical protein B9J08_02240 [Candidozyma auris]
B9J08_000282	B9J08_02241	True	100	100	100	742	100	100	100	742	KAK8440942.1	KAK8440942.1 hypothetical protein B9J08_02241 [Candidozyma auris]
B9J08_000283		False	100	100	100	294						KAK8440943.1 secondary thiamine-phosphate synthase enzyme [Candidozyma auris]
B9J08_000284	B9J08_02243	True	100	100	100	941	100	100	100	941	KAK8440944.1	KAK8440944.1 hypothetical protein B9J08_02243 [Candidozyma auris]
B9J08_000285	B9J08_02244	True	100	100	100	832	100	100	100	832	KAK8440945.1	KAK8440945.1 hypothetical protein B9J08_02244 [Candidozyma auris]
B9J08_000286	B9J08_02245	True	100	100	100	1768	100	100	100	1768	KAK8440946.1	KAK8440946.1 hypothetical protein B9J08_02245 [Candidozyma auris]
B9J08_000287	B9J08_02246	True	100	100	100	619	100	100	100	619	KAK8440947.1	KAK8440947.1 hypothetical protein B9J08_02246 [Candidozyma auris]
B9J08_000288	B9J08_02247	True	100	100	100	2154	100	100	100	2154	KAK8440948.1	KAK8440948.1 hypothetical protein B9J08_02247 [Candidozyma auris]
B9J08_000289	B9J08_02248	True	100	100	100	1966	100	100	100	1966	KAK8440949.1	KAK8440949.1 hypothetical protein B9J08_02248 [Candidozyma auris]
B9J08_000290	B9J08_02249	True	100	100	100	2738	100	100	100	2738	KAK8440950.1	KAK8440950.1 hypothetical protein B9J08_02249 [Candidozyma auris]
B9J08_000291	B9J08_02250	True	100	100	100	1226	100	100	100	1226	KAK8440951.1	KAK8440951.1 hypothetical protein B9J08_02250 [Candidozyma auris]
B9J08_000292	B9J08_02251	True	100	100	100	389	100	100	100	389	KAK8440952.1	KAK8440952.1 hypothetical protein B9J08_02251 [Candidozyma auris]
B9J08_000293	B9J08_02252	True	100	100	100	268	100	100	100	268	KAK8440953.1	KAK8440953.1 hypothetical protein B9J08_02252 [Candidozyma auris]
B9J08_000294	B9J08_02253	True	100	100	100	271	100	100	100	271	KAK8440954.1	KAK8440954.1 hypothetical protein B9J08_02253 [Candidozyma auris]
B9J08_000295	B9J08_02254	True	100	100	100	231	100	100	100	231	KAK8440955.1	KAK8440955.1 hypothetical protein B9J08_02254 [Candidozyma auris]
B9J08_000296	B9J08_02255	True	100	100	100	1647	100	100	100	1647	KAK8440956.1	KAK8440956.1 hypothetical protein B9J08_02255 [Candidozyma auris]
B9J08_000297	B9J08_02256	True	100	100	100	526	100	100	100	526	KAK8440957.1	KAK8440957.1 hypothetical protein B9J08_02256 [Candidozyma auris]
B9J08_000298	B9J08_02257	True	100	100	100	447	100	100	100	447	KAK8440958.1	KAK8440958.1 hypothetical protein B9J08_02257 [Candidozyma auris]
B9J08_000299	B9J08_02258	True	100	100	100	1668	100	100	100	1668	KAK8440959.1	KAK8440959.1 hypothetical protein B9J08_02258 [Candidozyma auris]
B9J08_000301	B9J08_02259	True	100	100	100	962	100	100	100	962	KAK8440960.1	KAK8440960.1 hypothetical protein B9J08_02259 [Candidozyma auris]
B9J08_000302	B9J08_02260	True	100	100	100	238	100	100	100	238	KAK8440961.1	KAK8440961.1 hypothetical protein B9J08_02260 [Candidozyma auris]
B9J08_000303	B9J08_02261	True	100	100	100	869	100	100	100	869	KAK8440962.1	KAK8440962.1 hypothetical protein B9J08_02261 [Candidozyma auris]
B9J08_000306	B9J08_02264	True	100	100	100	748	100	100	100	748	KAK8440963.1	KAK8440963.1 hypothetical protein B9J08_02264 [Candidozyma auris]
B9J08_000307	B9J08_02265	True	100	100	100	1304	100	100	100	1304	KAK8440964.1	KAK8440964.1 hypothetical protein B9J08_02265 [Candidozyma auris]
B9J08_000308	B9J08_02266	True	100	100	100	763	100	100	100	763	KAK8440965.1	KAK8440965.1 hypothetical protein B9J08_02266 [Candidozyma auris]
B9J08_000309	B9J08_02267	True	100	100	100	888	100	100	100	888	KAK8440966.1	KAK8440966.1 hypothetical protein B9J08_02267 [Candidozyma auris]
B9J08_000310	B9J08_02268	True	100	100	100	739	100	100	100	739	KAK8440967.1	KAK8440967.1 hypothetical protein B9J08_02268 [Candidozyma auris]
B9J08_000311	B9J08_02269	True	100	100	100	566	100	100	100	566	KAK8440968.1	KAK8440968.1 hypothetical protein B9J08_02269 [Candidozyma auris]
B9J08_000312	B9J08_02270	True	100	100	100	2726	100	100	100	2726	KAK8440969.1	KAK8440969.1 hypothetical protein B9J08_02270 [Candidozyma auris]
B9J08_000313	B9J08_02271	True	100	100	100	777	100	100	100	777	KAK8440970.1	KAK8440970.1 hypothetical protein B9J08_02271 [Candidozyma auris]
B9J08_000314	B9J08_02272	True	100	100	100	1154	100	100	100	1154	KAK8440971.1	KAK8440971.1 hypothetical protein B9J08_02272 [Candidozyma auris]
B9J08_000315	B9J08_02273	True	100	100	100	914	100	100	100	914	KAK8440972.1	KAK8440972.1 hypothetical protein B9J08_02273 [Candidozyma auris]
B9J08_000316	B9J08_02274	True	100	100	100	919	100	100	100	919	KAK8440973.1	KAK8440973.1 hypothetical protein B9J08_02274 [Candidozyma auris]
B9J08_000317	B9J08_02275	True	100	100	100	1142	100	100	100	1142	KAK8440974.1	KAK8440974.1 hypothetical protein B9J08_02275 [Candidozyma auris]
B9J08_000319		False	100	100	100	731						KAK8440975.1 adenosine deaminase [Candidozyma auris]
B9J08_000320		False	100	100	100	909						KAK8440976.1 D-3-phosphoglycerate dehydrogenase 1 [Candidozyma auris]
B9J08_000321	B9J08_02279	True	100	100	100	1285	100	100	100	1285	KAK8440977.1	KAK8440977.1 hypothetical protein B9J08_02279 [Candidozyma auris]
B9J08_000322	B9J08_02280	True	100	100	100	231	100	100	100	231	KAK8440978.1	KAK8440978.1 hypothetical protein B9J08_02280 [Candidozyma auris]
B9J08_000323	B9J08_02281	True	100	100	100	1718	100	100	100	1718	KAK8440979.1	KAK8440979.1 hypothetical protein B9J08_02281 [Candidozyma auris]
B9J08_000324	B9J08_02282	True	100	100	100	972	100	100	100	972	KAK8440980.1	KAK8440980.1 hypothetical protein B9J08_02282 [Candidozyma auris]
B9J08_000325	B9J08_02283	True	100	100	100	2013	100	100	100	2013	KAK8440981.1	KAK8440981.1 hypothetical protein B9J08_02283 [Candidozyma auris]
B9J08_000326		False	100	100	100	1046						KAK8440982.1 protoporphyrinogen oxidase [Candidozyma auris]
B9J08_000327	B9J08_02285	True	100	100	100	225	100	100	100	225	KAK8440983.1	KAK8440983.1 hypothetical protein B9J08_02285 [Candidozyma auris]
B9J08_000328		False	100	100	100	760						KAK8440984.1 peptide chain release factor 1 [Candidozyma auris]
B9J08_000330	B9J08_02288	True	100	100	100	342	100	100	100	342	KAK8440986.1	KAK8440986.1 hypothetical protein B9J08_02288 [Candidozyma auris]
B9J08_000331	B9J08_02289	True	100	100	100	799	100	100	100	799	KAK8440987.1	KAK8440987.1 hypothetical protein B9J08_02289 [Candidozyma auris]
B9J08_000332	B9J08_02290	True	100	100	100	1533	100	100	100	1533	KAK8440988.1	KAK8440988.1 hypothetical protein B9J08_02290 [Candidozyma auris]
B9J08_000333	B9J08_02291	True	100	100	100	400	100	100	100	400	KAK8440989.1	KAK8440989.1 hypothetical protein B9J08_02291 [Candidozyma auris]
B9J08_000334	B9J08_02292	True	100	100	100	635	100	100	100	635	KAK8440990.1	KAK8440990.1 hypothetical protein B9J08_02292 [Candidozyma auris]
B9J08_000335	B9J08_02293	True	100	100	100	492	100	100	100	492	KAK8440991.1	KAK8440991.1 hypothetical protein B9J08_02293 [Candidozyma auris]
B9J08_000336	B9J08_02294	True	100	100	100	2486	100	100	100	2486	KAK8440992.1	KAK8440992.1 hypothetical protein B9J08_02294 [Candidozyma auris]
B9J08_000337	B9J08_02295	True	100	100	100	406	100	100	100	406	KAK8440993.1	KAK8440993.1 hypothetical protein B9J08_02295 [Candidozyma auris]
B9J08_000338	B9J08_02296	True	100	100	100	2409	100	100	100	2409	KAK8440994.1	KAK8440994.1 hypothetical protein B9J08_02296 [Candidozyma auris]
B9J08_000339	B9J08_02297	True	100	100	100	298	100	100	100	298	KAK8440995.1	KAK8440995.1 hypothetical protein B9J08_02297 [Candidozyma auris]
B9J08_000340	B9J08_02298	True	100	100	100	1734	100	100	100	1734	KAK8440996.1	KAK8440996.1 hypothetical protein B9J08_02298 [Candidozyma auris]
B9J08_000341	B9J08_02299	True	100	100	100	872	100	100	100	872	KAK8440997.1	KAK8440997.1 hypothetical protein B9J08_02299 [Candidozyma auris]
B9J08_000342	B9J08_02300	True	100	100	100	567	100	100	100	567	KAK8440998.1	KAK8440998.1 hypothetical protein B9J08_02300 [Candidozyma auris]
B9J08_000343	B9J08_02301	True	100	100	100	335	100	100	100	335	KAK8440999.1	KAK8440999.1 hypothetical protein B9J08_02301 [Candidozyma auris]
B9J08_000344	B9J08_02302	True	100	100	100	387	100	100	100	387	KAK8441000.1	KAK8441000.1 hypothetical protein B9J08_02302 [Candidozyma auris]
B9J08_000345	B9J08_02303	True	100	100	100	434	100	100	100	434	KAK8441001.1	KAK8441001.1 hypothetical protein B9J08_02303 [Candidozyma auris]
B9J08_000346		False	100	100	100	300						KAK8441002.1 60S ribosomal protein L28 [Candidozyma auris]
B9J08_000347	B9J08_02305	True	100	100	100	950	100	100	100	950	KAK8441003.1	KAK8441003.1 hypothetical protein B9J08_02305 [Candidozyma auris]
B9J08_000348	B9J08_02306	True	100	100	100	1060	100	100	100	1060	KAK8441004.1	KAK8441004.1 hypothetical protein B9J08_02306 [Candidozyma auris]
B9J08_000349	B9J08_02307	True	100	100	100	601	100	100	100	601	KAK8441005.1	KAK8441005.1 hypothetical protein B9J08_02307 [Candidozyma auris]
B9J08_000350	B9J08_02308	True	100	100	100	704	100	100	100	704	KAK8441006.1	KAK8441006.1 hypothetical protein B9J08_02308 [Candidozyma auris]
B9J08_000351		False	100	100	100	631						KAK8441007.1 methionine-tRNA ligase, beta subunit [Candidozyma auris]
B9J08_000352	B9J08_02310	True	100	100	100	600	100	100	100	600	KAK8441008.1	KAK8441008.1 hypothetical protein B9J08_02310 [Candidozyma auris]
B9J08_000353		False	100	100	100	725						KAK8441009.1 mRNA surveillance protein pelota [Candidozyma auris]
B9J08_000354	B9J08_02312	True	100	100	100	286	100	100	100	286	KAK8441010.1	KAK8441010.1 hypothetical protein B9J08_02312 [Candidozyma auris]
B9J08_000355	B9J08_02313	True	100	100	100	1753	100	100	100	1753	KAK8441011.1	KAK8441011.1 hypothetical protein B9J08_02313 [Candidozyma auris]
B9J08_000356		False	100	100	100	1043						KAK8441012.1 glutamate-tRNA ligase [Candidozyma auris]
B9J08_000357	B9J08_02315	True	100	100	100	252	100	100	100	252	KAK8441013.1	KAK8441013.1 hypothetical protein B9J08_02315 [Candidozyma auris]
B9J08_000358	B9J08_02316	True	100	100	100	620	100	100	100	620	KAK8441014.1	KAK8441014.1 hypothetical protein B9J08_02316 [Candidozyma auris]
B9J08_000359	B9J08_02317	True	100	100	100	274	100	100	100	274	KAK8441015.1	KAK8441015.1 hypothetical protein B9J08_02317 [Candidozyma auris]
B9J08_000360	B9J08_02318	True	100	100	100	497	100	100	100	497	KAK8441016.1	KAK8441016.1 hypothetical protein B9J08_02318 [Candidozyma auris]
B9J08_000361	B9J08_02319	True	100	100	100	278	100	100	100	278	KAK8441017.1	KAK8441017.1 hypothetical protein B9J08_02319 [Candidozyma auris]
B9J08_000362	B9J08_02320	True	100	100	100	454	100	100	100	454	KAK8441018.1	KAK8441018.1 hypothetical protein B9J08_02320 [Candidozyma auris]
B9J08_000363	B9J08_02321	True	100	100	100	540	100	100	100	540	KAK8441019.1	KAK8441019.1 hypothetical protein B9J08_02321 [Candidozyma auris]
B9J08_000364	B9J08_02322	True	100	100	100	1972	100	100	100	1972	KAK8441020.1	KAK8441020.1 hypothetical protein B9J08_02322 [Candidozyma auris]
B9J08_000365	B9J08_02323	True	100	100	100	1087	100	100	100	1087	KAK8441021.1	KAK8441021.1 hypothetical protein B9J08_02323 [Candidozyma auris]
B9J08_000366	B9J08_02324	True	100	100	100	248	100	100	100	248	KAK8441022.1	KAK8441022.1 hypothetical protein B9J08_02324 [Candidozyma auris]
B9J08_000367		False	100	100	100	647						KAK8441023.1 methylsterol monooxygenase [Candidozyma auris]
B9J08_000368	B9J08_02326	True	100	100	100	1266	100	100	100	1266	KAK8441024.1	KAK8441024.1 hypothetical protein B9J08_02326 [Candidozyma auris]
B9J08_000369	B9J08_02327	True	100	100	100	215	100	100	100	215	KAK8441025.1	KAK8441025.1 hypothetical protein B9J08_02327 [Candidozyma auris]
B9J08_000370		False	100	100	100	563						KAK8441026.1 D-arabinitol 2-dehydrogenase (ribulose-forming) [Candidozyma auris]
B9J08_000371		False	100	100	100	638						KAK8441027.1 GTP-binding protein GTR2 [Candidozyma auris]
B9J08_000372	B9J08_02330	True	100	100	100	910	100	100	100	910	KAK8441028.1	KAK8441028.1 hypothetical protein B9J08_02330 [Candidozyma auris]
B9J08_000373	B9J08_02331	True	100	100	100	900	100	100	100	900	KAK8441029.1	KAK8441029.1 hypothetical protein B9J08_02331 [Candidozyma auris]
B9J08_000374	B9J08_02332	True	100	100	100	840	100	100	100	840	KAK8441030.1	KAK8441030.1 hypothetical protein B9J08_02332 [Candidozyma auris]
B9J08_000375	B9J08_02333	True	100	100	100	244	100	100	100	244	KAK8441031.1	KAK8441031.1 hypothetical protein B9J08_02333 [Candidozyma auris]
B9J08_000376	B9J08_02334	True	100	100	100	1437	100	100	100	1437	KAK8441032.1	KAK8441032.1 hypothetical protein B9J08_02334 [Candidozyma auris]
B9J08_000377		False	100	100	100	374						KAK8441033.1 peptidyl-tRNA hydrolase [Candidozyma auris]
B9J08_000378	B9J08_02336	True	100	100	100	936	100	100	100	936	KAK8441034.1	KAK8441034.1 hypothetical protein B9J08_02336 [Candidozyma auris]
B9J08_000379		False	100	100	100	1014						KAK8441035.1 anthranilate synthase component I [Candidozyma auris]
B9J08_000380	B9J08_02338	True	100	100	100	2014	100	100	100	2014	KAK8441036.1	KAK8441036.1 hypothetical protein B9J08_02338 [Candidozyma auris]
B9J08_000381	B9J08_02339	True	100	100	100	729	100	100	100	729	KAK8441037.1	KAK8441037.1 hypothetical protein B9J08_02339 [Candidozyma auris]
B9J08_000382		False	100	100	100	1513						KAK8441038.1 5-methyltetrahydropteroyltriglutamate-homocysteine methyltransferase [Candidozyma auris]
B9J08_000383	B9J08_02341	True	100	100	100	746	100	100	100	746	KAK8441039.1	KAK8441039.1 hypothetical protein B9J08_02341 [Candidozyma auris]
B9J08_000384	B9J08_02342	True	100	100	100	996	100	100	100	996	KAK8441040.1	KAK8441040.1 hypothetical protein B9J08_02342 [Candidozyma auris]
B9J08_000385	B9J08_02343	True	100	100	100	1176	100	100	100	1176	KAK8441041.1	KAK8441041.1 hypothetical protein B9J08_02343 [Candidozyma auris]
B9J08_000388	B9J08_02346	True	100	100	100	1078	100	100	100	1078	KAK8441042.1	KAK8441042.1 hypothetical protein B9J08_02346 [Candidozyma auris]
B9J08_000389	B9J08_02347	True	100	100	100	570	100	100	100	570	KAK8441043.1	KAK8441043.1 hypothetical protein B9J08_02347 [Candidozyma auris]
B9J08_000390	B9J08_02348	True	100	100	100	799	100	100	100	799	KAK8441044.1	KAK8441044.1 hypothetical protein B9J08_02348 [Candidozyma auris]
B9J08_000391	B9J08_02349	True	100	100	100	397	100	100	100	397	KAK8441045.1	KAK8441045.1 hypothetical protein B9J08_02349 [Candidozyma auris]
B9J08_000392	B9J08_02350	True	100	100	100	834	100	100	100	834	KAK8441046.1	KAK8441046.1 hypothetical protein B9J08_02350 [Candidozyma auris]
B9J08_000393	B9J08_02351	True	100	100	100	507	100	100	100	507	KAK8441047.1	KAK8441047.1 hypothetical protein B9J08_02351 [Candidozyma auris]
B9J08_000394	B9J08_02352	True	100	100	100	350	100	100	100	350	KAK8441048.1	KAK8441048.1 hypothetical protein B9J08_02352 [Candidozyma auris]
B9J08_000395	B9J08_02353	True	100	100	100	1895	100	100	100	1895	KAK8441049.1	KAK8441049.1 hypothetical protein B9J08_02353 [Candidozyma auris]
B9J08_000396	B9J08_02354	True	100	100	100	1814	100	100	100	1814	KAK8441050.1	KAK8441050.1 hypothetical protein B9J08_02354 [Candidozyma auris]
B9J08_000397	B9J08_02355	True	100	100	100	451	100	100	100	451	KAK8441051.1	KAK8441051.1 hypothetical protein B9J08_02355 [Candidozyma auris]
B9J08_000398	B9J08_02356	True	100	100	100	1077	100	100	100	1077	KAK8441052.1	KAK8441052.1 hypothetical protein B9J08_02356 [Candidozyma auris]
B9J08_000399	B9J08_02357	True	100	100	100	1122	100	100	100	1122	KAK8441053.1	KAK8441053.1 hypothetical protein B9J08_02357 [Candidozyma auris]
B9J08_000400	B9J08_02358	True	100	100	100	933	100	100	100	933	KAK8441054.1	KAK8441054.1 hypothetical protein B9J08_02358 [Candidozyma auris]
B9J08_000401	B9J08_02359	True	100	100	100	768	100	100	100	768	KAK8441055.1	KAK8441055.1 hypothetical protein B9J08_02359 [Candidozyma auris]
B9J08_000402	B9J08_02360	True	100	95.5	95.5	502	100	95.5	95.5	502	KAK8441056.1	KAK8441056.1 hypothetical protein B9J08_02360 [Candidozyma auris]
B9J08_000403	B9J08_02361	True	100	100	100	448	100	100	100	448	KAK8441057.1	KAK8441057.1 hypothetical protein B9J08_02361 [Candidozyma auris]
B9J08_000404	B9J08_02362	True	100	100	100	736	100	100	100	736	KAK8441058.1	KAK8441058.1 hypothetical protein B9J08_02362 [Candidozyma auris]
B9J08_000405	B9J08_02363	True	100	100	100	1594	100	100	100	1594	KAK8441059.1	KAK8441059.1 hypothetical protein B9J08_02363 [Candidozyma auris]
B9J08_000406	B9J08_02364	True	100	100	100	696	100	100	100	696	KAK8441060.1	KAK8441060.1 hypothetical protein B9J08_02364 [Candidozyma auris]
B9J08_000407	B9J08_02365	True	100	100	100	466	100	100	100	466	KAK8441061.1	KAK8441061.1 hypothetical protein B9J08_02365 [Candidozyma auris]
B9J08_000408	B9J08_02366	True	100	100	100	2841	100	100	100	2841	KAK8441062.1	KAK8441062.1 hypothetical protein B9J08_02366 [Candidozyma auris]
B9J08_000409		False	100	100	100	1254						KAK8441063.1 methylenetetrahydrofolate reductase [Candidozyma auris]
B9J08_000410	B9J08_02368	True	100	100	100	609	100	100	100	609	KAK8441064.1	KAK8441064.1 hypothetical protein B9J08_02368 [Candidozyma auris]
B9J08_000411	B9J08_02369	True	100	100	100	446	100	100	100	446	KAK8441065.1	KAK8441065.1 hypothetical protein B9J08_02369 [Candidozyma auris]
B9J08_000412	B9J08_02370	True	100	100	100	867	100	100	100	867	KAK8441066.1	KAK8441066.1 hypothetical protein B9J08_02370 [Candidozyma auris]
B9J08_000413	B9J08_02371	True	100	100	100	224	100	100	100	224	KAK8441067.1	KAK8441067.1 hypothetical protein B9J08_02371 [Candidozyma auris]
B9J08_000414	B9J08_02372	True	100	100	100	1997	100	100	100	1997	KAK8441068.1	KAK8441068.1 hypothetical protein B9J08_02372 [Candidozyma auris]
B9J08_000415	B9J08_02373	True	100	100	100	1132	100	100	100	1132	KAK8441069.1	KAK8441069.1 hypothetical protein B9J08_02373 [Candidozyma auris]
B9J08_000417	B9J08_02375	True	100	100	100	1501	100	100	100	1501	KAK8441070.1	KAK8441070.1 hypothetical protein B9J08_02375 [Candidozyma auris]
B9J08_000418	B9J08_02376	True	100	100	100	1402	100	100	100	1402	KAK8441071.1	KAK8441071.1 hypothetical protein B9J08_02376 [Candidozyma auris]
B9J08_000419	B9J08_02377	True	100	100	100	1315	100	100	100	1315	KAK8441072.1	KAK8441072.1 hypothetical protein B9J08_02377 [Candidozyma auris]
B9J08_000420	B9J08_02378	True	100	100	100	727	100	100	100	727	KAK8441073.1	KAK8441073.1 hypothetical protein B9J08_02378 [Candidozyma auris]
B9J08_000421	B9J08_02379	True	100	100	100	1001	100	100	100	1001	KAK8441074.1	KAK8441074.1 hypothetical protein B9J08_02379 [Candidozyma auris]
B9J08_000422	B9J08_02380	True	100	100	100	902	100	100	100	902	KAK8441075.1	KAK8441075.1 hypothetical protein B9J08_02380 [Candidozyma auris]
B9J08_000423	B9J08_02381	True	100	100	100	602	100	100	100	602	KAK8441076.1	KAK8441076.1 hypothetical protein B9J08_02381 [Candidozyma auris]
B9J08_000424		False	100	100	100	530						KAK8441077.1 cytochrome c heme lyase [Candidozyma auris]
B9J08_000425	B9J08_02383	True	100	100	100	1387	100	100	100	1387	KAK8441078.1	KAK8441078.1 hypothetical protein B9J08_02383 [Candidozyma auris]
B9J08_000427	B9J08_02385	True	100	100	100	473	100	100	100	473	KAK8441079.1	KAK8441079.1 hypothetical protein B9J08_02385 [Candidozyma auris]
B9J08_000428		False	100	100	100	791						KAK8441080.1 tRNA pseudouridine(55) synthase [Candidozyma auris]
B9J08_000429	B9J08_02387	True	100	100	100	729	100	100	100	729	KAK8441081.1	KAK8441081.1 hypothetical protein B9J08_02387 [Candidozyma auris]
B9J08_000430	B9J08_02388	True	100	100	100	320	100	100	100	320	KAK8441082.1	KAK8441082.1 hypothetical protein B9J08_02388 [Candidozyma auris]
B9J08_000431		False	100	100	100	1246						KAK8441083.1 vacuolar protein sorting-associated protein 1 [Candidozyma auris]
B9J08_000432	B9J08_02390	True	100	100	100	918	100	100	100	918	KAK8441084.1	KAK8441084.1 hypothetical protein B9J08_02390 [Candidozyma auris]
B9J08_000433		False	100	100	100	874						KAK8441085.1 S-adenosylmethionine decarboxylase proenzyme [Candidozyma auris]
B9J08_000434		False	100	100	100	599						KAK8441086.1 ADP,ATP carrier protein [Candidozyma auris]
B9J08_000435	B9J08_02393	True	100	100	100	2998	100	100	100	2998	KAK8441087.1	KAK8441087.1 hypothetical protein B9J08_02393 [Candidozyma auris]
B9J08_000436	B9J08_02394	True	100	100	100	760	100	100	100	760	KAK8441088.1	KAK8441088.1 hypothetical protein B9J08_02394 [Candidozyma auris]
B9J08_000437		False	100	100	100	302						KAK8441089.1 ubiquitin-conjugating enzyme E2 13 [Candidozyma auris]
B9J08_000438	B9J08_02396	True	100	100	100	486	100	100	100	486	KAK8441090.1	KAK8441090.1 hypothetical protein B9J08_02396 [Candidozyma auris]
B9J08_000439	B9J08_02397	True	100	100	100	181	100	100	100	181	KAK8441091.1	KAK8441091.1 hypothetical protein B9J08_02397 [Candidozyma auris]
B9J08_000440	B9J08_02398	True	100	100	100	678	100	100	100	678	KAK8441092.1	KAK8441092.1 hypothetical protein B9J08_02398 [Candidozyma auris]
B9J08_000441	B9J08_02399	True	100	100	100	444	100	100	100	444	KAK8441093.1	KAK8441093.1 hypothetical protein B9J08_02399 [Candidozyma auris]
B9J08_000442	B9J08_02400	True	100	100	100	1748	100	100	100	1748	KAK8441094.1	KAK8441094.1 hypothetical protein B9J08_02400 [Candidozyma auris]
B9J08_000443	B9J08_02401	True	100	100	100	2201	100	100	100	2201	KAK8441095.1	KAK8441095.1 hypothetical protein B9J08_02401 [Candidozyma auris]
B9J08_000444		False	100	100	100	610						KAK8441096.1 SEC14 cytosolic factor [Candidozyma auris]
B9J08_000445	B9J08_02403	True	100	100	100	844	100	100	100	844	KAK8441097.1	KAK8441097.1 hypothetical protein B9J08_02403 [Candidozyma auris]
B9J08_000446	B9J08_02404	True	100	100	100	1680	100	100	100	1680	KAK8441098.1	KAK8441098.1 hypothetical protein B9J08_02404 [Candidozyma auris]
B9J08_000447	B9J08_02405	True	100	100	100	640	100	100	100	640	KAK8441099.1	KAK8441099.1 hypothetical protein B9J08_02405 [Candidozyma auris]
B9J08_000448	B9J08_02406	True	100	100	100	1062	100	100	100	1062	KAK8441100.1	KAK8441100.1 hypothetical protein B9J08_02406 [Candidozyma auris]
B9J08_000449	B9J08_02407	True	100	100	100	1115	100	100	100	1115	KAK8441101.1	KAK8441101.1 hypothetical protein B9J08_02407 [Candidozyma auris]
B9J08_000450	B9J08_02408	True	100	100	100	845	100	100	100	845	KAK8441102.1	KAK8441102.1 hypothetical protein B9J08_02408 [Candidozyma auris]
B9J08_000451	B9J08_02409	True	100	100	100	1575	100	100	100	1575	KAK8441103.1	KAK8441103.1 hypothetical protein B9J08_02409 [Candidozyma auris]
B9J08_000452	B9J08_02410	True	100	100	100	149	100	100	100	149	KAK8441104.1	KAK8441104.1 hypothetical protein B9J08_02410 [Candidozyma auris]
B9J08_000454	B9J08_02412	True	100	100	100	1306	100	100	100	1306	KAK8441105.1	KAK8441105.1 hypothetical protein B9J08_02412 [Candidozyma auris]
B9J08_000456	B9J08_02414	True	100	100	100	388	100	100	100	388	KAK8441106.1	KAK8441106.1 hypothetical protein B9J08_02414 [Candidozyma auris]
B9J08_000457	B9J08_02415	True	100	100	100	379	100	100	100	379	KAK8441107.1	KAK8441107.1 hypothetical protein B9J08_02415 [Candidozyma auris]
B9J08_000458		False	100	100	100	761						KAK8441108.1 extracellular signal-regulated kinase 1 [Candidozyma auris]
B9J08_000459	B9J08_02417	True	100	100	100	387	100	100	100	387	KAK8441109.1	KAK8441109.1 hypothetical protein B9J08_02417 [Candidozyma auris]
B9J08_000460	B9J08_02418	True	100	100	100	842	100	100	100	842	KAK8441110.1	KAK8441110.1 hypothetical protein B9J08_02418 [Candidozyma auris]
B9J08_000461		False	100	100	100	170						KAK8441111.1 40S ribosomal protein S27-B [Candidozyma auris]
B9J08_000462		False	100	100	100	681						KAK8441112.1 serine/threonine-protein phosphatase PP1 [Candidozyma auris]
B9J08_000463	B9J08_02421	True	100	100	100	377	100	100	100	377	KAK8441113.1	KAK8441113.1 hypothetical protein B9J08_02421 [Candidozyma auris]
B9J08_000464	B9J08_02422	True	100	100	100	539	100	100	100	539	KAK8441114.1	KAK8441114.1 hypothetical protein B9J08_02422 [Candidozyma auris]
B9J08_000465		False	100	100	100	758						KAK8441115.1 chorismate synthase [Candidozyma auris]
B9J08_000466	B9J08_02424	True	100	100	100	1126	100	100	100	1126	KAK8441116.1	KAK8441116.1 hypothetical protein B9J08_02424 [Candidozyma auris]
B9J08_000467	B9J08_02425	True	100	100	100	1399	100	100	100	1399	KAK8441117.1	KAK8441117.1 hypothetical protein B9J08_02425 [Candidozyma auris]
B9J08_000468	B9J08_02426	True	100	100	100	1142	100	100	100	1142	KAK8441118.1	KAK8441118.1 hypothetical protein B9J08_02426 [Candidozyma auris]
B9J08_000469	B9J08_02427	True	100	100	100	689	100	100	100	689	KAK8441119.1	KAK8441119.1 hypothetical protein B9J08_02427 [Candidozyma auris]
B9J08_000471	B9J08_02429	True	100	100	100	776	100	100	100	776	KAK8441120.1	KAK8441120.1 hypothetical protein B9J08_02429 [Candidozyma auris]
B9J08_000472	B9J08_02430	True	100	100	100	520	100	100	100	520	KAK8441121.1	KAK8441121.1 hypothetical protein B9J08_02430 [Candidozyma auris]
B9J08_000473	B9J08_02431	True	100	100	100	1442	100	100	100	1442	KAK8441122.1	KAK8441122.1 hypothetical protein B9J08_02431 [Candidozyma auris]
B9J08_000474	B9J08_02432	True	100	100	100	3741	100	100	100	3741	KAK8441123.1	KAK8441123.1 hypothetical protein B9J08_02432 [Candidozyma auris]
B9J08_000475		False	100	100	100	476						KAK8441124.1 eukaryotic translation initiation factor 6 [Candidozyma auris]
B9J08_000476	B9J08_02434	True	100	100	100	1624	100	100	100	1624	KAK8441125.1	KAK8441125.1 hypothetical protein B9J08_02434 [Candidozyma auris]
B9J08_000478	B9J08_02436	True	100	100	100	219	100	100	100	219	KAK8441126.1	KAK8441126.1 hypothetical protein B9J08_02436 [Candidozyma auris]
B9J08_000479	B9J08_02437	True	100	100	100	2916	100	100	100	2916	KAK8441127.1	KAK8441127.1 hypothetical protein B9J08_02437 [Candidozyma auris]
B9J08_000480		False	100	100	100	1544						KAK8441128.1 cell division control protein 48 [Candidozyma auris]
B9J08_000481	B9J08_02439	True	100	100	100	484	100	100	100	484	KAK8441129.1	KAK8441129.1 hypothetical protein B9J08_02439 [Candidozyma auris]
B9J08_000482	B9J08_02440	True	100	100	100	1276	100	100	100	1276	KAK8441130.1	KAK8441130.1 hypothetical protein B9J08_02440 [Candidozyma auris]
B9J08_000483		False	100	100	100	1199						KAK8441131.1 heat shock protein SSA1 [Candidozyma auris]
B9J08_000484		False	100	100	100	347						KAK8441132.1 glycine cleavage system H protein [Candidozyma auris]
B9J08_000485	B9J08_02443	True	100	100	100	209	100	100	100	209	KAK8441133.1	KAK8441133.1 hypothetical protein B9J08_02443 [Candidozyma auris]
B9J08_000486		False	100	100	100	754						KAK8441134.1 actin [Candidozyma auris]
B9J08_000487	B9J08_02445	True	100	100	100	1296	100	100	100	1296	KAK8441135.1	KAK8441135.1 hypothetical protein B9J08_02445 [Candidozyma auris]
B9J08_000488	B9J08_02446	True	100	100	100	1624	100	100	100	1624	KAK8441136.1	KAK8441136.1 hypothetical protein B9J08_02446 [Candidozyma auris]
B9J08_000489	B9J08_02447	True	100	100	100	859	100	100	100	859	KAK8441137.1	KAK8441137.1 hypothetical protein B9J08_02447 [Candidozyma auris]
B9J08_000490	B9J08_02448	True	100	100	100	654	100	100	100	654	KAK8441138.1	KAK8441138.1 hypothetical protein B9J08_02448 [Candidozyma auris]
B9J08_000491	B9J08_02449	True	100	100	100	1121	100	100	100	1121	KAK8441139.1	KAK8441139.1 hypothetical protein B9J08_02449 [Candidozyma auris]
B9J08_000492	B9J08_02450	True	100	100	100	2809	100	100	100	2809	KAK8441140.1	KAK8441140.1 hypothetical protein B9J08_02450 [Candidozyma auris]
B9J08_000493	B9J08_02451	True	100	100	100	199	100	100	100	199	KAK8441141.1	KAK8441141.1 hypothetical protein B9J08_02451 [Candidozyma auris]
B9J08_000494	B9J08_02452	True	100	100	100	1524	100	100	100	1524	KAK8441142.1	KAK8441142.1 hypothetical protein B9J08_02452 [Candidozyma auris]
B9J08_000495	B9J08_02453	True	100	100	100	1353	100	100	100	1353	KAK8441143.1	KAK8441143.1 hypothetical protein B9J08_02453 [Candidozyma auris]
B9J08_000496		False	100	100	100	926						KAK8441144.1 5-formyltetrahydrofolate cyclo-ligase [Candidozyma auris]
B9J08_000497	B9J08_02455	True	100	100	100	733	100	100	100	733	KAK8441145.1	KAK8441145.1 hypothetical protein B9J08_02455 [Candidozyma auris]
B9J08_000498		False	100	100	100	588						KAK8441146.1 inorganic pyrophosphatase [Candidozyma auris]
B9J08_000499	B9J08_02457	True	100	100	100	679	100	100	100	679	KAK8441147.1	KAK8441147.1 hypothetical protein B9J08_02457 [Candidozyma auris]
B9J08_000500	B9J08_02458	True	100	100	100	339	100	100	100	339	KAK8441148.1	KAK8441148.1 hypothetical protein B9J08_02458 [Candidozyma auris]
B9J08_000501	B9J08_02459	True	100	100	100	1711	100	100	100	1711	KAK8441149.1	KAK8441149.1 hypothetical protein B9J08_02459 [Candidozyma auris]
B9J08_000502	B9J08_02460	True	100	100	100	274	100	100	100	274	KAK8441150.1	KAK8441150.1 hypothetical protein B9J08_02460 [Candidozyma auris]
B9J08_000503	B9J08_02461	True	100	100	100	989	100	100	100	989	KAK8441151.1	KAK8441151.1 hypothetical protein B9J08_02461 [Candidozyma auris]
B9J08_000504	B9J08_02462	True	100	100	100	2356	100	100	100	2356	KAK8441152.1	KAK8441152.1 hypothetical protein B9J08_02462 [Candidozyma auris]
B9J08_000505	B9J08_02463	True	100	100	100	543	100	100	100	543	KAK8441153.1	KAK8441153.1 hypothetical protein B9J08_02463 [Candidozyma auris]
B9J08_000506		False	100	100	100	493						KAK8441154.1 V-type proton ATPase subunit D [Candidozyma auris]
B9J08_000507		False	100	100	100	1271						KAK8441155.1 succinate dehydrogenase [ubiquinone] flavoprotein subunit, mitochondrial [Candidozyma auris]
B9J08_000508	B9J08_02466	True	100	100	100	1519	100	100	100	1519	KAK8441156.1	KAK8441156.1 hypothetical protein B9J08_02466 [Candidozyma auris]
B9J08_000509	B9J08_02467	True	100	100	100	1477	100	100	100	1477	KAK8441157.1	KAK8441157.1 hypothetical protein B9J08_02467 [Candidozyma auris]
B9J08_000510	B9J08_02468	True	100	100	100	2559	100	100	100	2559	KAK8441158.1	KAK8441158.1 hypothetical protein B9J08_02468 [Candidozyma auris]
B9J08_000511	B9J08_02469	True	100	100	100	655	100	100	100	655	KAK8441159.1	KAK8441159.1 hypothetical protein B9J08_02469 [Candidozyma auris]
B9J08_000512	B9J08_02470	True	100	100	100	500	100	100	100	500	KAK8441160.1	KAK8441160.1 hypothetical protein B9J08_02470 [Candidozyma auris]
B9J08_000513	B9J08_02471	True	100	100	100	6103	100	100	100	6103	KAK8441161.1	KAK8441161.1 hypothetical protein B9J08_02471 [Candidozyma auris]
B9J08_000514	B9J08_02472	True	100	100	100	865	100	100	100	865	KAK8441162.1	KAK8441162.1 hypothetical protein B9J08_02472 [Candidozyma auris]
B9J08_000515	B9J08_02473	True	100	100	100	874	100	100	100	874	KAK8441163.1	KAK8441163.1 hypothetical protein B9J08_02473 [Candidozyma auris]
B9J08_000516	B9J08_02474	True	100	100	100	598	100	100	100	598	KAK8441164.1	KAK8441164.1 hypothetical protein B9J08_02474 [Candidozyma auris]
B9J08_000517	B9J08_02475	True	100	100	100	1273	100	100	100	1273	KAK8441165.1	KAK8441165.1 hypothetical protein B9J08_02475 [Candidozyma auris]
B9J08_000518	B9J08_02476	True	100	100	100	1053	100	100	100	1053	KAK8441166.1	KAK8441166.1 hypothetical protein B9J08_02476 [Candidozyma auris]
B9J08_000519	B9J08_02477	True	100	100	100	167	100	100	100	167	KAK8441167.1	KAK8441167.1 hypothetical protein B9J08_02477 [Candidozyma auris]
B9J08_000520	B9J08_02478	True	100	100	100	2108	100	100	100	2108	KAK8441168.1	KAK8441168.1 hypothetical protein B9J08_02478 [Candidozyma auris]
B9J08_000521	B9J08_02479	True	100	100	100	618	100	100	100	618	KAK8441169.1	KAK8441169.1 hypothetical protein B9J08_02479 [Candidozyma auris]
B9J08_000522		False	100	100	100	840						KAK8441170.1 serine-tRNA ligase [Candidozyma auris]
B9J08_000523	B9J08_02481	True	100	100	100	1534	100	100	100	1534	KAK8441171.1	KAK8441171.1 hypothetical protein B9J08_02481 [Candidozyma auris]
B9J08_000524	B9J08_02482	True	100	100	100	1580	100	100	100	1580	KAK8441172.1	KAK8441172.1 hypothetical protein B9J08_02482 [Candidozyma auris]
B9J08_000525	B9J08_02483	True	100	100	100	341	100	100	100	341	KAK8441173.1	KAK8441173.1 hypothetical protein B9J08_02483 [Candidozyma auris]
B9J08_000526	B9J08_02484	True	100	100	100	1319	100	100	100	1319	KAK8441174.1	KAK8441174.1 hypothetical protein B9J08_02484 [Candidozyma auris]
B9J08_000527	B9J08_02485	True	100	100	100	355	100	100	100	355	KAK8441175.1	KAK8441175.1 hypothetical protein B9J08_02485 [Candidozyma auris]
B9J08_000528		False	100	100	100	459						KAK8441176.1 superoxide dismutase [Mn], mitochondrial [Candidozyma auris]
B9J08_000529	B9J08_02487	True	100	100	100	1013	100	100	100	1013	KAK8441177.1	KAK8441177.1 hypothetical protein B9J08_02487 [Candidozyma auris]
B9J08_000530	B9J08_02488	True	100	100	100	999	100	100	100	999	KAK8441178.1	KAK8441178.1 hypothetical protein B9J08_02488 [Candidozyma auris]
B9J08_000531	B9J08_02489	True	100	100	100	221	100	100	100	221	KAK8441179.1	KAK8441179.1 hypothetical protein B9J08_02489 [Candidozyma auris]
B9J08_000532	B9J08_02490	True	100	100	100	416	100	100	100	416	KAK8441180.1	KAK8441180.1 hypothetical protein B9J08_02490 [Candidozyma auris]
B9J08_000533	B9J08_02491	True	100	100	100	626	100	100	100	626	KAK8441181.1	KAK8441181.1 hypothetical protein B9J08_02491 [Candidozyma auris]
B9J08_000534	B9J08_02492	True	100	100	100	1677	100	100	100	1677	KAK8441182.1	KAK8441182.1 hypothetical protein B9J08_02492 [Candidozyma auris]
B9J08_000535	B9J08_02493	True	100	100	100	399	100	100	100	399	KAK8441183.1	KAK8441183.1 hypothetical protein B9J08_02493 [Candidozyma auris]
B9J08_000536	B9J08_02494	True	100	100	100	1144	100	100	100	1144	KAK8441184.1	KAK8441184.1 hypothetical protein B9J08_02494 [Candidozyma auris]
B9J08_000537		False	100	100	100	490						KAK8441185.1 pre-rRNA-processing protein PNO1 [Candidozyma auris]
B9J08_000538	B9J08_02496	True	100	100	100	431	100	100	100	431	KAK8441186.1	KAK8441186.1 hypothetical protein B9J08_02496 [Candidozyma auris]
B9J08_000539	B9J08_02497	True	100	100	100	483	100	100	100	483	KAK8441187.1	KAK8441187.1 hypothetical protein B9J08_02497 [Candidozyma auris]
B9J08_000540	B9J08_02498	True	100	100	100	447	100	100	100	447	KAK8441188.1	KAK8441188.1 hypothetical protein B9J08_02498 [Candidozyma auris]
B9J08_000541	B9J08_02499	True	100	100	100	872	100	100	100	872	KAK8441189.1	KAK8441189.1 hypothetical protein B9J08_02499 [Candidozyma auris]
B9J08_000542	B9J08_02500	True	100	100	100	1759	100	100	100	1759	KAK8441190.1	KAK8441190.1 hypothetical protein B9J08_02500 [Candidozyma auris]
B9J08_000543		False	100	100	100	204						KAK8441191.1 thioredoxin [Candidozyma auris]
B9J08_000544	B9J08_02502	True	100	100	100	909	100	100	100	909	KAK8441192.1	KAK8441192.1 hypothetical protein B9J08_02502 [Candidozyma auris]
B9J08_000545	B9J08_02503	True	100	100	100	464	100	100	100	464	KAK8441193.1	KAK8441193.1 hypothetical protein B9J08_02503 [Candidozyma auris]
B9J08_000546	B9J08_02504	True	100	100	100	1122	100	100	100	1122	KAK8441194.1	KAK8441194.1 hypothetical protein B9J08_02504 [Candidozyma auris]
B9J08_000547	B9J08_02505	True	100	100	100	1708	100	100	100	1708	KAK8441195.1	KAK8441195.1 hypothetical protein B9J08_02505 [Candidozyma auris]
B9J08_000548	B9J08_02506	True	100	100	100	769	100	100	100	769	KAK8441196.1	KAK8441196.1 hypothetical protein B9J08_02506 [Candidozyma auris]
B9J08_000549	B9J08_02507	True	100	100	100	997	100	100	100	997	KAK8441197.1	KAK8441197.1 hypothetical protein B9J08_02507 [Candidozyma auris]
B9J08_000550	B9J08_02508	True	100	100	100	535	100	100	100	535	KAK8441198.1	KAK8441198.1 hypothetical protein B9J08_02508 [Candidozyma auris]
B9J08_000551	B9J08_02509	True	100	100	100	351	100	100	100	351	KAK8441199.1	KAK8441199.1 hypothetical protein B9J08_02509 [Candidozyma auris]
B9J08_000552	B9J08_02510	True	100	100	100	761	100	100	100	761	KAK8441200.1	KAK8441200.1 hypothetical protein B9J08_02510 [Candidozyma auris]
B9J08_000553	B9J08_02511	True	100	100	100	392	100	100	100	392	KAK8441201.1	KAK8441201.1 hypothetical protein B9J08_02511 [Candidozyma auris]
B9J08_000554		False	100	100	100	260						KAK8441202.1 60S ribosomal protein L25 [Candidozyma auris]
B9J08_000555	B9J08_02513	True	100	100	100	1549	100	100	100	1549	KAK8441203.1	KAK8441203.1 hypothetical protein B9J08_02513 [Candidozyma auris]
B9J08_000556	B9J08_02514	True	100	100	100	633	100	100	100	633	KAK8441204.1	KAK8441204.1 hypothetical protein B9J08_02514 [Candidozyma auris]
B9J08_000557	B9J08_02515	True	100	100	100	385	100	100	100	385	KAK8441205.1	KAK8441205.1 hypothetical protein B9J08_02515 [Candidozyma auris]
B9J08_000558	B9J08_02516	True	100	100	100	1036	100	100	100	1036	KAK8441206.1	KAK8441206.1 hypothetical protein B9J08_02516 [Candidozyma auris]
B9J08_000559		False	100	100	100	597						KAK8441207.1 S-formylglutathione hydrolase [Candidozyma auris]
B9J08_000560	B9J08_02518	True	100	100	100	677	100	100	100	677	KAK8441208.1	KAK8441208.1 hypothetical protein B9J08_02518 [Candidozyma auris]
B9J08_000561	B9J08_02519	True	100	100	100	966	100	100	100	966	KAK8441209.1	KAK8441209.1 hypothetical protein B9J08_02519 [Candidozyma auris]
B9J08_000562	B9J08_02520	True	100	100	100	564	100	100	100	564	KAK8441210.1	KAK8441210.1 hypothetical protein B9J08_02520 [Candidozyma auris]
B9J08_000563	B9J08_02521	True	100	100	100	997	100	100	100	997	KAK8441211.1	KAK8441211.1 hypothetical protein B9J08_02521 [Candidozyma auris]
B9J08_000565		False	100	100	100	486						KAK8441212.1 ribosomal protein L17 [Candidozyma auris]
B9J08_000566	B9J08_02524	True	100	100	100	642	100	100	100	642	KAK8441213.1	KAK8441213.1 hypothetical protein B9J08_02524 [Candidozyma auris]
B9J08_000567	B9J08_02525	True	100	100	100	259	100	100	100	259	KAK8441214.1	KAK8441214.1 hypothetical protein B9J08_02525 [Candidozyma auris]
B9J08_000568	B9J08_02526	True	100	100	100	1360	100	100	100	1360	KAK8441215.1	KAK8441215.1 hypothetical protein B9J08_02526 [Candidozyma auris]
B9J08_000569	B9J08_02527	True	100	100	100	584	100	100	100	584	KAK8441216.1	KAK8441216.1 hypothetical protein B9J08_02527 [Candidozyma auris]
B9J08_000570	B9J08_02528	True	100	100	100	169	100	100	100	169	KAK8441217.1	KAK8441217.1 hypothetical protein B9J08_02528 [Candidozyma auris]
B9J08_000571	B9J08_02529	True	100	100	100	602	100	100	100	602	KAK8441218.1	KAK8441218.1 hypothetical protein B9J08_02529 [Candidozyma auris]
B9J08_000572	B9J08_02530	True	100	100	100	1620	100	100	100	1620	KAK8441219.1	KAK8441219.1 hypothetical protein B9J08_02530 [Candidozyma auris]
B9J08_000573	B9J08_02531	True	100	100	100	791	100	100	100	791	KAK8441220.1	KAK8441220.1 hypothetical protein B9J08_02531 [Candidozyma auris]
B9J08_000574	B9J08_02532	True	100	100	100	660	100	100	100	660	KAK8441221.1	KAK8441221.1 hypothetical protein B9J08_02532 [Candidozyma auris]
B9J08_000575	B9J08_02533	True	100	100	100	1179	100	100	100	1179	KAK8441222.1	KAK8441222.1 hypothetical protein B9J08_02533 [Candidozyma auris]
B9J08_000576	B9J08_02534	True	100	100	100	2985	100	100	100	2985	KAK8441223.1	KAK8441223.1 hypothetical protein B9J08_02534 [Candidozyma auris]
B9J08_000577	B9J08_02535	True	100	100	100	1085	100	100	100	1085	KAK8441224.1	KAK8441224.1 hypothetical protein B9J08_02535 [Candidozyma auris]
B9J08_000578	B9J08_02536	True	100	100	100	1273	100	100	100	1273	KAK8441225.1	KAK8441225.1 hypothetical protein B9J08_02536 [Candidozyma auris]
B9J08_000579	B9J08_02537	True	100	100	100	809	100	100	100	809	KAK8441226.1	KAK8441226.1 hypothetical protein B9J08_02537 [Candidozyma auris]
B9J08_000580	B9J08_02538	True	100	100	100	277	100	100	100	277	KAK8441227.1	KAK8441227.1 hypothetical protein B9J08_02538 [Candidozyma auris]
B9J08_000581	B9J08_02539	True	100	100	100	1432	100	100	100	1432	KAK8441228.1	KAK8441228.1 hypothetical protein B9J08_02539 [Candidozyma auris]
B9J08_000582	B9J08_02540	True	100	100	100	1117	100	100	100	1117	KAK8441229.1	KAK8441229.1 hypothetical protein B9J08_02540 [Candidozyma auris]
B9J08_000583	B9J08_02541	True	100	100	100	654	100	100	100	654	KAK8441230.1	KAK8441230.1 hypothetical protein B9J08_02541 [Candidozyma auris]
B9J08_000584	B9J08_02542	True	100	100	100	787	100	100	100	787	KAK8441231.1	KAK8441231.1 hypothetical protein B9J08_02542 [Candidozyma auris]
B9J08_000586	B9J08_02544	True	100	100	100	298	100	100	100	298	KAK8441232.1	KAK8441232.1 hypothetical protein B9J08_02544 [Candidozyma auris]
B9J08_000587	B9J08_02545	True	100	100	100	250	100	100	100	250	KAK8441233.1	KAK8441233.1 hypothetical protein B9J08_02545 [Candidozyma auris]
B9J08_000588	B9J08_02546	True	100	100	100	1143	100	100	100	1143	KAK8441234.1	KAK8441234.1 hypothetical protein B9J08_02546 [Candidozyma auris]
B9J08_000589	B9J08_02547	True	100	100	100	481	100	100	100	481	KAK8441235.1	KAK8441235.1 hypothetical protein B9J08_02547 [Candidozyma auris]
B9J08_000590	B9J08_02548	True	100	100	100	1244	100	100	100	1244	KAK8441236.1	KAK8441236.1 hypothetical protein B9J08_02548 [Candidozyma auris]
B9J08_000591	B9J08_02549	True	100	100	100	1703	100	100	100	1703	KAK8441237.1	KAK8441237.1 hypothetical protein B9J08_02549 [Candidozyma auris]
B9J08_000592	B9J08_02550	True	100	100	100	863	100	100	100	863	KAK8441238.1	KAK8441238.1 hypothetical protein B9J08_02550 [Candidozyma auris]
B9J08_000593	B9J08_02551	True	100	100	100	1063	100	100	100	1063	KAK8441239.1	KAK8441239.1 hypothetical protein B9J08_02551 [Candidozyma auris]
B9J08_000594	B9J08_02552	True	100	100	100	1182	100	100	100	1182	KAK8441240.1	KAK8441240.1 hypothetical protein B9J08_02552 [Candidozyma auris]
B9J08_000595	B9J08_02553	True	100	100	100	556	100	100	100	556	KAK8441241.1	KAK8441241.1 hypothetical protein B9J08_02553 [Candidozyma auris]
B9J08_000596	B9J08_02554	True	100	100	100	931	100	100	100	931	KAK8441242.1	KAK8441242.1 hypothetical protein B9J08_02554 [Candidozyma auris]
B9J08_000597	B9J08_02555	True	100	100	100	843	100	100	100	843	KAK8441243.1	KAK8441243.1 hypothetical protein B9J08_02555 [Candidozyma auris]
B9J08_000598	B9J08_02556	True	100	100	100	472	100	100	100	472	KAK8441244.1	KAK8441244.1 hypothetical protein B9J08_02556 [Candidozyma auris]
B9J08_000599	B9J08_02557	True	100	100	100	1024	100	100	100	1024	KAK8441245.1	KAK8441245.1 hypothetical protein B9J08_02557 [Candidozyma auris]
B9J08_000600	B9J08_02558	True	100	100	100	871	100	100	100	871	KAK8441246.1	KAK8441246.1 hypothetical protein B9J08_02558 [Candidozyma auris]
B9J08_000601	B9J08_02559	True	100	100	100	1025	100	100	100	1025	KAK8441247.1	KAK8441247.1 hypothetical protein B9J08_02559 [Candidozyma auris]
B9J08_000602		False	100	100	100	1283						KAK8441248.1 leukotriene A-4 hydrolase/aminopeptidase [Candidozyma auris]
B9J08_000603	B9J08_02561	True	100	100	100	332	100	100	100	332	KAK8441249.1	KAK8441249.1 hypothetical protein B9J08_02561 [Candidozyma auris]
B9J08_000604		False	100	100	100	261						KAK8439082.1 40S ribosomal protein S22 [Candidozyma auris]
B9J08_000605		False	100	100	100	254						KAK8441251.1 40S ribosomal protein S14 [Candidozyma auris]
B9J08_000606	B9J08_02564	True	100	100	100	919	100	100	100	919	KAK8441252.1	KAK8441252.1 hypothetical protein B9J08_02564 [Candidozyma auris]
B9J08_000607	B9J08_02565	True	100	100	100	984	100	100	100	984	KAK8441253.1	KAK8441253.1 hypothetical protein B9J08_02565 [Candidozyma auris]
B9J08_000608	B9J08_02566	True	100	100	100	471	100	100	100	471	KAK8441254.1	KAK8441254.1 hypothetical protein B9J08_02566 [Candidozyma auris]
B9J08_000609	B9J08_02567	True	100	100	100	876	100	100	100	876	KAK8441255.1	KAK8441255.1 hypothetical protein B9J08_02567 [Candidozyma auris]
B9J08_000610	B9J08_02568	True	100	100	100	4357	100	100	100	4357	KAK8441256.1	KAK8441256.1 hypothetical protein B9J08_02568 [Candidozyma auris]
B9J08_000611	B9J08_02569	True	100	100	100	2454	100	100	100	2454	KAK8441257.1	KAK8441257.1 hypothetical protein B9J08_02569 [Candidozyma auris]
B9J08_000612	B9J08_02570	True	100	100	100	684	100	100	100	684	KAK8441258.1	KAK8441258.1 hypothetical protein B9J08_02570 [Candidozyma auris]
B9J08_000613	B9J08_02571	True	100	100	100	4260	100	100	100	4260	KAK8441259.1	KAK8441259.1 hypothetical protein B9J08_02571 [Candidozyma auris]
B9J08_000614	B9J08_02572	True	100	100	100	659	100	100	100	659	KAK8441260.1	KAK8441260.1 hypothetical protein B9J08_02572 [Candidozyma auris]
B9J08_000615	B9J08_02573	True	100	100	100	460	100	100	100	460	KAK8441261.1	KAK8441261.1 hypothetical protein B9J08_02573 [Candidozyma auris]
B9J08_000616	B9J08_02574	True	100	100	100	1073	100	100	100	1073	KAK8441262.1	KAK8441262.1 hypothetical protein B9J08_02574 [Candidozyma auris]
B9J08_000617	B9J08_02575	True	100	100	100	206	100	100	100	206	KAK8441263.1	KAK8441263.1 hypothetical protein B9J08_02575 [Candidozyma auris]
B9J08_000618	B9J08_02576	True	100	100	100	380	100	100	100	380	KAK8441264.1	KAK8441264.1 hypothetical protein B9J08_02576 [Candidozyma auris]
B9J08_000619		False	100	100	100	636						KAK8441265.1 ubiquinone biosynthesis protein COQ4, mitochondrial [Candidozyma auris]
B9J08_000620	B9J08_02578	True	100	100	100	1027	100	100	100	1027	KAK8441266.1	KAK8441266.1 hypothetical protein B9J08_02578 [Candidozyma auris]
B9J08_000621	B9J08_02579	True	100	100	100	286	100	100	100	286	KAK8441267.1	KAK8441267.1 hypothetical protein B9J08_02579 [Candidozyma auris]
B9J08_000622		False	100	100	100	609						KAK8441268.1 lipoyl(octanoyl) transferase [Candidozyma auris]
B9J08_000623	B9J08_02581	True	100	100	100	1011	100	100	100	1011	KAK8441269.1	KAK8441269.1 hypothetical protein B9J08_02581 [Candidozyma auris]
B9J08_000624	B9J08_02582	True	100	100	100	379	100	100	100	379	KAK8441270.1	KAK8441270.1 hypothetical protein B9J08_02582 [Candidozyma auris]
B9J08_000625	B9J08_02583	True	100	100	100	308	100	100	100	308	KAK8441271.1	KAK8441271.1 hypothetical protein B9J08_02583 [Candidozyma auris]
B9J08_000626	B9J08_02584	True	100	100	100	895	100	100	100	895	KAK8441272.1	KAK8441272.1 hypothetical protein B9J08_02584 [Candidozyma auris]
B9J08_000627	B9J08_02585	True	100	100	100	737	100	100	100	737	KAK8441273.1	KAK8441273.1 hypothetical protein B9J08_02585 [Candidozyma auris]
B9J08_000628	B9J08_02586	True	100	100	100	2798	100	100	100	2798	KAK8441274.1	KAK8441274.1 hypothetical protein B9J08_02586 [Candidozyma auris]
B9J08_000629	B9J08_02587	True	100	100	100	511	100	100	100	511	KAK8441275.1	KAK8441275.1 hypothetical protein B9J08_02587 [Candidozyma auris]
B9J08_000630	B9J08_02588	True	100	100	100	970	100	100	100	970	KAK8441276.1	KAK8441276.1 hypothetical protein B9J08_02588 [Candidozyma auris]
B9J08_000631	B9J08_02589	True	100	100	100	1458	100	100	100	1458	KAK8441277.1	KAK8441277.1 hypothetical protein B9J08_02589 [Candidozyma auris]
B9J08_000632		False	100	100	100	304						KAK8441278.1 ubiquitin-40S ribosomal protein S27a [Candidozyma auris]
B9J08_000633	B9J08_02591	True	100	100	100	402	100	100	100	402	KAK8441279.1	KAK8441279.1 hypothetical protein B9J08_02591 [Candidozyma auris]
B9J08_000634	B9J08_02592	True	100	100	100	520	100	100	100	520	KAK8441280.1	KAK8441280.1 hypothetical protein B9J08_02592 [Candidozyma auris]
B9J08_000635	B9J08_02593	True	100	100	100	454	100	100	100	454	KAK8441281.1	KAK8441281.1 hypothetical protein B9J08_02593 [Candidozyma auris]
B9J08_000636	B9J08_02594	True	100	100	100	893	100	100	100	893	KAK8441282.1	KAK8441282.1 hypothetical protein B9J08_02594 [Candidozyma auris]
B9J08_000637	B9J08_02595	True	100	100	100	1176	100	100	100	1176	KAK8441283.1	KAK8441283.1 hypothetical protein B9J08_02595 [Candidozyma auris]
B9J08_000638	B9J08_02596	True	100	100	100	610	100	100	100	610	KAK8441284.1	KAK8441284.1 hypothetical protein B9J08_02596 [Candidozyma auris]
B9J08_000639	B9J08_02597	True	100	100	100	777	100	100	100	777	KAK8441285.1	KAK8441285.1 hypothetical protein B9J08_02597 [Candidozyma auris]
B9J08_000640	B9J08_02598	True	100	100	100	642	100	100	100	642	KAK8441286.1	KAK8441286.1 hypothetical protein B9J08_02598 [Candidozyma auris]
B9J08_000642	B9J08_02600	True	100	100	100	871	100	100	100	871	KAK8441287.1	KAK8441287.1 hypothetical protein B9J08_02600 [Candidozyma auris]
B9J08_000643	B9J08_02601	True	100	100	100	1520	100	100	100	1520	KAK8441288.1	KAK8441288.1 hypothetical protein B9J08_02601 [Candidozyma auris]
B9J08_000644	B9J08_02602	True	100	100	100	626	100	100	100	626	KAK8441289.1	KAK8441289.1 hypothetical protein B9J08_02602 [Candidozyma auris]
B9J08_000645		False	100	100	100	392						KAK8441290.1 peroxiredoxin TSA1 [Candidozyma auris]
B9J08_000646	B9J08_02604	True	100	100	100	354	100	100	100	354	KAK8441291.1	KAK8441291.1 hypothetical protein B9J08_02604 [Candidozyma auris]
B9J08_000647	B9J08_02605	True	100	100	100	549	100	100	100	549	KAK8441292.1	KAK8441292.1 hypothetical protein B9J08_02605 [Candidozyma auris]
B9J08_000648	B9J08_02606	True	100	100	100	431	100	100	100	431	KAK8441293.1	KAK8441293.1 hypothetical protein B9J08_02606 [Candidozyma auris]
B9J08_000649		False	100	100	100	317						KAK8441294.1 protein FYV4, mitochondrial [Candidozyma auris]
B9J08_000650	B9J08_02608	True	100	100	100	621	100	100	100	621	KAK8441295.1	KAK8441295.1 hypothetical protein B9J08_02608 [Candidozyma auris]
B9J08_000651	B9J08_02609	True	100	100	100	1550	100	100	100	1550	KAK8441296.1	KAK8441296.1 hypothetical protein B9J08_02609 [Candidozyma auris]
B9J08_000652	B9J08_02610	True	100	100	100	497	100	100	100	497	KAK8441297.1	KAK8441297.1 hypothetical protein B9J08_02610 [Candidozyma auris]
B9J08_000653	B9J08_02611	True	100	100	100	989	100	100	100	989	KAK8441298.1	KAK8441298.1 hypothetical protein B9J08_02611 [Candidozyma auris]
B9J08_000654	B9J08_02612	True	100	100	100	769	100	100	100	769	KAK8441299.1	KAK8441299.1 hypothetical protein B9J08_02612 [Candidozyma auris]
B9J08_000656	B9J08_02614	True	100	100	100	669	100	100	100	669	KAK8441300.1	KAK8441300.1 hypothetical protein B9J08_02614 [Candidozyma auris]
B9J08_000657	B9J08_02615	True	100	100	100	2040	100	100	100	2040	KAK8441301.1	KAK8441301.1 hypothetical protein B9J08_02615 [Candidozyma auris]
B9J08_000658	B9J08_02616	True	100	100	100	2486	100	100	100	2486	KAK8441302.1	KAK8441302.1 hypothetical protein B9J08_02616 [Candidozyma auris]
B9J08_000659		False	100	100	100	897						KAK8441303.1 mitochondrial chaperone BCS1 [Candidozyma auris]
B9J08_000660	B9J08_02618	True	100	100	100	143	100	100	100	143	KAK8441304.1	KAK8441304.1 hypothetical protein B9J08_02618 [Candidozyma auris]
B9J08_000661	B9J08_02619	True	100	100	100	1309	100	100	100	1309	KAK8441305.1	KAK8441305.1 hypothetical protein B9J08_02619 [Candidozyma auris]
B9J08_000662	B9J08_02620	True	100	100	100	1371	100	100	100	1371	KAK8441306.1	KAK8441306.1 hypothetical protein B9J08_02620 [Candidozyma auris]
B9J08_000663	B9J08_02621	True	100	100	100	348	100	100	100	348	KAK8441307.1	KAK8441307.1 hypothetical protein B9J08_02621 [Candidozyma auris]
B9J08_000664	B9J08_02622	True	100	100	100	499	100	100	100	499	KAK8441308.1	KAK8441308.1 hypothetical protein B9J08_02622 [Candidozyma auris]
B9J08_000665		False	100	100	100	336						KAK8441309.1 respiratory supercomplex factor 1, mitochondrial [Candidozyma auris]
B9J08_000666	B9J08_02624	True	100	100	100	1405	100	100	100	1405	KAK8441310.1	KAK8441310.1 hypothetical protein B9J08_02624 [Candidozyma auris]
B9J08_000667	B9J08_02625	True	100	100	100	306	100	100	100	306	KAK8441311.1	KAK8441311.1 hypothetical protein B9J08_02625 [Candidozyma auris]
B9J08_000668		False	100	100	100	595						KAK8441312.1 thiamine pyrophosphokinase [Candidozyma auris]
B9J08_000669	B9J08_02627	True	100	100	100	205	100	100	100	205	KAK8441313.1	KAK8441313.1 hypothetical protein B9J08_02627 [Candidozyma auris]
B9J08_000670		False	100	100	100	395						KAK8441314.1 inosine triphosphate pyrophosphatase [Candidozyma auris]
B9J08_000671	B9J08_02629	True	100	100	100	303	100	100	100	303	KAK8441315.1	KAK8441315.1 hypothetical protein B9J08_02629 [Candidozyma auris]
B9J08_000672	B9J08_02630	True	100	100	100	645	100	100	100	645	KAK8441316.1	KAK8441316.1 hypothetical protein B9J08_02630 [Candidozyma auris]
B9J08_000673		False	100	100	100	342						KAK8441317.1 rRNA-processing protein FCF1 [Candidozyma auris]
B9J08_000674	B9J08_02632	True	100	100	100	1156	100	100	100	1156	KAK8441318.1	KAK8441318.1 hypothetical protein B9J08_02632 [Candidozyma auris]
B9J08_000675	B9J08_02633	True	100	11.5	11.5	607	100	11.5	11.5	607	KAK8441319.1	KAK8441319.1 hypothetical protein B9J08_02633 [Candidozyma auris]
B9J08_000676	B9J08_02634	True	100	100	100	335	100	100	100	335	KAK8441320.1	KAK8441320.1 hypothetical protein B9J08_02634 [Candidozyma auris]
B9J08_000677		False	100	100	100	801						KAK8441321.1 arsenical-resistance protein [Candidozyma auris]
B9J08_000678	B9J08_02636	True	100	100	100	408	100	100	100	408	KAK8441322.1	KAK8441322.1 hypothetical protein B9J08_02636 [Candidozyma auris]
B9J08_000679	B9J08_02637	True	100	100	100	254	100	100	100	254	KAK8441323.1	KAK8441323.1 hypothetical protein B9J08_02637 [Candidozyma auris]
B9J08_000680	B9J08_02638	True	100	100	100	2155	100	100	100	2155	KAK8441324.1	KAK8441324.1 hypothetical protein B9J08_02638 [Candidozyma auris]
B9J08_000681	B9J08_02639	True	100	100	100	1744	100	100	100	1744	KAK8441325.1	KAK8441325.1 hypothetical protein B9J08_02639 [Candidozyma auris]
B9J08_000682		False	100	100	100	529						KAK8441326.1 hydroxyacylglutathione hydrolase [Candidozyma auris]
B9J08_000683	B9J08_02641	True	100	100	100	483	100	100	100	483	KAK8441327.1	KAK8441327.1 hypothetical protein B9J08_02641 [Candidozyma auris]
B9J08_000684	B9J08_02642	True	100	100	100	1073	100	100	100	1073	KAK8441328.1	KAK8441328.1 hypothetical protein B9J08_02642 [Candidozyma auris]
B9J08_000685	B9J08_02643	True	100	100	100	1078	100	100	100	1078	KAK8441329.1	KAK8441329.1 hypothetical protein B9J08_02643 [Candidozyma auris]
B9J08_000686		False	100	100	100	832						KAK8441330.1 argininosuccinate synthase [Candidozyma auris]
B9J08_000687	B9J08_02645	True	100	100	100	2113	100	100	100	2113	KAK8441331.1	KAK8441331.1 hypothetical protein B9J08_02645 [Candidozyma auris]
B9J08_000688	B9J08_02646	True	100	100	100	1017	100	100	100	1017	KAK8441332.1	KAK8441332.1 hypothetical protein B9J08_02646 [Candidozyma auris]
B9J08_000689	B9J08_02647	True	100	100	100	836	100	100	100	836	KAK8441333.1	KAK8441333.1 hypothetical protein B9J08_02647 [Candidozyma auris]
B9J08_000690	B9J08_02648	True	100	98.0	98.0	1105	100	98.0	98.0	1105	KAK8441334.1	KAK8441334.1 hypothetical protein B9J08_02648 [Candidozyma auris]
B9J08_000691	B9J08_02649	True	100	100	100	2395	100	100	100	2395	KAK8441335.1	KAK8441335.1 hypothetical protein B9J08_02649 [Candidozyma auris]
B9J08_000692	B9J08_02650	True	100	100	100	355	100	100	100	355	KAK8441336.1	KAK8441336.1 hypothetical protein B9J08_02650 [Candidozyma auris]
B9J08_000693	B9J08_02651	True	100	100	100	2101	100	100	100	2101	KAK8441337.1	KAK8441337.1 hypothetical protein B9J08_02651 [Candidozyma auris]
B9J08_000694		False	100	100	100	640						KAK8441338.1 malate dehydrogenase, cytoplasmic [Candidozyma auris]
B9J08_000695	B9J08_02653	True	100	100	100	1639	100	100	100	1639	KAK8441339.1	KAK8441339.1 hypothetical protein B9J08_02653 [Candidozyma auris]
B9J08_000696	B9J08_02654	True	100	100	100	935	100	100	100	935	KAK8441340.1	KAK8441340.1 hypothetical protein B9J08_02654 [Candidozyma auris]
B9J08_000697		False	100	100	100	560						KAK8441341.1 50S ribosomal protein L3 [Candidozyma auris]
B9J08_000698	B9J08_02656	True	100	100	100	438	100	100	100	438	KAK8441342.1	KAK8441342.1 hypothetical protein B9J08_02656 [Candidozyma auris]
B9J08_000699		False	100	100	100	367						KAK8441343.1 U3 small nucleolar ribonucleoprotein IMP3 [Candidozyma auris]
B9J08_000700	B9J08_02658	True	100	100	100	1340	100	100	100	1340	KAK8441344.1	KAK8441344.1 hypothetical protein B9J08_02658 [Candidozyma auris]
B9J08_000701	B9J08_02659	True	100	100	100	1436	100	100	100	1436	KAK8441345.1	KAK8441345.1 hypothetical protein B9J08_02659 [Candidozyma auris]
B9J08_000702	B9J08_02660	True	100	100	100	197	100	100	100	197	KAK8441346.1	KAK8441346.1 hypothetical protein B9J08_02660 [Candidozyma auris]
B9J08_000703	B9J08_02661	True	100	100	100	444	100	100	100	444	KAK8441347.1	KAK8441347.1 hypothetical protein B9J08_02661 [Candidozyma auris]
B9J08_000704	B9J08_02662	True	100	100	100	2568	100	100	100	2568	KAK8441348.1	KAK8441348.1 hypothetical protein B9J08_02662 [Candidozyma auris]
B9J08_000705		False	100	100	100	1221						KAK8441349.1 translation initiation factor RLI1 [Candidozyma auris]
B9J08_000706	B9J08_02664	True	100	100	100	1943	100	100	100	1943	KAK8441350.1	KAK8441350.1 hypothetical protein B9J08_02664 [Candidozyma auris]
B9J08_000707	B9J08_02665	True	100	100	100	882	100	100	100	882	KAK8441351.1	KAK8441351.1 hypothetical protein B9J08_02665 [Candidozyma auris]
B9J08_000708	B9J08_02666	True	100	100	100	227	100	100	100	227	KAK8441352.1	KAK8441352.1 hypothetical protein B9J08_02666 [Candidozyma auris]
B9J08_000709	B9J08_02667	True	100	100	100	578	100	100	100	578	KAK8441353.1	KAK8441353.1 hypothetical protein B9J08_02667 [Candidozyma auris]
B9J08_000710	B9J08_02668	True	100	100	100	1398	100	100	100	1398	KAK8441354.1	KAK8441354.1 hypothetical protein B9J08_02668 [Candidozyma auris]
B9J08_000711		False	100	100	100	539						KAK8441355.1 60S acidic ribosomal protein P0 [Candidozyma auris]
B9J08_000712	B9J08_02670	True	100	100	100	1015	100	100	100	1015	KAK8441356.1	KAK8441356.1 hypothetical protein B9J08_02670 [Candidozyma auris]
B9J08_000713		False	100	100	100	270						KAK8441357.1 ribosomal protein S16 [Candidozyma auris]
B9J08_000714	B9J08_02672	True	100	100	100	2271	100	100	100	2271	KAK8441358.1	KAK8441358.1 hypothetical protein B9J08_02672 [Candidozyma auris]
B9J08_000715	B9J08_02673	True	100	100	100	174	100	100	100	174	KAK8441359.1	KAK8441359.1 hypothetical protein B9J08_02673 [Candidozyma auris]
B9J08_000716	B9J08_02674	True	100	100	100	689	100	100	100	689	KAK8441360.1	KAK8441360.1 hypothetical protein B9J08_02674 [Candidozyma auris]
B9J08_000717	B9J08_02675	True	100	100	100	1879	100	100	100	1879	KAK8441361.1	KAK8441361.1 hypothetical protein B9J08_02675 [Candidozyma auris]
B9J08_000718	B9J08_02676	True	100	100	100	1201	100	100	100	1201	KAK8441362.1	KAK8441362.1 hypothetical protein B9J08_02676 [Candidozyma auris]
B9J08_000719	B9J08_02677	True	100	100	100	600	100	100	100	600	KAK8441363.1	KAK8441363.1 hypothetical protein B9J08_02677 [Candidozyma auris]
B9J08_000720	B9J08_02678	True	100	100	100	1364	100	100	100	1364	KAK8441364.1	KAK8441364.1 hypothetical protein B9J08_02678 [Candidozyma auris]
B9J08_000721	B9J08_02679	True	100	100	100	513	100	100	100	513	KAK8441365.1	KAK8441365.1 hypothetical protein B9J08_02679 [Candidozyma auris]
B9J08_000722	B9J08_02680	True	100	54.4	54.4	225	100	54.4	54.4	225	KAK8441366.1	KAK8441366.1 hypothetical protein B9J08_02680 [Candidozyma auris]
B9J08_000724	B9J08_02682	True	100	100	100	281	100	100	100	281	KAK8441367.1	KAK8441367.1 hypothetical protein B9J08_02682 [Candidozyma auris]
B9J08_000725	B9J08_02683	True	100	100	100	2404	100	100	100	2404	KAK8441368.1	KAK8441368.1 hypothetical protein B9J08_02683 [Candidozyma auris]
B9J08_000726	B9J08_02684	True	100	100	100	1311	100	100	100	1311	KAK8441369.1	KAK8441369.1 hypothetical protein B9J08_02684 [Candidozyma auris]
B9J08_000727		False	100	100	100	180						KAK8441370.1 60S ribosomal protein L36 [Candidozyma auris]
B9J08_000728	B9J08_02686	True	100	100	100	473	100	100	100	473	KAK8441371.1	KAK8441371.1 hypothetical protein B9J08_02686 [Candidozyma auris]
B9J08_000729	B9J08_02687	True	100	100	100	1466	100	100	100	1466	KAK8441372.1	KAK8441372.1 hypothetical protein B9J08_02687 [Candidozyma auris]
B9J08_000730	B9J08_02688	True	100	100	100	653	100	100	100	653	KAK8441373.1	KAK8441373.1 hypothetical protein B9J08_02688 [Candidozyma auris]
B9J08_000731	B9J08_02689	True	100	100	100	1972	100	100	100	1972	KAK8441374.1	KAK8441374.1 hypothetical protein B9J08_02689 [Candidozyma auris]
B9J08_000732	B9J08_02690	True	100	100	100	694	100	100	100	694	KAK8441375.1	KAK8441375.1 hypothetical protein B9J08_02690 [Candidozyma auris]
B9J08_000733	B9J08_02691	True	100	100	100	1648	100	100	100	1648	KAK8441376.1	KAK8441376.1 hypothetical protein B9J08_02691 [Candidozyma auris]
B9J08_000734	B9J08_02692	True	100	100	100	291	100	100	100	291	KAK8441377.1	KAK8441377.1 hypothetical protein B9J08_02692 [Candidozyma auris]
B9J08_000735	B9J08_02693	True	100	100	100	2772	100	100	100	2772	KAK8441378.1	KAK8441378.1 hypothetical protein B9J08_02693 [Candidozyma auris]
B9J08_000736	B9J08_02694	True	100	100	100	2185	100	100	100	2185	KAK8441379.1	KAK8441379.1 hypothetical protein B9J08_02694 [Candidozyma auris]
B9J08_000737	B9J08_02695	True	100	100	100	1235	100	100	100	1235	KAK8441380.1	KAK8441380.1 hypothetical protein B9J08_02695 [Candidozyma auris]
B9J08_000738	B9J08_02696	True	100	100	100	789	100	100	100	789	KAK8441381.1	KAK8441381.1 hypothetical protein B9J08_02696 [Candidozyma auris]
B9J08_000739	B9J08_02697	True	100	100	100	837	100	100	100	837	KAK8441382.1	KAK8441382.1 hypothetical protein B9J08_02697 [Candidozyma auris]
B9J08_000740		False	100	100	100	899						KAK8441383.1 NADP-specific glutamate dehydrogenase [Candidozyma auris]
B9J08_000741	B9J08_02699	True	100	100	100	544	100	100	100	544	KAK8441384.1	KAK8441384.1 hypothetical protein B9J08_02699 [Candidozyma auris]
B9J08_000742	B9J08_02700	True	100	100	100	1491	100	100	100	1491	KAK8441385.1	KAK8441385.1 hypothetical protein B9J08_02700 [Candidozyma auris]
B9J08_000743		False	100	100	100	545						KAK8441386.1 YbgI/family dinuclear metal center protein [Candidozyma auris]
B9J08_000746	B9J08_02704	True	100	100	100	977	100	100	100	977	KAK8441387.1	KAK8441387.1 hypothetical protein B9J08_02704 [Candidozyma auris]
B9J08_000747	B9J08_02705	True	100	100	100	169	100	100	100	169	KAK8441388.1	KAK8441388.1 hypothetical protein B9J08_02705 [Candidozyma auris]
B9J08_000748	B9J08_02706	True	100	100	100	2593	100	100	100	2593	KAK8441389.1	KAK8441389.1 hypothetical protein B9J08_02706 [Candidozyma auris]
B9J08_000749	B9J08_02707	True	100	100	100	451	100	100	100	451	KAK8441390.1	KAK8441390.1 hypothetical protein B9J08_02707 [Candidozyma auris]
B9J08_000750	B9J08_02708	True	100	100	100	1110	100	100	100	1110	KAK8441391.1	KAK8441391.1 hypothetical protein B9J08_02708 [Candidozyma auris]
B9J08_000751	B9J08_02709	True	100	100	100	740	100	100	100	740	KAK8441392.1	KAK8441392.1 hypothetical protein B9J08_02709 [Candidozyma auris]
B9J08_000752	B9J08_02710	True	100	100	100	1588	100	100	100	1588	KAK8441393.1	KAK8441393.1 hypothetical protein B9J08_02710 [Candidozyma auris]
B9J08_000753	B9J08_02711	True	100	100	100	1263	100	100	100	1263	KAK8441394.1	KAK8441394.1 hypothetical protein B9J08_02711 [Candidozyma auris]
B9J08_000754	B9J08_02712	True	100	100	100	898	100	100	100	898	KAK8441395.1	KAK8441395.1 hypothetical protein B9J08_02712 [Candidozyma auris]
B9J08_000755	B9J08_02713	True	100	100	100	711	100	100	100	711	KAK8441396.1	KAK8441396.1 hypothetical protein B9J08_02713 [Candidozyma auris]
B9J08_000756	B9J08_02714	True	100	100	100	1205	100	100	100	1205	KAK8441397.1	KAK8441397.1 hypothetical protein B9J08_02714 [Candidozyma auris]
B9J08_000757	B9J08_02715	True	100	100	100	415	100	100	100	415	KAK8441398.1	KAK8441398.1 hypothetical protein B9J08_02715 [Candidozyma auris]
B9J08_000758	B9J08_02716	True	100	100	100	1010	100	100	100	1010	KAK8441399.1	KAK8441399.1 hypothetical protein B9J08_02716 [Candidozyma auris]
B9J08_000759	B9J08_02717	True	100	100	100	1419	100	100	100	1419	KAK8441400.1	KAK8441400.1 hypothetical protein B9J08_02717 [Candidozyma auris]
B9J08_000760	B9J08_02718	True	100	92.5	92.5	428	100	92.5	92.5	428	KAK8441401.1	KAK8441401.1 hypothetical protein B9J08_02718 [Candidozyma auris]
B9J08_000761	B9J08_02719	True	100	100	100	186	100	100	100	186	KAK8441402.1	KAK8441402.1 hypothetical protein B9J08_02719 [Candidozyma auris]
B9J08_000762	B9J08_02720	True	100	100	100	1039	100	100	100	1039	KAK8441403.1	KAK8441403.1 hypothetical protein B9J08_02720 [Candidozyma auris]
B9J08_000764		False	100	100	100	634						KAK8441404.1 malate dehydrogenase, mitochondrial [Candidozyma auris]
B9J08_000765	B9J08_02723	True	100	100	100	1232	100	100	100	1232	KAK8441405.1	KAK8441405.1 hypothetical protein B9J08_02723 [Candidozyma auris]
B9J08_000766	B9J08_02724	True	100	100	100	825	100	100	100	825	KAK8441406.1	KAK8441406.1 hypothetical protein B9J08_02724 [Candidozyma auris]
B9J08_000767	B9J08_02725	True	100	100	100	1050	100	100	100	1050	KAK8441407.1	KAK8441407.1 hypothetical protein B9J08_02725 [Candidozyma auris]
B9J08_000768	B9J08_02726	True	100	100	100	740	100	100	100	740	KAK8441408.1	KAK8441408.1 hypothetical protein B9J08_02726 [Candidozyma auris]
B9J08_000769	B9J08_02727	True	100	100	100	1517	100	100	100	1517	KAK8441409.1	KAK8441409.1 hypothetical protein B9J08_02727 [Candidozyma auris]
B9J08_000770	B9J08_02728	True	100	100	100	744	100	100	100	744	KAK8441410.1	KAK8441410.1 hypothetical protein B9J08_02728 [Candidozyma auris]
B9J08_000771		False	100	100	100	452						KAK8441411.1 40S ribosomal protein S6 [Candidozyma auris]
B9J08_000772	B9J08_02730	True	100	100	100	863	100	100	100	863	KAK8441412.1	KAK8441412.1 hypothetical protein B9J08_02730 [Candidozyma auris]
B9J08_000773	B9J08_02731	True	100	100	100	3897	100	100	100	3897	KAK8441413.1	KAK8441413.1 hypothetical protein B9J08_02731 [Candidozyma auris]
B9J08_000774		False	100	100	100	1216						KAK8441414.1 polyadenylate-binding protein, cytoplasmic and nuclear [Candidozyma auris]
B9J08_000775		False	100	100	100	1774						KAK8441415.1 trehalose-phosphatase [Candidozyma auris]
B9J08_000776	B9J08_02734	True	100	100	100	873	100	100	100	873	KAK8441416.1	KAK8441416.1 hypothetical protein B9J08_02734 [Candidozyma auris]
B9J08_000777	B9J08_02735	True	100	100	100	1223	100	100	100	1223	KAK8441417.1	KAK8441417.1 hypothetical protein B9J08_02735 [Candidozyma auris]
B9J08_000778	B9J08_02736	True	100	100	100	590	100	100	100	590	KAK8441418.1	KAK8441418.1 hypothetical protein B9J08_02736 [Candidozyma auris]
B9J08_000779	B9J08_02737	True	100	100	100	962	100	100	100	962	KAK8441419.1	KAK8441419.1 hypothetical protein B9J08_02737 [Candidozyma auris]
B9J08_000780	B9J08_02738	True	100	100	100	937	100	100	100	937	KAK8441420.1	KAK8441420.1 hypothetical protein B9J08_02738 [Candidozyma auris]
B9J08_000781	B9J08_02739	True	100	100	100	919	100	100	100	919	KAK8441421.1	KAK8441421.1 hypothetical protein B9J08_02739 [Candidozyma auris]
B9J08_000782	B9J08_02740	True	100	100	100	1348	100	100	100	1348	KAK8441422.1	KAK8441422.1 hypothetical protein B9J08_02740 [Candidozyma auris]
B9J08_000783	B9J08_02741	True	100	100	100	1113	100	100	100	1113	KAK8441423.1	KAK8441423.1 hypothetical protein B9J08_02741 [Candidozyma auris]
B9J08_000784	B9J08_02742	True	100	100	100	714	100	100	100	714	KAK8441424.1	KAK8441424.1 hypothetical protein B9J08_02742 [Candidozyma auris]
B9J08_000785	B9J08_02743	True	100	100	100	331	100	100	100	331	KAK8441425.1	KAK8441425.1 hypothetical protein B9J08_02743 [Candidozyma auris]
B9J08_000786	B9J08_02744	True	100	100	100	1778	100	100	100	1778	KAK8441426.1	KAK8441426.1 hypothetical protein B9J08_02744 [Candidozyma auris]
B9J08_000787	B9J08_02745	True	100	100	100	755	100	100	100	755	KAK8441427.1	KAK8441427.1 hypothetical protein B9J08_02745 [Candidozyma auris]
B9J08_000788		False	100	100	100	1016						KAK8441428.1 histidine-tRNA ligase [Candidozyma auris]
B9J08_000789	B9J08_02747	True	100	100	100	930	100	100	100	930	KAK8441429.1	KAK8441429.1 hypothetical protein B9J08_02747 [Candidozyma auris]
B9J08_000790	B9J08_02748	True	100	100	100	774	100	100	100	774	KAK8441430.1	KAK8441430.1 hypothetical protein B9J08_02748 [Candidozyma auris]
B9J08_000791	B9J08_02749	True	100	100	100	665	100	100	100	665	KAK8441431.1	KAK8441431.1 hypothetical protein B9J08_02749 [Candidozyma auris]
B9J08_000792	B9J08_02750	True	100	100	100	638	100	100	100	638	KAK8441432.1	KAK8441432.1 hypothetical protein B9J08_02750 [Candidozyma auris]
B9J08_000793	B9J08_02751	True	100	100	100	965	100	100	100	965	KAK8441433.1	KAK8441433.1 hypothetical protein B9J08_02751 [Candidozyma auris]
B9J08_000794	B9J08_02752	True	100	100	100	946	100	100	100	946	KAK8441434.1	KAK8441434.1 hypothetical protein B9J08_02752 [Candidozyma auris]
B9J08_000795	B9J08_02753	True	100	100	100	201	100	100	100	201	KAK8441435.1	KAK8441435.1 hypothetical protein B9J08_02753 [Candidozyma auris]
B9J08_000796	B9J08_02754	True	100	100	100	1107	100	100	100	1107	KAK8441436.1	KAK8441436.1 hypothetical protein B9J08_02754 [Candidozyma auris]
B9J08_000797	B9J08_02755	True	100	100	100	1167	100	100	100	1167	KAK8441437.1	KAK8441437.1 hypothetical protein B9J08_02755 [Candidozyma auris]
B9J08_000798	B9J08_02756	True	100	100	100	276	100	100	100	276	KAK8441438.1	KAK8441438.1 hypothetical protein B9J08_02756 [Candidozyma auris]
B9J08_000799	B9J08_02757	True	100	100	100	1080	100	100	100	1080	KAK8441439.1	KAK8441439.1 hypothetical protein B9J08_02757 [Candidozyma auris]
B9J08_000800		False	100	100	100	944						KAK8441440.1 adenylosuccinate lyase [Candidozyma auris]
B9J08_000801	B9J08_02759	True	100	100	100	207	100	100	100	207	KAK8441441.1	KAK8441441.1 hypothetical protein B9J08_02759 [Candidozyma auris]
B9J08_000802	B9J08_02760	True	100	100	100	480	100	100	100	480	KAK8441442.1	KAK8441442.1 hypothetical protein B9J08_02760 [Candidozyma auris]
B9J08_000803	B9J08_02761	True	100	100	100	782	100	100	100	782	KAK8441443.1	KAK8441443.1 hypothetical protein B9J08_02761 [Candidozyma auris]
B9J08_000804	B9J08_02762	True	100	100	100	1105	100	100	100	1105	KAK8441444.1	KAK8441444.1 hypothetical protein B9J08_02762 [Candidozyma auris]
B9J08_000805	B9J08_02763	True	100	100	100	1432	100	100	100	1432	KAK8441445.1	KAK8441445.1 hypothetical protein B9J08_02763 [Candidozyma auris]
B9J08_000806	B9J08_02764	True	100	100	100	602	100	100	100	602	KAK8441446.1	KAK8441446.1 hypothetical protein B9J08_02764 [Candidozyma auris]
B9J08_000807	B9J08_02765	True	100	100	100	487	100	100	100	487	KAK8441447.1	KAK8441447.1 hypothetical protein B9J08_02765 [Candidozyma auris]
B9J08_000808		False	100	100	100	1094						KAK8441448.1 glucose-6-phosphate isomerase [Candidozyma auris]
B9J08_000809	B9J08_02767	True	100	100	100	241	100	100	100	241	KAK8441449.1	KAK8441449.1 hypothetical protein B9J08_02767 [Candidozyma auris]
B9J08_000810	B9J08_02768	True	100	100	100	306	100	100	100	306	KAK8441450.1	KAK8441450.1 hypothetical protein B9J08_02768 [Candidozyma auris]
B9J08_000811	B9J08_02769	True	100	100	100	1253	100	100	100	1253	KAK8441451.1	KAK8441451.1 hypothetical protein B9J08_02769 [Candidozyma auris]
B9J08_000812		False	100	100	100	654						KAK8441452.1 NADPH-dependent D-xylose reductase II,III [Candidozyma auris]
B9J08_000813		False	100	100	100	839						KAK8441453.1 trimethyllysine dioxygenase [Candidozyma auris]
B9J08_000814	B9J08_02772	True	100	100	100	1157	100	100	100	1157	KAK8441454.1	KAK8441454.1 hypothetical protein B9J08_02772 [Candidozyma auris]
B9J08_000815	B9J08_02773	True	100	100	100	1093	100	100	100	1093	KAK8441455.1	KAK8441455.1 hypothetical protein B9J08_02773 [Candidozyma auris]
B9J08_000816		False	100	100	100	307						KAK8441456.1 nucleoside diphosphate kinase [Candidozyma auris]
B9J08_000817	B9J08_02775	True	100	100	100	181	100	100	100	181	KAK8441457.1	KAK8441457.1 hypothetical protein B9J08_02775 [Candidozyma auris]
B9J08_000818	B9J08_02776	True	100	100	100	647	100	100	100	647	KAK8441458.1	KAK8441458.1 hypothetical protein B9J08_02776 [Candidozyma auris]
B9J08_000819	B9J08_02777	True	100	100	100	1870	100	100	100	1870	KAK8441459.1	KAK8441459.1 hypothetical protein B9J08_02777 [Candidozyma auris]
B9J08_000820	B9J08_02778	True	100	100	100	658	100	100	100	658	KAK8441460.1	KAK8441460.1 hypothetical protein B9J08_02778 [Candidozyma auris]
B9J08_000821	B9J08_02779	True	100	100	100	1216	100	100	100	1216	KAK8441461.1	KAK8441461.1 hypothetical protein B9J08_02779 [Candidozyma auris]
B9J08_000822	B9J08_02780	True	100	100	100	1419	100	100	100	1419	KAK8441462.1	KAK8441462.1 hypothetical protein B9J08_02780 [Candidozyma auris]
B9J08_000823		False	100	100	100	213						KAK8441463.1 60S ribosomal protein L44 [Candidozyma auris]
B9J08_000824	B9J08_02782	True	100	100	100	250	100	100	100	250	KAK8441464.1	KAK8441464.1 hypothetical protein B9J08_02782 [Candidozyma auris]
B9J08_000825	B9J08_02783	True	100	100	100	757	100	100	100	757	KAK8441465.1	KAK8441465.1 hypothetical protein B9J08_02783 [Candidozyma auris]
B9J08_000826	B9J08_02784	True	100	100	100	492	100	100	100	492	KAK8441466.1	KAK8441466.1 hypothetical protein B9J08_02784 [Candidozyma auris]
B9J08_000827	B9J08_02785	True	100	100	100	638	100	100	100	638	KAK8441467.1	KAK8441467.1 hypothetical protein B9J08_02785 [Candidozyma auris]
B9J08_000828	B9J08_02786	True	100	100	100	1038	100	100	100	1038	KAK8441468.1	KAK8441468.1 hypothetical protein B9J08_02786 [Candidozyma auris]
B9J08_000829	B9J08_02787	True	100	100	100	1590	100	100	100	1590	KAK8441469.1	KAK8441469.1 hypothetical protein B9J08_02787 [Candidozyma auris]
B9J08_000830	B9J08_02788	True	100	100	100	624	100	100	100	624	KAK8441470.1	KAK8441470.1 hypothetical protein B9J08_02788 [Candidozyma auris]
B9J08_000831	B9J08_02789	True	100	100	100	1435	100	100	100	1435	KAK8441471.1	KAK8441471.1 hypothetical protein B9J08_02789 [Candidozyma auris]
B9J08_000834	B9J08_02792	True	100	100	100	561	100	100	100	561	KAK8441472.1	KAK8441472.1 hypothetical protein B9J08_02792 [Candidozyma auris]
B9J08_000835	B9J08_02793	True	100	100	100	508	100	100	100	508	KAK8441473.1	KAK8441473.1 hypothetical protein B9J08_02793 [Candidozyma auris]
B9J08_000836	B9J08_02794	True	100	100	100	536	100	100	100	536	KAK8441474.1	KAK8441474.1 hypothetical protein B9J08_02794 [Candidozyma auris]
B9J08_000837		False	100	100	100	1785						KAK8441475.1 calcium-transporting P-type ATPase, PMR1-type [Candidozyma auris]
B9J08_000838		False	100	100	100	744						KAK8441476.1 Sua5/YciO/YrdC/YwlC family tRNA threonylcarbamoyl adenosine modification protein [Candidozyma auris]
B9J08_000839	B9J08_02797	True	100	100	100	1980	100	100	100	1980	KAK8441477.1	KAK8441477.1 hypothetical protein B9J08_02797 [Candidozyma auris]
B9J08_000840	B9J08_02798	True	100	100	100	263	100	100	100	263	KAK8441478.1	KAK8441478.1 hypothetical protein B9J08_02798 [Candidozyma auris]
B9J08_000841	B9J08_02799	True	100	100	100	2047	100	100	100	2047	KAK8441479.1	KAK8441479.1 hypothetical protein B9J08_02799 [Candidozyma auris]
B9J08_000842	B9J08_02800	True	100	100	100	1103	100	100	100	1103	KAK8441480.1	KAK8441480.1 hypothetical protein B9J08_02800 [Candidozyma auris]
B9J08_000843	B9J08_02801	True	100	100	100	848	100	100	100	848	KAK8441481.1	KAK8441481.1 hypothetical protein B9J08_02801 [Candidozyma auris]
B9J08_000844	B9J08_02802	True	100	100	100	483	100	100	100	483	KAK8441482.1	KAK8441482.1 hypothetical protein B9J08_02802 [Candidozyma auris]
B9J08_000845	B9J08_02803	True	100	100	100	635	100	100	100	635	KAK8441483.1	KAK8441483.1 hypothetical protein B9J08_02803 [Candidozyma auris]
B9J08_000846	B9J08_02804	True	100	100	100	187	100	100	100	187	KAK8441484.1	KAK8441484.1 hypothetical protein B9J08_02804 [Candidozyma auris]
B9J08_000847	B9J08_02805	True	100	100	100	1010	100	100	100	1010	KAK8441485.1	KAK8441485.1 hypothetical protein B9J08_02805 [Candidozyma auris]
B9J08_000848	B9J08_02806	True	100	100	100	633	100	100	100	633	KAK8441486.1	KAK8441486.1 hypothetical protein B9J08_02806 [Candidozyma auris]
B9J08_000849	B9J08_02807	True	100	100	100	261	100	100	100	261	KAK8441487.1	KAK8441487.1 hypothetical protein B9J08_02807 [Candidozyma auris]
B9J08_000850	B9J08_02808	True	100	100	100	714	100	100	100	714	KAK8441488.1	KAK8441488.1 hypothetical protein B9J08_02808 [Candidozyma auris]
B9J08_000852	B9J08_02810	True	100	100	100	790	100	100	100	790	KAK8441489.1	KAK8441489.1 hypothetical protein B9J08_02810 [Candidozyma auris]
B9J08_000853	B9J08_02811	True	100	100	100	1135	100	100	100	1135	KAK8441490.1	KAK8441490.1 hypothetical protein B9J08_02811 [Candidozyma auris]
B9J08_000854	B9J08_02812	True	100	100	100	565	100	100	100	565	KAK8441491.1	KAK8441491.1 hypothetical protein B9J08_02812 [Candidozyma auris]
B9J08_000855	B9J08_02813	True	100	100	100	227	100	100	100	227	KAK8441492.1	KAK8441492.1 hypothetical protein B9J08_02813 [Candidozyma auris]
B9J08_000856	B9J08_02814	True	100	100	100	418	100	100	100	418	KAK8441493.1	KAK8441493.1 hypothetical protein B9J08_02814 [Candidozyma auris]
B9J08_000857	B9J08_02815	True	100	100	100	1481	100	100	100	1481	KAK8441494.1	KAK8441494.1 hypothetical protein B9J08_02815 [Candidozyma auris]
B9J08_000858	B9J08_02816	True	100	100	100	317	100	100	100	317	KAK8441495.1	KAK8441495.1 hypothetical protein B9J08_02816 [Candidozyma auris]
B9J08_000859	B9J08_02817	True	100	100	100	748	100	100	100	748	KAK8441496.1	KAK8441496.1 hypothetical protein B9J08_02817 [Candidozyma auris]
B9J08_000860	B9J08_02818	True	100	100	100	476	100	100	100	476	KAK8441497.1	KAK8441497.1 hypothetical protein B9J08_02818 [Candidozyma auris]
B9J08_000861	B9J08_02819	True	100	100	100	739	100	100	100	739	KAK8441498.1	KAK8441498.1 hypothetical protein B9J08_02819 [Candidozyma auris]
B9J08_000862	B9J08_02820	True	100	100	100	1317	100	100	100	1317	KAK8441499.1	KAK8441499.1 hypothetical protein B9J08_02820 [Candidozyma auris]
B9J08_000863		False	100	100	100	953						KAK8441500.1 4-aminobutyrate aminotransferase [Candidozyma auris]
B9J08_000864	B9J08_02822	True	100	100	100	643	100	100	100	643	KAK8441501.1	KAK8441501.1 hypothetical protein B9J08_02822 [Candidozyma auris]
B9J08_000865	B9J08_02823	True	100	100	100	162	100	100	100	162	KAK8441502.1	KAK8441502.1 hypothetical protein B9J08_02823 [Candidozyma auris]
B9J08_000866	B9J08_02824	True	100	100	100	527	100	100	100	527	KAK8441503.1	KAK8441503.1 hypothetical protein B9J08_02824 [Candidozyma auris]
B9J08_000867		False	100	100	100	242						KAK8441504.1 V-type ATPase, F subunit [Candidozyma auris]
B9J08_000868	B9J08_02826	True	100	100	100	842	100	100	100	842	KAK8441505.1	KAK8441505.1 hypothetical protein B9J08_02826 [Candidozyma auris]
B9J08_000869	B9J08_02827	True	100	100	100	886	100	100	100	886	KAK8441506.1	KAK8441506.1 hypothetical protein B9J08_02827 [Candidozyma auris]
B9J08_000870	B9J08_02828	True	100	100	100	796	100	100	100	796	KAK8441507.1	KAK8441507.1 hypothetical protein B9J08_02828 [Candidozyma auris]
B9J08_000871	B9J08_02829	True	100	100	100	1001	100	100	100	1001	KAK8441508.1	KAK8441508.1 hypothetical protein B9J08_02829 [Candidozyma auris]
B9J08_000872	B9J08_02830	True	100	100	100	1622	100	100	100	1622	KAK8441509.1	KAK8441509.1 hypothetical protein B9J08_02830 [Candidozyma auris]
B9J08_000873		False	100	100	100	369						KAK8441510.1 mRNA 3'-end-processing protein YTH1 [Candidozyma auris]
B9J08_000874	B9J08_02832	True	100	100	100	926	100	100	100	926	KAK8441511.1	KAK8441511.1 hypothetical protein B9J08_02832 [Candidozyma auris]
B9J08_000875	B9J08_02833	True	100	100	100	703	100	100	100	703	KAK8441512.1	KAK8441512.1 hypothetical protein B9J08_02833 [Candidozyma auris]
B9J08_000876	B9J08_02834	True	100	100	100	933	100	100	100	933	KAK8441513.1	KAK8441513.1 hypothetical protein B9J08_02834 [Candidozyma auris]
B9J08_000877	B9J08_02835	True	100	100	100	830	100	100	100	830	KAK8441514.1	KAK8441514.1 hypothetical protein B9J08_02835 [Candidozyma auris]
B9J08_000878		False	100	100	100	216						KAK8441515.1 60S ribosomal protein L33-A [Candidozyma auris]
B9J08_000879	B9J08_02837	True	100	100	100	616	100	100	100	616	KAK8441516.1	KAK8441516.1 hypothetical protein B9J08_02837 [Candidozyma auris]
B9J08_000880	B9J08_02838	True	100	100	100	1534	100	100	100	1534	KAK8441517.1	KAK8441517.1 hypothetical protein B9J08_02838 [Candidozyma auris]
B9J08_000881	B9J08_02839	True	100	100	100	908	100	100	100	908	KAK8441518.1	KAK8441518.1 hypothetical protein B9J08_02839 [Candidozyma auris]
B9J08_000882	B9J08_02840	True	100	100	100	243	100	100	100	243	KAK8441519.1	KAK8441519.1 hypothetical protein B9J08_02840 [Candidozyma auris]
B9J08_000883	B9J08_02841	True	100	100	100	717	100	100	100	717	KAK8441520.1	KAK8441520.1 hypothetical protein B9J08_02841 [Candidozyma auris]
B9J08_000884	B9J08_02842	True	100	100	100	216	100	100	100	216	KAK8441521.1	KAK8441521.1 hypothetical protein B9J08_02842 [Candidozyma auris]
B9J08_000885	B9J08_02843	True	100	100	100	1342	100	100	100	1342	KAK8441522.1	KAK8441522.1 hypothetical protein B9J08_02843 [Candidozyma auris]
B9J08_000886	B9J08_02844	True	100	100	100	464	100	100	100	464	KAK8441523.1	KAK8441523.1 hypothetical protein B9J08_02844 [Candidozyma auris]
B9J08_000887	B9J08_02845	True	100	100	100	2027	100	100	100	2027	KAK8441524.1	KAK8441524.1 hypothetical protein B9J08_02845 [Candidozyma auris]
B9J08_000888	B9J08_02846	True	100	100	100	729	100	100	100	729	KAK8441525.1	KAK8441525.1 hypothetical protein B9J08_02846 [Candidozyma auris]
B9J08_000889	B9J08_02847	True	100	100	100	405	100	100	100	405	KAK8441526.1	KAK8441526.1 hypothetical protein B9J08_02847 [Candidozyma auris]
B9J08_000890	B9J08_02848	True	100	100	100	250	100	100	100	250	KAK8441527.1	KAK8441527.1 hypothetical protein B9J08_02848 [Candidozyma auris]
B9J08_000891	B9J08_02849	True	100	100	100	315	100	100	100	315	KAK8441528.1	KAK8441528.1 hypothetical protein B9J08_02849 [Candidozyma auris]
B9J08_000892	B9J08_02850	True	100	100	100	238	100	100	100	238	KAK8441529.1	KAK8441529.1 hypothetical protein B9J08_02850 [Candidozyma auris]
B9J08_000894	B9J08_02852	True	100	100	100	320	100	100	100	320	KAK8441530.1	KAK8441530.1 hypothetical protein B9J08_02852 [Candidozyma auris]
B9J08_000895		False	100	100	100	474						KAK8441531.1 ribulose-phosphate 3-epimerase [Candidozyma auris]
B9J08_000896	B9J08_02854	True	100	100	100	1072	100	100	100	1072	KAK8441532.1	KAK8441532.1 hypothetical protein B9J08_02854 [Candidozyma auris]
B9J08_000897	B9J08_02855	True	100	100	100	337	100	100	100	337	KAK8441533.1	KAK8441533.1 hypothetical protein B9J08_02855 [Candidozyma auris]
B9J08_000898	B9J08_02856	True	100	100	100	739	100	100	100	739	KAK8441534.1	KAK8441534.1 hypothetical protein B9J08_02856 [Candidozyma auris]
B9J08_000899	B9J08_02857	True	100	100	100	291	100	100	100	291	KAK8441535.1	KAK8441535.1 hypothetical protein B9J08_02857 [Candidozyma auris]
B9J08_000900	B9J08_02858	True	100	100	100	1084	100	100	100	1084	KAK8441536.1	KAK8441536.1 hypothetical protein B9J08_02858 [Candidozyma auris]
B9J08_000901	B9J08_02859	True	100	100	100	1122	100	100	100	1122	KAK8441537.1	KAK8441537.1 hypothetical protein B9J08_02859 [Candidozyma auris]
B9J08_000902	B9J08_02860	True	100	100	100	1474	100	100	100	1474	KAK8441538.1	KAK8441538.1 hypothetical protein B9J08_02860 [Candidozyma auris]
B9J08_000903	B9J08_02861	True	100	100	100	1162	100	100	100	1162	KAK8441539.1	KAK8441539.1 hypothetical protein B9J08_02861 [Candidozyma auris]
B9J08_000904	B9J08_02862	True	100	100	100	1910	100	100	100	1910	KAK8441540.1	KAK8441540.1 hypothetical protein B9J08_02862 [Candidozyma auris]
B9J08_000905	B9J08_02863	True	100	100	100	408	100	100	100	408	KAK8441541.1	KAK8441541.1 hypothetical protein B9J08_02863 [Candidozyma auris]
B9J08_000906	B9J08_02864	True	100	100	100	140	100	100	100	140	KAK8441542.1	KAK8441542.1 hypothetical protein B9J08_02864 [Candidozyma auris]
B9J08_000907	B9J08_02865	True	100	100	100	1727	100	100	100	1727	KAK8441543.1	KAK8441543.1 hypothetical protein B9J08_02865 [Candidozyma auris]
B9J08_000908	B9J08_02866	True	100	100	100	366	100	100	100	366	KAK8441544.1	KAK8441544.1 hypothetical protein B9J08_02866 [Candidozyma auris]
B9J08_000909	B9J08_02867	True	100	100	100	951	100	100	100	951	KAK8441545.1	KAK8441545.1 hypothetical protein B9J08_02867 [Candidozyma auris]
B9J08_000910	B9J08_02868	True	100	100	100	952	100	100	100	952	KAK8441546.1	KAK8441546.1 hypothetical protein B9J08_02868 [Candidozyma auris]
B9J08_000911	B9J08_02869	True	100	100	100	324	100	100	100	324	KAK8441547.1	KAK8441547.1 hypothetical protein B9J08_02869 [Candidozyma auris]
B9J08_000912	B9J08_02870	True	100	100	100	1296	100	100	100	1296	KAK8441548.1	KAK8441548.1 hypothetical protein B9J08_02870 [Candidozyma auris]
B9J08_000913	B9J08_02871	True	100	100	100	862	100	100	100	862	KAK8441549.1	KAK8441549.1 hypothetical protein B9J08_02871 [Candidozyma auris]
B9J08_000914		False	100	100	100	381						KAK8441550.1 elongation factor 1-beta [Candidozyma auris]
B9J08_000915	B9J08_02873	True	100	100	100	506	100	100	100	506	KAK8441551.1	KAK8441551.1 hypothetical protein B9J08_02873 [Candidozyma auris]
B9J08_000916	B9J08_02874	True	100	100	100	2304	100	100	100	2304	KAK8441552.1	KAK8441552.1 hypothetical protein B9J08_02874 [Candidozyma auris]
B9J08_000917	B9J08_02875	True	100	100	100	423	100	100	100	423	KAK8441553.1	KAK8441553.1 hypothetical protein B9J08_02875 [Candidozyma auris]
B9J08_000918	B9J08_02876	True	100	100	100	1035	100	100	100	1035	KAK8441554.1	KAK8441554.1 hypothetical protein B9J08_02876 [Candidozyma auris]
B9J08_000919	B9J08_02877	True	100	100	100	415	100	100	100	415	KAK8441555.1	KAK8441555.1 hypothetical protein B9J08_02877 [Candidozyma auris]
B9J08_000920	B9J08_02878	True	100	100	100	715	100	100	100	715	KAK8441556.1	KAK8441556.1 hypothetical protein B9J08_02878 [Candidozyma auris]
B9J08_000921	B9J08_02879	True	100	100	100	1562	100	100	100	1562	KAK8441557.1	KAK8441557.1 hypothetical protein B9J08_02879 [Candidozyma auris]
B9J08_000922	B9J08_02880	True	100	100	100	3032	100	100	100	3032	KAK8441558.1	KAK8441558.1 hypothetical protein B9J08_02880 [Candidozyma auris]
B9J08_000923	B9J08_02881	True	100	100	100	1041	100	100	100	1041	KAK8441559.1	KAK8441559.1 hypothetical protein B9J08_02881 [Candidozyma auris]
B9J08_000924	B9J08_02882	True	100	100	100	993	100	100	100	993	KAK8441560.1	KAK8441560.1 hypothetical protein B9J08_02882 [Candidozyma auris]
B9J08_000925	B9J08_02883	True	100	100	100	1407	100	100	100	1407	KAK8441561.1	KAK8441561.1 hypothetical protein B9J08_02883 [Candidozyma auris]
B9J08_000926	B9J08_02884	True	100	100	100	2602	100	100	100	2602	KAK8441562.1	KAK8441562.1 hypothetical protein B9J08_02884 [Candidozyma auris]
B9J08_000927	B9J08_02885	True	100	100	100	1128	100	100	100	1128	KAK8441563.1	KAK8441563.1 hypothetical protein B9J08_02885 [Candidozyma auris]
B9J08_000928	B9J08_02886	True	100	100	100	548	100	100	100	548	KAK8441564.1	KAK8441564.1 hypothetical protein B9J08_02886 [Candidozyma auris]
B9J08_000929	B9J08_02887	True	100	99.1	99.1	3521	100	99.1	99.1	3521	KAK8441565.1	KAK8441565.1 hypothetical protein B9J08_02887 [Candidozyma auris]
B9J08_000930	B9J08_02888	True	100	100	100	668	100	100	100	668	KAK8441566.1	KAK8441566.1 hypothetical protein B9J08_02888 [Candidozyma auris]
B9J08_000931	B9J08_02889	True	100	100	100	1291	100	100	100	1291	KAK8441567.1	KAK8441567.1 hypothetical protein B9J08_02889 [Candidozyma auris]
B9J08_000932	B9J08_02890	True	100	100	100	820	100	100	100	820	KAK8441568.1	KAK8441568.1 hypothetical protein B9J08_02890 [Candidozyma auris]
B9J08_000933	B9J08_02891	True	100	100	100	848	100	100	100	848	KAK8441569.1	KAK8441569.1 hypothetical protein B9J08_02891 [Candidozyma auris]
B9J08_000934		False	100	100	100	1048						KAK8441570.1 nucleolar GTP-binding protein 2 [Candidozyma auris]
B9J08_000935	B9J08_02893	True	100	100	100	1815	100	100	100	1815	KAK8441571.1	KAK8441571.1 hypothetical protein B9J08_02893 [Candidozyma auris]
B9J08_000936	B9J08_02894	True	100	100	100	1513	100	100	100	1513	KAK8441572.1	KAK8441572.1 hypothetical protein B9J08_02894 [Candidozyma auris]
B9J08_000937	B9J08_02895	True	100	100	100	1162	100	100	100	1162	KAK8441573.1	KAK8441573.1 hypothetical protein B9J08_02895 [Candidozyma auris]
B9J08_000938	B9J08_02896	True	100	100	100	1126	100	100	100	1126	KAK8441574.1	KAK8441574.1 hypothetical protein B9J08_02896 [Candidozyma auris]
B9J08_000939	B9J08_02897	True	100	100	100	1972	100	100	100	1972	KAK8441575.1	KAK8441575.1 hypothetical protein B9J08_02897 [Candidozyma auris]
B9J08_000940	B9J08_02898	True	100	100	100	578	100	100	100	578	KAK8441576.1	KAK8441576.1 hypothetical protein B9J08_02898 [Candidozyma auris]
B9J08_000941	B9J08_02899	True	100	100	100	346	100	100	100	346	KAK8441577.1	KAK8441577.1 hypothetical protein B9J08_02899 [Candidozyma auris]
B9J08_000942	B9J08_02900	True	100	100	100	657	100	100	100	657	KAK8441578.1	KAK8441578.1 hypothetical protein B9J08_02900 [Candidozyma auris]
B9J08_000943	B9J08_02901	True	100	100	100	874	100	100	100	874	KAK8441579.1	KAK8441579.1 hypothetical protein B9J08_02901 [Candidozyma auris]
B9J08_000944		False	100	100	100	484						KAK8441580.1 YjeF family domain-containing protein [Candidozyma auris]
B9J08_000945	B9J08_02903	True	100	100	100	1086	100	100	100	1086	KAK8441581.1	KAK8441581.1 hypothetical protein B9J08_02903 [Candidozyma auris]
B9J08_000946	B9J08_02904	True	100	100	100	1682	100	100	100	1682	KAK8441582.1	KAK8441582.1 hypothetical protein B9J08_02904 [Candidozyma auris]
B9J08_000947	B9J08_02905	True	100	100	100	464	100	100	100	464	KAK8441583.1	KAK8441583.1 hypothetical protein B9J08_02905 [Candidozyma auris]
B9J08_000948	B9J08_02906	True	100	100	100	744	100	100	100	744	KAK8441584.1	KAK8441584.1 hypothetical protein B9J08_02906 [Candidozyma auris]
B9J08_000949	B9J08_02907	True	100	100	100	566	100	100	100	566	KAK8441585.1	KAK8441585.1 hypothetical protein B9J08_02907 [Candidozyma auris]
B9J08_000950	B9J08_02908	True	100	100	100	1590	100	100	100	1590	KAK8441586.1	KAK8441586.1 hypothetical protein B9J08_02908 [Candidozyma auris]
B9J08_000951	B9J08_02909	True	100	100	100	702	100	100	100	702	KAK8441587.1	KAK8441587.1 hypothetical protein B9J08_02909 [Candidozyma auris]
B9J08_000952	B9J08_02910	True	100	100	100	226	100	100	100	226	KAK8441588.1	KAK8441588.1 hypothetical protein B9J08_02910 [Candidozyma auris]
B9J08_000953	B9J08_02911	True	100	100	100	208	100	100	100	208	KAK8441589.1	KAK8441589.1 hypothetical protein B9J08_02911 [Candidozyma auris]
B9J08_000954	B9J08_02912	True	100	100	100	1081	100	100	100	1081	KAK8441590.1	KAK8441590.1 hypothetical protein B9J08_02912 [Candidozyma auris]
B9J08_000955		False	100	100	100	231						KAK8441591.1 ribosomal protein L24 [Candidozyma auris]
B9J08_000957	B9J08_02915	True	100	100	100	487	100	100	100	487	KAK8441592.1	KAK8441592.1 hypothetical protein B9J08_02915 [Candidozyma auris]
B9J08_000958	B9J08_02916	True	100	100	100	1160	100	100	100	1160	KAK8441593.1	KAK8441593.1 hypothetical protein B9J08_02916 [Candidozyma auris]
B9J08_000959	B9J08_02917	True	100	100	100	1733	100	100	100	1733	KAK8441594.1	KAK8441594.1 hypothetical protein B9J08_02917 [Candidozyma auris]
B9J08_000960	B9J08_02918	True	100	100	100	367	100	100	100	367	KAK8441595.1	KAK8441595.1 hypothetical protein B9J08_02918 [Candidozyma auris]
B9J08_000961	B9J08_02919	True	100	100	100	1341	100	100	100	1341	KAK8441596.1	KAK8441596.1 hypothetical protein B9J08_02919 [Candidozyma auris]
B9J08_000962	B9J08_02920	True	100	100	100	604	100	100	100	604	KAK8441597.1	KAK8441597.1 hypothetical protein B9J08_02920 [Candidozyma auris]
B9J08_000963	B9J08_02921	True	100	100	100	880	100	100	100	880	KAK8441598.1	KAK8441598.1 hypothetical protein B9J08_02921 [Candidozyma auris]
B9J08_000964		False	100	100	100	3702						KAK8441599.1 1,3-beta-glucan synthase component FKS1 [Candidozyma auris]
B9J08_000965	B9J08_02923	True	100	100	100	1212	100	100	100	1212	KAK8441600.1	KAK8441600.1 hypothetical protein B9J08_02923 [Candidozyma auris]
B9J08_000966	B9J08_02924	True	100	100	100	1961	100	100	100	1961	KAK8441601.1	KAK8441601.1 hypothetical protein B9J08_02924 [Candidozyma auris]
B9J08_000967	B9J08_02925	True	100	100	100	795	100	100	100	795	KAK8441602.1	KAK8441602.1 hypothetical protein B9J08_02925 [Candidozyma auris]
B9J08_000968	B9J08_02926	True	100	100	100	168	100	100	100	168	KAK8441603.1	KAK8441603.1 hypothetical protein B9J08_02926 [Candidozyma auris]
B9J08_000969		False	100	100	100	2082						KAK8441604.1 potassium/sodium efflux P-type ATPase, fungal-type [Candidozyma auris]
B9J08_000970	B9J08_02928	True	100	100	100	1033	100	100	100	1033	KAK8441605.1	KAK8441605.1 hypothetical protein B9J08_02928 [Candidozyma auris]
B9J08_000971	B9J08_02929	True	100	100	100	1933	100	100	100	1933	KAK8441606.1	KAK8441606.1 hypothetical protein B9J08_02929 [Candidozyma auris]
B9J08_000972	B9J08_02930	True	100	100	100	618	100	100	100	618	KAK8441607.1	KAK8441607.1 hypothetical protein B9J08_02930 [Candidozyma auris]
B9J08_000973	B9J08_02931	True	100	100	100	420	100	100	100	420	KAK8441608.1	KAK8441608.1 hypothetical protein B9J08_02931 [Candidozyma auris]
B9J08_000974	B9J08_02932	True	100	100	100	671	100	100	100	671	KAK8441609.1	KAK8441609.1 hypothetical protein B9J08_02932 [Candidozyma auris]
B9J08_000975		False	100	100	100	988						KAK8441610.1 phenylalanine-tRNA ligase, alpha subunit [Candidozyma auris]
B9J08_000976		False	100	100	100	953						KAK8441611.1 dihydrolipoyl dehydrogenase [Candidozyma auris]
B9J08_000977	B9J08_02935	True	100	100	100	1437	100	100	100	1437	KAK8441612.1	KAK8441612.1 hypothetical protein B9J08_02935 [Candidozyma auris]
B9J08_000978	B9J08_02936	True	100	100	100	656	100	100	100	656	KAK8441613.1	KAK8441613.1 hypothetical protein B9J08_02936 [Candidozyma auris]
B9J08_000979	B9J08_02937	True	100	100	100	1009	100	100	100	1009	KAK8441614.1	KAK8441614.1 hypothetical protein B9J08_02937 [Candidozyma auris]
B9J08_000980		False	100	100	100	828						KAK8441615.1 isocitrate dehydrogenase [NADP] peroxisomal [Candidozyma auris]
B9J08_000981	B9J08_02939	True	100	100	100	776	100	100	100	776	KAK8441616.1	KAK8441616.1 hypothetical protein B9J08_02939 [Candidozyma auris]
B9J08_000982	B9J08_02940	True	100	100	100	1982	100	100	100	1982	KAK8441617.1	KAK8441617.1 hypothetical protein B9J08_02940 [Candidozyma auris]
B9J08_000983	B9J08_02941	True	100	100	100	166	100	100	100	166	KAK8441618.1	KAK8441618.1 hypothetical protein B9J08_02941 [Candidozyma auris]
B9J08_000984	B9J08_02942	True	100	100	100	2060	100	100	100	2060	KAK8441619.1	KAK8441619.1 hypothetical protein B9J08_02942 [Candidozyma auris]
B9J08_000985	B9J08_02943	True	100	100	100	1026	100	100	100	1026	KAK8441620.1	KAK8441620.1 hypothetical protein B9J08_02943 [Candidozyma auris]
B9J08_000986	B9J08_02944	True	100	100	100	277	100	100	100	277	KAK8441621.1	KAK8441621.1 hypothetical protein B9J08_02944 [Candidozyma auris]
B9J08_000987	B9J08_02945	True	100	100	100	632	100	100	100	632	KAK8441622.1	KAK8441622.1 hypothetical protein B9J08_02945 [Candidozyma auris]
B9J08_000988	B9J08_02946	True	100	100	100	1110	100	100	100	1110	KAK8441623.1	KAK8441623.1 hypothetical protein B9J08_02946 [Candidozyma auris]
B9J08_000989	B9J08_02947	True	100	100	100	714	100	100	100	714	KAK8441624.1	KAK8441624.1 hypothetical protein B9J08_02947 [Candidozyma auris]
B9J08_000990	B9J08_02948	True	100	100	100	934	100	100	100	934	KAK8441625.1	KAK8441625.1 hypothetical protein B9J08_02948 [Candidozyma auris]
B9J08_000992		False	100	100	100	725						KAK8441626.1 tRNA-intron endonuclease [Candidozyma auris]
B9J08_000993	B9J08_02951	True	100	100	100	230	100	100	100	230	KAK8441627.1	KAK8441627.1 hypothetical protein B9J08_02951 [Candidozyma auris]
B9J08_000994	B9J08_02952	True	100	100	100	1500	100	100	100	1500	KAK8441628.1	KAK8441628.1 hypothetical protein B9J08_02952 [Candidozyma auris]
B9J08_000995	B9J08_02953	True	100	100	100	1620	100	100	100	1620	KAK8441629.1	KAK8441629.1 hypothetical protein B9J08_02953 [Candidozyma auris]
B9J08_000996		False	100	100	100	768						KAK8441630.1 ATP-dependent RNA helicase eIF4A [Candidozyma auris]
B9J08_000997	B9J08_02955	True	100	100	100	1103	100	100	100	1103	KAK8441631.1	KAK8441631.1 hypothetical protein B9J08_02955 [Candidozyma auris]
B9J08_000998		False	100	100	100	179						KAK8441632.1 40S ribosomal protein S21 [Candidozyma auris]
B9J08_000999	B9J08_02957	True	100	100	100	1097	100	100	100	1097	KAK8441633.1	KAK8441633.1 hypothetical protein B9J08_02957 [Candidozyma auris]
B9J08_001000	B9J08_02958	True	100	100	100	1006	100	100	100	1006	KAK8441634.1	KAK8441634.1 hypothetical protein B9J08_02958 [Candidozyma auris]
B9J08_001001	B9J08_02959	True	100	100	100	612	100	100	100	612	KAK8441635.1	KAK8441635.1 hypothetical protein B9J08_02959 [Candidozyma auris]
B9J08_001002	B9J08_02960	True	100	100	100	841	100	100	100	841	KAK8441636.1	KAK8441636.1 hypothetical protein B9J08_02960 [Candidozyma auris]
B9J08_001003	B9J08_02961	True	100	100	100	1087	100	100	100	1087	KAK8441637.1	KAK8441637.1 hypothetical protein B9J08_02961 [Candidozyma auris]
B9J08_001004	B9J08_02962	True	100	100	100	1011	100	100	100	1011	KAK8441638.1	KAK8441638.1 hypothetical protein B9J08_02962 [Candidozyma auris]
B9J08_001005		False	100	100	100	397						KAK8441639.1 V-type proton ATPase subunit E [Candidozyma auris]
B9J08_001006	B9J08_02964	True	100	100	100	890	100	100	100	890	KAK8441640.1	KAK8441640.1 hypothetical protein B9J08_02964 [Candidozyma auris]
B9J08_001007	B9J08_02965	True	100	100	100	557	100	100	100	557	KAK8441641.1	KAK8441641.1 hypothetical protein B9J08_02965 [Candidozyma auris]
B9J08_001008	B9J08_02966	True	100	100	100	1505	100	100	100	1505	KAK8441642.1	KAK8441642.1 hypothetical protein B9J08_02966 [Candidozyma auris]
B9J08_001009	B9J08_02967	True	100	100	100	586	100	100	100	586	KAK8441643.1	KAK8441643.1 hypothetical protein B9J08_02967 [Candidozyma auris]
B9J08_001010	B9J08_02968	True	100	100	100	165	100	100	100	165	KAK8441644.1	KAK8441644.1 hypothetical protein B9J08_02968 [Candidozyma auris]
B9J08_001011	B9J08_02969	True	100	100	100	835	100	100	100	835	KAK8441645.1	KAK8441645.1 hypothetical protein B9J08_02969 [Candidozyma auris]
B9J08_001012	B9J08_02970	True	100	100	100	656	100	100	100	656	KAK8441646.1	KAK8441646.1 hypothetical protein B9J08_02970 [Candidozyma auris]
B9J08_001013	B9J08_02971	True	100	100	100	726	100	100	100	726	KAK8441647.1	KAK8441647.1 hypothetical protein B9J08_02971 [Candidozyma auris]
B9J08_001014	B9J08_02972	True	100	100	100	434	100	100	100	434	KAK8441648.1	KAK8441648.1 hypothetical protein B9J08_02972 [Candidozyma auris]
B9J08_001015	B9J08_02973	True	100	100	100	1087	100	100	100	1087	KAK8441649.1	KAK8441649.1 hypothetical protein B9J08_02973 [Candidozyma auris]
B9J08_001016	B9J08_02974	True	100	100	100	1155	100	100	100	1155	KAK8441650.1	KAK8441650.1 hypothetical protein B9J08_02974 [Candidozyma auris]
B9J08_001017	B9J08_02975	True	100	100	100	1108	100	100	100	1108	KAK8441651.1	KAK8441651.1 hypothetical protein B9J08_02975 [Candidozyma auris]
B9J08_001018	B9J08_02976	True	100	100	100	4482	100	100	100	4482	KAK8441652.1	KAK8441652.1 hypothetical protein B9J08_02976 [Candidozyma auris]
B9J08_001019	B9J08_02977	True	100	100	100	750	100	100	100	750	KAK8441653.1	KAK8441653.1 hypothetical protein B9J08_02977 [Candidozyma auris]
B9J08_001020	B9J08_02978	True	100	100	100	3538	100	100	100	3538	KAK8441654.1	KAK8441654.1 hypothetical protein B9J08_02978 [Candidozyma auris]
B9J08_001021	B9J08_02979	True	100	100	100	616	100	100	100	616	KAK8441655.1	KAK8441655.1 hypothetical protein B9J08_02979 [Candidozyma auris]
B9J08_001022	B9J08_02980	True	100	100	100	563	100	100	100	563	KAK8441656.1	KAK8441656.1 hypothetical protein B9J08_02980 [Candidozyma auris]
B9J08_001023	B9J08_02981	True	100	100	100	228	100	100	100	228	KAK8441657.1	KAK8441657.1 hypothetical protein B9J08_02981 [Candidozyma auris]
B9J08_001024	B9J08_02982	True	100	100	100	1694	100	100	100	1694	KAK8441658.1	KAK8441658.1 hypothetical protein B9J08_02982 [Candidozyma auris]
B9J08_001025	B9J08_02983	True	100	100	100	1414	100	100	100	1414	KAK8441659.1	KAK8441659.1 hypothetical protein B9J08_02983 [Candidozyma auris]
B9J08_001026	B9J08_02984	True	100	100	100	224	100	100	100	224	KAK8441660.1	KAK8441660.1 hypothetical protein B9J08_02984 [Candidozyma auris]
B9J08_001027	B9J08_02985	True	100	100	100	705	100	100	100	705	KAK8441661.1	KAK8441661.1 hypothetical protein B9J08_02985 [Candidozyma auris]
B9J08_001028	B9J08_02986	True	100	100	100	710	100	100	100	710	KAK8441662.1	KAK8441662.1 hypothetical protein B9J08_02986 [Candidozyma auris]
B9J08_001029	B9J08_02987	True	100	100	100	389	100	100	100	389	KAK8441663.1	KAK8441663.1 hypothetical protein B9J08_02987 [Candidozyma auris]
B9J08_001030	B9J08_02988	True	100	100	100	2301	100	100	100	2301	KAK8441664.1	KAK8441664.1 hypothetical protein B9J08_02988 [Candidozyma auris]
B9J08_001031		False	100	100	100	232						KAK8441665.1 FK506-binding protein 1 [Candidozyma auris]
B9J08_001032	B9J08_02990	True	100	100	100	1145	100	100	100	1145	KAK8441666.1	KAK8441666.1 hypothetical protein B9J08_02990 [Candidozyma auris]
B9J08_001033	B9J08_02991	True	100	100	100	952	100	100	100	952	KAK8441667.1	KAK8441667.1 hypothetical protein B9J08_02991 [Candidozyma auris]
B9J08_001034	B9J08_02992	True	100	100	100	742	100	100	100	742	KAK8441668.1	KAK8441668.1 hypothetical protein B9J08_02992 [Candidozyma auris]
B9J08_001035	B9J08_02993	True	100	100	100	335	100	100	100	335	KAK8441669.1	KAK8441669.1 hypothetical protein B9J08_02993 [Candidozyma auris]
B9J08_001036	B9J08_02994	True	100	100	100	782	100	100	100	782	KAK8441670.1	KAK8441670.1 hypothetical protein B9J08_02994 [Candidozyma auris]
B9J08_001037	B9J08_02995	True	100	100	100	243	100	100	100	243	KAK8441671.1	KAK8441671.1 hypothetical protein B9J08_02995 [Candidozyma auris]
B9J08_001038	B9J08_02996	True	100	100	100	1637	100	100	100	1637	KAK8441672.1	KAK8441672.1 hypothetical protein B9J08_02996 [Candidozyma auris]
B9J08_001039		False	100	100	100	1083						KAK8441673.1 TIGR01456 family HAD hydrolase [Candidozyma auris]
B9J08_001040	B9J08_02998	True	100	100	100	305	100	100	100	305	KAK8441674.1	KAK8441674.1 hypothetical protein B9J08_02998 [Candidozyma auris]
B9J08_001041	B9J08_02999	True	100	100	100	483	100	100	100	483	KAK8441675.1	KAK8441675.1 hypothetical protein B9J08_02999 [Candidozyma auris]
B9J08_001042	B9J08_03000	True	100	100	100	1340	100	100	100	1340	KAK8441676.1	KAK8441676.1 hypothetical protein B9J08_03000 [Candidozyma auris]
B9J08_001043	B9J08_03001	True	100	100	100	573	100	100	100	573	KAK8441677.1	KAK8441677.1 hypothetical protein B9J08_03001 [Candidozyma auris]
B9J08_001044	B9J08_03002	True	100	100	100	573	100	100	100	573	KAK8441678.1	KAK8441678.1 hypothetical protein B9J08_03002 [Candidozyma auris]
B9J08_001045		False	100	100	100	2461						KAK8441679.1 DNA-directed RNA polymerase II subunit RPB2 [Candidozyma auris]
B9J08_001046		False	100	100	100	350						KAK8441680.1 ribosomal protein L13 [Candidozyma auris]
B9J08_001047		False	100	100	100	351						KAK8441681.1 DNA-directed RNA polymerase II subunit rpb7 [Candidozyma auris]
B9J08_001048	B9J08_03006	True	100	100	100	2336	100	100	100	2336	KAK8441682.1	KAK8441682.1 hypothetical protein B9J08_03006 [Candidozyma auris]
B9J08_001049		False	100	100	100	1231						KAK8441683.1 arginine-tRNA ligase, cytoplasmic [Candidozyma auris]
B9J08_001050	B9J08_03008	True	100	100	100	378	100	100	100	378	KAK8441684.1	KAK8441684.1 hypothetical protein B9J08_03008 [Candidozyma auris]
B9J08_001051	B9J08_03009	True	100	100	100	1216	100	100	100	1216	KAK8441685.1	KAK8441685.1 hypothetical protein B9J08_03009 [Candidozyma auris]
B9J08_001052	B9J08_03010	True	100	100	100	1350	100	100	100	1350	KAK8441686.1	KAK8441686.1 hypothetical protein B9J08_03010 [Candidozyma auris]
B9J08_001053	B9J08_03011	True	100	100	100	852	100	100	100	852	KAK8441687.1	KAK8441687.1 hypothetical protein B9J08_03011 [Candidozyma auris]
B9J08_001054	B9J08_03012	True	100	100	100	223	100	100	100	223	KAK8441688.1	KAK8441688.1 hypothetical protein B9J08_03012 [Candidozyma auris]
B9J08_001062	B9J08_03312	True	100	100	100	1084	100	100	100	1084	KAK8440214.1	KAK8440214.1 hypothetical protein B9J08_03312 [Candidozyma auris]
B9J08_001063	B9J08_03313	True	100	100	100	868	100	100	100	868	KAK8440215.1	KAK8440215.1 hypothetical protein B9J08_03313 [Candidozyma auris]
B9J08_001064	B9J08_03314	True	100	100	100	798	100	100	100	798	KAK8440216.1	KAK8440216.1 hypothetical protein B9J08_03314 [Candidozyma auris]
B9J08_001065	B9J08_03315	True	100	100	100	545	100	100	100	545	KAK8440217.1	KAK8440217.1 hypothetical protein B9J08_03315 [Candidozyma auris]
B9J08_001066	B9J08_03316	True	100	100	100	2246	100	100	100	2246	KAK8440218.1	KAK8440218.1 hypothetical protein B9J08_03316 [Candidozyma auris]
B9J08_001067	B9J08_03317	True	100	100	100	736	100	100	100	736	KAK8440219.1	KAK8440219.1 hypothetical protein B9J08_03317 [Candidozyma auris]
B9J08_001068	B9J08_03318	True	100	100	100	652	100	100	100	652	KAK8440220.1	KAK8440220.1 hypothetical protein B9J08_03318 [Candidozyma auris]
B9J08_001069	B9J08_03319	True	100	100	100	508	100	100	100	508	KAK8440221.1	KAK8440221.1 hypothetical protein B9J08_03319 [Candidozyma auris]
B9J08_001070	B9J08_03320	True	100	100	100	1164	100	100	100	1164	KAK8440222.1	KAK8440222.1 hypothetical protein B9J08_03320 [Candidozyma auris]
B9J08_001071	B9J08_03321	True	100	100	100	1217	100	100	100	1217	KAK8440223.1	KAK8440223.1 hypothetical protein B9J08_03321 [Candidozyma auris]
B9J08_001072	B9J08_03322	True	100	100	100	428	100	100	100	428	KAK8440224.1	KAK8440224.1 hypothetical protein B9J08_03322 [Candidozyma auris]
B9J08_001073		False	100	100	100	773						KAK8440225.1 glycine cleavage system T protein [Candidozyma auris]
B9J08_001074	B9J08_03324	True	100	100	100	216	100	100	100	216	KAK8440226.1	KAK8440226.1 hypothetical protein B9J08_03324 [Candidozyma auris]
B9J08_001075	B9J08_03325	True	100	100	100	5526	100	100	100	5526	KAK8440227.1	KAK8440227.1 hypothetical protein B9J08_03325 [Candidozyma auris]
B9J08_001076	B9J08_03326	True	100	100	100	657	100	100	100	657	KAK8440228.1	KAK8440228.1 hypothetical protein B9J08_03326 [Candidozyma auris]
B9J08_001077	B9J08_03327	True	100	100	100	1244	100	100	100	1244	KAK8440229.1	KAK8440229.1 hypothetical protein B9J08_03327 [Candidozyma auris]
B9J08_001078	B9J08_03328	True	100	100	100	451	100	100	100	451	KAK8440230.1	KAK8440230.1 hypothetical protein B9J08_03328 [Candidozyma auris]
B9J08_001079	B9J08_03329	True	100	100	100	404	100	100	100	404	KAK8440231.1	KAK8440231.1 hypothetical protein B9J08_03329 [Candidozyma auris]
B9J08_001080	B9J08_03330	True	100	100	100	274	100	100	100	274	KAK8440232.1	KAK8440232.1 hypothetical protein B9J08_03330 [Candidozyma auris]
B9J08_001081		False	100	100	100	276						KAK8440233.1 60S ribosomal protein L23-B [Candidozyma auris]
B9J08_001082	B9J08_03332	True	100	100	100	1566	100	100	100	1566	KAK8440234.1	KAK8440234.1 hypothetical protein B9J08_03332 [Candidozyma auris]
B9J08_001083	B9J08_03333	True	100	100	100	328	100	100	100	328	KAK8440235.1	KAK8440235.1 hypothetical protein B9J08_03333 [Candidozyma auris]
B9J08_001084	B9J08_03334	True	100	100	100	522	100	100	100	522	KAK8440236.1	KAK8440236.1 hypothetical protein B9J08_03334 [Candidozyma auris]
B9J08_001085		False	100	100	100	832						KAK8440237.1 26S protease regulatory subunit 4 [Candidozyma auris]
B9J08_001086		False	100	100	100	244						KAK8440238.1 thioredoxin [Candidozyma auris]
B9J08_001087	B9J08_03337	True	100	100	100	1077	100	100	100	1077	KAK8440239.1	KAK8440239.1 hypothetical protein B9J08_03337 [Candidozyma auris]
B9J08_001088	B9J08_03338	True	100	100	100	339	100	100	100	339	KAK8440240.1	KAK8440240.1 hypothetical protein B9J08_03338 [Candidozyma auris]
B9J08_001089	B9J08_03339	True	100	100	100	316	100	100	100	316	KAK8440241.1	KAK8440241.1 hypothetical protein B9J08_03339 [Candidozyma auris]
B9J08_001090		False	100	100	100	637						KAK8440242.1 thioredoxin reductase [Candidozyma auris]
B9J08_001091	B9J08_03341	True	100	100	100	439	100	100	100	439	KAK8440243.1	KAK8440243.1 hypothetical protein B9J08_03341 [Candidozyma auris]
B9J08_001092	B9J08_03342	True	100	100	100	689	100	100	100	689	KAK8440244.1	KAK8440244.1 hypothetical protein B9J08_03342 [Candidozyma auris]
B9J08_001093	B9J08_03343	True	100	100	100	1931	100	100	100	1931	KAK8440245.1	KAK8440245.1 hypothetical protein B9J08_03343 [Candidozyma auris]
B9J08_001094	B9J08_03344	True	100	100	100	524	100	100	100	524	KAK8440246.1	KAK8440246.1 hypothetical protein B9J08_03344 [Candidozyma auris]
B9J08_001095		False	100	100	100	722						KAK8440247.1 tryptophan-tRNA ligase [Candidozyma auris]
B9J08_001096	B9J08_03346	True	100	100	100	1437	100	100	100	1437	KAK8440248.1	KAK8440248.1 hypothetical protein B9J08_03346 [Candidozyma auris]
B9J08_001098		False	100	100	100	610						KAK8440249.1 purine nucleoside phosphorylase I, inosine and guanosine-specific [Candidozyma auris]
B9J08_001099		False	100	100	100	458						KAK8440250.1 protein transporter SEC13 [Candidozyma auris]
B9J08_001100	B9J08_03350	True	100	100	100	363	100	100	100	363	KAK8440251.1	KAK8440251.1 hypothetical protein B9J08_03350 [Candidozyma auris]
B9J08_001101	B9J08_03351	True	100	100	100	1850	100	100	100	1850	KAK8440252.1	KAK8440252.1 hypothetical protein B9J08_03351 [Candidozyma auris]
B9J08_001102	B9J08_03352	True	100	100	100	434	100	100	100	434	KAK8440253.1	KAK8440253.1 hypothetical protein B9J08_03352 [Candidozyma auris]
B9J08_001103	B9J08_03353	True	100	100	100	689	100	100	100	689	KAK8440254.1	KAK8440254.1 hypothetical protein B9J08_03353 [Candidozyma auris]
B9J08_001104	B9J08_03354	True	100	100	100	719	100	100	100	719	KAK8440255.1	KAK8440255.1 hypothetical protein B9J08_03354 [Candidozyma auris]
B9J08_001105	B9J08_03355	True	100	100	100	1787	100	100	100	1787	KAK8440256.1	KAK8440256.1 hypothetical protein B9J08_03355 [Candidozyma auris]
B9J08_001106	B9J08_03356	True	100	100	100	510	100	100	100	510	KAK8440257.1	KAK8440257.1 hypothetical protein B9J08_03356 [Candidozyma auris]
B9J08_001107	B9J08_03357	True	100	100	100	1819	100	100	100	1819	KAK8440258.1	KAK8440258.1 hypothetical protein B9J08_03357 [Candidozyma auris]
B9J08_001108		False	100	100	100	669						KAK8440259.1 DNA repair protein rhp51 [Candidozyma auris]
B9J08_001109	B9J08_03359	True	100	100	100	1709	100	100	100	1709	KAK8440260.1	KAK8440260.1 hypothetical protein B9J08_03359 [Candidozyma auris]
B9J08_001110	B9J08_03360	True	100	100	100	398	100	100	100	398	KAK8440261.1	KAK8440261.1 hypothetical protein B9J08_03360 [Candidozyma auris]
B9J08_001111	B9J08_03361	True	100	100	100	1068	100	100	100	1068	KAK8440262.1	KAK8440262.1 hypothetical protein B9J08_03361 [Candidozyma auris]
B9J08_001112	B9J08_03362	True	100	100	100	599	100	100	100	599	KAK8440263.1	KAK8440263.1 hypothetical protein B9J08_03362 [Candidozyma auris]
B9J08_001113	B9J08_03363	True	100	100	100	809	100	100	100	809	KAK8440264.1	KAK8440264.1 hypothetical protein B9J08_03363 [Candidozyma auris]
B9J08_001114	B9J08_03364	True	100	100	100	863	100	100	100	863	KAK8440265.1	KAK8440265.1 hypothetical protein B9J08_03364 [Candidozyma auris]
B9J08_001115	B9J08_03365	True	100	100	100	868	100	100	100	868	KAK8440266.1	KAK8440266.1 hypothetical protein B9J08_03365 [Candidozyma auris]
B9J08_001116	B9J08_03366	True	100	100	100	733	100	100	100	733	KAK8440267.1	KAK8440267.1 hypothetical protein B9J08_03366 [Candidozyma auris]
B9J08_001117	B9J08_03367	True	100	100	100	446	100	100	100	446	KAK8440268.1	KAK8440268.1 hypothetical protein B9J08_03367 [Candidozyma auris]
B9J08_001118	B9J08_03368	True	100	100	100	671	100	100	100	671	KAK8440269.1	KAK8440269.1 hypothetical protein B9J08_03368 [Candidozyma auris]
B9J08_001119	B9J08_03369	True	100	100	100	1224	100	100	100	1224	KAK8440270.1	KAK8440270.1 hypothetical protein B9J08_03369 [Candidozyma auris]
B9J08_001120	B9J08_03370	True	100	100	100	1131	100	100	100	1131	KAK8440271.1	KAK8440271.1 hypothetical protein B9J08_03370 [Candidozyma auris]
B9J08_001121	B9J08_03371	True	100	100	100	957	100	100	100	957	KAK8440272.1	KAK8440272.1 hypothetical protein B9J08_03371 [Candidozyma auris]
B9J08_001122		False	100	100	100	1877						KAK8440273.1 alanine-tRNA ligase [Candidozyma auris]
B9J08_001123	B9J08_03373	True	100	100	100	586	100	100	100	586	KAK8440274.1	KAK8440274.1 hypothetical protein B9J08_03373 [Candidozyma auris]
B9J08_001124	B9J08_03374	True	100	100	100	1127	100	100	100	1127	KAK8440275.1	KAK8440275.1 hypothetical protein B9J08_03374 [Candidozyma auris]
B9J08_001125	B9J08_03375	True	100	100	100	2912	100	100	100	2912	KAK8440276.1	KAK8440276.1 hypothetical protein B9J08_03375 [Candidozyma auris]
B9J08_001126	B9J08_03376	True	100	100	100	796	100	100	100	796	KAK8440277.1	KAK8440277.1 hypothetical protein B9J08_03376 [Candidozyma auris]
B9J08_001127	B9J08_03377	True	100	100	100	494	100	100	100	494	KAK8440278.1	KAK8440278.1 hypothetical protein B9J08_03377 [Candidozyma auris]
B9J08_001128	B9J08_03378	True	100	100	100	585	100	100	100	585	KAK8440279.1	KAK8440279.1 hypothetical protein B9J08_03378 [Candidozyma auris]
B9J08_001129	B9J08_03379	True	100	100	100	761	100	100	100	761	KAK8440280.1	KAK8440280.1 hypothetical protein B9J08_03379 [Candidozyma auris]
B9J08_001130	B9J08_03380	True	100	100	100	2441	100	100	100	2441	KAK8440281.1	KAK8440281.1 hypothetical protein B9J08_03380 [Candidozyma auris]
B9J08_001131	B9J08_03381	True	100	100	100	1635	100	100	100	1635	KAK8440282.1	KAK8440282.1 hypothetical protein B9J08_03381 [Candidozyma auris]
B9J08_001132	B9J08_03382	True	100	100	100	1337	100	100	100	1337	KAK8440283.1	KAK8440283.1 hypothetical protein B9J08_03382 [Candidozyma auris]
B9J08_001133	B9J08_03383	True	100	100	100	427	100	100	100	427	KAK8440284.1	KAK8440284.1 hypothetical protein B9J08_03383 [Candidozyma auris]
B9J08_001134	B9J08_03384	True	100	100	100	210	100	100	100	210	KAK8440285.1	KAK8440285.1 hypothetical protein B9J08_03384 [Candidozyma auris]
B9J08_001135		False	100	100	100	609						KAK8440286.1 deoxyhypusine hydroxylase [Candidozyma auris]
B9J08_001136		False	100	100	100	1057						KAK8440287.1 T-complex protein 1 subunit epsilon [Candidozyma auris]
B9J08_001137	B9J08_03387	True	100	100	100	825	100	100	100	825	KAK8440288.1	KAK8440288.1 hypothetical protein B9J08_03387 [Candidozyma auris]
B9J08_001138	B9J08_03388	True	100	100	100	4807	100	100	100	4807	KAK8440289.1	KAK8440289.1 hypothetical protein B9J08_03388 [Candidozyma auris]
B9J08_001139		False	100	100	100	725						KAK8440290.1 18S rRNA biogenesis protein RCL1 [Candidozyma auris]
B9J08_001140	B9J08_03390	True	100	100	100	973	100	100	100	973	KAK8440291.1	KAK8440291.1 hypothetical protein B9J08_03390 [Candidozyma auris]
B9J08_001141	B9J08_03391	True	100	100	100	2261	100	100	100	2261	KAK8440292.1	KAK8440292.1 hypothetical protein B9J08_03391 [Candidozyma auris]
B9J08_001142	B9J08_03392	True	100	100	100	1201	100	100	100	1201	KAK8440293.1	KAK8440293.1 hypothetical protein B9J08_03392 [Candidozyma auris]
B9J08_001143		False	100	100	100	767						KAK8440294.1 ferrochelatase [Candidozyma auris]
B9J08_001144	B9J08_03394	True	100	100	100	530	100	100	100	530	KAK8440295.1	KAK8440295.1 hypothetical protein B9J08_03394 [Candidozyma auris]
B9J08_001145	B9J08_03395	True	100	100	100	317	100	100	100	317	KAK8440296.1	KAK8440296.1 hypothetical protein B9J08_03395 [Candidozyma auris]
B9J08_001146	B9J08_03396	True	100	100	100	920	100	100	100	920	KAK8440297.1	KAK8440297.1 hypothetical protein B9J08_03396 [Candidozyma auris]
B9J08_001147	B9J08_03397	True	100	100	100	218	100	100	100	218	KAK8440298.1	KAK8440298.1 hypothetical protein B9J08_03397 [Candidozyma auris]
B9J08_001148	B9J08_03398	True	100	100	100	390	100	100	100	390	KAK8440299.1	KAK8440299.1 hypothetical protein B9J08_03398 [Candidozyma auris]
B9J08_001149	B9J08_03399	True	100	100	100	2888	100	100	100	2888	KAK8440300.1	KAK8440300.1 hypothetical protein B9J08_03399 [Candidozyma auris]
B9J08_001150		False	100	100	100	192						KAK8440301.1 V-type ATPase, G subunit [Candidozyma auris]
B9J08_001151	B9J08_03401	True	100	100	100	1236	100	100	100	1236	KAK8440302.1	KAK8440302.1 hypothetical protein B9J08_03401 [Candidozyma auris]
B9J08_001152	B9J08_03402	True	100	100	100	1299	100	100	100	1299	KAK8440303.1	KAK8440303.1 hypothetical protein B9J08_03402 [Candidozyma auris]
B9J08_001153	B9J08_03403	True	100	100	100	212	100	100	100	212	KAK8440304.1	KAK8440304.1 hypothetical protein B9J08_03403 [Candidozyma auris]
B9J08_001155	B9J08_03405	True	100	41.1	41.1	602	100	41.1	41.1	602	KAK8440305.1	KAK8440305.1 hypothetical protein B9J08_03405 [Candidozyma auris]
B9J08_001156		False	100	100	100	1406						KAK8440306.1 glutamate-tRNA ligase [Candidozyma auris]
B9J08_001157	B9J08_03407	True	100	100	100	1135	100	100	100	1135	KAK8440307.1	KAK8440307.1 hypothetical protein B9J08_03407 [Candidozyma auris]
B9J08_001158	B9J08_03408	True	100	100	100	848	100	100	100	848	KAK8440308.1	KAK8440308.1 hypothetical protein B9J08_03408 [Candidozyma auris]
B9J08_001159	B9J08_03409	True	100	93.4	93.4	578	100	93.4	93.4	578	KAK8440309.1	KAK8440309.1 hypothetical protein B9J08_03409 [Candidozyma auris]
B9J08_001160	B9J08_03410	True	100	100	100	442	100	100	100	442	KAK8440310.1	KAK8440310.1 hypothetical protein B9J08_03410 [Candidozyma auris]
B9J08_001161	B9J08_03411	True	100	100	100	676	100	100	100	676	KAK8440311.1	KAK8440311.1 hypothetical protein B9J08_03411 [Candidozyma auris]
B9J08_001162	B9J08_03412	True	100	100	100	1412	100	100	100	1412	KAK8440312.1	KAK8440312.1 hypothetical protein B9J08_03412 [Candidozyma auris]
B9J08_001163	B9J08_03413	True	100	100	100	906	100	100	100	906	KAK8440313.1	KAK8440313.1 hypothetical protein B9J08_03413 [Candidozyma auris]
B9J08_001164	B9J08_03414	True	100	100	100	1528	100	100	100	1528	KAK8440314.1	KAK8440314.1 hypothetical protein B9J08_03414 [Candidozyma auris]
B9J08_001165	B9J08_03415	True	100	100	100	1604	100	100	100	1604	KAK8440315.1	KAK8440315.1 hypothetical protein B9J08_03415 [Candidozyma auris]
B9J08_001166	B9J08_03416	True	100	100	100	606	100	100	100	606	KAK8440316.1	KAK8440316.1 hypothetical protein B9J08_03416 [Candidozyma auris]
B9J08_001167	B9J08_03417	True	100	100	100	286	100	100	100	286	KAK8440317.1	KAK8440317.1 hypothetical protein B9J08_03417 [Candidozyma auris]
B9J08_001168	B9J08_03418	True	100	100	100	2044	100	100	100	2044	KAK8440318.1	KAK8440318.1 hypothetical protein B9J08_03418 [Candidozyma auris]
B9J08_001169	B9J08_03419	True	100	100	100	579	100	100	100	579	KAK8440319.1	KAK8440319.1 hypothetical protein B9J08_03419 [Candidozyma auris]
B9J08_001170		False	100	100	100	608						KAK8440320.1 protein URE2 [Candidozyma auris]
B9J08_001171	B9J08_03421	True	100	100	100	685	100	100	100	685	KAK8440321.1	KAK8440321.1 hypothetical protein B9J08_03421 [Candidozyma auris]
B9J08_001172	B9J08_03422	True	100	98.8	98.8	1746	100	98.8	98.8	1746	KAK8440322.1	KAK8440322.1 hypothetical protein B9J08_03422 [Candidozyma auris]
B9J08_001173	B9J08_03423	True	100	100	100	696	100	100	100	696	KAK8440323.1	KAK8440323.1 hypothetical protein B9J08_03423 [Candidozyma auris]
B9J08_001174	B9J08_03424	True	100	100	100	645	100	100	100	645	KAK8440324.1	KAK8440324.1 hypothetical protein B9J08_03424 [Candidozyma auris]
B9J08_001175	B9J08_03425	True	100	100	100	1702	100	100	100	1702	KAK8440325.1	KAK8440325.1 hypothetical protein B9J08_03425 [Candidozyma auris]
B9J08_001176		False	100	100	100	1194						KAK8440326.1 phenylalanine-tRNA ligase beta subunit [Candidozyma auris]
B9J08_001177	B9J08_03427	True	100	100	100	403	100	100	100	403	KAK8440327.1	KAK8440327.1 hypothetical protein B9J08_03427 [Candidozyma auris]
B9J08_001178	B9J08_03428	True	100	100	100	266	100	100	100	266	KAK8440328.1	KAK8440328.1 hypothetical protein B9J08_03428 [Candidozyma auris]
B9J08_001179	B9J08_03429	True	100	81.4	81.4	314	100	81.4	81.4	314	KAK8440329.1	KAK8440329.1 hypothetical protein B9J08_03429 [Candidozyma auris]
B9J08_001180	B9J08_03430	True	100	100	100	736	100	100	100	736	KAK8440330.1	KAK8440330.1 hypothetical protein B9J08_03430 [Candidozyma auris]
B9J08_001181	B9J08_03431	True	100	100	100	780	100	100	100	780	KAK8440331.1	KAK8440331.1 hypothetical protein B9J08_03431 [Candidozyma auris]
B9J08_001182	B9J08_03432	True	100	100	100	1435	100	100	100	1435	KAK8440332.1	KAK8440332.1 hypothetical protein B9J08_03432 [Candidozyma auris]
B9J08_001183	B9J08_03433	True	100	100	100	714	100	100	100	714	KAK8440333.1	KAK8440333.1 hypothetical protein B9J08_03433 [Candidozyma auris]
B9J08_001184	B9J08_03434	True	100	100	100	478	100	100	100	478	KAK8440334.1	KAK8440334.1 hypothetical protein B9J08_03434 [Candidozyma auris]
B9J08_001185	B9J08_03435	True	100	100	100	911	100	100	100	911	KAK8440335.1	KAK8440335.1 hypothetical protein B9J08_03435 [Candidozyma auris]
B9J08_001186	B9J08_03436	True	100	100	100	889	100	100	100	889	KAK8440336.1	KAK8440336.1 hypothetical protein B9J08_03436 [Candidozyma auris]
B9J08_001187	B9J08_03437	True	100	100	100	678	100	100	100	678	KAK8440337.1	KAK8440337.1 hypothetical protein B9J08_03437 [Candidozyma auris]
B9J08_001188	B9J08_03438	True	100	100	100	1390	100	100	100	1390	KAK8440338.1	KAK8440338.1 hypothetical protein B9J08_03438 [Candidozyma auris]
B9J08_001189	B9J08_03439	True	100	100	100	972	100	100	100	972	KAK8440339.1	KAK8440339.1 hypothetical protein B9J08_03439 [Candidozyma auris]
B9J08_001190	B9J08_03440	True	100	100	100	740	100	100	100	740	KAK8440340.1	KAK8440340.1 hypothetical protein B9J08_03440 [Candidozyma auris]
B9J08_001191	B9J08_03441	True	100	100	100	333	100	100	100	333	KAK8440341.1	KAK8440341.1 hypothetical protein B9J08_03441 [Candidozyma auris]
B9J08_001192	B9J08_03442	True	100	100	100	3038	100	100	100	3038	KAK8440342.1	KAK8440342.1 hypothetical protein B9J08_03442 [Candidozyma auris]
B9J08_001193	B9J08_03443	True	100	100	100	734	100	100	100	734	KAK8440343.1	KAK8440343.1 hypothetical protein B9J08_03443 [Candidozyma auris]
B9J08_001194	B9J08_03444	True	100	100	100	926	100	100	100	926	KAK8440344.1	KAK8440344.1 hypothetical protein B9J08_03444 [Candidozyma auris]
B9J08_001195	B9J08_03445	True	100	100	100	2018	100	100	100	2018	KAK8440345.1	KAK8440345.1 hypothetical protein B9J08_03445 [Candidozyma auris]
B9J08_001196	B9J08_03446	True	100	100	100	273	100	100	100	273	KAK8440346.1	KAK8440346.1 hypothetical protein B9J08_03446 [Candidozyma auris]
B9J08_001197	B9J08_03447	True	100	100	100	1506	100	100	100	1506	KAK8440347.1	KAK8440347.1 hypothetical protein B9J08_03447 [Candidozyma auris]
B9J08_001198	B9J08_03448	True	100	100	100	694	100	100	100	694	KAK8440348.1	KAK8440348.1 hypothetical protein B9J08_03448 [Candidozyma auris]
B9J08_001199	B9J08_03449	True	100	100	100	431	100	100	100	431	KAK8440349.1	KAK8440349.1 hypothetical protein B9J08_03449 [Candidozyma auris]
B9J08_001200	B9J08_03450	True	100	100	100	238	100	100	100	238	KAK8440350.1	KAK8440350.1 hypothetical protein B9J08_03450 [Candidozyma auris]
B9J08_001201	B9J08_03451	True	100	100	100	308	100	100	100	308	KAK8440351.1	KAK8440351.1 hypothetical protein B9J08_03451 [Candidozyma auris]
B9J08_001202	B9J08_03452	True	100	100	100	408	100	100	100	408	KAK8440352.1	KAK8440352.1 hypothetical protein B9J08_03452 [Candidozyma auris]
B9J08_001203	B9J08_03453	True	100	100	100	607	100	100	100	607	KAK8440353.1	KAK8440353.1 hypothetical protein B9J08_03453 [Candidozyma auris]
B9J08_001204	B9J08_03454	True	100	100	100	790	100	100	100	790	KAK8440354.1	KAK8440354.1 hypothetical protein B9J08_03454 [Candidozyma auris]
B9J08_001205		False	100	100	100	981						KAK8440355.1 hydroxyethylthiazole kinase [Candidozyma auris]
B9J08_001206	B9J08_03456	True	100	100	100	941	100	100	100	941	KAK8440356.1	KAK8440356.1 hypothetical protein B9J08_03456 [Candidozyma auris]
B9J08_001207		False	100	100	100	942						KAK8440357.1 fumarate hydratase, mitochondrial [Candidozyma auris]
B9J08_001208	B9J08_03458	True	100	100	100	1392	100	100	100	1392	KAK8440358.1	KAK8440358.1 hypothetical protein B9J08_03458 [Candidozyma auris]
B9J08_001209	B9J08_03459	True	100	100	100	1936	100	100	100	1936	KAK8440359.1	KAK8440359.1 hypothetical protein B9J08_03459 [Candidozyma auris]
B9J08_001210	B9J08_03460	True	100	100	100	538	100	100	100	538	KAK8440360.1	KAK8440360.1 hypothetical protein B9J08_03460 [Candidozyma auris]
B9J08_001211	B9J08_03461	True	100	100	100	3857	100	100	100	3857	KAK8440361.1	KAK8440361.1 hypothetical protein B9J08_03461 [Candidozyma auris]
B9J08_001213	B9J08_03463	True	100	100	100	1098	100	100	100	1098	KAK8440362.1	KAK8440362.1 hypothetical protein B9J08_03463 [Candidozyma auris]
B9J08_001214	B9J08_03464	True	100	100	100	1139	100	100	100	1139	KAK8440363.1	KAK8440363.1 hypothetical protein B9J08_03464 [Candidozyma auris]
B9J08_001215	B9J08_03465	True	100	100	100	1836	100	100	100	1836	KAK8440364.1	KAK8440364.1 hypothetical protein B9J08_03465 [Candidozyma auris]
B9J08_001216	B9J08_03466	True	100	100	100	1508	100	100	100	1508	KAK8440365.1	KAK8440365.1 hypothetical protein B9J08_03466 [Candidozyma auris]
B9J08_001217	B9J08_03467	True	100	100	100	771	100	100	100	771	KAK8440366.1	KAK8440366.1 hypothetical protein B9J08_03467 [Candidozyma auris]
B9J08_001218	B9J08_03468	True	100	100	100	634	100	100	100	634	KAK8440367.1	KAK8440367.1 hypothetical protein B9J08_03468 [Candidozyma auris]
B9J08_001219	B9J08_03469	True	100	100	100	653	100	100	100	653	KAK8440368.1	KAK8440368.1 hypothetical protein B9J08_03469 [Candidozyma auris]
B9J08_001220	B9J08_03470	True	100	100	100	483	100	100	100	483	KAK8440369.1	KAK8440369.1 hypothetical protein B9J08_03470 [Candidozyma auris]
B9J08_001221	B9J08_03471	True	100	100	100	921	100	100	100	921	KAK8440370.1	KAK8440370.1 hypothetical protein B9J08_03471 [Candidozyma auris]
B9J08_001222	B9J08_03472	True	100	100	100	501	100	100	100	501	KAK8440371.1	KAK8440371.1 hypothetical protein B9J08_03472 [Candidozyma auris]
B9J08_001223	B9J08_03473	True	100	100	100	149	100	100	100	149	KAK8440372.1	KAK8440372.1 hypothetical protein B9J08_03473 [Candidozyma auris]
B9J08_001224	B9J08_03474	True	100	100	100	2803	100	100	100	2803	KAK8440373.1	KAK8440373.1 hypothetical protein B9J08_03474 [Candidozyma auris]
B9J08_001225	B9J08_03475	True	100	100	100	1639	100	100	100	1639	KAK8440374.1	KAK8440374.1 hypothetical protein B9J08_03475 [Candidozyma auris]
B9J08_001226	B9J08_03476	True	100	100	100	488	100	100	100	488	KAK8440375.1	KAK8440375.1 hypothetical protein B9J08_03476 [Candidozyma auris]
B9J08_001227		False	100	100	100	627						KAK8440376.1 glyceraldehyde-3-phosphate dehydrogenase [Candidozyma auris]
B9J08_001228	B9J08_03478	True	100	100	100	1563	100	100	100	1563	KAK8440377.1	KAK8440377.1 hypothetical protein B9J08_03478 [Candidozyma auris]
B9J08_001229	B9J08_03479	True	100	100	100	307	100	100	100	307	KAK8440378.1	KAK8440378.1 hypothetical protein B9J08_03479 [Candidozyma auris]
B9J08_001230	B9J08_03480	True	100	100	100	959	100	100	100	959	KAK8440379.1	KAK8440379.1 hypothetical protein B9J08_03480 [Candidozyma auris]
B9J08_001231	B9J08_03481	True	100	100	100	699	100	100	100	699	KAK8440380.1	KAK8440380.1 hypothetical protein B9J08_03481 [Candidozyma auris]
B9J08_001232	B9J08_03482	True	100	100	100	874	100	100	100	874	KAK8440381.1	KAK8440381.1 hypothetical protein B9J08_03482 [Candidozyma auris]
B9J08_001234	B9J08_03484	True	100	100	100	327	100	100	100	327	KAK8440382.1	KAK8440382.1 hypothetical protein B9J08_03484 [Candidozyma auris]
B9J08_001235	B9J08_03485	True	100	100	100	840	100	100	100	840	KAK8440383.1	KAK8440383.1 hypothetical protein B9J08_03485 [Candidozyma auris]
B9J08_001236	B9J08_03486	True	100	100	100	1408	100	100	100	1408	KAK8440384.1	KAK8440384.1 hypothetical protein B9J08_03486 [Candidozyma auris]
B9J08_001237	B9J08_03487	True	100	100	100	292	100	100	100	292	KAK8440385.1	KAK8440385.1 hypothetical protein B9J08_03487 [Candidozyma auris]
B9J08_001238		False	100	100	100	416						KAK8440386.1 thymidylate kinase [Candidozyma auris]
B9J08_001239	B9J08_03489	True	100	100	100	1617	100	100	100	1617	KAK8440387.1	KAK8440387.1 hypothetical protein B9J08_03489 [Candidozyma auris]
B9J08_001240	B9J08_03490	True	100	100	100	403	100	100	100	403	KAK8440388.1	KAK8440388.1 hypothetical protein B9J08_03490 [Candidozyma auris]
B9J08_001241	B9J08_03491	True	100	100	100	1226	100	100	100	1226	KAK8440389.1	KAK8440389.1 hypothetical protein B9J08_03491 [Candidozyma auris]
B9J08_001242	B9J08_03492	True	100	100	100	216	100	100	100	216	KAK8440390.1	KAK8440390.1 hypothetical protein B9J08_03492 [Candidozyma auris]
B9J08_001243		False	100	100	100	426						KAK8440391.1 eukaryotic translation initiation factor 4E [Candidozyma auris]
B9J08_001244	B9J08_03494	True	100	100	100	612	100	100	100	612	KAK8440392.1	KAK8440392.1 hypothetical protein B9J08_03494 [Candidozyma auris]
B9J08_001245	B9J08_03495	True	100	100	100	2300	100	100	100	2300	KAK8440393.1	KAK8440393.1 hypothetical protein B9J08_03495 [Candidozyma auris]
B9J08_001246	B9J08_03496	True	100	100	100	441	100	100	100	441	KAK8440394.1	KAK8440394.1 hypothetical protein B9J08_03496 [Candidozyma auris]
B9J08_001247	B9J08_03497	True	100	100	100	1108	100	100	100	1108	KAK8440395.1	KAK8440395.1 hypothetical protein B9J08_03497 [Candidozyma auris]
B9J08_001248	B9J08_03498	True	100	100	100	919	100	100	100	919	KAK8440396.1	KAK8440396.1 hypothetical protein B9J08_03498 [Candidozyma auris]
B9J08_001249	B9J08_03499	True	100	100	100	374	100	100	100	374	KAK8440397.1	KAK8440397.1 hypothetical protein B9J08_03499 [Candidozyma auris]
B9J08_001250		False	100	100	100	293						KAK8440398.1 ATP synthase F1, epsilon subunit [Candidozyma auris]
B9J08_001251	B9J08_03501	True	100	100	100	328	100	100	100	328	KAK8440399.1	KAK8440399.1 hypothetical protein B9J08_03501 [Candidozyma auris]
B9J08_001252	B9J08_03502	True	100	100	100	222	100	100	100	222	KAK8440400.1	KAK8440400.1 hypothetical protein B9J08_03502 [Candidozyma auris]
B9J08_001253	B9J08_03503	True	100	100	100	664	100	100	100	664	KAK8440401.1	KAK8440401.1 hypothetical protein B9J08_03503 [Candidozyma auris]
B9J08_001254		False	100	100	100	1950						KAK8440402.1 calcium/proton exchanger [Candidozyma auris]
B9J08_001255		False	100	100	100	1184						KAK8440403.1 alpha-glucosidase [Candidozyma auris]
B9J08_001256		False	100	87.1	87.1	3044						KAK8440404.1 DNA-directed RNA polymerase II subunit RPB1 [Candidozyma auris]
B9J08_001257	B9J08_03507	True	100	100	100	546	100	100	100	546	KAK8440405.1	KAK8440405.1 hypothetical protein B9J08_03507 [Candidozyma auris]
B9J08_001258		False	100	100	100	639						KAK8440406.1 replication factor C subunit 4 [Candidozyma auris]
B9J08_001259	B9J08_03509	True	100	100	100	1259	100	100	100	1259	KAK8440407.1	KAK8440407.1 hypothetical protein B9J08_03509 [Candidozyma auris]
B9J08_001260	B9J08_03510	True	100	100	100	1617	100	100	100	1617	KAK8440408.1	KAK8440408.1 hypothetical protein B9J08_03510 [Candidozyma auris]
B9J08_001261	B9J08_03511	True	100	100	100	712	100	100	100	712	KAK8440409.1	KAK8440409.1 hypothetical protein B9J08_03511 [Candidozyma auris]
B9J08_001262	B9J08_03512	True	100	100	100	486	100	100	100	486	KAK8440410.1	KAK8440410.1 hypothetical protein B9J08_03512 [Candidozyma auris]
B9J08_001263	B9J08_03513	True	100	100	100	283	100	100	100	283	KAK8440411.1	KAK8440411.1 hypothetical protein B9J08_03513 [Candidozyma auris]
B9J08_001264		False	100	100	100	263						KAK8440412.1 cytochrome c oxidase assembly protein COX16, mitochondrial [Candidozyma auris]
B9J08_001265	B9J08_03515	True	100	100	100	875	100	100	100	875	KAK8440413.1	KAK8440413.1 hypothetical protein B9J08_03515 [Candidozyma auris]
B9J08_001266		False	100	100	100	758						KAK8440414.1 diphosphomevalonate decarboxylase [Candidozyma auris]
B9J08_001267	B9J08_03517	True	100	100	100	386	100	100	100	386	KAK8440415.1	KAK8440415.1 hypothetical protein B9J08_03517 [Candidozyma auris]
B9J08_001268	B9J08_03518	True	100	100	100	548	100	100	100	548	KAK8440416.1	KAK8440416.1 hypothetical protein B9J08_03518 [Candidozyma auris]
B9J08_001269	B9J08_03519	True	100	100	100	473	100	100	100	473	KAK8440417.1	KAK8440417.1 hypothetical protein B9J08_03519 [Candidozyma auris]
B9J08_001270	B9J08_03520	True	100	100	100	709	100	100	100	709	KAK8440418.1	KAK8440418.1 hypothetical protein B9J08_03520 [Candidozyma auris]
B9J08_001271		False	100	100	100	1030						KAK8440419.1 T-complex protein 1, theta subunit [Candidozyma auris]
B9J08_001272	B9J08_03522	True	100	100	100	504	100	100	100	504	KAK8440420.1	KAK8440420.1 hypothetical protein B9J08_03522 [Candidozyma auris]
B9J08_001273	B9J08_03523	True	100	100	100	1529	100	100	100	1529	KAK8440421.1	KAK8440421.1 hypothetical protein B9J08_03523 [Candidozyma auris]
B9J08_001274	B9J08_03524	True	100	100	100	2022	100	100	100	2022	KAK8440422.1	KAK8440422.1 hypothetical protein B9J08_03524 [Candidozyma auris]
B9J08_001275	B9J08_03525	True	100	100	100	1488	100	100	100	1488	KAK8440423.1	KAK8440423.1 hypothetical protein B9J08_03525 [Candidozyma auris]
B9J08_001276	B9J08_03526	True	100	53.2	53.2	489	100	53.2	53.2	489	KAK8440424.1	KAK8440424.1 hypothetical protein B9J08_03526 [Candidozyma auris]
B9J08_001277		False	100	100	100	1169						KAK8440425.1 2-isopropylmalate synthase [Candidozyma auris]
B9J08_001278		False	100	100	100	378						KAK8440426.1 60S ribosomal protein L16-B [Candidozyma auris]
B9J08_001279	B9J08_03529	True	100	100	100	926	100	100	100	926	KAK8440427.1	KAK8440427.1 hypothetical protein B9J08_03529 [Candidozyma auris]
B9J08_001280	B9J08_03530	True	100	100	100	710	100	100	100	710	KAK8440428.1	KAK8440428.1 hypothetical protein B9J08_03530 [Candidozyma auris]
B9J08_001281		False	100	100	100	1004						KAK8440429.1 ubiquinone biosynthesis monooxygenase COQ6 [Candidozyma auris]
B9J08_001282	B9J08_03532	True	100	100	100	493	100	100	100	493	KAK8440430.1	KAK8440430.1 hypothetical protein B9J08_03532 [Candidozyma auris]
B9J08_001283	B9J08_03533	True	100	100	100	786	100	100	100	786	KAK8440431.1	KAK8440431.1 hypothetical protein B9J08_03533 [Candidozyma auris]
B9J08_001284	B9J08_03534	True	100	100	100	1320	100	100	100	1320	KAK8440432.1	KAK8440432.1 hypothetical protein B9J08_03534 [Candidozyma auris]
B9J08_001285	B9J08_03535	True	100	100	100	973	100	100	100	973	KAK8440433.1	KAK8440433.1 hypothetical protein B9J08_03535 [Candidozyma auris]
B9J08_001286	B9J08_03536	True	100	100	100	1796	100	100	100	1796	KAK8440434.1	KAK8440434.1 hypothetical protein B9J08_03536 [Candidozyma auris]
B9J08_001287	B9J08_03537	True	100	100	100	426	100	100	100	426	KAK8440435.1	KAK8440435.1 hypothetical protein B9J08_03537 [Candidozyma auris]
B9J08_001288	B9J08_03538	True	100	100	100	723	100	100	100	723	KAK8440436.1	KAK8440436.1 hypothetical protein B9J08_03538 [Candidozyma auris]
B9J08_001289	B9J08_03539	True	100	100	100	1010	100	100	100	1010	KAK8440437.1	KAK8440437.1 hypothetical protein B9J08_03539 [Candidozyma auris]
B9J08_001290	B9J08_03540	True	100	100	100	1243	100	100	100	1243	KAK8440438.1	KAK8440438.1 hypothetical protein B9J08_03540 [Candidozyma auris]
B9J08_001291	B9J08_03541	True	100	100	100	994	100	100	100	994	KAK8440439.1	KAK8440439.1 hypothetical protein B9J08_03541 [Candidozyma auris]
B9J08_001292	B9J08_03542	True	100	100	100	395	100	100	100	395	KAK8440440.1	KAK8440440.1 hypothetical protein B9J08_03542 [Candidozyma auris]
B9J08_001293		False	100	100	100	1793						KAK8440441.1 OPT family small oligopeptide transporter [Candidozyma auris]
B9J08_001294	B9J08_03544	True	100	100	100	1098	100	100	100	1098	KAK8440442.1	KAK8440442.1 hypothetical protein B9J08_03544 [Candidozyma auris]
B9J08_001295	B9J08_03545	True	100	100	100	664	100	100	100	664	KAK8440443.1	KAK8440443.1 hypothetical protein B9J08_03545 [Candidozyma auris]
B9J08_001296		False	100	100	100	4088						KAK8440444.1 fatty acid synthase subunit beta [Candidozyma auris]
B9J08_001297	B9J08_03547	True	100	100	100	2192	100	100	100	2192	KAK8440445.1	KAK8440445.1 hypothetical protein B9J08_03547 [Candidozyma auris]
B9J08_001298	B9J08_03548	True	100	100	100	792	100	100	100	792	KAK8440446.1	KAK8440446.1 hypothetical protein B9J08_03548 [Candidozyma auris]
B9J08_001299	B9J08_03549	True	100	100	100	491	100	100	100	491	KAK8440447.1	KAK8440447.1 hypothetical protein B9J08_03549 [Candidozyma auris]
B9J08_001300	B9J08_03550	True	100	100	100	972	100	100	100	972	KAK8440448.1	KAK8440448.1 hypothetical protein B9J08_03550 [Candidozyma auris]
B9J08_001301	B9J08_03551	True	100	100	100	1901	100	100	100	1901	KAK8440449.1	KAK8440449.1 hypothetical protein B9J08_03551 [Candidozyma auris]
B9J08_001302	B9J08_03552	True	100	100	100	1206	100	100	100	1206	KAK8440450.1	KAK8440450.1 hypothetical protein B9J08_03552 [Candidozyma auris]
B9J08_001303	B9J08_03553	True	100	100	100	1051	100	100	100	1051	KAK8440451.1	KAK8440451.1 hypothetical protein B9J08_03553 [Candidozyma auris]
B9J08_001304	B9J08_03554	True	100	100	100	610	100	100	100	610	KAK8440452.1	KAK8440452.1 hypothetical protein B9J08_03554 [Candidozyma auris]
B9J08_001305	B9J08_03555	True	100	100	100	2010	100	100	100	2010	KAK8440453.1	KAK8440453.1 hypothetical protein B9J08_03555 [Candidozyma auris]
B9J08_001306	B9J08_03556	True	100	81.4	81.4	335	100	81.4	81.4	335	KAK8440454.1	KAK8440454.1 hypothetical protein B9J08_03556 [Candidozyma auris]
B9J08_001307	B9J08_03557	True	100	100	100	5896	100	100	100	5896	KAK8440455.1	KAK8440455.1 hypothetical protein B9J08_03557 [Candidozyma auris]
B9J08_001308	B9J08_03558	True	100	100	100	510	100	100	100	510	KAK8440456.1	KAK8440456.1 hypothetical protein B9J08_03558 [Candidozyma auris]
B9J08_001309	B9J08_03559	True	100	100	100	907	100	100	100	907	KAK8440457.1	KAK8440457.1 hypothetical protein B9J08_03559 [Candidozyma auris]
B9J08_001311		False	100	100	100	283						KAK8440458.1 cofilin [Candidozyma auris]
B9J08_001312	B9J08_03562	True	100	100	100	777	100	100	100	777	KAK8440459.1	KAK8440459.1 hypothetical protein B9J08_03562 [Candidozyma auris]
B9J08_001313	B9J08_03563	True	100	100	100	250	100	100	100	250	KAK8440460.1	KAK8440460.1 hypothetical protein B9J08_03563 [Candidozyma auris]
B9J08_001314	B9J08_03564	True	100	100	100	1379	100	100	100	1379	KAK8440461.1	KAK8440461.1 hypothetical protein B9J08_03564 [Candidozyma auris]
B9J08_001315		False	100	100	100	716						KAK8440462.1 allantoicase [Candidozyma auris]
B9J08_001316	B9J08_03566	True	100	100	100	770	100	100	100	770	KAK8440463.1	KAK8440463.1 hypothetical protein B9J08_03566 [Candidozyma auris]
B9J08_001317	B9J08_03567	True	100	100	100	255	100	100	100	255	KAK8440464.1	KAK8440464.1 hypothetical protein B9J08_03567 [Candidozyma auris]
B9J08_001318	B9J08_03568	True	100	100	100	303	100	100	100	303	KAK8440465.1	KAK8440465.1 hypothetical protein B9J08_03568 [Candidozyma auris]
B9J08_001319	B9J08_03569	True	100	100	100	997	100	100	100	997	KAK8440466.1	KAK8440466.1 hypothetical protein B9J08_03569 [Candidozyma auris]
B9J08_001320	B9J08_03570	True	100	100	100	819	100	100	100	819	KAK8440467.1	KAK8440467.1 hypothetical protein B9J08_03570 [Candidozyma auris]
B9J08_001321	B9J08_03571	True	100	100	100	1095	100	100	100	1095	KAK8440468.1	KAK8440468.1 hypothetical protein B9J08_03571 [Candidozyma auris]
B9J08_001322	B9J08_03572	True	100	100	100	372	100	100	100	372	KAK8440469.1	KAK8440469.1 hypothetical protein B9J08_03572 [Candidozyma auris]
B9J08_001323	B9J08_03573	True	100	100	100	377	100	100	100	377	KAK8440470.1	KAK8440470.1 hypothetical protein B9J08_03573 [Candidozyma auris]
B9J08_001324	B9J08_03574	True	100	100	100	2174	100	100	100	2174	KAK8440471.1	KAK8440471.1 hypothetical protein B9J08_03574 [Candidozyma auris]
B9J08_001325	B9J08_03575	True	100	100	100	565	100	100	100	565	KAK8440472.1	KAK8440472.1 hypothetical protein B9J08_03575 [Candidozyma auris]
B9J08_001328	B9J08_03578	True	100	100	100	553	100	100	100	553	KAK8440473.1	KAK8440473.1 hypothetical protein B9J08_03578 [Candidozyma auris]
B9J08_001329	B9J08_03579	True	100	100	100	181	100	100	100	181	KAK8440474.1	KAK8440474.1 hypothetical protein B9J08_03579 [Candidozyma auris]
B9J08_001330		False	100	100	100	1511						KAK8440475.1 dihydropteroate synthase [Candidozyma auris]
B9J08_001331	B9J08_03581	True	100	100	100	557	100	100	100	557	KAK8440476.1	KAK8440476.1 hypothetical protein B9J08_03581 [Candidozyma auris]
B9J08_001332	B9J08_03582	True	100	100	100	859	100	100	100	859	KAK8440477.1	KAK8440477.1 hypothetical protein B9J08_03582 [Candidozyma auris]
B9J08_001335	B9J08_03585	True	100	100	100	777	100	100	100	777	KAK8440478.1	KAK8440478.1 hypothetical protein B9J08_03585 [Candidozyma auris]
B9J08_001336	B9J08_03586	True	100	100	100	261	100	100	100	261	KAK8440479.1	KAK8440479.1 hypothetical protein B9J08_03586 [Candidozyma auris]
B9J08_001337		False	100	100	100	410						KAK8440480.1 DNA-directed RNA polymerase [Candidozyma auris]
B9J08_001338		False	100	100	100	889						KAK8440481.1 26S protease regulatory subunit 7 [Candidozyma auris]
B9J08_001339	B9J08_03589	True	100	100	100	301	100	100	100	301	KAK8440482.1	KAK8440482.1 hypothetical protein B9J08_03589 [Candidozyma auris]
B9J08_001340		False	100	100	100	511						KAK8440483.1 reduced viability upon starvation protein 161 [Candidozyma auris]
B9J08_001341	B9J08_03591	True	100	100	100	459	100	100	100	459	KAK8440484.1	KAK8440484.1 hypothetical protein B9J08_03591 [Candidozyma auris]
B9J08_001342	B9J08_03592	True	100	100	100	584	100	100	100	584	KAK8440485.1	KAK8440485.1 hypothetical protein B9J08_03592 [Candidozyma auris]
B9J08_001343		False	100	100	100	1559						KAK8440486.1 DNA repair helicase RAD3 [Candidozyma auris]
B9J08_001344	B9J08_03594	True	100	100	100	465	100	100	100	465	KAK8440487.1	KAK8440487.1 hypothetical protein B9J08_03594 [Candidozyma auris]
B9J08_001345	B9J08_03595	True	100	100	100	435	100	100	100	435	KAK8440488.1	KAK8440488.1 hypothetical protein B9J08_03595 [Candidozyma auris]
B9J08_001346	B9J08_03596	True	100	100	100	614	100	100	100	614	KAK8440489.1	KAK8440489.1 hypothetical protein B9J08_03596 [Candidozyma auris]
B9J08_001347	B9J08_03597	True	100	100	100	1180	100	100	100	1180	KAK8440490.1	KAK8440490.1 hypothetical protein B9J08_03597 [Candidozyma auris]
B9J08_001348	B9J08_03598	True	100	100	100	623	100	100	100	623	KAK8440491.1	KAK8440491.1 hypothetical protein B9J08_03598 [Candidozyma auris]
B9J08_001349	B9J08_03599	True	100	100	100	703	100	100	100	703	KAK8440492.1	KAK8440492.1 hypothetical protein B9J08_03599 [Candidozyma auris]
B9J08_001350	B9J08_03600	True	100	100	100	2394	100	100	100	2394	KAK8440493.1	KAK8440493.1 hypothetical protein B9J08_03600 [Candidozyma auris]
B9J08_001351	B9J08_03601	True	100	100	100	412	100	100	100	412	KAK8440494.1	KAK8440494.1 hypothetical protein B9J08_03601 [Candidozyma auris]
B9J08_001352	B9J08_03602	True	100	100	100	810	100	100	100	810	KAK8440495.1	KAK8440495.1 hypothetical protein B9J08_03602 [Candidozyma auris]
B9J08_001353	B9J08_03603	True	100	100	100	194	100	100	100	194	KAK8440496.1	KAK8440496.1 hypothetical protein B9J08_03603 [Candidozyma auris]
B9J08_001354		False	100	100	100	464						KAK8440497.1 TATA-box-binding protein 1 [Candidozyma auris]
B9J08_001355	B9J08_03605	True	100	100	100	1093	100	100	100	1093	KAK8440498.1	KAK8440498.1 hypothetical protein B9J08_03605 [Candidozyma auris]
B9J08_001356	B9J08_03606	True	100	100	100	979	100	100	100	979	KAK8440499.1	KAK8440499.1 hypothetical protein B9J08_03606 [Candidozyma auris]
B9J08_001357	B9J08_03607	True	100	100	100	1439	100	100	100	1439	KAK8440500.1	KAK8440500.1 hypothetical protein B9J08_03607 [Candidozyma auris]
B9J08_001358		False	100	88.8	88.8	848						KAK8440501.1 centromere/microtubule-binding protein CBF5 [Candidozyma auris]
B9J08_001359	B9J08_03609	True	100	100	100	1006	100	100	100	1006	KAK8440502.1	KAK8440502.1 hypothetical protein B9J08_03609 [Candidozyma auris]
B9J08_001360	B9J08_03610	True	100	100	100	144	100	100	100	144	KAK8440503.1	KAK8440503.1 hypothetical protein B9J08_03610 [Candidozyma auris]
B9J08_001361	B9J08_03611	True	100	100	100	597	100	100	100	597	KAK8440504.1	KAK8440504.1 hypothetical protein B9J08_03611 [Candidozyma auris]
B9J08_001362	B9J08_03612	True	100	100	100	1066	100	100	100	1066	KAK8440505.1	KAK8440505.1 hypothetical protein B9J08_03612 [Candidozyma auris]
B9J08_001363		False	100	82.2	82.2	882						KAK8440506.1 ATP-dependent RNA helicase DBP3 [Candidozyma auris]
B9J08_001364	B9J08_03614	True	100	100	100	1170	100	100	100	1170	KAK8440507.1	KAK8440507.1 hypothetical protein B9J08_03614 [Candidozyma auris]
B9J08_001365	B9J08_03615	True	100	100	100	1089	100	100	100	1089	KAK8440508.1	KAK8440508.1 hypothetical protein B9J08_03615 [Candidozyma auris]
B9J08_001366	B9J08_03616	True	100	100	100	328	100	100	100	328	KAK8440509.1	KAK8440509.1 hypothetical protein B9J08_03616 [Candidozyma auris]
B9J08_001367	B9J08_03617	True	100	100	100	1611	100	100	100	1611	KAK8440510.1	KAK8440510.1 hypothetical protein B9J08_03617 [Candidozyma auris]
B9J08_001368		False	100	100	100	1127						KAK8440511.1 dihydroxyacetone kinase [Candidozyma auris]
B9J08_001369	B9J08_03619	True	100	100	100	1653	100	100	100	1653	KAK8440512.1	KAK8440512.1 hypothetical protein B9J08_03619 [Candidozyma auris]
B9J08_001370	B9J08_03620	True	100	100	100	858	100	100	100	858	KAK8440513.1	KAK8440513.1 hypothetical protein B9J08_03620 [Candidozyma auris]
B9J08_001371	B9J08_03621	True	100	100	100	1477	100	100	100	1477	KAK8440514.1	KAK8440514.1 hypothetical protein B9J08_03621 [Candidozyma auris]
B9J08_001372	B9J08_03622	True	100	100	100	979	100	100	100	979	KAK8440515.1	KAK8440515.1 hypothetical protein B9J08_03622 [Candidozyma auris]
B9J08_001373	B9J08_03623	True	100	100	100	1670	100	100	100	1670	KAK8440516.1	KAK8440516.1 hypothetical protein B9J08_03623 [Candidozyma auris]
B9J08_001374	B9J08_03624	True	100	100	100	1796	100	100	100	1796	KAK8440517.1	KAK8440517.1 hypothetical protein B9J08_03624 [Candidozyma auris]
B9J08_001375	B9J08_03625	True	100	100	100	664	100	100	100	664	KAK8440518.1	KAK8440518.1 hypothetical protein B9J08_03625 [Candidozyma auris]
B9J08_001376	B9J08_03626	True	100	100	100	2456	100	100	100	2456	KAK8440519.1	KAK8440519.1 hypothetical protein B9J08_03626 [Candidozyma auris]
B9J08_001377	B9J08_03627	True	100	100	100	579	100	100	100	579	KAK8440520.1	KAK8440520.1 hypothetical protein B9J08_03627 [Candidozyma auris]
B9J08_001378	B9J08_03628	True	100	100	100	1180	100	100	100	1180	KAK8440521.1	KAK8440521.1 hypothetical protein B9J08_03628 [Candidozyma auris]
B9J08_001379	B9J08_03629	True	100	100	100	608	100	100	100	608	KAK8440522.1	KAK8440522.1 hypothetical protein B9J08_03629 [Candidozyma auris]
B9J08_001380	B9J08_03630	True	100	100	100	621	100	100	100	621	KAK8440523.1	KAK8440523.1 hypothetical protein B9J08_03630 [Candidozyma auris]
B9J08_001381		False	100	100	100	313						KAK8440524.1 superoxide dismutase [Cu-Zn] 1 [Candidozyma auris]
B9J08_001382	B9J08_03632	True	100	100	100	147	100	100	100	147	KAK8440525.1	KAK8440525.1 hypothetical protein B9J08_03632 [Candidozyma auris]
B9J08_001383	B9J08_03633	True	100	100	100	2262	100	100	100	2262	KAK8440526.1	KAK8440526.1 hypothetical protein B9J08_03633 [Candidozyma auris]
B9J08_001384		False	100	100	100	473						KAK8440527.1 SBDS family rRNA metabolism protein [Candidozyma auris]
B9J08_001385	B9J08_03635	True	100	100	100	752	100	100	100	752	KAK8440528.1	KAK8440528.1 hypothetical protein B9J08_03635 [Candidozyma auris]
B9J08_001386	B9J08_03636	True	100	100	100	373	100	100	100	373	KAK8440529.1	KAK8440529.1 hypothetical protein B9J08_03636 [Candidozyma auris]
B9J08_001387		False	100	100	100	370						KAK8440530.1 ADP-ribosylation factor-like protein 1 [Candidozyma auris]
B9J08_001388	B9J08_03638	True	100	100	100	883	100	100	100	883	KAK8440531.1	KAK8440531.1 hypothetical protein B9J08_03638 [Candidozyma auris]
B9J08_001389		False	100	100	100	872						KAK8440532.1 phosphomevalonate kinase [Candidozyma auris]
B9J08_001390	B9J08_03640	True	100	100	100	817	100	100	100	817	KAK8440533.1	KAK8440533.1 hypothetical protein B9J08_03640 [Candidozyma auris]
B9J08_001391	B9J08_03641	True	100	100	100	1919	100	100	100	1919	KAK8440534.1	KAK8440534.1 hypothetical protein B9J08_03641 [Candidozyma auris]
B9J08_001392		False	100	100	100	186						KAK8440535.1 mitochondrial import inner membrane translocase subunit TIM10 [Candidozyma auris]
B9J08_001393	B9J08_03643	True	100	100	100	478	100	100	100	478	KAK8440536.1	KAK8440536.1 hypothetical protein B9J08_03643 [Candidozyma auris]
B9J08_001394	B9J08_03644	True	100	100	100	595	100	100	100	595	KAK8440537.1	KAK8440537.1 hypothetical protein B9J08_03644 [Candidozyma auris]
B9J08_001396	B9J08_03646	True	100	100	100	476	100	100	100	476	KAK8440538.1	KAK8440538.1 hypothetical protein B9J08_03646 [Candidozyma auris]
B9J08_001397	B9J08_03647	True	100	100	100	800	100	100	100	800	KAK8440539.1	KAK8440539.1 hypothetical protein B9J08_03647 [Candidozyma auris]
B9J08_001398	B9J08_03648	True	100	100	100	327	100	100	100	327	KAK8440540.1	KAK8440540.1 hypothetical protein B9J08_03648 [Candidozyma auris]
B9J08_001399	B9J08_03649	True	100	100	100	605	100	100	100	605	KAK8440541.1	KAK8440541.1 hypothetical protein B9J08_03649 [Candidozyma auris]
B9J08_001400	B9J08_03650	True	100	100	100	1090	100	100	100	1090	KAK8440542.1	KAK8440542.1 hypothetical protein B9J08_03650 [Candidozyma auris]
B9J08_001401	B9J08_03651	True	100	100	100	694	100	100	100	694	KAK8440543.1	KAK8440543.1 hypothetical protein B9J08_03651 [Candidozyma auris]
B9J08_001402	B9J08_03652	True	100	100	100	1170	100	100	100	1170	KAK8440544.1	KAK8440544.1 hypothetical protein B9J08_03652 [Candidozyma auris]
B9J08_001403	B9J08_03653	True	100	100	100	484	100	100	100	484	KAK8440545.1	KAK8440545.1 hypothetical protein B9J08_03653 [Candidozyma auris]
B9J08_001404	B9J08_03654	True	100	100	100	1407	100	100	100	1407	KAK8440546.1	KAK8440546.1 hypothetical protein B9J08_03654 [Candidozyma auris]
B9J08_001405	B9J08_03655	True	100	100	100	1067	100	100	100	1067	KAK8440547.1	KAK8440547.1 hypothetical protein B9J08_03655 [Candidozyma auris]
B9J08_001406		False	100	100	100	489						KAK8440548.1 proteasome subunit beta type-6 [Candidozyma auris]
B9J08_001407	B9J08_03657	True	100	100	100	409	100	100	100	409	KAK8440549.1	KAK8440549.1 hypothetical protein B9J08_03657 [Candidozyma auris]
B9J08_001408	B9J08_03658	True	100	100	100	605	100	100	100	605	KAK8440550.1	KAK8440550.1 hypothetical protein B9J08_03658 [Candidozyma auris]
B9J08_001409	B9J08_03659	True	100	100	100	586	100	100	100	586	KAK8440551.1	KAK8440551.1 hypothetical protein B9J08_03659 [Candidozyma auris]
B9J08_001410	B9J08_03660	True	100	100	100	2645	100	100	100	2645	KAK8440552.1	KAK8440552.1 hypothetical protein B9J08_03660 [Candidozyma auris]
B9J08_001411	B9J08_03661	True	100	100	100	458	100	100	100	458	KAK8440553.1	KAK8440553.1 hypothetical protein B9J08_03661 [Candidozyma auris]
B9J08_001412	B9J08_03662	True	100	100	100	1135	100	100	100	1135	KAK8440554.1	KAK8440554.1 hypothetical protein B9J08_03662 [Candidozyma auris]
B9J08_001413		False	100	100	100	781						KAK8440555.1 tyrosine-tRNA ligase, cytoplasmic [Candidozyma auris]
B9J08_001414	B9J08_03664	True	100	100	100	3537	100	100	100	3537	KAK8440556.1	KAK8440556.1 hypothetical protein B9J08_03664 [Candidozyma auris]
B9J08_001415	B9J08_03665	True	100	100	100	3351	100	100	100	3351	KAK8440557.1	KAK8440557.1 hypothetical protein B9J08_03665 [Candidozyma auris]
B9J08_001416	B9J08_03666	True	100	100	100	1107	100	100	100	1107	KAK8440558.1	KAK8440558.1 hypothetical protein B9J08_03666 [Candidozyma auris]
B9J08_001417	B9J08_03667	True	100	100	100	731	100	100	100	731	KAK8440559.1	KAK8440559.1 hypothetical protein B9J08_03667 [Candidozyma auris]
B9J08_001418	B9J08_03668	True	100	100	100	632	100	100	100	632	KAK8440560.1	KAK8440560.1 hypothetical protein B9J08_03668 [Candidozyma auris]
B9J08_001419	B9J08_03669	True	100	100	100	657	100	100	100	657	KAK8440561.1	KAK8440561.1 hypothetical protein B9J08_03669 [Candidozyma auris]
B9J08_001420	B9J08_03670	True	100	100	100	719	100	100	100	719	KAK8440562.1	KAK8440562.1 hypothetical protein B9J08_03670 [Candidozyma auris]
B9J08_001421		False	100	100	100	578						KAK8440563.1 isopentenyl-diphosphate delta-isomerase [Candidozyma auris]
B9J08_001422		False	100	100	100	737						KAK8440564.1 lipoyl synthase, mitochondrial [Candidozyma auris]
B9J08_001423	B9J08_03673	True	100	100	100	1432	100	100	100	1432	KAK8440565.1	KAK8440565.1 hypothetical protein B9J08_03673 [Candidozyma auris]
B9J08_001424	B9J08_03674	True	100	100	100	1691	100	100	100	1691	KAK8440566.1	KAK8440566.1 hypothetical protein B9J08_03674 [Candidozyma auris]
B9J08_001425	B9J08_03675	True	100	100	100	479	100	100	100	479	KAK8440567.1	KAK8440567.1 hypothetical protein B9J08_03675 [Candidozyma auris]
B9J08_001426	B9J08_03676	True	100	100	100	358	100	100	100	358	KAK8440568.1	KAK8440568.1 hypothetical protein B9J08_03676 [Candidozyma auris]
B9J08_001427	B9J08_03677	True	100	100	100	1655	100	100	100	1655	KAK8440569.1	KAK8440569.1 hypothetical protein B9J08_03677 [Candidozyma auris]
B9J08_001428	B9J08_03678	True	100	100	100	563	100	100	100	563	KAK8440570.1	KAK8440570.1 hypothetical protein B9J08_03678 [Candidozyma auris]
B9J08_001429		False	100	100	100	794						KAK8440571.1 cytochrome b-c1 complex subunit 7 [Candidozyma auris]
B9J08_001430		False	100	100	100	1484						KAK8440572.1 ribosomal RNA large subunit methyltransferase J [Candidozyma auris]
B9J08_001431	B9J08_03681	True	100	100	100	1967	100	100	100	1967	KAK8440573.1	KAK8440573.1 hypothetical protein B9J08_03681 [Candidozyma auris]
B9J08_001432		False	100	100	100	1198						KAK8440574.1 fimbrin [Candidozyma auris]
B9J08_001433	B9J08_03683	True	100	100	100	218	100	100	100	218	KAK8440575.1	KAK8440575.1 hypothetical protein B9J08_03683 [Candidozyma auris]
B9J08_001434	B9J08_03684	True	100	100	100	456	100	100	100	456	KAK8440576.1	KAK8440576.1 hypothetical protein B9J08_03684 [Candidozyma auris]
B9J08_001435	B9J08_03685	True	100	100	100	923	100	100	100	923	KAK8440577.1	KAK8440577.1 hypothetical protein B9J08_03685 [Candidozyma auris]
B9J08_001436	B9J08_03686	True	100	100	100	1476	100	100	100	1476	KAK8440578.1	KAK8440578.1 hypothetical protein B9J08_03686 [Candidozyma auris]
B9J08_001437	B9J08_03687	True	100	100	100	516	100	100	100	516	KAK8440579.1	KAK8440579.1 hypothetical protein B9J08_03687 [Candidozyma auris]
B9J08_001438	B9J08_03688	True	100	100	100	363	100	100	100	363	KAK8440580.1	KAK8440580.1 hypothetical protein B9J08_03688 [Candidozyma auris]
B9J08_001439	B9J08_03689	True	100	100	100	614	100	100	100	614	KAK8440581.1	KAK8440581.1 hypothetical protein B9J08_03689 [Candidozyma auris]
B9J08_001440	B9J08_03690	True	100	100	100	435	100	100	100	435	KAK8440582.1	KAK8440582.1 hypothetical protein B9J08_03690 [Candidozyma auris]
B9J08_001441	B9J08_03691	True	100	100	100	350	100	100	100	350	KAK8440583.1	KAK8440583.1 hypothetical protein B9J08_03691 [Candidozyma auris]
B9J08_001442	B9J08_03692	True	100	100	100	947	100	100	100	947	KAK8440584.1	KAK8440584.1 hypothetical protein B9J08_03692 [Candidozyma auris]
B9J08_001443	B9J08_03693	True	100	100	100	2299	100	100	100	2299	KAK8440585.1	KAK8440585.1 hypothetical protein B9J08_03693 [Candidozyma auris]
B9J08_001444	B9J08_03694	True	100	100	100	234	100	100	100	234	KAK8440586.1	KAK8440586.1 hypothetical protein B9J08_03694 [Candidozyma auris]
B9J08_001445	B9J08_03695	True	100	100	100	916	100	100	100	916	KAK8440587.1	KAK8440587.1 hypothetical protein B9J08_03695 [Candidozyma auris]
B9J08_001446	B9J08_03696	True	100	100	100	928	100	100	100	928	KAK8440588.1	KAK8440588.1 hypothetical protein B9J08_03696 [Candidozyma auris]
B9J08_001447		False	100	100	100	704						KAK8440589.1 homoserine kinase [Candidozyma auris]
B9J08_001448		False	100	100	100	1058						KAK8440590.1 lanosterol 14-alpha demethylase [Candidozyma auris]
B9J08_001449	B9J08_03699	True	100	100	100	665	100	100	100	665	KAK8440591.1	KAK8440591.1 hypothetical protein B9J08_03699 [Candidozyma auris]
B9J08_001450	B9J08_03700	True	100	100	100	1488	100	100	100	1488	KAK8440592.1	KAK8440592.1 hypothetical protein B9J08_03700 [Candidozyma auris]
B9J08_001451	B9J08_03701	True	100	100	100	783	100	100	100	783	KAK8440593.1	KAK8440593.1 hypothetical protein B9J08_03701 [Candidozyma auris]
B9J08_001452	B9J08_03702	True	100	100	100	984	100	100	100	984	KAK8440594.1	KAK8440594.1 hypothetical protein B9J08_03702 [Candidozyma auris]
B9J08_001453		False	100	100	100	1087						KAK8440595.1 Poly(A) polymerase PAPa [Candidozyma auris]
B9J08_001454	B9J08_03704	True	100	100	100	860	100	100	100	860	KAK8440596.1	KAK8440596.1 hypothetical protein B9J08_03704 [Candidozyma auris]
B9J08_001455	B9J08_03705	True	100	100	100	1649	100	100	100	1649	KAK8440597.1	KAK8440597.1 hypothetical protein B9J08_03705 [Candidozyma auris]
B9J08_001456	B9J08_03706	True	100	100	100	1549	100	100	100	1549	KAK8440598.1	KAK8440598.1 hypothetical protein B9J08_03706 [Candidozyma auris]
B9J08_001457	B9J08_03707	True	100	100	100	1563	100	100	100	1563	KAK8440599.1	KAK8440599.1 hypothetical protein B9J08_03707 [Candidozyma auris]
B9J08_001458	B9J08_03708	True	100	100	100	554	100	100	100	554	KAK8440600.1	KAK8440600.1 hypothetical protein B9J08_03708 [Candidozyma auris]
B9J08_001459	B9J08_03709	True	100	100	100	999	100	100	100	999	KAK8440601.1	KAK8440601.1 hypothetical protein B9J08_03709 [Candidozyma auris]
B9J08_001460	B9J08_03710	True	100	100	100	316	100	100	100	316	KAK8440602.1	KAK8440602.1 hypothetical protein B9J08_03710 [Candidozyma auris]
B9J08_001461		False	100	100	100	1037						KAK8440603.1 T-complex protein 1 subunit eta [Candidozyma auris]
B9J08_001462	B9J08_03712	True	100	100	100	835	100	100	100	835	KAK8440604.1	KAK8440604.1 hypothetical protein B9J08_03712 [Candidozyma auris]
B9J08_001463	B9J08_03713	True	100	100	100	2777	100	100	100	2777	KAK8440605.1	KAK8440605.1 hypothetical protein B9J08_03713 [Candidozyma auris]
B9J08_001464		False	100	100	100	1121						KAK8440606.1 phosphate:H+ symporter [Candidozyma auris]
B9J08_001465	B9J08_03715	True	100	100	100	482	100	100	100	482	KAK8440607.1	KAK8440607.1 hypothetical protein B9J08_03715 [Candidozyma auris]
B9J08_001466	B9J08_03716	True	100	100	100	418	100	100	100	418	KAK8440608.1	KAK8440608.1 hypothetical protein B9J08_03716 [Candidozyma auris]
B9J08_001467		False	100	100	100	759						KAK8440609.1 S-adenosylmethionine synthase [Candidozyma auris]
B9J08_001468	B9J08_03718	True	100	100	100	590	100	100	100	590	KAK8440610.1	KAK8440610.1 hypothetical protein B9J08_03718 [Candidozyma auris]
B9J08_001469	B9J08_03719	True	100	100	100	1899	100	100	100	1899	KAK8440611.1	KAK8440611.1 hypothetical protein B9J08_03719 [Candidozyma auris]
B9J08_001470	B9J08_03720	True	100	100	100	993	100	100	100	993	KAK8440612.1	KAK8440612.1 hypothetical protein B9J08_03720 [Candidozyma auris]
B9J08_001471		False	100	84.9	84.9	621						KAK8440613.1 KRR1 small subunit processome component [Candidozyma auris]
B9J08_001472	B9J08_03722	True	100	100	100	170	100	100	100	170	KAK8440614.1	KAK8440614.1 hypothetical protein B9J08_03722 [Candidozyma auris]
B9J08_001473	B9J08_03723	True	100	100	100	823	100	100	100	823	KAK8440615.1	KAK8440615.1 hypothetical protein B9J08_03723 [Candidozyma auris]
B9J08_001474	B9J08_03724	True	100	100	100	934	100	100	100	934	KAK8440616.1	KAK8440616.1 hypothetical protein B9J08_03724 [Candidozyma auris]
B9J08_001475	B9J08_03725	True	100	100	100	1891	100	100	100	1891	KAK8440617.1	KAK8440617.1 hypothetical protein B9J08_03725 [Candidozyma auris]
B9J08_001476	B9J08_03726	True	100	100	100	2128	100	100	100	2128	KAK8440618.1	KAK8440618.1 hypothetical protein B9J08_03726 [Candidozyma auris]
B9J08_001477	B9J08_03727	True	100	100	100	385	100	100	100	385	KAK8440619.1	KAK8440619.1 hypothetical protein B9J08_03727 [Candidozyma auris]
B9J08_001478		False	100	100	100	451						KAK8440620.1 riboflavin synthase, alpha subunit [Candidozyma auris]
B9J08_001479	B9J08_03729	True	100	100	100	730	100	100	100	730	KAK8440621.1	KAK8440621.1 hypothetical protein B9J08_03729 [Candidozyma auris]
B9J08_001480	B9J08_03730	True	100	100	100	1333	100	100	100	1333	KAK8440622.1	KAK8440622.1 hypothetical protein B9J08_03730 [Candidozyma auris]
B9J08_001481	B9J08_03731	True	100	100	100	478	100	100	100	478	KAK8440623.1	KAK8440623.1 hypothetical protein B9J08_03731 [Candidozyma auris]
B9J08_001482	B9J08_03732	True	100	100	100	131	100	100	100	131	KAK8440624.1	KAK8440624.1 hypothetical protein B9J08_03732 [Candidozyma auris]
B9J08_001483	B9J08_03733	True	100	100	100	1556	100	100	100	1556	KAK8440625.1	KAK8440625.1 hypothetical protein B9J08_03733 [Candidozyma auris]
B9J08_001484		False	100	100	100	777						KAK8440626.1 3-ketoacyl-CoA thiolase B, peroxisomal [Candidozyma auris]
B9J08_001485	B9J08_03735	True	100	100	100	289	100	100	100	289	KAK8440627.1	KAK8440627.1 hypothetical protein B9J08_03735 [Candidozyma auris]
B9J08_001486	B9J08_03736	True	100	100	100	731	100	100	100	731	KAK8440628.1	KAK8440628.1 hypothetical protein B9J08_03736 [Candidozyma auris]
B9J08_001487	B9J08_03737	True	100	100	100	1289	100	100	100	1289	KAK8440629.1	KAK8440629.1 hypothetical protein B9J08_03737 [Candidozyma auris]
B9J08_001489	B9J08_03739	True	100	100	100	953	100	100	100	953	KAK8440630.1	KAK8440630.1 hypothetical protein B9J08_03739 [Candidozyma auris]
B9J08_001490	B9J08_03740	True	100	100	100	1092	100	100	100	1092	KAK8440631.1	KAK8440631.1 hypothetical protein B9J08_03740 [Candidozyma auris]
B9J08_001491	B9J08_03741	True	100	100	100	570	100	100	100	570	KAK8440632.1	KAK8440632.1 hypothetical protein B9J08_03741 [Candidozyma auris]
B9J08_001492	B9J08_03742	True	100	100	100	1783	100	100	100	1783	KAK8440633.1	KAK8440633.1 hypothetical protein B9J08_03742 [Candidozyma auris]
B9J08_001493	B9J08_03743	True	100	100	100	1657	100	100	100	1657	KAK8440634.1	KAK8440634.1 hypothetical protein B9J08_03743 [Candidozyma auris]
B9J08_001494	B9J08_03744	True	100	100	100	1354	100	100	100	1354	KAK8440635.1	KAK8440635.1 hypothetical protein B9J08_03744 [Candidozyma auris]
B9J08_001495	B9J08_03745	True	100	100	100	243	100	100	100	243	KAK8440636.1	KAK8440636.1 hypothetical protein B9J08_03745 [Candidozyma auris]
B9J08_001496	B9J08_03746	True	100	100	100	1344	100	100	100	1344	KAK8440637.1	KAK8440637.1 hypothetical protein B9J08_03746 [Candidozyma auris]
B9J08_001497	B9J08_03747	True	100	100	100	641	100	100	100	641	KAK8440638.1	KAK8440638.1 hypothetical protein B9J08_03747 [Candidozyma auris]
B9J08_001498	B9J08_03748	True	100	100	100	2591	100	100	100	2591	KAK8440639.1	KAK8440639.1 hypothetical protein B9J08_03748 [Candidozyma auris]
B9J08_001499	B9J08_03749	True	100	100	100	1353	100	100	100	1353	KAK8440640.1	KAK8440640.1 hypothetical protein B9J08_03749 [Candidozyma auris]
B9J08_001500	B9J08_03750	True	100	100	100	169	100	100	100	169	KAK8440641.1	KAK8440641.1 hypothetical protein B9J08_03750 [Candidozyma auris]
B9J08_001501	B9J08_03751	True	100	100	100	1719	100	100	100	1719	KAK8440642.1	KAK8440642.1 hypothetical protein B9J08_03751 [Candidozyma auris]
B9J08_001502	B9J08_03752	True	100	100	100	1066	100	100	100	1066	KAK8440643.1	KAK8440643.1 hypothetical protein B9J08_03752 [Candidozyma auris]
B9J08_001503		False	100	100	100	748						KAK8440644.1 uroporphyrinogen decarboxylase [Candidozyma auris]
B9J08_001506	B9J08_03756	True	100	100	100	1977	100	100	100	1977	KAK8440645.1	KAK8440645.1 hypothetical protein B9J08_03756 [Candidozyma auris]
B9J08_001507	B9J08_03757	True	100	100	100	934	100	100	100	934	KAK8440646.1	KAK8440646.1 hypothetical protein B9J08_03757 [Candidozyma auris]
B9J08_001508	B9J08_03758	True	100	100	100	961	100	100	100	961	KAK8440647.1	KAK8440647.1 hypothetical protein B9J08_03758 [Candidozyma auris]
B9J08_001509	B9J08_03759	True	100	100	100	464	100	100	100	464	KAK8440648.1	KAK8440648.1 hypothetical protein B9J08_03759 [Candidozyma auris]
B9J08_001510	B9J08_03760	True	100	100	100	892	100	100	100	892	KAK8440649.1	KAK8440649.1 hypothetical protein B9J08_03760 [Candidozyma auris]
B9J08_001511	B9J08_03761	True	100	100	100	1271	100	100	100	1271	KAK8440650.1	KAK8440650.1 hypothetical protein B9J08_03761 [Candidozyma auris]
B9J08_001512	B9J08_03762	True	100	100	100	1219	100	100	100	1219	KAK8440651.1	KAK8440651.1 hypothetical protein B9J08_03762 [Candidozyma auris]
B9J08_001513	B9J08_03763	True	100	100	100	370	100	100	100	370	KAK8440652.1	KAK8440652.1 hypothetical protein B9J08_03763 [Candidozyma auris]
B9J08_001514	B9J08_03764	True	100	100	100	267	100	100	100	267	KAK8440653.1	KAK8440653.1 hypothetical protein B9J08_03764 [Candidozyma auris]
B9J08_001515	B9J08_03765	True	100	100	100	1093	100	100	100	1093	KAK8440654.1	KAK8440654.1 hypothetical protein B9J08_03765 [Candidozyma auris]
B9J08_001516	B9J08_03766	True	100	100	100	1540	100	100	100	1540	KAK8440655.1	KAK8440655.1 hypothetical protein B9J08_03766 [Candidozyma auris]
B9J08_001517	B9J08_03767	True	100	100	100	1204	100	100	100	1204	KAK8440656.1	KAK8440656.1 hypothetical protein B9J08_03767 [Candidozyma auris]
B9J08_001518	B9J08_03768	True	100	100	100	777	100	100	100	777	KAK8440657.1	KAK8440657.1 hypothetical protein B9J08_03768 [Candidozyma auris]
B9J08_001519	B9J08_03769	True	100	100	100	1306	100	100	100	1306	KAK8440658.1	KAK8440658.1 hypothetical protein B9J08_03769 [Candidozyma auris]
B9J08_001520	B9J08_03770	True	100	100	100	347	100	100	100	347	KAK8440659.1	KAK8440659.1 hypothetical protein B9J08_03770 [Candidozyma auris]
B9J08_001521	B9J08_03771	True	100	100	100	1329	100	100	100	1329	KAK8440660.1	KAK8440660.1 hypothetical protein B9J08_03771 [Candidozyma auris]
B9J08_001522	B9J08_03772	True	100	100	100	887	100	100	100	887	KAK8440661.1	KAK8440661.1 hypothetical protein B9J08_03772 [Candidozyma auris]
B9J08_001523	B9J08_03773	True	100	100	100	871	100	100	100	871	KAK8440662.1	KAK8440662.1 hypothetical protein B9J08_03773 [Candidozyma auris]
B9J08_001524	B9J08_03774	True	100	100	100	1098	100	100	100	1098	KAK8440663.1	KAK8440663.1 hypothetical protein B9J08_03774 [Candidozyma auris]
B9J08_001525	B9J08_03775	True	100	100	100	968	100	100	100	968	KAK8440664.1	KAK8440664.1 hypothetical protein B9J08_03775 [Candidozyma auris]
B9J08_001526	B9J08_03776	True	100	100	100	1047	100	100	100	1047	KAK8440665.1	KAK8440665.1 hypothetical protein B9J08_03776 [Candidozyma auris]
B9J08_001527	B9J08_03777	True	100	100	100	1028	100	100	100	1028	KAK8440666.1	KAK8440666.1 hypothetical protein B9J08_03777 [Candidozyma auris]
B9J08_001528	B9J08_03778	True	100	100	100	1028	100	100	100	1028	KAK8440667.1	KAK8440667.1 hypothetical protein B9J08_03778 [Candidozyma auris]
B9J08_001529	B9J08_03779	True	100	100	100	1674	100	100	100	1674	KAK8440668.1	KAK8440668.1 hypothetical protein B9J08_03779 [Candidozyma auris]
B9J08_001530	B9J08_00001	True	100	100	100	1128	100	100	100	1128	KAK8441689.1	KAK8441689.1 hypothetical protein B9J08_00001 [Candidozyma auris]
B9J08_001531	B9J08_00002	True	100	100	100	1120	100	100	100	1120	KAK8441690.1	KAK8441690.1 hypothetical protein B9J08_00002 [Candidozyma auris]
B9J08_001532	B9J08_00003	True	100	100	100	1610	100	100	100	1610	KAK8441691.1	KAK8441691.1 hypothetical protein B9J08_00003 [Candidozyma auris]
B9J08_001533	B9J08_00004	True	100	100	100	1021	100	100	100	1021	KAK8441692.1	KAK8441692.1 hypothetical protein B9J08_00004 [Candidozyma auris]
B9J08_001534	B9J08_00005	True	100	100	100	777	100	100	100	777	KAK8441693.1	KAK8441693.1 hypothetical protein B9J08_00005 [Candidozyma auris]
B9J08_001535	B9J08_00006	True	100	100	100	806	100	100	100	806	KAK8441694.1	KAK8441694.1 hypothetical protein B9J08_00006 [Candidozyma auris]
B9J08_001536	B9J08_00007	True	100	100	100	943	100	100	100	943	KAK8441695.1	KAK8441695.1 hypothetical protein B9J08_00007 [Candidozyma auris]
B9J08_001537	B9J08_00008	True	100	100	100	954	100	100	100	954	KAK8441696.1	KAK8441696.1 hypothetical protein B9J08_00008 [Candidozyma auris]
B9J08_001538	B9J08_00009	True	100	100	100	592	100	100	100	592	KAK8441697.1	KAK8441697.1 hypothetical protein B9J08_00009 [Candidozyma auris]
B9J08_001539	B9J08_00010	True	100	100	100	1516	100	100	100	1516	KAK8441698.1	KAK8441698.1 hypothetical protein B9J08_00010 [Candidozyma auris]
B9J08_001540		False	100	100	100	598						KAK8441699.1 dihydrodipicolinate synthase [Candidozyma auris]
B9J08_001541	B9J08_00012	True	100	100	100	920	100	100	100	920	KAK8441700.1	KAK8441700.1 hypothetical protein B9J08_00012 [Candidozyma auris]
B9J08_001542	B9J08_00013	True	100	100	100	1314	100	100	100	1314	KAK8441701.1	KAK8441701.1 hypothetical protein B9J08_00013 [Candidozyma auris]
B9J08_001543		False	100	100	100	589						KAK8441702.1 diphthine synthase [Candidozyma auris]
B9J08_001544	B9J08_00015	True	100	100	100	818	100	100	100	818	KAK8441703.1	KAK8441703.1 hypothetical protein B9J08_00015 [Candidozyma auris]
B9J08_001545	B9J08_00016	True	100	100	100	586	100	100	100	586	KAK8441704.1	KAK8441704.1 hypothetical protein B9J08_00016 [Candidozyma auris]
B9J08_001546	B9J08_00017	True	100	100	100	768	100	100	100	768	KAK8441705.1	KAK8441705.1 hypothetical protein B9J08_00017 [Candidozyma auris]
B9J08_001547	B9J08_00018	True	100	100	100	1051	100	100	100	1051	KAK8441706.1	KAK8441706.1 hypothetical protein B9J08_00018 [Candidozyma auris]
B9J08_001548	B9J08_00019	True	100	100	100	253	100	100	100	253	KAK8441707.1	KAK8441707.1 hypothetical protein B9J08_00019 [Candidozyma auris]
B9J08_001549	B9J08_00020	True	100	100	100	209	100	100	100	209	KAK8441708.1	KAK8441708.1 hypothetical protein B9J08_00020 [Candidozyma auris]
B9J08_001550	B9J08_00021	True	100	100	100	1238	100	100	100	1238	KAK8441709.1	KAK8441709.1 hypothetical protein B9J08_00021 [Candidozyma auris]
B9J08_001551	B9J08_00022	True	100	100	100	166	100	100	100	166	KAK8441710.1	KAK8441710.1 hypothetical protein B9J08_00022 [Candidozyma auris]
B9J08_001552	B9J08_00023	True	100	100	100	924	100	100	100	924	KAK8441711.1	KAK8441711.1 hypothetical protein B9J08_00023 [Candidozyma auris]
B9J08_001553	B9J08_00024	True	100	100	100	702	100	100	100	702	KAK8441712.1	KAK8441712.1 hypothetical protein B9J08_00024 [Candidozyma auris]
B9J08_001554	B9J08_00025	True	100	100	100	653	100	100	100	653	KAK8441713.1	KAK8441713.1 hypothetical protein B9J08_00025 [Candidozyma auris]
B9J08_001555	B9J08_00026	True	100	100	100	1475	100	100	100	1475	KAK8441714.1	KAK8441714.1 hypothetical protein B9J08_00026 [Candidozyma auris]
B9J08_001556	B9J08_00027	True	100	100	100	470	100	100	100	470	KAK8441715.1	KAK8441715.1 hypothetical protein B9J08_00027 [Candidozyma auris]
B9J08_001557		False	100	100	100	2695						KAK8441716.1 transcription elongation factor SPT6 [Candidozyma auris]
B9J08_001558	B9J08_00029	True	100	100	100	833	100	100	100	833	KAK8441717.1	KAK8441717.1 hypothetical protein B9J08_00029 [Candidozyma auris]
B9J08_001559	B9J08_00030	True	100	100	100	1655	100	100	100	1655	KAK8441718.1	KAK8441718.1 hypothetical protein B9J08_00030 [Candidozyma auris]
B9J08_001560	B9J08_00031	True	100	100	100	793	100	100	100	793	KAK8441719.1	KAK8441719.1 hypothetical protein B9J08_00031 [Candidozyma auris]
B9J08_001561		False	100	100	100	1433						KAK8441720.1 translation initiation factor IF-2 [Candidozyma auris]
B9J08_001562	B9J08_00033	True	100	100	100	1055	100	100	100	1055	KAK8441721.1	KAK8441721.1 hypothetical protein B9J08_00033 [Candidozyma auris]
B9J08_001563	B9J08_00034	True	100	100	100	263	100	100	100	263	KAK8441722.1	KAK8441722.1 hypothetical protein B9J08_00034 [Candidozyma auris]
B9J08_001564	B9J08_00035	True	100	88.2	88.2	420	100	88.2	88.2	420	KAK8441723.1	KAK8441723.1 hypothetical protein B9J08_00035 [Candidozyma auris]
B9J08_001565	B9J08_00036	True	100	100	100	1935	100	100	100	1935	KAK8441724.1	KAK8441724.1 hypothetical protein B9J08_00036 [Candidozyma auris]
B9J08_001566	B9J08_00037	True	100	100	100	2286	100	100	100	2286	KAK8441725.1	KAK8441725.1 hypothetical protein B9J08_00037 [Candidozyma auris]
B9J08_001567	B9J08_00038	True	100	100	100	1068	100	100	100	1068	KAK8441726.1	KAK8441726.1 hypothetical protein B9J08_00038 [Candidozyma auris]
B9J08_001568	B9J08_00039	True	100	100	100	293	100	100	100	293	KAK8441727.1	KAK8441727.1 hypothetical protein B9J08_00039 [Candidozyma auris]
B9J08_001569	B9J08_00040	True	100	100	100	367	100	100	100	367	KAK8441728.1	KAK8441728.1 hypothetical protein B9J08_00040 [Candidozyma auris]
B9J08_001570	B9J08_00041	True	100	100	100	786	100	100	100	786	KAK8441729.1	KAK8441729.1 hypothetical protein B9J08_00041 [Candidozyma auris]
B9J08_001571	B9J08_00042	True	100	100	100	793	100	100	100	793	KAK8441730.1	KAK8441730.1 hypothetical protein B9J08_00042 [Candidozyma auris]
B9J08_001572	B9J08_00043	True	100	100	100	2319	100	100	100	2319	KAK8441731.1	KAK8441731.1 hypothetical protein B9J08_00043 [Candidozyma auris]
B9J08_001573		False	100	74.5	74.5	272						KAK8441732.1 H/ACA ribonucleoprotein complex subunit 1 [Candidozyma auris]
B9J08_001574	B9J08_00045	True	100	100	100	756	100	100	100	756	KAK8441733.1	KAK8441733.1 hypothetical protein B9J08_00045 [Candidozyma auris]
B9J08_001575	B9J08_00046	True	100	100	100	282	100	100	100	282	KAK8441734.1	KAK8441734.1 hypothetical protein B9J08_00046 [Candidozyma auris]
B9J08_001576	B9J08_00047	True	100	100	100	3314	100	100	100	3314	KAK8441735.1	KAK8441735.1 hypothetical protein B9J08_00047 [Candidozyma auris]
B9J08_001577	B9J08_00048	True	100	100	100	427	100	100	100	427	KAK8441736.1	KAK8441736.1 hypothetical protein B9J08_00048 [Candidozyma auris]
B9J08_001578		False	100	100	100	1038						KAK8441737.1 homoserine O-acetyltransferase [Candidozyma auris]
B9J08_001579	B9J08_00050	True	100	100	100	499	100	100	100	499	KAK8441738.1	KAK8441738.1 hypothetical protein B9J08_00050 [Candidozyma auris]
B9J08_001580	B9J08_00051	True	100	100	100	693	100	100	100	693	KAK8441739.1	KAK8441739.1 hypothetical protein B9J08_00051 [Candidozyma auris]
B9J08_001581	B9J08_00052	True	100	100	100	2149	100	100	100	2149	KAK8441740.1	KAK8441740.1 hypothetical protein B9J08_00052 [Candidozyma auris]
B9J08_001582	B9J08_00053	True	100	100	100	620	100	100	100	620	KAK8441741.1	KAK8441741.1 hypothetical protein B9J08_00053 [Candidozyma auris]
B9J08_001584	B9J08_00054	True	100	100	100	197	100	100	100	197	KAK8441742.1	KAK8441742.1 hypothetical protein B9J08_00054 [Candidozyma auris]
B9J08_001585	B9J08_00055	True	100	100	100	1940	100	100	100	1940	KAK8441743.1	KAK8441743.1 hypothetical protein B9J08_00055 [Candidozyma auris]
B9J08_001586	B9J08_00056	True	100	100	100	1561	100	100	100	1561	KAK8441744.1	KAK8441744.1 hypothetical protein B9J08_00056 [Candidozyma auris]
B9J08_001587	B9J08_00057	True	100	100	100	1143	100	100	100	1143	KAK8441745.1	KAK8441745.1 hypothetical protein B9J08_00057 [Candidozyma auris]
B9J08_001588	B9J08_00058	True	100	100	100	1068	100	100	100	1068	KAK8441746.1	KAK8441746.1 hypothetical protein B9J08_00058 [Candidozyma auris]
B9J08_001589	B9J08_00059	True	100	100	100	689	100	100	100	689	KAK8441747.1	KAK8441747.1 hypothetical protein B9J08_00059 [Candidozyma auris]
B9J08_001590	B9J08_00060	True	100	100	100	552	100	100	100	552	KAK8441748.1	KAK8441748.1 hypothetical protein B9J08_00060 [Candidozyma auris]
B9J08_001591		False	100	100	100	1128						KAK8441749.1 glutamate decarboxylase [Candidozyma auris]
B9J08_001592		False	100	100	100	657						KAK8441750.1 GDP-mannose transporter [Candidozyma auris]
B9J08_001593	B9J08_00063	True	100	100	100	1897	100	100	100	1897	KAK8441751.1	KAK8441751.1 hypothetical protein B9J08_00063 [Candidozyma auris]
B9J08_001594		False	100	100	100	398						KAK8441752.1 transcriptional activator HAP2 [Candidozyma auris]
B9J08_001595	B9J08_00065	True	100	100	100	460	100	100	100	460	KAK8441753.1	KAK8441753.1 hypothetical protein B9J08_00065 [Candidozyma auris]
B9J08_001596	B9J08_00066	True	100	100	100	1613	100	100	100	1613	KAK8441754.1	KAK8441754.1 hypothetical protein B9J08_00066 [Candidozyma auris]
B9J08_001597	B9J08_00067	True	100	100	100	549	100	100	100	549	KAK8441755.1	KAK8441755.1 hypothetical protein B9J08_00067 [Candidozyma auris]
B9J08_001598		False	100	100	100	1207						KAK8441756.1 tRNA uridine 5-carboxymethylaminomethyl modification enzyme GidA [Candidozyma auris]
B9J08_001599	B9J08_00069	True	100	100	100	1129	100	100	100	1129	KAK8441757.1	KAK8441757.1 hypothetical protein B9J08_00069 [Candidozyma auris]
B9J08_001600	B9J08_00070	True	100	100	100	745	100	100	100	745	KAK8441758.1	KAK8441758.1 hypothetical protein B9J08_00070 [Candidozyma auris]
B9J08_001601	B9J08_00071	True	100	100	100	508	100	100	100	508	KAK8441759.1	KAK8441759.1 hypothetical protein B9J08_00071 [Candidozyma auris]
B9J08_001602		False	100	100	100	459						KAK8441760.1 nicotinate-nucleotide diphosphorylase (carboxylating) [Candidozyma auris]
B9J08_001603	B9J08_00073	True	100	100	100	692	100	100	100	692	KAK8441761.1	KAK8441761.1 hypothetical protein B9J08_00073 [Candidozyma auris]
B9J08_001604	B9J08_00074	True	100	100	100	936	100	100	100	936	KAK8441762.1	KAK8441762.1 hypothetical protein B9J08_00074 [Candidozyma auris]
B9J08_001605	B9J08_00075	True	100	100	100	1537	100	100	100	1537	KAK8441763.1	KAK8441763.1 hypothetical protein B9J08_00075 [Candidozyma auris]
B9J08_001606		False	100	100	100	1550						KAK8441764.1 phosphoribosylamine-glycine ligase [Candidozyma auris]
B9J08_001607	B9J08_00077	True	100	100	100	721	100	100	100	721	KAK8441765.1	KAK8441765.1 hypothetical protein B9J08_00077 [Candidozyma auris]
B9J08_001608	B9J08_00078	True	100	100	100	953	100	100	100	953	KAK8441766.1	KAK8441766.1 hypothetical protein B9J08_00078 [Candidozyma auris]
B9J08_001609	B9J08_00079	True	100	100	100	450	100	100	100	450	KAK8441767.1	KAK8441767.1 hypothetical protein B9J08_00079 [Candidozyma auris]
B9J08_001610	B9J08_00080	True	100	100	100	385	100	100	100	385	KAK8441768.1	KAK8441768.1 hypothetical protein B9J08_00080 [Candidozyma auris]
B9J08_001611	B9J08_00081	True	100	100	100	2266	100	100	100	2266	KAK8441769.1	KAK8441769.1 hypothetical protein B9J08_00081 [Candidozyma auris]
B9J08_001612	B9J08_00082	True	100	100	100	1509	100	100	100	1509	KAK8441770.1	KAK8441770.1 hypothetical protein B9J08_00082 [Candidozyma auris]
B9J08_001613		False	100	100	100	673						KAK8441771.1 5'/3'-nucleotidase SurE [Candidozyma auris]
B9J08_001614		False	100	100	100	677						KAK8441772.1 5'/3'-nucleotidase SurE [Candidozyma auris]
B9J08_001615	B9J08_00085	True	100	100	100	763	100	100	100	763	KAK8441773.1	KAK8441773.1 hypothetical protein B9J08_00085 [Candidozyma auris]
B9J08_001616	B9J08_00086	True	100	100	100	332	100	100	100	332	KAK8441774.1	KAK8441774.1 hypothetical protein B9J08_00086 [Candidozyma auris]
B9J08_001617	B9J08_00087	True	100	100	100	737	100	100	100	737	KAK8441775.1	KAK8441775.1 hypothetical protein B9J08_00087 [Candidozyma auris]
B9J08_001618	B9J08_00088	True	100	100	100	884	100	100	100	884	KAK8441776.1	KAK8441776.1 hypothetical protein B9J08_00088 [Candidozyma auris]
B9J08_001619	B9J08_00089	True	100	100	100	1521	100	100	100	1521	KAK8441777.1	KAK8441777.1 hypothetical protein B9J08_00089 [Candidozyma auris]
B9J08_001620	B9J08_00090	True	100	100	100	1051	100	100	100	1051	KAK8441778.1	KAK8441778.1 hypothetical protein B9J08_00090 [Candidozyma auris]
B9J08_001621	B9J08_00091	True	100	100	100	956	100	100	100	956	KAK8441779.1	KAK8441779.1 hypothetical protein B9J08_00091 [Candidozyma auris]
B9J08_001622	B9J08_00092	True	100	100	100	666	100	100	100	666	KAK8441780.1	KAK8441780.1 hypothetical protein B9J08_00092 [Candidozyma auris]
B9J08_001623	B9J08_00093	True	100	100	100	2020	100	100	100	2020	KAK8441781.1	KAK8441781.1 hypothetical protein B9J08_00093 [Candidozyma auris]
B9J08_001624		False	100	100	100	2169						KAK8441782.1 isoleucine-tRNA ligase [Candidozyma auris]
B9J08_001625		False	100	100	100	958						KAK8441783.1 tRNA(Ile)-lysidine synthetase [Candidozyma auris]
B9J08_001626	B9J08_00096	True	100	98.4	98.4	3014	100	98.4	98.4	3014	KAK8441784.1	KAK8441784.1 hypothetical protein B9J08_00096 [Candidozyma auris]
B9J08_001627	B9J08_00097	True	100	100	100	1296	100	100	100	1296	KAK8441785.1	KAK8441785.1 hypothetical protein B9J08_00097 [Candidozyma auris]
B9J08_001630	B9J08_00100	True	100	100	100	254	100	100	100	254	KAK8441786.1	KAK8441786.1 hypothetical protein B9J08_00100 [Candidozyma auris]
B9J08_001631	B9J08_00101	True	100	100	100	937	100	100	100	937	KAK8441787.1	KAK8441787.1 hypothetical protein B9J08_00101 [Candidozyma auris]
B9J08_001632	B9J08_00102	True	100	100	100	1210	100	100	100	1210	KAK8441788.1	KAK8441788.1 hypothetical protein B9J08_00102 [Candidozyma auris]
B9J08_001633	B9J08_00103	True	100	100	100	673	100	100	100	673	KAK8441789.1	KAK8441789.1 hypothetical protein B9J08_00103 [Candidozyma auris]
B9J08_001634	B9J08_00104	True	100	100	100	817	100	100	100	817	KAK8441790.1	KAK8441790.1 hypothetical protein B9J08_00104 [Candidozyma auris]
B9J08_001635	B9J08_00105	True	100	100	100	934	100	100	100	934	KAK8441791.1	KAK8441791.1 hypothetical protein B9J08_00105 [Candidozyma auris]
B9J08_001636	B9J08_00106	True	100	100	100	558	100	100	100	558	KAK8441792.1	KAK8441792.1 hypothetical protein B9J08_00106 [Candidozyma auris]
B9J08_001637	B9J08_00107	True	100	100	100	541	100	100	100	541	KAK8441793.1	KAK8441793.1 hypothetical protein B9J08_00107 [Candidozyma auris]
B9J08_001638	B9J08_00108	True	100	100	100	417	100	100	100	417	KAK8441794.1	KAK8441794.1 hypothetical protein B9J08_00108 [Candidozyma auris]
B9J08_001639	B9J08_00109	True	100	100	100	298	100	100	100	298	KAK8441795.1	KAK8441795.1 hypothetical protein B9J08_00109 [Candidozyma auris]
B9J08_001640	B9J08_00110	True	100	100	100	557	100	100	100	557	KAK8441796.1	KAK8441796.1 hypothetical protein B9J08_00110 [Candidozyma auris]
B9J08_001641	B9J08_00111	True	100	100	100	551	100	100	100	551	KAK8441797.1	KAK8441797.1 hypothetical protein B9J08_00111 [Candidozyma auris]
B9J08_001642	B9J08_00112	True	100	100	100	1384	100	100	100	1384	KAK8441798.1	KAK8441798.1 hypothetical protein B9J08_00112 [Candidozyma auris]
B9J08_001643	B9J08_00113	True	100	100	100	1969	100	100	100	1969	KAK8441799.1	KAK8441799.1 hypothetical protein B9J08_00113 [Candidozyma auris]
B9J08_001644	B9J08_00114	True	100	100	100	1196	100	100	100	1196	KAK8441800.1	KAK8441800.1 hypothetical protein B9J08_00114 [Candidozyma auris]
B9J08_001645		False	100	100	100	813						KAK8441801.1 cystathionine beta-lyase [Candidozyma auris]
B9J08_001646	B9J08_00116	True	100	100	100	494	100	100	100	494	KAK8441802.1	KAK8441802.1 hypothetical protein B9J08_00116 [Candidozyma auris]
B9J08_001647	B9J08_00117	True	100	100	100	1130	100	100	100	1130	KAK8441803.1	KAK8441803.1 hypothetical protein B9J08_00117 [Candidozyma auris]
B9J08_001648	B9J08_00118	True	100	100	100	987	100	100	100	987	KAK8441804.1	KAK8441804.1 hypothetical protein B9J08_00118 [Candidozyma auris]
B9J08_001649	B9J08_00119	True	100	100	100	1903	100	100	100	1903	KAK8441805.1	KAK8441805.1 hypothetical protein B9J08_00119 [Candidozyma auris]
B9J08_001650	B9J08_00120	True	100	100	100	384	100	100	100	384	KAK8441806.1	KAK8441806.1 hypothetical protein B9J08_00120 [Candidozyma auris]
B9J08_001651	B9J08_00121	True	100	100	100	561	100	100	100	561	KAK8441807.1	KAK8441807.1 hypothetical protein B9J08_00121 [Candidozyma auris]
B9J08_001652		False	100	100	100	463						KAK8441808.1 Fe-S protein assembly co-chaperone HscB [Candidozyma auris]
B9J08_001653		False	100	100	100	1498						KAK8441809.1 protein transporter SEC23 [Candidozyma auris]
B9J08_001654	B9J08_00124	True	100	100	100	676	100	100	100	676	KAK8441810.1	KAK8441810.1 hypothetical protein B9J08_00124 [Candidozyma auris]
B9J08_001655	B9J08_00125	True	100	100	100	1185	100	100	100	1185	KAK8441811.1	KAK8441811.1 hypothetical protein B9J08_00125 [Candidozyma auris]
B9J08_001656	B9J08_00126	True	100	100	100	798	100	100	100	798	KAK8441812.1	KAK8441812.1 hypothetical protein B9J08_00126 [Candidozyma auris]
B9J08_001657	B9J08_00127	True	100	100	100	697	100	100	100	697	KAK8441813.1	KAK8441813.1 hypothetical protein B9J08_00127 [Candidozyma auris]
B9J08_001658	B9J08_00128	True	100	100	100	2318	100	100	100	2318	KAK8441814.1	KAK8441814.1 hypothetical protein B9J08_00128 [Candidozyma auris]
B9J08_001659	B9J08_00129	True	100	100	100	286	100	100	100	286	KAK8441815.1	KAK8441815.1 hypothetical protein B9J08_00129 [Candidozyma auris]
B9J08_001660	B9J08_00130	True	100	100	100	1387	100	100	100	1387	KAK8441816.1	KAK8441816.1 hypothetical protein B9J08_00130 [Candidozyma auris]
B9J08_001663	B9J08_00133	True	100	100	100	433	100	100	100	433	KAK8441817.1	KAK8441817.1 hypothetical protein B9J08_00133 [Candidozyma auris]
B9J08_001664	B9J08_00134	True	100	100	100	1247	100	100	100	1247	KAK8441818.1	KAK8441818.1 hypothetical protein B9J08_00134 [Candidozyma auris]
B9J08_001665	B9J08_00135	True	100	100	100	1688	100	100	100	1688	KAK8441819.1	KAK8441819.1 hypothetical protein B9J08_00135 [Candidozyma auris]
B9J08_001666	B9J08_00136	True	100	100	100	917	100	100	100	917	KAK8441820.1	KAK8441820.1 hypothetical protein B9J08_00136 [Candidozyma auris]
B9J08_001667	B9J08_00137	True	100	100	100	1310	100	100	100	1310	KAK8441821.1	KAK8441821.1 hypothetical protein B9J08_00137 [Candidozyma auris]
B9J08_001668	B9J08_00138	True	100	100	100	632	100	100	100	632	KAK8441822.1	KAK8441822.1 hypothetical protein B9J08_00138 [Candidozyma auris]
B9J08_001669	B9J08_00139	True	100	100	100	1405	100	100	100	1405	KAK8441823.1	KAK8441823.1 hypothetical protein B9J08_00139 [Candidozyma auris]
B9J08_001670		False	100	100	100	521						KAK8441824.1 methylthioribulose-1-phosphate dehydratase [Candidozyma auris]
B9J08_001671	B9J08_00141	True	100	100	100	191	100	100	100	191	KAK8441825.1	KAK8441825.1 hypothetical protein B9J08_00141 [Candidozyma auris]
B9J08_001672	B9J08_00142	True	100	100	100	1114	100	100	100	1114	KAK8441826.1	KAK8441826.1 hypothetical protein B9J08_00142 [Candidozyma auris]
B9J08_001673	B9J08_00143	True	100	100	100	1153	100	100	100	1153	KAK8441827.1	KAK8441827.1 hypothetical protein B9J08_00143 [Candidozyma auris]
B9J08_001674		False	100	83.2	83.2	818						KAK8441828.1 nucleolar protein 58 [Candidozyma auris]
B9J08_001675	B9J08_00145	True	100	100	100	2675	100	100	100	2675	KAK8441829.1	KAK8441829.1 hypothetical protein B9J08_00145 [Candidozyma auris]
B9J08_001676	B9J08_00146	True	100	100	100	1432	100	100	100	1432	KAK8441830.1	KAK8441830.1 hypothetical protein B9J08_00146 [Candidozyma auris]
B9J08_001677	B9J08_00147	True	100	100	100	1886	100	100	100	1886	KAK8441831.1	KAK8441831.1 hypothetical protein B9J08_00147 [Candidozyma auris]
B9J08_001678	B9J08_00148	True	100	100	100	1207	100	100	100	1207	KAK8441832.1	KAK8441832.1 hypothetical protein B9J08_00148 [Candidozyma auris]
B9J08_001679	B9J08_00149	True	100	100	100	1476	100	100	100	1476	KAK8441833.1	KAK8441833.1 hypothetical protein B9J08_00149 [Candidozyma auris]
B9J08_001680	B9J08_00150	True	100	100	100	201	100	100	100	201	KAK8441834.1	KAK8441834.1 hypothetical protein B9J08_00150 [Candidozyma auris]
B9J08_001681	B9J08_00151	True	100	100	100	1389	100	100	100	1389	KAK8441835.1	KAK8441835.1 hypothetical protein B9J08_00151 [Candidozyma auris]
B9J08_001682	B9J08_00152	True	100	100	100	1041	100	100	100	1041	KAK8441836.1	KAK8441836.1 hypothetical protein B9J08_00152 [Candidozyma auris]
B9J08_001683	B9J08_00153	True	100	100	100	627	100	100	100	627	KAK8441837.1	KAK8441837.1 hypothetical protein B9J08_00153 [Candidozyma auris]
B9J08_001684		False	100	100	100	691						KAK8441838.1 S-methyl-5'-thioadenosine phosphorylase [Candidozyma auris]
B9J08_001685	B9J08_00155	True	100	100	100	544	100	100	100	544	KAK8441839.1	KAK8441839.1 hypothetical protein B9J08_00155 [Candidozyma auris]
B9J08_001686		False	100	100	100	525						KAK8441840.1 40S ribosomal protein S4 [Candidozyma auris]
B9J08_001687	B9J08_00157	True	100	100	100	952	100	100	100	952	KAK8441841.1	KAK8441841.1 hypothetical protein B9J08_00157 [Candidozyma auris]
B9J08_001688	B9J08_00158	True	100	100	100	675	100	100	100	675	KAK8441842.1	KAK8441842.1 hypothetical protein B9J08_00158 [Candidozyma auris]
B9J08_001689	B9J08_00159	True	100	100	100	1068	100	100	100	1068	KAK8441843.1	KAK8441843.1 hypothetical protein B9J08_00159 [Candidozyma auris]
B9J08_001690	B9J08_00160	True	100	100	100	278	100	100	100	278	KAK8441844.1	KAK8441844.1 hypothetical protein B9J08_00160 [Candidozyma auris]
B9J08_001691	B9J08_00161	True	100	100	100	660	100	100	100	660	KAK8441845.1	KAK8441845.1 hypothetical protein B9J08_00161 [Candidozyma auris]
B9J08_001692	B9J08_00162	True	100	100	100	850	100	100	100	850	KAK8441846.1	KAK8441846.1 hypothetical protein B9J08_00162 [Candidozyma auris]
B9J08_001693		False	100	100	100	4446						KAK8441847.1 DNA polymerase epsilon catalytic subunit A [Candidozyma auris]
B9J08_001694	B9J08_00164	True	100	100	100	630	100	100	100	630	KAK8441848.1	KAK8441848.1 hypothetical protein B9J08_00164 [Candidozyma auris]
B9J08_001695		False	100	100	100	988						KAK8441849.1 alpha,alpha-trehalose-phosphate synthase (UDP-forming) [Candidozyma auris]
B9J08_001696	B9J08_00166	True	100	100	100	881	100	100	100	881	KAK8441850.1	KAK8441850.1 hypothetical protein B9J08_00166 [Candidozyma auris]
B9J08_001697	B9J08_00167	True	100	100	100	674	100	100	100	674	KAK8441851.1	KAK8441851.1 hypothetical protein B9J08_00167 [Candidozyma auris]
B9J08_001698	B9J08_00168	True	100	100	100	733	100	100	100	733	KAK8441852.1	KAK8441852.1 hypothetical protein B9J08_00168 [Candidozyma auris]
B9J08_001699	B9J08_00169	True	100	100	100	729	100	100	100	729	KAK8441853.1	KAK8441853.1 hypothetical protein B9J08_00169 [Candidozyma auris]
B9J08_001700	B9J08_00170	True	100	100	100	1226	100	100	100	1226	KAK8441854.1	KAK8441854.1 hypothetical protein B9J08_00170 [Candidozyma auris]
B9J08_001701		False	100	100	100	990						KAK8441855.1 V-type proton ATPase subunit B [Candidozyma auris]
B9J08_001702		False	100	100	100	1617						KAK8441856.1 homocitrate dehydratase, mitochondrial [Candidozyma auris]
B9J08_001703	B9J08_00173	True	100	100	100	2701	100	100	100	2701	KAK8441857.1	KAK8441857.1 hypothetical protein B9J08_00173 [Candidozyma auris]
B9J08_001704	B9J08_00174	True	100	100	100	2011	100	100	100	2011	KAK8441858.1	KAK8441858.1 hypothetical protein B9J08_00174 [Candidozyma auris]
B9J08_001705	B9J08_00175	True	100	100	100	991	100	100	100	991	KAK8441859.1	KAK8441859.1 hypothetical protein B9J08_00175 [Candidozyma auris]
B9J08_001706	B9J08_00176	True	100	100	100	1149	100	100	100	1149	KAK8441860.1	KAK8441860.1 hypothetical protein B9J08_00176 [Candidozyma auris]
B9J08_001707	B9J08_00177	True	100	100	100	1636	100	100	100	1636	KAK8441861.1	KAK8441861.1 hypothetical protein B9J08_00177 [Candidozyma auris]
B9J08_001708	B9J08_00178	True	100	100	100	536	100	100	100	536	KAK8441862.1	KAK8441862.1 hypothetical protein B9J08_00178 [Candidozyma auris]
B9J08_001709	B9J08_00179	True	100	100	100	957	100	100	100	957	KAK8441863.1	KAK8441863.1 hypothetical protein B9J08_00179 [Candidozyma auris]
B9J08_001710	B9J08_00180	True	100	100	100	1320	100	100	100	1320	KAK8441864.1	KAK8441864.1 hypothetical protein B9J08_00180 [Candidozyma auris]
B9J08_001711	B9J08_00181	True	100	100	100	639	100	100	100	639	KAK8441865.1	KAK8441865.1 hypothetical protein B9J08_00181 [Candidozyma auris]
B9J08_001712	B9J08_00182	True	100	100	100	1170	100	100	100	1170	KAK8441866.1	KAK8441866.1 hypothetical protein B9J08_00182 [Candidozyma auris]
B9J08_001713	B9J08_00183	True	100	100	100	1038	100	100	100	1038	KAK8441867.1	KAK8441867.1 hypothetical protein B9J08_00183 [Candidozyma auris]
B9J08_001714	B9J08_00184	True	100	100	100	234	100	100	100	234	KAK8441868.1	KAK8441868.1 hypothetical protein B9J08_00184 [Candidozyma auris]
B9J08_001715		False	100	95.6	95.6	1034						KAK8441869.1 uridine kinase [Candidozyma auris]
B9J08_001716	B9J08_00186	True	100	100	100	1734	100	100	100	1734	KAK8441870.1	KAK8441870.1 hypothetical protein B9J08_00186 [Candidozyma auris]
B9J08_001717	B9J08_00187	True	100	100	100	525	100	100	100	525	KAK8441871.1	KAK8441871.1 hypothetical protein B9J08_00187 [Candidozyma auris]
B9J08_001718	B9J08_00188	True	100	100	100	798	100	100	100	798	KAK8441872.1	KAK8441872.1 hypothetical protein B9J08_00188 [Candidozyma auris]
B9J08_001719	B9J08_00189	True	100	100	100	359	100	100	100	359	KAK8441873.1	KAK8441873.1 hypothetical protein B9J08_00189 [Candidozyma auris]
B9J08_001720	B9J08_00190	True	100	100	100	1229	100	100	100	1229	KAK8441874.1	KAK8441874.1 hypothetical protein B9J08_00190 [Candidozyma auris]
B9J08_001721	B9J08_00191	True	100	100	100	322	100	100	100	322	KAK8441875.1	KAK8441875.1 hypothetical protein B9J08_00191 [Candidozyma auris]
B9J08_001722	B9J08_00192	True	100	100	100	421	100	100	100	421	KAK8441876.1	KAK8441876.1 hypothetical protein B9J08_00192 [Candidozyma auris]
B9J08_001723		False	100	100	100	430						KAK8441877.1 peptidyl-tRNA hydrolase [Candidozyma auris]
B9J08_001724	B9J08_00194	True	100	96.3	96.3	1393	100	96.3	96.3	1393	KAK8441878.1	KAK8441878.1 hypothetical protein B9J08_00194 [Candidozyma auris]
B9J08_001725	B9J08_00195	True	100	100	100	259	100	100	100	259	KAK8441879.1	KAK8441879.1 hypothetical protein B9J08_00195 [Candidozyma auris]
B9J08_001726	B9J08_00196	True	100	100	100	1456	100	100	100	1456	KAK8441880.1	KAK8441880.1 hypothetical protein B9J08_00196 [Candidozyma auris]
B9J08_001727	B9J08_00197	True	100	100	100	1068	100	100	100	1068	KAK8441881.1	KAK8441881.1 hypothetical protein B9J08_00197 [Candidozyma auris]
B9J08_001728	B9J08_00198	True	100	100	100	696	100	100	100	696	KAK8441882.1	KAK8441882.1 hypothetical protein B9J08_00198 [Candidozyma auris]
B9J08_001729	B9J08_00199	True	100	100	100	1172	100	100	100	1172	KAK8441883.1	KAK8441883.1 hypothetical protein B9J08_00199 [Candidozyma auris]
B9J08_001730	B9J08_00200	True	100	100	100	3586	100	100	100	3586	KAK8441884.1	KAK8441884.1 hypothetical protein B9J08_00200 [Candidozyma auris]
B9J08_001731	B9J08_00201	True	100	100	100	1137	100	100	100	1137	KAK8441885.1	KAK8441885.1 hypothetical protein B9J08_00201 [Candidozyma auris]
B9J08_001732		False	100	100	100	334						KAK8441886.1 calcineurin subunit B [Candidozyma auris]
B9J08_001733	B9J08_00203	True	100	100	100	520	100	100	100	520	KAK8441887.1	KAK8441887.1 hypothetical protein B9J08_00203 [Candidozyma auris]
B9J08_001734	B9J08_00204	True	100	100	100	2706	100	100	100	2706	KAK8441888.1	KAK8441888.1 hypothetical protein B9J08_00204 [Candidozyma auris]
B9J08_001735	B9J08_00205	True	100	100	100	584	100	100	100	584	KAK8441889.1	KAK8441889.1 hypothetical protein B9J08_00205 [Candidozyma auris]
B9J08_001736	B9J08_00206	True	100	100	100	266	100	100	100	266	KAK8441890.1	KAK8441890.1 hypothetical protein B9J08_00206 [Candidozyma auris]
B9J08_001737	B9J08_00207	True	100	100	100	1065	100	100	100	1065	KAK8441891.1	KAK8441891.1 hypothetical protein B9J08_00207 [Candidozyma auris]
B9J08_001738	B9J08_00208	True	100	100	100	1538	100	100	100	1538	KAK8441892.1	KAK8441892.1 hypothetical protein B9J08_00208 [Candidozyma auris]
B9J08_001739	B9J08_00209	True	100	100	100	746	100	100	100	746	KAK8441893.1	KAK8441893.1 hypothetical protein B9J08_00209 [Candidozyma auris]
B9J08_001740	B9J08_00210	True	100	100	100	1407	100	100	100	1407	KAK8441894.1	KAK8441894.1 hypothetical protein B9J08_00210 [Candidozyma auris]
B9J08_001741	B9J08_00211	True	100	100	100	1384	100	100	100	1384	KAK8441895.1	KAK8441895.1 hypothetical protein B9J08_00211 [Candidozyma auris]
B9J08_001742	B9J08_00212	True	100	100	100	931	100	100	100	931	KAK8441896.1	KAK8441896.1 hypothetical protein B9J08_00212 [Candidozyma auris]
B9J08_001743	B9J08_00213	True	100	100	100	771	100	100	100	771	KAK8441897.1	KAK8441897.1 hypothetical protein B9J08_00213 [Candidozyma auris]
B9J08_001744	B9J08_00214	True	100	100	100	672	100	100	100	672	KAK8441898.1	KAK8441898.1 hypothetical protein B9J08_00214 [Candidozyma auris]
B9J08_001745	B9J08_00215	True	100	100	100	1055	100	100	100	1055	KAK8441899.1	KAK8441899.1 hypothetical protein B9J08_00215 [Candidozyma auris]
B9J08_001746	B9J08_00216	True	100	100	100	495	100	100	100	495	KAK8441900.1	KAK8441900.1 hypothetical protein B9J08_00216 [Candidozyma auris]
B9J08_001747	B9J08_00217	True	100	100	100	1144	100	100	100	1144	KAK8441901.1	KAK8441901.1 hypothetical protein B9J08_00217 [Candidozyma auris]
B9J08_001748	B9J08_00218	True	100	100	100	1280	100	100	100	1280	KAK8441902.1	KAK8441902.1 hypothetical protein B9J08_00218 [Candidozyma auris]
B9J08_001749	B9J08_00219	True	100	100	100	514	100	100	100	514	KAK8441903.1	KAK8441903.1 hypothetical protein B9J08_00219 [Candidozyma auris]
B9J08_001750	B9J08_00220	True	100	85.0	85.0	108	100	85.0	85.0	108	KAK8441904.1	KAK8441904.1 hypothetical protein B9J08_00220 [Candidozyma auris]
B9J08_001751	B9J08_00221	True	100	100	100	214	100	100	100	214	KAK8441905.1	KAK8441905.1 hypothetical protein B9J08_00221 [Candidozyma auris]
B9J08_001752	B9J08_00222	True	100	100	100	812	100	100	100	812	KAK8441906.1	KAK8441906.1 hypothetical protein B9J08_00222 [Candidozyma auris]
B9J08_001753	B9J08_00223	True	100	100	100	526	100	100	100	526	KAK8441907.1	KAK8441907.1 hypothetical protein B9J08_00223 [Candidozyma auris]
B9J08_001754	B9J08_00224	True	100	100	100	2356	100	100	100	2356	KAK8441908.1	KAK8441908.1 hypothetical protein B9J08_00224 [Candidozyma auris]
B9J08_001755	B9J08_00225	True	100	100	100	172	100	100	100	172	KAK8441909.1	KAK8441909.1 hypothetical protein B9J08_00225 [Candidozyma auris]
B9J08_001756		False	100	100	100	1337						KAK8441910.1 homoaconitase, mitochondrial [Candidozyma auris]
B9J08_001757	B9J08_00227	True	100	100	100	542	100	100	100	542	KAK8441911.1	KAK8441911.1 hypothetical protein B9J08_00227 [Candidozyma auris]
B9J08_001758	B9J08_00228	True	100	100	100	2117	100	100	100	2117	KAK8441912.1	KAK8441912.1 hypothetical protein B9J08_00228 [Candidozyma auris]
B9J08_001759	B9J08_00229	True	100	100	100	752	100	100	100	752	KAK8441913.1	KAK8441913.1 hypothetical protein B9J08_00229 [Candidozyma auris]
B9J08_001760	B9J08_00230	True	100	100	100	665	100	100	100	665	KAK8441914.1	KAK8441914.1 hypothetical protein B9J08_00230 [Candidozyma auris]
B9J08_001761		False	100	100	100	428						KAK8441915.1 orotate phosphoribosyltransferase [Candidozyma auris]
B9J08_001762	B9J08_00232	True	100	100	100	531	100	100	100	531	KAK8441916.1	KAK8441916.1 hypothetical protein B9J08_00232 [Candidozyma auris]
B9J08_001763	B9J08_00233	True	100	100	100	948	100	100	100	948	KAK8441917.1	KAK8441917.1 hypothetical protein B9J08_00233 [Candidozyma auris]
B9J08_001764	B9J08_00234	True	100	100	100	1351	100	100	100	1351	KAK8441918.1	KAK8441918.1 hypothetical protein B9J08_00234 [Candidozyma auris]
B9J08_001765		False	100	100	100	2185						KAK8441919.1 leucine-tRNA ligase [Candidozyma auris]
B9J08_001766	B9J08_00236	True	100	100	100	1765	100	100	100	1765	KAK8441920.1	KAK8441920.1 hypothetical protein B9J08_00236 [Candidozyma auris]
B9J08_001767	B9J08_00237	True	100	100	100	295	100	100	100	295	KAK8441921.1	KAK8441921.1 hypothetical protein B9J08_00237 [Candidozyma auris]
B9J08_001768	B9J08_00238	True	100	100	100	1976	100	100	100	1976	KAK8441922.1	KAK8441922.1 hypothetical protein B9J08_00238 [Candidozyma auris]
B9J08_001769	B9J08_00239	True	100	100	100	3110	100	100	100	3110	KAK8441923.1	KAK8441923.1 hypothetical protein B9J08_00239 [Candidozyma auris]
B9J08_001770	B9J08_00240	True	100	100	100	702	100	100	100	702	KAK8441924.1	KAK8441924.1 hypothetical protein B9J08_00240 [Candidozyma auris]
B9J08_001771	B9J08_00241	True	100	100	100	508	100	100	100	508	KAK8441925.1	KAK8441925.1 hypothetical protein B9J08_00241 [Candidozyma auris]
B9J08_001772		False	100	100	100	617						KAK8441926.1 ribose-phosphate pyrophosphokinase 1 [Candidozyma auris]
B9J08_001773	B9J08_00243	True	100	100	100	930	100	100	100	930	KAK8441927.1	KAK8441927.1 hypothetical protein B9J08_00243 [Candidozyma auris]
B9J08_001774	B9J08_00244	True	100	100	100	2723	100	100	100	2723	KAK8441928.1	KAK8441928.1 hypothetical protein B9J08_00244 [Candidozyma auris]
B9J08_001775	B9J08_00245	True	100	100	100	519	100	100	100	519	KAK8441929.1	KAK8441929.1 hypothetical protein B9J08_00245 [Candidozyma auris]
B9J08_001776		False	100	100	100	228						KAK8441930.1 vacuolar transporter chaperone 1 [Candidozyma auris]
B9J08_001777	B9J08_00247	True	100	100	100	162	100	100	100	162	KAK8441931.1	KAK8441931.1 hypothetical protein B9J08_00247 [Candidozyma auris]
B9J08_001778	B9J08_00248	True	100	100	100	1059	100	100	100	1059	KAK8441932.1	KAK8441932.1 hypothetical protein B9J08_00248 [Candidozyma auris]
B9J08_001779	B9J08_00249	True	100	100	100	1569	100	100	100	1569	KAK8441933.1	KAK8441933.1 hypothetical protein B9J08_00249 [Candidozyma auris]
B9J08_001780	B9J08_00250	True	100	100	100	1631	100	100	100	1631	KAK8441934.1	KAK8441934.1 hypothetical protein B9J08_00250 [Candidozyma auris]
B9J08_001781	B9J08_00251	True	100	100	100	342	100	100	100	342	KAK8441935.1	KAK8441935.1 hypothetical protein B9J08_00251 [Candidozyma auris]
B9J08_001782	B9J08_00252	True	100	100	100	498	100	100	100	498	KAK8441936.1	KAK8441936.1 hypothetical protein B9J08_00252 [Candidozyma auris]
B9J08_001783	B9J08_00253	True	100	100	100	1833	100	100	100	1833	KAK8441937.1	KAK8441937.1 hypothetical protein B9J08_00253 [Candidozyma auris]
B9J08_001784		False	100	100	100	374						KAK8441938.1 V-type proton ATPase subunit C'' [Candidozyma auris]
B9J08_001785	B9J08_00255	True	100	100	100	840	100	100	100	840	KAK8441939.1	KAK8441939.1 hypothetical protein B9J08_00255 [Candidozyma auris]
B9J08_001786	B9J08_00256	True	100	100	100	1654	100	100	100	1654	KAK8441940.1	KAK8441940.1 hypothetical protein B9J08_00256 [Candidozyma auris]
B9J08_001787	B9J08_00257	True	100	100	100	1628	100	100	100	1628	KAK8441941.1	KAK8441941.1 hypothetical protein B9J08_00257 [Candidozyma auris]
B9J08_001788	B9J08_00258	True	100	100	100	1246	100	100	100	1246	KAK8441942.1	KAK8441942.1 hypothetical protein B9J08_00258 [Candidozyma auris]
B9J08_001789	B9J08_00259	True	100	100	100	630	100	100	100	630	KAK8441943.1	KAK8441943.1 hypothetical protein B9J08_00259 [Candidozyma auris]
B9J08_001790	B9J08_00260	True	100	100	100	877	100	100	100	877	KAK8441944.1	KAK8441944.1 hypothetical protein B9J08_00260 [Candidozyma auris]
B9J08_001791	B9J08_00261	True	100	100	100	833	100	100	100	833	KAK8441945.1	KAK8441945.1 hypothetical protein B9J08_00261 [Candidozyma auris]
B9J08_001792	B9J08_00262	True	100	100	100	218	100	100	100	218	KAK8441946.1	KAK8441946.1 hypothetical protein B9J08_00262 [Candidozyma auris]
B9J08_001793	B9J08_00263	True	100	100	100	1093	100	100	100	1093	KAK8441947.1	KAK8441947.1 hypothetical protein B9J08_00263 [Candidozyma auris]
B9J08_001795	B9J08_00265	True	100	100	100	761	100	100	100	761	KAK8441948.1	KAK8441948.1 hypothetical protein B9J08_00265 [Candidozyma auris]
B9J08_001796	B9J08_00266	True	100	100	100	1618	100	100	100	1618	KAK8441949.1	KAK8441949.1 hypothetical protein B9J08_00266 [Candidozyma auris]
B9J08_001797		False	100	100	100	1037						KAK8441950.1 tyrosine-tRNA ligase [Candidozyma auris]
B9J08_001798		False	100	100	100	711						KAK8441951.1 3'(2'),5'-bisphosphate nucleotidase 2 [Candidozyma auris]
B9J08_001799	B9J08_00269	True	100	100	100	1286	100	100	100	1286	KAK8441952.1	KAK8441952.1 hypothetical protein B9J08_00269 [Candidozyma auris]
B9J08_001800	B9J08_00270	True	100	100	100	993	100	100	100	993	KAK8441953.1	KAK8441953.1 hypothetical protein B9J08_00270 [Candidozyma auris]
B9J08_001801	B9J08_00271	True	100	100	100	852	100	100	100	852	KAK8441954.1	KAK8441954.1 hypothetical protein B9J08_00271 [Candidozyma auris]
B9J08_001802	B9J08_00272	True	100	100	100	662	100	100	100	662	KAK8441955.1	KAK8441955.1 hypothetical protein B9J08_00272 [Candidozyma auris]
B9J08_001803		False	100	77.4	77.4	480						KAK8441956.1 rRNA 2'-O-methyltransferase fibrillarin [Candidozyma auris]
B9J08_001804	B9J08_00274	True	100	100	100	730	100	100	100	730	KAK8441957.1	KAK8441957.1 hypothetical protein B9J08_00274 [Candidozyma auris]
B9J08_001805	B9J08_00275	True	100	100	100	295	100	100	100	295	KAK8441958.1	KAK8441958.1 hypothetical protein B9J08_00275 [Candidozyma auris]
B9J08_001806	B9J08_00276	True	100	100	100	1568	100	100	100	1568	KAK8441959.1	KAK8441959.1 hypothetical protein B9J08_00276 [Candidozyma auris]
B9J08_001807	B9J08_00277	True	100	100	100	685	100	100	100	685	KAK8441960.1	KAK8441960.1 hypothetical protein B9J08_00277 [Candidozyma auris]
B9J08_001808	B9J08_00278	True	100	100	100	1229	100	100	100	1229	KAK8441961.1	KAK8441961.1 hypothetical protein B9J08_00278 [Candidozyma auris]
B9J08_001809	B9J08_00279	True	100	100	100	555	100	100	100	555	KAK8441962.1	KAK8441962.1 hypothetical protein B9J08_00279 [Candidozyma auris]
B9J08_001810	B9J08_00280	True	100	100	100	1993	100	100	100	1993	KAK8441963.1	KAK8441963.1 hypothetical protein B9J08_00280 [Candidozyma auris]
B9J08_001811	B9J08_00281	True	100	100	100	1284	100	100	100	1284	KAK8441964.1	KAK8441964.1 hypothetical protein B9J08_00281 [Candidozyma auris]
B9J08_001812	B9J08_00282	True	100	100	100	743	100	100	100	743	KAK8441965.1	KAK8441965.1 hypothetical protein B9J08_00282 [Candidozyma auris]
B9J08_001813	B9J08_00283	True	100	100	100	1977	100	100	100	1977	KAK8441966.1	KAK8441966.1 hypothetical protein B9J08_00283 [Candidozyma auris]
B9J08_001814	B9J08_00284	True	100	100	100	338	100	100	100	338	KAK8441967.1	KAK8441967.1 hypothetical protein B9J08_00284 [Candidozyma auris]
B9J08_001815	B9J08_00285	True	100	100	100	1023	100	100	100	1023	KAK8441968.1	KAK8441968.1 hypothetical protein B9J08_00285 [Candidozyma auris]
B9J08_001816	B9J08_00286	True	100	100	100	586	100	100	100	586	KAK8441969.1	KAK8441969.1 hypothetical protein B9J08_00286 [Candidozyma auris]
B9J08_001817	B9J08_00287	True	100	100	100	1141	100	100	100	1141	KAK8441970.1	KAK8441970.1 hypothetical protein B9J08_00287 [Candidozyma auris]
B9J08_001818	B9J08_00288	True	100	100	100	384	100	100	100	384	KAK8441971.1	KAK8441971.1 hypothetical protein B9J08_00288 [Candidozyma auris]
B9J08_001819	B9J08_00289	True	100	100	100	1499	100	100	100	1499	KAK8441972.1	KAK8441972.1 hypothetical protein B9J08_00289 [Candidozyma auris]
B9J08_001820	B9J08_00290	True	100	100	100	168	100	100	100	168	KAK8441973.1	KAK8441973.1 hypothetical protein B9J08_00290 [Candidozyma auris]
B9J08_001821		False	100	100	100	242						KAK8441974.1 acyl carrier protein [Candidozyma auris]
B9J08_001822		False	100	100	100	347						KAK8441975.1 ribosomal protein S12 [Candidozyma auris]
B9J08_001823	B9J08_00293	True	100	100	100	666	100	100	100	666	KAK8441976.1	KAK8441976.1 hypothetical protein B9J08_00293 [Candidozyma auris]
B9J08_001824	B9J08_00294	True	100	100	100	1034	100	100	100	1034	KAK8441977.1	KAK8441977.1 hypothetical protein B9J08_00294 [Candidozyma auris]
B9J08_001825	B9J08_00295	True	100	100	100	3059	100	100	100	3059	KAK8441978.1	KAK8441978.1 hypothetical protein B9J08_00295 [Candidozyma auris]
B9J08_001826		False	100	100	100	488						KAK8441979.1 transcriptional activator hac1 [Candidozyma auris]
B9J08_001827		False	100	100	100	645						KAK8441980.1 pyridoxal kinase [Candidozyma auris]
B9J08_001828	B9J08_00298	True	100	100	100	702	100	100	100	702	KAK8441981.1	KAK8441981.1 hypothetical protein B9J08_00298 [Candidozyma auris]
B9J08_001829	B9J08_00299	True	100	100	100	1333	100	100	100	1333	KAK8441982.1	KAK8441982.1 hypothetical protein B9J08_00299 [Candidozyma auris]
B9J08_001830	B9J08_00300	True	100	100	100	824	100	100	100	824	KAK8441983.1	KAK8441983.1 hypothetical protein B9J08_00300 [Candidozyma auris]
B9J08_001831	B9J08_00301	True	100	100	100	673	100	100	100	673	KAK8441984.1	KAK8441984.1 hypothetical protein B9J08_00301 [Candidozyma auris]
B9J08_001832	B9J08_00302	True	100	100	100	1756	100	100	100	1756	KAK8441985.1	KAK8441985.1 hypothetical protein B9J08_00302 [Candidozyma auris]
B9J08_001833	B9J08_00303	True	100	100	100	1988	100	100	100	1988	KAK8441986.1	KAK8441986.1 hypothetical protein B9J08_00303 [Candidozyma auris]
B9J08_001834	B9J08_00304	True	100	100	100	1314	100	100	100	1314	KAK8441987.1	KAK8441987.1 hypothetical protein B9J08_00304 [Candidozyma auris]
B9J08_001835	B9J08_00305	True	100	100	100	762	100	100	100	762	KAK8441988.1	KAK8441988.1 hypothetical protein B9J08_00305 [Candidozyma auris]
B9J08_001836	B9J08_00306	True	100	100	100	676	100	100	100	676	KAK8441989.1	KAK8441989.1 hypothetical protein B9J08_00306 [Candidozyma auris]
B9J08_001837	B9J08_00307	True	100	100	100	461	100	100	100	461	KAK8441990.1	KAK8441990.1 hypothetical protein B9J08_00307 [Candidozyma auris]
B9J08_001838	B9J08_00308	True	100	100	100	1252	100	100	100	1252	KAK8441991.1	KAK8441991.1 hypothetical protein B9J08_00308 [Candidozyma auris]
B9J08_001839	B9J08_00309	True	100	100	100	423	100	100	100	423	KAK8441992.1	KAK8441992.1 hypothetical protein B9J08_00309 [Candidozyma auris]
B9J08_001840	B9J08_00310	True	100	100	100	359	100	100	100	359	KAK8441993.1	KAK8441993.1 hypothetical protein B9J08_00310 [Candidozyma auris]
B9J08_001841	B9J08_00311	True	100	100	100	807	100	100	100	807	KAK8441994.1	KAK8441994.1 hypothetical protein B9J08_00311 [Candidozyma auris]
B9J08_001842		False	100	100	100	825						KAK8441995.1 26S protease subunit RPT4 [Candidozyma auris]
B9J08_001843		False	100	100	100	904						KAK8441996.1 cell division control protein 31 [Candidozyma auris]
B9J08_001844	B9J08_00314	True	100	100	100	1466	100	100	100	1466	KAK8441997.1	KAK8441997.1 hypothetical protein B9J08_00314 [Candidozyma auris]
B9J08_001845	B9J08_00315	True	100	100	100	640	100	100	100	640	KAK8441998.1	KAK8441998.1 hypothetical protein B9J08_00315 [Candidozyma auris]
B9J08_001846	B9J08_00316	True	100	100	100	1105	100	100	100	1105	KAK8441999.1	KAK8441999.1 hypothetical protein B9J08_00316 [Candidozyma auris]
B9J08_001847	B9J08_00317	True	100	100	100	283	100	100	100	283	KAK8442000.1	KAK8442000.1 hypothetical protein B9J08_00317 [Candidozyma auris]
B9J08_001848	B9J08_00318	True	100	100	100	344	100	100	100	344	KAK8442001.1	KAK8442001.1 hypothetical protein B9J08_00318 [Candidozyma auris]
B9J08_001849	B9J08_00319	True	100	100	100	1253	100	100	100	1253	KAK8442002.1	KAK8442002.1 hypothetical protein B9J08_00319 [Candidozyma auris]
B9J08_001850		False	100	100	100	1155						KAK8442003.1 bifunctional purine biosynthesis protein ADE17 [Candidozyma auris]
B9J08_001851		False	100	100	100	413						KAK8442004.1 60S ribosomal protein L15-A [Candidozyma auris]
B9J08_001852	B9J08_00322	True	100	100	100	677	100	100	100	677	KAK8442005.1	KAK8442005.1 hypothetical protein B9J08_00322 [Candidozyma auris]
B9J08_001853	B9J08_00323	True	100	100	100	424	100	100	100	424	KAK8442006.1	KAK8442006.1 hypothetical protein B9J08_00323 [Candidozyma auris]
B9J08_001854	B9J08_00324	True	100	100	100	1246	100	100	100	1246	KAK8442007.1	KAK8442007.1 hypothetical protein B9J08_00324 [Candidozyma auris]
B9J08_001855	B9J08_00325	True	100	100	100	842	100	100	100	842	KAK8442008.1	KAK8442008.1 hypothetical protein B9J08_00325 [Candidozyma auris]
B9J08_001856	B9J08_00326	True	100	100	100	379	100	100	100	379	KAK8442009.1	KAK8442009.1 hypothetical protein B9J08_00326 [Candidozyma auris]
B9J08_001857	B9J08_00327	True	100	100	100	2129	100	100	100	2129	KAK8442010.1	KAK8442010.1 hypothetical protein B9J08_00327 [Candidozyma auris]
B9J08_001858	B9J08_00328	True	100	100	100	934	100	100	100	934	KAK8442011.1	KAK8442011.1 hypothetical protein B9J08_00328 [Candidozyma auris]
B9J08_001859	B9J08_00329	True	100	100	100	549	100	100	100	549	KAK8442012.1	KAK8442012.1 hypothetical protein B9J08_00329 [Candidozyma auris]
B9J08_001860		False	100	100	100	803						KAK8442013.1 phosphoglycerate kinase [Candidozyma auris]
B9J08_001861	B9J08_00331	True	100	100	100	1328	100	100	100	1328	KAK8442014.1	KAK8442014.1 hypothetical protein B9J08_00331 [Candidozyma auris]
B9J08_001862	B9J08_00332	True	100	100	100	978	100	100	100	978	KAK8442015.1	KAK8442015.1 hypothetical protein B9J08_00332 [Candidozyma auris]
B9J08_001863	B9J08_00333	True	100	100	100	939	100	100	100	939	KAK8442016.1	KAK8442016.1 hypothetical protein B9J08_00333 [Candidozyma auris]
B9J08_001864	B9J08_00334	True	100	100	100	1280	100	100	100	1280	KAK8442017.1	KAK8442017.1 hypothetical protein B9J08_00334 [Candidozyma auris]
B9J08_001865	B9J08_00335	True	100	100	100	526	100	100	100	526	KAK8442018.1	KAK8442018.1 hypothetical protein B9J08_00335 [Candidozyma auris]
B9J08_001866	B9J08_00336	True	100	100	100	1001	100	100	100	1001	KAK8442019.1	KAK8442019.1 hypothetical protein B9J08_00336 [Candidozyma auris]
B9J08_001867	B9J08_00337	True	100	100	100	273	100	100	100	273	KAK8442020.1	KAK8442020.1 hypothetical protein B9J08_00337 [Candidozyma auris]
B9J08_001868	B9J08_00338	True	100	100	100	1073	100	100	100	1073	KAK8442021.1	KAK8442021.1 hypothetical protein B9J08_00338 [Candidozyma auris]
B9J08_001869	B9J08_00339	True	100	100	100	257	100	100	100	257	KAK8442022.1	KAK8442022.1 hypothetical protein B9J08_00339 [Candidozyma auris]
B9J08_001870		False	100	100	100	290						KAK8442023.1 40S ribosomal protein S13 [Candidozyma auris]
B9J08_001871		False	100	100	100	293						KAK8442024.1 eukaryotic translation initiation factor 1A [Candidozyma auris]
B9J08_001872	B9J08_00342	True	100	100	100	648	100	100	100	648	KAK8442025.1	KAK8442025.1 hypothetical protein B9J08_00342 [Candidozyma auris]
B9J08_001873	B9J08_00343	True	100	100	100	2056	100	100	100	2056	KAK8442026.1	KAK8442026.1 hypothetical protein B9J08_00343 [Candidozyma auris]
B9J08_001874	B9J08_00344	True	100	100	100	627	100	100	100	627	KAK8442027.1	KAK8442027.1 hypothetical protein B9J08_00344 [Candidozyma auris]
B9J08_001875		False	100	100	100	490						KAK8442028.1 triosephosphate isomerase [Candidozyma auris]
B9J08_001876	B9J08_00346	True	100	100	100	631	100	100	100	631	KAK8442029.1	KAK8442029.1 hypothetical protein B9J08_00346 [Candidozyma auris]
B9J08_001877	B9J08_00347	True	100	100	100	655	100	100	100	655	KAK8442030.1	KAK8442030.1 hypothetical protein B9J08_00347 [Candidozyma auris]
B9J08_001878		False	100	100	100	1148						KAK8442031.1 lysine-tRNA ligase, cytoplasmic [Candidozyma auris]
B9J08_001879		False	100	100	100	601						KAK8442032.1 ribosomal RNA large subunit methyltransferase J [Candidozyma auris]
B9J08_001880	B9J08_00350	True	100	100	100	464	100	100	100	464	KAK8442033.1	KAK8442033.1 hypothetical protein B9J08_00350 [Candidozyma auris]
B9J08_001881	B9J08_00351	True	100	100	100	407	100	100	100	407	KAK8442034.1	KAK8442034.1 hypothetical protein B9J08_00351 [Candidozyma auris]
B9J08_001882	B9J08_00352	True	100	100	100	629	100	100	100	629	KAK8442035.1	KAK8442035.1 hypothetical protein B9J08_00352 [Candidozyma auris]
B9J08_001883		False	100	100	100	1105						KAK8442036.1 glycolate oxidase, subunit GlcD [Candidozyma auris]
B9J08_001884		False	100	100	100	681						KAK8442037.1 biotin synthase, mitochondrial [Candidozyma auris]
B9J08_001885	B9J08_00355	True	100	100	100	229	100	100	100	229	KAK8442038.1	KAK8442038.1 hypothetical protein B9J08_00355 [Candidozyma auris]
B9J08_001887		False	100	100	100	1127						KAK8442039.1 5-aminolevulinate synthase, mitochondrial [Candidozyma auris]
B9J08_001888	B9J08_00358	True	100	100	100	1235	100	100	100	1235	KAK8442040.1	KAK8442040.1 hypothetical protein B9J08_00358 [Candidozyma auris]
B9J08_001889	B9J08_00359	True	100	100	100	546	100	100	100	546	KAK8442041.1	KAK8442041.1 hypothetical protein B9J08_00359 [Candidozyma auris]
B9J08_001890		False	100	100	100	702						KAK8442042.1 serine/threonine-protein phosphatase PP2A-2 catalytic subunit [Candidozyma auris]
B9J08_001891	B9J08_00361	True	100	100	100	753	100	100	100	753	KAK8442043.1	KAK8442043.1 hypothetical protein B9J08_00361 [Candidozyma auris]
B9J08_001892	B9J08_00362	True	100	100	100	345	100	100	100	345	KAK8442044.1	KAK8442044.1 hypothetical protein B9J08_00362 [Candidozyma auris]
B9J08_001893		False	100	100	100	1219						KAK8442045.1 V-type proton ATPase catalytic subunit A [Candidozyma auris]
B9J08_001894	B9J08_00364	True	100	100	100	556	100	100	100	556	KAK8442046.1	KAK8442046.1 hypothetical protein B9J08_00364 [Candidozyma auris]
B9J08_001895	B9J08_00365	True	100	100	100	760	100	100	100	760	KAK8442047.1	KAK8442047.1 hypothetical protein B9J08_00365 [Candidozyma auris]
B9J08_001896	B9J08_00366	True	100	100	100	751	100	100	100	751	KAK8442048.1	KAK8442048.1 hypothetical protein B9J08_00366 [Candidozyma auris]
B9J08_001897	B9J08_00367	True	100	100	100	1506	100	100	100	1506	KAK8442049.1	KAK8442049.1 hypothetical protein B9J08_00367 [Candidozyma auris]
B9J08_001898	B9J08_00368	True	100	100	100	2441	100	100	100	2441	KAK8442050.1	KAK8442050.1 hypothetical protein B9J08_00368 [Candidozyma auris]
B9J08_001899	B9J08_00369	True	100	100	100	3040	100	100	100	3040	KAK8442051.1	KAK8442051.1 hypothetical protein B9J08_00369 [Candidozyma auris]
B9J08_001900	B9J08_00370	True	100	100	100	1784	100	100	100	1784	KAK8442052.1	KAK8442052.1 hypothetical protein B9J08_00370 [Candidozyma auris]
B9J08_001901	B9J08_00371	True	100	100	100	829	100	100	100	829	KAK8442053.1	KAK8442053.1 hypothetical protein B9J08_00371 [Candidozyma auris]
B9J08_001902	B9J08_00372	True	100	100	100	2035	100	100	100	2035	KAK8442054.1	KAK8442054.1 hypothetical protein B9J08_00372 [Candidozyma auris]
B9J08_001903	B9J08_00373	True	100	100	100	1066	100	100	100	1066	KAK8442055.1	KAK8442055.1 hypothetical protein B9J08_00373 [Candidozyma auris]
B9J08_001904	B9J08_00374	True	100	100	100	807	100	100	100	807	KAK8442056.1	KAK8442056.1 hypothetical protein B9J08_00374 [Candidozyma auris]
B9J08_001905	B9J08_00375	True	100	100	100	1489	100	100	100	1489	KAK8442057.1	KAK8442057.1 hypothetical protein B9J08_00375 [Candidozyma auris]
B9J08_001906	B9J08_00376	True	100	100	100	776	100	100	100	776	KAK8442058.1	KAK8442058.1 hypothetical protein B9J08_00376 [Candidozyma auris]
B9J08_001907	B9J08_00377	True	100	100	100	835	100	100	100	835	KAK8442059.1	KAK8442059.1 hypothetical protein B9J08_00377 [Candidozyma auris]
B9J08_001908		False	100	100	100	916						KAK8442060.1 glycolipid 2-alpha-mannosyltransferase 2 [Candidozyma auris]
B9J08_001909	B9J08_00379	True	100	100	100	1135	100	100	100	1135	KAK8442061.1	KAK8442061.1 hypothetical protein B9J08_00379 [Candidozyma auris]
B9J08_001910	B9J08_00380	True	100	100	100	1290	100	100	100	1290	KAK8442062.1	KAK8442062.1 hypothetical protein B9J08_00380 [Candidozyma auris]
B9J08_001911	B9J08_00381	True	100	100	100	1396	100	100	100	1396	KAK8442063.1	KAK8442063.1 hypothetical protein B9J08_00381 [Candidozyma auris]
B9J08_001912		False	100	100	100	1115						KAK8442064.1 elongator complex protein 3 [Candidozyma auris]
B9J08_001913	B9J08_00383	True	100	100	100	555	100	100	100	555	KAK8442065.1	KAK8442065.1 hypothetical protein B9J08_00383 [Candidozyma auris]
B9J08_001914	B9J08_00384	True	100	100	100	871	100	100	100	871	KAK8442066.1	KAK8442066.1 hypothetical protein B9J08_00384 [Candidozyma auris]
B9J08_001915		False	100	100	100	1240						KAK8442067.1 nucleolar GTP-binding protein 1 [Candidozyma auris]
B9J08_001916	B9J08_00386	True	100	100	100	726	100	100	100	726	KAK8442068.1	KAK8442068.1 hypothetical protein B9J08_00386 [Candidozyma auris]
B9J08_001917	B9J08_00387	True	100	100	100	768	100	100	100	768	KAK8442069.1	KAK8442069.1 hypothetical protein B9J08_00387 [Candidozyma auris]
B9J08_001918	B9J08_00388	True	100	100	100	1148	100	100	100	1148	KAK8442070.1	KAK8442070.1 hypothetical protein B9J08_00388 [Candidozyma auris]
B9J08_001919	B9J08_00389	True	100	100	100	1285	100	100	100	1285	KAK8442071.1	KAK8442071.1 hypothetical protein B9J08_00389 [Candidozyma auris]
B9J08_001920	B9J08_00390	True	100	100	100	1543	100	100	100	1543	KAK8442072.1	KAK8442072.1 hypothetical protein B9J08_00390 [Candidozyma auris]
B9J08_001921	B9J08_00391	True	100	100	100	868	100	100	100	868	KAK8442073.1	KAK8442073.1 hypothetical protein B9J08_00391 [Candidozyma auris]
B9J08_001922		False	100	100	100	416						KAK8442074.1 60S ribosomal protein L10a [Candidozyma auris]
B9J08_001923	B9J08_00393	True	100	100	100	648	100	100	100	648	KAK8442075.1	KAK8442075.1 hypothetical protein B9J08_00393 [Candidozyma auris]
B9J08_001924	B9J08_00394	True	100	100	100	1721	100	100	100	1721	KAK8442076.1	KAK8442076.1 hypothetical protein B9J08_00394 [Candidozyma auris]
B9J08_001925	B9J08_00395	True	100	100	100	1209	100	100	100	1209	KAK8442077.1	KAK8442077.1 hypothetical protein B9J08_00395 [Candidozyma auris]
B9J08_001926	B9J08_00396	True	100	100	100	649	100	100	100	649	KAK8442078.1	KAK8442078.1 hypothetical protein B9J08_00396 [Candidozyma auris]
B9J08_001927		False	100	100	100	784						KAK8442079.1 methionine aminopeptidase 2 [Candidozyma auris]
B9J08_001928	B9J08_00398	True	100	100	100	443	100	100	100	443	KAK8442080.1	KAK8442080.1 hypothetical protein B9J08_00398 [Candidozyma auris]
B9J08_001929	B9J08_00399	True	100	100	100	898	100	100	100	898	KAK8442081.1	KAK8442081.1 hypothetical protein B9J08_00399 [Candidozyma auris]
B9J08_001930	B9J08_00400	True	100	100	100	668	100	100	100	668	KAK8442082.1	KAK8442082.1 hypothetical protein B9J08_00400 [Candidozyma auris]
B9J08_001931		False	100	100	100	578						KAK8442083.1 high osmolarity signaling protein SHO1 [Candidozyma auris]
B9J08_001932	B9J08_00402	True	100	100	100	373	100	100	100	373	KAK8442084.1	KAK8442084.1 hypothetical protein B9J08_00402 [Candidozyma auris]
B9J08_001933	B9J08_00403	True	100	100	100	1264	100	100	100	1264	KAK8442085.1	KAK8442085.1 hypothetical protein B9J08_00403 [Candidozyma auris]
B9J08_001934	B9J08_00404	True	100	100	100	670	100	100	100	670	KAK8442086.1	KAK8442086.1 hypothetical protein B9J08_00404 [Candidozyma auris]
B9J08_001935	B9J08_00405	True	100	100	100	1150	100	100	100	1150	KAK8442087.1	KAK8442087.1 hypothetical protein B9J08_00405 [Candidozyma auris]
B9J08_001936	B9J08_00406	True	100	100	100	1034	100	100	100	1034	KAK8442088.1	KAK8442088.1 hypothetical protein B9J08_00406 [Candidozyma auris]
B9J08_001937	B9J08_00407	True	100	100	100	603	100	100	100	603	KAK8442089.1	KAK8442089.1 hypothetical protein B9J08_00407 [Candidozyma auris]
B9J08_001938	B9J08_00408	True	100	100	100	645	100	100	100	645	KAK8442090.1	KAK8442090.1 hypothetical protein B9J08_00408 [Candidozyma auris]
B9J08_001939	B9J08_00409	True	100	100	100	1566	100	100	100	1566	KAK8442091.1	KAK8442091.1 hypothetical protein B9J08_00409 [Candidozyma auris]
B9J08_001940	B9J08_00410	True	100	56.3	56.3	127	100	56.3	56.3	127	KAK8442092.1	KAK8442092.1 hypothetical protein B9J08_00410 [Candidozyma auris]
B9J08_001941	B9J08_00411	True	100	100	100	586	100	100	100	586	KAK8442093.1	KAK8442093.1 hypothetical protein B9J08_00411 [Candidozyma auris]
B9J08_001942	B9J08_00412	True	100	100	100	760	100	100	100	760	KAK8442094.1	KAK8442094.1 hypothetical protein B9J08_00412 [Candidozyma auris]
B9J08_001943	B9J08_00413	True	100	100	100	3247	100	100	100	3247	KAK8442095.1	KAK8442095.1 hypothetical protein B9J08_00413 [Candidozyma auris]
B9J08_001944	B9J08_00414	True	100	100	100	466	100	100	100	466	KAK8442096.1	KAK8442096.1 hypothetical protein B9J08_00414 [Candidozyma auris]
B9J08_001945	B9J08_00415	True	100	100	100	837	100	100	100	837	KAK8442097.1	KAK8442097.1 hypothetical protein B9J08_00415 [Candidozyma auris]
B9J08_001946	B9J08_00416	True	100	100	100	1995	100	100	100	1995	KAK8442098.1	KAK8442098.1 hypothetical protein B9J08_00416 [Candidozyma auris]
B9J08_001948	B9J08_03021	True	100	100	100	1283	100	100	100	1283	KAK8439930.1	KAK8439930.1 hypothetical protein B9J08_03021 [Candidozyma auris]
B9J08_001949	B9J08_03022	True	100	100	100	246	100	100	100	246	KAK8439931.1	KAK8439931.1 hypothetical protein B9J08_03022 [Candidozyma auris]
B9J08_001950	B9J08_03023	True	100	100	100	894	100	100	100	894	KAK8439932.1	KAK8439932.1 hypothetical protein B9J08_03023 [Candidozyma auris]
B9J08_001951	B9J08_03024	True	100	100	100	693	100	100	100	693	KAK8439933.1	KAK8439933.1 hypothetical protein B9J08_03024 [Candidozyma auris]
B9J08_001952	B9J08_03025	True	100	100	100	1075	100	100	100	1075	KAK8439934.1	KAK8439934.1 hypothetical protein B9J08_03025 [Candidozyma auris]
B9J08_001954	B9J08_03027	True	100	100	100	1505	100	100	100	1505	KAK8439935.1	KAK8439935.1 hypothetical protein B9J08_03027 [Candidozyma auris]
B9J08_001955	B9J08_03028	True	100	100	100	816	100	100	100	816	KAK8439936.1	KAK8439936.1 hypothetical protein B9J08_03028 [Candidozyma auris]
B9J08_001956	B9J08_03029	True	100	100	100	560	100	100	100	560	KAK8439937.1	KAK8439937.1 hypothetical protein B9J08_03029 [Candidozyma auris]
B9J08_001957	B9J08_03030	True	100	100	100	608	100	100	100	608	KAK8439938.1	KAK8439938.1 hypothetical protein B9J08_03030 [Candidozyma auris]
B9J08_001958	B9J08_03031	True	100	100	100	1122	100	100	100	1122	KAK8439939.1	KAK8439939.1 hypothetical protein B9J08_03031 [Candidozyma auris]
B9J08_001959		False	100	100	100	2044						KAK8439940.1 histidine protein kinase NIK1 [Candidozyma auris]
B9J08_001960		False	100	100	100	2149						KAK8439941.1 DNA polymerase delta catalytic subunit [Candidozyma auris]
B9J08_001961	B9J08_03034	True	100	100	100	1958	100	100	100	1958	KAK8439942.1	KAK8439942.1 hypothetical protein B9J08_03034 [Candidozyma auris]
B9J08_001962	B9J08_03035	True	100	100	100	501	100	100	100	501	KAK8439943.1	KAK8439943.1 hypothetical protein B9J08_03035 [Candidozyma auris]
B9J08_001963	B9J08_03036	True	100	100	100	660	100	100	100	660	KAK8439944.1	KAK8439944.1 hypothetical protein B9J08_03036 [Candidozyma auris]
B9J08_001964	B9J08_03037	True	100	100	100	608	100	100	100	608	KAK8439945.1	KAK8439945.1 hypothetical protein B9J08_03037 [Candidozyma auris]
B9J08_001965	B9J08_03038	True	100	100	100	774	100	100	100	774	KAK8439946.1	KAK8439946.1 hypothetical protein B9J08_03038 [Candidozyma auris]
B9J08_001966	B9J08_03039	True	100	100	100	569	100	100	100	569	KAK8439947.1	KAK8439947.1 hypothetical protein B9J08_03039 [Candidozyma auris]
B9J08_001967	B9J08_03040	True	100	100	100	734	100	100	100	734	KAK8439948.1	KAK8439948.1 hypothetical protein B9J08_03040 [Candidozyma auris]
B9J08_001968	B9J08_03041	True	100	100	100	978	100	100	100	978	KAK8439949.1	KAK8439949.1 hypothetical protein B9J08_03041 [Candidozyma auris]
B9J08_001969	B9J08_03042	True	100	100	100	1032	100	100	100	1032	KAK8439950.1	KAK8439950.1 hypothetical protein B9J08_03042 [Candidozyma auris]
B9J08_001970	B9J08_03043	True	100	100	100	459	100	100	100	459	KAK8439951.1	KAK8439951.1 hypothetical protein B9J08_03043 [Candidozyma auris]
B9J08_001971	B9J08_03044	True	100	100	100	1495	100	100	100	1495	KAK8439952.1	KAK8439952.1 hypothetical protein B9J08_03044 [Candidozyma auris]
B9J08_001972	B9J08_03045	True	100	100	100	2442	100	100	100	2442	KAK8439953.1	KAK8439953.1 hypothetical protein B9J08_03045 [Candidozyma auris]
B9J08_001973	B9J08_03046	True	100	100	100	220	100	100	100	220	KAK8439954.1	KAK8439954.1 hypothetical protein B9J08_03046 [Candidozyma auris]
B9J08_001974		False	100	100	100	448						KAK8439955.1 40S ribosomal protein S3 [Candidozyma auris]
B9J08_001975		False	100	100	100	2663						KAK8439956.1 phosphoribosylformylglycinamidine synthase [Candidozyma auris]
B9J08_001976	B9J08_03049	True	100	100	100	149	100	100	100	149	KAK8439957.1	KAK8439957.1 hypothetical protein B9J08_03049 [Candidozyma auris]
B9J08_001977	B9J08_03050	True	100	100	100	1012	100	100	100	1012	KAK8439958.1	KAK8439958.1 hypothetical protein B9J08_03050 [Candidozyma auris]
B9J08_001978	B9J08_03051	True	100	100	100	240	100	100	100	240	KAK8439959.1	KAK8439959.1 hypothetical protein B9J08_03051 [Candidozyma auris]
B9J08_001979	B9J08_03052	True	100	100	100	295	100	100	100	295	KAK8439960.1	KAK8439960.1 hypothetical protein B9J08_03052 [Candidozyma auris]
B9J08_001980	B9J08_03053	True	100	100	100	283	100	100	100	283	KAK8439961.1	KAK8439961.1 hypothetical protein B9J08_03053 [Candidozyma auris]
B9J08_001981	B9J08_03054	True	100	100	100	1290	100	100	100	1290	KAK8439962.1	KAK8439962.1 hypothetical protein B9J08_03054 [Candidozyma auris]
B9J08_001984	B9J08_03057	True	100	100	100	1072	100	100	100	1072	KAK8439963.1	KAK8439963.1 hypothetical protein B9J08_03057 [Candidozyma auris]
B9J08_001985	B9J08_03058	True	100	100	100	1654	100	100	100	1654	KAK8439964.1	KAK8439964.1 hypothetical protein B9J08_03058 [Candidozyma auris]
B9J08_001986	B9J08_03059	True	100	100	100	220	100	100	100	220	KAK8439965.1	KAK8439965.1 hypothetical protein B9J08_03059 [Candidozyma auris]
B9J08_001987	B9J08_03060	True	100	100	100	1093	100	100	100	1093	KAK8439966.1	KAK8439966.1 hypothetical protein B9J08_03060 [Candidozyma auris]
B9J08_001988	B9J08_03061	True	100	100	100	302	100	100	100	302	KAK8439967.1	KAK8439967.1 hypothetical protein B9J08_03061 [Candidozyma auris]
B9J08_001989		False	100	100	100	973						KAK8439968.1 UTP-glucose-1-phosphate uridylyltransferase [Candidozyma auris]
B9J08_001991		False	100	100	100	853						KAK8439969.1 nicotinate phosphoribosyltransferase [Candidozyma auris]
B9J08_001992	B9J08_03065	True	100	100	100	1934	100	100	100	1934	KAK8439970.1	KAK8439970.1 hypothetical protein B9J08_03065 [Candidozyma auris]
B9J08_001993	B9J08_03066	True	100	100	100	529	100	100	100	529	KAK8439971.1	KAK8439971.1 hypothetical protein B9J08_03066 [Candidozyma auris]
B9J08_001994	B9J08_03067	True	100	100	100	742	100	100	100	742	KAK8439972.1	KAK8439972.1 hypothetical protein B9J08_03067 [Candidozyma auris]
B9J08_001995	B9J08_03068	True	100	100	100	525	100	100	100	525	KAK8439973.1	KAK8439973.1 hypothetical protein B9J08_03068 [Candidozyma auris]
B9J08_001996	B9J08_03069	True	100	100	100	845	100	100	100	845	KAK8439974.1	KAK8439974.1 hypothetical protein B9J08_03069 [Candidozyma auris]
B9J08_001997	B9J08_03070	True	100	100	100	917	100	100	100	917	KAK8439975.1	KAK8439975.1 hypothetical protein B9J08_03070 [Candidozyma auris]
B9J08_001998		False	100	100	100	1589						KAK8439976.1 OPT family small oligopeptide transporter [Candidozyma auris]
B9J08_001999		False	100	100	100	1390						KAK8439977.1 aspartate-tRNA ligase [Candidozyma auris]
B9J08_002000		False	100	100	100	1372						KAK8439978.1 nucleolar protein 9 [Candidozyma auris]
B9J08_002001	B9J08_03074	True	100	100	100	488	100	100	100	488	KAK8439979.1	KAK8439979.1 hypothetical protein B9J08_03074 [Candidozyma auris]
B9J08_002002	B9J08_03075	True	100	100	100	857	100	100	100	857	KAK8439980.1	KAK8439980.1 hypothetical protein B9J08_03075 [Candidozyma auris]
B9J08_002003	B9J08_03076	True	100	100	100	1257	100	100	100	1257	KAK8439981.1	KAK8439981.1 hypothetical protein B9J08_03076 [Candidozyma auris]
B9J08_002004	B9J08_03077	True	100	100	100	1388	100	100	100	1388	KAK8439982.1	KAK8439982.1 hypothetical protein B9J08_03077 [Candidozyma auris]
B9J08_002005	B9J08_03078	True	100	100	100	1204	100	100	100	1204	KAK8439983.1	KAK8439983.1 hypothetical protein B9J08_03078 [Candidozyma auris]
B9J08_002006	B9J08_03079	True	100	100	100	661	100	100	100	661	KAK8439984.1	KAK8439984.1 hypothetical protein B9J08_03079 [Candidozyma auris]
B9J08_002007	B9J08_03080	True	100	100	100	1465	100	100	100	1465	KAK8439985.1	KAK8439985.1 hypothetical protein B9J08_03080 [Candidozyma auris]
B9J08_002008	B9J08_03081	True	100	100	100	1633	100	100	100	1633	KAK8439986.1	KAK8439986.1 hypothetical protein B9J08_03081 [Candidozyma auris]
B9J08_002009	B9J08_03082	True	100	100	100	1283	100	100	100	1283	KAK8439987.1	KAK8439987.1 hypothetical protein B9J08_03082 [Candidozyma auris]
B9J08_002010		False	100	100	100	384						KAK8439988.1 small COPII coat GTPase [Candidozyma auris]
B9J08_002011	B9J08_03084	True	100	100	100	922	100	100	100	922	KAK8439989.1	KAK8439989.1 hypothetical protein B9J08_03084 [Candidozyma auris]
B9J08_002012	B9J08_03085	True	100	100	100	597	100	100	100	597	KAK8439990.1	KAK8439990.1 hypothetical protein B9J08_03085 [Candidozyma auris]
B9J08_002013	B9J08_03086	True	100	100	100	1203	100	100	100	1203	KAK8439991.1	KAK8439991.1 hypothetical protein B9J08_03086 [Candidozyma auris]
B9J08_002014	B9J08_03087	True	100	100	100	478	100	100	100	478	KAK8439992.1	KAK8439992.1 hypothetical protein B9J08_03087 [Candidozyma auris]
B9J08_002015	B9J08_03088	True	100	100	100	768	100	100	100	768	KAK8439993.1	KAK8439993.1 hypothetical protein B9J08_03088 [Candidozyma auris]
B9J08_002016	B9J08_03089	True	100	100	100	211	100	100	100	211	KAK8439994.1	KAK8439994.1 hypothetical protein B9J08_03089 [Candidozyma auris]
B9J08_002017	B9J08_03090	True	100	100	100	1280	100	100	100	1280	KAK8439995.1	KAK8439995.1 hypothetical protein B9J08_03090 [Candidozyma auris]
B9J08_002018		False	100	100	100	639						KAK8439996.1 thioredoxin [Candidozyma auris]
B9J08_002019	B9J08_03092	True	100	100	100	863	100	100	100	863	KAK8439997.1	KAK8439997.1 hypothetical protein B9J08_03092 [Candidozyma auris]
B9J08_002020		False	100	100	100	289						KAK8439998.1 deoxyuridine 5'-triphosphate nucleotidohydrolase [Candidozyma auris]
B9J08_002021	B9J08_03094	True	100	100	100	515	100	100	100	515	KAK8439999.1	KAK8439999.1 hypothetical protein B9J08_03094 [Candidozyma auris]
B9J08_002022	B9J08_03095	True	100	100	100	1006	100	100	100	1006	KAK8440000.1	KAK8440000.1 hypothetical protein B9J08_03095 [Candidozyma auris]
B9J08_002023	B9J08_03096	True	100	100	100	1213	100	100	100	1213	KAK8440001.1	KAK8440001.1 hypothetical protein B9J08_03096 [Candidozyma auris]
B9J08_002024	B9J08_03097	True	100	100	100	1516	100	100	100	1516	KAK8440002.1	KAK8440002.1 hypothetical protein B9J08_03097 [Candidozyma auris]
B9J08_002025	B9J08_03098	True	100	100	100	1173	100	100	100	1173	KAK8440003.1	KAK8440003.1 hypothetical protein B9J08_03098 [Candidozyma auris]
B9J08_002026		False	100	100	100	442						KAK8440004.1 Grx4 family monothiol glutaredoxin [Candidozyma auris]
B9J08_002027	B9J08_03100	True	100	100	100	2254	100	100	100	2254	KAK8440005.1	KAK8440005.1 hypothetical protein B9J08_03100 [Candidozyma auris]
B9J08_002028	B9J08_03101	True	100	100	100	195	100	100	100	195	KAK8440006.1	KAK8440006.1 hypothetical protein B9J08_03101 [Candidozyma auris]
B9J08_002029	B9J08_03102	True	100	100	100	315	100	100	100	315	KAK8440007.1	KAK8440007.1 hypothetical protein B9J08_03102 [Candidozyma auris]
B9J08_002030	B9J08_03103	True	100	100	100	2207	100	100	100	2207	KAK8440008.1	KAK8440008.1 hypothetical protein B9J08_03103 [Candidozyma auris]
B9J08_002031	B9J08_03104	True	100	100	100	479	100	100	100	479	KAK8440009.1	KAK8440009.1 hypothetical protein B9J08_03104 [Candidozyma auris]
B9J08_002032	B9J08_03105	True	100	100	100	824	100	100	100	824	KAK8440010.1	KAK8440010.1 hypothetical protein B9J08_03105 [Candidozyma auris]
B9J08_002033	B9J08_03106	True	100	100	100	1107	100	100	100	1107	KAK8440011.1	KAK8440011.1 hypothetical protein B9J08_03106 [Candidozyma auris]
B9J08_002034	B9J08_03107	True	100	100	100	1432	100	100	100	1432	KAK8440012.1	KAK8440012.1 hypothetical protein B9J08_03107 [Candidozyma auris]
B9J08_002035	B9J08_03108	True	100	100	100	535	100	100	100	535	KAK8440013.1	KAK8440013.1 hypothetical protein B9J08_03108 [Candidozyma auris]
B9J08_002036	B9J08_03109	True	100	100	100	873	100	100	100	873	KAK8440014.1	KAK8440014.1 hypothetical protein B9J08_03109 [Candidozyma auris]
B9J08_002037	B9J08_03110	True	100	100	100	681	100	100	100	681	KAK8440015.1	KAK8440015.1 hypothetical protein B9J08_03110 [Candidozyma auris]
B9J08_002038	B9J08_03111	True	100	100	100	259	100	100	100	259	KAK8440016.1	KAK8440016.1 hypothetical protein B9J08_03111 [Candidozyma auris]
B9J08_002039	B9J08_03112	True	100	100	100	541	100	100	100	541	KAK8440017.1	KAK8440017.1 hypothetical protein B9J08_03112 [Candidozyma auris]
B9J08_002040	B9J08_03113	True	100	100	100	738	100	100	100	738	KAK8440018.1	KAK8440018.1 hypothetical protein B9J08_03113 [Candidozyma auris]
B9J08_002041	B9J08_03114	True	100	100	100	9038	100	100	100	9038	KAK8440019.1	KAK8440019.1 hypothetical protein B9J08_03114 [Candidozyma auris]
B9J08_002042	B9J08_03115	True	100	100	100	805	100	100	100	805	KAK8440020.1	KAK8440020.1 hypothetical protein B9J08_03115 [Candidozyma auris]
B9J08_002043		False	100	100	100	3068						KAK8440021.1 pentafunctional AROM polypeptide [Candidozyma auris]
B9J08_002044	B9J08_03117	True	100	100	100	1080	100	100	100	1080	KAK8440022.1	KAK8440022.1 hypothetical protein B9J08_03117 [Candidozyma auris]
B9J08_002047	B9J08_03120	True	100	100	100	1813	100	100	100	1813	KAK8440023.1	KAK8440023.1 hypothetical protein B9J08_03120 [Candidozyma auris]
B9J08_002048		False	100	100	100	510						KAK8440024.1 CDK-activating kinase assembly factor MAT1 [Candidozyma auris]
B9J08_002049	B9J08_03122	True	100	100	100	718	100	100	100	718	KAK8440025.1	KAK8440025.1 hypothetical protein B9J08_03122 [Candidozyma auris]
B9J08_002050	B9J08_03123	True	100	100	100	369	100	100	100	369	KAK8440026.1	KAK8440026.1 hypothetical protein B9J08_03123 [Candidozyma auris]
B9J08_002051	B9J08_03124	True	100	100	100	1225	100	100	100	1225	KAK8440027.1	KAK8440027.1 hypothetical protein B9J08_03124 [Candidozyma auris]
B9J08_002052	B9J08_03125	True	100	100	100	1664	100	100	100	1664	KAK8440028.1	KAK8440028.1 hypothetical protein B9J08_03125 [Candidozyma auris]
B9J08_002053	B9J08_03126	True	100	100	100	779	100	100	100	779	KAK8440029.1	KAK8440029.1 hypothetical protein B9J08_03126 [Candidozyma auris]
B9J08_002054	B9J08_03127	True	100	100	100	823	100	100	100	823	KAK8440030.1	KAK8440030.1 hypothetical protein B9J08_03127 [Candidozyma auris]
B9J08_002055	B9J08_03128	True	100	100	100	363	100	100	100	363	KAK8440031.1	KAK8440031.1 hypothetical protein B9J08_03128 [Candidozyma auris]
B9J08_002056	B9J08_03129	True	100	100	100	1747	100	100	100	1747	KAK8440032.1	KAK8440032.1 hypothetical protein B9J08_03129 [Candidozyma auris]
B9J08_002057	B9J08_03130	True	100	100	100	1228	100	100	100	1228	KAK8440033.1	KAK8440033.1 hypothetical protein B9J08_03130 [Candidozyma auris]
B9J08_002058	B9J08_03131	True	100	100	100	1027	100	100	100	1027	KAK8440034.1	KAK8440034.1 hypothetical protein B9J08_03131 [Candidozyma auris]
B9J08_002059	B9J08_03132	True	100	100	100	934	100	100	100	934	KAK8440035.1	KAK8440035.1 hypothetical protein B9J08_03132 [Candidozyma auris]
B9J08_002060		False	100	100	100	1172						KAK8440036.1 carbon catabolite-derepressing protein kinase [Candidozyma auris]
B9J08_002061	B9J08_03134	True	100	100	100	380	100	100	100	380	KAK8440037.1	KAK8440037.1 hypothetical protein B9J08_03134 [Candidozyma auris]
B9J08_002062	B9J08_03135	True	100	100	100	558	100	100	100	558	KAK8440038.1	KAK8440038.1 hypothetical protein B9J08_03135 [Candidozyma auris]
B9J08_002063	B9J08_03136	True	100	100	100	476	100	100	100	476	KAK8440039.1	KAK8440039.1 hypothetical protein B9J08_03136 [Candidozyma auris]
B9J08_002064	B9J08_03137	True	100	100	100	773	100	100	100	773	KAK8440040.1	KAK8440040.1 hypothetical protein B9J08_03137 [Candidozyma auris]
B9J08_002065	B9J08_03138	True	100	100	100	1099	100	100	100	1099	KAK8440041.1	KAK8440041.1 hypothetical protein B9J08_03138 [Candidozyma auris]
B9J08_002066	B9J08_03139	True	100	100	100	1273	100	100	100	1273	KAK8440042.1	KAK8440042.1 hypothetical protein B9J08_03139 [Candidozyma auris]
B9J08_002067	B9J08_03140	True	100	100	100	1182	100	100	100	1182	KAK8440043.1	KAK8440043.1 hypothetical protein B9J08_03140 [Candidozyma auris]
B9J08_002068	B9J08_03141	True	100	100	100	632	100	100	100	632	KAK8440044.1	KAK8440044.1 hypothetical protein B9J08_03141 [Candidozyma auris]
B9J08_002069	B9J08_03142	True	100	100	100	696	100	100	100	696	KAK8440045.1	KAK8440045.1 hypothetical protein B9J08_03142 [Candidozyma auris]
B9J08_002070	B9J08_03143	True	100	100	100	567	100	100	100	567	KAK8440046.1	KAK8440046.1 hypothetical protein B9J08_03143 [Candidozyma auris]
B9J08_002071	B9J08_03144	True	100	100	100	288	100	100	100	288	KAK8440047.1	KAK8440047.1 hypothetical protein B9J08_03144 [Candidozyma auris]
B9J08_002072		False	100	100	100	249						KAK8440048.1 histone [Candidozyma auris]
B9J08_002073		False	100	100	100	195						KAK8440049.1 histone H4 [Candidozyma auris]
B9J08_002074	B9J08_03147	True	100	100	100	1139	100	100	100	1139	KAK8440050.1	KAK8440050.1 hypothetical protein B9J08_03147 [Candidozyma auris]
B9J08_002075	B9J08_03148	True	100	100	100	626	100	100	100	626	KAK8440051.1	KAK8440051.1 hypothetical protein B9J08_03148 [Candidozyma auris]
B9J08_002076	B9J08_03149	True	100	100	100	460	100	100	100	460	KAK8440052.1	KAK8440052.1 hypothetical protein B9J08_03149 [Candidozyma auris]
B9J08_002077	B9J08_03150	True	100	100	100	1092	100	100	100	1092	KAK8440053.1	KAK8440053.1 hypothetical protein B9J08_03150 [Candidozyma auris]
B9J08_002078		False	100	100	100	4298						KAK8440054.1 protein URA2 [Candidozyma auris]
B9J08_002079	B9J08_03152	True	100	100	100	1104	100	100	100	1104	KAK8440055.1	KAK8440055.1 hypothetical protein B9J08_03152 [Candidozyma auris]
B9J08_002080	B9J08_03153	True	100	100	100	1838	100	100	100	1838	KAK8440056.1	KAK8440056.1 hypothetical protein B9J08_03153 [Candidozyma auris]
B9J08_002081		False	100	100	100	552						KAK8440057.1 U3 small nucleolar ribonucleoprotein IMP4 [Candidozyma auris]
B9J08_002082	B9J08_03155	True	100	100	100	809	100	100	100	809	KAK8440058.1	KAK8440058.1 hypothetical protein B9J08_03155 [Candidozyma auris]
B9J08_002083	B9J08_03156	True	100	100	100	2415	100	100	100	2415	KAK8440059.1	KAK8440059.1 hypothetical protein B9J08_03156 [Candidozyma auris]
B9J08_002084	B9J08_03157	True	100	100	100	399	100	100	100	399	KAK8440060.1	KAK8440060.1 hypothetical protein B9J08_03157 [Candidozyma auris]
B9J08_002085		False	100	100	100	354						KAK8440061.1 histone chaperone ASF1 [Candidozyma auris]
B9J08_002086	B9J08_03159	True	100	100	100	882	100	100	100	882	KAK8440062.1	KAK8440062.1 hypothetical protein B9J08_03159 [Candidozyma auris]
B9J08_002087	B9J08_03160	True	100	100	100	892	100	100	100	892	KAK8440063.1	KAK8440063.1 hypothetical protein B9J08_03160 [Candidozyma auris]
B9J08_002088	B9J08_03161	True	100	100	100	357	100	100	100	357	KAK8440064.1	KAK8440064.1 hypothetical protein B9J08_03161 [Candidozyma auris]
B9J08_002089	B9J08_03162	True	100	100	100	711	100	100	100	711	KAK8440065.1	KAK8440065.1 hypothetical protein B9J08_03162 [Candidozyma auris]
B9J08_002090	B9J08_03163	True	100	100	100	1448	100	100	100	1448	KAK8440066.1	KAK8440066.1 hypothetical protein B9J08_03163 [Candidozyma auris]
B9J08_002091	B9J08_03164	True	100	100	100	967	100	100	100	967	KAK8440067.1	KAK8440067.1 hypothetical protein B9J08_03164 [Candidozyma auris]
B9J08_002092	B9J08_03165	True	100	100	100	633	100	100	100	633	KAK8440068.1	KAK8440068.1 hypothetical protein B9J08_03165 [Candidozyma auris]
B9J08_002093	B9J08_03166	True	100	100	100	1352	100	100	100	1352	KAK8440069.1	KAK8440069.1 hypothetical protein B9J08_03166 [Candidozyma auris]
B9J08_002094	B9J08_03167	True	100	100	100	852	100	100	100	852	KAK8440070.1	KAK8440070.1 hypothetical protein B9J08_03167 [Candidozyma auris]
B9J08_002095	B9J08_03168	True	100	100	100	834	100	100	100	834	KAK8440071.1	KAK8440071.1 hypothetical protein B9J08_03168 [Candidozyma auris]
B9J08_002096	B9J08_03169	True	100	100	100	984	100	100	100	984	KAK8440072.1	KAK8440072.1 hypothetical protein B9J08_03169 [Candidozyma auris]
B9J08_002097	B9J08_03170	True	100	100	100	967	100	100	100	967	KAK8440073.1	KAK8440073.1 hypothetical protein B9J08_03170 [Candidozyma auris]
B9J08_002098	B9J08_03171	True	100	100	100	678	100	100	100	678	KAK8440074.1	KAK8440074.1 hypothetical protein B9J08_03171 [Candidozyma auris]
B9J08_002099	B9J08_03172	True	100	100	100	359	100	100	100	359	KAK8440075.1	KAK8440075.1 hypothetical protein B9J08_03172 [Candidozyma auris]
B9J08_002100		False	100	100	100	655						KAK8440076.1 RNA polymerase II holoenzyme cyclin-like subunit [Candidozyma auris]
B9J08_002101	B9J08_03174	True	100	100	100	750	100	100	100	750	KAK8440077.1	KAK8440077.1 hypothetical protein B9J08_03174 [Candidozyma auris]
B9J08_002102	B9J08_03175	True	100	100	100	816	100	100	100	816	KAK8440078.1	KAK8440078.1 hypothetical protein B9J08_03175 [Candidozyma auris]
B9J08_002103	B9J08_03176	True	100	100	100	236	100	100	100	236	KAK8440079.1	KAK8440079.1 hypothetical protein B9J08_03176 [Candidozyma auris]
B9J08_002104	B9J08_03177	True	100	100	100	976	100	100	100	976	KAK8440080.1	KAK8440080.1 hypothetical protein B9J08_03177 [Candidozyma auris]
B9J08_002105	B9J08_03178	True	100	100	100	2433	100	100	100	2433	KAK8440081.1	KAK8440081.1 hypothetical protein B9J08_03178 [Candidozyma auris]
B9J08_002106	B9J08_03179	True	100	100	100	685	100	100	100	685	KAK8440082.1	KAK8440082.1 hypothetical protein B9J08_03179 [Candidozyma auris]
B9J08_002107	B9J08_03180	True	100	100	100	464	100	100	100	464	KAK8440083.1	KAK8440083.1 hypothetical protein B9J08_03180 [Candidozyma auris]
B9J08_002108	B9J08_03181	True	100	100	100	758	100	100	100	758	KAK8440084.1	KAK8440084.1 hypothetical protein B9J08_03181 [Candidozyma auris]
B9J08_002109	B9J08_03182	True	100	100	100	1833	100	100	100	1833	KAK8440085.1	KAK8440085.1 hypothetical protein B9J08_03182 [Candidozyma auris]
B9J08_002110	B9J08_03183	True	100	100	100	1321	100	100	100	1321	KAK8440086.1	KAK8440086.1 hypothetical protein B9J08_03183 [Candidozyma auris]
B9J08_002111	B9J08_03184	True	100	100	100	850	100	100	100	850	KAK8440087.1	KAK8440087.1 hypothetical protein B9J08_03184 [Candidozyma auris]
B9J08_002112		False	100	100	100	115						KAK8440088.1 mitochondrial import inner membrane translocase subunit TIM9 [Candidozyma auris]
B9J08_002113		False	100	100	100	1000						KAK8440089.1 asparagine-tRNA ligase [Candidozyma auris]
B9J08_002114	B9J08_03187	True	100	100	100	650	100	100	100	650	KAK8440090.1	KAK8440090.1 hypothetical protein B9J08_03187 [Candidozyma auris]
B9J08_002115		False	100	100	100	1338						KAK8440091.1 proline-tRNA ligase [Candidozyma auris]
B9J08_002116		False	100	100	100	1083						KAK8440092.1 asparagine-tRNA ligase, cytoplasmic [Candidozyma auris]
B9J08_002117		False	100	100	100	909						KAK8440093.1 argininosuccinate lyase [Candidozyma auris]
B9J08_002118	B9J08_03191	True	100	100	100	242	100	100	100	242	KAK8440094.1	KAK8440094.1 hypothetical protein B9J08_03191 [Candidozyma auris]
B9J08_002119	B9J08_03192	True	100	100	100	1301	100	100	100	1301	KAK8440095.1	KAK8440095.1 hypothetical protein B9J08_03192 [Candidozyma auris]
B9J08_002120	B9J08_03193	True	100	100	100	1241	100	100	100	1241	KAK8440096.1	KAK8440096.1 hypothetical protein B9J08_03193 [Candidozyma auris]
B9J08_002121	B9J08_03194	True	100	100	100	430	100	100	100	430	KAK8440097.1	KAK8440097.1 hypothetical protein B9J08_03194 [Candidozyma auris]
B9J08_002122	B9J08_03195	True	100	100	100	492	100	100	100	492	KAK8440098.1	KAK8440098.1 hypothetical protein B9J08_03195 [Candidozyma auris]
B9J08_002123	B9J08_03196	True	100	100	100	772	100	100	100	772	KAK8440099.1	KAK8440099.1 hypothetical protein B9J08_03196 [Candidozyma auris]
B9J08_002124		False	100	100	100	1148						KAK8440100.1 ATP-dependent RNA helicase DED1 [Candidozyma auris]
B9J08_002125	B9J08_03198	True	100	100	100	1045	100	100	100	1045	KAK8440101.1	KAK8440101.1 hypothetical protein B9J08_03198 [Candidozyma auris]
B9J08_002126	B9J08_03199	True	100	100	100	1090	100	100	100	1090	KAK8440102.1	KAK8440102.1 hypothetical protein B9J08_03199 [Candidozyma auris]
B9J08_002127	B9J08_03200	True	100	100	100	1452	100	100	100	1452	KAK8440103.1	KAK8440103.1 hypothetical protein B9J08_03200 [Candidozyma auris]
B9J08_002128	B9J08_03201	True	100	100	100	1283	100	100	100	1283	KAK8440104.1	KAK8440104.1 hypothetical protein B9J08_03201 [Candidozyma auris]
B9J08_002129	B9J08_03202	True	100	100	100	1774	100	100	100	1774	KAK8440105.1	KAK8440105.1 hypothetical protein B9J08_03202 [Candidozyma auris]
B9J08_002130	B9J08_03203	True	100	100	100	948	100	100	100	948	KAK8440106.1	KAK8440106.1 hypothetical protein B9J08_03203 [Candidozyma auris]
B9J08_002131	B9J08_03204	True	100	100	100	1462	100	100	100	1462	KAK8440107.1	KAK8440107.1 hypothetical protein B9J08_03204 [Candidozyma auris]
B9J08_002132	B9J08_03205	True	100	100	100	167	100	100	100	167	KAK8440108.1	KAK8440108.1 hypothetical protein B9J08_03205 [Candidozyma auris]
B9J08_002133	B9J08_03206	True	100	100	100	1107	100	100	100	1107	KAK8440109.1	KAK8440109.1 hypothetical protein B9J08_03206 [Candidozyma auris]
B9J08_002135	B9J08_03208	True	100	100	100	1311	100	100	100	1311	KAK8440110.1	KAK8440110.1 hypothetical protein B9J08_03208 [Candidozyma auris]
B9J08_002136	B9J08_03209	True	100	100	100	613	100	100	100	613	KAK8440111.1	KAK8440111.1 hypothetical protein B9J08_03209 [Candidozyma auris]
B9J08_002137	B9J08_03210	True	100	100	100	1406	100	100	100	1406	KAK8440112.1	KAK8440112.1 hypothetical protein B9J08_03210 [Candidozyma auris]
B9J08_002138	B9J08_03211	True	100	100	100	432	100	100	100	432	KAK8440113.1	KAK8440113.1 hypothetical protein B9J08_03211 [Candidozyma auris]
B9J08_002139	B9J08_03212	True	100	100	100	403	100	100	100	403	KAK8440114.1	KAK8440114.1 hypothetical protein B9J08_03212 [Candidozyma auris]
B9J08_002140	B9J08_03213	True	100	100	100	1241	100	100	100	1241	KAK8440115.1	KAK8440115.1 hypothetical protein B9J08_03213 [Candidozyma auris]
B9J08_002141	B9J08_03214	True	100	100	100	600	100	100	100	600	KAK8440116.1	KAK8440116.1 hypothetical protein B9J08_03214 [Candidozyma auris]
B9J08_002142		False	100	100	100	336						KAK8440117.1 peptidyl-prolyl cis-trans isomerase [Candidozyma auris]
B9J08_002143	B9J08_03216	True	100	100	100	383	100	100	100	383	KAK8440118.1	KAK8440118.1 hypothetical protein B9J08_03216 [Candidozyma auris]
B9J08_002144	B9J08_03217	True	100	100	100	1377	100	100	100	1377	KAK8440119.1	KAK8440119.1 hypothetical protein B9J08_03217 [Candidozyma auris]
B9J08_002145	B9J08_03218	True	100	100	100	832	100	100	100	832	KAK8440120.1	KAK8440120.1 hypothetical protein B9J08_03218 [Candidozyma auris]
B9J08_002146	B9J08_03219	True	100	100	100	3004	100	100	100	3004	KAK8440121.1	KAK8440121.1 hypothetical protein B9J08_03219 [Candidozyma auris]
B9J08_002147	B9J08_03220	True	100	100	100	1493	100	100	100	1493	KAK8440122.1	KAK8440122.1 hypothetical protein B9J08_03220 [Candidozyma auris]
B9J08_002148	B9J08_03221	True	100	100	100	652	100	100	100	652	KAK8440123.1	KAK8440123.1 hypothetical protein B9J08_03221 [Candidozyma auris]
B9J08_002149	B9J08_03222	True	100	100	100	1025	100	100	100	1025	KAK8440124.1	KAK8440124.1 hypothetical protein B9J08_03222 [Candidozyma auris]
B9J08_002150	B9J08_03223	True	100	100	100	2253	100	100	100	2253	KAK8440125.1	KAK8440125.1 hypothetical protein B9J08_03223 [Candidozyma auris]
B9J08_002151	B9J08_03224	True	100	100	100	1712	100	100	100	1712	KAK8440126.1	KAK8440126.1 hypothetical protein B9J08_03224 [Candidozyma auris]
B9J08_002152	B9J08_03225	True	100	100	100	338	100	100	100	338	KAK8440127.1	KAK8440127.1 hypothetical protein B9J08_03225 [Candidozyma auris]
B9J08_002153	B9J08_03226	True	100	100	100	869	100	100	100	869	KAK8440128.1	KAK8440128.1 hypothetical protein B9J08_03226 [Candidozyma auris]
B9J08_002154	B9J08_03227	True	100	100	100	883	100	100	100	883	KAK8440129.1	KAK8440129.1 hypothetical protein B9J08_03227 [Candidozyma auris]
B9J08_002155	B9J08_03228	True	100	100	100	983	100	100	100	983	KAK8440130.1	KAK8440130.1 hypothetical protein B9J08_03228 [Candidozyma auris]
B9J08_002156	B9J08_03229	True	100	100	100	1077	100	100	100	1077	KAK8440131.1	KAK8440131.1 hypothetical protein B9J08_03229 [Candidozyma auris]
B9J08_002157	B9J08_03230	True	100	100	100	470	100	100	100	470	KAK8440132.1	KAK8440132.1 hypothetical protein B9J08_03230 [Candidozyma auris]
B9J08_002158	B9J08_03231	True	100	100	100	224	100	100	100	224	KAK8440133.1	KAK8440133.1 hypothetical protein B9J08_03231 [Candidozyma auris]
B9J08_002159	B9J08_03232	True	100	100	100	165	100	100	100	165	KAK8440134.1	KAK8440134.1 hypothetical protein B9J08_03232 [Candidozyma auris]
B9J08_002160	B9J08_03233	True	100	100	100	1489	100	100	100	1489	KAK8440135.1	KAK8440135.1 hypothetical protein B9J08_03233 [Candidozyma auris]
B9J08_002161	B9J08_03234	True	100	100	100	595	100	100	100	595	KAK8440136.1	KAK8440136.1 hypothetical protein B9J08_03234 [Candidozyma auris]
B9J08_002162	B9J08_03235	True	100	94.6	94.6	793	100	94.6	94.6	793	KAK8440137.1	KAK8440137.1 hypothetical protein B9J08_03235 [Candidozyma auris]
B9J08_002163	B9J08_03236	True	100	100	100	226	100	100	100	226	KAK8440138.1	KAK8440138.1 hypothetical protein B9J08_03236 [Candidozyma auris]
B9J08_002164	B9J08_03237	True	100	100	100	880	100	100	100	880	KAK8440139.1	KAK8440139.1 hypothetical protein B9J08_03237 [Candidozyma auris]
B9J08_002165	B9J08_03238	True	100	100	100	613	100	100	100	613	KAK8440140.1	KAK8440140.1 hypothetical protein B9J08_03238 [Candidozyma auris]
B9J08_002166	B9J08_03239	True	100	100	100	1118	100	100	100	1118	KAK8440141.1	KAK8440141.1 hypothetical protein B9J08_03239 [Candidozyma auris]
B9J08_002167	B9J08_03240	True	100	100	100	969	100	100	100	969	KAK8440142.1	KAK8440142.1 hypothetical protein B9J08_03240 [Candidozyma auris]
B9J08_002168	B9J08_03241	True	100	100	100	1142	100	100	100	1142	KAK8440143.1	KAK8440143.1 hypothetical protein B9J08_03241 [Candidozyma auris]
B9J08_002169	B9J08_03242	True	100	100	100	1242	100	100	100	1242	KAK8440144.1	KAK8440144.1 hypothetical protein B9J08_03242 [Candidozyma auris]
B9J08_002170	B9J08_03243	True	100	100	100	1231	100	100	100	1231	KAK8440145.1	KAK8440145.1 hypothetical protein B9J08_03243 [Candidozyma auris]
B9J08_002171	B9J08_03244	True	100	100	100	321	100	100	100	321	KAK8440146.1	KAK8440146.1 hypothetical protein B9J08_03244 [Candidozyma auris]
B9J08_002172	B9J08_03245	True	100	100	100	461	100	100	100	461	KAK8440147.1	KAK8440147.1 hypothetical protein B9J08_03245 [Candidozyma auris]
B9J08_002173		False	100	100	100	2144						KAK8440148.1 potassium/sodium efflux P-type ATPase, fungal-type [Candidozyma auris]
B9J08_002174	B9J08_03247	True	100	100	100	1471	100	100	100	1471	KAK8440149.1	KAK8440149.1 hypothetical protein B9J08_03247 [Candidozyma auris]
B9J08_002175	B9J08_03248	True	100	100	100	184	100	100	100	184	KAK8440150.1	KAK8440150.1 hypothetical protein B9J08_03248 [Candidozyma auris]
B9J08_002176	B9J08_03249	True	100	100	100	766	100	100	100	766	KAK8440151.1	KAK8440151.1 hypothetical protein B9J08_03249 [Candidozyma auris]
B9J08_002177	B9J08_03250	True	100	100	100	1021	100	100	100	1021	KAK8440152.1	KAK8440152.1 hypothetical protein B9J08_03250 [Candidozyma auris]
B9J08_002178	B9J08_03251	True	100	100	100	1346	100	100	100	1346	KAK8440153.1	KAK8440153.1 hypothetical protein B9J08_03251 [Candidozyma auris]
B9J08_002179	B9J08_03252	True	100	100	100	659	100	100	100	659	KAK8440154.1	KAK8440154.1 hypothetical protein B9J08_03252 [Candidozyma auris]
B9J08_002180	B9J08_03253	True	100	100	100	982	100	100	100	982	KAK8440155.1	KAK8440155.1 hypothetical protein B9J08_03253 [Candidozyma auris]
B9J08_002181	B9J08_03254	True	100	100	100	4529	100	100	100	4529	KAK8440156.1	KAK8440156.1 hypothetical protein B9J08_03254 [Candidozyma auris]
B9J08_002182	B9J08_03255	True	100	100	100	657	100	100	100	657	KAK8440157.1	KAK8440157.1 hypothetical protein B9J08_03255 [Candidozyma auris]
B9J08_002183	B9J08_03256	True	100	100	100	743	100	100	100	743	KAK8440158.1	KAK8440158.1 hypothetical protein B9J08_03256 [Candidozyma auris]
B9J08_002184	B9J08_03257	True	100	100	100	1609	100	100	100	1609	KAK8440159.1	KAK8440159.1 hypothetical protein B9J08_03257 [Candidozyma auris]
B9J08_002185		False	100	100	100	750						KAK8440160.1 phospho-2-dehydro-3-deoxyheptonate aldolase, phenylalanine-inhibited [Candidozyma auris]
B9J08_002186	B9J08_03259	True	100	100	100	1103	100	100	100	1103	KAK8440161.1	KAK8440161.1 hypothetical protein B9J08_03259 [Candidozyma auris]
B9J08_002187	B9J08_03260	True	100	100	100	1154	100	100	100	1154	KAK8440162.1	KAK8440162.1 hypothetical protein B9J08_03260 [Candidozyma auris]
B9J08_002188	B9J08_03261	True	100	100	100	900	100	100	100	900	KAK8440163.1	KAK8440163.1 hypothetical protein B9J08_03261 [Candidozyma auris]
B9J08_002189	B9J08_03262	True	100	100	100	644	100	100	100	644	KAK8440164.1	KAK8440164.1 hypothetical protein B9J08_03262 [Candidozyma auris]
B9J08_002190	B9J08_03263	True	100	100	100	1600	100	100	100	1600	KAK8440165.1	KAK8440165.1 hypothetical protein B9J08_03263 [Candidozyma auris]
B9J08_002191	B9J08_03264	True	100	100	100	1086	100	100	100	1086	KAK8440166.1	KAK8440166.1 hypothetical protein B9J08_03264 [Candidozyma auris]
B9J08_002192	B9J08_03265	True	100	100	100	2554	100	100	100	2554	KAK8440167.1	KAK8440167.1 hypothetical protein B9J08_03265 [Candidozyma auris]
B9J08_002193	B9J08_03266	True	100	100	100	2364	100	100	100	2364	KAK8440168.1	KAK8440168.1 hypothetical protein B9J08_03266 [Candidozyma auris]
B9J08_002194	B9J08_03267	True	100	100	100	544	100	100	100	544	KAK8440169.1	KAK8440169.1 hypothetical protein B9J08_03267 [Candidozyma auris]
B9J08_002195	B9J08_03268	True	100	100	100	395	100	100	100	395	KAK8440170.1	KAK8440170.1 hypothetical protein B9J08_03268 [Candidozyma auris]
B9J08_002196	B9J08_03269	True	100	100	100	724	100	100	100	724	KAK8440171.1	KAK8440171.1 hypothetical protein B9J08_03269 [Candidozyma auris]
B9J08_002197	B9J08_03270	True	100	100	100	2286	100	100	100	2286	KAK8440172.1	KAK8440172.1 hypothetical protein B9J08_03270 [Candidozyma auris]
B9J08_002198	B9J08_03271	True	100	100	100	1061	100	100	100	1061	KAK8440173.1	KAK8440173.1 hypothetical protein B9J08_03271 [Candidozyma auris]
B9J08_002199	B9J08_03272	True	100	100	100	982	100	100	100	982	KAK8440174.1	KAK8440174.1 hypothetical protein B9J08_03272 [Candidozyma auris]
B9J08_002200	B9J08_03273	True	100	100	100	1123	100	100	100	1123	KAK8440175.1	KAK8440175.1 hypothetical protein B9J08_03273 [Candidozyma auris]
B9J08_002201	B9J08_03274	True	100	95.0	95.0	441	100	95.0	95.0	441	KAK8440176.1	KAK8440176.1 hypothetical protein B9J08_03274 [Candidozyma auris]
B9J08_002202	B9J08_03275	True	100	100	100	1118	100	100	100	1118	KAK8440177.1	KAK8440177.1 hypothetical protein B9J08_03275 [Candidozyma auris]
B9J08_002203	B9J08_03276	True	100	100	100	571	100	100	100	571	KAK8440178.1	KAK8440178.1 hypothetical protein B9J08_03276 [Candidozyma auris]
B9J08_002204	B9J08_03277	True	100	100	100	661	100	100	100	661	KAK8440179.1	KAK8440179.1 hypothetical protein B9J08_03277 [Candidozyma auris]
B9J08_002205	B9J08_03278	True	100	100	100	870	100	100	100	870	KAK8440180.1	KAK8440180.1 hypothetical protein B9J08_03278 [Candidozyma auris]
B9J08_002206	B9J08_03279	True	100	100	100	409	100	100	100	409	KAK8440181.1	KAK8440181.1 hypothetical protein B9J08_03279 [Candidozyma auris]
B9J08_002207	B9J08_03280	True	100	100	100	1605	100	100	100	1605	KAK8440182.1	KAK8440182.1 hypothetical protein B9J08_03280 [Candidozyma auris]
B9J08_002208	B9J08_03281	True	100	100	100	476	100	100	100	476	KAK8440183.1	KAK8440183.1 hypothetical protein B9J08_03281 [Candidozyma auris]
B9J08_002209		False	100	100	100	1425						KAK8440184.1 ATP-dependent RNA helicase DBP4 [Candidozyma auris]
B9J08_002210	B9J08_03283	True	100	100	100	657	100	100	100	657	KAK8440185.1	KAK8440185.1 hypothetical protein B9J08_03283 [Candidozyma auris]
B9J08_002211	B9J08_03284	True	100	100	100	983	100	100	100	983	KAK8440186.1	KAK8440186.1 hypothetical protein B9J08_03284 [Candidozyma auris]
B9J08_002212		False	100	100	100	995						KAK8440187.1 T-complex protein 1 subunit delta [Candidozyma auris]
B9J08_002213	B9J08_03286	True	100	100	100	689	100	100	100	689	KAK8440188.1	KAK8440188.1 hypothetical protein B9J08_03286 [Candidozyma auris]
B9J08_002214	B9J08_03287	True	100	100	100	687	100	100	100	687	KAK8440189.1	KAK8440189.1 hypothetical protein B9J08_03287 [Candidozyma auris]
B9J08_002215	B9J08_03288	True	100	100	100	281	100	100	100	281	KAK8440190.1	KAK8440190.1 hypothetical protein B9J08_03288 [Candidozyma auris]
B9J08_002216	B9J08_03289	True	100	100	100	672	100	100	100	672	KAK8440191.1	KAK8440191.1 hypothetical protein B9J08_03289 [Candidozyma auris]
B9J08_002217	B9J08_03290	True	100	100	100	1460	100	100	100	1460	KAK8440192.1	KAK8440192.1 hypothetical protein B9J08_03290 [Candidozyma auris]
B9J08_002218	B9J08_03291	True	100	100	100	294	100	100	100	294	KAK8440193.1	KAK8440193.1 hypothetical protein B9J08_03291 [Candidozyma auris]
B9J08_002219	B9J08_03292	True	100	100	100	898	100	100	100	898	KAK8440194.1	KAK8440194.1 hypothetical protein B9J08_03292 [Candidozyma auris]
B9J08_002220	B9J08_03293	True	100	100	100	721	100	100	100	721	KAK8440195.1	KAK8440195.1 hypothetical protein B9J08_03293 [Candidozyma auris]
B9J08_002221	B9J08_03294	True	100	100	100	186	100	100	100	186	KAK8440196.1	KAK8440196.1 hypothetical protein B9J08_03294 [Candidozyma auris]
B9J08_002222	B9J08_03295	True	100	100	100	260	100	100	100	260	KAK8440197.1	KAK8440197.1 hypothetical protein B9J08_03295 [Candidozyma auris]
B9J08_002223	B9J08_03296	True	100	100	100	430	100	100	100	430	KAK8440198.1	KAK8440198.1 hypothetical protein B9J08_03296 [Candidozyma auris]
B9J08_002224		False	100	100	100	1868						KAK8440199.1 FACT complex subunit SPT16 [Candidozyma auris]
B9J08_002225	B9J08_03298	True	100	100	100	1011	100	100	100	1011	KAK8440200.1	KAK8440200.1 hypothetical protein B9J08_03298 [Candidozyma auris]
B9J08_002226	B9J08_03299	True	100	100	100	589	100	100	100	589	KAK8440201.1	KAK8440201.1 hypothetical protein B9J08_03299 [Candidozyma auris]
B9J08_002227	B9J08_03300	True	100	100	100	1114	100	100	100	1114	KAK8440202.1	KAK8440202.1 hypothetical protein B9J08_03300 [Candidozyma auris]
B9J08_002228	B9J08_03301	True	100	100	100	258	100	100	100	258	KAK8440203.1	KAK8440203.1 hypothetical protein B9J08_03301 [Candidozyma auris]
B9J08_002229	B9J08_03302	True	100	100	100	1537	100	100	100	1537	KAK8440204.1	KAK8440204.1 hypothetical protein B9J08_03302 [Candidozyma auris]
B9J08_002230	B9J08_03303	True	100	100	100	372	100	100	100	372	KAK8440205.1	KAK8440205.1 hypothetical protein B9J08_03303 [Candidozyma auris]
B9J08_002231		False	100	100	100	1110						KAK8440206.1 pyruvate decarboxylase [Candidozyma auris]
B9J08_002232		False	100	100	100	1264						KAK8440207.1 iron-sulfur clusters transporter ATM1, mitochondrial [Candidozyma auris]
B9J08_002233	B9J08_03306	True	100	100	100	1868	100	100	100	1868	KAK8440208.1	KAK8440208.1 hypothetical protein B9J08_03306 [Candidozyma auris]
B9J08_002234	B9J08_03307	True	100	100	100	323	100	100	100	323	KAK8440209.1	KAK8440209.1 hypothetical protein B9J08_03307 [Candidozyma auris]
B9J08_002235	B9J08_03308	True	100	100	100	791	100	100	100	791	KAK8440210.1	KAK8440210.1 hypothetical protein B9J08_03308 [Candidozyma auris]
B9J08_002236		False	100	100	100	1009						KAK8440211.1 tRNA pseudouridine(38-40) synthase [Candidozyma auris]
B9J08_002237	B9J08_05247	True	100	100	100	978	100	100	100	978	KAK8438168.1	KAK8438168.1 hypothetical protein B9J08_05247 [Candidozyma auris]
B9J08_002238	B9J08_05248	True	100	100	100	1318	100	100	100	1318	KAK8438169.1	KAK8438169.1 hypothetical protein B9J08_05248 [Candidozyma auris]
B9J08_002239	B9J08_05249	True	100	100	100	974	100	100	100	974	KAK8438170.1	KAK8438170.1 hypothetical protein B9J08_05249 [Candidozyma auris]
B9J08_002240	B9J08_05250	True	100	100	100	1672	100	100	100	1672	KAK8438171.1	KAK8438171.1 hypothetical protein B9J08_05250 [Candidozyma auris]
B9J08_002241	B9J08_05251	True	100	100	100	1323	100	100	100	1323	KAK8438172.1	KAK8438172.1 hypothetical protein B9J08_05251 [Candidozyma auris]
B9J08_002242	B9J08_05252	True	100	100	100	1073	100	100	100	1073	KAK8438173.1	KAK8438173.1 hypothetical protein B9J08_05252 [Candidozyma auris]
B9J08_002243	B9J08_05253	True	100	100	100	1073	100	100	100	1073	KAK8438174.1	KAK8438174.1 hypothetical protein B9J08_05253 [Candidozyma auris]
B9J08_002244	B9J08_05254	True	100	100	100	207	100	100	100	207	KAK8438175.1	KAK8438175.1 hypothetical protein B9J08_05254 [Candidozyma auris]
B9J08_002245	B9J08_05255	True	100	100	100	711	100	100	100	711	KAK8438176.1	KAK8438176.1 hypothetical protein B9J08_05255 [Candidozyma auris]
B9J08_002246	B9J08_05256	True	100	100	100	1268	100	100	100	1268	KAK8438177.1	KAK8438177.1 hypothetical protein B9J08_05256 [Candidozyma auris]
B9J08_002247	B9J08_05257	True	100	100	100	404	100	100	100	404	KAK8438178.1	KAK8438178.1 hypothetical protein B9J08_05257 [Candidozyma auris]
B9J08_002248	B9J08_05258	True	100	100	100	632	100	100	100	632	KAK8438179.1	KAK8438179.1 hypothetical protein B9J08_05258 [Candidozyma auris]
B9J08_002249	B9J08_05259	True	100	100	100	1129	100	100	100	1129	KAK8438180.1	KAK8438180.1 hypothetical protein B9J08_05259 [Candidozyma auris]
B9J08_002250	B9J08_05260	True	100	100	100	1036	100	100	100	1036	KAK8438181.1	KAK8438181.1 hypothetical protein B9J08_05260 [Candidozyma auris]
B9J08_002251	B9J08_05261	True	100	100	100	1085	100	100	100	1085	KAK8438182.1	KAK8438182.1 hypothetical protein B9J08_05261 [Candidozyma auris]
B9J08_002252	B9J08_05262	True	100	100	100	2006	100	100	100	2006	KAK8438183.1	KAK8438183.1 hypothetical protein B9J08_05262 [Candidozyma auris]
B9J08_002253	B9J08_05263	True	100	100	100	384	100	100	100	384	KAK8438184.1	KAK8438184.1 hypothetical protein B9J08_05263 [Candidozyma auris]
B9J08_002254	B9J08_05264	True	100	100	100	437	100	100	100	437	KAK8438185.1	KAK8438185.1 hypothetical protein B9J08_05264 [Candidozyma auris]
B9J08_002255	B9J08_05265	True	100	100	100	249	100	100	100	249	KAK8438186.1	KAK8438186.1 hypothetical protein B9J08_05265 [Candidozyma auris]
B9J08_002256	B9J08_05266	True	100	100	100	552	100	100	100	552	KAK8438187.1	KAK8438187.1 hypothetical protein B9J08_05266 [Candidozyma auris]
B9J08_002257	B9J08_05267	True	100	100	100	684	100	100	100	684	KAK8438188.1	KAK8438188.1 hypothetical protein B9J08_05267 [Candidozyma auris]
B9J08_002258	B9J08_05268	True	100	100	100	568	100	100	100	568	KAK8438189.1	KAK8438189.1 hypothetical protein B9J08_05268 [Candidozyma auris]
B9J08_002259	B9J08_05269	True	100	100	100	1352	100	100	100	1352	KAK8438190.1	KAK8438190.1 hypothetical protein B9J08_05269 [Candidozyma auris]
B9J08_002260	B9J08_05270	True	100	100	100	390	100	100	100	390	KAK8438191.1	KAK8438191.1 hypothetical protein B9J08_05270 [Candidozyma auris]
B9J08_002261	B9J08_05271	True	100	100	100	315	100	100	100	315	KAK8438192.1	KAK8438192.1 hypothetical protein B9J08_05271 [Candidozyma auris]
B9J08_002262	B9J08_05272	True	100	100	100	1393	100	100	100	1393	KAK8438193.1	KAK8438193.1 hypothetical protein B9J08_05272 [Candidozyma auris]
B9J08_002263	B9J08_05273	True	100	100	100	1374	100	100	100	1374	KAK8438194.1	KAK8438194.1 hypothetical protein B9J08_05273 [Candidozyma auris]
B9J08_002264		False	100	100	100	846						KAK8438195.1 beta-ketoacyl-acyl-carrier-protein synthase II [Candidozyma auris]
B9J08_002265	B9J08_05275	True	100	100	100	776	100	100	100	776	KAK8438196.1	KAK8438196.1 hypothetical protein B9J08_05275 [Candidozyma auris]
B9J08_002266	B9J08_05276	True	100	100	100	282	100	100	100	282	KAK8438197.1	KAK8438197.1 hypothetical protein B9J08_05276 [Candidozyma auris]
B9J08_002267	B9J08_05277	True	100	100	100	1138	100	100	100	1138	KAK8438198.1	KAK8438198.1 hypothetical protein B9J08_05277 [Candidozyma auris]
B9J08_002268	B9J08_05278	True	100	100	100	488	100	100	100	488	KAK8438199.1	KAK8438199.1 hypothetical protein B9J08_05278 [Candidozyma auris]
B9J08_002269	B9J08_05279	True	100	100	100	305	100	100	100	305	KAK8438200.1	KAK8438200.1 hypothetical protein B9J08_05279 [Candidozyma auris]
B9J08_002270	B9J08_05280	True	100	100	100	910	100	100	100	910	KAK8438201.1	KAK8438201.1 hypothetical protein B9J08_05280 [Candidozyma auris]
B9J08_002271	B9J08_05281	True	100	100	100	659	100	100	100	659	KAK8438202.1	KAK8438202.1 hypothetical protein B9J08_05281 [Candidozyma auris]
B9J08_002272	B9J08_05282	True	100	100	100	1048	100	100	100	1048	KAK8438203.1	KAK8438203.1 hypothetical protein B9J08_05282 [Candidozyma auris]
B9J08_002273		False	100	100	100	516						KAK8438204.1 prohibitin-1 [Candidozyma auris]
B9J08_002274	B9J08_05284	True	100	100	100	1095	100	100	100	1095	KAK8438205.1	KAK8438205.1 hypothetical protein B9J08_05284 [Candidozyma auris]
B9J08_002275	B9J08_05285	True	100	100	100	564	100	100	100	564	KAK8438206.1	KAK8438206.1 hypothetical protein B9J08_05285 [Candidozyma auris]
B9J08_002276		False	100	100	100	360						KAK8438207.1 ADP-ribosylation factor 1 [Candidozyma auris]
B9J08_002277	B9J08_05287	True	100	100	100	210	100	100	100	210	KAK8438208.1	KAK8438208.1 hypothetical protein B9J08_05287 [Candidozyma auris]
B9J08_002278	B9J08_05288	True	100	100	100	1915	100	100	100	1915	KAK8438209.1	KAK8438209.1 hypothetical protein B9J08_05288 [Candidozyma auris]
B9J08_002279	B9J08_05289	True	100	100	100	865	100	100	100	865	KAK8438210.1	KAK8438210.1 hypothetical protein B9J08_05289 [Candidozyma auris]
B9J08_002280	B9J08_05290	True	100	100	100	1151	100	100	100	1151	KAK8438211.1	KAK8438211.1 hypothetical protein B9J08_05290 [Candidozyma auris]
B9J08_002281	B9J08_05291	True	100	100	100	2111	100	100	100	2111	KAK8438212.1	KAK8438212.1 hypothetical protein B9J08_05291 [Candidozyma auris]
B9J08_002282	B9J08_05292	True	100	100	100	605	100	100	100	605	KAK8438213.1	KAK8438213.1 hypothetical protein B9J08_05292 [Candidozyma auris]
B9J08_002283	B9J08_05293	True	100	100	100	978	100	100	100	978	KAK8438214.1	KAK8438214.1 hypothetical protein B9J08_05293 [Candidozyma auris]
B9J08_002284	B9J08_05294	True	100	100	100	1066	100	100	100	1066	KAK8438215.1	KAK8438215.1 hypothetical protein B9J08_05294 [Candidozyma auris]
B9J08_002285	B9J08_05295	True	100	100	100	241	100	100	100	241	KAK8438216.1	KAK8438216.1 hypothetical protein B9J08_05295 [Candidozyma auris]
B9J08_002286	B9J08_05296	True	100	100	100	686	100	100	100	686	KAK8438217.1	KAK8438217.1 hypothetical protein B9J08_05296 [Candidozyma auris]
B9J08_002287	B9J08_05297	True	100	100	100	2000	100	100	100	2000	KAK8438218.1	KAK8438218.1 hypothetical protein B9J08_05297 [Candidozyma auris]
B9J08_002288	B9J08_05298	True	100	100	100	163	100	100	100	163	KAK8438219.1	KAK8438219.1 hypothetical protein B9J08_05298 [Candidozyma auris]
B9J08_002289		False	100	100	100	1026						KAK8438220.1 ATP-dependent RNA helicase DHH1 [Candidozyma auris]
B9J08_002290		False	100	100	100	1048						KAK8438221.1 amidophosphoribosyltransferase [Candidozyma auris]
B9J08_002291		False	100	100	100	290						KAK8438222.1 nascent polypeptide-associated complex subunit beta [Candidozyma auris]
B9J08_002292	B9J08_05302	True	100	100	100	910	100	100	100	910	KAK8438223.1	KAK8438223.1 hypothetical protein B9J08_05302 [Candidozyma auris]
B9J08_002293	B9J08_05303	True	100	100	100	1021	100	100	100	1021	KAK8438224.1	KAK8438224.1 hypothetical protein B9J08_05303 [Candidozyma auris]
B9J08_002294	B9J08_05304	True	100	100	100	647	100	100	100	647	KAK8438225.1	KAK8438225.1 hypothetical protein B9J08_05304 [Candidozyma auris]
B9J08_002295	B9J08_05305	True	100	100	100	109	100	100	100	109	KAK8438226.1	KAK8438226.1 hypothetical protein B9J08_05305 [Candidozyma auris]
B9J08_002296	B9J08_05306	True	100	100	100	89.7	100	100	100	89.7	KAK8438227.1	KAK8438227.1 hypothetical protein B9J08_05306 [Candidozyma auris]
B9J08_002297	B9J08_05307	True	100	100	100	1028	100	100	100	1028	KAK8438228.1	KAK8438228.1 hypothetical protein B9J08_05307 [Candidozyma auris]
B9J08_002298		False	100	100	100	1021						KAK8438229.1 peroxisomal catalase [Candidozyma auris]
B9J08_002299	B9J08_05309	True	100	100	100	808	100	100	100	808	KAK8438230.1	KAK8438230.1 hypothetical protein B9J08_05309 [Candidozyma auris]
B9J08_002300	B9J08_05310	True	100	100	100	976	100	100	100	976	KAK8438231.1	KAK8438231.1 hypothetical protein B9J08_05310 [Candidozyma auris]
B9J08_002301	B9J08_05311	True	100	100	100	1207	100	100	100	1207	KAK8438232.1	KAK8438232.1 hypothetical protein B9J08_05311 [Candidozyma auris]
B9J08_002302	B9J08_05312	True	100	100	100	366	100	100	100	366	KAK8438233.1	KAK8438233.1 hypothetical protein B9J08_05312 [Candidozyma auris]
B9J08_002303		False	100	100	100	1688						KAK8438234.1 protein ARG5,6, mitochondrial [Candidozyma auris]
B9J08_002304	B9J08_05314	True	100	100	100	958	100	100	100	958	KAK8438235.1	KAK8438235.1 hypothetical protein B9J08_05314 [Candidozyma auris]
B9J08_002305	B9J08_05315	True	100	100	100	2577	100	100	100	2577	KAK8438236.1	KAK8438236.1 hypothetical protein B9J08_05315 [Candidozyma auris]
B9J08_002306	B9J08_05316	True	100	100	100	336	100	100	100	336	KAK8438237.1	KAK8438237.1 hypothetical protein B9J08_05316 [Candidozyma auris]
B9J08_002307	B9J08_05317	True	100	100	100	314	100	100	100	314	KAK8438238.1	KAK8438238.1 hypothetical protein B9J08_05317 [Candidozyma auris]
B9J08_002308	B9J08_05318	True	100	100	100	1648	100	100	100	1648	KAK8438239.1	KAK8438239.1 hypothetical protein B9J08_05318 [Candidozyma auris]
B9J08_002309	B9J08_05319	True	100	100	100	238	100	100	100	238	KAK8438240.1	KAK8438240.1 hypothetical protein B9J08_05319 [Candidozyma auris]
B9J08_002310	B9J08_05320	True	100	100	100	431	100	100	100	431	KAK8438241.1	KAK8438241.1 hypothetical protein B9J08_05320 [Candidozyma auris]
B9J08_002311	B9J08_05321	True	100	100	100	218	100	100	100	218	KAK8438242.1	KAK8438242.1 hypothetical protein B9J08_05321 [Candidozyma auris]
B9J08_002312	B9J08_05322	True	100	100	100	1401	100	100	100	1401	KAK8438243.1	KAK8438243.1 hypothetical protein B9J08_05322 [Candidozyma auris]
B9J08_002313	B9J08_05323	True	100	100	100	1984	100	100	100	1984	KAK8438244.1	KAK8438244.1 hypothetical protein B9J08_05323 [Candidozyma auris]
B9J08_002314	B9J08_05324	True	100	100	100	723	100	100	100	723	KAK8438245.1	KAK8438245.1 hypothetical protein B9J08_05324 [Candidozyma auris]
B9J08_002315	B9J08_05325	True	100	100	100	577	100	100	100	577	KAK8438246.1	KAK8438246.1 hypothetical protein B9J08_05325 [Candidozyma auris]
B9J08_002316		False	100	100	100	644						KAK8438247.1 tRNA (guanine-N(7)-)-methyltransferase [Candidozyma auris]
B9J08_002317	B9J08_05327	True	100	100	100	496	100	100	100	496	KAK8438248.1	KAK8438248.1 hypothetical protein B9J08_05327 [Candidozyma auris]
B9J08_002318	B9J08_05328	True	100	100	100	978	100	100	100	978	KAK8438249.1	KAK8438249.1 hypothetical protein B9J08_05328 [Candidozyma auris]
B9J08_002319	B9J08_05329	True	100	100	100	951	100	100	100	951	KAK8438250.1	KAK8438250.1 hypothetical protein B9J08_05329 [Candidozyma auris]
B9J08_002321	B9J08_05331	True	100	100	100	1093	100	100	100	1093	KAK8438251.1	KAK8438251.1 hypothetical protein B9J08_05331 [Candidozyma auris]
B9J08_002322	B9J08_05332	True	100	100	100	474	100	100	100	474	KAK8438252.1	KAK8438252.1 hypothetical protein B9J08_05332 [Candidozyma auris]
B9J08_002323	B9J08_05333	True	100	100	100	751	100	100	100	751	KAK8438253.1	KAK8438253.1 hypothetical protein B9J08_05333 [Candidozyma auris]
B9J08_002324	B9J08_05334	True	100	100	100	1773	100	100	100	1773	KAK8438254.1	KAK8438254.1 hypothetical protein B9J08_05334 [Candidozyma auris]
B9J08_002325	B9J08_05335	True	100	100	100	1283	100	100	100	1283	KAK8438255.1	KAK8438255.1 hypothetical protein B9J08_05335 [Candidozyma auris]
B9J08_002326	B9J08_05336	True	100	100	100	728	100	100	100	728	KAK8438256.1	KAK8438256.1 hypothetical protein B9J08_05336 [Candidozyma auris]
B9J08_002327		False	100	100	100	709						KAK8438257.1 eukaryotic translation initiation factor 3 subunit I [Candidozyma auris]
B9J08_002328	B9J08_05338	True	100	100	100	555	100	100	100	555	KAK8438258.1	KAK8438258.1 hypothetical protein B9J08_05338 [Candidozyma auris]
B9J08_002329		False	100	100	100	695						KAK8438259.1 ATPase GET3 [Candidozyma auris]
B9J08_002330	B9J08_05340	True	100	100	100	602	100	100	100	602	KAK8438260.1	KAK8438260.1 hypothetical protein B9J08_05340 [Candidozyma auris]
B9J08_002332	B9J08_05342	True	100	100	100	902	100	100	100	902	KAK8438261.1	KAK8438261.1 hypothetical protein B9J08_05342 [Candidozyma auris]
B9J08_002333	B9J08_05343	True	100	100	100	956	100	100	100	956	KAK8438262.1	KAK8438262.1 hypothetical protein B9J08_05343 [Candidozyma auris]
B9J08_002334	B9J08_05344	True	100	100	100	897	100	100	100	897	KAK8438263.1	KAK8438263.1 hypothetical protein B9J08_05344 [Candidozyma auris]
B9J08_002335	B9J08_05345	True	100	100	100	286	100	100	100	286	KAK8438264.1	KAK8438264.1 hypothetical protein B9J08_05345 [Candidozyma auris]
B9J08_002336	B9J08_05346	True	100	100	100	1307	100	100	100	1307	KAK8438265.1	KAK8438265.1 hypothetical protein B9J08_05346 [Candidozyma auris]
B9J08_002337	B9J08_05347	True	100	100	100	472	100	100	100	472	KAK8438266.1	KAK8438266.1 hypothetical protein B9J08_05347 [Candidozyma auris]
B9J08_002338		False	100	100	100	828						KAK8438267.1 tRNA pseudouridine(38-40) synthase [Candidozyma auris]
B9J08_002339	B9J08_05349	True	100	100	100	1086	100	100	100	1086	KAK8438268.1	KAK8438268.1 hypothetical protein B9J08_05349 [Candidozyma auris]
B9J08_002340	B9J08_05350	True	100	100	100	1027	100	100	100	1027	KAK8438269.1	KAK8438269.1 hypothetical protein B9J08_05350 [Candidozyma auris]
B9J08_002341	B9J08_05351	True	100	100	100	868	100	100	100	868	KAK8438270.1	KAK8438270.1 hypothetical protein B9J08_05351 [Candidozyma auris]
B9J08_002342	B9J08_05352	True	100	100	100	1111	100	100	100	1111	KAK8438271.1	KAK8438271.1 hypothetical protein B9J08_05352 [Candidozyma auris]
B9J08_002343	B9J08_05353	True	100	100	100	341	100	100	100	341	KAK8438272.1	KAK8438272.1 hypothetical protein B9J08_05353 [Candidozyma auris]
B9J08_002344	B9J08_05354	True	100	100	100	1626	100	100	100	1626	KAK8438273.1	KAK8438273.1 hypothetical protein B9J08_05354 [Candidozyma auris]
B9J08_002345		False	100	100	100	315						KAK8438274.1 nascent polypeptide-associated complex subunit alpha [Candidozyma auris]
B9J08_002346	B9J08_05356	True	100	100	100	2961	100	100	100	2961	KAK8438275.1	KAK8438275.1 hypothetical protein B9J08_05356 [Candidozyma auris]
B9J08_002347	B9J08_05357	True	100	100	100	1840	100	100	100	1840	KAK8438276.1	KAK8438276.1 hypothetical protein B9J08_05357 [Candidozyma auris]
B9J08_002348	B9J08_05358	True	100	100	100	1262	100	100	100	1262	KAK8438277.1	KAK8438277.1 hypothetical protein B9J08_05358 [Candidozyma auris]
B9J08_002349	B9J08_05359	True	100	100	100	1061	100	100	100	1061	KAK8438278.1	KAK8438278.1 hypothetical protein B9J08_05359 [Candidozyma auris]
B9J08_002350		False	100	100	100	1012						KAK8438279.1 6-phosphogluconate dehydrogenase, decarboxylating [Candidozyma auris]
B9J08_002351		False	100	100	100	1082						KAK8438280.1 sulfate adenylyltransferase [Candidozyma auris]
B9J08_002352		False	100	100	100	359						KAK8438281.1 magnesium-dependent phosphatase-1 [Candidozyma auris]
B9J08_002353	B9J08_05363	True	100	100	100	371	100	100	100	371	KAK8438282.1	KAK8438282.1 hypothetical protein B9J08_05363 [Candidozyma auris]
B9J08_002354	B9J08_05364	True	100	100	100	4783	100	100	100	4783	KAK8438283.1	KAK8438283.1 hypothetical protein B9J08_05364 [Candidozyma auris]
B9J08_002355	B9J08_05365	True	100	100	100	803	100	100	100	803	KAK8438284.1	KAK8438284.1 hypothetical protein B9J08_05365 [Candidozyma auris]
B9J08_002356	B9J08_05366	True	100	100	100	340	100	100	100	340	KAK8438285.1	KAK8438285.1 hypothetical protein B9J08_05366 [Candidozyma auris]
B9J08_002357	B9J08_05367	True	100	100	100	741	100	100	100	741	KAK8438286.1	KAK8438286.1 hypothetical protein B9J08_05367 [Candidozyma auris]
B9J08_002358	B9J08_05368	True	100	100	100	1254	100	100	100	1254	KAK8438287.1	KAK8438287.1 hypothetical protein B9J08_05368 [Candidozyma auris]
B9J08_002359	B9J08_05369	True	100	100	100	623	100	100	100	623	KAK8438288.1	KAK8438288.1 hypothetical protein B9J08_05369 [Candidozyma auris]
B9J08_002360		False	100	100	100	701						KAK8438289.1 protein disulfide-isomerase domain [Candidozyma auris]
B9J08_002361	B9J08_05371	True	100	100	100	582	100	100	100	582	KAK8438290.1	KAK8438290.1 hypothetical protein B9J08_05371 [Candidozyma auris]
B9J08_002362	B9J08_05372	True	100	100	100	1350	100	100	100	1350	KAK8438291.1	KAK8438291.1 hypothetical protein B9J08_05372 [Candidozyma auris]
B9J08_002363		False	100	100	100	2053						KAK8438292.1 2-oxoglutarate dehydrogenase, mitochondrial [Candidozyma auris]
B9J08_002364	B9J08_05374	True	100	100	100	407	100	100	100	407	KAK8438293.1	KAK8438293.1 hypothetical protein B9J08_05374 [Candidozyma auris]
B9J08_002365	B9J08_05375	True	100	100	100	2414	100	100	100	2414	KAK8438294.1	KAK8438294.1 hypothetical protein B9J08_05375 [Candidozyma auris]
B9J08_002366	B9J08_05376	True	100	100	100	736	100	100	100	736	KAK8438295.1	KAK8438295.1 hypothetical protein B9J08_05376 [Candidozyma auris]
B9J08_002367		False	100	100	100	375						KAK8438296.1 60S ribosomal protein L9-B [Candidozyma auris]
B9J08_002368	B9J08_05378	True	100	100	100	593	100	100	100	593	KAK8438297.1	KAK8438297.1 hypothetical protein B9J08_05378 [Candidozyma auris]
B9J08_002369	B9J08_05379	True	100	100	100	299	100	100	100	299	KAK8438298.1	KAK8438298.1 hypothetical protein B9J08_05379 [Candidozyma auris]
B9J08_002370	B9J08_05380	True	100	100	100	399	100	100	100	399	KAK8438299.1	KAK8438299.1 hypothetical protein B9J08_05380 [Candidozyma auris]
B9J08_002371	B9J08_05381	True	100	100	100	1390	100	100	100	1390	KAK8438300.1	KAK8438300.1 hypothetical protein B9J08_05381 [Candidozyma auris]
B9J08_002372	B9J08_05382	True	100	100	100	216	100	100	100	216	KAK8438301.1	KAK8438301.1 hypothetical protein B9J08_05382 [Candidozyma auris]
B9J08_002373	B9J08_05383	True	100	100	100	361	100	100	100	361	KAK8438302.1	KAK8438302.1 hypothetical protein B9J08_05383 [Candidozyma auris]
B9J08_002374	B9J08_05384	True	100	100	100	758	100	100	100	758	KAK8438303.1	KAK8438303.1 hypothetical protein B9J08_05384 [Candidozyma auris]
B9J08_002375	B9J08_05385	True	100	100	100	880	100	100	100	880	KAK8438304.1	KAK8438304.1 hypothetical protein B9J08_05385 [Candidozyma auris]
B9J08_002376	B9J08_05386	True	100	100	100	957	100	100	100	957	KAK8438305.1	KAK8438305.1 hypothetical protein B9J08_05386 [Candidozyma auris]
B9J08_002377	B9J08_05387	True	100	100	100	1058	100	100	100	1058	KAK8438306.1	KAK8438306.1 hypothetical protein B9J08_05387 [Candidozyma auris]
B9J08_002379	B9J08_05389	True	100	100	100	689	100	100	100	689	KAK8438307.1	KAK8438307.1 hypothetical protein B9J08_05389 [Candidozyma auris]
B9J08_002380	B9J08_05390	True	100	100	100	909	100	100	100	909	KAK8438308.1	KAK8438308.1 hypothetical protein B9J08_05390 [Candidozyma auris]
B9J08_002381	B9J08_05391	True	100	100	100	422	100	100	100	422	KAK8438309.1	KAK8438309.1 hypothetical protein B9J08_05391 [Candidozyma auris]
B9J08_002382	B9J08_05392	True	100	100	100	655	100	100	100	655	KAK8438310.1	KAK8438310.1 hypothetical protein B9J08_05392 [Candidozyma auris]
B9J08_002383	B9J08_05393	True	100	100	100	552	100	100	100	552	KAK8438311.1	KAK8438311.1 hypothetical protein B9J08_05393 [Candidozyma auris]
B9J08_002384	B9J08_05394	True	100	100	100	348	100	100	100	348	KAK8438312.1	KAK8438312.1 hypothetical protein B9J08_05394 [Candidozyma auris]
B9J08_002385	B9J08_05395	True	100	100	100	508	100	100	100	508	KAK8438313.1	KAK8438313.1 hypothetical protein B9J08_05395 [Candidozyma auris]
B9J08_002386	B9J08_05396	True	100	100	100	682	100	100	100	682	KAK8438314.1	KAK8438314.1 hypothetical protein B9J08_05396 [Candidozyma auris]
B9J08_002387	B9J08_05397	True	100	100	100	1430	100	100	100	1430	KAK8438315.1	KAK8438315.1 hypothetical protein B9J08_05397 [Candidozyma auris]
B9J08_002388	B9J08_05398	True	100	100	100	790	100	100	100	790	KAK8438316.1	KAK8438316.1 hypothetical protein B9J08_05398 [Candidozyma auris]
B9J08_002389	B9J08_05399	True	100	100	100	1384	100	100	100	1384	KAK8438317.1	KAK8438317.1 hypothetical protein B9J08_05399 [Candidozyma auris]
B9J08_002390		False	100	100	100	2027						KAK8438318.1 ubiquitin-activating enzyme E1 1 [Candidozyma auris]
B9J08_002391	B9J08_05401	True	100	100	100	1405	100	100	100	1405	KAK8438319.1	KAK8438319.1 hypothetical protein B9J08_05401 [Candidozyma auris]
B9J08_002392		False	100	100	100	873						KAK8438320.1 mannose-6-phosphate isomerase [Candidozyma auris]
B9J08_002393	B9J08_05403	True	100	100	100	308	100	100	100	308	KAK8438321.1	KAK8438321.1 hypothetical protein B9J08_05403 [Candidozyma auris]
B9J08_002394	B9J08_05404	True	100	100	100	396	100	100	100	396	KAK8438322.1	KAK8438322.1 hypothetical protein B9J08_05404 [Candidozyma auris]
B9J08_002395		False	100	100	100	565						KAK8438323.1 cytosolic Fe-S cluster assembly factor CFD1 [Candidozyma auris]
B9J08_002396	B9J08_05406	True	100	100	100	269	100	100	100	269	KAK8438324.1	KAK8438324.1 hypothetical protein B9J08_05406 [Candidozyma auris]
B9J08_002397	B9J08_05407	True	100	100	100	1113	100	100	100	1113	KAK8438325.1	KAK8438325.1 hypothetical protein B9J08_05407 [Candidozyma auris]
B9J08_002398	B9J08_05408	True	100	100	100	875	100	100	100	875	KAK8438326.1	KAK8438326.1 hypothetical protein B9J08_05408 [Candidozyma auris]
B9J08_002399	B9J08_05409	True	100	100	100	1165	100	100	100	1165	KAK8438327.1	KAK8438327.1 hypothetical protein B9J08_05409 [Candidozyma auris]
B9J08_002400	B9J08_05410	True	100	100	100	707	100	100	100	707	KAK8438328.1	KAK8438328.1 hypothetical protein B9J08_05410 [Candidozyma auris]
B9J08_002401	B9J08_05411	True	100	100	100	526	100	100	100	526	KAK8438329.1	KAK8438329.1 hypothetical protein B9J08_05411 [Candidozyma auris]
B9J08_002402	B9J08_05412	True	100	100	100	1043	100	100	100	1043	KAK8438330.1	KAK8438330.1 hypothetical protein B9J08_05412 [Candidozyma auris]
B9J08_002403	B9J08_05413	True	100	100	100	1546	100	100	100	1546	KAK8438331.1	KAK8438331.1 hypothetical protein B9J08_05413 [Candidozyma auris]
B9J08_002404	B9J08_05414	True	100	100	100	483	100	100	100	483	KAK8438332.1	KAK8438332.1 hypothetical protein B9J08_05414 [Candidozyma auris]
B9J08_002405	B9J08_05415	True	100	100	100	575	100	100	100	575	KAK8438333.1	KAK8438333.1 hypothetical protein B9J08_05415 [Candidozyma auris]
B9J08_002406		False	100	100	100	444						KAK8438334.1 proteasome subunit beta type-1 [Candidozyma auris]
B9J08_002407	B9J08_05417	True	100	100	100	387	100	100	100	387	KAK8438335.1	KAK8438335.1 hypothetical protein B9J08_05417 [Candidozyma auris]
B9J08_002408	B9J08_05418	True	100	100	100	823	100	100	100	823	KAK8438336.1	KAK8438336.1 hypothetical protein B9J08_05418 [Candidozyma auris]
B9J08_002409	B9J08_05419	True	100	100	100	555	100	100	100	555	KAK8438337.1	KAK8438337.1 hypothetical protein B9J08_05419 [Candidozyma auris]
B9J08_002410	B9J08_05420	True	100	100	100	224	100	100	100	224	KAK8438338.1	KAK8438338.1 hypothetical protein B9J08_05420 [Candidozyma auris]
B9J08_002411	B9J08_05421	True	100	100	100	958	100	100	100	958	KAK8438339.1	KAK8438339.1 hypothetical protein B9J08_05421 [Candidozyma auris]
B9J08_002412	B9J08_05422	True	100	100	100	1048	100	100	100	1048	KAK8438340.1	KAK8438340.1 hypothetical protein B9J08_05422 [Candidozyma auris]
B9J08_002413	B9J08_05423	True	100	100	100	820	100	100	100	820	KAK8438341.1	KAK8438341.1 hypothetical protein B9J08_05423 [Candidozyma auris]
B9J08_002414	B9J08_05424	True	100	100	100	1579	100	100	100	1579	KAK8438342.1	KAK8438342.1 hypothetical protein B9J08_05424 [Candidozyma auris]
B9J08_002415	B9J08_05425	True	100	100	100	398	100	100	100	398	KAK8438343.1	KAK8438343.1 hypothetical protein B9J08_05425 [Candidozyma auris]
B9J08_002417	B9J08_05427	True	100	100	100	1382	100	100	100	1382	KAK8438344.1	KAK8438344.1 hypothetical protein B9J08_05427 [Candidozyma auris]
B9J08_002419	B9J08_05429	True	100	100	100	696	100	100	100	696	KAK8438345.1	KAK8438345.1 hypothetical protein B9J08_05429 [Candidozyma auris]
B9J08_002420		False	100	100	100	3537						KAK8438346.1 fatty acid synthase subunit alpha [Candidozyma auris]
B9J08_002421	B9J08_05431	True	100	100	100	3443	100	100	100	3443	KAK8438347.1	KAK8438347.1 hypothetical protein B9J08_05431 [Candidozyma auris]
B9J08_002422	B9J08_05432	True	100	100	100	498	100	100	100	498	KAK8438348.1	KAK8438348.1 hypothetical protein B9J08_05432 [Candidozyma auris]
B9J08_002423	B9J08_05433	True	100	100	100	849	100	100	100	849	KAK8438349.1	KAK8438349.1 hypothetical protein B9J08_05433 [Candidozyma auris]
B9J08_002424	B9J08_05434	True	100	100	100	1527	100	100	100	1527	KAK8438350.1	KAK8438350.1 hypothetical protein B9J08_05434 [Candidozyma auris]
B9J08_002425	B9J08_05435	True	100	100	100	422	100	100	100	422	KAK8438351.1	KAK8438351.1 hypothetical protein B9J08_05435 [Candidozyma auris]
B9J08_002426	B9J08_05436	True	100	100	100	301	100	100	100	301	KAK8438352.1	KAK8438352.1 hypothetical protein B9J08_05436 [Candidozyma auris]
B9J08_002427	B9J08_05437	True	100	100	100	794	100	100	100	794	KAK8438353.1	KAK8438353.1 hypothetical protein B9J08_05437 [Candidozyma auris]
B9J08_002428	B9J08_05438	True	100	100	100	1738	100	100	100	1738	KAK8438354.1	KAK8438354.1 hypothetical protein B9J08_05438 [Candidozyma auris]
B9J08_002429		False	100	100	100	1188						KAK8438355.1 asparagine synthetase [glutamine-hydrolyzing] 2 [Candidozyma auris]
B9J08_002430	B9J08_05440	True	100	100	100	548	100	100	100	548	KAK8438356.1	KAK8438356.1 hypothetical protein B9J08_05440 [Candidozyma auris]
B9J08_002431	B9J08_05441	True	100	100	100	522	100	100	100	522	KAK8438357.1	KAK8438357.1 hypothetical protein B9J08_05441 [Candidozyma auris]
B9J08_002432	B9J08_05442	True	100	100	100	892	100	100	100	892	KAK8438358.1	KAK8438358.1 hypothetical protein B9J08_05442 [Candidozyma auris]
B9J08_002433	B9J08_05443	True	100	100	100	571	100	100	100	571	KAK8438359.1	KAK8438359.1 hypothetical protein B9J08_05443 [Candidozyma auris]
B9J08_002434	B9J08_05444	True	100	100	100	1159	100	100	100	1159	KAK8438360.1	KAK8438360.1 hypothetical protein B9J08_05444 [Candidozyma auris]
B9J08_002435	B9J08_05445	True	100	100	100	1011	100	100	100	1011	KAK8438361.1	KAK8438361.1 hypothetical protein B9J08_05445 [Candidozyma auris]
B9J08_002436	B9J08_05446	True	100	100	100	416	100	100	100	416	KAK8438362.1	KAK8438362.1 hypothetical protein B9J08_05446 [Candidozyma auris]
B9J08_002437	B9J08_05447	True	100	100	100	555	100	100	100	555	KAK8438363.1	KAK8438363.1 hypothetical protein B9J08_05447 [Candidozyma auris]
B9J08_002438	B9J08_05448	True	100	100	100	525	100	100	100	525	KAK8438364.1	KAK8438364.1 hypothetical protein B9J08_05448 [Candidozyma auris]
B9J08_002439		False	100	100	100	489						KAK8438365.1 rpsU-divergently transcribed protein [Candidozyma auris]
B9J08_002440	B9J08_05450	True	100	100	100	209	100	100	100	209	KAK8438366.1	KAK8438366.1 hypothetical protein B9J08_05450 [Candidozyma auris]
B9J08_002441	B9J08_05451	True	100	100	100	366	100	100	100	366	KAK8438367.1	KAK8438367.1 hypothetical protein B9J08_05451 [Candidozyma auris]
B9J08_002442	B9J08_05452	True	100	100	100	349	100	100	100	349	KAK8438368.1	KAK8438368.1 hypothetical protein B9J08_05452 [Candidozyma auris]
B9J08_002443	B9J08_05453	True	100	100	100	1140	100	100	100	1140	KAK8438369.1	KAK8438369.1 hypothetical protein B9J08_05453 [Candidozyma auris]
B9J08_002444	B9J08_05454	True	100	100	100	1363	100	100	100	1363	KAK8438370.1	KAK8438370.1 hypothetical protein B9J08_05454 [Candidozyma auris]
B9J08_002445	B9J08_05455	True	100	100	100	917	100	100	100	917	KAK8438371.1	KAK8438371.1 hypothetical protein B9J08_05455 [Candidozyma auris]
B9J08_002446	B9J08_05456	True	100	100	100	1070	100	100	100	1070	KAK8438372.1	KAK8438372.1 hypothetical protein B9J08_05456 [Candidozyma auris]
B9J08_002447	B9J08_05457	True	100	100	100	673	100	100	100	673	KAK8438373.1	KAK8438373.1 hypothetical protein B9J08_05457 [Candidozyma auris]
B9J08_002448	B9J08_05458	True	100	100	100	1657	100	100	100	1657	KAK8438374.1	KAK8438374.1 hypothetical protein B9J08_05458 [Candidozyma auris]
B9J08_002449		False	100	100	100	595						KAK8438375.1 GTP cyclohydrolase-2 [Candidozyma auris]
B9J08_002450		False	100	100	100	404						KAK8438376.1 NADH dehydrogenase [ubiquinone] iron-sulfur protein 8, mitochondrial [Candidozyma auris]
B9J08_002451	B9J08_05461	True	100	100	100	2946	100	100	100	2946	KAK8438377.1	KAK8438377.1 hypothetical protein B9J08_05461 [Candidozyma auris]
B9J08_002452	B9J08_05462	True	100	100	100	1650	100	100	100	1650	KAK8438378.1	KAK8438378.1 hypothetical protein B9J08_05462 [Candidozyma auris]
B9J08_002453		False	100	100	100	754						KAK8438379.1 branched-chain-amino-acid aminotransferase, cytosolic [Candidozyma auris]
B9J08_002454	B9J08_05464	True	100	100	100	658	100	100	100	658	KAK8438380.1	KAK8438380.1 hypothetical protein B9J08_05464 [Candidozyma auris]
B9J08_002455	B9J08_05465	True	100	100	100	1164	100	100	100	1164	KAK8438381.1	KAK8438381.1 hypothetical protein B9J08_05465 [Candidozyma auris]
B9J08_002456	B9J08_05466	True	100	100	100	1419	100	100	100	1419	KAK8438382.1	KAK8438382.1 hypothetical protein B9J08_05466 [Candidozyma auris]
B9J08_002457		False	100	100	100	3648						KAK8438383.1 urea carboxylase [Candidozyma auris]
B9J08_002458	B9J08_05468	True	100	100	100	796	100	100	100	796	KAK8438384.1	KAK8438384.1 hypothetical protein B9J08_05468 [Candidozyma auris]
B9J08_002459		False	100	100	100	561						KAK8438385.1 sphingolipid long chain base-responsive protein LSP1 [Candidozyma auris]
B9J08_002460	B9J08_05470	True	100	100	100	1021	100	100	100	1021	KAK8438386.1	KAK8438386.1 hypothetical protein B9J08_05470 [Candidozyma auris]
B9J08_002461	B9J08_05471	True	100	100	100	358	100	100	100	358	KAK8438387.1	KAK8438387.1 hypothetical protein B9J08_05471 [Candidozyma auris]
B9J08_002462	B9J08_05472	True	100	100	100	1914	100	100	100	1914	KAK8438388.1	KAK8438388.1 hypothetical protein B9J08_05472 [Candidozyma auris]
B9J08_002463	B9J08_05473	True	100	100	100	1647	100	100	100	1647	KAK8438389.1	KAK8438389.1 hypothetical protein B9J08_05473 [Candidozyma auris]
B9J08_002464	B9J08_05474	True	100	100	100	809	100	100	100	809	KAK8438390.1	KAK8438390.1 hypothetical protein B9J08_05474 [Candidozyma auris]
B9J08_002465	B9J08_05475	True	100	100	100	1292	100	100	100	1292	KAK8438391.1	KAK8438391.1 hypothetical protein B9J08_05475 [Candidozyma auris]
B9J08_002466	B9J08_05476	True	100	100	100	1040	100	100	100	1040	KAK8438392.1	KAK8438392.1 hypothetical protein B9J08_05476 [Candidozyma auris]
B9J08_002467	B9J08_05477	True	100	100	100	1850	100	100	100	1850	KAK8438393.1	KAK8438393.1 hypothetical protein B9J08_05477 [Candidozyma auris]
B9J08_002468	B9J08_05478	True	100	100	100	297	100	100	100	297	KAK8438394.1	KAK8438394.1 hypothetical protein B9J08_05478 [Candidozyma auris]
B9J08_002469		False	100	100	100	2256						KAK8438395.1 carbamoyl-phosphate synthase arginine-specific large chain [Candidozyma auris]
B9J08_002470	B9J08_05480	True	100	100	100	576	100	100	100	576	KAK8438396.1	KAK8438396.1 hypothetical protein B9J08_05480 [Candidozyma auris]
B9J08_002471	B9J08_05481	True	100	100	100	107	100	100	100	107	KAK8438397.1	KAK8438397.1 hypothetical protein B9J08_05481 [Candidozyma auris]
B9J08_002472	B9J08_05482	True	100	100	100	360	100	100	100	360	KAK8438398.1	KAK8438398.1 hypothetical protein B9J08_05482 [Candidozyma auris]
B9J08_002473		False	100	100	100	603						KAK8438399.1 ribosomal protein S15 [Candidozyma auris]
B9J08_002474	B9J08_05484	True	100	100	100	790	100	100	100	790	KAK8438400.1	KAK8438400.1 hypothetical protein B9J08_05484 [Candidozyma auris]
B9J08_002475	B9J08_05485	True	100	100	100	1942	100	100	100	1942	KAK8438401.1	KAK8438401.1 hypothetical protein B9J08_05485 [Candidozyma auris]
B9J08_002476		False	100	100	100	856						KAK8438402.1 nitrogen regulatory protein DAL80 [Candidozyma auris]
B9J08_002477	B9J08_05487	True	100	100	100	1108	100	100	100	1108	KAK8438403.1	KAK8438403.1 hypothetical protein B9J08_05487 [Candidozyma auris]
B9J08_002478	B9J08_05488	True	100	100	100	851	100	100	100	851	KAK8438404.1	KAK8438404.1 hypothetical protein B9J08_05488 [Candidozyma auris]
B9J08_002479	B9J08_05489	True	100	100	100	655	100	100	100	655	KAK8438405.1	KAK8438405.1 hypothetical protein B9J08_05489 [Candidozyma auris]
B9J08_002480	B9J08_05490	True	100	100	100	1077	100	100	100	1077	KAK8438406.1	KAK8438406.1 hypothetical protein B9J08_05490 [Candidozyma auris]
B9J08_002481	B9J08_05491	True	100	100	100	1100	100	100	100	1100	KAK8438407.1	KAK8438407.1 hypothetical protein B9J08_05491 [Candidozyma auris]
B9J08_002482	B9J08_05492	True	100	100	100	608	100	100	100	608	KAK8438408.1	KAK8438408.1 hypothetical protein B9J08_05492 [Candidozyma auris]
B9J08_002483	B9J08_05493	True	100	100	100	1349	100	100	100	1349	KAK8438409.1	KAK8438409.1 hypothetical protein B9J08_05493 [Candidozyma auris]
B9J08_002484		False	100	100	100	848						KAK8438410.1 eukaryotic peptide chain release factor subunit 1 [Candidozyma auris]
B9J08_002485	B9J08_05495	True	100	100	100	936	100	100	100	936	KAK8438411.1	KAK8438411.1 hypothetical protein B9J08_05495 [Candidozyma auris]
B9J08_002486	B9J08_05496	True	100	100	100	280	100	100	100	280	KAK8438412.1	KAK8438412.1 hypothetical protein B9J08_05496 [Candidozyma auris]
B9J08_002487	B9J08_05497	True	100	100	100	2020	100	100	100	2020	KAK8438413.1	KAK8438413.1 hypothetical protein B9J08_05497 [Candidozyma auris]
B9J08_002488	B9J08_05498	True	100	100	100	733	100	100	100	733	KAK8438414.1	KAK8438414.1 hypothetical protein B9J08_05498 [Candidozyma auris]
B9J08_002489	B9J08_05499	True	100	100	100	1712	100	100	100	1712	KAK8438415.1	KAK8438415.1 hypothetical protein B9J08_05499 [Candidozyma auris]
B9J08_002490	B9J08_05500	True	100	100	100	1012	100	100	100	1012	KAK8438416.1	KAK8438416.1 hypothetical protein B9J08_05500 [Candidozyma auris]
B9J08_002491	B9J08_05501	True	100	100	100	2200	100	100	100	2200	KAK8438417.1	KAK8438417.1 hypothetical protein B9J08_05501 [Candidozyma auris]
B9J08_002492	B9J08_05502	True	100	100	100	395	100	100	100	395	KAK8438418.1	KAK8438418.1 hypothetical protein B9J08_05502 [Candidozyma auris]
B9J08_002493	B9J08_05503	True	100	100	100	146	100	100	100	146	KAK8438419.1	KAK8438419.1 hypothetical protein B9J08_05503 [Candidozyma auris]
B9J08_002494	B9J08_05504	True	100	100	100	1874	100	100	100	1874	KAK8438420.1	KAK8438420.1 hypothetical protein B9J08_05504 [Candidozyma auris]
B9J08_002495		False	100	100	100	363						KAK8438421.1 guanylate kinase [Candidozyma auris]
B9J08_002496	B9J08_05506	True	100	100	100	1199	100	100	100	1199	KAK8438422.1	KAK8438422.1 hypothetical protein B9J08_05506 [Candidozyma auris]
B9J08_002497		False	100	100	100	639						KAK8438423.1 cyclin-dependent kinase 1 [Candidozyma auris]
B9J08_002498	B9J08_05508	True	100	100	100	337	100	100	100	337	KAK8438424.1	KAK8438424.1 hypothetical protein B9J08_05508 [Candidozyma auris]
B9J08_002499	B9J08_05509	True	100	100	100	825	100	100	100	825	KAK8438425.1	KAK8438425.1 hypothetical protein B9J08_05509 [Candidozyma auris]
B9J08_002500	B9J08_05510	True	100	100	100	380	100	100	100	380	KAK8438426.1	KAK8438426.1 hypothetical protein B9J08_05510 [Candidozyma auris]
B9J08_002501		False	100	100	100	644						KAK8438427.1 long-chain 3-oxoacyl-CoA reductase [Candidozyma auris]
B9J08_002502		False	100	100	100	283						KAK8438428.1 ubiquitin-conjugating enzyme variant MMS2 [Candidozyma auris]
B9J08_002503	B9J08_05513	True	100	100	100	1211	100	100	100	1211	KAK8438429.1	KAK8438429.1 hypothetical protein B9J08_05513 [Candidozyma auris]
B9J08_002504	B9J08_05514	True	100	100	100	1630	100	100	100	1630	KAK8438430.1	KAK8438430.1 hypothetical protein B9J08_05514 [Candidozyma auris]
B9J08_002505	B9J08_05515	True	100	100	100	900	100	100	100	900	KAK8438431.1	KAK8438431.1 hypothetical protein B9J08_05515 [Candidozyma auris]
B9J08_002506	B9J08_05516	True	100	92.8	92.8	1076	100	92.8	92.8	1076	KAK8438432.1	KAK8438432.1 hypothetical protein B9J08_05516 [Candidozyma auris]
B9J08_002507	B9J08_05517	True	100	100	100	225	100	100	100	225	KAK8438433.1	KAK8438433.1 hypothetical protein B9J08_05517 [Candidozyma auris]
B9J08_002508		False	100	100	100	625						KAK8438434.1 dimethyladenosine transferase [Candidozyma auris]
B9J08_002509	B9J08_05519	True	100	100	100	922	100	100	100	922	KAK8438435.1	KAK8438435.1 hypothetical protein B9J08_05519 [Candidozyma auris]
B9J08_002510	B9J08_05520	True	100	100	100	1364	100	100	100	1364	KAK8438436.1	KAK8438436.1 hypothetical protein B9J08_05520 [Candidozyma auris]
B9J08_002511	B9J08_05521	True	100	100	100	294	100	100	100	294	KAK8438437.1	KAK8438437.1 hypothetical protein B9J08_05521 [Candidozyma auris]
B9J08_002512	B9J08_05522	True	100	100	100	1040	100	100	100	1040	KAK8438438.1	KAK8438438.1 hypothetical protein B9J08_05522 [Candidozyma auris]
B9J08_002513	B9J08_05523	True	100	100	100	461	100	100	100	461	KAK8438439.1	KAK8438439.1 hypothetical protein B9J08_05523 [Candidozyma auris]
B9J08_002514	B9J08_05524	True	100	100	100	465	100	100	100	465	KAK8438440.1	KAK8438440.1 hypothetical protein B9J08_05524 [Candidozyma auris]
B9J08_002515	B9J08_05525	True	100	100	100	364	100	100	100	364	KAK8438441.1	KAK8438441.1 hypothetical protein B9J08_05525 [Candidozyma auris]
B9J08_002517	B9J08_05527	True	100	100	100	540	100	100	100	540	KAK8438442.1	KAK8438442.1 hypothetical protein B9J08_05527 [Candidozyma auris]
B9J08_002518	B9J08_05528	True	100	100	100	828	100	100	100	828	KAK8438443.1	KAK8438443.1 hypothetical protein B9J08_05528 [Candidozyma auris]
B9J08_002519	B9J08_05529	True	100	100	100	733	100	100	100	733	KAK8438444.1	KAK8438444.1 hypothetical protein B9J08_05529 [Candidozyma auris]
B9J08_002520	B9J08_05530	True	100	100	100	459	100	100	100	459	KAK8438445.1	KAK8438445.1 hypothetical protein B9J08_05530 [Candidozyma auris]
B9J08_002521	B9J08_05531	True	100	100	100	2698	100	100	100	2698	KAK8438446.1	KAK8438446.1 hypothetical protein B9J08_05531 [Candidozyma auris]
B9J08_002522	B9J08_05532	True	100	100	100	626	100	100	100	626	KAK8438447.1	KAK8438447.1 hypothetical protein B9J08_05532 [Candidozyma auris]
B9J08_002523	B9J08_05533	True	100	100	100	277	100	100	100	277	KAK8438448.1	KAK8438448.1 hypothetical protein B9J08_05533 [Candidozyma auris]
B9J08_002524	B9J08_05534	True	100	100	100	1226	100	100	100	1226	KAK8438449.1	KAK8438449.1 hypothetical protein B9J08_05534 [Candidozyma auris]
B9J08_002525	B9J08_05535	True	100	100	100	381	100	100	100	381	KAK8438450.1	KAK8438450.1 hypothetical protein B9J08_05535 [Candidozyma auris]
B9J08_002526	B9J08_05536	True	100	100	100	447	100	100	100	447	KAK8438451.1	KAK8438451.1 hypothetical protein B9J08_05536 [Candidozyma auris]
B9J08_002527	B9J08_05537	True	100	100	100	180	100	100	100	180	KAK8438452.1	KAK8438452.1 hypothetical protein B9J08_05537 [Candidozyma auris]
B9J08_002528	B9J08_05538	True	100	100	100	156	100	100	100	156	KAK8438453.1	KAK8438453.1 hypothetical protein B9J08_05538 [Candidozyma auris]
B9J08_002529	B9J08_05539	True	100	100	100	497	100	100	100	497	KAK8438454.1	KAK8438454.1 hypothetical protein B9J08_05539 [Candidozyma auris]
B9J08_002530		False	100	100	100	764						KAK8438455.1 TIGR01456 family HAD hydrolase [Candidozyma auris]
B9J08_002531	B9J08_05541	True	100	100	100	1065	100	100	100	1065	KAK8438456.1	KAK8438456.1 hypothetical protein B9J08_05541 [Candidozyma auris]
B9J08_002532	B9J08_05542	True	100	100	100	863	100	100	100	863	KAK8438457.1	KAK8438457.1 hypothetical protein B9J08_05542 [Candidozyma auris]
B9J08_002533	B9J08_05543	True	100	100	100	333	100	100	100	333	KAK8438458.1	KAK8438458.1 hypothetical protein B9J08_05543 [Candidozyma auris]
B9J08_002534	B9J08_05544	True	100	100	100	1372	100	100	100	1372	KAK8438459.1	KAK8438459.1 hypothetical protein B9J08_05544 [Candidozyma auris]
B9J08_002535	B9J08_05545	True	100	100	100	382	100	100	100	382	KAK8438460.1	KAK8438460.1 hypothetical protein B9J08_05545 [Candidozyma auris]
B9J08_002536	B9J08_05546	True	100	100	100	729	100	100	100	729	KAK8438461.1	KAK8438461.1 hypothetical protein B9J08_05546 [Candidozyma auris]
B9J08_002537	B9J08_05547	True	100	100	100	626	100	100	100	626	KAK8438462.1	KAK8438462.1 hypothetical protein B9J08_05547 [Candidozyma auris]
B9J08_002538	B9J08_05548	True	100	100	100	660	100	100	100	660	KAK8438463.1	KAK8438463.1 hypothetical protein B9J08_05548 [Candidozyma auris]
B9J08_002539	B9J08_05549	True	100	100	100	699	100	100	100	699	KAK8438464.1	KAK8438464.1 hypothetical protein B9J08_05549 [Candidozyma auris]
B9J08_002540	B9J08_05550	True	100	100	100	671	100	100	100	671	KAK8438465.1	KAK8438465.1 hypothetical protein B9J08_05550 [Candidozyma auris]
B9J08_002541	B9J08_05551	True	100	100	100	907	100	100	100	907	KAK8438466.1	KAK8438466.1 hypothetical protein B9J08_05551 [Candidozyma auris]
B9J08_002542	B9J08_05552	True	100	100	100	875	100	100	100	875	KAK8438467.1	KAK8438467.1 hypothetical protein B9J08_05552 [Candidozyma auris]
B9J08_002543	B9J08_05553	True	100	100	100	920	100	100	100	920	KAK8438468.1	KAK8438468.1 hypothetical protein B9J08_05553 [Candidozyma auris]
B9J08_002544	B9J08_05554	True	100	100	100	927	100	100	100	927	KAK8438469.1	KAK8438469.1 hypothetical protein B9J08_05554 [Candidozyma auris]
B9J08_002545	B9J08_05555	True	100	100	100	843	100	100	100	843	KAK8438470.1	KAK8438470.1 hypothetical protein B9J08_05555 [Candidozyma auris]
B9J08_002546	B9J08_05556	True	100	100	100	197	100	100	100	197	KAK8438471.1	KAK8438471.1 hypothetical protein B9J08_05556 [Candidozyma auris]
B9J08_002547	B9J08_05557	True	100	100	100	984	100	100	100	984	KAK8438472.1	KAK8438472.1 hypothetical protein B9J08_05557 [Candidozyma auris]
B9J08_002548	B9J08_05558	True	100	100	100	1056	100	100	100	1056	KAK8438473.1	KAK8438473.1 hypothetical protein B9J08_05558 [Candidozyma auris]
B9J08_002549	B9J08_05559	True	100	100	100	704	100	100	100	704	KAK8438474.1	KAK8438474.1 hypothetical protein B9J08_05559 [Candidozyma auris]
B9J08_002550	B9J08_05560	True	100	100	100	550	100	100	100	550	KAK8438475.1	KAK8438475.1 hypothetical protein B9J08_05560 [Candidozyma auris]
B9J08_002551	B9J08_05561	True	100	100	100	189	100	100	100	189	KAK8438476.1	KAK8438476.1 hypothetical protein B9J08_05561 [Candidozyma auris]
B9J08_002552	B9J08_05562	True	100	100	100	625	100	100	100	625	KAK8438477.1	KAK8438477.1 hypothetical protein B9J08_05562 [Candidozyma auris]
B9J08_002553	B9J08_05563	True	100	100	100	628	100	100	100	628	KAK8438478.1	KAK8438478.1 hypothetical protein B9J08_05563 [Candidozyma auris]
B9J08_002554	B9J08_05564	True	100	100	100	481	100	100	100	481	KAK8438479.1	KAK8438479.1 hypothetical protein B9J08_05564 [Candidozyma auris]
B9J08_002555	B9J08_05565	True	100	100	100	449	100	100	100	449	KAK8438480.1	KAK8438480.1 hypothetical protein B9J08_05565 [Candidozyma auris]
B9J08_002556	B9J08_05566	True	100	100	100	204	100	100	100	204	KAK8438481.1	KAK8438481.1 hypothetical protein B9J08_05566 [Candidozyma auris]
B9J08_002557	B9J08_05567	True	100	100	100	1268	100	100	100	1268	KAK8438482.1	KAK8438482.1 hypothetical protein B9J08_05567 [Candidozyma auris]
B9J08_002558	B9J08_05568	True	100	100	100	429	100	100	100	429	KAK8438483.1	KAK8438483.1 hypothetical protein B9J08_05568 [Candidozyma auris]
B9J08_002559	B9J08_05569	True	100	100	100	978	100	100	100	978	KAK8438484.1	KAK8438484.1 hypothetical protein B9J08_05569 [Candidozyma auris]
B9J08_002560	B9J08_05570	True	100	100	100	228	100	100	100	228	KAK8438485.1	KAK8438485.1 hypothetical protein B9J08_05570 [Candidozyma auris]
B9J08_002562	B9J08_05572	True	100	100	100	1100	100	100	100	1100	KAK8438487.1	KAK8438487.1 hypothetical protein B9J08_05572 [Candidozyma auris]
B9J08_002563	B9J08_05573	True	100	100	100	529	100	100	100	529	KAK8438488.1	KAK8438488.1 hypothetical protein B9J08_05573 [Candidozyma auris]
B9J08_002564	B9J08_05574	True	100	100	100	511	100	100	100	511	KAK8438489.1	KAK8438489.1 hypothetical protein B9J08_05574 [Candidozyma auris]
B9J08_002565	B9J08_05575	True	100	100	100	382	100	100	100	382	KAK8438490.1	KAK8438490.1 hypothetical protein B9J08_05575 [Candidozyma auris]
B9J08_002566		False	100	100	100	969						KAK8438491.1 hexokinase [Candidozyma auris]
B9J08_002567	B9J08_05577	True	100	100	100	273	100	100	100	273	KAK8438492.1	KAK8438492.1 hypothetical protein B9J08_05577 [Candidozyma auris]
B9J08_002568	B9J08_05578	True	100	100	100	483	100	100	100	483	KAK8438493.1	KAK8438493.1 hypothetical protein B9J08_05578 [Candidozyma auris]
B9J08_002569		False	100	100	100	738						KAK8438494.1 flap endonuclease 1 [Candidozyma auris]
B9J08_002570	B9J08_05580	True	100	100	100	1188	100	100	100	1188	KAK8438495.1	KAK8438495.1 hypothetical protein B9J08_05580 [Candidozyma auris]
B9J08_002571	B9J08_05581	True	100	100	100	757	100	100	100	757	KAK8438496.1	KAK8438496.1 hypothetical protein B9J08_05581 [Candidozyma auris]
B9J08_002572	B9J08_05582	True	100	100	100	623	100	100	100	623	KAK8438497.1	KAK8438497.1 hypothetical protein B9J08_05582 [Candidozyma auris]
B9J08_002573	B9J08_05583	True	100	100	100	1637	100	100	100	1637	KAK8438498.1	KAK8438498.1 hypothetical protein B9J08_05583 [Candidozyma auris]
B9J08_002574	B9J08_05584	True	100	100	100	263	100	100	100	263	KAK8438499.1	KAK8438499.1 hypothetical protein B9J08_05584 [Candidozyma auris]
B9J08_002575	B9J08_05585	True	100	100	100	1600	100	100	100	1600	KAK8438500.1	KAK8438500.1 hypothetical protein B9J08_05585 [Candidozyma auris]
B9J08_002576	B9J08_05586	True	100	100	100	919	100	100	100	919	KAK8438501.1	KAK8438501.1 hypothetical protein B9J08_05586 [Candidozyma auris]
B9J08_002577	B9J08_05587	True	100	100	100	883	100	100	100	883	KAK8438502.1	KAK8438502.1 hypothetical protein B9J08_05587 [Candidozyma auris]
B9J08_002578	B9J08_05588	True	100	100	100	942	100	100	100	942	KAK8438503.1	KAK8438503.1 hypothetical protein B9J08_05588 [Candidozyma auris]
B9J08_002579	B9J08_05589	True	100	100	100	311	100	100	100	311	KAK8438504.1	KAK8438504.1 hypothetical protein B9J08_05589 [Candidozyma auris]
B9J08_002580	B9J08_05590	True	100	100	100	673	100	100	100	673	KAK8438505.1	KAK8438505.1 hypothetical protein B9J08_05590 [Candidozyma auris]
B9J08_002581	B9J08_05591	True	100	100	100	1240	100	100	100	1240	KAK8438506.1	KAK8438506.1 hypothetical protein B9J08_05591 [Candidozyma auris]
B9J08_002582	B9J08_05592	True	100	100	100	1394	100	100	100	1394	KAK8438507.1	KAK8438507.1 hypothetical protein B9J08_05592 [Candidozyma auris]
B9J08_002583	B9J08_05593	True	100	100	100	1148	100	100	100	1148	KAK8438508.1	KAK8438508.1 hypothetical protein B9J08_05593 [Candidozyma auris]
B9J08_002584	B9J08_05594	True	100	100	100	1232	100	100	100	1232	KAK8438509.1	KAK8438509.1 hypothetical protein B9J08_05594 [Candidozyma auris]
B9J08_002585	B9J08_00445	True	100	100	100	929	100	100	100	929	KAK8442124.1	KAK8442124.1 hypothetical protein B9J08_00445 [Candidozyma auris]
B9J08_002587		False	100	100	100	901						KAK8442125.1 agmatinase [Candidozyma auris]
B9J08_002588	B9J08_00448	True	100	100	100	1062	100	100	100	1062	KAK8442126.1	KAK8442126.1 hypothetical protein B9J08_00448 [Candidozyma auris]
B9J08_002589	B9J08_00449	True	100	100	100	466	100	100	100	466	KAK8442127.1	KAK8442127.1 hypothetical protein B9J08_00449 [Candidozyma auris]
B9J08_002590	B9J08_00450	True	100	100	100	434	100	100	100	434	KAK8442128.1	KAK8442128.1 hypothetical protein B9J08_00450 [Candidozyma auris]
B9J08_002591	B9J08_00451	True	100	100	100	195	100	100	100	195	KAK8442129.1	KAK8442129.1 hypothetical protein B9J08_00451 [Candidozyma auris]
B9J08_002592	B9J08_00452	True	100	100	100	207	100	100	100	207	KAK8442130.1	KAK8442130.1 hypothetical protein B9J08_00452 [Candidozyma auris]
B9J08_002593	B9J08_00453	True	100	100	100	528	100	100	100	528	KAK8442131.1	KAK8442131.1 hypothetical protein B9J08_00453 [Candidozyma auris]
B9J08_002594	B9J08_00454	True	100	100	100	594	100	100	100	594	KAK8442132.1	KAK8442132.1 hypothetical protein B9J08_00454 [Candidozyma auris]
B9J08_002595	B9J08_00455	True	100	100	100	1502	100	100	100	1502	KAK8442133.1	KAK8442133.1 hypothetical protein B9J08_00455 [Candidozyma auris]
B9J08_002596	B9J08_00456	True	100	100	100	788	100	100	100	788	KAK8442134.1	KAK8442134.1 hypothetical protein B9J08_00456 [Candidozyma auris]
B9J08_002597	B9J08_00457	True	100	100	100	442	100	100	100	442	KAK8442135.1	KAK8442135.1 hypothetical protein B9J08_00457 [Candidozyma auris]
B9J08_002598	B9J08_00458	True	100	100	100	337	100	100	100	337	KAK8442136.1	KAK8442136.1 hypothetical protein B9J08_00458 [Candidozyma auris]
B9J08_002599	B9J08_00459	True	100	100	100	1300	100	100	100	1300	KAK8442137.1	KAK8442137.1 hypothetical protein B9J08_00459 [Candidozyma auris]
B9J08_002600		False	100	100	100	511						KAK8442138.1 phosphomannomutase [Candidozyma auris]
B9J08_002601		False	100	100	100	446						KAK8442139.1 60S ribosomal protein L10 [Candidozyma auris]
B9J08_002602	B9J08_00462	True	100	100	100	304	100	100	100	304	KAK8442140.1	KAK8442140.1 hypothetical protein B9J08_00462 [Candidozyma auris]
B9J08_002603	B9J08_00463	True	100	100	100	616	100	100	100	616	KAK8442141.1	KAK8442141.1 hypothetical protein B9J08_00463 [Candidozyma auris]
B9J08_002604	B9J08_00464	True	100	100	100	890	100	100	100	890	KAK8442142.1	KAK8442142.1 hypothetical protein B9J08_00464 [Candidozyma auris]
B9J08_002605	B9J08_00465	True	100	100	100	237	100	100	100	237	KAK8442143.1	KAK8442143.1 hypothetical protein B9J08_00465 [Candidozyma auris]
B9J08_002606	B9J08_00466	True	100	100	100	704	100	100	100	704	KAK8442144.1	KAK8442144.1 hypothetical protein B9J08_00466 [Candidozyma auris]
B9J08_002607	B9J08_00467	True	100	100	100	411	100	100	100	411	KAK8442145.1	KAK8442145.1 hypothetical protein B9J08_00467 [Candidozyma auris]
B9J08_002608	B9J08_00468	True	100	100	100	175	100	100	100	175	KAK8442146.1	KAK8442146.1 hypothetical protein B9J08_00468 [Candidozyma auris]
B9J08_002609	B9J08_00469	True	100	100	100	147	100	100	100	147	KAK8442147.1	KAK8442147.1 hypothetical protein B9J08_00469 [Candidozyma auris]
B9J08_002610	B9J08_00470	True	100	100	100	204	100	100	100	204	KAK8442148.1	KAK8442148.1 hypothetical protein B9J08_00470 [Candidozyma auris]
B9J08_002611	B9J08_00471	True	100	100	100	2192	100	100	100	2192	KAK8442149.1	KAK8442149.1 hypothetical protein B9J08_00471 [Candidozyma auris]
B9J08_002612	B9J08_00472	True	100	100	100	956	100	100	100	956	KAK8442150.1	KAK8442150.1 hypothetical protein B9J08_00472 [Candidozyma auris]
B9J08_002613	B9J08_00473	True	100	100	100	708	100	100	100	708	KAK8442151.1	KAK8442151.1 hypothetical protein B9J08_00473 [Candidozyma auris]
B9J08_002614	B9J08_00474	True	100	100	100	633	100	100	100	633	KAK8442152.1	KAK8442152.1 hypothetical protein B9J08_00474 [Candidozyma auris]
B9J08_002615	B9J08_00475	True	100	100	100	2082	100	100	100	2082	KAK8442153.1	KAK8442153.1 hypothetical protein B9J08_00475 [Candidozyma auris]
B9J08_002616	B9J08_00476	True	100	100	100	590	100	100	100	590	KAK8442154.1	KAK8442154.1 hypothetical protein B9J08_00476 [Candidozyma auris]
B9J08_002617	B9J08_00477	True	100	100	100	1446	100	100	100	1446	KAK8442155.1	KAK8442155.1 hypothetical protein B9J08_00477 [Candidozyma auris]
B9J08_002618		False	100	100	100	2138						KAK8442156.1 ATP-dependent protease La [Candidozyma auris]
B9J08_002619	B9J08_00479	True	100	100	100	678	100	100	100	678	KAK8442157.1	KAK8442157.1 hypothetical protein B9J08_00479 [Candidozyma auris]
B9J08_002620	B9J08_00480	True	100	100	100	1290	100	100	100	1290	KAK8442158.1	KAK8442158.1 hypothetical protein B9J08_00480 [Candidozyma auris]
B9J08_002621	B9J08_00481	True	100	100	100	461	100	100	100	461	KAK8442159.1	KAK8442159.1 hypothetical protein B9J08_00481 [Candidozyma auris]
B9J08_002622		False	100	100	100	169						KAK8442160.1 ribosomal protein L30 [Candidozyma auris]
B9J08_002623	B9J08_00483	True	100	100	100	2053	100	100	100	2053	KAK8442161.1	KAK8442161.1 hypothetical protein B9J08_00483 [Candidozyma auris]
B9J08_002624	B9J08_00484	True	100	100	100	141	100	100	100	141	KAK8442162.1	KAK8442162.1 hypothetical protein B9J08_00484 [Candidozyma auris]
B9J08_002626	B9J08_00486	True	100	100	100	287	100	100	100	287	KAK8442163.1	KAK8442163.1 hypothetical protein B9J08_00486 [Candidozyma auris]
B9J08_002627		False	100	100	100	724						KAK8442164.1 D-xylulose reductase [Candidozyma auris]
B9J08_002628	B9J08_00488	True	100	100	100	2015	100	100	100	2015	KAK8442165.1	KAK8442165.1 hypothetical protein B9J08_00488 [Candidozyma auris]
B9J08_002629		False	100	100	100	1319						KAK8442166.1 acetolactate synthase, large subunit, biosynthetic type [Candidozyma auris]
B9J08_002630	B9J08_00490	True	100	100	100	987	100	100	100	987	KAK8442167.1	KAK8442167.1 hypothetical protein B9J08_00490 [Candidozyma auris]
B9J08_002631	B9J08_00491	True	100	100	100	700	100	100	100	700	KAK8442168.1	KAK8442168.1 hypothetical protein B9J08_00491 [Candidozyma auris]
B9J08_002632		False	100	100	100	1361						KAK8442169.1 glutamine-fructose-6-phosphate aminotransferase (isomerizing) [Candidozyma auris]
B9J08_002633	B9J08_00493	True	100	100	100	145	100	100	100	145	KAK8442170.1	KAK8442170.1 hypothetical protein B9J08_00493 [Candidozyma auris]
B9J08_002634	B9J08_00494	True	100	100	100	1259	100	100	100	1259	KAK8442171.1	KAK8442171.1 hypothetical protein B9J08_00494 [Candidozyma auris]
B9J08_002635	B9J08_00495	True	100	100	100	869	100	100	100	869	KAK8442172.1	KAK8442172.1 hypothetical protein B9J08_00495 [Candidozyma auris]
B9J08_002636	B9J08_00496	True	100	100	100	1269	100	100	100	1269	KAK8442173.1	KAK8442173.1 hypothetical protein B9J08_00496 [Candidozyma auris]
B9J08_002637	B9J08_00497	True	100	100	100	874	100	100	100	874	KAK8442174.1	KAK8442174.1 hypothetical protein B9J08_00497 [Candidozyma auris]
B9J08_002638		False	100	100	100	753						KAK8442175.1 deoxyhypusine synthase [Candidozyma auris]
B9J08_002639	B9J08_00499	True	100	100	100	306	100	100	100	306	KAK8442176.1	KAK8442176.1 hypothetical protein B9J08_00499 [Candidozyma auris]
B9J08_002640	B9J08_00500	True	100	100	100	221	100	100	100	221	KAK8442177.1	KAK8442177.1 hypothetical protein B9J08_00500 [Candidozyma auris]
B9J08_002641	B9J08_00501	True	100	100	100	1771	100	100	100	1771	KAK8442178.1	KAK8442178.1 hypothetical protein B9J08_00501 [Candidozyma auris]
B9J08_002642		False	100	100	100	232						KAK8442179.1 cytochrome c oxidase-assembly factor COX23, mitochondrial [Candidozyma auris]
B9J08_002643	B9J08_00503	True	100	100	100	208	100	100	100	208	KAK8442180.1	KAK8442180.1 hypothetical protein B9J08_00503 [Candidozyma auris]
B9J08_002644	B9J08_00504	True	100	100	100	834	100	100	100	834	KAK8442181.1	KAK8442181.1 hypothetical protein B9J08_00504 [Candidozyma auris]
B9J08_002645	B9J08_00505	True	100	100	100	429	100	100	100	429	KAK8442182.1	KAK8442182.1 hypothetical protein B9J08_00505 [Candidozyma auris]
B9J08_002646	B9J08_00506	True	100	100	100	1071	100	100	100	1071	KAK8442183.1	KAK8442183.1 hypothetical protein B9J08_00506 [Candidozyma auris]
B9J08_002647	B9J08_00507	True	100	100	100	468	100	100	100	468	KAK8442184.1	KAK8442184.1 hypothetical protein B9J08_00507 [Candidozyma auris]
B9J08_002648	B9J08_00508	True	100	100	100	209	100	100	100	209	KAK8442185.1	KAK8442185.1 hypothetical protein B9J08_00508 [Candidozyma auris]
B9J08_002649	B9J08_00509	True	100	100	100	1082	100	100	100	1082	KAK8442186.1	KAK8442186.1 hypothetical protein B9J08_00509 [Candidozyma auris]
B9J08_002650	B9J08_00510	True	100	100	100	1416	100	100	100	1416	KAK8442187.1	KAK8442187.1 hypothetical protein B9J08_00510 [Candidozyma auris]
B9J08_002651		False	100	100	100	1977						KAK8442188.1 isoleucine-tRNA ligase [Candidozyma auris]
B9J08_002652		False	100	100	100	914						KAK8442189.1 citrate synthase, mitochondrial [Candidozyma auris]
B9J08_002653	B9J08_00513	True	100	100	100	1090	100	100	100	1090	KAK8442190.1	KAK8442190.1 hypothetical protein B9J08_00513 [Candidozyma auris]
B9J08_002654	B9J08_00514	True	100	100	100	1045	100	100	100	1045	KAK8442191.1	KAK8442191.1 hypothetical protein B9J08_00514 [Candidozyma auris]
B9J08_002655	B9J08_00515	True	100	100	100	1391	100	100	100	1391	KAK8442192.1	KAK8442192.1 hypothetical protein B9J08_00515 [Candidozyma auris]
B9J08_002656	B9J08_00516	True	100	100	100	576	100	100	100	576	KAK8442193.1	KAK8442193.1 hypothetical protein B9J08_00516 [Candidozyma auris]
B9J08_002657	B9J08_00517	True	100	100	100	724	100	100	100	724	KAK8442194.1	KAK8442194.1 hypothetical protein B9J08_00517 [Candidozyma auris]
B9J08_002659	B9J08_00519	True	100	100	100	1152	100	100	100	1152	KAK8442195.1	KAK8442195.1 hypothetical protein B9J08_00519 [Candidozyma auris]
B9J08_002660	B9J08_00520	True	100	100	100	1250	100	100	100	1250	KAK8442196.1	KAK8442196.1 hypothetical protein B9J08_00520 [Candidozyma auris]
B9J08_002661	B9J08_00521	True	100	100	100	1838	100	100	100	1838	KAK8442197.1	KAK8442197.1 hypothetical protein B9J08_00521 [Candidozyma auris]
B9J08_002662	B9J08_00522	True	100	100	100	774	100	100	100	774	KAK8442198.1	KAK8442198.1 hypothetical protein B9J08_00522 [Candidozyma auris]
B9J08_002663	B9J08_00523	True	100	100	100	1045	100	100	100	1045	KAK8442199.1	KAK8442199.1 hypothetical protein B9J08_00523 [Candidozyma auris]
B9J08_002664	B9J08_00524	True	100	100	100	2751	100	100	100	2751	KAK8442200.1	KAK8442200.1 hypothetical protein B9J08_00524 [Candidozyma auris]
B9J08_002665	B9J08_00525	True	100	100	100	2446	100	100	100	2446	KAK8442201.1	KAK8442201.1 hypothetical protein B9J08_00525 [Candidozyma auris]
B9J08_002666	B9J08_00526	True	100	100	100	1117	100	100	100	1117	KAK8442202.1	KAK8442202.1 hypothetical protein B9J08_00526 [Candidozyma auris]
B9J08_002667	B9J08_00527	True	100	100	100	3642	100	100	100	3642	KAK8442203.1	KAK8442203.1 hypothetical protein B9J08_00527 [Candidozyma auris]
B9J08_002668	B9J08_00528	True	100	100	100	1053	100	100	100	1053	KAK8442204.1	KAK8442204.1 hypothetical protein B9J08_00528 [Candidozyma auris]
B9J08_002669		False	100	100	100	1125						KAK8442205.1 phosphoenolpyruvate carboxykinase (ATP) [Candidozyma auris]
B9J08_002670	B9J08_00530	True	100	100	100	1963	100	100	100	1963	KAK8442206.1	KAK8442206.1 hypothetical protein B9J08_00530 [Candidozyma auris]
B9J08_002671	B9J08_00531	True	100	100	100	1421	100	100	100	1421	KAK8442207.1	KAK8442207.1 hypothetical protein B9J08_00531 [Candidozyma auris]
B9J08_002672	B9J08_00532	True	100	100	100	810	100	100	100	810	KAK8442208.1	KAK8442208.1 hypothetical protein B9J08_00532 [Candidozyma auris]
B9J08_002673	B9J08_00533	True	100	100	100	3056	100	100	100	3056	KAK8442209.1	KAK8442209.1 hypothetical protein B9J08_00533 [Candidozyma auris]
B9J08_002674	B9J08_00534	True	100	100	100	1209	100	100	100	1209	KAK8442210.1	KAK8442210.1 hypothetical protein B9J08_00534 [Candidozyma auris]
B9J08_002675	B9J08_00535	True	100	100	100	1494	100	100	100	1494	KAK8442211.1	KAK8442211.1 hypothetical protein B9J08_00535 [Candidozyma auris]
B9J08_002676	B9J08_00536	True	100	100	100	3048	100	100	100	3048	KAK8442212.1	KAK8442212.1 hypothetical protein B9J08_00536 [Candidozyma auris]
B9J08_002677	B9J08_00537	True	100	100	100	1918	100	100	100	1918	KAK8442213.1	KAK8442213.1 hypothetical protein B9J08_00537 [Candidozyma auris]
B9J08_002678	B9J08_00538	True	100	100	100	420	100	100	100	420	KAK8442214.1	KAK8442214.1 hypothetical protein B9J08_00538 [Candidozyma auris]
B9J08_002679	B9J08_00539	True	100	100	100	1769	100	100	100	1769	KAK8442215.1	KAK8442215.1 hypothetical protein B9J08_00539 [Candidozyma auris]
B9J08_002680	B9J08_00540	True	100	100	100	1776	100	100	100	1776	KAK8442216.1	KAK8442216.1 hypothetical protein B9J08_00540 [Candidozyma auris]
B9J08_002682		False	100	100	100	985						KAK8442217.1 mitogen-activated protein kinase MKC1 [Candidozyma auris]
B9J08_002683	B9J08_00542	True	100	100	100	749	100	100	100	749	KAK8442218.1	KAK8442218.1 hypothetical protein B9J08_00542 [Candidozyma auris]
B9J08_002684	B9J08_00543	True	100	100	100	1350	100	100	100	1350	KAK8442219.1	KAK8442219.1 hypothetical protein B9J08_00543 [Candidozyma auris]
B9J08_002685	B9J08_00544	True	100	100	100	1023	100	100	100	1023	KAK8442220.1	KAK8442220.1 hypothetical protein B9J08_00544 [Candidozyma auris]
B9J08_002686	B9J08_00545	True	100	100	100	1438	100	100	100	1438	KAK8442221.1	KAK8442221.1 hypothetical protein B9J08_00545 [Candidozyma auris]
B9J08_002687	B9J08_00546	True	100	100	100	1477	100	100	100	1477	KAK8442222.1	KAK8442222.1 hypothetical protein B9J08_00546 [Candidozyma auris]
B9J08_002688	B9J08_00547	True	100	100	100	720	100	100	100	720	KAK8442223.1	KAK8442223.1 hypothetical protein B9J08_00547 [Candidozyma auris]
B9J08_002689		False	100	100	100	541						KAK8442224.1 succinate dehydrogenase [ubiquinone] iron-sulfur subunit, mitochondrial [Candidozyma auris]
B9J08_002690	B9J08_00549	True	100	100	100	830	100	100	100	830	KAK8442225.1	KAK8442225.1 hypothetical protein B9J08_00549 [Candidozyma auris]
B9J08_002691	B9J08_00550	True	100	100	100	769	100	100	100	769	KAK8442226.1	KAK8442226.1 hypothetical protein B9J08_00550 [Candidozyma auris]
B9J08_002692	B9J08_00551	True	100	100	100	748	100	100	100	748	KAK8442227.1	KAK8442227.1 hypothetical protein B9J08_00551 [Candidozyma auris]
B9J08_002693	B9J08_00552	True	100	100	100	191	100	100	100	191	KAK8442228.1	KAK8442228.1 hypothetical protein B9J08_00552 [Candidozyma auris]
B9J08_002694	B9J08_00553	True	100	100	100	473	100	100	100	473	KAK8442229.1	KAK8442229.1 hypothetical protein B9J08_00553 [Candidozyma auris]
B9J08_002695	B9J08_00554	True	100	100	100	190	100	100	100	190	KAK8442230.1	KAK8442230.1 hypothetical protein B9J08_00554 [Candidozyma auris]
B9J08_002696	B9J08_00555	True	100	100	100	598	100	100	100	598	KAK8442231.1	KAK8442231.1 hypothetical protein B9J08_00555 [Candidozyma auris]
B9J08_002697	B9J08_00556	True	100	100	100	1801	100	100	100	1801	KAK8442232.1	KAK8442232.1 hypothetical protein B9J08_00556 [Candidozyma auris]
B9J08_002698	B9J08_00557	True	100	100	100	2045	100	100	100	2045	KAK8442233.1	KAK8442233.1 hypothetical protein B9J08_00557 [Candidozyma auris]
B9J08_002699	B9J08_00558	True	100	100	100	908	100	100	100	908	KAK8442234.1	KAK8442234.1 hypothetical protein B9J08_00558 [Candidozyma auris]
B9J08_002701	B9J08_00560	True	100	100	100	1435	100	100	100	1435	KAK8442235.1	KAK8442235.1 hypothetical protein B9J08_00560 [Candidozyma auris]
B9J08_002702	B9J08_00561	True	100	100	100	627	100	100	100	627	KAK8442236.1	KAK8442236.1 hypothetical protein B9J08_00561 [Candidozyma auris]
B9J08_002703	B9J08_00562	True	100	100	100	492	100	100	100	492	KAK8442237.1	KAK8442237.1 hypothetical protein B9J08_00562 [Candidozyma auris]
B9J08_002704	B9J08_00563	True	100	100	100	312	100	100	100	312	KAK8442238.1	KAK8442238.1 hypothetical protein B9J08_00563 [Candidozyma auris]
B9J08_002705	B9J08_00564	True	100	100	100	667	100	100	100	667	KAK8442239.1	KAK8442239.1 hypothetical protein B9J08_00564 [Candidozyma auris]
B9J08_002706	B9J08_00565	True	100	100	100	1297	100	100	100	1297	KAK8442240.1	KAK8442240.1 hypothetical protein B9J08_00565 [Candidozyma auris]
B9J08_002707	B9J08_00566	True	100	100	100	3143	100	100	100	3143	KAK8442241.1	KAK8442241.1 hypothetical protein B9J08_00566 [Candidozyma auris]
B9J08_002708		False	100	100	100	959						KAK8442242.1 homoserine O-acetyltransferase [Candidozyma auris]
B9J08_002709	B9J08_00568	True	100	100	100	568	100	100	100	568	KAK8442243.1	KAK8442243.1 hypothetical protein B9J08_00568 [Candidozyma auris]
B9J08_002710	B9J08_00569	True	100	100	100	1920	100	100	100	1920	KAK8442244.1	KAK8442244.1 hypothetical protein B9J08_00569 [Candidozyma auris]
B9J08_002711	B9J08_00570	True	100	100	100	1445	100	100	100	1445	KAK8442245.1	KAK8442245.1 hypothetical protein B9J08_00570 [Candidozyma auris]
B9J08_002712		False	100	100	100	1090						KAK8442246.1 protein disulfide-isomerase domain [Candidozyma auris]
B9J08_002713	B9J08_00572	True	100	100	100	468	100	100	100	468	KAK8442247.1	KAK8442247.1 hypothetical protein B9J08_00572 [Candidozyma auris]
B9J08_002714	B9J08_00573	True	100	100	100	850	100	100	100	850	KAK8442248.1	KAK8442248.1 hypothetical protein B9J08_00573 [Candidozyma auris]
B9J08_002715	B9J08_00574	True	100	100	100	1102	100	100	100	1102	KAK8442249.1	KAK8442249.1 hypothetical protein B9J08_00574 [Candidozyma auris]
B9J08_002717	B9J08_00576	True	100	100	100	646	100	100	100	646	KAK8442250.1	KAK8442250.1 hypothetical protein B9J08_00576 [Candidozyma auris]
B9J08_002718		False	100	100	100	239						KAK8442251.1 60S ribosomal protein L24 [Candidozyma auris]
B9J08_002719		False	100	100	100	204						KAK8442252.1 60S ribosomal protein L30 [Candidozyma auris]
B9J08_002720	B9J08_00579	True	100	100	100	466	100	100	100	466	KAK8442253.1	KAK8442253.1 hypothetical protein B9J08_00579 [Candidozyma auris]
B9J08_002721		False	100	100	100	750						KAK8442254.1 tRNA N6-adenosine threonylcarbamoyltransferase [Candidozyma auris]
B9J08_002722	B9J08_00581	True	100	100	100	726	100	100	100	726	KAK8442255.1	KAK8442255.1 hypothetical protein B9J08_00581 [Candidozyma auris]
B9J08_002723	B9J08_00582	True	100	100	100	479	100	100	100	479	KAK8442256.1	KAK8442256.1 hypothetical protein B9J08_00582 [Candidozyma auris]
B9J08_002724	B9J08_00583	True	100	100	100	641	100	100	100	641	KAK8442257.1	KAK8442257.1 hypothetical protein B9J08_00583 [Candidozyma auris]
B9J08_002725	B9J08_00584	True	100	100	100	1075	100	100	100	1075	KAK8442258.1	KAK8442258.1 hypothetical protein B9J08_00584 [Candidozyma auris]
B9J08_002726	B9J08_00585	True	100	100	100	1253	100	100	100	1253	KAK8442259.1	KAK8442259.1 hypothetical protein B9J08_00585 [Candidozyma auris]
B9J08_002727	B9J08_00586	True	100	100	100	880	100	100	100	880	KAK8442260.1	KAK8442260.1 hypothetical protein B9J08_00586 [Candidozyma auris]
B9J08_002728	B9J08_00587	True	100	100	100	285	100	100	100	285	KAK8442261.1	KAK8442261.1 hypothetical protein B9J08_00587 [Candidozyma auris]
B9J08_002729	B9J08_00588	True	100	100	100	297	100	100	100	297	KAK8442262.1	KAK8442262.1 hypothetical protein B9J08_00588 [Candidozyma auris]
B9J08_002730	B9J08_00589	True	100	100	100	351	100	100	100	351	KAK8442263.1	KAK8442263.1 hypothetical protein B9J08_00589 [Candidozyma auris]
B9J08_002731	B9J08_00590	True	100	100	100	679	100	100	100	679	KAK8442264.1	KAK8442264.1 hypothetical protein B9J08_00590 [Candidozyma auris]
B9J08_002732	B9J08_00591	True	100	100	100	385	100	100	100	385	KAK8442265.1	KAK8442265.1 hypothetical protein B9J08_00591 [Candidozyma auris]
B9J08_002733		False	100	100	100	239						KAK8442266.1 acetate non-utilizing protein 9, mitochondrial [Candidozyma auris]
B9J08_002734	B9J08_00593	True	100	100	100	772	100	100	100	772	KAK8442267.1	KAK8442267.1 hypothetical protein B9J08_00593 [Candidozyma auris]
B9J08_002735	B9J08_00594	True	100	100	100	550	100	100	100	550	KAK8442268.1	KAK8442268.1 hypothetical protein B9J08_00594 [Candidozyma auris]
B9J08_002736	B9J08_00595	True	100	100	100	1588	100	100	100	1588	KAK8442269.1	KAK8442269.1 hypothetical protein B9J08_00595 [Candidozyma auris]
B9J08_002737	B9J08_00596	True	100	100	100	988	100	100	100	988	KAK8442270.1	KAK8442270.1 hypothetical protein B9J08_00596 [Candidozyma auris]
B9J08_002738	B9J08_00597	True	100	100	100	487	100	100	100	487	KAK8442271.1	KAK8442271.1 hypothetical protein B9J08_00597 [Candidozyma auris]
B9J08_002739	B9J08_00598	True	100	100	100	1058	100	100	100	1058	KAK8442272.1	KAK8442272.1 hypothetical protein B9J08_00598 [Candidozyma auris]
B9J08_002740	B9J08_00599	True	100	100	100	649	100	100	100	649	KAK8442273.1	KAK8442273.1 hypothetical protein B9J08_00599 [Candidozyma auris]
B9J08_002741	B9J08_00600	True	100	100	100	1035	100	100	100	1035	KAK8442274.1	KAK8442274.1 hypothetical protein B9J08_00600 [Candidozyma auris]
B9J08_002742		False	100	100	100	840						KAK8442275.1 dihydroorotate dehydrogenase (quinone), mitochondrial [Candidozyma auris]
B9J08_002743	B9J08_00602	True	100	100	100	479	100	100	100	479	KAK8442276.1	KAK8442276.1 hypothetical protein B9J08_00602 [Candidozyma auris]
B9J08_002744	B9J08_00603	True	100	100	100	560	100	100	100	560	KAK8442277.1	KAK8442277.1 hypothetical protein B9J08_00603 [Candidozyma auris]
B9J08_002745	B9J08_00604	True	100	100	100	735	100	100	100	735	KAK8442278.1	KAK8442278.1 hypothetical protein B9J08_00604 [Candidozyma auris]
B9J08_002746		False	100	90.3	90.3	880						KAK8442279.1 nucleolar protein 56 [Candidozyma auris]
B9J08_002747	B9J08_00606	True	100	100	100	459	100	100	100	459	KAK8442280.1	KAK8442280.1 hypothetical protein B9J08_00606 [Candidozyma auris]
B9J08_002748	B9J08_00607	True	100	100	100	1575	100	100	100	1575	KAK8442281.1	KAK8442281.1 hypothetical protein B9J08_00607 [Candidozyma auris]
B9J08_002749		False	100	100	100	311						KAK8442282.1 ubiquitin-conjugating enzyme E2 4 [Candidozyma auris]
B9J08_002750	B9J08_00609	True	100	100	100	1977	100	100	100	1977	KAK8442283.1	KAK8442283.1 hypothetical protein B9J08_00609 [Candidozyma auris]
B9J08_002751	B9J08_00610	True	100	100	100	2709	100	100	100	2709	KAK8442284.1	KAK8442284.1 hypothetical protein B9J08_00610 [Candidozyma auris]
B9J08_002752	B9J08_00611	True	100	100	100	252	100	100	100	252	KAK8442285.1	KAK8442285.1 hypothetical protein B9J08_00611 [Candidozyma auris]
B9J08_002753	B9J08_00612	True	100	100	100	154	100	100	100	154	KAK8442286.1	KAK8442286.1 hypothetical protein B9J08_00612 [Candidozyma auris]
B9J08_002754	B9J08_00613	True	100	100	100	1357	100	100	100	1357	KAK8442287.1	KAK8442287.1 hypothetical protein B9J08_00613 [Candidozyma auris]
B9J08_002755	B9J08_00614	True	100	100	100	872	100	100	100	872	KAK8442288.1	KAK8442288.1 hypothetical protein B9J08_00614 [Candidozyma auris]
B9J08_002756	B9J08_00615	True	100	100	100	1155	100	100	100	1155	KAK8442289.1	KAK8442289.1 hypothetical protein B9J08_00615 [Candidozyma auris]
B9J08_002757	B9J08_00616	True	100	100	100	140	100	100	100	140	KAK8442290.1	KAK8442290.1 hypothetical protein B9J08_00616 [Candidozyma auris]
B9J08_002758	B9J08_00617	True	100	100	100	954	100	100	100	954	KAK8442291.1	KAK8442291.1 hypothetical protein B9J08_00617 [Candidozyma auris]
B9J08_002759		False	100	100	100	1415						KAK8442292.1 NADH dehydrogenase (quinone), G subunit [Candidozyma auris]
B9J08_002760	B9J08_00619	True	100	100	100	385	100	100	100	385	KAK8442293.1	KAK8442293.1 hypothetical protein B9J08_00619 [Candidozyma auris]
B9J08_002761	B9J08_00620	True	100	100	100	855	100	100	100	855	KAK8442294.1	KAK8442294.1 hypothetical protein B9J08_00620 [Candidozyma auris]
B9J08_002762		False	100	100	100	1020						KAK8442295.1 inositol-3-phosphate synthase [Candidozyma auris]
B9J08_002763	B9J08_00622	True	100	100	100	1372	100	100	100	1372	KAK8442296.1	KAK8442296.1 hypothetical protein B9J08_00622 [Candidozyma auris]
B9J08_002764	B9J08_00623	True	100	100	100	759	100	100	100	759	KAK8442297.1	KAK8442297.1 hypothetical protein B9J08_00623 [Candidozyma auris]
B9J08_002765	B9J08_00624	True	100	100	100	222	100	100	100	222	KAK8442298.1	KAK8442298.1 hypothetical protein B9J08_00624 [Candidozyma auris]
B9J08_002766	B9J08_00625	True	100	100	100	2580	100	100	100	2580	KAK8442299.1	KAK8442299.1 hypothetical protein B9J08_00625 [Candidozyma auris]
B9J08_002767		False	100	100	100	535						KAK8442300.1 proteasome subunit beta type-2 [Candidozyma auris]
B9J08_002768	B9J08_00627	True	100	100	100	650	100	100	100	650	KAK8442301.1	KAK8442301.1 hypothetical protein B9J08_00627 [Candidozyma auris]
B9J08_002769		False	100	100	100	780						KAK8442302.1 S-(hydroxymethyl)glutathione dehydrogenase [Candidozyma auris]
B9J08_002770		False	100	100	100	718						KAK8442303.1 isocitrate dehydrogenase, NAD-dependent [Candidozyma auris]
B9J08_002771		False	100	100	100	424						KAK8442304.1 phosphoribosylglycinamide formyltransferase [Candidozyma auris]
B9J08_002772		False	100	100	100	1669						KAK8442305.1 elongation factor 2 [Candidozyma auris]
B9J08_002773	B9J08_00632	True	100	100	100	674	100	100	100	674	KAK8442306.1	KAK8442306.1 hypothetical protein B9J08_00632 [Candidozyma auris]
B9J08_002774	B9J08_00633	True	100	100	100	1483	100	100	100	1483	KAK8442307.1	KAK8442307.1 hypothetical protein B9J08_00633 [Candidozyma auris]
B9J08_002775	B9J08_00634	True	100	100	100	413	100	100	100	413	KAK8442308.1	KAK8442308.1 hypothetical protein B9J08_00634 [Candidozyma auris]
B9J08_002776	B9J08_00635	True	100	100	100	1449	100	100	100	1449	KAK8442309.1	KAK8442309.1 hypothetical protein B9J08_00635 [Candidozyma auris]
B9J08_002777	B9J08_00636	True	100	100	100	503	100	100	100	503	KAK8442310.1	KAK8442310.1 hypothetical protein B9J08_00636 [Candidozyma auris]
B9J08_002778		False	100	100	100	1464						KAK8442311.1 threonine-tRNA ligase, cytoplasmic [Candidozyma auris]
B9J08_002779		False	100	100	100	257						KAK8442312.1 ribosomal protein L14 [Candidozyma auris]
B9J08_002780		False	100	100	100	996						KAK8442313.1 D-lactate dehydrogenase [cytochrome] 2, mitochondrial [Candidozyma auris]
B9J08_002781	B9J08_00640	True	100	100	100	1420	100	100	100	1420	KAK8442314.1	KAK8442314.1 hypothetical protein B9J08_00640 [Candidozyma auris]
B9J08_002782	B9J08_00641	True	100	100	100	554	100	100	100	554	KAK8442315.1	KAK8442315.1 hypothetical protein B9J08_00641 [Candidozyma auris]
B9J08_002783		False	100	100	100	285						KAK8442316.1 catabolic 3-dehydroquinase [Candidozyma auris]
B9J08_002784	B9J08_00643	True	100	100	100	479	100	100	100	479	KAK8442317.1	KAK8442317.1 hypothetical protein B9J08_00643 [Candidozyma auris]
B9J08_002785	B9J08_00644	True	100	100	100	595	100	100	100	595	KAK8442318.1	KAK8442318.1 hypothetical protein B9J08_00644 [Candidozyma auris]
B9J08_002786		False	100	100	100	274						KAK8442319.1 ribosomal protein L7/L12 [Candidozyma auris]
B9J08_002787		False	100	100	100	243						KAK8442320.1 DNA-directed RNA polymerase II subunit RPB9 [Candidozyma auris]
B9J08_002788		False	100	100	100	836						KAK8442321.1 cAMP-dependent protein kinase type 2 [Candidozyma auris]
B9J08_002789	B9J08_00648	True	100	100	100	936	100	100	100	936	KAK8442322.1	KAK8442322.1 hypothetical protein B9J08_00648 [Candidozyma auris]
B9J08_002790	B9J08_00649	True	100	100	100	833	100	100	100	833	KAK8442323.1	KAK8442323.1 hypothetical protein B9J08_00649 [Candidozyma auris]
B9J08_002791	B9J08_00650	True	100	100	100	501	100	100	100	501	KAK8442324.1	KAK8442324.1 hypothetical protein B9J08_00650 [Candidozyma auris]
B9J08_002792	B9J08_00651	True	100	100	100	1088	100	100	100	1088	KAK8442325.1	KAK8442325.1 hypothetical protein B9J08_00651 [Candidozyma auris]
B9J08_002793	B9J08_00652	True	100	100	100	3303	100	100	100	3303	KAK8442326.1	KAK8442326.1 hypothetical protein B9J08_00652 [Candidozyma auris]
B9J08_002794	B9J08_00653	True	100	100	100	496	100	100	100	496	KAK8442327.1	KAK8442327.1 hypothetical protein B9J08_00653 [Candidozyma auris]
B9J08_002795	B9J08_00654	True	100	100	100	1204	100	100	100	1204	KAK8442328.1	KAK8442328.1 hypothetical protein B9J08_00654 [Candidozyma auris]
B9J08_002796	B9J08_00655	True	100	100	100	1572	100	100	100	1572	KAK8442329.1	KAK8442329.1 hypothetical protein B9J08_00655 [Candidozyma auris]
B9J08_002797	B9J08_00656	True	100	100	100	885	100	100	100	885	KAK8442330.1	KAK8442330.1 hypothetical protein B9J08_00656 [Candidozyma auris]
B9J08_002798	B9J08_00657	True	100	100	100	1007	100	100	100	1007	KAK8442331.1	KAK8442331.1 hypothetical protein B9J08_00657 [Candidozyma auris]
B9J08_002799	B9J08_00658	True	100	100	100	353	100	100	100	353	KAK8442332.1	KAK8442332.1 hypothetical protein B9J08_00658 [Candidozyma auris]
B9J08_002800	B9J08_00659	True	100	100	100	451	100	100	100	451	KAK8442333.1	KAK8442333.1 hypothetical protein B9J08_00659 [Candidozyma auris]
B9J08_002801	B9J08_00660	True	100	100	100	611	100	100	100	611	KAK8442334.1	KAK8442334.1 hypothetical protein B9J08_00660 [Candidozyma auris]
B9J08_002802	B9J08_00661	True	100	100	100	414	100	100	100	414	KAK8442335.1	KAK8442335.1 hypothetical protein B9J08_00661 [Candidozyma auris]
B9J08_002803	B9J08_00662	True	100	100	100	495	100	100	100	495	KAK8442336.1	KAK8442336.1 hypothetical protein B9J08_00662 [Candidozyma auris]
B9J08_002804	B9J08_00663	True	100	100	100	671	100	100	100	671	KAK8442337.1	KAK8442337.1 hypothetical protein B9J08_00663 [Candidozyma auris]
B9J08_002805	B9J08_00664	True	100	100	100	406	100	100	100	406	KAK8442338.1	KAK8442338.1 hypothetical protein B9J08_00664 [Candidozyma auris]
B9J08_002806		False	100	100	100	483						KAK8442339.1 mitochondrial inner membrane protease ATP23 [Candidozyma auris]
B9J08_002807	B9J08_00666	True	100	100	100	1159	100	100	100	1159	KAK8442340.1	KAK8442340.1 hypothetical protein B9J08_00666 [Candidozyma auris]
B9J08_002808	B9J08_00667	True	100	100	100	519	100	100	100	519	KAK8442341.1	KAK8442341.1 hypothetical protein B9J08_00667 [Candidozyma auris]
B9J08_002809	B9J08_00668	True	100	100	100	285	100	100	100	285	KAK8442342.1	KAK8442342.1 hypothetical protein B9J08_00668 [Candidozyma auris]
B9J08_002810	B9J08_00669	True	100	100	100	171	100	100	100	171	KAK8442343.1	KAK8442343.1 hypothetical protein B9J08_00669 [Candidozyma auris]
B9J08_002811	B9J08_00670	True	100	100	100	377	100	100	100	377	KAK8442344.1	KAK8442344.1 hypothetical protein B9J08_00670 [Candidozyma auris]
B9J08_002813		False	100	100	100	1976						KAK8442345.1 elongation factor 3 [Candidozyma auris]
B9J08_002814	B9J08_00673	True	100	100	100	1118	100	100	100	1118	KAK8442346.1	KAK8442346.1 hypothetical protein B9J08_00673 [Candidozyma auris]
B9J08_002815	B9J08_00674	True	100	100	100	814	100	100	100	814	KAK8442347.1	KAK8442347.1 hypothetical protein B9J08_00674 [Candidozyma auris]
B9J08_002816	B9J08_00675	True	100	100	100	595	100	100	100	595	KAK8442348.1	KAK8442348.1 hypothetical protein B9J08_00675 [Candidozyma auris]
B9J08_002817	B9J08_00676	True	100	100	100	295	100	100	100	295	KAK8442349.1	KAK8442349.1 hypothetical protein B9J08_00676 [Candidozyma auris]
B9J08_002818	B9J08_00677	True	100	100	100	863	100	100	100	863	KAK8442350.1	KAK8442350.1 hypothetical protein B9J08_00677 [Candidozyma auris]
B9J08_002819		False	100	100	100	1283						KAK8442351.1 chaperone DnaK [Candidozyma auris]
B9J08_002820	B9J08_00679	True	100	100	100	1182	100	100	100	1182	KAK8442352.1	KAK8442352.1 hypothetical protein B9J08_00679 [Candidozyma auris]
B9J08_002821	B9J08_00680	True	100	100	100	845	100	100	100	845	KAK8442353.1	KAK8442353.1 hypothetical protein B9J08_00680 [Candidozyma auris]
B9J08_002822		False	100	100	100	793						KAK8442354.1 S-methyl-5-thioribose-1-phosphate isomerase [Candidozyma auris]
B9J08_002823	B9J08_00682	True	100	100	100	2399	100	100	100	2399	KAK8442355.1	KAK8442355.1 hypothetical protein B9J08_00682 [Candidozyma auris]
B9J08_002824	B9J08_00683	True	100	100	100	542	100	100	100	542	KAK8442356.1	KAK8442356.1 hypothetical protein B9J08_00683 [Candidozyma auris]
B9J08_002825	B9J08_00684	True	100	100	100	125	100	100	100	125	KAK8442357.1	KAK8442357.1 hypothetical protein B9J08_00684 [Candidozyma auris]
B9J08_002826		False	100	100	100	2066						KAK8442358.1 valine-tRNA ligase, mitochondrial [Candidozyma auris]
B9J08_002827	B9J08_00686	True	100	100	100	972	100	100	100	972	KAK8442359.1	KAK8442359.1 hypothetical protein B9J08_00686 [Candidozyma auris]
B9J08_002828	B9J08_00687	True	100	100	100	461	100	100	100	461	KAK8442360.1	KAK8442360.1 hypothetical protein B9J08_00687 [Candidozyma auris]
B9J08_002829	B9J08_00688	True	100	100	100	1201	100	100	100	1201	KAK8442361.1	KAK8442361.1 hypothetical protein B9J08_00688 [Candidozyma auris]
B9J08_002830	B9J08_00689	True	100	100	100	588	100	100	100	588	KAK8442362.1	KAK8442362.1 hypothetical protein B9J08_00689 [Candidozyma auris]
B9J08_002831	B9J08_00690	True	100	100	100	533	100	100	100	533	KAK8442363.1	KAK8442363.1 hypothetical protein B9J08_00690 [Candidozyma auris]
B9J08_002832	B9J08_00691	True	100	100	100	2123	100	100	100	2123	KAK8442364.1	KAK8442364.1 hypothetical protein B9J08_00691 [Candidozyma auris]
B9J08_002833	B9J08_00692	True	100	100	100	579	100	100	100	579	KAK8442365.1	KAK8442365.1 hypothetical protein B9J08_00692 [Candidozyma auris]
B9J08_002834	B9J08_00693	True	100	100	100	775	100	100	100	775	KAK8442366.1	KAK8442366.1 hypothetical protein B9J08_00693 [Candidozyma auris]
B9J08_002835	B9J08_00694	True	100	100	100	345	100	100	100	345	KAK8442367.1	KAK8442367.1 hypothetical protein B9J08_00694 [Candidozyma auris]
B9J08_002836	B9J08_00695	True	100	100	100	1728	100	100	100	1728	KAK8442368.1	KAK8442368.1 hypothetical protein B9J08_00695 [Candidozyma auris]
B9J08_002837	B9J08_00696	True	100	100	100	259	100	100	100	259	KAK8442369.1	KAK8442369.1 hypothetical protein B9J08_00696 [Candidozyma auris]
B9J08_002838	B9J08_00697	True	100	100	100	1905	100	100	100	1905	KAK8442370.1	KAK8442370.1 hypothetical protein B9J08_00697 [Candidozyma auris]
B9J08_002839	B9J08_00698	True	100	100	100	854	100	100	100	854	KAK8442371.1	KAK8442371.1 hypothetical protein B9J08_00698 [Candidozyma auris]
B9J08_002840	B9J08_00699	True	100	100	100	1006	100	100	100	1006	KAK8442372.1	KAK8442372.1 hypothetical protein B9J08_00699 [Candidozyma auris]
B9J08_002841	B9J08_00700	True	100	100	100	340	100	100	100	340	KAK8442373.1	KAK8442373.1 hypothetical protein B9J08_00700 [Candidozyma auris]
B9J08_002842	B9J08_00701	True	100	100	100	1065	100	100	100	1065	KAK8442374.1	KAK8442374.1 hypothetical protein B9J08_00701 [Candidozyma auris]
B9J08_002843	B9J08_00702	True	100	100	100	796	100	100	100	796	KAK8442375.1	KAK8442375.1 hypothetical protein B9J08_00702 [Candidozyma auris]
B9J08_002844	B9J08_00703	True	100	100	100	910	100	100	100	910	KAK8442376.1	KAK8442376.1 hypothetical protein B9J08_00703 [Candidozyma auris]
B9J08_002845	B9J08_00704	True	100	100	100	1386	100	100	100	1386	KAK8442377.1	KAK8442377.1 hypothetical protein B9J08_00704 [Candidozyma auris]
B9J08_002846	B9J08_00705	True	100	100	100	1416	100	100	100	1416	KAK8442378.1	KAK8442378.1 hypothetical protein B9J08_00705 [Candidozyma auris]
B9J08_002847		False	100	100	100	1751						KAK8442379.1 peroxisomal hydratase-dehydrogenase-epimerase [Candidozyma auris]
B9J08_002848	B9J08_00707	True	100	100	100	1177	100	100	100	1177	KAK8442380.1	KAK8442380.1 hypothetical protein B9J08_00707 [Candidozyma auris]
B9J08_002849	B9J08_00708	True	100	100	100	1339	100	100	100	1339	KAK8442381.1	KAK8442381.1 hypothetical protein B9J08_00708 [Candidozyma auris]
B9J08_002850	B9J08_00709	True	100	100	100	927	100	100	100	927	KAK8442382.1	KAK8442382.1 hypothetical protein B9J08_00709 [Candidozyma auris]
B9J08_002851	B9J08_00710	True	100	100	100	479	100	100	100	479	KAK8442383.1	KAK8442383.1 hypothetical protein B9J08_00710 [Candidozyma auris]
B9J08_002852	B9J08_00711	True	100	100	100	974	100	100	100	974	KAK8442384.1	KAK8442384.1 hypothetical protein B9J08_00711 [Candidozyma auris]
B9J08_002853	B9J08_00712	True	100	100	100	1484	100	100	100	1484	KAK8442385.1	KAK8442385.1 hypothetical protein B9J08_00712 [Candidozyma auris]
B9J08_002854	B9J08_00713	True	100	100	100	1193	100	100	100	1193	KAK8442386.1	KAK8442386.1 hypothetical protein B9J08_00713 [Candidozyma auris]
B9J08_002855		False	100	100	100	1683						KAK8442387.1 plasma membrane ATPase 1 [Candidozyma auris]
B9J08_002856	B9J08_00715	True	100	100	100	1959	100	100	100	1959	KAK8442388.1	KAK8442388.1 hypothetical protein B9J08_00715 [Candidozyma auris]
B9J08_002857	B9J08_00716	True	100	100	100	2628	100	100	100	2628	KAK8442389.1	KAK8442389.1 hypothetical protein B9J08_00716 [Candidozyma auris]
B9J08_002858	B9J08_00717	True	100	100	100	540	100	100	100	540	KAK8442390.1	KAK8442390.1 hypothetical protein B9J08_00717 [Candidozyma auris]
B9J08_002859	B9J08_00718	True	100	100	100	870	100	100	100	870	KAK8442391.1	KAK8442391.1 hypothetical protein B9J08_00718 [Candidozyma auris]
B9J08_002860	B9J08_00719	True	100	100	100	1312	100	100	100	1312	KAK8442392.1	KAK8442392.1 hypothetical protein B9J08_00719 [Candidozyma auris]
B9J08_002861	B9J08_00720	True	100	100	100	2370	100	100	100	2370	KAK8442393.1	KAK8442393.1 hypothetical protein B9J08_00720 [Candidozyma auris]
B9J08_002862	B9J08_00721	True	100	100	100	245	100	100	100	245	KAK8442394.1	KAK8442394.1 hypothetical protein B9J08_00721 [Candidozyma auris]
B9J08_002863	B9J08_00722	True	100	100	100	1012	100	100	100	1012	KAK8442395.1	KAK8442395.1 hypothetical protein B9J08_00722 [Candidozyma auris]
B9J08_002864	B9J08_00723	True	100	100	100	1043	100	100	100	1043	KAK8442396.1	KAK8442396.1 hypothetical protein B9J08_00723 [Candidozyma auris]
B9J08_002865	B9J08_00724	True	100	100	100	2697	100	100	100	2697	KAK8442397.1	KAK8442397.1 hypothetical protein B9J08_00724 [Candidozyma auris]
B9J08_002867	B9J08_00726	True	100	100	100	660	100	100	100	660	KAK8442398.1	KAK8442398.1 hypothetical protein B9J08_00726 [Candidozyma auris]
B9J08_002868	B9J08_00727	True	100	100	100	1009	100	100	100	1009	KAK8442399.1	KAK8442399.1 hypothetical protein B9J08_00727 [Candidozyma auris]
B9J08_002869	B9J08_00728	True	100	100	100	191	100	100	100	191	KAK8442400.1	KAK8442400.1 hypothetical protein B9J08_00728 [Candidozyma auris]
B9J08_002870	B9J08_00729	True	100	100	100	788	100	100	100	788	KAK8442401.1	KAK8442401.1 hypothetical protein B9J08_00729 [Candidozyma auris]
B9J08_002871	B9J08_00730	True	100	100	100	457	100	100	100	457	KAK8442402.1	KAK8442402.1 hypothetical protein B9J08_00730 [Candidozyma auris]
B9J08_002872	B9J08_00731	True	100	100	100	440	100	100	100	440	KAK8442403.1	KAK8442403.1 hypothetical protein B9J08_00731 [Candidozyma auris]
B9J08_002874	B9J08_00733	True	100	100	100	836	100	100	100	836	KAK8442404.1	KAK8442404.1 hypothetical protein B9J08_00733 [Candidozyma auris]
B9J08_002875	B9J08_00734	True	100	100	100	2293	100	100	100	2293	KAK8442405.1	KAK8442405.1 hypothetical protein B9J08_00734 [Candidozyma auris]
B9J08_002876		False	100	100	100	194						KAK8442406.1 calmodulin [Candidozyma auris]
B9J08_002877	B9J08_00736	True	100	100	100	3298	100	100	100	3298	KAK8442407.1	KAK8442407.1 hypothetical protein B9J08_00736 [Candidozyma auris]
B9J08_002878	B9J08_00737	True	100	100	100	563	100	100	100	563	KAK8442408.1	KAK8442408.1 hypothetical protein B9J08_00737 [Candidozyma auris]
B9J08_002879	B9J08_00738	True	100	100	100	1573	100	100	100	1573	KAK8442409.1	KAK8442409.1 hypothetical protein B9J08_00738 [Candidozyma auris]
B9J08_002881	B9J08_00740	True	100	100	100	631	100	100	100	631	KAK8442410.1	KAK8442410.1 hypothetical protein B9J08_00740 [Candidozyma auris]
B9J08_002882	B9J08_00741	True	100	100	100	431	100	100	100	431	KAK8442411.1	KAK8442411.1 hypothetical protein B9J08_00741 [Candidozyma auris]
B9J08_002883		False	100	100	100	296						KAK8442412.1 spliceosomal protein DIB1 [Candidozyma auris]
B9J08_002884	B9J08_00743	True	100	100	100	580	100	100	100	580	KAK8442413.1	KAK8442413.1 hypothetical protein B9J08_00743 [Candidozyma auris]
B9J08_002885		False	100	100	100	718						KAK8442414.1 dihydroorotase, homodimeric type [Candidozyma auris]
B9J08_002886	B9J08_00745	True	100	100	100	1086	100	100	100	1086	KAK8442415.1	KAK8442415.1 hypothetical protein B9J08_00745 [Candidozyma auris]
B9J08_002887	B9J08_00746	True	100	100	100	679	100	100	100	679	KAK8442416.1	KAK8442416.1 hypothetical protein B9J08_00746 [Candidozyma auris]
B9J08_002888	B9J08_00747	True	100	100	100	1445	100	100	100	1445	KAK8442417.1	KAK8442417.1 hypothetical protein B9J08_00747 [Candidozyma auris]
B9J08_002889	B9J08_00748	True	100	100	100	686	100	100	100	686	KAK8442418.1	KAK8442418.1 hypothetical protein B9J08_00748 [Candidozyma auris]
B9J08_002890	B9J08_00749	True	100	100	100	696	100	100	100	696	KAK8442419.1	KAK8442419.1 hypothetical protein B9J08_00749 [Candidozyma auris]
B9J08_002891	B9J08_00750	True	100	100	100	1942	100	100	100	1942	KAK8442420.1	KAK8442420.1 hypothetical protein B9J08_00750 [Candidozyma auris]
B9J08_002892	B9J08_00751	True	100	100	100	637	100	100	100	637	KAK8442421.1	KAK8442421.1 hypothetical protein B9J08_00751 [Candidozyma auris]
B9J08_002893	B9J08_00752	True	100	100	100	604	100	100	100	604	KAK8442422.1	KAK8442422.1 hypothetical protein B9J08_00752 [Candidozyma auris]
B9J08_002894	B9J08_00753	True	100	100	100	838	100	100	100	838	KAK8442423.1	KAK8442423.1 hypothetical protein B9J08_00753 [Candidozyma auris]
B9J08_002895	B9J08_00754	True	100	100	100	1295	100	100	100	1295	KAK8442424.1	KAK8442424.1 hypothetical protein B9J08_00754 [Candidozyma auris]
B9J08_002896	B9J08_00755	True	100	100	100	2228	100	100	100	2228	KAK8442425.1	KAK8442425.1 hypothetical protein B9J08_00755 [Candidozyma auris]
B9J08_002897	B9J08_00756	True	100	100	100	1478	100	100	100	1478	KAK8442426.1	KAK8442426.1 hypothetical protein B9J08_00756 [Candidozyma auris]
B9J08_002898	B9J08_00757	True	100	100	100	958	100	100	100	958	KAK8442427.1	KAK8442427.1 hypothetical protein B9J08_00757 [Candidozyma auris]
B9J08_002899	B9J08_00758	True	100	100	100	181	100	100	100	181	KAK8442428.1	KAK8442428.1 hypothetical protein B9J08_00758 [Candidozyma auris]
B9J08_002900	B9J08_00759	True	100	100	100	1239	100	100	100	1239	KAK8442429.1	KAK8442429.1 hypothetical protein B9J08_00759 [Candidozyma auris]
B9J08_002901	B9J08_00760	True	100	100	100	2419	100	100	100	2419	KAK8442430.1	KAK8442430.1 hypothetical protein B9J08_00760 [Candidozyma auris]
B9J08_002903	B9J08_00761	True	100	100	100	1652	100	100	100	1652	KAK8442431.1	KAK8442431.1 hypothetical protein B9J08_00761 [Candidozyma auris]
B9J08_002904	B9J08_00762	True	100	100	100	544	100	100	100	544	KAK8442432.1	KAK8442432.1 hypothetical protein B9J08_00762 [Candidozyma auris]
B9J08_002905	B9J08_00763	True	100	100	100	1238	100	100	100	1238	KAK8442433.1	KAK8442433.1 hypothetical protein B9J08_00763 [Candidozyma auris]
B9J08_002906		False	100	100	100	131						KAK8442434.1 protein translocase SEC61 complex gamma subunit, archaeal and eukaryotic [Candidozyma auris]
B9J08_002907	B9J08_00765	True	100	100	100	500	100	100	100	500	KAK8442435.1	KAK8442435.1 hypothetical protein B9J08_00765 [Candidozyma auris]
B9J08_002908	B9J08_00766	True	100	100	100	572	100	100	100	572	KAK8442436.1	KAK8442436.1 hypothetical protein B9J08_00766 [Candidozyma auris]
B9J08_002909	B9J08_00767	True	100	100	100	700	100	100	100	700	KAK8442437.1	KAK8442437.1 hypothetical protein B9J08_00767 [Candidozyma auris]
B9J08_002910		False	100	100	100	282						KAK8442438.1 succinate dehydrogenase assembly factor 2, mitochondrial [Candidozyma auris]
B9J08_002911	B9J08_00769	True	100	100	100	380	100	100	100	380	KAK8442439.1	KAK8442439.1 hypothetical protein B9J08_00769 [Candidozyma auris]
B9J08_002912	B9J08_00770	True	100	100	100	1449	100	100	100	1449	KAK8442440.1	KAK8442440.1 hypothetical protein B9J08_00770 [Candidozyma auris]
B9J08_002913	B9J08_00771	True	100	100	100	512	100	100	100	512	KAK8442441.1	KAK8442441.1 hypothetical protein B9J08_00771 [Candidozyma auris]
B9J08_002914	B9J08_00772	True	100	100	100	570	100	100	100	570	KAK8442442.1	KAK8442442.1 hypothetical protein B9J08_00772 [Candidozyma auris]
B9J08_002915	B9J08_00773	True	100	100	100	391	100	100	100	391	KAK8442443.1	KAK8442443.1 hypothetical protein B9J08_00773 [Candidozyma auris]
B9J08_002916	B9J08_00774	True	100	100	100	851	100	100	100	851	KAK8442444.1	KAK8442444.1 hypothetical protein B9J08_00774 [Candidozyma auris]
B9J08_002917	B9J08_00775	True	100	100	100	1051	100	100	100	1051	KAK8442445.1	KAK8442445.1 hypothetical protein B9J08_00775 [Candidozyma auris]
B9J08_002918	B9J08_00776	True	100	100	100	1049	100	100	100	1049	KAK8442446.1	KAK8442446.1 hypothetical protein B9J08_00776 [Candidozyma auris]
B9J08_002919		False	100	100	100	1122						KAK8442447.1 malate synthase, glyoxysomal [Candidozyma auris]
B9J08_002920		False	100	100	100	382						KAK8442448.1 glutaredoxin [Candidozyma auris]
B9J08_002921		False	100	100	100	307						KAK8442449.1 40S ribosomal protein S11-A [Candidozyma auris]
B9J08_002922	B9J08_00780	True	100	100	100	828	100	100	100	828	KAK8442450.1	KAK8442450.1 hypothetical protein B9J08_00780 [Candidozyma auris]
B9J08_002923	B9J08_00781	True	100	100	100	209	100	100	100	209	KAK8442451.1	KAK8442451.1 hypothetical protein B9J08_00781 [Candidozyma auris]
B9J08_002924	B9J08_00782	True	100	100	100	795	100	100	100	795	KAK8442452.1	KAK8442452.1 hypothetical protein B9J08_00782 [Candidozyma auris]
B9J08_002925	B9J08_00783	True	100	100	100	940	100	100	100	940	KAK8442453.1	KAK8442453.1 hypothetical protein B9J08_00783 [Candidozyma auris]
B9J08_002926	B9J08_00784	True	100	100	100	1130	100	100	100	1130	KAK8442454.1	KAK8442454.1 hypothetical protein B9J08_00784 [Candidozyma auris]
B9J08_002927	B9J08_00785	True	100	100	100	238	100	100	100	238	KAK8442455.1	KAK8442455.1 hypothetical protein B9J08_00785 [Candidozyma auris]
B9J08_002928	B9J08_00786	True	100	100	100	987	100	100	100	987	KAK8442456.1	KAK8442456.1 hypothetical protein B9J08_00786 [Candidozyma auris]
B9J08_002929	B9J08_00787	True	100	100	100	2385	100	100	100	2385	KAK8442457.1	KAK8442457.1 hypothetical protein B9J08_00787 [Candidozyma auris]
B9J08_002930	B9J08_00788	True	100	100	100	2336	100	100	100	2336	KAK8442458.1	KAK8442458.1 hypothetical protein B9J08_00788 [Candidozyma auris]
B9J08_002931	B9J08_00789	True	100	100	100	2117	100	100	100	2117	KAK8442459.1	KAK8442459.1 hypothetical protein B9J08_00789 [Candidozyma auris]
B9J08_002932	B9J08_00790	True	100	100	100	563	100	100	100	563	KAK8442460.1	KAK8442460.1 hypothetical protein B9J08_00790 [Candidozyma auris]
B9J08_002933	B9J08_00791	True	100	100	100	1029	100	100	100	1029	KAK8442461.1	KAK8442461.1 hypothetical protein B9J08_00791 [Candidozyma auris]
B9J08_002934	B9J08_00792	True	100	100	100	206	100	100	100	206	KAK8442462.1	KAK8442462.1 hypothetical protein B9J08_00792 [Candidozyma auris]
B9J08_002936	B9J08_00794	True	100	100	100	926	100	100	100	926	KAK8442463.1	KAK8442463.1 hypothetical protein B9J08_00794 [Candidozyma auris]
B9J08_002937	B9J08_00795	True	100	100	100	593	100	100	100	593	KAK8442464.1	KAK8442464.1 hypothetical protein B9J08_00795 [Candidozyma auris]
B9J08_002938	B9J08_00796	True	100	100	100	812	100	100	100	812	KAK8442465.1	KAK8442465.1 hypothetical protein B9J08_00796 [Candidozyma auris]
B9J08_002939	B9J08_00797	True	100	100	100	1089	100	100	100	1089	KAK8442466.1	KAK8442466.1 hypothetical protein B9J08_00797 [Candidozyma auris]
B9J08_002940	B9J08_00798	True	100	100	100	1028	100	100	100	1028	KAK8442467.1	KAK8442467.1 hypothetical protein B9J08_00798 [Candidozyma auris]
B9J08_002941	B9J08_00799	True	100	100	100	1954	100	100	100	1954	KAK8442468.1	KAK8442468.1 hypothetical protein B9J08_00799 [Candidozyma auris]
B9J08_002942	B9J08_00800	True	100	100	100	1135	100	100	100	1135	KAK8442469.1	KAK8442469.1 hypothetical protein B9J08_00800 [Candidozyma auris]
B9J08_002943	B9J08_00801	True	100	100	100	785	100	100	100	785	KAK8442470.1	KAK8442470.1 hypothetical protein B9J08_00801 [Candidozyma auris]
B9J08_002944		False	100	100	100	436						KAK8442471.1 imidazoleglycerol-phosphate dehydratase [Candidozyma auris]
B9J08_002945	B9J08_00803	True	100	100	100	1599	100	100	100	1599	KAK8442472.1	KAK8442472.1 hypothetical protein B9J08_00803 [Candidozyma auris]
B9J08_002946	B9J08_00804	True	100	100	100	1287	100	100	100	1287	KAK8442473.1	KAK8442473.1 hypothetical protein B9J08_00804 [Candidozyma auris]
B9J08_002947	B9J08_00805	True	100	100	100	710	100	100	100	710	KAK8442474.1	KAK8442474.1 hypothetical protein B9J08_00805 [Candidozyma auris]
B9J08_002948	B9J08_00806	True	100	100	100	879	100	100	100	879	KAK8442475.1	KAK8442475.1 hypothetical protein B9J08_00806 [Candidozyma auris]
B9J08_002949	B9J08_00807	True	100	100	100	530	100	100	100	530	KAK8442476.1	KAK8442476.1 hypothetical protein B9J08_00807 [Candidozyma auris]
B9J08_002950	B9J08_00808	True	100	100	100	777	100	100	100	777	KAK8442477.1	KAK8442477.1 hypothetical protein B9J08_00808 [Candidozyma auris]
B9J08_002951	B9J08_00809	True	100	100	100	524	100	100	100	524	KAK8442478.1	KAK8442478.1 hypothetical protein B9J08_00809 [Candidozyma auris]
B9J08_002952	B9J08_00810	True	100	100	100	834	100	100	100	834	KAK8442479.1	KAK8442479.1 hypothetical protein B9J08_00810 [Candidozyma auris]
B9J08_002953	B9J08_00811	True	100	100	100	3366	100	100	100	3366	KAK8442480.1	KAK8442480.1 hypothetical protein B9J08_00811 [Candidozyma auris]
B9J08_002954	B9J08_00812	True	100	100	100	1135	100	100	100	1135	KAK8442481.1	KAK8442481.1 hypothetical protein B9J08_00812 [Candidozyma auris]
B9J08_002955	B9J08_00813	True	100	100	100	1747	100	100	100	1747	KAK8442482.1	KAK8442482.1 hypothetical protein B9J08_00813 [Candidozyma auris]
B9J08_002956	B9J08_00814	True	100	100	100	1328	100	100	100	1328	KAK8442483.1	KAK8442483.1 hypothetical protein B9J08_00814 [Candidozyma auris]
B9J08_002957		False	100	100	100	473						KAK8442484.1 tRNA-intron endonuclease [Candidozyma auris]
B9J08_002958	B9J08_00816	True	100	100	100	562	100	100	100	562	KAK8442485.1	KAK8442485.1 hypothetical protein B9J08_00816 [Candidozyma auris]
B9J08_002959	B9J08_00817	True	100	100	100	243	100	100	100	243	KAK8442486.1	KAK8442486.1 hypothetical protein B9J08_00817 [Candidozyma auris]
B9J08_002960		False	100	100	100	213						KAK8442487.1 diphthamide biosynthesis protein 3 [Candidozyma auris]
B9J08_002961		False	100	100	100	398						KAK8442488.1 40S ribosomal protein S8-B [Candidozyma auris]
B9J08_002962	B9J08_00820	True	100	100	100	912	100	100	100	912	KAK8442489.1	KAK8442489.1 hypothetical protein B9J08_00820 [Candidozyma auris]
B9J08_002965	B9J08_00823	True	100	100	100	1123	100	100	100	1123	KAK8442490.1	KAK8442490.1 hypothetical protein B9J08_00823 [Candidozyma auris]
B9J08_002966	B9J08_00824	True	100	100	100	3505	100	100	100	3505	KAK8442491.1	KAK8442491.1 hypothetical protein B9J08_00824 [Candidozyma auris]
B9J08_002967	B9J08_00825	True	100	100	100	201	100	100	100	201	KAK8442492.1	KAK8442492.1 hypothetical protein B9J08_00825 [Candidozyma auris]
B9J08_002968	B9J08_00826	True	100	100	100	431	100	100	100	431	KAK8442493.1	KAK8442493.1 hypothetical protein B9J08_00826 [Candidozyma auris]
B9J08_002969	B9J08_00827	True	100	100	100	417	100	100	100	417	KAK8442494.1	KAK8442494.1 hypothetical protein B9J08_00827 [Candidozyma auris]
B9J08_002970		False	100	100	100	282						KAK8442495.1 multiprotein-bridging factor 1 [Candidozyma auris]
B9J08_002971	B9J08_00829	True	100	100	100	623	100	100	100	623	KAK8442496.1	KAK8442496.1 hypothetical protein B9J08_00829 [Candidozyma auris]
B9J08_002972		False	100	100	100	325						KAK8442497.1 methionine-R-sulfoxide reductase [Candidozyma auris]
B9J08_002973	B9J08_00831	True	100	100	100	692	100	100	100	692	KAK8442498.1	KAK8442498.1 hypothetical protein B9J08_00831 [Candidozyma auris]
B9J08_002974	B9J08_00832	True	100	100	100	1021	100	100	100	1021	KAK8442499.1	KAK8442499.1 hypothetical protein B9J08_00832 [Candidozyma auris]
B9J08_002975	B9J08_00833	True	100	100	100	674	100	100	100	674	KAK8442500.1	KAK8442500.1 hypothetical protein B9J08_00833 [Candidozyma auris]
B9J08_002976	B9J08_00834	True	100	100	100	642	100	100	100	642	KAK8442501.1	KAK8442501.1 hypothetical protein B9J08_00834 [Candidozyma auris]
B9J08_002977	B9J08_00835	True	100	100	100	1012	100	100	100	1012	KAK8442502.1	KAK8442502.1 hypothetical protein B9J08_00835 [Candidozyma auris]
B9J08_002978	B9J08_00836	True	100	100	100	934	100	100	100	934	KAK8442503.1	KAK8442503.1 hypothetical protein B9J08_00836 [Candidozyma auris]
B9J08_002979	B9J08_00837	True	100	100	100	811	100	100	100	811	KAK8442504.1	KAK8442504.1 hypothetical protein B9J08_00837 [Candidozyma auris]
B9J08_002980	B9J08_00838	True	100	100	100	1193	100	100	100	1193	KAK8442505.1	KAK8442505.1 hypothetical protein B9J08_00838 [Candidozyma auris]
B9J08_002981	B9J08_00839	True	100	100	100	414	100	100	100	414	KAK8442506.1	KAK8442506.1 hypothetical protein B9J08_00839 [Candidozyma auris]
B9J08_002982	B9J08_00840	True	100	100	100	563	100	100	100	563	KAK8442507.1	KAK8442507.1 hypothetical protein B9J08_00840 [Candidozyma auris]
B9J08_002983	B9J08_00841	True	100	100	100	719	100	100	100	719	KAK8442508.1	KAK8442508.1 hypothetical protein B9J08_00841 [Candidozyma auris]
B9J08_002984	B9J08_00842	True	100	100	100	1201	100	100	100	1201	KAK8442509.1	KAK8442509.1 hypothetical protein B9J08_00842 [Candidozyma auris]
B9J08_002985	B9J08_00843	True	100	100	100	1264	100	100	100	1264	KAK8442510.1	KAK8442510.1 hypothetical protein B9J08_00843 [Candidozyma auris]
B9J08_002986		False	100	100	100	1419						KAK8442511.1 1,4-alpha-glucan-branching enzyme [Candidozyma auris]
B9J08_002987	B9J08_00845	True	100	100	100	1236	100	100	100	1236	KAK8442512.1	KAK8442512.1 hypothetical protein B9J08_00845 [Candidozyma auris]
B9J08_002988	B9J08_00846	True	100	100	100	936	100	100	100	936	KAK8442513.1	KAK8442513.1 hypothetical protein B9J08_00846 [Candidozyma auris]
B9J08_002989	B9J08_00847	True	100	100	100	1050	100	100	100	1050	KAK8442514.1	KAK8442514.1 hypothetical protein B9J08_00847 [Candidozyma auris]
B9J08_002990	B9J08_00848	True	100	100	100	1161	100	100	100	1161	KAK8442515.1	KAK8442515.1 hypothetical protein B9J08_00848 [Candidozyma auris]
B9J08_002991	B9J08_00849	True	100	100	100	332	100	100	100	332	KAK8442516.1	KAK8442516.1 hypothetical protein B9J08_00849 [Candidozyma auris]
B9J08_002992	B9J08_00850	True	100	100	100	551	100	100	100	551	KAK8442517.1	KAK8442517.1 hypothetical protein B9J08_00850 [Candidozyma auris]
B9J08_002993	B9J08_00851	True	100	100	100	1015	100	100	100	1015	KAK8442518.1	KAK8442518.1 hypothetical protein B9J08_00851 [Candidozyma auris]
B9J08_002994		False	100	100	100	610						KAK8442519.1 phosphoribosylaminoimidazole-succinocarboxamide synthase [Candidozyma auris]
B9J08_002995		False	100	100	100	401						KAK8442520.1 adenylyl-sulfate kinase [Candidozyma auris]
B9J08_002996	B9J08_00854	True	100	100	100	406	100	100	100	406	KAK8442521.1	KAK8442521.1 hypothetical protein B9J08_00854 [Candidozyma auris]
B9J08_002997	B9J08_00855	True	100	100	100	1321	100	100	100	1321	KAK8442522.1	KAK8442522.1 hypothetical protein B9J08_00855 [Candidozyma auris]
B9J08_002998	B9J08_00856	True	100	100	100	4082	100	100	100	4082	KAK8442523.1	KAK8442523.1 hypothetical protein B9J08_00856 [Candidozyma auris]
B9J08_002999	B9J08_00857	True	100	100	100	502	100	100	100	502	KAK8442524.1	KAK8442524.1 hypothetical protein B9J08_00857 [Candidozyma auris]
B9J08_003000	B9J08_00858	True	100	100	100	1252	100	100	100	1252	KAK8442525.1	KAK8442525.1 hypothetical protein B9J08_00858 [Candidozyma auris]
B9J08_003001	B9J08_00859	True	100	100	100	1870	100	100	100	1870	KAK8442526.1	KAK8442526.1 hypothetical protein B9J08_00859 [Candidozyma auris]
B9J08_003002	B9J08_00860	True	100	100	100	788	100	100	100	788	KAK8442527.1	KAK8442527.1 hypothetical protein B9J08_00860 [Candidozyma auris]
B9J08_003003	B9J08_00861	True	100	100	100	616	100	100	100	616	KAK8442528.1	KAK8442528.1 hypothetical protein B9J08_00861 [Candidozyma auris]
B9J08_003004	B9J08_00862	True	100	100	100	340	100	100	100	340	KAK8442529.1	KAK8442529.1 hypothetical protein B9J08_00862 [Candidozyma auris]
B9J08_003005	B9J08_00863	True	100	100	100	190	100	100	100	190	KAK8442530.1	KAK8442530.1 hypothetical protein B9J08_00863 [Candidozyma auris]
B9J08_003006	B9J08_00864	True	100	100	100	405	100	100	100	405	KAK8442531.1	KAK8442531.1 hypothetical protein B9J08_00864 [Candidozyma auris]
B9J08_003007	B9J08_00865	True	100	100	100	1089	100	100	100	1089	KAK8442532.1	KAK8442532.1 hypothetical protein B9J08_00865 [Candidozyma auris]
B9J08_003008	B9J08_00866	True	100	100	100	4307	100	100	100	4307	KAK8442533.1	KAK8442533.1 hypothetical protein B9J08_00866 [Candidozyma auris]
B9J08_003009	B9J08_00867	True	100	100	100	432	100	100	100	432	KAK8442534.1	KAK8442534.1 hypothetical protein B9J08_00867 [Candidozyma auris]
B9J08_003010	B9J08_00868	True	100	100	100	716	100	100	100	716	KAK8442535.1	KAK8442535.1 hypothetical protein B9J08_00868 [Candidozyma auris]
B9J08_003011	B9J08_00869	True	100	100	100	343	100	100	100	343	KAK8442536.1	KAK8442536.1 hypothetical protein B9J08_00869 [Candidozyma auris]
B9J08_003012	B9J08_00870	True	100	100	100	471	100	100	100	471	KAK8442537.1	KAK8442537.1 hypothetical protein B9J08_00870 [Candidozyma auris]
B9J08_003013		False	100	100	100	1625						KAK8442538.1 DNA repair helicase RAD25 [Candidozyma auris]
B9J08_003014	B9J08_00872	True	100	100	100	291	100	100	100	291	KAK8442539.1	KAK8442539.1 hypothetical protein B9J08_00872 [Candidozyma auris]
B9J08_003015	B9J08_00873	True	100	100	100	717	100	100	100	717	KAK8442540.1	KAK8442540.1 hypothetical protein B9J08_00873 [Candidozyma auris]
B9J08_003016	B9J08_00874	True	100	100	100	1468	100	100	100	1468	KAK8442541.1	KAK8442541.1 hypothetical protein B9J08_00874 [Candidozyma auris]
B9J08_003017	B9J08_00875	True	100	100	100	1025	100	100	100	1025	KAK8442542.1	KAK8442542.1 hypothetical protein B9J08_00875 [Candidozyma auris]
B9J08_003018	B9J08_00876	True	100	100	100	527	100	100	100	527	KAK8442543.1	KAK8442543.1 hypothetical protein B9J08_00876 [Candidozyma auris]
B9J08_003019	B9J08_00877	True	100	100	100	1223	100	100	100	1223	KAK8442544.1	KAK8442544.1 hypothetical protein B9J08_00877 [Candidozyma auris]
B9J08_003020	B9J08_00878	True	100	100	100	866	100	100	100	866	KAK8442545.1	KAK8442545.1 hypothetical protein B9J08_00878 [Candidozyma auris]
B9J08_003021	B9J08_00879	True	100	100	100	1004	100	100	100	1004	KAK8442546.1	KAK8442546.1 hypothetical protein B9J08_00879 [Candidozyma auris]
B9J08_003022	B9J08_00880	True	100	100	100	583	100	100	100	583	KAK8442547.1	KAK8442547.1 hypothetical protein B9J08_00880 [Candidozyma auris]
B9J08_003023		False	100	100	100	776						KAK8442548.1 60S ribosomal protein L3 [Candidozyma auris]
B9J08_003024	B9J08_00882	True	100	100	100	573	100	100	100	573	KAK8442549.1	KAK8442549.1 hypothetical protein B9J08_00882 [Candidozyma auris]
B9J08_003025	B9J08_00883	True	100	100	100	772	100	100	100	772	KAK8442550.1	KAK8442550.1 hypothetical protein B9J08_00883 [Candidozyma auris]
B9J08_003026	B9J08_00884	True	100	100	100	918	100	100	100	918	KAK8442551.1	KAK8442551.1 hypothetical protein B9J08_00884 [Candidozyma auris]
B9J08_003027	B9J08_00885	True	100	100	100	550	100	100	100	550	KAK8442552.1	KAK8442552.1 hypothetical protein B9J08_00885 [Candidozyma auris]
B9J08_003028	B9J08_00886	True	100	100	100	140	100	100	100	140	KAK8442553.1	KAK8442553.1 hypothetical protein B9J08_00886 [Candidozyma auris]
B9J08_003029	B9J08_00887	True	100	100	100	686	100	100	100	686	KAK8442554.1	KAK8442554.1 hypothetical protein B9J08_00887 [Candidozyma auris]
B9J08_003030	B9J08_00888	True	100	100	100	321	100	100	100	321	KAK8442555.1	KAK8442555.1 hypothetical protein B9J08_00888 [Candidozyma auris]
B9J08_003031	B9J08_00889	True	100	100	100	1045	100	100	100	1045	KAK8442556.1	KAK8442556.1 hypothetical protein B9J08_00889 [Candidozyma auris]
B9J08_003032	B9J08_00890	True	100	100	100	837	100	100	100	837	KAK8442557.1	KAK8442557.1 hypothetical protein B9J08_00890 [Candidozyma auris]
B9J08_003033	B9J08_00891	True	100	100	100	1623	100	100	100	1623	KAK8442558.1	KAK8442558.1 hypothetical protein B9J08_00891 [Candidozyma auris]
B9J08_003034	B9J08_00892	True	100	100	100	1238	100	100	100	1238	KAK8442559.1	KAK8442559.1 hypothetical protein B9J08_00892 [Candidozyma auris]
B9J08_003035	B9J08_00893	True	100	100	100	390	100	100	100	390	KAK8442560.1	KAK8442560.1 hypothetical protein B9J08_00893 [Candidozyma auris]
B9J08_003036	B9J08_00894	True	100	100	100	1016	100	100	100	1016	KAK8442561.1	KAK8442561.1 hypothetical protein B9J08_00894 [Candidozyma auris]
B9J08_003037	B9J08_00895	True	100	100	100	682	100	100	100	682	KAK8442562.1	KAK8442562.1 hypothetical protein B9J08_00895 [Candidozyma auris]
B9J08_003038	B9J08_00896	True	100	100	100	858	100	100	100	858	KAK8442563.1	KAK8442563.1 hypothetical protein B9J08_00896 [Candidozyma auris]
B9J08_003039	B9J08_00897	True	100	100	100	251	100	100	100	251	KAK8442564.1	KAK8442564.1 hypothetical protein B9J08_00897 [Candidozyma auris]
B9J08_003040	B9J08_00898	True	100	100	100	1198	100	100	100	1198	KAK8442565.1	KAK8442565.1 hypothetical protein B9J08_00898 [Candidozyma auris]
B9J08_003041	B9J08_00899	True	100	100	100	801	100	100	100	801	KAK8442566.1	KAK8442566.1 hypothetical protein B9J08_00899 [Candidozyma auris]
B9J08_003042	B9J08_00900	True	100	100	100	742	100	100	100	742	KAK8442567.1	KAK8442567.1 hypothetical protein B9J08_00900 [Candidozyma auris]
B9J08_003044	B9J08_00902	True	100	100	100	1425	100	100	100	1425	KAK8442568.1	KAK8442568.1 hypothetical protein B9J08_00902 [Candidozyma auris]
B9J08_003045	B9J08_00903	True	100	100	100	727	100	100	100	727	KAK8442569.1	KAK8442569.1 hypothetical protein B9J08_00903 [Candidozyma auris]
B9J08_003046	B9J08_00904	True	100	100	100	683	100	100	100	683	KAK8442570.1	KAK8442570.1 hypothetical protein B9J08_00904 [Candidozyma auris]
B9J08_003047	B9J08_00905	True	100	100	100	486	100	100	100	486	KAK8442571.1	KAK8442571.1 hypothetical protein B9J08_00905 [Candidozyma auris]
B9J08_003048	B9J08_00906	True	100	100	100	1830	100	100	100	1830	KAK8442572.1	KAK8442572.1 hypothetical protein B9J08_00906 [Candidozyma auris]
B9J08_003049	B9J08_00907	True	100	100	100	1050	100	100	100	1050	KAK8442573.1	KAK8442573.1 hypothetical protein B9J08_00907 [Candidozyma auris]
B9J08_003050	B9J08_00908	True	100	100	100	1440	100	100	100	1440	KAK8442574.1	KAK8442574.1 hypothetical protein B9J08_00908 [Candidozyma auris]
B9J08_003051	B9J08_00909	True	100	100	100	1409	100	100	100	1409	KAK8442575.1	KAK8442575.1 hypothetical protein B9J08_00909 [Candidozyma auris]
B9J08_003053	B9J08_00911	True	100	100	100	453	100	100	100	453	KAK8442576.1	KAK8442576.1 hypothetical protein B9J08_00911 [Candidozyma auris]
B9J08_003054	B9J08_00912	True	100	100	100	493	100	100	100	493	KAK8442577.1	KAK8442577.1 hypothetical protein B9J08_00912 [Candidozyma auris]
B9J08_003055		False	100	100	100	525						KAK8442578.1 eukaryotic translation initiation factor 3 subunit G [Candidozyma auris]
B9J08_003056	B9J08_00914	True	100	100	100	1635	100	100	100	1635	KAK8442579.1	KAK8442579.1 hypothetical protein B9J08_00914 [Candidozyma auris]
B9J08_003057	B9J08_00915	True	100	100	100	2182	100	100	100	2182	KAK8442580.1	KAK8442580.1 hypothetical protein B9J08_00915 [Candidozyma auris]
B9J08_003058	B9J08_00916	True	100	100	100	1106	100	100	100	1106	KAK8442581.1	KAK8442581.1 hypothetical protein B9J08_00916 [Candidozyma auris]
B9J08_003059		False	100	100	100	856						KAK8442582.1 tRNA (5-methylaminomethyl-2-thiouridylate)-methyltransferase [Candidozyma auris]
B9J08_003060	B9J08_00918	True	100	100	100	1179	100	100	100	1179	KAK8442583.1	KAK8442583.1 hypothetical protein B9J08_00918 [Candidozyma auris]
B9J08_003063	B9J08_00921	True	100	100	100	967	100	100	100	967	KAK8442584.1	KAK8442584.1 hypothetical protein B9J08_00921 [Candidozyma auris]
B9J08_003065	B9J08_00923	True	100	100	100	935	100	100	100	935	KAK8442585.1	KAK8442585.1 hypothetical protein B9J08_00923 [Candidozyma auris]
B9J08_003066	B9J08_00924	True	100	100	100	194	100	100	100	194	KAK8442586.1	KAK8442586.1 hypothetical protein B9J08_00924 [Candidozyma auris]
B9J08_003067	B9J08_00925	True	100	100	100	408	100	100	100	408	KAK8442587.1	KAK8442587.1 hypothetical protein B9J08_00925 [Candidozyma auris]
B9J08_003068	B9J08_00926	True	100	100	100	622	100	100	100	622	KAK8442588.1	KAK8442588.1 hypothetical protein B9J08_00926 [Candidozyma auris]
B9J08_003069	B9J08_00927	True	100	100	100	3230	100	100	100	3230	KAK8442589.1	KAK8442589.1 hypothetical protein B9J08_00927 [Candidozyma auris]
B9J08_003070	B9J08_00928	True	100	100	100	672	100	100	100	672	KAK8442590.1	KAK8442590.1 hypothetical protein B9J08_00928 [Candidozyma auris]
B9J08_003073	B9J08_00931	True	100	100	100	533	100	100	100	533	KAK8442591.1	KAK8442591.1 hypothetical protein B9J08_00931 [Candidozyma auris]
B9J08_003074	B9J08_00932	True	100	100	100	652	100	100	100	652	KAK8442592.1	KAK8442592.1 hypothetical protein B9J08_00932 [Candidozyma auris]
B9J08_003075	B9J08_00933	True	100	100	100	286	100	100	100	286	KAK8442593.1	KAK8442593.1 hypothetical protein B9J08_00933 [Candidozyma auris]
B9J08_003076	B9J08_00934	True	100	100	100	1910	100	100	100	1910	KAK8442594.1	KAK8442594.1 hypothetical protein B9J08_00934 [Candidozyma auris]
B9J08_003077	B9J08_00935	True	100	100	100	698	100	100	100	698	KAK8442595.1	KAK8442595.1 hypothetical protein B9J08_00935 [Candidozyma auris]
B9J08_003078		False	100	100	100	437						KAK8442596.1 hypoxanthine-guanine phosphoribosyltransferase [Candidozyma auris]
B9J08_003079	B9J08_00937	True	100	100	100	1610	100	100	100	1610	KAK8442597.1	KAK8442597.1 hypothetical protein B9J08_00937 [Candidozyma auris]
B9J08_003080	B9J08_00938	True	100	100	100	1019	100	100	100	1019	KAK8442598.1	KAK8442598.1 hypothetical protein B9J08_00938 [Candidozyma auris]
B9J08_003081	B9J08_00939	True	100	100	100	620	100	100	100	620	KAK8442599.1	KAK8442599.1 hypothetical protein B9J08_00939 [Candidozyma auris]
B9J08_003082	B9J08_00940	True	100	100	100	545	100	100	100	545	KAK8442600.1	KAK8442600.1 hypothetical protein B9J08_00940 [Candidozyma auris]
B9J08_003083	B9J08_00941	True	100	100	100	553	100	100	100	553	KAK8442601.1	KAK8442601.1 hypothetical protein B9J08_00941 [Candidozyma auris]
B9J08_003084		False	100	100	100	597						KAK8442602.1 phosphoserine phosphatase SerB [Candidozyma auris]
B9J08_003085	B9J08_00943	True	100	100	100	735	100	100	100	735	KAK8442603.1	KAK8442603.1 hypothetical protein B9J08_00943 [Candidozyma auris]
B9J08_003086	B9J08_00944	True	100	100	100	565	100	100	100	565	KAK8442604.1	KAK8442604.1 hypothetical protein B9J08_00944 [Candidozyma auris]
B9J08_003087	B9J08_00945	True	100	100	100	921	100	100	100	921	KAK8442605.1	KAK8442605.1 hypothetical protein B9J08_00945 [Candidozyma auris]
B9J08_003088	B9J08_00946	True	100	100	100	1042	100	100	100	1042	KAK8442606.1	KAK8442606.1 hypothetical protein B9J08_00946 [Candidozyma auris]
B9J08_003089		False	100	100	100	258						KAK8442607.1 40S ribosomal protein S24-A [Candidozyma auris]
B9J08_003090	B9J08_00948	True	100	100	100	1502	100	100	100	1502	KAK8442608.1	KAK8442608.1 hypothetical protein B9J08_00948 [Candidozyma auris]
B9J08_003091	B9J08_00949	True	100	100	100	826	100	100	100	826	KAK8442609.1	KAK8442609.1 hypothetical protein B9J08_00949 [Candidozyma auris]
B9J08_003092	B9J08_00950	True	100	100	100	1230	100	100	100	1230	KAK8442610.1	KAK8442610.1 hypothetical protein B9J08_00950 [Candidozyma auris]
B9J08_003093	B9J08_00951	True	100	100	100	297	100	100	100	297	KAK8442611.1	KAK8442611.1 hypothetical protein B9J08_00951 [Candidozyma auris]
B9J08_003094	B9J08_00952	True	100	100	100	1717	100	100	100	1717	KAK8442612.1	KAK8442612.1 hypothetical protein B9J08_00952 [Candidozyma auris]
B9J08_003095	B9J08_00953	True	100	100	100	854	100	100	100	854	KAK8442613.1	KAK8442613.1 hypothetical protein B9J08_00953 [Candidozyma auris]
B9J08_003098	B9J08_00956	True	100	100	100	946	100	100	100	946	KAK8442614.1	KAK8442614.1 hypothetical protein B9J08_00956 [Candidozyma auris]
B9J08_003099		False	100	100	100	652						KAK8442615.1 thiamine thiazole synthase [Candidozyma auris]
B9J08_003100	B9J08_00958	True	100	100	100	1521	100	100	100	1521	KAK8442616.1	KAK8442616.1 hypothetical protein B9J08_00958 [Candidozyma auris]
B9J08_003101	B9J08_00959	True	100	100	100	218	100	100	100	218	KAK8442617.1	KAK8442617.1 hypothetical protein B9J08_00959 [Candidozyma auris]
B9J08_003102	B9J08_00960	True	100	100	100	619	100	100	100	619	KAK8442618.1	KAK8442618.1 hypothetical protein B9J08_00960 [Candidozyma auris]
B9J08_003103		False	100	100	100	782						KAK8442619.1 phosphoserine transaminase [Candidozyma auris]
B9J08_003104		False	100	100	100	1296						KAK8442620.1 translation factor GUF1, mitochondrial [Candidozyma auris]
B9J08_003105		False	100	100	100	1137						KAK8442621.1 threonine ammonia-lyase, biosynthetic [Candidozyma auris]
B9J08_003106	B9J08_00964	True	100	100	100	715	100	100	100	715	KAK8442622.1	KAK8442622.1 hypothetical protein B9J08_00964 [Candidozyma auris]
B9J08_003107		False	100	100	100	247						KAK8442623.1 40S ribosomal protein S10-A [Candidozyma auris]
B9J08_003109	B9J08_00967	True	100	100	100	848	100	100	100	848	KAK8442624.1	KAK8442624.1 hypothetical protein B9J08_00967 [Candidozyma auris]
B9J08_003110	B9J08_00968	True	100	100	100	143	100	100	100	143	KAK8442625.1	KAK8442625.1 hypothetical protein B9J08_00968 [Candidozyma auris]
B9J08_003111	B9J08_00969	True	100	100	100	744	100	100	100	744	KAK8442626.1	KAK8442626.1 hypothetical protein B9J08_00969 [Candidozyma auris]
B9J08_003112	B9J08_00970	True	100	100	100	536	100	100	100	536	KAK8442627.1	KAK8442627.1 hypothetical protein B9J08_00970 [Candidozyma auris]
B9J08_003113	B9J08_00971	True	100	100	100	1548	100	100	100	1548	KAK8442628.1	KAK8442628.1 hypothetical protein B9J08_00971 [Candidozyma auris]
B9J08_003114	B9J08_00972	True	100	100	100	4586	100	100	100	4586	KAK8442629.1	KAK8442629.1 hypothetical protein B9J08_00972 [Candidozyma auris]
B9J08_003115		False	100	100	100	219						KAK8442630.1 cyclin-dependent kinase regulatory subunit [Candidozyma auris]
B9J08_003116	B9J08_00974	True	100	100	100	944	100	100	100	944	KAK8442631.1	KAK8442631.1 hypothetical protein B9J08_00974 [Candidozyma auris]
B9J08_003117	B9J08_00975	True	100	100	100	374	100	100	100	374	KAK8442632.1	KAK8442632.1 hypothetical protein B9J08_00975 [Candidozyma auris]
B9J08_003118		False	100	100	100	218						KAK8442633.1 eukaryotic translation initiation factor eIF-1 [Candidozyma auris]
B9J08_003119	B9J08_00977	True	100	100	100	829	100	100	100	829	KAK8442634.1	KAK8442634.1 hypothetical protein B9J08_00977 [Candidozyma auris]
B9J08_003120	B9J08_00978	True	100	100	100	791	100	100	100	791	KAK8442635.1	KAK8442635.1 hypothetical protein B9J08_00978 [Candidozyma auris]
B9J08_003121	B9J08_00979	True	100	100	100	666	100	100	100	666	KAK8442636.1	KAK8442636.1 hypothetical protein B9J08_00979 [Candidozyma auris]
B9J08_003122		False	100	100	100	1016						KAK8442637.1 NADH-ubiquinone oxidoreductase 51 kDa subunit, mitochondrial [Candidozyma auris]
B9J08_003123	B9J08_00981	True	100	100	100	931	100	100	100	931	KAK8442638.1	KAK8442638.1 hypothetical protein B9J08_00981 [Candidozyma auris]
B9J08_003124	B9J08_00982	True	100	100	100	602	100	100	100	602	KAK8442639.1	KAK8442639.1 hypothetical protein B9J08_00982 [Candidozyma auris]
B9J08_003125		False	100	100	100	694						KAK8442640.1 farnesyl pyrophosphate synthase [Candidozyma auris]
B9J08_003126	B9J08_00984	True	100	100	100	199	100	100	100	199	KAK8442641.1	KAK8442641.1 hypothetical protein B9J08_00984 [Candidozyma auris]
B9J08_003127		False	100	100	100	357						KAK8442642.1 60S ribosomal protein L17-B [Candidozyma auris]
B9J08_003128	B9J08_00986	True	100	100	100	1436	100	100	100	1436	KAK8442643.1	KAK8442643.1 hypothetical protein B9J08_00986 [Candidozyma auris]
B9J08_003129	B9J08_00987	True	100	100	100	745	100	100	100	745	KAK8442644.1	KAK8442644.1 hypothetical protein B9J08_00987 [Candidozyma auris]
B9J08_003130	B9J08_00988	True	100	100	100	1877	100	100	100	1877	KAK8442645.1	KAK8442645.1 hypothetical protein B9J08_00988 [Candidozyma auris]
B9J08_003131	B9J08_00989	True	100	100	100	352	100	100	100	352	KAK8442646.1	KAK8442646.1 hypothetical protein B9J08_00989 [Candidozyma auris]
B9J08_003132	B9J08_00990	True	100	100	100	1380	100	100	100	1380	KAK8442647.1	KAK8442647.1 hypothetical protein B9J08_00990 [Candidozyma auris]
B9J08_003133		False	100	100	100	315						KAK8442648.1 mitochondrial import inner membrane translocase subunit TIM17 [Candidozyma auris]
B9J08_003134	B9J08_00992	True	100	100	100	1167	100	100	100	1167	KAK8442649.1	KAK8442649.1 hypothetical protein B9J08_00992 [Candidozyma auris]
B9J08_003135	B9J08_00993	True	100	100	100	580	100	100	100	580	KAK8442650.1	KAK8442650.1 hypothetical protein B9J08_00993 [Candidozyma auris]
B9J08_003136	B9J08_00994	True	100	100	100	659	100	100	100	659	KAK8442651.1	KAK8442651.1 hypothetical protein B9J08_00994 [Candidozyma auris]
B9J08_003137	B9J08_00995	True	100	100	100	226	100	100	100	226	KAK8442652.1	KAK8442652.1 hypothetical protein B9J08_00995 [Candidozyma auris]
B9J08_003138	B9J08_00996	True	100	100	100	424	100	100	100	424	KAK8442653.1	KAK8442653.1 hypothetical protein B9J08_00996 [Candidozyma auris]
B9J08_003139	B9J08_00997	True	100	100	100	857	100	100	100	857	KAK8442654.1	KAK8442654.1 hypothetical protein B9J08_00997 [Candidozyma auris]
B9J08_003140	B9J08_00998	True	100	100	100	440	100	100	100	440	KAK8442655.1	KAK8442655.1 hypothetical protein B9J08_00998 [Candidozyma auris]
B9J08_003141	B9J08_00999	True	100	100	100	490	100	100	100	490	KAK8442656.1	KAK8442656.1 hypothetical protein B9J08_00999 [Candidozyma auris]
B9J08_003142	B9J08_01000	True	100	100	100	474	100	100	100	474	KAK8442657.1	KAK8442657.1 hypothetical protein B9J08_01000 [Candidozyma auris]
B9J08_003143	B9J08_01001	True	100	100	100	645	100	100	100	645	KAK8442658.1	KAK8442658.1 hypothetical protein B9J08_01001 [Candidozyma auris]
B9J08_003144	B9J08_01002	True	100	100	100	1262	100	100	100	1262	KAK8442659.1	KAK8442659.1 hypothetical protein B9J08_01002 [Candidozyma auris]
B9J08_003145	B9J08_01003	True	100	100	100	418	100	100	100	418	KAK8442660.1	KAK8442660.1 hypothetical protein B9J08_01003 [Candidozyma auris]
B9J08_003146	B9J08_01004	True	100	100	100	326	100	100	100	326	KAK8442661.1	KAK8442661.1 hypothetical protein B9J08_01004 [Candidozyma auris]
B9J08_003147	B9J08_01005	True	100	100	100	1913	100	100	100	1913	KAK8442662.1	KAK8442662.1 hypothetical protein B9J08_01005 [Candidozyma auris]
B9J08_003148	B9J08_01006	True	100	100	100	495	100	100	100	495	KAK8442663.1	KAK8442663.1 hypothetical protein B9J08_01006 [Candidozyma auris]
B9J08_003149	B9J08_01007	True	100	100	100	593	100	100	100	593	KAK8442664.1	KAK8442664.1 hypothetical protein B9J08_01007 [Candidozyma auris]
B9J08_003150	B9J08_01008	True	100	100	100	711	100	100	100	711	KAK8442665.1	KAK8442665.1 hypothetical protein B9J08_01008 [Candidozyma auris]
B9J08_003151	B9J08_01009	True	100	100	100	1602	100	100	100	1602	KAK8442666.1	KAK8442666.1 hypothetical protein B9J08_01009 [Candidozyma auris]
B9J08_003152	B9J08_01010	True	100	100	100	1739	100	100	100	1739	KAK8442667.1	KAK8442667.1 hypothetical protein B9J08_01010 [Candidozyma auris]
B9J08_003153		False	100	100	100	472						KAK8442668.1 YggS family pyridoxal phosphate enzyme [Candidozyma auris]
B9J08_003154	B9J08_01012	True	100	84.4	84.4	466	100	84.4	84.4	466	KAK8442669.1	KAK8442669.1 hypothetical protein B9J08_01012 [Candidozyma auris]
B9J08_003155	B9J08_01013	True	100	100	100	1299	100	100	100	1299	KAK8442670.1	KAK8442670.1 hypothetical protein B9J08_01013 [Candidozyma auris]
B9J08_003156	B9J08_01014	True	100	100	100	1382	100	100	100	1382	KAK8442671.1	KAK8442671.1 hypothetical protein B9J08_01014 [Candidozyma auris]
B9J08_003157		False	100	100	100	778						KAK8442672.1 GPI-anchor transamidase [Candidozyma auris]
B9J08_003158	B9J08_01016	True	100	100	100	2858	100	100	100	2858	KAK8442673.1	KAK8442673.1 hypothetical protein B9J08_01016 [Candidozyma auris]
B9J08_003159		False	100	100	100	1016						KAK8442674.1 protein STE12 [Candidozyma auris]
B9J08_003161	B9J08_01019	True	100	100	100	446	100	100	100	446	KAK8442675.1	KAK8442675.1 hypothetical protein B9J08_01019 [Candidozyma auris]
B9J08_003162	B9J08_01020	True	100	94.0	94.0	1111	100	94.0	94.0	1111	KAK8442676.1	KAK8442676.1 hypothetical protein B9J08_01020 [Candidozyma auris]
B9J08_003165	B9J08_01023	True	100	100	100	1090	100	100	100	1090	KAK8442677.1	KAK8442677.1 hypothetical protein B9J08_01023 [Candidozyma auris]
B9J08_003166	B9J08_01024	True	100	100	100	632	100	100	100	632	KAK8442678.1	KAK8442678.1 hypothetical protein B9J08_01024 [Candidozyma auris]
B9J08_003167	B9J08_01025	True	100	100	100	1107	100	100	100	1107	KAK8442679.1	KAK8442679.1 hypothetical protein B9J08_01025 [Candidozyma auris]
B9J08_003168	B9J08_01026	True	100	100	100	917	100	100	100	917	KAK8442680.1	KAK8442680.1 hypothetical protein B9J08_01026 [Candidozyma auris]
B9J08_003169	B9J08_01027	True	100	100	100	270	100	100	100	270	KAK8442681.1	KAK8442681.1 hypothetical protein B9J08_01027 [Candidozyma auris]
B9J08_003170		False	100	100	100	207						KAK8442682.1 protein MGR2 [Candidozyma auris]
B9J08_003171	B9J08_01029	True	100	100	100	909	100	100	100	909	KAK8442683.1	KAK8442683.1 hypothetical protein B9J08_01029 [Candidozyma auris]
B9J08_003172		False	100	100	100	1438						KAK8442684.1 protein GCN20 [Candidozyma auris]
B9J08_003173	B9J08_01031	True	100	100	100	1209	100	100	100	1209	KAK8442685.1	KAK8442685.1 hypothetical protein B9J08_01031 [Candidozyma auris]
B9J08_003174	B9J08_01032	True	100	100	100	1242	100	100	100	1242	KAK8442686.1	KAK8442686.1 hypothetical protein B9J08_01032 [Candidozyma auris]
B9J08_003175	B9J08_01033	True	100	100	100	942	100	100	100	942	KAK8442687.1	KAK8442687.1 hypothetical protein B9J08_01033 [Candidozyma auris]
B9J08_003176	B9J08_01034	True	100	100	100	893	100	100	100	893	KAK8442688.1	KAK8442688.1 hypothetical protein B9J08_01034 [Candidozyma auris]
B9J08_003177		False	100	100	100	825						KAK8442689.1 diphthamide biosynthesis protein 1 [Candidozyma auris]
B9J08_003178	B9J08_01036	True	100	100	100	1421	100	100	100	1421	KAK8442690.1	KAK8442690.1 hypothetical protein B9J08_01036 [Candidozyma auris]
B9J08_003179	B9J08_01037	True	100	100	100	1000	100	100	100	1000	KAK8442691.1	KAK8442691.1 hypothetical protein B9J08_01037 [Candidozyma auris]
B9J08_003180		False	100	100	100	848						KAK8442692.1 isocitrate dehydrogenase [NADP], mitochondrial [Candidozyma auris]
B9J08_003181	B9J08_01039	True	100	100	100	219	100	100	100	219	KAK8442693.1	KAK8442693.1 hypothetical protein B9J08_01039 [Candidozyma auris]
B9J08_003182	B9J08_01040	True	100	100	100	825	100	100	100	825	KAK8442694.1	KAK8442694.1 hypothetical protein B9J08_01040 [Candidozyma auris]
B9J08_003183	B9J08_01041	True	100	100	100	162	100	100	100	162	KAK8442695.1	KAK8442695.1 hypothetical protein B9J08_01041 [Candidozyma auris]
B9J08_003184	B9J08_01042	True	100	100	100	1352	100	100	100	1352	KAK8442696.1	KAK8442696.1 hypothetical protein B9J08_01042 [Candidozyma auris]
B9J08_003185		False	100	100	100	684						KAK8442697.1 acyl-CoA thioesterase II [Candidozyma auris]
B9J08_003186		False	100	100	100	679						KAK8442698.1 acyl-CoA thioesterase II [Candidozyma auris]
B9J08_003187		False	100	100	100	703						KAK8442699.1 acyl-CoA thioesterase II [Candidozyma auris]
B9J08_003188	B9J08_01046	True	100	100	100	778	100	100	100	778	KAK8442700.1	KAK8442700.1 hypothetical protein B9J08_01046 [Candidozyma auris]
B9J08_003189	B9J08_01047	True	100	100	100	1206	100	100	100	1206	KAK8442701.1	KAK8442701.1 hypothetical protein B9J08_01047 [Candidozyma auris]
B9J08_003190	B9J08_01048	True	100	100	100	590	100	100	100	590	KAK8442702.1	KAK8442702.1 hypothetical protein B9J08_01048 [Candidozyma auris]
B9J08_003191	B9J08_01049	True	100	100	100	677	100	100	100	677	KAK8442703.1	KAK8442703.1 hypothetical protein B9J08_01049 [Candidozyma auris]
B9J08_003192	B9J08_01050	True	100	100	100	762	100	100	100	762	KAK8442704.1	KAK8442704.1 hypothetical protein B9J08_01050 [Candidozyma auris]
B9J08_003193	B9J08_01051	True	100	100	100	2247	100	100	100	2247	KAK8442705.1	KAK8442705.1 hypothetical protein B9J08_01051 [Candidozyma auris]
B9J08_003194	B9J08_01052	True	100	100	100	608	100	100	100	608	KAK8442706.1	KAK8442706.1 hypothetical protein B9J08_01052 [Candidozyma auris]
B9J08_003195	B9J08_01053	True	100	100	100	1642	100	100	100	1642	KAK8442707.1	KAK8442707.1 hypothetical protein B9J08_01053 [Candidozyma auris]
B9J08_003196		False	100	100	100	930						KAK8442708.1 tRNA dimethylallyltransferase [Candidozyma auris]
B9J08_003197	B9J08_01055	True	100	100	100	1471	100	100	100	1471	KAK8442709.1	KAK8442709.1 hypothetical protein B9J08_01055 [Candidozyma auris]
B9J08_003198	B9J08_01056	True	100	100	100	1115	100	100	100	1115	KAK8442710.1	KAK8442710.1 hypothetical protein B9J08_01056 [Candidozyma auris]
B9J08_003200	B9J08_01058	True	100	100	100	496	100	100	100	496	KAK8442711.1	KAK8442711.1 hypothetical protein B9J08_01058 [Candidozyma auris]
B9J08_003201	B9J08_01059	True	100	100	100	2774	100	100	100	2774	KAK8442712.1	KAK8442712.1 hypothetical protein B9J08_01059 [Candidozyma auris]
B9J08_003202	B9J08_01060	True	100	100	100	1065	100	100	100	1065	KAK8442713.1	KAK8442713.1 hypothetical protein B9J08_01060 [Candidozyma auris]
B9J08_003204	B9J08_01065	True	100	100	100	915	100	100	100	915	KAK8442718.1	KAK8442718.1 hypothetical protein B9J08_01065 [Candidozyma auris]
B9J08_003205		False	100	100	100	750						KAK8442719.1 saccharopine dehydrogenase [NAD(+), L-lysine-forming] [Candidozyma auris]
B9J08_003206	B9J08_01067	True	100	100	100	778	100	100	100	778	KAK8442720.1	KAK8442720.1 hypothetical protein B9J08_01067 [Candidozyma auris]
B9J08_003207	B9J08_01068	True	100	100	100	1360	100	100	100	1360	KAK8442721.1	KAK8442721.1 hypothetical protein B9J08_01068 [Candidozyma auris]
B9J08_003208	B9J08_01069	True	100	100	100	829	100	100	100	829	KAK8442722.1	KAK8442722.1 hypothetical protein B9J08_01069 [Candidozyma auris]
B9J08_003209	B9J08_01070	True	100	100	100	668	100	100	100	668	KAK8442723.1	KAK8442723.1 hypothetical protein B9J08_01070 [Candidozyma auris]
B9J08_003210	B9J08_01071	True	100	100	100	1083	100	100	100	1083	KAK8442724.1	KAK8442724.1 hypothetical protein B9J08_01071 [Candidozyma auris]
B9J08_003211	B9J08_01072	True	100	100	100	712	100	100	100	712	KAK8442725.1	KAK8442725.1 hypothetical protein B9J08_01072 [Candidozyma auris]
B9J08_003212	B9J08_01073	True	100	100	100	2711	100	100	100	2711	KAK8442726.1	KAK8442726.1 hypothetical protein B9J08_01073 [Candidozyma auris]
B9J08_003213	B9J08_01074	True	100	100	100	1115	100	100	100	1115	KAK8442727.1	KAK8442727.1 hypothetical protein B9J08_01074 [Candidozyma auris]
B9J08_003214	B9J08_01075	True	100	100	100	946	100	100	100	946	KAK8442728.1	KAK8442728.1 hypothetical protein B9J08_01075 [Candidozyma auris]
B9J08_003215		False	100	100	100	572						KAK8442729.1 NADH-cytochrome b5 reductase 1 [Candidozyma auris]
B9J08_003216	B9J08_01077	True	100	100	100	1229	100	100	100	1229	KAK8442730.1	KAK8442730.1 hypothetical protein B9J08_01077 [Candidozyma auris]
B9J08_003217	B9J08_01078	True	100	100	100	1019	100	100	100	1019	KAK8442731.1	KAK8442731.1 hypothetical protein B9J08_01078 [Candidozyma auris]
B9J08_003218	B9J08_01079	True	100	100	100	610	100	100	100	610	KAK8442732.1	KAK8442732.1 hypothetical protein B9J08_01079 [Candidozyma auris]
B9J08_003219	B9J08_01080	True	100	100	100	1030	100	100	100	1030	KAK8442733.1	KAK8442733.1 hypothetical protein B9J08_01080 [Candidozyma auris]
B9J08_003220	B9J08_01081	True	100	100	100	953	100	100	100	953	KAK8442734.1	KAK8442734.1 hypothetical protein B9J08_01081 [Candidozyma auris]
B9J08_003223	B9J08_01084	True	100	100	100	612	100	100	100	612	KAK8442735.1	KAK8442735.1 hypothetical protein B9J08_01084 [Candidozyma auris]
B9J08_003224		False	100	100	100	1906						KAK8442736.1 hydroxymethylglutaryl-CoA reductase (NADPH) [Candidozyma auris]
B9J08_003225	B9J08_01086	True	100	100	100	1155	100	100	100	1155	KAK8442737.1	KAK8442737.1 hypothetical protein B9J08_01086 [Candidozyma auris]
B9J08_003226	B9J08_01087	True	100	100	100	377	100	100	100	377	KAK8442738.1	KAK8442738.1 hypothetical protein B9J08_01087 [Candidozyma auris]
B9J08_003227	B9J08_01088	True	100	100	100	1615	100	100	100	1615	KAK8442739.1	KAK8442739.1 hypothetical protein B9J08_01088 [Candidozyma auris]
B9J08_003228	B9J08_01089	True	100	100	100	1283	100	100	100	1283	KAK8442740.1	KAK8442740.1 hypothetical protein B9J08_01089 [Candidozyma auris]
B9J08_003229	B9J08_01090	True	100	100	100	996	100	100	100	996	KAK8442741.1	KAK8442741.1 hypothetical protein B9J08_01090 [Candidozyma auris]
B9J08_003230	B9J08_01091	True	100	100	100	2210	100	100	100	2210	KAK8442742.1	KAK8442742.1 hypothetical protein B9J08_01091 [Candidozyma auris]
B9J08_003231	B9J08_01092	True	100	100	100	1496	100	100	100	1496	KAK8442743.1	KAK8442743.1 hypothetical protein B9J08_01092 [Candidozyma auris]
B9J08_003232		False	100	100	100	1256						KAK8442744.1 gamma-glutamyltransferase [Candidozyma auris]
B9J08_003233	B9J08_01094	True	100	100	100	1509	100	100	100	1509	KAK8442745.1	KAK8442745.1 hypothetical protein B9J08_01094 [Candidozyma auris]
B9J08_003234	B9J08_01095	True	100	100	100	747	100	100	100	747	KAK8442746.1	KAK8442746.1 hypothetical protein B9J08_01095 [Candidozyma auris]
B9J08_003235	B9J08_01096	True	100	100	100	1658	100	100	100	1658	KAK8442747.1	KAK8442747.1 hypothetical protein B9J08_01096 [Candidozyma auris]
B9J08_003236	B9J08_01097	True	100	100	100	1468	100	100	100	1468	KAK8442748.1	KAK8442748.1 hypothetical protein B9J08_01097 [Candidozyma auris]
B9J08_003237	B9J08_01098	True	100	100	100	541	100	100	100	541	KAK8442749.1	KAK8442749.1 hypothetical protein B9J08_01098 [Candidozyma auris]
B9J08_003238		False	100	100	100	850						KAK8442750.1 elongation factor Tu, mitochondrial [Candidozyma auris]
B9J08_003239	B9J08_01100	True	100	100	100	3024	100	100	100	3024	KAK8442751.1	KAK8442751.1 hypothetical protein B9J08_01100 [Candidozyma auris]
B9J08_003240		False	100	100	100	1164						KAK8442752.1 phosphatidylserine decarboxylase [Candidozyma auris]
B9J08_003241	B9J08_01102	True	100	100	100	573	100	100	100	573	KAK8442753.1	KAK8442753.1 hypothetical protein B9J08_01102 [Candidozyma auris]
B9J08_003242	B9J08_01103	True	100	100	100	2562	100	100	100	2562	KAK8442754.1	KAK8442754.1 hypothetical protein B9J08_01103 [Candidozyma auris]
B9J08_003243		False	100	100	100	396						KAK8442755.1 vacuolar-sorting protein SNF7 [Candidozyma auris]
B9J08_003244	B9J08_01105	True	100	100	100	595	100	100	100	595	KAK8442756.1	KAK8442756.1 hypothetical protein B9J08_01105 [Candidozyma auris]
B9J08_003245		False	100	100	100	898						KAK8442757.1 tubulin beta chain [Candidozyma auris]
B9J08_003246	B9J08_01107	True	100	100	100	247	100	100	100	247	KAK8442758.1	KAK8442758.1 hypothetical protein B9J08_01107 [Candidozyma auris]
B9J08_003247	B9J08_01108	True	100	100	100	1981	100	100	100	1981	KAK8442759.1	KAK8442759.1 hypothetical protein B9J08_01108 [Candidozyma auris]
B9J08_003248		False	100	100	100	273						KAK8442760.1 40S ribosomal protein S16 [Candidozyma auris]
B9J08_003249		False	100	100	100	367						KAK8442761.1 60S ribosomal protein L13 [Candidozyma auris]
B9J08_003250		False	100	100	100	136						KAK8442762.1 60S acidic ribosomal protein P1-A [Candidozyma auris]
B9J08_003251	B9J08_01112	True	100	100	100	900	100	100	100	900	KAK8442763.1	KAK8442763.1 hypothetical protein B9J08_01112 [Candidozyma auris]
B9J08_003252	B9J08_01113	True	100	100	100	856	100	100	100	856	KAK8442764.1	KAK8442764.1 hypothetical protein B9J08_01113 [Candidozyma auris]
B9J08_003253	B9J08_01114	True	100	100	100	999	100	100	100	999	KAK8442765.1	KAK8442765.1 hypothetical protein B9J08_01114 [Candidozyma auris]
B9J08_003254	B9J08_01115	True	100	100	100	225	100	100	100	225	KAK8442766.1	KAK8442766.1 hypothetical protein B9J08_01115 [Candidozyma auris]
B9J08_003255	B9J08_01116	True	100	100	100	309	100	100	100	309	KAK8442767.1	KAK8442767.1 hypothetical protein B9J08_01116 [Candidozyma auris]
B9J08_003256		False	100	100	100	941						KAK8442768.1 threonine-tRNA ligase [Candidozyma auris]
B9J08_003257	B9J08_01118	True	100	100	100	712	100	100	100	712	KAK8442769.1	KAK8442769.1 hypothetical protein B9J08_01118 [Candidozyma auris]
B9J08_003258	B9J08_01119	True	100	100	100	929	100	100	100	929	KAK8442770.1	KAK8442770.1 hypothetical protein B9J08_01119 [Candidozyma auris]
B9J08_003259	B9J08_01120	True	100	100	100	1358	100	100	100	1358	KAK8442771.1	KAK8442771.1 hypothetical protein B9J08_01120 [Candidozyma auris]
B9J08_003260	B9J08_01121	True	100	100	100	190	100	100	100	190	KAK8442772.1	KAK8442772.1 hypothetical protein B9J08_01121 [Candidozyma auris]
B9J08_003261	B9J08_01122	True	100	86.6	86.6	440	100	86.6	86.6	440	KAK8442773.1	KAK8442773.1 hypothetical protein B9J08_01122 [Candidozyma auris]
B9J08_003262	B9J08_01123	True	100	100	100	470	100	100	100	470	KAK8442774.1	KAK8442774.1 hypothetical protein B9J08_01123 [Candidozyma auris]
B9J08_003263	B9J08_01124	True	100	100	100	379	100	100	100	379	KAK8442775.1	KAK8442775.1 hypothetical protein B9J08_01124 [Candidozyma auris]
B9J08_003264	B9J08_01125	True	100	100	100	1092	100	100	100	1092	KAK8442776.1	KAK8442776.1 hypothetical protein B9J08_01125 [Candidozyma auris]
B9J08_003265	B9J08_01126	True	100	100	100	1134	100	100	100	1134	KAK8442777.1	KAK8442777.1 hypothetical protein B9J08_01126 [Candidozyma auris]
B9J08_003266	B9J08_01127	True	100	100	100	537	100	100	100	537	KAK8442778.1	KAK8442778.1 hypothetical protein B9J08_01127 [Candidozyma auris]
B9J08_003267	B9J08_01128	True	100	100	100	752	100	100	100	752	KAK8442779.1	KAK8442779.1 hypothetical protein B9J08_01128 [Candidozyma auris]
B9J08_003268	B9J08_01129	True	100	100	100	528	100	100	100	528	KAK8442780.1	KAK8442780.1 hypothetical protein B9J08_01129 [Candidozyma auris]
B9J08_003269	B9J08_01130	True	100	100	100	1404	100	100	100	1404	KAK8442781.1	KAK8442781.1 hypothetical protein B9J08_01130 [Candidozyma auris]
B9J08_003270	B9J08_01131	True	100	100	100	505	100	100	100	505	KAK8442782.1	KAK8442782.1 hypothetical protein B9J08_01131 [Candidozyma auris]
B9J08_003271		False	100	100	100	2769						KAK8442783.1 L-aminoadipate-semialdehyde dehydrogenase [Candidozyma auris]
B9J08_003272	B9J08_01133	True	100	100	100	1537	100	100	100	1537	KAK8442784.1	KAK8442784.1 hypothetical protein B9J08_01133 [Candidozyma auris]
B9J08_003273		False	100	100	100	291						KAK8442785.1 40S ribosomal protein S18-B [Candidozyma auris]
B9J08_003274	B9J08_01135	True	100	100	100	496	100	100	100	496	KAK8442786.1	KAK8442786.1 hypothetical protein B9J08_01135 [Candidozyma auris]
B9J08_003275	B9J08_01136	True	100	100	100	1320	100	100	100	1320	KAK8442787.1	KAK8442787.1 hypothetical protein B9J08_01136 [Candidozyma auris]
B9J08_003276	B9J08_01137	True	100	100	100	1816	100	100	100	1816	KAK8442788.1	KAK8442788.1 hypothetical protein B9J08_01137 [Candidozyma auris]
B9J08_003277	B9J08_01138	True	100	100	100	540	100	100	100	540	KAK8442789.1	KAK8442789.1 hypothetical protein B9J08_01138 [Candidozyma auris]
B9J08_003278	B9J08_01139	True	100	100	100	1126	100	100	100	1126	KAK8442790.1	KAK8442790.1 hypothetical protein B9J08_01139 [Candidozyma auris]
B9J08_003279	B9J08_01140	True	100	100	100	1106	100	100	100	1106	KAK8442791.1	KAK8442791.1 hypothetical protein B9J08_01140 [Candidozyma auris]
B9J08_003280	B9J08_01141	True	100	100	100	371	100	100	100	371	KAK8442792.1	KAK8442792.1 hypothetical protein B9J08_01141 [Candidozyma auris]
B9J08_003281	B9J08_01142	True	100	100	100	3108	100	100	100	3108	KAK8442793.1	KAK8442793.1 hypothetical protein B9J08_01142 [Candidozyma auris]
B9J08_003282	B9J08_01143	True	100	100	100	549	100	100	100	549	KAK8442794.1	KAK8442794.1 hypothetical protein B9J08_01143 [Candidozyma auris]
B9J08_003283	B9J08_01144	True	100	100	100	920	100	100	100	920	KAK8442795.1	KAK8442795.1 hypothetical protein B9J08_01144 [Candidozyma auris]
B9J08_003284	B9J08_01145	True	100	100	100	333	100	100	100	333	KAK8442796.1	KAK8442796.1 hypothetical protein B9J08_01145 [Candidozyma auris]
B9J08_003285	B9J08_01146	True	100	100	100	174	100	100	100	174	KAK8442797.1	KAK8442797.1 hypothetical protein B9J08_01146 [Candidozyma auris]
B9J08_003286	B9J08_01147	True	100	100	100	397	100	100	100	397	KAK8442798.1	KAK8442798.1 hypothetical protein B9J08_01147 [Candidozyma auris]
B9J08_003287	B9J08_01148	True	100	100	100	870	100	100	100	870	KAK8442799.1	KAK8442799.1 hypothetical protein B9J08_01148 [Candidozyma auris]
B9J08_003288		False	100	100	100	129						KAK8442800.1 40S ribosomal protein S28-A [Candidozyma auris]
B9J08_003289	B9J08_01150	True	100	100	100	945	100	100	100	945	KAK8442801.1	KAK8442801.1 hypothetical protein B9J08_01150 [Candidozyma auris]
B9J08_003290		False	100	100	100	1570						KAK8442802.1 glutamine-tRNA ligase [Candidozyma auris]
B9J08_003291	B9J08_01152	True	100	100	100	1176	100	100	100	1176	KAK8442803.1	KAK8442803.1 hypothetical protein B9J08_01152 [Candidozyma auris]
B9J08_003292	B9J08_01153	True	100	100	100	511	100	100	100	511	KAK8442804.1	KAK8442804.1 hypothetical protein B9J08_01153 [Candidozyma auris]
B9J08_003293		False	100	100	100	728						KAK8442805.1 cytoplasmic tRNA 2-thiolation protein 1 [Candidozyma auris]
B9J08_003294	B9J08_01155	True	100	100	100	1476	100	100	100	1476	KAK8442806.1	KAK8442806.1 hypothetical protein B9J08_01155 [Candidozyma auris]
B9J08_003295	B9J08_01156	True	100	100	100	803	100	100	100	803	KAK8442807.1	KAK8442807.1 hypothetical protein B9J08_01156 [Candidozyma auris]
B9J08_003296		False	100	100	100	889						KAK8442808.1 glycylpeptide N-tetradecanoyltransferase [Candidozyma auris]
B9J08_003297	B9J08_01158	True	100	100	100	688	100	100	100	688	KAK8442809.1	KAK8442809.1 hypothetical protein B9J08_01158 [Candidozyma auris]
B9J08_003298	B9J08_01159	True	100	100	100	1087	100	100	100	1087	KAK8442810.1	KAK8442810.1 hypothetical protein B9J08_01159 [Candidozyma auris]
B9J08_003299		False	100	100	100	754						KAK8442811.1 actin cytoskeleton-regulatory complex protein END3 [Candidozyma auris]
B9J08_003300	B9J08_01161	True	100	100	100	569	100	100	100	569	KAK8442812.1	KAK8442812.1 hypothetical protein B9J08_01161 [Candidozyma auris]
B9J08_003301	B9J08_01162	True	100	100	100	1595	100	100	100	1595	KAK8442813.1	KAK8442813.1 hypothetical protein B9J08_01162 [Candidozyma auris]
B9J08_003302	B9J08_01163	True	100	100	100	879	100	100	100	879	KAK8442814.1	KAK8442814.1 hypothetical protein B9J08_01163 [Candidozyma auris]
B9J08_003303	B9J08_01164	True	100	100	100	498	100	100	100	498	KAK8442815.1	KAK8442815.1 hypothetical protein B9J08_01164 [Candidozyma auris]
B9J08_003304	B9J08_01165	True	100	100	100	1254	100	100	100	1254	KAK8442816.1	KAK8442816.1 hypothetical protein B9J08_01165 [Candidozyma auris]
B9J08_003305	B9J08_01166	True	100	100	100	2609	100	100	100	2609	KAK8442817.1	KAK8442817.1 hypothetical protein B9J08_01166 [Candidozyma auris]
B9J08_003306		False	100	100	100	653						KAK8442818.1 glyceraldehyde-3-phosphate dehydrogenase [Candidozyma auris]
B9J08_003307	B9J08_01168	True	100	100	100	639	100	100	100	639	KAK8442819.1	KAK8442819.1 hypothetical protein B9J08_01168 [Candidozyma auris]
B9J08_003308	B9J08_01169	True	100	100	100	785	100	100	100	785	KAK8442820.1	KAK8442820.1 hypothetical protein B9J08_01169 [Candidozyma auris]
B9J08_003309		False	100	100	100	522						KAK8442821.1 orotidine 5'-phosphate decarboxylase [Candidozyma auris]
B9J08_003310	B9J08_01171	True	100	100	100	2845	100	100	100	2845	KAK8442822.1	KAK8442822.1 hypothetical protein B9J08_01171 [Candidozyma auris]
B9J08_003311	B9J08_01172	True	100	100	100	732	100	100	100	732	KAK8442823.1	KAK8442823.1 hypothetical protein B9J08_01172 [Candidozyma auris]
B9J08_003312	B9J08_01173	True	100	100	100	684	100	100	100	684	KAK8442824.1	KAK8442824.1 hypothetical protein B9J08_01173 [Candidozyma auris]
B9J08_003313		False	100	100	100	685						KAK8442825.1 60S ribosomal protein L4-A [Candidozyma auris]
B9J08_003314	B9J08_01175	True	100	100	100	477	100	100	100	477	KAK8442826.1	KAK8442826.1 hypothetical protein B9J08_01175 [Candidozyma auris]
B9J08_003315	B9J08_01176	True	100	100	100	1675	100	100	100	1675	KAK8442827.1	KAK8442827.1 hypothetical protein B9J08_01176 [Candidozyma auris]
B9J08_003316	B9J08_01177	True	100	100	100	629	100	100	100	629	KAK8442828.1	KAK8442828.1 hypothetical protein B9J08_01177 [Candidozyma auris]
B9J08_003317	B9J08_01178	True	100	100	100	411	100	100	100	411	KAK8442829.1	KAK8442829.1 hypothetical protein B9J08_01178 [Candidozyma auris]
B9J08_003318	B9J08_01179	True	100	100	100	798	100	100	100	798	KAK8442830.1	KAK8442830.1 hypothetical protein B9J08_01179 [Candidozyma auris]
B9J08_003319	B9J08_01180	True	100	100	100	1257	100	100	100	1257	KAK8442831.1	KAK8442831.1 hypothetical protein B9J08_01180 [Candidozyma auris]
B9J08_003320	B9J08_01181	True	100	100	100	1110	100	100	100	1110	KAK8442832.1	KAK8442832.1 hypothetical protein B9J08_01181 [Candidozyma auris]
B9J08_003321		False	100	100	100	194						KAK8442833.1 mitochondrial import inner membrane translocase subunit TIM16 [Candidozyma auris]
B9J08_003322	B9J08_01183	True	100	100	100	2068	100	100	100	2068	KAK8442834.1	KAK8442834.1 hypothetical protein B9J08_01183 [Candidozyma auris]
B9J08_003323	B9J08_01184	True	100	100	100	2671	100	100	100	2671	KAK8442835.1	KAK8442835.1 hypothetical protein B9J08_01184 [Candidozyma auris]
B9J08_003324	B9J08_01185	True	100	100	100	633	100	100	100	633	KAK8442836.1	KAK8442836.1 hypothetical protein B9J08_01185 [Candidozyma auris]
B9J08_003325	B9J08_01186	True	100	100	100	805	100	100	100	805	KAK8442837.1	KAK8442837.1 hypothetical protein B9J08_01186 [Candidozyma auris]
B9J08_003326	B9J08_01187	True	100	100	100	592	100	100	100	592	KAK8442838.1	KAK8442838.1 hypothetical protein B9J08_01187 [Candidozyma auris]
B9J08_003327		False	100	100	100	899						KAK8442839.1 tRNA modification GTPase TrmE [Candidozyma auris]
B9J08_003328	B9J08_01189	True	100	100	100	989	100	100	100	989	KAK8442840.1	KAK8442840.1 hypothetical protein B9J08_01189 [Candidozyma auris]
B9J08_003329	B9J08_01190	True	100	100	100	1189	100	100	100	1189	KAK8442841.1	KAK8442841.1 hypothetical protein B9J08_01190 [Candidozyma auris]
B9J08_003330		False	100	100	100	940						KAK8442842.1 phenylalanine-tRNA ligase [Candidozyma auris]
B9J08_003331		False	100	100	100	446						KAK8442843.1 ribosomal protein L16 [Candidozyma auris]
B9J08_003332	B9J08_01193	True	100	100	100	194	100	100	100	194	KAK8442844.1	KAK8442844.1 hypothetical protein B9J08_01193 [Candidozyma auris]
B9J08_003333	B9J08_01194	True	100	100	100	464	100	100	100	464	KAK8442845.1	KAK8442845.1 hypothetical protein B9J08_01194 [Candidozyma auris]
B9J08_003334	B9J08_01195	True	100	100	100	463	100	100	100	463	KAK8442846.1	KAK8442846.1 hypothetical protein B9J08_01195 [Candidozyma auris]
B9J08_003335	B9J08_01196	True	100	100	100	358	100	100	100	358	KAK8442847.1	KAK8442847.1 hypothetical protein B9J08_01196 [Candidozyma auris]
B9J08_003336	B9J08_01197	True	100	100	100	259	100	100	100	259	KAK8442848.1	KAK8442848.1 hypothetical protein B9J08_01197 [Candidozyma auris]
B9J08_003337	B9J08_01198	True	100	100	100	209	100	100	100	209	KAK8442849.1	KAK8442849.1 hypothetical protein B9J08_01198 [Candidozyma auris]
B9J08_003338	B9J08_01199	True	100	100	100	693	100	100	100	693	KAK8442850.1	KAK8442850.1 hypothetical protein B9J08_01199 [Candidozyma auris]
B9J08_003339		False	100	100	100	388						KAK8442851.1 peptide-methionine (S)-S-oxide reductase [Candidozyma auris]
B9J08_003340	B9J08_01201	True	100	100	100	1477	100	100	100	1477	KAK8442852.1	KAK8442852.1 hypothetical protein B9J08_01201 [Candidozyma auris]
B9J08_003341	B9J08_01202	True	100	100	100	729	100	100	100	729	KAK8442853.1	KAK8442853.1 hypothetical protein B9J08_01202 [Candidozyma auris]
B9J08_003342	B9J08_01203	True	100	100	100	426	100	100	100	426	KAK8442854.1	KAK8442854.1 hypothetical protein B9J08_01203 [Candidozyma auris]
B9J08_003343	B9J08_01204	True	100	100	100	841	100	100	100	841	KAK8442855.1	KAK8442855.1 hypothetical protein B9J08_01204 [Candidozyma auris]
B9J08_003344	B9J08_01205	True	100	100	100	290	100	100	100	290	KAK8442856.1	KAK8442856.1 hypothetical protein B9J08_01205 [Candidozyma auris]
B9J08_003345	B9J08_01206	True	100	100	100	466	100	100	100	466	KAK8442857.1	KAK8442857.1 hypothetical protein B9J08_01206 [Candidozyma auris]
B9J08_003346	B9J08_01207	True	100	100	100	746	100	100	100	746	KAK8442858.1	KAK8442858.1 hypothetical protein B9J08_01207 [Candidozyma auris]
B9J08_003347	B9J08_01208	True	100	100	100	1704	100	100	100	1704	KAK8442859.1	KAK8442859.1 hypothetical protein B9J08_01208 [Candidozyma auris]
B9J08_003348	B9J08_01209	True	100	100	100	1638	100	100	100	1638	KAK8442860.1	KAK8442860.1 hypothetical protein B9J08_01209 [Candidozyma auris]
B9J08_003349		False	100	100	100	1401						KAK8442861.1 tryptophan synthase [Candidozyma auris]
B9J08_003350	B9J08_01211	True	100	100	100	233	100	100	100	233	KAK8442862.1	KAK8442862.1 hypothetical protein B9J08_01211 [Candidozyma auris]
B9J08_003351	B9J08_01212	True	100	100	100	526	100	100	100	526	KAK8442863.1	KAK8442863.1 hypothetical protein B9J08_01212 [Candidozyma auris]
B9J08_003352	B9J08_01213	True	100	100	100	959	100	100	100	959	KAK8442864.1	KAK8442864.1 hypothetical protein B9J08_01213 [Candidozyma auris]
B9J08_003353		False	100	100	100	603						KAK8442865.1 methionyl-tRNA formyltransferase [Candidozyma auris]
B9J08_003354	B9J08_01215	True	100	100	100	6017	100	100	100	6017	KAK8442866.1	KAK8442866.1 hypothetical protein B9J08_01215 [Candidozyma auris]
B9J08_003355	B9J08_01216	True	100	100	100	1644	100	100	100	1644	KAK8442867.1	KAK8442867.1 hypothetical protein B9J08_01216 [Candidozyma auris]
B9J08_003356	B9J08_01217	True	100	100	100	2099	100	100	100	2099	KAK8442868.1	KAK8442868.1 hypothetical protein B9J08_01217 [Candidozyma auris]
B9J08_003357	B9J08_01218	True	100	100	100	474	100	100	100	474	KAK8442869.1	KAK8442869.1 hypothetical protein B9J08_01218 [Candidozyma auris]
B9J08_003358	B9J08_01219	True	100	100	100	346	100	100	100	346	KAK8442870.1	KAK8442870.1 hypothetical protein B9J08_01219 [Candidozyma auris]
B9J08_003359		False	100	100	100	810						KAK8442871.1 cell division control protein 3 [Candidozyma auris]
B9J08_003360	B9J08_01221	True	100	100	100	533	100	100	100	533	KAK8442872.1	KAK8442872.1 hypothetical protein B9J08_01221 [Candidozyma auris]
B9J08_003361	B9J08_01222	True	100	100	100	376	100	100	100	376	KAK8442873.1	KAK8442873.1 hypothetical protein B9J08_01222 [Candidozyma auris]
B9J08_003364		False	100	100	100	1205						KAK8442874.1 heat shock protein SSA2 [Candidozyma auris]
B9J08_003365		False	100	100	100	1391						KAK8442875.1 acetyl-coenzyme A synthetase 2 [Candidozyma auris]
B9J08_003366	B9J08_01227	True	100	100	100	846	100	100	100	846	KAK8442876.1	KAK8442876.1 hypothetical protein B9J08_01227 [Candidozyma auris]
B9J08_003367	B9J08_01228	True	100	100	100	827	100	100	100	827	KAK8442877.1	KAK8442877.1 hypothetical protein B9J08_01228 [Candidozyma auris]
B9J08_003368		False	100	100	100	249						KAK8440048.1 histone [Candidozyma auris]
B9J08_003369		False	100	100	100	195						KAK8440049.1 histone H4 [Candidozyma auris]
B9J08_003370	B9J08_01231	True	100	100	100	452	100	100	100	452	KAK8442880.1	KAK8442880.1 hypothetical protein B9J08_01231 [Candidozyma auris]
B9J08_003371	B9J08_01232	True	100	100	100	510	100	100	100	510	KAK8442881.1	KAK8442881.1 hypothetical protein B9J08_01232 [Candidozyma auris]
B9J08_003372	B9J08_01233	True	100	100	100	880	100	100	100	880	KAK8442882.1	KAK8442882.1 hypothetical protein B9J08_01233 [Candidozyma auris]
B9J08_003373	B9J08_01234	True	100	100	100	603	100	100	100	603	KAK8442883.1	KAK8442883.1 hypothetical protein B9J08_01234 [Candidozyma auris]
B9J08_003374		False	100	100	100	1103						KAK8442884.1 isocitrate lyase [Candidozyma auris]
B9J08_003375	B9J08_01236	True	100	100	100	773	100	100	100	773	KAK8442885.1	KAK8442885.1 hypothetical protein B9J08_01236 [Candidozyma auris]
B9J08_003376	B9J08_01237	True	100	100	100	653	100	100	100	653	KAK8442886.1	KAK8442886.1 hypothetical protein B9J08_01237 [Candidozyma auris]
B9J08_003377	B9J08_01238	True	100	100	100	1126	100	100	100	1126	KAK8442887.1	KAK8442887.1 hypothetical protein B9J08_01238 [Candidozyma auris]
B9J08_003378	B9J08_01239	True	100	100	100	1021	100	100	100	1021	KAK8442888.1	KAK8442888.1 hypothetical protein B9J08_01239 [Candidozyma auris]
B9J08_003379	B9J08_01240	True	100	100	100	202	100	100	100	202	KAK8442889.1	KAK8442889.1 hypothetical protein B9J08_01240 [Candidozyma auris]
B9J08_003380	B9J08_01241	True	100	100	100	1750	100	100	100	1750	KAK8442890.1	KAK8442890.1 hypothetical protein B9J08_01241 [Candidozyma auris]
B9J08_003381	B9J08_01242	True	100	100	100	870	100	100	100	870	KAK8442891.1	KAK8442891.1 hypothetical protein B9J08_01242 [Candidozyma auris]
B9J08_003382	B9J08_01243	True	100	100	100	1199	100	100	100	1199	KAK8442892.1	KAK8442892.1 hypothetical protein B9J08_01243 [Candidozyma auris]
B9J08_003383		False	100	100	100	661						KAK8442893.1 serine/threonine-protein phosphatase SIT4 [Candidozyma auris]
B9J08_003384		False	100	100	100	373						KAK8442894.1 ribosomal protein S18 [Candidozyma auris]
B9J08_003385	B9J08_01246	True	100	100	100	144	100	100	100	144	KAK8442895.1	KAK8442895.1 hypothetical protein B9J08_01246 [Candidozyma auris]
B9J08_003386	B9J08_01247	True	100	100	100	707	100	100	100	707	KAK8442896.1	KAK8442896.1 hypothetical protein B9J08_01247 [Candidozyma auris]
B9J08_003387	B9J08_01248	True	100	100	100	542	100	100	100	542	KAK8442897.1	KAK8442897.1 hypothetical protein B9J08_01248 [Candidozyma auris]
B9J08_003388	B9J08_01249	True	100	100	100	333	100	100	100	333	KAK8442898.1	KAK8442898.1 hypothetical protein B9J08_01249 [Candidozyma auris]
B9J08_003389	B9J08_01250	True	100	100	100	172	100	100	100	172	KAK8442899.1	KAK8442899.1 hypothetical protein B9J08_01250 [Candidozyma auris]
B9J08_003390	B9J08_01251	True	100	100	100	1195	100	100	100	1195	KAK8442900.1	KAK8442900.1 hypothetical protein B9J08_01251 [Candidozyma auris]
B9J08_003391	B9J08_01252	True	100	100	100	974	100	100	100	974	KAK8442901.1	KAK8442901.1 hypothetical protein B9J08_01252 [Candidozyma auris]
B9J08_003392	B9J08_01253	True	100	100	100	1103	100	100	100	1103	KAK8442902.1	KAK8442902.1 hypothetical protein B9J08_01253 [Candidozyma auris]
B9J08_003393		False	100	100	100	221						KAK8442903.1 60S ribosomal protein L34-B [Candidozyma auris]
B9J08_003394	B9J08_01255	True	100	100	100	297	100	100	100	297	KAK8442904.1	KAK8442904.1 hypothetical protein B9J08_01255 [Candidozyma auris]
B9J08_003395	B9J08_01256	True	100	100	100	1728	100	100	100	1728	KAK8442905.1	KAK8442905.1 hypothetical protein B9J08_01256 [Candidozyma auris]
B9J08_003396	B9J08_01257	True	100	100	100	2310	100	100	100	2310	KAK8442906.1	KAK8442906.1 hypothetical protein B9J08_01257 [Candidozyma auris]
B9J08_003397	B9J08_01258	True	100	100	100	2178	100	100	100	2178	KAK8442907.1	KAK8442907.1 hypothetical protein B9J08_01258 [Candidozyma auris]
B9J08_003398	B9J08_01259	True	100	100	100	933	100	100	100	933	KAK8442908.1	KAK8442908.1 hypothetical protein B9J08_01259 [Candidozyma auris]
B9J08_003399	B9J08_01260	True	100	100	100	1062	100	100	100	1062	KAK8442909.1	KAK8442909.1 hypothetical protein B9J08_01260 [Candidozyma auris]
B9J08_003400	B9J08_01261	True	100	100	100	207	100	100	100	207	KAK8442910.1	KAK8442910.1 hypothetical protein B9J08_01261 [Candidozyma auris]
B9J08_003401	B9J08_01262	True	100	100	100	4265	100	100	100	4265	KAK8442911.1	KAK8442911.1 hypothetical protein B9J08_01262 [Candidozyma auris]
B9J08_003402	B9J08_01263	True	100	100	100	982	100	100	100	982	KAK8442912.1	KAK8442912.1 hypothetical protein B9J08_01263 [Candidozyma auris]
B9J08_003403	B9J08_01264	True	100	100	100	959	100	100	100	959	KAK8442913.1	KAK8442913.1 hypothetical protein B9J08_01264 [Candidozyma auris]
B9J08_003404	B9J08_01265	True	100	100	100	1336	100	100	100	1336	KAK8442914.1	KAK8442914.1 hypothetical protein B9J08_01265 [Candidozyma auris]
B9J08_003405	B9J08_01266	True	100	100	100	1331	100	100	100	1331	KAK8442915.1	KAK8442915.1 hypothetical protein B9J08_01266 [Candidozyma auris]
B9J08_003406	B9J08_01267	True	100	100	100	519	100	100	100	519	KAK8442916.1	KAK8442916.1 hypothetical protein B9J08_01267 [Candidozyma auris]
B9J08_003407	B9J08_01268	True	100	100	100	1390	100	100	100	1390	KAK8442917.1	KAK8442917.1 hypothetical protein B9J08_01268 [Candidozyma auris]
B9J08_003408	B9J08_01269	True	100	100	100	932	100	100	100	932	KAK8442918.1	KAK8442918.1 hypothetical protein B9J08_01269 [Candidozyma auris]
B9J08_003409	B9J08_01270	True	100	100	100	706	100	100	100	706	KAK8442919.1	KAK8442919.1 hypothetical protein B9J08_01270 [Candidozyma auris]
B9J08_003410	B9J08_01271	True	100	100	100	518	100	100	100	518	KAK8442920.1	KAK8442920.1 hypothetical protein B9J08_01271 [Candidozyma auris]
B9J08_003411	B9J08_01272	True	100	100	100	1244	100	100	100	1244	KAK8442921.1	KAK8442921.1 hypothetical protein B9J08_01272 [Candidozyma auris]
B9J08_003412	B9J08_01273	True	100	100	100	984	100	100	100	984	KAK8442922.1	KAK8442922.1 hypothetical protein B9J08_01273 [Candidozyma auris]
B9J08_003413	B9J08_01274	True	100	100	100	1519	100	100	100	1519	KAK8442923.1	KAK8442923.1 hypothetical protein B9J08_01274 [Candidozyma auris]
B9J08_003414	B9J08_01275	True	100	100	100	2764	100	100	100	2764	KAK8442924.1	KAK8442924.1 hypothetical protein B9J08_01275 [Candidozyma auris]
B9J08_003416		False	100	100	100	922						KAK8442925.1 NADH-ubiquinone oxidoreductase 49 kDa subunit, mitochondrial [Candidozyma auris]
B9J08_003417	B9J08_01278	True	100	100	100	595	100	100	100	595	KAK8442926.1	KAK8442926.1 hypothetical protein B9J08_01278 [Candidozyma auris]
B9J08_003418	B9J08_01279	True	100	100	100	272	100	100	100	272	KAK8442927.1	KAK8442927.1 hypothetical protein B9J08_01279 [Candidozyma auris]
B9J08_003419	B9J08_01280	True	100	100	100	420	100	100	100	420	KAK8442928.1	KAK8442928.1 hypothetical protein B9J08_01280 [Candidozyma auris]
B9J08_003420	B9J08_01281	True	100	100	100	516	100	100	100	516	KAK8442929.1	KAK8442929.1 hypothetical protein B9J08_01281 [Candidozyma auris]
B9J08_003421	B9J08_01282	True	100	100	100	1421	100	100	100	1421	KAK8442930.1	KAK8442930.1 hypothetical protein B9J08_01282 [Candidozyma auris]
B9J08_003422	B9J08_01283	True	100	100	100	582	100	100	100	582	KAK8442931.1	KAK8442931.1 hypothetical protein B9J08_01283, partial [Candidozyma auris]
B9J08_003424	B9J08_01284	True	100	100	100	1374	100	100	100	1374	KAK8442932.1	KAK8442932.1 hypothetical protein B9J08_01284 [Candidozyma auris]
B9J08_003425	B9J08_01285	True	100	100	100	242	100	100	100	242	KAK8442933.1	KAK8442933.1 hypothetical protein B9J08_01285 [Candidozyma auris]
B9J08_003426	B9J08_01286	True	100	100	100	2643	100	100	100	2643	KAK8442934.1	KAK8442934.1 hypothetical protein B9J08_01286 [Candidozyma auris]
B9J08_003427	B9J08_01287	True	100	100	100	2500	100	100	100	2500	KAK8442935.1	KAK8442935.1 hypothetical protein B9J08_01287 [Candidozyma auris]
B9J08_003428	B9J08_01288	True	100	100	100	471	100	100	100	471	KAK8442936.1	KAK8442936.1 hypothetical protein B9J08_01288 [Candidozyma auris]
B9J08_003429	B9J08_01289	True	100	100	100	392	100	100	100	392	KAK8442937.1	KAK8442937.1 hypothetical protein B9J08_01289 [Candidozyma auris]
B9J08_003430	B9J08_01290	True	100	100	100	1327	100	100	100	1327	KAK8442938.1	KAK8442938.1 hypothetical protein B9J08_01290 [Candidozyma auris]
B9J08_003431	B9J08_01291	True	100	100	100	229	100	100	100	229	KAK8442939.1	KAK8442939.1 hypothetical protein B9J08_01291 [Candidozyma auris]
B9J08_003432		False	100	100	100	1424						KAK8442940.1 eukaryotic translation initiation factor 3 subunit B [Candidozyma auris]
B9J08_003434	B9J08_01293	True	100	100	100	1306	100	100	100	1306	KAK8442941.1	KAK8442941.1 hypothetical protein B9J08_01293 [Candidozyma auris]
B9J08_003435	B9J08_01294	True	100	100	100	498	100	100	100	498	KAK8442942.1	KAK8442942.1 hypothetical protein B9J08_01294 [Candidozyma auris]
B9J08_003436	B9J08_01295	True	100	100	100	856	100	100	100	856	KAK8442943.1	KAK8442943.1 hypothetical protein B9J08_01295 [Candidozyma auris]
B9J08_003437	B9J08_01296	True	100	100	100	447	100	100	100	447	KAK8442944.1	KAK8442944.1 hypothetical protein B9J08_01296 [Candidozyma auris]
B9J08_003438	B9J08_01297	True	100	100	100	536	100	100	100	536	KAK8442945.1	KAK8442945.1 hypothetical protein B9J08_01297 [Candidozyma auris]
B9J08_003439	B9J08_01298	True	100	100	100	1521	100	100	100	1521	KAK8442946.1	KAK8442946.1 hypothetical protein B9J08_01298 [Candidozyma auris]
B9J08_003440		False	100	100	100	777						KAK8442947.1 ketol-acid reductoisomerase, mitochondrial [Candidozyma auris]
B9J08_003441	B9J08_01300	True	100	100	100	923	100	100	100	923	KAK8442948.1	KAK8442948.1 hypothetical protein B9J08_01300 [Candidozyma auris]
B9J08_003442		False	100	100	100	328						KAK8442949.1 peroxiredoxin HYR1 [Candidozyma auris]
B9J08_003443	B9J08_01302	True	100	100	100	427	100	100	100	427	KAK8442950.1	KAK8442950.1 hypothetical protein B9J08_01302 [Candidozyma auris]
B9J08_003444	B9J08_01303	True	100	100	100	397	100	100	100	397	KAK8442951.1	KAK8442951.1 hypothetical protein B9J08_01303 [Candidozyma auris]
B9J08_003445	B9J08_01304	True	100	100	100	289	100	100	100	289	KAK8442952.1	KAK8442952.1 hypothetical protein B9J08_01304 [Candidozyma auris]
B9J08_003446		False	100	100	100	453						KAK8442953.1 Ras-like protein 1 [Candidozyma auris]
B9J08_003447	B9J08_01306	True	100	100	100	713	100	100	100	713	KAK8442954.1	KAK8442954.1 hypothetical protein B9J08_01306 [Candidozyma auris]
B9J08_003448	B9J08_01307	True	100	100	100	485	100	100	100	485	KAK8442955.1	KAK8442955.1 hypothetical protein B9J08_01307 [Candidozyma auris]
B9J08_003449		False	100	100	100	759						KAK8442956.1 glycerol-3-phosphate dehydrogenase [NAD(+)] [Candidozyma auris]
B9J08_003450	B9J08_01309	True	100	100	100	1380	100	100	100	1380	KAK8442957.1	KAK8442957.1 hypothetical protein B9J08_01309 [Candidozyma auris]
B9J08_003451	B9J08_01310	True	100	100	100	2029	100	100	100	2029	KAK8442958.1	KAK8442958.1 hypothetical protein B9J08_01310 [Candidozyma auris]
B9J08_003452		False	100	100	100	1008						KAK8442959.1 4-aminobutyrate aminotransferase [Candidozyma auris]
B9J08_003453	B9J08_01312	True	100	100	100	861	100	100	100	861	KAK8442960.1	KAK8442960.1 hypothetical protein B9J08_01312 [Candidozyma auris]
B9J08_003454	B9J08_01313	True	100	100	100	890	100	100	100	890	KAK8442961.1	KAK8442961.1 hypothetical protein B9J08_01313 [Candidozyma auris]
B9J08_003455	B9J08_01314	True	100	100	100	1046	100	100	100	1046	KAK8442962.1	KAK8442962.1 hypothetical protein B9J08_01314 [Candidozyma auris]
B9J08_003457	B9J08_01316	True	100	100	100	1468	100	100	100	1468	KAK8442963.1	KAK8442963.1 hypothetical protein B9J08_01316 [Candidozyma auris]
B9J08_003458	B9J08_01317	True	100	100	100	655	100	100	100	655	KAK8442964.1	KAK8442964.1 hypothetical protein B9J08_01317 [Candidozyma auris]
B9J08_003459	B9J08_01318	True	100	100	100	764	100	100	100	764	KAK8442965.1	KAK8442965.1 hypothetical protein B9J08_01318 [Candidozyma auris]
B9J08_003460	B9J08_01319	True	100	100	100	2298	100	100	100	2298	KAK8442966.1	KAK8442966.1 hypothetical protein B9J08_01319 [Candidozyma auris]
B9J08_003461	B9J08_01320	True	100	100	100	924	100	100	100	924	KAK8442967.1	KAK8442967.1 hypothetical protein B9J08_01320 [Candidozyma auris]
B9J08_003462		False	100	100	100	1137						KAK8442968.1 peroxisomal targeting signal receptor [Candidozyma auris]
B9J08_003463		False	100	100	100	1651						KAK8442969.1 histidinol dehydrogenase [Candidozyma auris]
B9J08_003464	B9J08_01323	True	100	100	100	849	100	100	100	849	KAK8442970.1	KAK8442970.1 hypothetical protein B9J08_01323 [Candidozyma auris]
B9J08_003465	B9J08_01324	True	100	100	100	1140	100	100	100	1140	KAK8442971.1	KAK8442971.1 hypothetical protein B9J08_01324 [Candidozyma auris]
B9J08_003466		False	100	100	100	665						KAK8442972.1 malate dehydrogenase, NAD-dependent [Candidozyma auris]
B9J08_003467	B9J08_01326	True	100	100	100	1667	100	100	100	1667	KAK8442973.1	KAK8442973.1 hypothetical protein B9J08_01326 [Candidozyma auris]
B9J08_003468	B9J08_01327	True	100	100	100	263	100	100	100	263	KAK8442974.1	KAK8442974.1 hypothetical protein B9J08_01327 [Candidozyma auris]
B9J08_003469	B9J08_01328	True	100	100	100	755	100	100	100	755	KAK8442975.1	KAK8442975.1 hypothetical protein B9J08_01328 [Candidozyma auris]
B9J08_003470	B9J08_01329	True	100	100	100	1280	100	100	100	1280	KAK8442976.1	KAK8442976.1 hypothetical protein B9J08_01329 [Candidozyma auris]
B9J08_003471	B9J08_01330	True	100	100	100	2581	100	100	100	2581	KAK8442977.1	KAK8442977.1 hypothetical protein B9J08_01330 [Candidozyma auris]
B9J08_003473	B9J08_01332	True	100	100	100	3051	100	100	100	3051	KAK8442978.1	KAK8442978.1 hypothetical protein B9J08_01332 [Candidozyma auris]
B9J08_003474	B9J08_01333	True	100	100	100	262	100	100	100	262	KAK8442979.1	KAK8442979.1 hypothetical protein B9J08_01333 [Candidozyma auris]
B9J08_003475	B9J08_01334	True	100	100	100	301	100	100	100	301	KAK8442980.1	KAK8442980.1 hypothetical protein B9J08_01334 [Candidozyma auris]
B9J08_003477	B9J08_01336	True	100	100	100	1128	100	100	100	1128	KAK8442981.1	KAK8442981.1 hypothetical protein B9J08_01336 [Candidozyma auris]
B9J08_003478	B9J08_01337	True	100	100	100	332	100	100	100	332	KAK8442982.1	KAK8442982.1 hypothetical protein B9J08_01337 [Candidozyma auris]
B9J08_003479	B9J08_01338	True	100	100	100	1874	100	100	100	1874	KAK8442983.1	KAK8442983.1 hypothetical protein B9J08_01338 [Candidozyma auris]
B9J08_003480	B9J08_01339	True	100	100	100	1425	100	100	100	1425	KAK8442984.1	KAK8442984.1 hypothetical protein B9J08_01339 [Candidozyma auris]
B9J08_003481	B9J08_01340	True	100	100	100	419	100	100	100	419	KAK8442985.1	KAK8442985.1 hypothetical protein B9J08_01340 [Candidozyma auris]
B9J08_003482	B9J08_01341	True	100	100	100	690	100	100	100	690	KAK8442986.1	KAK8442986.1 hypothetical protein B9J08_01341 [Candidozyma auris]
B9J08_003483	B9J08_01342	True	100	100	100	577	100	100	100	577	KAK8442987.1	KAK8442987.1 hypothetical protein B9J08_01342 [Candidozyma auris]
B9J08_003484	B9J08_01343	True	100	100	100	181	100	100	100	181	KAK8442988.1	KAK8442988.1 hypothetical protein B9J08_01343 [Candidozyma auris]
B9J08_003485		False	100	100	100	1073						KAK8442989.1 N2,N2-dimethylguanosine tRNA methyltransferase [Candidozyma auris]
B9J08_003486	B9J08_01345	True	100	100	100	1277	100	100	100	1277	KAK8442990.1	KAK8442990.1 hypothetical protein B9J08_01345 [Candidozyma auris]
B9J08_003487	B9J08_01346	True	100	100	100	70.9	100	100	100	70.9	KAK8442991.1	KAK8442991.1 hypothetical protein B9J08_01346 [Candidozyma auris]
B9J08_003488	B9J08_01347	True	100	100	100	677	100	100	100	677	KAK8442992.1	KAK8442992.1 hypothetical protein B9J08_01347 [Candidozyma auris]
B9J08_003489	B9J08_01348	True	100	100	100	1325	100	100	100	1325	KAK8442993.1	KAK8442993.1 hypothetical protein B9J08_01348 [Candidozyma auris]
B9J08_003490		False	100	100	100	323						KAK8442994.1 signal peptidase complex catalytic subunit SEC11 [Candidozyma auris]
B9J08_003491	B9J08_01350	True	100	100	100	566	100	100	100	566	KAK8442995.1	KAK8442995.1 hypothetical protein B9J08_01350 [Candidozyma auris]
B9J08_003494	B9J08_01353	True	100	100	100	1561	100	100	100	1561	KAK8442996.1	KAK8442996.1 hypothetical protein B9J08_01353 [Candidozyma auris]
B9J08_003495	B9J08_01354	True	100	100	100	436	100	100	100	436	KAK8442997.1	KAK8442997.1 hypothetical protein B9J08_01354 [Candidozyma auris]
B9J08_003496	B9J08_01355	True	100	100	100	947	100	100	100	947	KAK8442998.1	KAK8442998.1 hypothetical protein B9J08_01355 [Candidozyma auris]
B9J08_003497	B9J08_01356	True	100	100	100	1254	100	100	100	1254	KAK8442999.1	KAK8442999.1 hypothetical protein B9J08_01356 [Candidozyma auris]
B9J08_003498	B9J08_01357	True	100	100	100	961	100	100	100	961	KAK8443000.1	KAK8443000.1 hypothetical protein B9J08_01357 [Candidozyma auris]
B9J08_003499	B9J08_01358	True	100	100	100	1349	100	100	100	1349	KAK8443001.1	KAK8443001.1 hypothetical protein B9J08_01358 [Candidozyma auris]
B9J08_003500	B9J08_01359	True	100	100	100	429	100	100	100	429	KAK8443002.1	KAK8443002.1 hypothetical protein B9J08_01359 [Candidozyma auris]
B9J08_003501		False	100	100	100	1137						KAK8443003.1 proline-tRNA ligase [Candidozyma auris]
B9J08_003502	B9J08_01361	True	100	100	100	159	100	100	100	159	KAK8443004.1	KAK8443004.1 hypothetical protein B9J08_01361 [Candidozyma auris]
B9J08_003503	B9J08_01362	True	100	100	100	1151	100	100	100	1151	KAK8443005.1	KAK8443005.1 hypothetical protein B9J08_01362 [Candidozyma auris]
B9J08_003504	B9J08_01363	True	100	100	100	974	100	100	100	974	KAK8443006.1	KAK8443006.1 hypothetical protein B9J08_01363 [Candidozyma auris]
B9J08_003505	B9J08_01364	True	100	100	100	1575	100	100	100	1575	KAK8443007.1	KAK8443007.1 hypothetical protein B9J08_01364 [Candidozyma auris]
B9J08_003506	B9J08_01365	True	100	100	100	775	100	100	100	775	KAK8443008.1	KAK8443008.1 hypothetical protein B9J08_01365 [Candidozyma auris]
B9J08_003507	B9J08_01366	True	100	100	100	394	100	100	100	394	KAK8443009.1	KAK8443009.1 hypothetical protein B9J08_01366 [Candidozyma auris]
B9J08_003508		False	100	100	100	954						KAK8443010.1 ATP synthase subunit beta, mitochondrial [Candidozyma auris]
B9J08_003509	B9J08_01368	True	100	100	100	1665	100	100	100	1665	KAK8443011.1	KAK8443011.1 hypothetical protein B9J08_01368 [Candidozyma auris]
B9J08_003510		False	100	100	100	520						KAK8443012.1 pyrroline-5-carboxylate reductase [Candidozyma auris]
B9J08_003511	B9J08_01370	True	100	100	100	266	100	100	100	266	KAK8443013.1	KAK8443013.1 hypothetical protein B9J08_01370 [Candidozyma auris]
B9J08_003512		False	100	100	100	860						KAK8443014.1 ATP-dependent RNA helicase SUB2 [Candidozyma auris]
B9J08_003513	B9J08_01372	True	100	100	100	619	100	100	100	619	KAK8443015.1	KAK8443015.1 hypothetical protein B9J08_01372 [Candidozyma auris]
B9J08_003514		False	100	100	100	910						KAK8443016.1 protein MET17 [Candidozyma auris]
B9J08_003515	B9J08_01374	True	100	100	100	1094	100	100	100	1094	KAK8443017.1	KAK8443017.1 hypothetical protein B9J08_01374 [Candidozyma auris]
B9J08_003516	B9J08_01375	True	100	100	100	300	100	100	100	300	KAK8443018.1	KAK8443018.1 hypothetical protein B9J08_01375 [Candidozyma auris]
B9J08_003517		False	100	100	100	860						KAK8443019.1 ornithine-oxo-acid transaminase [Candidozyma auris]
B9J08_003518		False	100	100	100	1673						KAK8443020.1 sodium/hydrogen antiporter [Candidozyma auris]
B9J08_003519	B9J08_01378	True	100	100	100	515	100	100	100	515	KAK8443021.1	KAK8443021.1 hypothetical protein B9J08_01378 [Candidozyma auris]
B9J08_003521	B9J08_01380	True	100	100	100	1654	100	100	100	1654	KAK8443022.1	KAK8443022.1 hypothetical protein B9J08_01380 [Candidozyma auris]
B9J08_003522	B9J08_01381	True	100	100	100	1156	100	100	100	1156	KAK8443023.1	KAK8443023.1 hypothetical protein B9J08_01381 [Candidozyma auris]
B9J08_003523	B9J08_01382	True	100	100	100	345	100	100	100	345	KAK8443024.1	KAK8443024.1 hypothetical protein B9J08_01382 [Candidozyma auris]
B9J08_003524	B9J08_01383	True	100	100	100	634	100	100	100	634	KAK8443025.1	KAK8443025.1 hypothetical protein B9J08_01383 [Candidozyma auris]
B9J08_003525		False	100	100	100	1167						KAK8443026.1 diphthamide biosynthesis protein 2 [Candidozyma auris]
B9J08_003526	B9J08_01385	True	100	100	100	1447	100	100	100	1447	KAK8443027.1	KAK8443027.1 hypothetical protein B9J08_01385 [Candidozyma auris]
B9J08_003527	B9J08_01386	True	100	100	100	872	100	100	100	872	KAK8443028.1	KAK8443028.1 hypothetical protein B9J08_01386 [Candidozyma auris]
B9J08_003528	B9J08_01387	True	100	100	100	229	100	100	100	229	KAK8443029.1	KAK8443029.1 hypothetical protein B9J08_01387 [Candidozyma auris]
B9J08_003529	B9J08_01388	True	100	100	100	940	100	100	100	940	KAK8443030.1	KAK8443030.1 hypothetical protein B9J08_01388 [Candidozyma auris]
B9J08_003530	B9J08_01389	True	100	100	100	453	100	100	100	453	KAK8443031.1	KAK8443031.1 hypothetical protein B9J08_01389 [Candidozyma auris]
B9J08_003531		False	100	100	100	788						KAK8443032.1 histidinol-phosphate transaminase [Candidozyma auris]
B9J08_003532	B9J08_01391	True	100	100	100	642	100	100	100	642	KAK8443033.1	KAK8443033.1 hypothetical protein B9J08_01391 [Candidozyma auris]
B9J08_003533	B9J08_01392	True	100	100	100	430	100	100	100	430	KAK8443034.1	KAK8443034.1 hypothetical protein B9J08_01392 [Candidozyma auris]
B9J08_003535	B9J08_01393	True	100	100	100	2159	100	100	100	2159	KAK8443035.1	KAK8443035.1 hypothetical protein B9J08_01393 [Candidozyma auris]
B9J08_003536	B9J08_01394	True	100	100	100	804	100	100	100	804	KAK8443036.1	KAK8443036.1 hypothetical protein B9J08_01394 [Candidozyma auris]
B9J08_003537	B9J08_01395	True	100	100	100	708	100	100	100	708	KAK8443037.1	KAK8443037.1 hypothetical protein B9J08_01395 [Candidozyma auris]
B9J08_003538	B9J08_01396	True	100	100	100	845	100	100	100	845	KAK8443038.1	KAK8443038.1 hypothetical protein B9J08_01396 [Candidozyma auris]
B9J08_003539	B9J08_01397	True	100	100	100	524	100	100	100	524	KAK8443039.1	KAK8443039.1 hypothetical protein B9J08_01397 [Candidozyma auris]
B9J08_003540	B9J08_01398	True	100	100	100	1107	100	100	100	1107	KAK8443040.1	KAK8443040.1 hypothetical protein B9J08_01398 [Candidozyma auris]
B9J08_003541		False	100	100	100	865						KAK8443041.1 5'/3'-nucleotidase SurE [Candidozyma auris]
B9J08_003542	B9J08_01400	True	100	100	100	566	100	100	100	566	KAK8443042.1	KAK8443042.1 hypothetical protein B9J08_01400 [Candidozyma auris]
B9J08_003543	B9J08_01401	True	100	100	100	721	100	100	100	721	KAK8443043.1	KAK8443043.1 hypothetical protein B9J08_01401 [Candidozyma auris]
B9J08_003544	B9J08_01402	True	100	100	100	560	100	100	100	560	KAK8443044.1	KAK8443044.1 hypothetical protein B9J08_01402 [Candidozyma auris]
B9J08_003545	B9J08_01403	True	100	100	100	620	100	100	100	620	KAK8443045.1	KAK8443045.1 hypothetical protein B9J08_01403 [Candidozyma auris]
B9J08_003546	B9J08_01404	True	100	100	100	1054	100	100	100	1054	KAK8443046.1	KAK8443046.1 hypothetical protein B9J08_01404 [Candidozyma auris]
B9J08_003547	B9J08_01405	True	100	100	100	304	100	100	100	304	KAK8443047.1	KAK8443047.1 hypothetical protein B9J08_01405 [Candidozyma auris]
B9J08_003550	B9J08_01408	True	100	100	100	636	100	100	100	636	KAK8443048.1	KAK8443048.1 hypothetical protein B9J08_01408 [Candidozyma auris]
B9J08_003551	B9J08_01409	True	100	100	100	360	100	100	100	360	KAK8443049.1	KAK8443049.1 hypothetical protein B9J08_01409 [Candidozyma auris]
B9J08_003552	B9J08_01410	True	100	100	100	2045	100	100	100	2045	KAK8443050.1	KAK8443050.1 hypothetical protein B9J08_01410 [Candidozyma auris]
B9J08_003553	B9J08_01411	True	100	100	100	1172	100	100	100	1172	KAK8443051.1	KAK8443051.1 hypothetical protein B9J08_01411 [Candidozyma auris]
B9J08_003554	B9J08_01412	True	100	100	100	263	100	100	100	263	KAK8443052.1	KAK8443052.1 hypothetical protein B9J08_01412 [Candidozyma auris]
B9J08_003555	B9J08_01413	True	100	100	100	322	100	100	100	322	KAK8443053.1	KAK8443053.1 hypothetical protein B9J08_01413 [Candidozyma auris]
B9J08_003556	B9J08_01414	True	100	100	100	923	100	100	100	923	KAK8443054.1	KAK8443054.1 hypothetical protein B9J08_01414 [Candidozyma auris]
B9J08_003557	B9J08_01415	True	100	100	100	338	100	100	100	338	KAK8443055.1	KAK8443055.1 hypothetical protein B9J08_01415 [Candidozyma auris]
B9J08_003558	B9J08_01416	True	100	100	100	346	100	100	100	346	KAK8443056.1	KAK8443056.1 hypothetical protein B9J08_01416 [Candidozyma auris]
B9J08_003559	B9J08_01417	True	100	100	100	836	100	100	100	836	KAK8443057.1	KAK8443057.1 hypothetical protein B9J08_01417 [Candidozyma auris]
B9J08_003560	B9J08_01418	True	100	100	100	632	100	100	100	632	KAK8443058.1	KAK8443058.1 hypothetical protein B9J08_01418 [Candidozyma auris]
B9J08_003561	B9J08_01419	True	100	100	100	815	100	100	100	815	KAK8443059.1	KAK8443059.1 hypothetical protein B9J08_01419 [Candidozyma auris]
B9J08_003562	B9J08_01420	True	100	100	100	666	100	100	100	666	KAK8443060.1	KAK8443060.1 hypothetical protein B9J08_01420 [Candidozyma auris]
B9J08_003563	B9J08_01421	True	100	100	100	740	100	100	100	740	KAK8443061.1	KAK8443061.1 hypothetical protein B9J08_01421 [Candidozyma auris]
B9J08_003564	B9J08_01422	True	100	100	100	1249	100	100	100	1249	KAK8443062.1	KAK8443062.1 hypothetical protein B9J08_01422 [Candidozyma auris]
B9J08_003567	B9J08_01425	True	100	100	100	2680	100	100	100	2680	KAK8443063.1	KAK8443063.1 hypothetical protein B9J08_01425 [Candidozyma auris]
B9J08_003568	B9J08_01426	True	100	100	100	583	100	100	100	583	KAK8443064.1	KAK8443064.1 hypothetical protein B9J08_01426 [Candidozyma auris]
B9J08_003569	B9J08_01427	True	100	100	100	459	100	100	100	459	KAK8443065.1	KAK8443065.1 hypothetical protein B9J08_01427 [Candidozyma auris]
B9J08_003570	B9J08_01428	True	100	100	100	565	100	100	100	565	KAK8443066.1	KAK8443066.1 hypothetical protein B9J08_01428 [Candidozyma auris]
B9J08_003571	B9J08_01429	True	100	100	100	814	100	100	100	814	KAK8443067.1	KAK8443067.1 hypothetical protein B9J08_01429 [Candidozyma auris]
B9J08_003572		False	100	100	100	944						KAK8443068.1 vanadate resistance protein [Candidozyma auris]
B9J08_003573	B9J08_01431	True	100	100	100	1279	100	100	100	1279	KAK8443069.1	KAK8443069.1 hypothetical protein B9J08_01431 [Candidozyma auris]
B9J08_003574	B9J08_01432	True	100	100	100	973	100	100	100	973	KAK8443070.1	KAK8443070.1 hypothetical protein B9J08_01432 [Candidozyma auris]
B9J08_003575	B9J08_01433	True	100	100	100	831	100	100	100	831	KAK8443071.1	KAK8443071.1 hypothetical protein B9J08_01433 [Candidozyma auris]
B9J08_003576	B9J08_01434	True	100	100	100	1538	100	100	100	1538	KAK8443072.1	KAK8443072.1 hypothetical protein B9J08_01434 [Candidozyma auris]
B9J08_003577	B9J08_01435	True	100	100	100	1189	100	100	100	1189	KAK8443073.1	KAK8443073.1 hypothetical protein B9J08_01435 [Candidozyma auris]
B9J08_003578	B9J08_01436	True	100	100	100	616	100	100	100	616	KAK8443074.1	KAK8443074.1 hypothetical protein B9J08_01436 [Candidozyma auris]
B9J08_003579	B9J08_01437	True	100	100	100	890	100	100	100	890	KAK8443075.1	KAK8443075.1 hypothetical protein B9J08_01437 [Candidozyma auris]
B9J08_003580	B9J08_01438	True	100	100	100	400	100	100	100	400	KAK8443076.1	KAK8443076.1 hypothetical protein B9J08_01438 [Candidozyma auris]
B9J08_003581	B9J08_01439	True	100	100	100	1200	100	100	100	1200	KAK8443077.1	KAK8443077.1 hypothetical protein B9J08_01439 [Candidozyma auris]
B9J08_003582		False	100	100	100	525						KAK8441840.1 40S ribosomal protein S4 [Candidozyma auris]
B9J08_003583	B9J08_01441	True	100	100	100	1245	100	100	100	1245	KAK8443079.1	KAK8443079.1 hypothetical protein B9J08_01441 [Candidozyma auris]
B9J08_003584	B9J08_01442	True	100	100	100	926	100	100	100	926	KAK8443080.1	KAK8443080.1 hypothetical protein B9J08_01442 [Candidozyma auris]
B9J08_003585	B9J08_01443	True	100	100	100	564	100	100	100	564	KAK8443081.1	KAK8443081.1 hypothetical protein B9J08_01443 [Candidozyma auris]
B9J08_003586	B9J08_01444	True	100	100	100	2538	100	100	100	2538	KAK8443082.1	KAK8443082.1 hypothetical protein B9J08_01444 [Candidozyma auris]
B9J08_003587	B9J08_01445	True	100	93.4	93.4	522	100	93.4	93.4	522	KAK8443083.1	KAK8443083.1 hypothetical protein B9J08_01445 [Candidozyma auris]
B9J08_003588	B9J08_01446	True	100	100	100	454	100	100	100	454	KAK8443084.1	KAK8443084.1 hypothetical protein B9J08_01446 [Candidozyma auris]
B9J08_003589	B9J08_01447	True	100	100	100	5147	100	100	100	5147	KAK8443085.1	KAK8443085.1 hypothetical protein B9J08_01447 [Candidozyma auris]
B9J08_003590	B9J08_01448	True	100	100	100	764	100	100	100	764	KAK8443086.1	KAK8443086.1 hypothetical protein B9J08_01448 [Candidozyma auris]
B9J08_003591	B9J08_01449	True	100	100	100	678	100	100	100	678	KAK8443087.1	KAK8443087.1 hypothetical protein B9J08_01449 [Candidozyma auris]
B9J08_003592	B9J08_01450	True	100	100	100	898	100	100	100	898	KAK8443088.1	KAK8443088.1 hypothetical protein B9J08_01450 [Candidozyma auris]
B9J08_003593	B9J08_01451	True	100	100	100	897	100	100	100	897	KAK8443089.1	KAK8443089.1 hypothetical protein B9J08_01451 [Candidozyma auris]
B9J08_003594	B9J08_01452	True	100	100	100	1118	100	100	100	1118	KAK8443090.1	KAK8443090.1 hypothetical protein B9J08_01452 [Candidozyma auris]
B9J08_003595	B9J08_01453	True	100	100	100	392	100	100	100	392	KAK8443091.1	KAK8443091.1 hypothetical protein B9J08_01453 [Candidozyma auris]
B9J08_003596	B9J08_01454	True	100	100	100	558	100	100	100	558	KAK8443092.1	KAK8443092.1 hypothetical protein B9J08_01454 [Candidozyma auris]
B9J08_003597	B9J08_01455	True	100	100	100	184	100	100	100	184	KAK8443093.1	KAK8443093.1 hypothetical protein B9J08_01455 [Candidozyma auris]
B9J08_003598	B9J08_01456	True	100	100	100	425	100	100	100	425	KAK8443094.1	KAK8443094.1 hypothetical protein B9J08_01456 [Candidozyma auris]
B9J08_003599	B9J08_01457	True	100	100	100	430	100	100	100	430	KAK8443095.1	KAK8443095.1 hypothetical protein B9J08_01457 [Candidozyma auris]
B9J08_003600	B9J08_01458	True	100	100	100	304	100	100	100	304	KAK8443096.1	KAK8443096.1 hypothetical protein B9J08_01458 [Candidozyma auris]
B9J08_003601	B9J08_01459	True	100	100	100	293	100	100	100	293	KAK8443097.1	KAK8443097.1 hypothetical protein B9J08_01459 [Candidozyma auris]
B9J08_003602	B9J08_01460	True	100	100	100	951	100	100	100	951	KAK8443098.1	KAK8443098.1 hypothetical protein B9J08_01460 [Candidozyma auris]
B9J08_003603	B9J08_01461	True	100	100	100	864	100	100	100	864	KAK8443099.1	KAK8443099.1 hypothetical protein B9J08_01461 [Candidozyma auris]
B9J08_003604	B9J08_01462	True	100	100	100	1517	100	100	100	1517	KAK8443100.1	KAK8443100.1 hypothetical protein B9J08_01462 [Candidozyma auris]
B9J08_003605		False	100	100	100	286						KAK8443101.1 ribosomal protein L11 [Candidozyma auris]
B9J08_003606	B9J08_01464	True	100	100	100	532	100	100	100	532	KAK8443102.1	KAK8443102.1 hypothetical protein B9J08_01464 [Candidozyma auris]
B9J08_003607	B9J08_01465	True	100	100	100	540	100	100	100	540	KAK8443103.1	KAK8443103.1 hypothetical protein B9J08_01465 [Candidozyma auris]
B9J08_003608	B9J08_01466	True	100	100	100	1003	100	100	100	1003	KAK8443104.1	KAK8443104.1 hypothetical protein B9J08_01466 [Candidozyma auris]
B9J08_003609		False	100	100	100	2056						KAK8443105.1 glycine dehydrogenase [Candidozyma auris]
B9J08_003610		False	100	100	100	919						KAK8438990.1 elongation factor 1-alpha 2 [Candidozyma auris]
B9J08_003611	B9J08_01469	True	100	100	100	994	100	100	100	994	KAK8443107.1	KAK8443107.1 hypothetical protein B9J08_01469 [Candidozyma auris]
B9J08_003612	B9J08_01470	True	100	100	100	995	100	100	100	995	KAK8443108.1	KAK8443108.1 hypothetical protein B9J08_01470 [Candidozyma auris]
B9J08_003613	B9J08_01471	True	100	100	100	324	100	100	100	324	KAK8443109.1	KAK8443109.1 hypothetical protein B9J08_01471 [Candidozyma auris]
B9J08_003614		False	100	100	100	687						KAK8443110.1 alcohol dehydrogenase 2 [Candidozyma auris]
B9J08_003615		False	100	100	100	1365						KAK8443111.1 transketolase 1 [Candidozyma auris]
B9J08_003616	B9J08_01474	True	100	100	100	729	100	100	100	729	KAK8443112.1	KAK8443112.1 hypothetical protein B9J08_01474 [Candidozyma auris]
B9J08_003617	B9J08_01475	True	100	100	100	1071	100	100	100	1071	KAK8443113.1	KAK8443113.1 hypothetical protein B9J08_01475 [Candidozyma auris]
B9J08_003618	B9J08_01476	True	100	100	100	347	100	100	100	347	KAK8443114.1	KAK8443114.1 hypothetical protein B9J08_01476 [Candidozyma auris]
B9J08_003619	B9J08_01477	True	100	100	100	1741	100	100	100	1741	KAK8443115.1	KAK8443115.1 hypothetical protein B9J08_01477 [Candidozyma auris]
B9J08_003620	B9J08_01478	True	100	100	100	1542	100	100	100	1542	KAK8443116.1	KAK8443116.1 hypothetical protein B9J08_01478 [Candidozyma auris]
B9J08_003621	B9J08_01479	True	100	100	100	1315	100	100	100	1315	KAK8443117.1	KAK8443117.1 hypothetical protein B9J08_01479 [Candidozyma auris]
B9J08_003622	B9J08_01480	True	100	100	100	734	100	100	100	734	KAK8443118.1	KAK8443118.1 hypothetical protein B9J08_01480 [Candidozyma auris]
B9J08_003623	B9J08_01481	True	100	100	100	1530	100	100	100	1530	KAK8443119.1	KAK8443119.1 hypothetical protein B9J08_01481 [Candidozyma auris]
B9J08_003624	B9J08_01482	True	100	100	100	3627	100	100	100	3627	KAK8443120.1	KAK8443120.1 hypothetical protein B9J08_01482 [Candidozyma auris]
B9J08_003625		False	100	100	100	221						KAK8443121.1 acyl carrier protein [Candidozyma auris]
B9J08_003626	B9J08_01484	True	100	100	100	460	100	100	100	460	KAK8443122.1	KAK8443122.1 hypothetical protein B9J08_01484 [Candidozyma auris]
B9J08_003627	B9J08_01485	True	100	100	100	374	100	100	100	374	KAK8443123.1	KAK8443123.1 hypothetical protein B9J08_01485 [Candidozyma auris]
B9J08_003628	B9J08_01486	True	100	100	100	1415	100	100	100	1415	KAK8443124.1	KAK8443124.1 hypothetical protein B9J08_01486 [Candidozyma auris]
B9J08_003629	B9J08_01487	True	100	100	100	678	100	100	100	678	KAK8443125.1	KAK8443125.1 hypothetical protein B9J08_01487 [Candidozyma auris]
B9J08_003630	B9J08_01488	True	100	100	100	1104	100	100	100	1104	KAK8443126.1	KAK8443126.1 hypothetical protein B9J08_01488 [Candidozyma auris]
B9J08_003631	B9J08_01489	True	100	100	100	595	100	100	100	595	KAK8443127.1	KAK8443127.1 hypothetical protein B9J08_01489 [Candidozyma auris]
B9J08_003632		False	100	100	100	997						KAK8443128.1 pyruvate kinase [Candidozyma auris]
B9J08_003633	B9J08_01491	True	100	100	100	2060	100	100	100	2060	KAK8443129.1	KAK8443129.1 hypothetical protein B9J08_01491 [Candidozyma auris]
B9J08_003634		False	100	100	100	222						KAK8443130.1 60S ribosomal protein L31-A [Candidozyma auris]
B9J08_003635	B9J08_01493	True	100	100	100	726	100	100	100	726	KAK8443131.1	KAK8443131.1 hypothetical protein B9J08_01493 [Candidozyma auris]
B9J08_003636	B9J08_01494	True	100	100	100	270	100	100	100	270	KAK8443132.1	KAK8443132.1 hypothetical protein B9J08_01494 [Candidozyma auris]
B9J08_003637	B9J08_01495	True	100	100	100	533	100	100	100	533	KAK8443133.1	KAK8443133.1 hypothetical protein B9J08_01495 [Candidozyma auris]
B9J08_003638	B9J08_01496	True	100	100	100	1013	100	100	100	1013	KAK8443134.1	KAK8443134.1 hypothetical protein B9J08_01496 [Candidozyma auris]
B9J08_003639	B9J08_01497	True	100	100	100	2033	100	100	100	2033	KAK8443135.1	KAK8443135.1 hypothetical protein B9J08_01497 [Candidozyma auris]
B9J08_003640	B9J08_01498	True	100	100	100	1845	100	100	100	1845	KAK8443136.1	KAK8443136.1 hypothetical protein B9J08_01498 [Candidozyma auris]
B9J08_003641	B9J08_01499	True	100	100	100	1217	100	100	100	1217	KAK8443137.1	KAK8443137.1 hypothetical protein B9J08_01499 [Candidozyma auris]
B9J08_003642	B9J08_01500	True	100	100	100	400	100	100	100	400	KAK8443138.1	KAK8443138.1 hypothetical protein B9J08_01500 [Candidozyma auris]
B9J08_003643	B9J08_01501	True	100	100	100	995	100	100	100	995	KAK8443139.1	KAK8443139.1 hypothetical protein B9J08_01501 [Candidozyma auris]
B9J08_003644	B9J08_01502	True	100	100	100	290	100	100	100	290	KAK8443140.1	KAK8443140.1 hypothetical protein B9J08_01502 [Candidozyma auris]
B9J08_003645		False	100	100	100	961						KAK8443141.1 FACT complex subunit POB3 [Candidozyma auris]
B9J08_003646		False	100	100	100	728						KAK8443142.1 aspartate-semialdehyde dehydrogenase [Candidozyma auris]
B9J08_003647	B9J08_01505	True	100	100	100	560	100	100	100	560	KAK8443143.1	KAK8443143.1 hypothetical protein B9J08_01505 [Candidozyma auris]
B9J08_003648	B9J08_01506	True	100	100	100	2638	100	100	100	2638	KAK8443144.1	KAK8443144.1 hypothetical protein B9J08_01506 [Candidozyma auris]
B9J08_003649	B9J08_01507	True	100	100	100	760	100	100	100	760	KAK8443145.1	KAK8443145.1 hypothetical protein B9J08_01507 [Candidozyma auris]
B9J08_003650		False	100	100	100	367						KAK8443146.1 peptidyl-prolyl cis-trans isomerase [Candidozyma auris]
B9J08_003651	B9J08_01509	True	100	100	100	496	100	100	100	496	KAK8443147.1	KAK8443147.1 hypothetical protein B9J08_01509 [Candidozyma auris]
B9J08_003652	B9J08_01510	True	100	100	100	416	100	100	100	416	KAK8443148.1	KAK8443148.1 hypothetical protein B9J08_01510 [Candidozyma auris]
B9J08_003653		False	100	100	100	503						KAK8443149.1 DNA 3'-phosphatase [Candidozyma auris]
B9J08_003654	B9J08_01512	True	100	100	100	503	100	100	100	503	KAK8443150.1	KAK8443150.1 hypothetical protein B9J08_01512 [Candidozyma auris]
B9J08_003655	B9J08_01513	True	100	100	100	313	100	100	100	313	KAK8443151.1	KAK8443151.1 hypothetical protein B9J08_01513 [Candidozyma auris]
B9J08_003656	B9J08_01514	True	100	100	100	1113	100	100	100	1113	KAK8443152.1	KAK8443152.1 hypothetical protein B9J08_01514 [Candidozyma auris]
B9J08_003657	B9J08_01515	True	100	100	100	707	100	100	100	707	KAK8443153.1	KAK8443153.1 hypothetical protein B9J08_01515 [Candidozyma auris]
B9J08_003658	B9J08_01516	True	100	100	100	652	100	100	100	652	KAK8443154.1	KAK8443154.1 hypothetical protein B9J08_01516 [Candidozyma auris]
B9J08_003659	B9J08_01517	True	100	100	100	1368	100	100	100	1368	KAK8443155.1	KAK8443155.1 hypothetical protein B9J08_01517 [Candidozyma auris]
B9J08_003660	B9J08_01518	True	100	100	100	942	100	100	100	942	KAK8443156.1	KAK8443156.1 hypothetical protein B9J08_01518 [Candidozyma auris]
B9J08_003661	B9J08_01519	True	100	100	100	515	100	100	100	515	KAK8443157.1	KAK8443157.1 hypothetical protein B9J08_01519 [Candidozyma auris]
B9J08_003662	B9J08_01520	True	100	100	100	1362	100	100	100	1362	KAK8443158.1	KAK8443158.1 hypothetical protein B9J08_01520 [Candidozyma auris]
B9J08_003663	B9J08_01521	True	100	100	100	1514	100	100	100	1514	KAK8443159.1	KAK8443159.1 hypothetical protein B9J08_01521 [Candidozyma auris]
B9J08_003664	B9J08_01522	True	100	100	100	1957	100	100	100	1957	KAK8443160.1	KAK8443160.1 hypothetical protein B9J08_01522 [Candidozyma auris]
B9J08_003665	B9J08_01523	True	100	100	100	684	100	100	100	684	KAK8443161.1	KAK8443161.1 hypothetical protein B9J08_01523 [Candidozyma auris]
B9J08_003666	B9J08_01524	True	100	100	100	566	100	100	100	566	KAK8443162.1	KAK8443162.1 hypothetical protein B9J08_01524 [Candidozyma auris]
B9J08_003667		False	100	100	100	403						KAK8443163.1 GTP-binding protein ypt1 [Candidozyma auris]
B9J08_003668	B9J08_01526	True	100	100	100	359	100	100	100	359	KAK8443164.1	KAK8443164.1 hypothetical protein B9J08_01526 [Candidozyma auris]
B9J08_003669	B9J08_01527	True	100	100	100	927	100	100	100	927	KAK8443165.1	KAK8443165.1 hypothetical protein B9J08_01527 [Candidozyma auris]
B9J08_003670	B9J08_01528	True	100	100	100	1094	100	100	100	1094	KAK8443166.1	KAK8443166.1 hypothetical protein B9J08_01528 [Candidozyma auris]
B9J08_003671	B9J08_01529	True	100	100	100	308	100	100	100	308	KAK8443167.1	KAK8443167.1 hypothetical protein B9J08_01529 [Candidozyma auris]
B9J08_003672	B9J08_01530	True	100	100	100	220	100	100	100	220	KAK8443168.1	KAK8443168.1 hypothetical protein B9J08_01530 [Candidozyma auris]
B9J08_003673	B9J08_01531	True	100	100	100	523	100	100	100	523	KAK8443169.1	KAK8443169.1 hypothetical protein B9J08_01531 [Candidozyma auris]
B9J08_003674		False	100	100	100	403						KAK8443170.1 signal peptidase I [Candidozyma auris]
B9J08_003675	B9J08_01533	True	100	100	100	429	100	100	100	429	KAK8443171.1	KAK8443171.1 hypothetical protein B9J08_01533 [Candidozyma auris]
B9J08_003676	B9J08_01534	True	100	100	100	791	100	100	100	791	KAK8443172.1	KAK8443172.1 hypothetical protein B9J08_01534 [Candidozyma auris]
B9J08_003677		False	100	100	100	285						KAK8443173.1 40S ribosomal protein S23 [Candidozyma auris]
B9J08_003678	B9J08_01536	True	100	100	100	687	100	100	100	687	KAK8443174.1	KAK8443174.1 hypothetical protein B9J08_01536 [Candidozyma auris]
B9J08_003679	B9J08_01537	True	100	100	100	819	100	100	100	819	KAK8443175.1	KAK8443175.1 hypothetical protein B9J08_01537 [Candidozyma auris]
B9J08_003680	B9J08_01538	True	100	100	100	863	100	100	100	863	KAK8443176.1	KAK8443176.1 hypothetical protein B9J08_01538 [Candidozyma auris]
B9J08_003681	B9J08_01539	True	100	100	100	610	100	100	100	610	KAK8443177.1	KAK8443177.1 hypothetical protein B9J08_01539 [Candidozyma auris]
B9J08_003682		False	100	100	100	678						KAK8443178.1 YjeF family domain-containing protein [Candidozyma auris]
B9J08_003683	B9J08_01541	True	100	100	100	751	100	100	100	751	KAK8443179.1	KAK8443179.1 hypothetical protein B9J08_01541 [Candidozyma auris]
B9J08_003684		False	100	100	100	740						KAK8443180.1 glycerol-3-phosphate dehydrogenase (NAD(+)) [Candidozyma auris]
B9J08_003685	B9J08_01543	True	100	100	100	694	100	100	100	694	KAK8443181.1	KAK8443181.1 hypothetical protein B9J08_01543 [Candidozyma auris]
B9J08_003686	B9J08_01544	True	100	100	100	357	100	100	100	357	KAK8443182.1	KAK8443182.1 hypothetical protein B9J08_01544 [Candidozyma auris]
B9J08_003687	B9J08_01545	True	100	100	100	653	100	100	100	653	KAK8443183.1	KAK8443183.1 hypothetical protein B9J08_01545 [Candidozyma auris]
B9J08_003688		False	100	100	100	920						KAK8443184.1 ATP-dependent rRNA helicase RRP3 [Candidozyma auris]
B9J08_003689	B9J08_01547	True	100	100	100	636	100	100	100	636	KAK8443185.1	KAK8443185.1 hypothetical protein B9J08_01547 [Candidozyma auris]
B9J08_003690	B9J08_01548	True	100	100	100	1137	100	100	100	1137	KAK8443186.1	KAK8443186.1 hypothetical protein B9J08_01548 [Candidozyma auris]
B9J08_003691	B9J08_01549	True	100	100	100	308	100	100	100	308	KAK8443187.1	KAK8443187.1 hypothetical protein B9J08_01549 [Candidozyma auris]
B9J08_003692	B9J08_01550	True	100	100	100	1488	100	100	100	1488	KAK8443188.1	KAK8443188.1 hypothetical protein B9J08_01550 [Candidozyma auris]
B9J08_003693	B9J08_01551	True	100	100	100	915	100	100	100	915	KAK8443189.1	KAK8443189.1 hypothetical protein B9J08_01551 [Candidozyma auris]
B9J08_003694	B9J08_01552	True	100	100	100	1149	100	100	100	1149	KAK8443190.1	KAK8443190.1 hypothetical protein B9J08_01552 [Candidozyma auris]
B9J08_003695		False	100	100	100	172						KAK8443191.1 40S ribosomal protein S27-B [Candidozyma auris]
B9J08_003696	B9J08_01554	True	100	100	100	1424	100	100	100	1424	KAK8443192.1	KAK8443192.1 hypothetical protein B9J08_01554 [Candidozyma auris]
B9J08_003697	B9J08_01555	True	100	100	100	529	100	100	100	529	KAK8443193.1	KAK8443193.1 hypothetical protein B9J08_01555 [Candidozyma auris]
B9J08_003698	B9J08_01556	True	100	100	100	822	100	100	100	822	KAK8443194.1	KAK8443194.1 hypothetical protein B9J08_01556 [Candidozyma auris]
B9J08_003699	B9J08_01557	True	100	100	100	729	100	100	100	729	KAK8443195.1	KAK8443195.1 hypothetical protein B9J08_01557 [Candidozyma auris]
B9J08_003700	B9J08_01558	True	100	100	100	2725	100	100	100	2725	KAK8443196.1	KAK8443196.1 hypothetical protein B9J08_01558 [Candidozyma auris]
B9J08_003701	B9J08_01559	True	100	100	100	299	100	100	100	299	KAK8443197.1	KAK8443197.1 hypothetical protein B9J08_01559 [Candidozyma auris]
B9J08_003702	B9J08_01560	True	100	100	100	482	100	100	100	482	KAK8443198.1	KAK8443198.1 hypothetical protein B9J08_01560 [Candidozyma auris]
B9J08_003703	B9J08_01561	True	100	100	100	884	100	100	100	884	KAK8443199.1	KAK8443199.1 hypothetical protein B9J08_01561 [Candidozyma auris]
B9J08_003704	B9J08_01562	True	100	100	100	610	100	100	100	610	KAK8443200.1	KAK8443200.1 hypothetical protein B9J08_01562 [Candidozyma auris]
B9J08_003705	B9J08_01563	True	100	100	100	1167	100	100	100	1167	KAK8443201.1	KAK8443201.1 hypothetical protein B9J08_01563 [Candidozyma auris]
B9J08_003706	B9J08_05002	True	100	100	100	2178	100	100	100	2178	KAK8438648.1	KAK8438648.1 hypothetical protein B9J08_05002 [Candidozyma auris]
B9J08_003707	B9J08_01565	True	100	100	100	1580	100	100	100	1580	KAK8443203.1	KAK8443203.1 hypothetical protein B9J08_01565 [Candidozyma auris]
B9J08_003708		False	100	100	100	1269						KAK8443204.1 glycine-tRNA ligase 1, mitochondrial [Candidozyma auris]
B9J08_003709	B9J08_01567	True	100	100	100	1156	100	100	100	1156	KAK8443205.1	KAK8443205.1 hypothetical protein B9J08_01567 [Candidozyma auris]
B9J08_003710	B9J08_01568	True	100	100	100	1085	100	100	100	1085	KAK8443206.1	KAK8443206.1 hypothetical protein B9J08_01568 [Candidozyma auris]
B9J08_003711	B9J08_01569	True	100	100	100	486	100	100	100	486	KAK8443207.1	KAK8443207.1 hypothetical protein B9J08_01569 [Candidozyma auris]
B9J08_003712	B9J08_01570	True	100	100	100	1093	100	100	100	1093	KAK8443208.1	KAK8443208.1 hypothetical protein B9J08_01570 [Candidozyma auris]
B9J08_003713	B9J08_01571	True	100	100	100	1511	100	100	100	1511	KAK8443209.1	KAK8443209.1 hypothetical protein B9J08_01571 [Candidozyma auris]
B9J08_003714	B9J08_01572	True	100	100	100	907	100	100	100	907	KAK8443210.1	KAK8443210.1 hypothetical protein B9J08_01572 [Candidozyma auris]
B9J08_003715	B9J08_01573	True	100	100	100	845	100	100	100	845	KAK8443211.1	KAK8443211.1 hypothetical protein B9J08_01573 [Candidozyma auris]
B9J08_003716	B9J08_01574	True	100	100	100	612	100	100	100	612	KAK8443212.1	KAK8443212.1 hypothetical protein B9J08_01574 [Candidozyma auris]
B9J08_003717	B9J08_01575	True	100	100	100	384	100	100	100	384	KAK8443213.1	KAK8443213.1 hypothetical protein B9J08_01575 [Candidozyma auris]
B9J08_003718	B9J08_01576	True	100	100	100	417	100	100	100	417	KAK8443214.1	KAK8443214.1 hypothetical protein B9J08_01576 [Candidozyma auris]
B9J08_003719	B9J08_01577	True	100	100	100	743	100	100	100	743	KAK8443215.1	KAK8443215.1 hypothetical protein B9J08_01577 [Candidozyma auris]
B9J08_003720	B9J08_01578	True	100	100	100	3649	100	100	100	3649	KAK8443216.1	KAK8443216.1 hypothetical protein B9J08_01578 [Candidozyma auris]
B9J08_003721	B9J08_01579	True	100	100	100	328	100	100	100	328	KAK8443217.1	KAK8443217.1 hypothetical protein B9J08_01579 [Candidozyma auris]
B9J08_003722		False	100	100	100	855						KAK8443218.1 homocitrate synthase, mitochondrial [Candidozyma auris]
B9J08_003723	B9J08_01581	True	100	100	100	656	100	100	100	656	KAK8443219.1	KAK8443219.1 hypothetical protein B9J08_01581 [Candidozyma auris]
B9J08_003724	B9J08_01582	True	100	100	100	1019	100	100	100	1019	KAK8443220.1	KAK8443220.1 hypothetical protein B9J08_01582 [Candidozyma auris]
B9J08_003725	B9J08_01583	True	100	100	100	756	100	100	100	756	KAK8443221.1	KAK8443221.1 hypothetical protein B9J08_01583 [Candidozyma auris]
B9J08_003726	B9J08_01584	True	100	100	100	1724	100	100	100	1724	KAK8443222.1	KAK8443222.1 hypothetical protein B9J08_01584 [Candidozyma auris]
B9J08_003727	B9J08_01585	True	100	100	100	1420	100	100	100	1420	KAK8443223.1	KAK8443223.1 hypothetical protein B9J08_01585 [Candidozyma auris]
B9J08_003728	B9J08_01586	True	100	100	100	374	100	100	100	374	KAK8443224.1	KAK8443224.1 hypothetical protein B9J08_01586 [Candidozyma auris]
B9J08_003729	B9J08_01587	True	100	100	100	648	100	100	100	648	KAK8443225.1	KAK8443225.1 hypothetical protein B9J08_01587 [Candidozyma auris]
B9J08_003730		False	100	100	100	764						KAK8443226.1 acetyl-CoA acetyltransferase IA [Candidozyma auris]
B9J08_003731	B9J08_01589	True	100	100	100	451	100	100	100	451	KAK8443227.1	KAK8443227.1 hypothetical protein B9J08_01589 [Candidozyma auris]
B9J08_003732	B9J08_01590	True	100	100	100	814	100	100	100	814	KAK8443228.1	KAK8443228.1 hypothetical protein B9J08_01590 [Candidozyma auris]
B9J08_003733	B9J08_01591	True	100	100	100	672	100	100	100	672	KAK8443229.1	KAK8443229.1 hypothetical protein B9J08_01591 [Candidozyma auris]
B9J08_003734	B9J08_01592	True	100	100	100	1098	100	100	100	1098	KAK8443230.1	KAK8443230.1 hypothetical protein B9J08_01592 [Candidozyma auris]
B9J08_003735	B9J08_01593	True	100	100	100	679	100	100	100	679	KAK8443231.1	KAK8443231.1 hypothetical protein B9J08_01593 [Candidozyma auris]
B9J08_003736	B9J08_01594	True	100	100	100	982	100	100	100	982	KAK8443232.1	KAK8443232.1 hypothetical protein B9J08_01594 [Candidozyma auris]
B9J08_003737	B9J08_01595	True	100	100	100	754	100	100	100	754	KAK8443233.1	KAK8443233.1 hypothetical protein B9J08_01595 [Candidozyma auris]
B9J08_003738		False	100	100	100	707						KAK8443234.1 porphobilinogen deaminase [Candidozyma auris]
B9J08_003739	B9J08_01597	True	100	100	100	1553	100	100	100	1553	KAK8443235.1	KAK8443235.1 hypothetical protein B9J08_01597 [Candidozyma auris]
B9J08_003740	B9J08_01598	True	100	100	100	2120	100	100	100	2120	KAK8443236.1	KAK8443236.1 hypothetical protein B9J08_01598 [Candidozyma auris]
B9J08_003741	B9J08_01599	True	100	100	100	366	100	100	100	366	KAK8443237.1	KAK8443237.1 hypothetical protein B9J08_01599 [Candidozyma auris]
B9J08_003742		False	100	100	100	1292						KAK8443238.1 methylenetetrahydrofolate reductase [Candidozyma auris]
B9J08_003743	B9J08_01601	True	100	100	100	487	100	100	100	487	KAK8443239.1	KAK8443239.1 hypothetical protein B9J08_01601 [Candidozyma auris]
B9J08_003744	B9J08_01602	True	100	100	100	253	100	100	100	253	KAK8443240.1	KAK8443240.1 hypothetical protein B9J08_01602 [Candidozyma auris]
B9J08_003745	B9J08_01603	True	100	100	100	784	100	100	100	784	KAK8443241.1	KAK8443241.1 hypothetical protein B9J08_01603 [Candidozyma auris]
B9J08_003746	B9J08_01604	True	100	100	100	916	100	100	100	916	KAK8443242.1	KAK8443242.1 hypothetical protein B9J08_01604 [Candidozyma auris]
B9J08_003747	B9J08_01605	True	100	100	100	245	100	100	100	245	KAK8443243.1	KAK8443243.1 hypothetical protein B9J08_01605 [Candidozyma auris]
B9J08_003748	B9J08_01606	True	100	100	100	1035	100	100	100	1035	KAK8443244.1	KAK8443244.1 hypothetical protein B9J08_01606 [Candidozyma auris]
B9J08_003749	B9J08_01607	True	100	100	100	435	100	100	100	435	KAK8443245.1	KAK8443245.1 hypothetical protein B9J08_01607 [Candidozyma auris]
B9J08_003750	B9J08_01608	True	100	100	100	585	100	100	100	585	KAK8443246.1	KAK8443246.1 hypothetical protein B9J08_01608 [Candidozyma auris]
B9J08_003751	B9J08_01609	True	100	100	100	441	100	100	100	441	KAK8443247.1	KAK8443247.1 hypothetical protein B9J08_01609 [Candidozyma auris]
B9J08_003752	B9J08_01610	True	100	100	100	1313	100	100	100	1313	KAK8443248.1	KAK8443248.1 hypothetical protein B9J08_01610 [Candidozyma auris]
B9J08_003753	B9J08_01611	True	100	100	100	682	100	100	100	682	KAK8443249.1	KAK8443249.1 hypothetical protein B9J08_01611 [Candidozyma auris]
B9J08_003754	B9J08_01612	True	100	100	100	560	100	100	100	560	KAK8443250.1	KAK8443250.1 hypothetical protein B9J08_01612 [Candidozyma auris]
B9J08_003755		False	100	100	100	278						KAK8443251.1 40S ribosomal protein S15 [Candidozyma auris]
B9J08_003756		False	100	100	100	130						KAK8443252.1 60S acidic ribosomal protein P2-B [Candidozyma auris]
B9J08_003757	B9J08_01615	True	100	100	100	439	100	100	100	439	KAK8443253.1	KAK8443253.1 hypothetical protein B9J08_01615 [Candidozyma auris]
B9J08_003758	B9J08_01616	True	100	100	100	1697	100	100	100	1697	KAK8443254.1	KAK8443254.1 hypothetical protein B9J08_01616 [Candidozyma auris]
B9J08_003759	B9J08_01617	True	100	100	100	545	100	100	100	545	KAK8443255.1	KAK8443255.1 hypothetical protein B9J08_01617 [Candidozyma auris]
B9J08_003760	B9J08_01618	True	100	100	100	728	100	100	100	728	KAK8443256.1	KAK8443256.1 hypothetical protein B9J08_01618 [Candidozyma auris]
B9J08_003761	B9J08_01619	True	100	100	100	1294	100	100	100	1294	KAK8443257.1	KAK8443257.1 hypothetical protein B9J08_01619 [Candidozyma auris]
B9J08_003762	B9J08_01620	True	100	100	100	860	100	100	100	860	KAK8443258.1	KAK8443258.1 hypothetical protein B9J08_01620 [Candidozyma auris]
B9J08_003763	B9J08_01621	True	100	100	100	680	100	100	100	680	KAK8443259.1	KAK8443259.1 hypothetical protein B9J08_01621 [Candidozyma auris]
B9J08_003764		False	100	100	100	473						KAK8443260.1 dephospho-CoA kinase [Candidozyma auris]
B9J08_003765	B9J08_01623	True	100	100	100	2027	100	100	100	2027	KAK8443261.1	KAK8443261.1 hypothetical protein B9J08_01623 [Candidozyma auris]
B9J08_003766	B9J08_01624	True	100	100	100	1243	100	100	100	1243	KAK8443262.1	KAK8443262.1 hypothetical protein B9J08_01624 [Candidozyma auris]
B9J08_003767		False	100	100	100	281						KAK8443263.1 cytidine deaminase [Candidozyma auris]
B9J08_003768		False	100	100	100	763						KAK8443264.1 methionine aminopeptidase, type I [Candidozyma auris]
B9J08_003771		False	100	95.5	95.5	1028						KAK8443265.1 T-complex protein 1, zeta subunit [Candidozyma auris]
B9J08_003772	B9J08_01630	True	100	100	100	236	100	100	100	236	KAK8443266.1	KAK8443266.1 hypothetical protein B9J08_01630 [Candidozyma auris]
B9J08_003773	B9J08_01631	True	100	100	100	1238	100	100	100	1238	KAK8443267.1	KAK8443267.1 hypothetical protein B9J08_01631 [Candidozyma auris]
B9J08_003774		False	100	100	100	875						KAK8443268.1 RuvB-like helicase 1 [Candidozyma auris]
B9J08_003775	B9J08_01633	True	100	100	100	546	100	100	100	546	KAK8443269.1	KAK8443269.1 hypothetical protein B9J08_01633 [Candidozyma auris]
B9J08_003776	B9J08_01634	True	100	100	100	1159	100	100	100	1159	KAK8443270.1	KAK8443270.1 hypothetical protein B9J08_01634 [Candidozyma auris]
B9J08_003777	B9J08_01635	True	100	100	100	385	100	100	100	385	KAK8443271.1	KAK8443271.1 hypothetical protein B9J08_01635 [Candidozyma auris]
B9J08_003778		False	100	100	100	802						KAK8443272.1 26S protease regulatory subunit 6A [Candidozyma auris]
B9J08_003779	B9J08_01637	True	100	100	100	132	100	100	100	132	KAK8443273.1	KAK8443273.1 hypothetical protein B9J08_01637 [Candidozyma auris]
B9J08_003780		False	100	100	100	2870						KAK8443274.1 DNA-directed RNA polymerase III subunit RPC1 [Candidozyma auris]
B9J08_003781	B9J08_01639	True	100	100	100	393	100	100	100	393	KAK8443275.1	KAK8443275.1 hypothetical protein B9J08_01639 [Candidozyma auris]
B9J08_003782	B9J08_01640	True	100	100	100	1532	100	100	100	1532	KAK8443276.1	KAK8443276.1 hypothetical protein B9J08_01640 [Candidozyma auris]
B9J08_003783		False	100	100	100	727						KAK8443277.1 anthranilate phosphoribosyltransferase [Candidozyma auris]
B9J08_003784	B9J08_01642	True	100	100	100	4023	100	100	100	4023	KAK8443278.1	KAK8443278.1 hypothetical protein B9J08_01642 [Candidozyma auris]
B9J08_003785		False	100	100	100	796						KAK8443279.1 pyruvate dehydrogenase E1 component subunit alpha, mitochondrial [Candidozyma auris]
B9J08_003786	B9J08_01644	True	100	100	100	194	100	100	100	194	KAK8443280.1	KAK8443280.1 hypothetical protein B9J08_01644 [Candidozyma auris]
B9J08_003787		False	100	100	100	405						KAK8443281.1 proteasome subunit beta type-3 [Candidozyma auris]
B9J08_003788	B9J08_01646	True	100	100	100	1823	100	100	100	1823	KAK8443282.1	KAK8443282.1 hypothetical protein B9J08_01646 [Candidozyma auris]
B9J08_003789	B9J08_01647	True	100	100	100	975	100	100	100	975	KAK8443283.1	KAK8443283.1 hypothetical protein B9J08_01647 [Candidozyma auris]
B9J08_003790	B9J08_01648	True	100	100	100	1982	100	100	100	1982	KAK8443284.1	KAK8443284.1 hypothetical protein B9J08_01648 [Candidozyma auris]
B9J08_003791		False	100	100	100	945						KAK8443285.1 serine hydroxymethyltransferase, mitochondrial [Candidozyma auris]
B9J08_003792	B9J08_01650	True	100	100	100	566	100	100	100	566	KAK8443286.1	KAK8443286.1 hypothetical protein B9J08_01650 [Candidozyma auris]
B9J08_003793	B9J08_01651	True	100	100	100	1125	100	100	100	1125	KAK8443287.1	KAK8443287.1 hypothetical protein B9J08_01651 [Candidozyma auris]
B9J08_003794	B9J08_01652	True	100	100	100	1191	100	100	100	1191	KAK8443288.1	KAK8443288.1 hypothetical protein B9J08_01652 [Candidozyma auris]
B9J08_003795		False	100	100	100	2052						KAK8443289.1 ATP-dependent RNA helicase DOB1 [Candidozyma auris]
B9J08_003796	B9J08_01654	True	100	100	100	1478	100	100	100	1478	KAK8443290.1	KAK8443290.1 hypothetical protein B9J08_01654 [Candidozyma auris]
B9J08_003797	B9J08_01655	True	100	100	100	806	100	100	100	806	KAK8443291.1	KAK8443291.1 hypothetical protein B9J08_01655 [Candidozyma auris]
B9J08_003798	B9J08_01656	True	100	100	100	1156	100	100	100	1156	KAK8443292.1	KAK8443292.1 hypothetical protein B9J08_01656 [Candidozyma auris]
B9J08_003799	B9J08_01657	True	100	100	100	545	100	100	100	545	KAK8443293.1	KAK8443293.1 hypothetical protein B9J08_01657 [Candidozyma auris]
B9J08_003800	B9J08_01658	True	100	100	100	2635	100	100	100	2635	KAK8443294.1	KAK8443294.1 hypothetical protein B9J08_01658 [Candidozyma auris]
B9J08_003801	B9J08_01659	True	100	100	100	573	100	100	100	573	KAK8443295.1	KAK8443295.1 hypothetical protein B9J08_01659 [Candidozyma auris]
B9J08_003802	B9J08_01660	True	100	100	100	1775	100	100	100	1775	KAK8443296.1	KAK8443296.1 hypothetical protein B9J08_01660 [Candidozyma auris]
B9J08_003803	B9J08_01661	True	100	91.8	91.8	942	100	91.8	91.8	942	KAK8443297.1	KAK8443297.1 hypothetical protein B9J08_01661 [Candidozyma auris]
B9J08_003804		False	100	100	100	236						KAK8443298.1 cytochrome c [Candidozyma auris]
B9J08_003805	B9J08_01663	True	100	100	100	337	100	100	100	337	KAK8443299.1	KAK8443299.1 hypothetical protein B9J08_01663 [Candidozyma auris]
B9J08_003806	B9J08_01664	True	100	100	100	461	100	100	100	461	KAK8443300.1	KAK8443300.1 hypothetical protein B9J08_01664 [Candidozyma auris]
B9J08_003807	B9J08_01665	True	100	100	100	1108	100	100	100	1108	KAK8443301.1	KAK8443301.1 hypothetical protein B9J08_01665 [Candidozyma auris]
B9J08_003808	B9J08_01666	True	100	100	100	3004	100	100	100	3004	KAK8443302.1	KAK8443302.1 hypothetical protein B9J08_01666 [Candidozyma auris]
B9J08_003809		False	100	100	100	640						KAK8443303.1 6-phosphogluconolactonase [Candidozyma auris]
B9J08_003810	B9J08_01668	True	100	87.8	87.8	513	100	87.8	87.8	513	KAK8443304.1	KAK8443304.1 hypothetical protein B9J08_01668 [Candidozyma auris]
B9J08_003811	B9J08_01669	True	100	100	100	367	100	100	100	367	KAK8443305.1	KAK8443305.1 hypothetical protein B9J08_01669 [Candidozyma auris]
B9J08_003812	B9J08_01670	True	100	100	100	739	100	100	100	739	KAK8443306.1	KAK8443306.1 hypothetical protein B9J08_01670 [Candidozyma auris]
B9J08_003813	B9J08_01671	True	100	100	100	600	100	100	100	600	KAK8443307.1	KAK8443307.1 hypothetical protein B9J08_01671 [Candidozyma auris]
B9J08_003814		False	100	100	100	969						KAK8443308.1 histone acetyltransferase ESA1 [Candidozyma auris]
B9J08_003815	B9J08_01673	True	100	100	100	793	100	100	100	793	KAK8443309.1	KAK8443309.1 hypothetical protein B9J08_01673 [Candidozyma auris]
B9J08_003816	B9J08_01674	True	100	100	100	751	100	100	100	751	KAK8443310.1	KAK8443310.1 hypothetical protein B9J08_01674 [Candidozyma auris]
B9J08_003817	B9J08_01675	True	100	100	100	954	100	100	100	954	KAK8443311.1	KAK8443311.1 hypothetical protein B9J08_01675 [Candidozyma auris]
B9J08_003818	B9J08_01676	True	100	100	100	440	100	100	100	440	KAK8443312.1	KAK8443312.1 hypothetical protein B9J08_01676 [Candidozyma auris]
B9J08_003819		False	100	100	100	964						KAK8443313.1 glutathione reductase [Candidozyma auris]
B9J08_003820	B9J08_01678	True	100	100	100	610	100	100	100	610	KAK8443314.1	KAK8443314.1 hypothetical protein B9J08_01678 [Candidozyma auris]
B9J08_003821	B9J08_01679	True	100	100	100	909	100	100	100	909	KAK8443315.1	KAK8443315.1 hypothetical protein B9J08_01679 [Candidozyma auris]
B9J08_003822	B9J08_01680	True	100	100	100	1266	100	100	100	1266	KAK8443316.1	KAK8443316.1 hypothetical protein B9J08_01680 [Candidozyma auris]
B9J08_003823	B9J08_01681	True	100	100	100	416	100	100	100	416	KAK8443317.1	KAK8443317.1 hypothetical protein B9J08_01681 [Candidozyma auris]
B9J08_003824	B9J08_01682	True	100	100	100	964	100	100	100	964	KAK8443318.1	KAK8443318.1 hypothetical protein B9J08_01682 [Candidozyma auris]
B9J08_003825	B9J08_01683	True	100	100	100	640	100	100	100	640	KAK8443319.1	KAK8443319.1 hypothetical protein B9J08_01683 [Candidozyma auris]
B9J08_003826	B9J08_01684	True	100	100	100	1298	100	100	100	1298	KAK8443320.1	KAK8443320.1 hypothetical protein B9J08_01684 [Candidozyma auris]
B9J08_003827	B9J08_01685	True	100	100	100	650	100	100	100	650	KAK8443321.1	KAK8443321.1 hypothetical protein B9J08_01685 [Candidozyma auris]
B9J08_003828	B9J08_01686	True	100	100	100	1203	100	100	100	1203	KAK8443322.1	KAK8443322.1 hypothetical protein B9J08_01686 [Candidozyma auris]
B9J08_003829	B9J08_01687	True	100	100	100	1623	100	100	100	1623	KAK8443323.1	KAK8443323.1 hypothetical protein B9J08_01687 [Candidozyma auris]
B9J08_003830	B9J08_01688	True	100	100	100	1173	100	100	100	1173	KAK8443324.1	KAK8443324.1 hypothetical protein B9J08_01688 [Candidozyma auris]
B9J08_003832	B9J08_01690	True	100	100	100	2590	100	100	100	2590	KAK8443325.1	KAK8443325.1 hypothetical protein B9J08_01690 [Candidozyma auris]
B9J08_003833	B9J08_01691	True	100	100	100	606	100	100	100	606	KAK8443326.1	KAK8443326.1 hypothetical protein B9J08_01691 [Candidozyma auris]
B9J08_003834		False	100	100	100	1650						KAK8443327.1 translation elongation factor G [Candidozyma auris]
B9J08_003835	B9J08_01693	True	100	100	100	1602	100	100	100	1602	KAK8443328.1	KAK8443328.1 hypothetical protein B9J08_01693 [Candidozyma auris]
B9J08_003836	B9J08_01694	True	100	100	100	994	100	100	100	994	KAK8443329.1	KAK8443329.1 hypothetical protein B9J08_01694 [Candidozyma auris]
B9J08_003837		False	100	100	100	502						KAK8443330.1 glucosamine-6-phosphate isomerase [Candidozyma auris]
B9J08_003838		False	100	100	100	834						KAK8443331.1 N-acetylglucosamine-6-phosphate deacetylase [Candidozyma auris]
B9J08_003839	B9J08_01697	True	100	100	100	553	100	100	100	553	KAK8443332.1	KAK8443332.1 hypothetical protein B9J08_01697 [Candidozyma auris]
B9J08_003840		False	100	100	100	534						KAK8443333.1 chorismate mutase [Candidozyma auris]
B9J08_003841	B9J08_01699	True	100	100	100	1562	100	100	100	1562	KAK8443334.1	KAK8443334.1 hypothetical protein B9J08_01699 [Candidozyma auris]
B9J08_003842	B9J08_01700	True	100	100	100	487	100	100	100	487	KAK8443335.1	KAK8443335.1 hypothetical protein B9J08_01700 [Candidozyma auris]
B9J08_003843	B9J08_01701	True	100	100	100	836	100	100	100	836	KAK8443336.1	KAK8443336.1 hypothetical protein B9J08_01701 [Candidozyma auris]
B9J08_003844	B9J08_01702	True	100	100	100	509	100	100	100	509	KAK8443337.1	KAK8443337.1 hypothetical protein B9J08_01702 [Candidozyma auris]
B9J08_003845	B9J08_01703	True	100	100	100	2776	100	100	100	2776	KAK8443338.1	KAK8443338.1 hypothetical protein B9J08_01703 [Candidozyma auris]
B9J08_003846	B9J08_01704	True	100	100	100	725	100	100	100	725	KAK8443339.1	KAK8443339.1 hypothetical protein B9J08_01704 [Candidozyma auris]
B9J08_003847	B9J08_01705	True	100	100	100	1394	100	100	100	1394	KAK8443340.1	KAK8443340.1 hypothetical protein B9J08_01705 [Candidozyma auris]
B9J08_003848	B9J08_01706	True	100	100	100	1180	100	100	100	1180	KAK8443341.1	KAK8443341.1 hypothetical protein B9J08_01706 [Candidozyma auris]
B9J08_003849	B9J08_01707	True	100	100	100	790	100	100	100	790	KAK8443342.1	KAK8443342.1 hypothetical protein B9J08_01707 [Candidozyma auris]
B9J08_003850	B9J08_01708	True	100	100	100	1129	100	100	100	1129	KAK8443343.1	KAK8443343.1 hypothetical protein B9J08_01708 [Candidozyma auris]
B9J08_003851	B9J08_01709	True	100	100	100	1164	100	100	100	1164	KAK8443344.1	KAK8443344.1 hypothetical protein B9J08_01709 [Candidozyma auris]
B9J08_003852		False	100	100	100	957						KAK8443345.1 mannan endo-1,6-alpha-mannosidase DCW1 [Candidozyma auris]
B9J08_003853	B9J08_01711	True	100	100	100	1066	100	100	100	1066	KAK8443346.1	KAK8443346.1 hypothetical protein B9J08_01711 [Candidozyma auris]
B9J08_003854	B9J08_01712	True	100	100	100	859	100	100	100	859	KAK8443347.1	KAK8443347.1 hypothetical protein B9J08_01712 [Candidozyma auris]
B9J08_003855	B9J08_01713	True	100	100	100	1651	100	100	100	1651	KAK8443348.1	KAK8443348.1 hypothetical protein B9J08_01713 [Candidozyma auris]
B9J08_003856	B9J08_01714	True	100	100	100	890	100	100	100	890	KAK8443349.1	KAK8443349.1 hypothetical protein B9J08_01714 [Candidozyma auris]
B9J08_003857	B9J08_01715	True	100	100	100	851	100	100	100	851	KAK8443350.1	KAK8443350.1 hypothetical protein B9J08_01715 [Candidozyma auris]
B9J08_003858	B9J08_01716	True	100	100	100	2986	100	100	100	2986	KAK8443351.1	KAK8443351.1 hypothetical protein B9J08_01716 [Candidozyma auris]
B9J08_003859		False	100	100	100	185						KAK8443352.1 dynein light chain 1, cytoplasmic [Candidozyma auris]
B9J08_003860		False	100	100	100	352						KAK8443353.1 adenine phosphoribosyltransferase [Candidozyma auris]
B9J08_003861	B9J08_01719	True	100	100	100	1590	100	100	100	1590	KAK8443354.1	KAK8443354.1 hypothetical protein B9J08_01719 [Candidozyma auris]
B9J08_003862	B9J08_01720	True	100	100	100	985	100	100	100	985	KAK8443355.1	KAK8443355.1 hypothetical protein B9J08_01720 [Candidozyma auris]
B9J08_003863	B9J08_01721	True	100	100	100	414	100	100	100	414	KAK8443356.1	KAK8443356.1 hypothetical protein B9J08_01721 [Candidozyma auris]
B9J08_003864	B9J08_01722	True	100	100	100	623	100	100	100	623	KAK8443357.1	KAK8443357.1 hypothetical protein B9J08_01722 [Candidozyma auris]
B9J08_003865	B9J08_01723	True	100	100	100	747	100	100	100	747	KAK8443358.1	KAK8443358.1 hypothetical protein B9J08_01723 [Candidozyma auris]
B9J08_003866		False	100	100	100	1442						KAK8443359.1 NAD+ synthetase [Candidozyma auris]
B9J08_003867	B9J08_01725	True	100	100	100	804	100	100	100	804	KAK8443360.1	KAK8443360.1 hypothetical protein B9J08_01725 [Candidozyma auris]
B9J08_003868	B9J08_01726	True	100	100	100	1364	100	100	100	1364	KAK8443361.1	KAK8443361.1 hypothetical protein B9J08_01726 [Candidozyma auris]
B9J08_003869	B9J08_01727	True	100	100	100	485	100	100	100	485	KAK8443362.1	KAK8443362.1 hypothetical protein B9J08_01727 [Candidozyma auris]
B9J08_003870	B9J08_01728	True	100	100	100	612	100	100	100	612	KAK8443363.1	KAK8443363.1 hypothetical protein B9J08_01728 [Candidozyma auris]
B9J08_003871	B9J08_01729	True	100	100	100	1006	100	100	100	1006	KAK8443364.1	KAK8443364.1 hypothetical protein B9J08_01729 [Candidozyma auris]
B9J08_003872	B9J08_01730	True	100	100	100	830	100	100	100	830	KAK8443365.1	KAK8443365.1 hypothetical protein B9J08_01730 [Candidozyma auris]
B9J08_003873	B9J08_01731	True	100	100	100	1531	100	100	100	1531	KAK8443366.1	KAK8443366.1 hypothetical protein B9J08_01731 [Candidozyma auris]
B9J08_003874		False	100	100	100	1162						KAK8443367.1 imidazoleglycerol phosphate synthase, cyclase subunit [Candidozyma auris]
B9J08_003875	B9J08_01733	True	100	100	100	1034	100	100	100	1034	KAK8443368.1	KAK8443368.1 hypothetical protein B9J08_01733 [Candidozyma auris]
B9J08_003876	B9J08_01734	True	100	100	100	1305	100	100	100	1305	KAK8443369.1	KAK8443369.1 hypothetical protein B9J08_01734 [Candidozyma auris]
B9J08_003877	B9J08_01735	True	100	100	100	695	100	100	100	695	KAK8443370.1	KAK8443370.1 hypothetical protein B9J08_01735 [Candidozyma auris]
B9J08_003878	B9J08_01736	True	100	100	100	981	100	100	100	981	KAK8443371.1	KAK8443371.1 hypothetical protein B9J08_01736 [Candidozyma auris]
B9J08_003879		False	100	100	100	1999						KAK8443372.1 chitin synthase 1 [Candidozyma auris]
B9J08_003880	B9J08_01738	True	100	100	100	331	100	100	100	331	KAK8443373.1	KAK8443373.1 hypothetical protein B9J08_01738 [Candidozyma auris]
B9J08_003881	B9J08_01739	True	100	100	100	1047	100	100	100	1047	KAK8443374.1	KAK8443374.1 hypothetical protein B9J08_01739 [Candidozyma auris]
B9J08_003882		False	100	100	100	716						KAK8443375.1 phospho-2-dehydro-3-deoxyheptonate aldolase, tyrosine-inhibited [Candidozyma auris]
B9J08_003883	B9J08_01741	True	100	100	100	813	100	100	100	813	KAK8443376.1	KAK8443376.1 hypothetical protein B9J08_01741 [Candidozyma auris]
B9J08_003884	B9J08_01742	True	100	100	100	1533	100	100	100	1533	KAK8443377.1	KAK8443377.1 hypothetical protein B9J08_01742 [Candidozyma auris]
B9J08_003885	B9J08_01743	True	100	100	100	698	100	100	100	698	KAK8443378.1	KAK8443378.1 hypothetical protein B9J08_01743 [Candidozyma auris]
B9J08_003886	B9J08_01744	True	100	100	100	594	100	100	100	594	KAK8443379.1	KAK8443379.1 hypothetical protein B9J08_01744 [Candidozyma auris]
B9J08_003887	B9J08_01745	True	100	100	100	1656	100	100	100	1656	KAK8443380.1	KAK8443380.1 hypothetical protein B9J08_01745 [Candidozyma auris]
B9J08_003888	B9J08_01746	True	100	100	100	310	100	100	100	310	KAK8443381.1	KAK8443381.1 hypothetical protein B9J08_01746 [Candidozyma auris]
B9J08_003889		False	100	100	100	397						KAK8443382.1 GTP-binding protein RHO1 [Candidozyma auris]
B9J08_003890	B9J08_01748	True	100	100	100	566	100	100	100	566	KAK8443383.1	KAK8443383.1 hypothetical protein B9J08_01748 [Candidozyma auris]
B9J08_003891	B9J08_01749	True	100	100	100	239	100	100	100	239	KAK8443384.1	KAK8443384.1 hypothetical protein B9J08_01749 [Candidozyma auris]
B9J08_003892	B9J08_01750	True	100	100	100	1201	100	100	100	1201	KAK8443385.1	KAK8443385.1 hypothetical protein B9J08_01750 [Candidozyma auris]
B9J08_003893	B9J08_01751	True	100	100	100	1170	100	100	100	1170	KAK8443386.1	KAK8443386.1 hypothetical protein B9J08_01751 [Candidozyma auris]
B9J08_003894		False	100	100	100	1016						KAK8443387.1 eukaryotic translation initiation factor 2 subunit gamma [Candidozyma auris]
B9J08_003895	B9J08_01753	True	100	100	100	861	100	100	100	861	KAK8443388.1	KAK8443388.1 hypothetical protein B9J08_01753 [Candidozyma auris]
B9J08_003896	B9J08_01754	True	100	100	100	1491	100	100	100	1491	KAK8443389.1	KAK8443389.1 hypothetical protein B9J08_01754 [Candidozyma auris]
B9J08_003897	B9J08_01755	True	100	100	100	1325	100	100	100	1325	KAK8443390.1	KAK8443390.1 hypothetical protein B9J08_01755 [Candidozyma auris]
B9J08_003898	B9J08_01756	True	100	100	100	456	100	100	100	456	KAK8443391.1	KAK8443391.1 hypothetical protein B9J08_01756 [Candidozyma auris]
B9J08_003899	B9J08_01757	True	100	100	100	1586	100	100	100	1586	KAK8443392.1	KAK8443392.1 hypothetical protein B9J08_01757 [Candidozyma auris]
B9J08_003900	B9J08_01758	True	100	100	100	2899	100	100	100	2899	KAK8443393.1	KAK8443393.1 hypothetical protein B9J08_01758 [Candidozyma auris]
B9J08_003901	B9J08_01759	True	100	100	100	408	100	100	100	408	KAK8443394.1	KAK8443394.1 hypothetical protein B9J08_01759 [Candidozyma auris]
B9J08_003902	B9J08_01760	True	100	100	100	1689	100	100	100	1689	KAK8443395.1	KAK8443395.1 hypothetical protein B9J08_01760 [Candidozyma auris]
B9J08_003903	B9J08_01761	True	100	100	100	759	100	100	100	759	KAK8443396.1	KAK8443396.1 hypothetical protein B9J08_01761 [Candidozyma auris]
B9J08_003904	B9J08_01762	True	100	100	100	443	100	100	100	443	KAK8443397.1	KAK8443397.1 hypothetical protein B9J08_01762 [Candidozyma auris]
B9J08_003905		False	100	100	100	419						KAK8443398.1 ribosomal RNA large subunit methyltransferase J [Candidozyma auris]
B9J08_003906	B9J08_01764	True	100	100	100	1055	100	100	100	1055	KAK8443399.1	KAK8443399.1 hypothetical protein B9J08_01764 [Candidozyma auris]
B9J08_003907	B9J08_01765	True	100	100	100	804	100	100	100	804	KAK8443400.1	KAK8443400.1 hypothetical protein B9J08_01765 [Candidozyma auris]
B9J08_003908	B9J08_01766	True	100	100	100	1196	100	100	100	1196	KAK8443401.1	KAK8443401.1 hypothetical protein B9J08_01766 [Candidozyma auris]
B9J08_003909	B9J08_01767	True	100	100	100	805	100	100	100	805	KAK8443402.1	KAK8443402.1 hypothetical protein B9J08_01767 [Candidozyma auris]
B9J08_003910	B9J08_01768	True	100	100	100	430	100	100	100	430	KAK8443403.1	KAK8443403.1 hypothetical protein B9J08_01768 [Candidozyma auris]
B9J08_003911	B9J08_01769	True	100	100	100	997	100	100	100	997	KAK8443404.1	KAK8443404.1 hypothetical protein B9J08_01769 [Candidozyma auris]
B9J08_003912	B9J08_01770	True	100	100	100	1027	100	100	100	1027	KAK8443405.1	KAK8443405.1 hypothetical protein B9J08_01770 [Candidozyma auris]
B9J08_003913	B9J08_01771	True	100	100	100	686	100	100	100	686	KAK8443406.1	KAK8443406.1 hypothetical protein B9J08_01771 [Candidozyma auris]
B9J08_003914	B9J08_01772	True	100	100	100	768	100	100	100	768	KAK8443407.1	KAK8443407.1 hypothetical protein B9J08_01772 [Candidozyma auris]
B9J08_003915	B9J08_01773	True	100	100	100	1920	100	100	100	1920	KAK8443408.1	KAK8443408.1 hypothetical protein B9J08_01773 [Candidozyma auris]
B9J08_003916		False	100	100	100	409						KAK8443409.1 3,4-dihydroxy-2-butanone 4-phosphate synthase [Candidozyma auris]
B9J08_003917	B9J08_01775	True	100	100	100	275	100	100	100	275	KAK8443410.1	KAK8443410.1 hypothetical protein B9J08_01775 [Candidozyma auris]
B9J08_003918		False	100	100	100	845						KAK8443411.1 tryptophan-tRNA ligase, cytoplasmic [Candidozyma auris]
B9J08_003919		False	100	100	100	265						KAK8443412.1 60S ribosomal protein L27 [Candidozyma auris]
B9J08_003920	B9J08_01778	True	100	100	100	2115	100	100	100	2115	KAK8443413.1	KAK8443413.1 hypothetical protein B9J08_01778 [Candidozyma auris]
B9J08_003921	B9J08_01779	True	100	100	100	1299	100	100	100	1299	KAK8443414.1	KAK8443414.1 hypothetical protein B9J08_01779 [Candidozyma auris]
B9J08_003922	B9J08_01780	True	100	100	100	1699	100	100	100	1699	KAK8443415.1	KAK8443415.1 hypothetical protein B9J08_01780 [Candidozyma auris]
B9J08_003923	B9J08_01781	True	100	100	100	446	100	100	100	446	KAK8443416.1	KAK8443416.1 hypothetical protein B9J08_01781 [Candidozyma auris]
B9J08_003924	B9J08_01782	True	100	100	100	5145	100	100	100	5145	KAK8443417.1	KAK8443417.1 hypothetical protein B9J08_01782 [Candidozyma auris]
B9J08_003926	B9J08_01783	True	100	100	100	139	100	100	100	139	KAK8443418.1	KAK8443418.1 hypothetical protein B9J08_01783 [Candidozyma auris]
B9J08_003927		False	100	100	100	566						KAK8443419.1 ribosome biogenesis protein BRX1 [Candidozyma auris]
B9J08_003928	B9J08_01785	True	100	100	100	1240	100	100	100	1240	KAK8443420.1	KAK8443420.1 hypothetical protein B9J08_01785 [Candidozyma auris]
B9J08_003929	B9J08_01786	True	100	100	100	960	100	100	100	960	KAK8443421.1	KAK8443421.1 hypothetical protein B9J08_01786 [Candidozyma auris]
B9J08_003930	B9J08_01787	True	100	100	100	418	100	100	100	418	KAK8443422.1	KAK8443422.1 hypothetical protein B9J08_01787 [Candidozyma auris]
B9J08_003931	B9J08_01788	True	100	100	100	1092	100	100	100	1092	KAK8443423.1	KAK8443423.1 hypothetical protein B9J08_01788 [Candidozyma auris]
B9J08_003932		False	100	100	100	607						KAK8443424.1 di-trans,poly-cis-decaprenylcistransferase [Candidozyma auris]
B9J08_003933	B9J08_01790	True	100	100	100	448	100	100	100	448	KAK8443425.1	KAK8443425.1 hypothetical protein B9J08_01790 [Candidozyma auris]
B9J08_003934	B9J08_01791	True	100	100	100	862	100	100	100	862	KAK8443426.1	KAK8443426.1 hypothetical protein B9J08_01791 [Candidozyma auris]
B9J08_003935	B9J08_01792	True	100	100	100	615	100	100	100	615	KAK8443427.1	KAK8443427.1 hypothetical protein B9J08_01792 [Candidozyma auris]
B9J08_003936	B9J08_01793	True	100	100	100	2091	100	100	100	2091	KAK8443428.1	KAK8443428.1 hypothetical protein B9J08_01793 [Candidozyma auris]
B9J08_003937	B9J08_01794	True	100	100	100	943	100	100	100	943	KAK8443429.1	KAK8443429.1 hypothetical protein B9J08_01794 [Candidozyma auris]
B9J08_003938	B9J08_01795	True	100	100	100	195	100	100	100	195	KAK8443430.1	KAK8443430.1 hypothetical protein B9J08_01795 [Candidozyma auris]
B9J08_003939	B9J08_01796	True	100	100	100	2041	100	100	100	2041	KAK8443431.1	KAK8443431.1 hypothetical protein B9J08_01796 [Candidozyma auris]
B9J08_003940		False	100	100	100	422						KAK8443432.1 DNA-directed RNA polymerase I, II, and III subunit RPABC1 [Candidozyma auris]
B9J08_003941	B9J08_01798	True	100	100	100	514	100	100	100	514	KAK8443433.1	KAK8443433.1 hypothetical protein B9J08_01798 [Candidozyma auris]
B9J08_003942	B9J08_01799	True	100	100	100	646	100	100	100	646	KAK8443434.1	KAK8443434.1 hypothetical protein B9J08_01799 [Candidozyma auris]
B9J08_003943		False	100	100	100	630						KAK8443435.1 ribokinase [Candidozyma auris]
B9J08_003944	B9J08_01801	True	100	100	100	1518	100	100	100	1518	KAK8443436.1	KAK8443436.1 hypothetical protein B9J08_01801 [Candidozyma auris]
B9J08_003945	B9J08_01802	True	100	100	100	568	100	100	100	568	KAK8443437.1	KAK8443437.1 hypothetical protein B9J08_01802 [Candidozyma auris]
B9J08_003946	B9J08_01803	True	100	100	100	1447	100	100	100	1447	KAK8443438.1	KAK8443438.1 hypothetical protein B9J08_01803 [Candidozyma auris]
B9J08_003947	B9J08_01804	True	100	100	100	492	100	100	100	492	KAK8443439.1	KAK8443439.1 hypothetical protein B9J08_01804 [Candidozyma auris]
B9J08_003948	B9J08_01805	True	100	100	100	1105	100	100	100	1105	KAK8443440.1	KAK8443440.1 hypothetical protein B9J08_01805 [Candidozyma auris]
B9J08_003949	B9J08_01806	True	100	100	100	1480	100	100	100	1480	KAK8443441.1	KAK8443441.1 hypothetical protein B9J08_01806 [Candidozyma auris]
B9J08_003950	B9J08_01807	True	100	100	100	1052	100	100	100	1052	KAK8443442.1	KAK8443442.1 hypothetical protein B9J08_01807 [Candidozyma auris]
B9J08_003951		False	100	100	100	1093						KAK8443443.1 phosphoribosylaminoimidazole carboxylase [Candidozyma auris]
B9J08_003952	B9J08_01809	True	100	100	100	162	100	100	100	162	KAK8443444.1	KAK8443444.1 hypothetical protein B9J08_01809 [Candidozyma auris]
B9J08_003953		False	100	100	100	382						KAK8443445.1 60S ribosomal protein L19-B [Candidozyma auris]
B9J08_003954	B9J08_01811	True	100	100	100	880	100	100	100	880	KAK8443446.1	KAK8443446.1 hypothetical protein B9J08_01811 [Candidozyma auris]
B9J08_003955	B9J08_01812	True	100	100	100	882	100	100	100	882	KAK8443447.1	KAK8443447.1 hypothetical protein B9J08_01812 [Candidozyma auris]
B9J08_003956	B9J08_01813	True	100	100	100	368	100	100	100	368	KAK8443448.1	KAK8443448.1 hypothetical protein B9J08_01813 [Candidozyma auris]
B9J08_003957	B9J08_01814	True	100	100	100	1239	100	100	100	1239	KAK8443449.1	KAK8443449.1 hypothetical protein B9J08_01814 [Candidozyma auris]
B9J08_003958	B9J08_01815	True	100	100	100	215	100	100	100	215	KAK8443450.1	KAK8443450.1 hypothetical protein B9J08_01815 [Candidozyma auris]
B9J08_003959	B9J08_01816	True	100	100	100	545	100	100	100	545	KAK8443451.1	KAK8443451.1 hypothetical protein B9J08_01816 [Candidozyma auris]
B9J08_003960	B9J08_01817	True	100	100	100	2171	100	100	100	2171	KAK8443452.1	KAK8443452.1 hypothetical protein B9J08_01817 [Candidozyma auris]
B9J08_003961	B9J08_01818	True	100	100	100	256	100	100	100	256	KAK8443453.1	KAK8443453.1 hypothetical protein B9J08_01818 [Candidozyma auris]
B9J08_003962	B9J08_01819	True	100	100	100	740	100	100	100	740	KAK8443454.1	KAK8443454.1 hypothetical protein B9J08_01819 [Candidozyma auris]
B9J08_003963	B9J08_01820	True	100	100	100	365	100	100	100	365	KAK8443455.1	KAK8443455.1 hypothetical protein B9J08_01820 [Candidozyma auris]
B9J08_003964	B9J08_01821	True	100	100	100	962	100	100	100	962	KAK8443456.1	KAK8443456.1 hypothetical protein B9J08_01821 [Candidozyma auris]
B9J08_003965		False	100	100	100	641						KAK8443457.1 spermidine synthase [Candidozyma auris]
B9J08_003966	B9J08_01823	True	100	100	100	812	100	100	100	812	KAK8443458.1	KAK8443458.1 hypothetical protein B9J08_01823 [Candidozyma auris]
B9J08_003967	B9J08_01824	True	100	100	100	1016	100	100	100	1016	KAK8443459.1	KAK8443459.1 hypothetical protein B9J08_01824 [Candidozyma auris]
B9J08_003968	B9J08_01825	True	100	100	100	91.3	100	100	100	91.3	KAK8443460.1	KAK8443460.1 hypothetical protein B9J08_01825 [Candidozyma auris]
B9J08_003969	B9J08_01826	True	100	100	100	168	100	100	100	168	KAK8443461.1	KAK8443461.1 hypothetical protein B9J08_01826 [Candidozyma auris]
B9J08_003970	B9J08_01827	True	100	100	100	972	100	100	100	972	KAK8443462.1	KAK8443462.1 hypothetical protein B9J08_01827 [Candidozyma auris]
B9J08_003971	B9J08_01828	True	100	100	100	1029	100	100	100	1029	KAK8443463.1	KAK8443463.1 hypothetical protein B9J08_01828 [Candidozyma auris]
B9J08_003972	B9J08_01829	True	100	100	100	830	100	100	100	830	KAK8443464.1	KAK8443464.1 hypothetical protein B9J08_01829 [Candidozyma auris]
B9J08_003973	B9J08_01830	True	100	100	100	839	100	100	100	839	KAK8443465.1	KAK8443465.1 hypothetical protein B9J08_01830 [Candidozyma auris]
B9J08_003974	B9J08_01831	True	100	100	100	461	100	100	100	461	KAK8443466.1	KAK8443466.1 hypothetical protein B9J08_01831 [Candidozyma auris]
B9J08_003975	B9J08_01832	True	100	100	100	499	100	100	100	499	KAK8443467.1	KAK8443467.1 hypothetical protein B9J08_01832 [Candidozyma auris]
B9J08_003976	B9J08_01833	True	100	100	100	468	100	100	100	468	KAK8443468.1	KAK8443468.1 hypothetical protein B9J08_01833 [Candidozyma auris]
B9J08_003977	B9J08_01834	True	100	100	100	351	100	100	100	351	KAK8443469.1	KAK8443469.1 hypothetical protein B9J08_01834 [Candidozyma auris]
B9J08_003979	B9J08_01836	True	100	100	100	891	100	100	100	891	KAK8443470.1	KAK8443470.1 hypothetical protein B9J08_01836 [Candidozyma auris]
B9J08_003980	B9J08_01837	True	100	100	100	780	100	100	100	780	KAK8443471.1	KAK8443471.1 hypothetical protein B9J08_01837 [Candidozyma auris]
B9J08_003981	B9J08_01838	True	100	100	100	1081	100	100	100	1081	KAK8443472.1	KAK8443472.1 hypothetical protein B9J08_01838 [Candidozyma auris]
B9J08_003982	B9J08_01839	True	100	100	100	1256	100	100	100	1256	KAK8443473.1	KAK8443473.1 hypothetical protein B9J08_01839 [Candidozyma auris]
B9J08_003983	B9J08_01840	True	100	100	100	1025	100	100	100	1025	KAK8443474.1	KAK8443474.1 hypothetical protein B9J08_01840 [Candidozyma auris]
B9J08_003984	B9J08_01841	True	100	100	100	449	100	100	100	449	KAK8443475.1	KAK8443475.1 hypothetical protein B9J08_01841 [Candidozyma auris]
B9J08_003985	B9J08_01842	True	100	100	100	711	100	100	100	711	KAK8443476.1	KAK8443476.1 hypothetical protein B9J08_01842 [Candidozyma auris]
B9J08_003986	B9J08_01843	True	100	100	100	393	100	100	100	393	KAK8443477.1	KAK8443477.1 hypothetical protein B9J08_01843 [Candidozyma auris]
B9J08_003987	B9J08_01844	True	100	100	100	216	100	100	100	216	KAK8443478.1	KAK8443478.1 hypothetical protein B9J08_01844 [Candidozyma auris]
B9J08_003988	B9J08_01845	True	100	100	100	1522	100	100	100	1522	KAK8443479.1	KAK8443479.1 hypothetical protein B9J08_01845 [Candidozyma auris]
B9J08_003989	B9J08_01846	True	100	100	100	973	100	100	100	973	KAK8443480.1	KAK8443480.1 hypothetical protein B9J08_01846 [Candidozyma auris]
B9J08_003990	B9J08_01847	True	100	100	100	1924	100	100	100	1924	KAK8443481.1	KAK8443481.1 hypothetical protein B9J08_01847 [Candidozyma auris]
B9J08_003991		False	100	100	100	1069						KAK8443482.1 heat shock protein 60, mitochondrial [Candidozyma auris]
B9J08_003992	B9J08_01849	True	100	100	100	1784	100	100	100	1784	KAK8443483.1	KAK8443483.1 hypothetical protein B9J08_01849 [Candidozyma auris]
B9J08_003993	B9J08_01850	True	100	100	100	906	100	100	100	906	KAK8443484.1	KAK8443484.1 hypothetical protein B9J08_01850 [Candidozyma auris]
B9J08_003995	B9J08_01852	True	100	100	100	1197	100	100	100	1197	KAK8443485.1	KAK8443485.1 hypothetical protein B9J08_01852 [Candidozyma auris]
B9J08_003996		False	100	100	100	248						KAK8443486.1 histone H2A.Z [Candidozyma auris]
B9J08_003997	B9J08_01854	True	100	100	100	318	100	100	100	318	KAK8443487.1	KAK8443487.1 hypothetical protein B9J08_01854 [Candidozyma auris]
B9J08_003998		False	100	100	100	1354						KAK8443488.1 acetyl-coenzyme A synthetase 1 [Candidozyma auris]
B9J08_003999	B9J08_01856	True	100	100	100	520	100	100	100	520	KAK8443489.1	KAK8443489.1 hypothetical protein B9J08_01856 [Candidozyma auris]
B9J08_004000	B9J08_01857	True	100	100	100	2108	100	100	100	2108	KAK8443490.1	KAK8443490.1 hypothetical protein B9J08_01857 [Candidozyma auris]
B9J08_004001	B9J08_01858	True	100	100	100	449	100	100	100	449	KAK8443491.1	KAK8443491.1 hypothetical protein B9J08_01858 [Candidozyma auris]
B9J08_004002	B9J08_01859	True	100	100	100	1107	100	100	100	1107	KAK8443492.1	KAK8443492.1 hypothetical protein B9J08_01859 [Candidozyma auris]
B9J08_004003	B9J08_01860	True	100	100	100	421	100	100	100	421	KAK8443493.1	KAK8443493.1 hypothetical protein B9J08_01860 [Candidozyma auris]
B9J08_004004	B9J08_01861	True	100	100	100	1009	100	100	100	1009	KAK8443494.1	KAK8443494.1 hypothetical protein B9J08_01861 [Candidozyma auris]
B9J08_004005		False	100	100	100	384						KAK8443495.1 ATP synthase F1, delta subunit [Candidozyma auris]
B9J08_004006		False	100	100	100	699						KAK8443496.1 ribosomal protein L2 [Candidozyma auris]
B9J08_004007	B9J08_01864	True	100	100	100	404	100	100	100	404	KAK8443497.1	KAK8443497.1 hypothetical protein B9J08_01864 [Candidozyma auris]
B9J08_004008	B9J08_01865	True	100	100	100	413	100	100	100	413	KAK8443498.1	KAK8443498.1 hypothetical protein B9J08_01865 [Candidozyma auris]
B9J08_004009	B9J08_01866	True	100	100	100	1708	100	100	100	1708	KAK8443499.1	KAK8443499.1 hypothetical protein B9J08_01866 [Candidozyma auris]
B9J08_004010	B9J08_01867	True	100	100	100	1287	100	100	100	1287	KAK8443500.1	KAK8443500.1 hypothetical protein B9J08_01867 [Candidozyma auris]
B9J08_004011	B9J08_01868	True	100	100	100	1812	100	100	100	1812	KAK8443501.1	KAK8443501.1 hypothetical protein B9J08_01868 [Candidozyma auris]
B9J08_004012	B9J08_01869	True	100	100	100	538	100	100	100	538	KAK8443502.1	KAK8443502.1 hypothetical protein B9J08_01869 [Candidozyma auris]
B9J08_004013	B9J08_01870	True	100	100	100	1407	100	100	100	1407	KAK8443503.1	KAK8443503.1 hypothetical protein B9J08_01870 [Candidozyma auris]
B9J08_004014	B9J08_01871	True	100	100	100	246	100	100	100	246	KAK8443504.1	KAK8443504.1 hypothetical protein B9J08_01871 [Candidozyma auris]
B9J08_004015	B9J08_01872	True	100	100	100	2066	100	100	100	2066	KAK8443505.1	KAK8443505.1 hypothetical protein B9J08_01872 [Candidozyma auris]
B9J08_004016	B9J08_01873	True	100	100	100	1282	100	100	100	1282	KAK8443506.1	KAK8443506.1 hypothetical protein B9J08_01873 [Candidozyma auris]
B9J08_004017	B9J08_01874	True	100	100	100	491	100	100	100	491	KAK8443507.1	KAK8443507.1 hypothetical protein B9J08_01874 [Candidozyma auris]
B9J08_004018	B9J08_01875	True	100	100	100	544	100	100	100	544	KAK8443508.1	KAK8443508.1 hypothetical protein B9J08_01875 [Candidozyma auris]
B9J08_004019	B9J08_01876	True	100	100	100	707	100	100	100	707	KAK8443509.1	KAK8443509.1 hypothetical protein B9J08_01876 [Candidozyma auris]
B9J08_004020	B9J08_01877	True	100	100	100	149	100	100	100	149	KAK8443510.1	KAK8443510.1 hypothetical protein B9J08_01877 [Candidozyma auris]
B9J08_004021	B9J08_01878	True	100	100	100	953	100	100	100	953	KAK8443511.1	KAK8443511.1 hypothetical protein B9J08_01878 [Candidozyma auris]
B9J08_004022	B9J08_01879	True	100	100	100	253	100	100	100	253	KAK8443512.1	KAK8443512.1 hypothetical protein B9J08_01879 [Candidozyma auris]
B9J08_004023	B9J08_01880	True	100	100	100	1266	100	100	100	1266	KAK8443513.1	KAK8443513.1 hypothetical protein B9J08_01880 [Candidozyma auris]
B9J08_004024		False	100	100	100	249						KAK8443514.1 nuclear transport factor 2 [Candidozyma auris]
B9J08_004025	B9J08_01882	True	100	100	100	538	100	100	100	538	KAK8443515.1	KAK8443515.1 hypothetical protein B9J08_01882 [Candidozyma auris]
B9J08_004026	B9J08_01883	True	100	100	100	1107	100	100	100	1107	KAK8443516.1	KAK8443516.1 hypothetical protein B9J08_01883 [Candidozyma auris]
B9J08_004027	B9J08_01884	True	100	100	100	754	100	100	100	754	KAK8443517.1	KAK8443517.1 hypothetical protein B9J08_01884 [Candidozyma auris]
B9J08_004028	B9J08_01885	True	100	100	100	1515	100	100	100	1515	KAK8443518.1	KAK8443518.1 hypothetical protein B9J08_01885 [Candidozyma auris]
B9J08_004029	B9J08_01886	True	100	100	100	1169	100	100	100	1169	KAK8443519.1	KAK8443519.1 hypothetical protein B9J08_01886 [Candidozyma auris]
B9J08_004030		False	100	100	100	763						KAK8443520.1 cAMP-dependent protein kinase type 3 [Candidozyma auris]
B9J08_004031	B9J08_01888	True	100	100	100	2311	100	100	100	2311	KAK8443521.1	KAK8443521.1 hypothetical protein B9J08_01888 [Candidozyma auris]
B9J08_004032	B9J08_01889	True	100	100	100	488	100	100	100	488	KAK8443522.1	KAK8443522.1 hypothetical protein B9J08_01889 [Candidozyma auris]
B9J08_004033	B9J08_01890	True	100	100	100	599	100	100	100	599	KAK8443523.1	KAK8443523.1 hypothetical protein B9J08_01890 [Candidozyma auris]
B9J08_004034	B9J08_01891	True	100	100	100	453	100	100	100	453	KAK8443524.1	KAK8443524.1 hypothetical protein B9J08_01891 [Candidozyma auris]
B9J08_004035	B9J08_01892	True	100	80.8	80.8	374	100	80.8	80.8	374	KAK8443525.1	KAK8443525.1 hypothetical protein B9J08_01892 [Candidozyma auris]
B9J08_004036	B9J08_01893	True	100	100	100	852	100	100	100	852	KAK8443526.1	KAK8443526.1 hypothetical protein B9J08_01893 [Candidozyma auris]
B9J08_004037	B9J08_01894	True	100	100	100	410	100	100	100	410	KAK8443527.1	KAK8443527.1 hypothetical protein B9J08_01894 [Candidozyma auris]
B9J08_004038		False	100	100	100	593						KAK8443528.1 mitochondrial phosphate carrier protein [Candidozyma auris]
B9J08_004039	B9J08_01896	True	100	100	100	880	100	100	100	880	KAK8443529.1	KAK8443529.1 hypothetical protein B9J08_01896 [Candidozyma auris]
B9J08_004040	B9J08_01897	True	100	100	100	1171	100	100	100	1171	KAK8443530.1	KAK8443530.1 hypothetical protein B9J08_01897 [Candidozyma auris]
B9J08_004041	B9J08_01898	True	100	100	100	374	100	100	100	374	KAK8443531.1	KAK8443531.1 hypothetical protein B9J08_01898 [Candidozyma auris]
B9J08_004042	B9J08_01899	True	100	100	100	1216	100	100	100	1216	KAK8443532.1	KAK8443532.1 hypothetical protein B9J08_01899 [Candidozyma auris]
B9J08_004043	B9J08_01900	True	100	100	100	1509	100	100	100	1509	KAK8443533.1	KAK8443533.1 hypothetical protein B9J08_01900 [Candidozyma auris]
B9J08_004044	B9J08_01901	True	100	100	100	208	100	100	100	208	KAK8443534.1	KAK8443534.1 hypothetical protein B9J08_01901 [Candidozyma auris]
B9J08_004045	B9J08_01902	True	100	100	100	1003	100	100	100	1003	KAK8443535.1	KAK8443535.1 hypothetical protein B9J08_01902 [Candidozyma auris]
B9J08_004046		False	100	100	100	1888						KAK8443536.1 GPI ethanolamine phosphate transferase 1 [Candidozyma auris]
B9J08_004047	B9J08_01904	True	100	100	100	1032	100	100	100	1032	KAK8443537.1	KAK8443537.1 hypothetical protein B9J08_01904 [Candidozyma auris]
B9J08_004048	B9J08_01905	True	100	100	100	704	100	100	100	704	KAK8443538.1	KAK8443538.1 hypothetical protein B9J08_01905 [Candidozyma auris]
B9J08_004049	B9J08_01906	True	100	100	100	822	100	100	100	822	KAK8443539.1	KAK8443539.1 hypothetical protein B9J08_01906 [Candidozyma auris]
B9J08_004050		False	100	100	100	327						KAK8443540.1 golgi apparatus membrane protein TVP18 [Candidozyma auris]
B9J08_004051	B9J08_01908	True	100	100	100	696	100	100	100	696	KAK8443541.1	KAK8443541.1 hypothetical protein B9J08_01908 [Candidozyma auris]
B9J08_004052	B9J08_01909	True	100	100	100	1428	100	100	100	1428	KAK8443542.1	KAK8443542.1 hypothetical protein B9J08_01909 [Candidozyma auris]
B9J08_004053	B9J08_01910	True	100	100	100	1128	100	100	100	1128	KAK8443543.1	KAK8443543.1 hypothetical protein B9J08_01910 [Candidozyma auris]
B9J08_004054	B9J08_01911	True	100	100	100	939	100	100	100	939	KAK8443544.1	KAK8443544.1 hypothetical protein B9J08_01911 [Candidozyma auris]
B9J08_004055	B9J08_01912	True	100	100	100	491	100	100	100	491	KAK8443545.1	KAK8443545.1 hypothetical protein B9J08_01912 [Candidozyma auris]
B9J08_004056	B9J08_01913	True	100	100	100	777	100	100	100	777	KAK8443546.1	KAK8443546.1 hypothetical protein B9J08_01913 [Candidozyma auris]
B9J08_004057	B9J08_01914	True	100	100	100	873	100	100	100	873	KAK8443547.1	KAK8443547.1 hypothetical protein B9J08_01914 [Candidozyma auris]
B9J08_004058	B9J08_01915	True	100	100	100	211	100	100	100	211	KAK8443548.1	KAK8443548.1 hypothetical protein B9J08_01915 [Candidozyma auris]
B9J08_004059	B9J08_01916	True	100	100	100	1402	100	100	100	1402	KAK8443549.1	KAK8443549.1 hypothetical protein B9J08_01916 [Candidozyma auris]
B9J08_004060	B9J08_01917	True	100	100	100	629	100	100	100	629	KAK8443550.1	KAK8443550.1 hypothetical protein B9J08_01917 [Candidozyma auris]
B9J08_004061	B9J08_01918	True	100	100	100	1773	100	100	100	1773	KAK8443551.1	KAK8443551.1 hypothetical protein B9J08_01918 [Candidozyma auris]
B9J08_004062	B9J08_01919	True	100	100	100	358	100	100	100	358	KAK8443552.1	KAK8443552.1 hypothetical protein B9J08_01919 [Candidozyma auris]
B9J08_004064	B9J08_01921	True	100	100	100	488	100	100	100	488	KAK8443553.1	KAK8443553.1 hypothetical protein B9J08_01921 [Candidozyma auris]
B9J08_004065	B9J08_01922	True	100	100	100	191	100	100	100	191	KAK8443554.1	KAK8443554.1 hypothetical protein B9J08_01922 [Candidozyma auris]
B9J08_004066		False	100	100	100	1572						KAK8443555.1 OPT family small oligopeptide transporter [Candidozyma auris]
B9J08_004067		False	100	100	100	410						KAK8443556.1 40S ribosomal protein S5 [Candidozyma auris]
B9J08_004068		False	100	100	100	798						KAK8443557.1 vacuolar protein sorting-associated protein 4 [Candidozyma auris]
B9J08_004069	B9J08_01926	True	100	100	100	543	100	100	100	543	KAK8443558.1	KAK8443558.1 hypothetical protein B9J08_01926 [Candidozyma auris]
B9J08_004070	B9J08_01927	True	100	100	100	199	100	100	100	199	KAK8443559.1	KAK8443559.1 hypothetical protein B9J08_01927 [Candidozyma auris]
B9J08_004071	B9J08_01928	True	100	100	100	832	100	100	100	832	KAK8443560.1	KAK8443560.1 hypothetical protein B9J08_01928 [Candidozyma auris]
B9J08_004072	B9J08_01929	True	100	100	100	696	100	100	100	696	KAK8443561.1	KAK8443561.1 hypothetical protein B9J08_01929 [Candidozyma auris]
B9J08_004073	B9J08_01930	True	100	100	100	307	100	100	100	307	KAK8443562.1	KAK8443562.1 hypothetical protein B9J08_01930 [Candidozyma auris]
B9J08_004074	B9J08_01931	True	100	100	100	313	100	100	100	313	KAK8443563.1	KAK8443563.1 hypothetical protein B9J08_01931 [Candidozyma auris]
B9J08_004075	B9J08_01932	True	100	100	100	854	100	100	100	854	KAK8443564.1	KAK8443564.1 hypothetical protein B9J08_01932 [Candidozyma auris]
B9J08_004076		False	100	100	100	437						KAK8443565.1 uracil phosphoribosyltransferase [Candidozyma auris]
B9J08_004077	B9J08_01934	True	100	100	100	221	100	100	100	221	KAK8443566.1	KAK8443566.1 hypothetical protein B9J08_01934 [Candidozyma auris]
B9J08_004078	B9J08_01935	True	100	100	100	474	100	100	100	474	KAK8443567.1	KAK8443567.1 hypothetical protein B9J08_01935 [Candidozyma auris]
B9J08_004079	B9J08_01936	True	100	100	100	263	100	100	100	263	KAK8443568.1	KAK8443568.1 hypothetical protein B9J08_01936 [Candidozyma auris]
B9J08_004080	B9J08_01937	True	100	100	100	1009	100	100	100	1009	KAK8443569.1	KAK8443569.1 hypothetical protein B9J08_01937 [Candidozyma auris]
B9J08_004081	B9J08_01938	True	100	100	100	361	100	100	100	361	KAK8443570.1	KAK8443570.1 hypothetical protein B9J08_01938 [Candidozyma auris]
B9J08_004082	B9J08_01939	True	100	100	100	910	100	100	100	910	KAK8443571.1	KAK8443571.1 hypothetical protein B9J08_01939 [Candidozyma auris]
B9J08_004083	B9J08_01940	True	100	100	100	886	100	100	100	886	KAK8443572.1	KAK8443572.1 hypothetical protein B9J08_01940 [Candidozyma auris]
B9J08_004084	B9J08_01941	True	100	100	100	140	100	100	100	140	KAK8443573.1	KAK8443573.1 hypothetical protein B9J08_01941 [Candidozyma auris]
B9J08_004085	B9J08_01942	True	100	100	100	353	100	100	100	353	KAK8443574.1	KAK8443574.1 hypothetical protein B9J08_01942 [Candidozyma auris]
B9J08_004086	B9J08_01943	True	100	100	100	1138	100	100	100	1138	KAK8443575.1	KAK8443575.1 hypothetical protein B9J08_01943 [Candidozyma auris]
B9J08_004087	B9J08_01944	True	100	100	100	744	100	100	100	744	KAK8443576.1	KAK8443576.1 hypothetical protein B9J08_01944 [Candidozyma auris]
B9J08_004088	B9J08_01945	True	100	100	100	654	100	100	100	654	KAK8443577.1	KAK8443577.1 hypothetical protein B9J08_01945 [Candidozyma auris]
B9J08_004089	B9J08_01946	True	100	100	100	728	100	100	100	728	KAK8443578.1	KAK8443578.1 hypothetical protein B9J08_01946 [Candidozyma auris]
B9J08_004090	B9J08_01947	True	100	100	100	478	100	100	100	478	KAK8443579.1	KAK8443579.1 hypothetical protein B9J08_01947 [Candidozyma auris]
B9J08_004091	B9J08_01948	True	100	100	100	364	100	100	100	364	KAK8443580.1	KAK8443580.1 hypothetical protein B9J08_01948 [Candidozyma auris]
B9J08_004092	B9J08_01949	True	100	100	100	823	100	100	100	823	KAK8443581.1	KAK8443581.1 hypothetical protein B9J08_01949 [Candidozyma auris]
B9J08_004093	B9J08_01950	True	100	100	100	470	100	100	100	470	KAK8443582.1	KAK8443582.1 hypothetical protein B9J08_01950 [Candidozyma auris]
B9J08_004094	B9J08_01951	True	100	100	100	2077	100	100	100	2077	KAK8443583.1	KAK8443583.1 hypothetical protein B9J08_01951 [Candidozyma auris]
B9J08_004095		False	100	100	100	609						KAK8443584.1 pantoate-beta-alanine ligase [Candidozyma auris]
B9J08_004096	B9J08_01953	True	100	100	100	782	100	100	100	782	KAK8443585.1	KAK8443585.1 hypothetical protein B9J08_01953 [Candidozyma auris]
B9J08_004097	B9J08_01954	True	100	100	100	1307	100	100	100	1307	KAK8443586.1	KAK8443586.1 hypothetical protein B9J08_01954 [Candidozyma auris]
B9J08_004098	B9J08_01955	True	100	100	100	861	100	100	100	861	KAK8443587.1	KAK8443587.1 hypothetical protein B9J08_01955 [Candidozyma auris]
B9J08_004099	B9J08_01956	True	100	100	100	1050	100	100	100	1050	KAK8443588.1	KAK8443588.1 hypothetical protein B9J08_01956 [Candidozyma auris]
B9J08_004100	B9J08_01957	True	100	44.7	44.7	649	100	44.7	44.7	649	KAK8443589.1	KAK8443589.1 hypothetical protein B9J08_01957 [Candidozyma auris]
B9J08_004101	B9J08_01958	True	100	100	100	572	100	100	100	572	KAK8443590.1	KAK8443590.1 hypothetical protein B9J08_01958 [Candidozyma auris]
B9J08_004102	B9J08_01959	True	100	100	100	221	100	100	100	221	KAK8443591.1	KAK8443591.1 hypothetical protein B9J08_01959 [Candidozyma auris]
B9J08_004103	B9J08_04857	True	100	100	100	323	100	100	100	323	KAK8438510.1	KAK8438510.1 hypothetical protein B9J08_04857 [Candidozyma auris]
B9J08_004104	B9J08_04858	True	100	100	100	238	100	100	100	238	KAK8438511.1	KAK8438511.1 hypothetical protein B9J08_04858 [Candidozyma auris]
B9J08_004105	B9J08_04859	True	100	100	100	340	100	100	100	340	KAK8438512.1	KAK8438512.1 hypothetical protein B9J08_04859 [Candidozyma auris]
B9J08_004106	B9J08_04860	True	100	100	100	530	100	100	100	530	KAK8438513.1	KAK8438513.1 hypothetical protein B9J08_04860 [Candidozyma auris]
B9J08_004107	B9J08_04861	True	100	100	100	318	100	100	100	318	KAK8438514.1	KAK8438514.1 hypothetical protein B9J08_04861 [Candidozyma auris]
B9J08_004108	B9J08_04862	True	100	100	100	206	100	100	100	206	KAK8438515.1	KAK8438515.1 hypothetical protein B9J08_04862 [Candidozyma auris]
B9J08_004109	B9J08_04863	True	100	18.7	18.7	690	100	18.7	18.7	690	KAK8438516.1	KAK8438516.1 hypothetical protein B9J08_04863 [Candidozyma auris]
B9J08_004110	B9J08_04864	True	100	100	100	1005	100	100	100	1005	KAK8438517.1	KAK8438517.1 hypothetical protein B9J08_04864 [Candidozyma auris]
B9J08_004111	B9J08_04865	True	100	100	100	987	100	100	100	987	KAK8438518.1	KAK8438518.1 hypothetical protein B9J08_04865 [Candidozyma auris]
B9J08_004112	B9J08_04866	True	100	100	100	817	100	100	100	817	KAK8438519.1	KAK8438519.1 hypothetical protein B9J08_04866 [Candidozyma auris]
B9J08_004113	B9J08_04867	True	100	100	100	1152	100	100	100	1152	KAK8438520.1	KAK8438520.1 hypothetical protein B9J08_04867 [Candidozyma auris]
B9J08_004114	B9J08_04868	True	100	100	100	496	100	100	100	496	KAK8438521.1	KAK8438521.1 hypothetical protein B9J08_04868 [Candidozyma auris]
B9J08_004115	B9J08_04869	True	100	100	100	700	100	100	100	700	KAK8438522.1	KAK8438522.1 hypothetical protein B9J08_04869 [Candidozyma auris]
B9J08_004116	B9J08_04870	True	100	100	100	668	100	100	100	668	KAK8438523.1	KAK8438523.1 hypothetical protein B9J08_04870 [Candidozyma auris]
B9J08_004117	B9J08_04871	True	100	100	100	801	100	100	100	801	KAK8438524.1	KAK8438524.1 hypothetical protein B9J08_04871 [Candidozyma auris]
B9J08_004118	B9J08_04872	True	100	100	100	926	100	100	100	926	KAK8438525.1	KAK8438525.1 hypothetical protein B9J08_04872 [Candidozyma auris]
B9J08_004119	B9J08_04873	True	100	100	100	622	100	100	100	622	KAK8438526.1	KAK8438526.1 hypothetical protein B9J08_04873 [Candidozyma auris]
B9J08_004120	B9J08_04874	True	100	100	100	1390	100	100	100	1390	KAK8438527.1	KAK8438527.1 hypothetical protein B9J08_04874 [Candidozyma auris]
B9J08_004121	B9J08_04875	True	100	100	100	302	100	100	100	302	KAK8438528.1	KAK8438528.1 hypothetical protein B9J08_04875 [Candidozyma auris]
B9J08_004122		False	100	100	100	714						KAK8438529.1 4-hydroxybenzoate polyprenyl transferase [Candidozyma auris]
B9J08_004123	B9J08_04877	True	100	100	100	1896	100	100	100	1896	KAK8438530.1	KAK8438530.1 hypothetical protein B9J08_04877 [Candidozyma auris]
B9J08_004124		False	100	100	100	857						KAK8438531.1 glutamate 5-kinase [Candidozyma auris]
B9J08_004125	B9J08_04879	True	100	100	100	260	100	100	100	260	KAK8438532.1	KAK8438532.1 hypothetical protein B9J08_04879 [Candidozyma auris]
B9J08_004126	B9J08_04880	True	100	100	100	527	100	100	100	527	KAK8438533.1	KAK8438533.1 hypothetical protein B9J08_04880 [Candidozyma auris]
B9J08_004129		False	100	100	100	1120						KAK8438534.1 ABC transporter ATP-binding protein ARB1 [Candidozyma auris]
B9J08_004130	B9J08_04884	True	100	100	100	1020	100	100	100	1020	KAK8438535.1	KAK8438535.1 hypothetical protein B9J08_04884 [Candidozyma auris]
B9J08_004131	B9J08_04885	True	100	100	100	404	100	100	100	404	KAK8438536.1	KAK8438536.1 hypothetical protein B9J08_04885 [Candidozyma auris]
B9J08_004132	B9J08_04886	True	100	100	100	2023	100	100	100	2023	KAK8438537.1	KAK8438537.1 hypothetical protein B9J08_04886 [Candidozyma auris]
B9J08_004133	B9J08_04887	True	100	100	100	4253	100	100	100	4253	KAK8438538.1	KAK8438538.1 hypothetical protein B9J08_04887 [Candidozyma auris]
B9J08_004134	B9J08_04888	True	100	100	100	1202	100	100	100	1202	KAK8438539.1	KAK8438539.1 hypothetical protein B9J08_04888 [Candidozyma auris]
B9J08_004135	B9J08_04889	True	100	100	100	425	100	100	100	425	KAK8438540.1	KAK8438540.1 hypothetical protein B9J08_04889 [Candidozyma auris]
B9J08_004136	B9J08_04890	True	100	100	100	1145	100	100	100	1145	KAK8438541.1	KAK8438541.1 hypothetical protein B9J08_04890 [Candidozyma auris]
B9J08_004137	B9J08_04891	True	100	100	100	1067	100	100	100	1067	KAK8438542.1	KAK8438542.1 hypothetical protein B9J08_04891 [Candidozyma auris]
B9J08_004138	B9J08_04892	True	100	100	100	3104	100	100	100	3104	KAK8438543.1	KAK8438543.1 hypothetical protein B9J08_04892 [Candidozyma auris]
B9J08_004139	B9J08_04893	True	100	100	100	2473	100	100	100	2473	KAK8438544.1	KAK8438544.1 hypothetical protein B9J08_04893 [Candidozyma auris]
B9J08_004140	B9J08_04894	True	100	100	100	1192	100	100	100	1192	KAK8438545.1	KAK8438545.1 hypothetical protein B9J08_04894 [Candidozyma auris]
B9J08_004141	B9J08_04895	True	100	100	100	491	100	100	100	491	KAK8438546.1	KAK8438546.1 hypothetical protein B9J08_04895 [Candidozyma auris]
B9J08_004142	B9J08_04896	True	100	100	100	700	100	100	100	700	KAK8438547.1	KAK8438547.1 hypothetical protein B9J08_04896 [Candidozyma auris]
B9J08_004143	B9J08_04897	True	100	100	100	2123	100	100	100	2123	KAK8438548.1	KAK8438548.1 hypothetical protein B9J08_04897 [Candidozyma auris]
B9J08_004144	B9J08_04898	True	100	100	100	380	100	100	100	380	KAK8438549.1	KAK8438549.1 hypothetical protein B9J08_04898 [Candidozyma auris]
B9J08_004145		False	100	100	100	1474						KAK8438550.1 cysteine-tRNA ligase [Candidozyma auris]
B9J08_004146	B9J08_04900	True	100	100	100	239	100	100	100	239	KAK8438551.1	KAK8438551.1 hypothetical protein B9J08_04900 [Candidozyma auris]
B9J08_004147		False	100	100	100	1489						KAK8438552.1 elongation factor G, mitochondrial [Candidozyma auris]
B9J08_004148	B9J08_04902	True	100	100	100	605	100	100	100	605	KAK8438553.1	KAK8438553.1 hypothetical protein B9J08_04902 [Candidozyma auris]
B9J08_004149	B9J08_04903	True	100	100	100	834	100	100	100	834	KAK8438554.1	KAK8438554.1 hypothetical protein B9J08_04903 [Candidozyma auris]
B9J08_004150	B9J08_04904	True	100	100	100	2304	100	100	100	2304	KAK8438555.1	KAK8438555.1 hypothetical protein B9J08_04904 [Candidozyma auris]
B9J08_004151	B9J08_04905	True	100	100	100	3014	100	100	100	3014	KAK8438556.1	KAK8438556.1 hypothetical protein B9J08_04905 [Candidozyma auris]
B9J08_004152	B9J08_04906	True	100	100	100	554	100	100	100	554	KAK8438557.1	KAK8438557.1 hypothetical protein B9J08_04906 [Candidozyma auris]
B9J08_004153	B9J08_04907	True	100	78.3	78.3	395	100	78.3	78.3	395	KAK8438558.1	KAK8438558.1 hypothetical protein B9J08_04907 [Candidozyma auris]
B9J08_004154	B9J08_04908	True	100	100	100	933	100	100	100	933	KAK8438559.1	KAK8438559.1 hypothetical protein B9J08_04908 [Candidozyma auris]
B9J08_004155		False	100	100	100	321						KAK8438560.1 D-tyrosyl-tRNA(Tyr) deacylase [Candidozyma auris]
B9J08_004156	B9J08_04910	True	100	100	100	1026	100	100	100	1026	KAK8438561.1	KAK8438561.1 hypothetical protein B9J08_04910 [Candidozyma auris]
B9J08_004157	B9J08_04911	True	100	100	100	924	100	100	100	924	KAK8438562.1	KAK8438562.1 hypothetical protein B9J08_04911 [Candidozyma auris]
B9J08_004158		False	100	100	100	376						KAK8438563.1 6,7-dimethyl-8-ribityllumazine synthase [Candidozyma auris]
B9J08_004159	B9J08_04913	True	100	100	100	409	100	100	100	409	KAK8438564.1	KAK8438564.1 hypothetical protein B9J08_04913 [Candidozyma auris]
B9J08_004160	B9J08_04914	True	100	100	100	348	100	100	100	348	KAK8438565.1	KAK8438565.1 hypothetical protein B9J08_04914 [Candidozyma auris]
B9J08_004161	B9J08_04915	True	100	100	100	1032	100	100	100	1032	KAK8438566.1	KAK8438566.1 hypothetical protein B9J08_04915 [Candidozyma auris]
B9J08_004162		False	100	100	100	801						KAK8438567.1 G2/mitotic-specific cyclin-4 [Candidozyma auris]
B9J08_004163	B9J08_04917	True	100	100	100	501	100	100	100	501	KAK8438568.1	KAK8438568.1 hypothetical protein B9J08_04917 [Candidozyma auris]
B9J08_004164	B9J08_04918	True	100	100	100	1540	100	100	100	1540	KAK8438569.1	KAK8438569.1 hypothetical protein B9J08_04918 [Candidozyma auris]
B9J08_004165	B9J08_04919	True	100	100	100	644	100	100	100	644	KAK8438570.1	KAK8438570.1 hypothetical protein B9J08_04919 [Candidozyma auris]
B9J08_004166	B9J08_04920	True	100	100	100	2128	100	100	100	2128	KAK8438571.1	KAK8438571.1 hypothetical protein B9J08_04920 [Candidozyma auris]
B9J08_004167	B9J08_04921	True	100	100	100	1454	100	100	100	1454	KAK8438572.1	KAK8438572.1 hypothetical protein B9J08_04921 [Candidozyma auris]
B9J08_004168	B9J08_04922	True	100	100	100	845	100	100	100	845	KAK8438573.1	KAK8438573.1 hypothetical protein B9J08_04922 [Candidozyma auris]
B9J08_004169	B9J08_04923	True	100	100	100	255	100	100	100	255	KAK8438574.1	KAK8438574.1 hypothetical protein B9J08_04923 [Candidozyma auris]
B9J08_004170		False	100	100	100	985						KAK8438575.1 ATP-dependent RNA helicase DBP2 [Candidozyma auris]
B9J08_004171	B9J08_04925	True	100	100	100	425	100	100	100	425	KAK8438576.1	KAK8438576.1 hypothetical protein B9J08_04925 [Candidozyma auris]
B9J08_004172	B9J08_04926	True	100	100	100	1038	100	100	100	1038	KAK8438577.1	KAK8438577.1 hypothetical protein B9J08_04926 [Candidozyma auris]
B9J08_004173	B9J08_04927	True	100	100	100	1023	100	100	100	1023	KAK8438578.1	KAK8438578.1 hypothetical protein B9J08_04927 [Candidozyma auris]
B9J08_004174	B9J08_04928	True	100	100	100	489	100	100	100	489	KAK8438579.1	KAK8438579.1 hypothetical protein B9J08_04928 [Candidozyma auris]
B9J08_004175	B9J08_04929	True	100	100	100	1054	100	100	100	1054	KAK8438580.1	KAK8438580.1 hypothetical protein B9J08_04929 [Candidozyma auris]
B9J08_004176	B9J08_04930	True	100	100	100	1052	100	100	100	1052	KAK8438581.1	KAK8438581.1 hypothetical protein B9J08_04930 [Candidozyma auris]
B9J08_004177	B9J08_04931	True	100	100	100	1059	100	100	100	1059	KAK8438582.1	KAK8438582.1 hypothetical protein B9J08_04931 [Candidozyma auris]
B9J08_004178	B9J08_04932	True	100	100	100	2390	100	100	100	2390	KAK8438583.1	KAK8438583.1 hypothetical protein B9J08_04932 [Candidozyma auris]
B9J08_004179	B9J08_04933	True	100	100	100	426	100	100	100	426	KAK8438584.1	KAK8438584.1 hypothetical protein B9J08_04933 [Candidozyma auris]
B9J08_00418		False	100	100	100	608						KAK8442099.1 3-methyl-2-oxobutanoate hydroxymethyltransferase [Candidozyma auris]
B9J08_004180	B9J08_04934	True	100	100	100	285	100	100	100	285	KAK8438585.1	KAK8438585.1 hypothetical protein B9J08_04934 [Candidozyma auris]
B9J08_004181	B9J08_04935	True	100	100	100	545	100	100	100	545	KAK8438586.1	KAK8438586.1 hypothetical protein B9J08_04935 [Candidozyma auris]
B9J08_004182	B9J08_04936	True	100	100	100	1766	100	100	100	1766	KAK8438587.1	KAK8438587.1 hypothetical protein B9J08_04936 [Candidozyma auris]
B9J08_004183	B9J08_04937	True	100	100	100	1028	100	100	100	1028	KAK8438588.1	KAK8438588.1 hypothetical protein B9J08_04937 [Candidozyma auris]
B9J08_004184	B9J08_04938	True	100	100	100	885	100	100	100	885	KAK8438589.1	KAK8438589.1 hypothetical protein B9J08_04938 [Candidozyma auris]
B9J08_004185	B9J08_04939	True	100	100	100	530	100	100	100	530	KAK8438590.1	KAK8438590.1 hypothetical protein B9J08_04939 [Candidozyma auris]
B9J08_004186	B9J08_04940	True	100	100	100	1145	100	100	100	1145	KAK8438591.1	KAK8438591.1 hypothetical protein B9J08_04940 [Candidozyma auris]
B9J08_004187	B9J08_04941	True	100	100	100	286	100	100	100	286	KAK8438592.1	KAK8438592.1 hypothetical protein B9J08_04941 [Candidozyma auris]
B9J08_004188	B9J08_04942	True	100	100	100	1172	100	100	100	1172	KAK8438593.1	KAK8438593.1 hypothetical protein B9J08_04942 [Candidozyma auris]
B9J08_004189		False	100	100	100	326						KAK8438594.1 iron donor protein CyaY [Candidozyma auris]
B9J08_00419		False	100	100	100	664						KAK8442100.1 lactoylglutathione lyase [Candidozyma auris]
B9J08_004190	B9J08_04944	True	100	100	100	606	100	100	100	606	KAK8438595.1	KAK8438595.1 hypothetical protein B9J08_04944 [Candidozyma auris]
B9J08_004191	B9J08_04945	True	100	100	100	715	100	100	100	715	KAK8438596.1	KAK8438596.1 hypothetical protein B9J08_04945 [Candidozyma auris]
B9J08_004192	B9J08_04946	True	100	100	100	2048	100	100	100	2048	KAK8438597.1	KAK8438597.1 hypothetical protein B9J08_04946 [Candidozyma auris]
B9J08_004193	B9J08_04947	True	100	100	100	1063	100	100	100	1063	KAK8438598.1	KAK8438598.1 hypothetical protein B9J08_04947 [Candidozyma auris]
B9J08_004194	B9J08_04948	True	100	100	100	834	100	100	100	834	KAK8438599.1	KAK8438599.1 hypothetical protein B9J08_04948 [Candidozyma auris]
B9J08_004195	B9J08_04949	True	100	100	100	509	100	100	100	509	KAK8438600.1	KAK8438600.1 hypothetical protein B9J08_04949 [Candidozyma auris]
B9J08_004196	B9J08_04950	True	100	100	100	889	100	100	100	889	KAK8438601.1	KAK8438601.1 hypothetical protein B9J08_04950 [Candidozyma auris]
B9J08_004197	B9J08_04951	True	100	100	100	779	100	100	100	779	KAK8438602.1	KAK8438602.1 hypothetical protein B9J08_04951 [Candidozyma auris]
B9J08_004198	B9J08_04952	True	100	100	100	1164	100	100	100	1164	KAK8438603.1	KAK8438603.1 hypothetical protein B9J08_04952 [Candidozyma auris]
B9J08_00420		False	100	100	100	208						KAK8442101.1 glutaredoxin [Candidozyma auris]
B9J08_004200	B9J08_04954	True	100	100	100	592	100	100	100	592	KAK8438604.1	KAK8438604.1 hypothetical protein B9J08_04954 [Candidozyma auris]
B9J08_004201	B9J08_04955	True	100	100	100	2481	100	100	100	2481	KAK8438605.1	KAK8438605.1 hypothetical protein B9J08_04955 [Candidozyma auris]
B9J08_004204	B9J08_04958	True	100	100	100	1082	100	100	100	1082	KAK8438606.1	KAK8438606.1 hypothetical protein B9J08_04958 [Candidozyma auris]
B9J08_004205	B9J08_04959	True	100	100	100	1074	100	100	100	1074	KAK8438607.1	KAK8438607.1 hypothetical protein B9J08_04959 [Candidozyma auris]
B9J08_004206	B9J08_04960	True	100	100	100	1012	100	100	100	1012	KAK8438608.1	KAK8438608.1 hypothetical protein B9J08_04960 [Candidozyma auris]
B9J08_004207	B9J08_04961	True	100	100	100	323	100	100	100	323	KAK8438609.1	KAK8438609.1 hypothetical protein B9J08_04961 [Candidozyma auris]
B9J08_004208	B9J08_04962	True	100	100	100	407	100	100	100	407	KAK8438610.1	KAK8438610.1 hypothetical protein B9J08_04962 [Candidozyma auris]
B9J08_004209	B9J08_04963	True	100	100	100	704	100	100	100	704	KAK8438611.1	KAK8438611.1 hypothetical protein B9J08_04963 [Candidozyma auris]
B9J08_00421	B9J08_00421	True	100	100	100	1975	100	100	100	1975	KAK8442102.1	KAK8442102.1 hypothetical protein B9J08_00421 [Candidozyma auris]
B9J08_004210	B9J08_04964	True	100	100	100	655	100	100	100	655	KAK8438612.1	KAK8438612.1 hypothetical protein B9J08_04964 [Candidozyma auris]
B9J08_004211	B9J08_04965	True	100	100	100	568	100	100	100	568	KAK8438613.1	KAK8438613.1 hypothetical protein B9J08_04965 [Candidozyma auris]
B9J08_004212	B9J08_04966	True	100	100	100	466	100	100	100	466	KAK8438614.1	KAK8438614.1 hypothetical protein B9J08_04966 [Candidozyma auris]
B9J08_004213	B9J08_04967	True	100	100	100	1736	100	100	100	1736	KAK8438615.1	KAK8438615.1 hypothetical protein B9J08_04967 [Candidozyma auris]
B9J08_004214	B9J08_04968	True	100	100	100	1213	100	100	100	1213	KAK8438616.1	KAK8438616.1 hypothetical protein B9J08_04968 [Candidozyma auris]
B9J08_004215	B9J08_04969	True	100	100	100	645	100	100	100	645	KAK8438617.1	KAK8438617.1 hypothetical protein B9J08_04969 [Candidozyma auris]
B9J08_004216	B9J08_04970	True	100	100	100	1070	100	100	100	1070	KAK8438618.1	KAK8438618.1 hypothetical protein B9J08_04970 [Candidozyma auris]
B9J08_004217	B9J08_04971	True	100	100	100	976	100	100	100	976	KAK8438619.1	KAK8438619.1 hypothetical protein B9J08_04971 [Candidozyma auris]
B9J08_004219	B9J08_04973	True	100	100	100	828	100	100	100	828	KAK8438620.1	KAK8438620.1 hypothetical protein B9J08_04973 [Candidozyma auris]
B9J08_00422	B9J08_00422	True	100	100	100	1136	100	100	100	1136	KAK8442103.1	KAK8442103.1 hypothetical protein B9J08_00422 [Candidozyma auris]
B9J08_004220	B9J08_04974	True	100	100	100	785	100	100	100	785	KAK8438621.1	KAK8438621.1 hypothetical protein B9J08_04974 [Candidozyma auris]
B9J08_004221	B9J08_04975	True	100	100	100	957	100	100	100	957	KAK8438622.1	KAK8438622.1 hypothetical protein B9J08_04975 [Candidozyma auris]
B9J08_004222	B9J08_04976	True	100	100	100	3186	100	100	100	3186	KAK8438623.1	KAK8438623.1 hypothetical protein B9J08_04976 [Candidozyma auris]
B9J08_004223	B9J08_04977	True	100	100	100	248	100	100	100	248	KAK8438624.1	KAK8438624.1 hypothetical protein B9J08_04977 [Candidozyma auris]
B9J08_004224		False	100	100	100	696						KAK8438625.1 isocitrate dehydrogenase [NAD] subunit 1, mitochondrial [Candidozyma auris]
B9J08_004225		False	100	100	100	874						KAK8438626.1 adenylosuccinate synthetase [Candidozyma auris]
B9J08_004226	B9J08_04980	True	100	100	100	670	100	100	100	670	KAK8438627.1	KAK8438627.1 hypothetical protein B9J08_04980 [Candidozyma auris]
B9J08_004227	B9J08_04981	True	100	100	100	290	100	100	100	290	KAK8438628.1	KAK8438628.1 hypothetical protein B9J08_04981 [Candidozyma auris]
B9J08_004228	B9J08_04982	True	100	100	100	611	100	100	100	611	KAK8438629.1	KAK8438629.1 hypothetical protein B9J08_04982 [Candidozyma auris]
B9J08_004229	B9J08_04983	True	100	100	100	261	100	100	100	261	KAK8438630.1	KAK8438630.1 hypothetical protein B9J08_04983 [Candidozyma auris]
B9J08_004230		False	100	100	100	1593						KAK8438631.1 translation initiation factor aIF-2 [Candidozyma auris]
B9J08_004231		False	100	100	100	704						KAK8438632.1 ribosome-interacting GTPase 1 [Candidozyma auris]
B9J08_004232	B9J08_04986	True	100	100	100	2090	100	100	100	2090	KAK8438633.1	KAK8438633.1 hypothetical protein B9J08_04986 [Candidozyma auris]
B9J08_004233	B9J08_04987	True	100	100	100	1264	100	100	100	1264	KAK8438634.1	KAK8438634.1 hypothetical protein B9J08_04987 [Candidozyma auris]
B9J08_004234	B9J08_04988	True	100	100	100	685	100	100	100	685	KAK8438635.1	KAK8438635.1 hypothetical protein B9J08_04988 [Candidozyma auris]
B9J08_004235	B9J08_04989	True	100	100	100	1765	100	100	100	1765	KAK8438636.1	KAK8438636.1 hypothetical protein B9J08_04989 [Candidozyma auris]
B9J08_004236	B9J08_04990	True	100	100	100	850	100	100	100	850	KAK8438637.1	KAK8438637.1 hypothetical protein B9J08_04990 [Candidozyma auris]
B9J08_004237	B9J08_04991	True	100	100	100	325	100	100	100	325	KAK8438638.1	KAK8438638.1 hypothetical protein B9J08_04991 [Candidozyma auris]
B9J08_004238		False	100	100	100	777						KAK8438639.1 ribosomal protein S2 [Candidozyma auris]
B9J08_004239	B9J08_04993	True	100	100	100	791	100	100	100	791	KAK8438640.1	KAK8438640.1 hypothetical protein B9J08_04993 [Candidozyma auris]
B9J08_00424	B9J08_00424	True	100	100	100	509	100	100	100	509	KAK8442104.1	KAK8442104.1 hypothetical protein B9J08_00424 [Candidozyma auris]
B9J08_004240	B9J08_04994	True	100	100	100	777	100	100	100	777	KAK8438641.1	KAK8438641.1 hypothetical protein B9J08_04994 [Candidozyma auris]
B9J08_004241	B9J08_04995	True	100	100	100	510	100	100	100	510	KAK8438642.1	KAK8438642.1 hypothetical protein B9J08_04995 [Candidozyma auris]
B9J08_004242	B9J08_04996	True	100	100	100	2907	100	100	100	2907	KAK8438643.1	KAK8438643.1 hypothetical protein B9J08_04996 [Candidozyma auris]
B9J08_004243	B9J08_04997	True	100	100	100	1011	100	100	100	1011	KAK8438644.1	KAK8438644.1 hypothetical protein B9J08_04997 [Candidozyma auris]
B9J08_004245	B9J08_04999	True	100	100	100	685	100	100	100	685	KAK8438645.1	KAK8438645.1 hypothetical protein B9J08_04999 [Candidozyma auris]
B9J08_004246	B9J08_05000	True	100	100	100	2897	100	100	100	2897	KAK8438646.1	KAK8438646.1 hypothetical protein B9J08_05000 [Candidozyma auris]
B9J08_004247	B9J08_05001	True	100	100	100	400	100	100	100	400	KAK8438647.1	KAK8438647.1 hypothetical protein B9J08_05001 [Candidozyma auris]
B9J08_004248	B9J08_05002	False	100	100	100	2178	100	100	100	2178	KAK8438648.1	KAK8438648.1 hypothetical protein B9J08_05002 [Candidozyma auris]
B9J08_004249	B9J08_05003	True	100	100	100	1914	100	100	100	1914	KAK8438649.1	KAK8438649.1 hypothetical protein B9J08_05003 [Candidozyma auris]
B9J08_00425	B9J08_00425	True	100	100	100	1626	100	100	100	1626	KAK8442105.1	KAK8442105.1 hypothetical protein B9J08_00425 [Candidozyma auris]
B9J08_004251	B9J08_05005	True	100	100	100	558	100	100	100	558	KAK8438650.1	KAK8438650.1 hypothetical protein B9J08_05005 [Candidozyma auris]
B9J08_004252	B9J08_05006	True	100	100	100	1912	100	100	100	1912	KAK8438651.1	KAK8438651.1 hypothetical protein B9J08_05006 [Candidozyma auris]
B9J08_004253	B9J08_05007	True	100	100	100	1855	100	100	100	1855	KAK8438652.1	KAK8438652.1 hypothetical protein B9J08_05007 [Candidozyma auris]
B9J08_004254	B9J08_05008	True	100	100	100	2443	100	100	100	2443	KAK8438653.1	KAK8438653.1 hypothetical protein B9J08_05008 [Candidozyma auris]
B9J08_004256	B9J08_05010	True	100	100	100	451	100	100	100	451	KAK8438654.1	KAK8438654.1 hypothetical protein B9J08_05010 [Candidozyma auris]
B9J08_004257	B9J08_05011	True	100	100	100	560	100	100	100	560	KAK8438655.1	KAK8438655.1 hypothetical protein B9J08_05011 [Candidozyma auris]
B9J08_004258	B9J08_05012	True	100	100	100	423	100	100	100	423	KAK8438656.1	KAK8438656.1 hypothetical protein B9J08_05012 [Candidozyma auris]
B9J08_004259	B9J08_05013	True	100	100	100	848	100	100	100	848	KAK8438657.1	KAK8438657.1 hypothetical protein B9J08_05013 [Candidozyma auris]
B9J08_004260	B9J08_05014	True	100	100	100	802	100	100	100	802	KAK8438658.1	KAK8438658.1 hypothetical protein B9J08_05014 [Candidozyma auris]
B9J08_004261	B9J08_05015	True	100	100	100	1190	100	100	100	1190	KAK8438659.1	KAK8438659.1 hypothetical protein B9J08_05015 [Candidozyma auris]
B9J08_004262	B9J08_05016	True	100	100	100	1352	100	100	100	1352	KAK8438660.1	KAK8438660.1 hypothetical protein B9J08_05016 [Candidozyma auris]
B9J08_004263	B9J08_05017	True	100	100	100	667	100	100	100	667	KAK8438661.1	KAK8438661.1 hypothetical protein B9J08_05017 [Candidozyma auris]
B9J08_004264	B9J08_05018	True	100	100	100	1204	100	100	100	1204	KAK8438662.1	KAK8438662.1 hypothetical protein B9J08_05018 [Candidozyma auris]
B9J08_004265	B9J08_05019	True	100	100	100	1196	100	100	100	1196	KAK8438663.1	KAK8438663.1 hypothetical protein B9J08_05019 [Candidozyma auris]
B9J08_004266	B9J08_05020	True	100	100	100	178	100	100	100	178	KAK8438664.1	KAK8438664.1 hypothetical protein B9J08_05020 [Candidozyma auris]
B9J08_004267	B9J08_05021	True	100	100	100	699	100	100	100	699	KAK8438665.1	KAK8438665.1 hypothetical protein B9J08_05021 [Candidozyma auris]
B9J08_004268	B9J08_05022	True	100	100	100	1908	100	100	100	1908	KAK8438666.1	KAK8438666.1 hypothetical protein B9J08_05022 [Candidozyma auris]
B9J08_004269	B9J08_05023	True	100	100	100	712	100	100	100	712	KAK8438667.1	KAK8438667.1 hypothetical protein B9J08_05023 [Candidozyma auris]
B9J08_00427	B9J08_00427	True	100	100	100	1055	100	100	100	1055	KAK8442106.1	KAK8442106.1 hypothetical protein B9J08_00427 [Candidozyma auris]
B9J08_004270	B9J08_05024	True	100	100	100	1496	100	100	100	1496	KAK8438668.1	KAK8438668.1 hypothetical protein B9J08_05024 [Candidozyma auris]
B9J08_004271	B9J08_05025	True	100	100	100	377	100	100	100	377	KAK8438669.1	KAK8438669.1 hypothetical protein B9J08_05025 [Candidozyma auris]
B9J08_004272	B9J08_05026	True	100	100	100	1037	100	100	100	1037	KAK8438670.1	KAK8438670.1 hypothetical protein B9J08_05026 [Candidozyma auris]
B9J08_004273		False	100	100	100	273						KAK8438671.1 cytochrome c oxidase subunit 6, mitochondrial [Candidozyma auris]
B9J08_004274	B9J08_05028	True	100	100	100	718	100	100	100	718	KAK8438672.1	KAK8438672.1 hypothetical protein B9J08_05028 [Candidozyma auris]
B9J08_004275	B9J08_05029	True	100	100	100	785	100	100	100	785	KAK8438673.1	KAK8438673.1 hypothetical protein B9J08_05029 [Candidozyma auris]
B9J08_004276	B9J08_05030	True	100	100	100	221	100	100	100	221	KAK8438674.1	KAK8438674.1 hypothetical protein B9J08_05030 [Candidozyma auris]
B9J08_004277	B9J08_05031	True	100	100	100	1953	100	100	100	1953	KAK8438675.1	KAK8438675.1 hypothetical protein B9J08_05031 [Candidozyma auris]
B9J08_004278	B9J08_05032	True	100	100	100	1416	100	100	100	1416	KAK8438676.1	KAK8438676.1 hypothetical protein B9J08_05032 [Candidozyma auris]
B9J08_004279	B9J08_05033	True	100	100	100	1075	100	100	100	1075	KAK8438677.1	KAK8438677.1 hypothetical protein B9J08_05033 [Candidozyma auris]
B9J08_00428		False	100	100	100	290						KAK8442107.1 60S ribosomal protein L21-A [Candidozyma auris]
B9J08_004282	B9J08_05036	True	100	100	100	535	100	100	100	535	KAK8438678.1	KAK8438678.1 hypothetical protein B9J08_05036 [Candidozyma auris]
B9J08_004283	B9J08_05037	True	100	100	100	228	100	100	100	228	KAK8438679.1	KAK8438679.1 hypothetical protein B9J08_05037 [Candidozyma auris]
B9J08_004284	B9J08_05038	True	100	100	100	688	100	100	100	688	KAK8438680.1	KAK8438680.1 hypothetical protein B9J08_05038 [Candidozyma auris]
B9J08_004285		False	100	100	100	1422						KAK8438681.1 heat shock protein 78, mitochondrial [Candidozyma auris]
B9J08_004286	B9J08_05040	True	100	100	100	2134	100	100	100	2134	KAK8438682.1	KAK8438682.1 hypothetical protein B9J08_05040 [Candidozyma auris]
B9J08_004287	B9J08_05041	True	100	100	100	499	100	100	100	499	KAK8438683.1	KAK8438683.1 hypothetical protein B9J08_05041 [Candidozyma auris]
B9J08_004288		False	100	100	100	1127						KAK8438684.1 phosphomethylpyrimidine kinase [Candidozyma auris]
B9J08_004289		False	100	100	100	1525						KAK8438685.1 AMP deaminase [Candidozyma auris]
B9J08_00429	B9J08_00429	True	100	100	100	941	100	100	100	941	KAK8442108.1	KAK8442108.1 hypothetical protein B9J08_00429 [Candidozyma auris]
B9J08_004290	B9J08_05044	True	100	100	100	535	100	100	100	535	KAK8438686.1	KAK8438686.1 hypothetical protein B9J08_05044 [Candidozyma auris]
B9J08_004291	B9J08_05045	True	100	100	100	1320	100	100	100	1320	KAK8438687.1	KAK8438687.1 hypothetical protein B9J08_05045 [Candidozyma auris]
B9J08_004292		False	100	100	100	657						KAK8438688.1 arginase [Candidozyma auris]
B9J08_004294	B9J08_05048	True	100	100	100	1013	100	100	100	1013	KAK8438689.1	KAK8438689.1 hypothetical protein B9J08_05048 [Candidozyma auris]
B9J08_004295		False	100	100	100	2153						KAK8438690.1 phosphatidylserine decarboxylase [Candidozyma auris]
B9J08_004296	B9J08_05050	True	100	100	100	163	100	100	100	163	KAK8438691.1	KAK8438691.1 hypothetical protein B9J08_05050 [Candidozyma auris]
B9J08_004297		False	100	100	100	1516						KAK8438692.1 methionine-tRNA ligase [Candidozyma auris]
B9J08_004298		False	100	100	100	894						KAK8438693.1 aspartyl/glutamyl-tRNA(Asn/Gln) amidotransferase, A subunit [Candidozyma auris]
B9J08_004299		False	100	100	100	548						KAK8438694.1 GTP cyclohydrolase 1 [Candidozyma auris]
B9J08_00430	B9J08_00430	True	100	100	100	825	100	100	100	825	KAK8442109.1	KAK8442109.1 hypothetical protein B9J08_00430 [Candidozyma auris]
B9J08_004300	B9J08_05054	True	100	100	100	2436	100	100	100	2436	KAK8438695.1	KAK8438695.1 hypothetical protein B9J08_05054 [Candidozyma auris]
B9J08_004301	B9J08_05055	True	100	100	100	919	100	100	100	919	KAK8438696.1	KAK8438696.1 hypothetical protein B9J08_05055 [Candidozyma auris]
B9J08_004302	B9J08_05056	True	100	100	100	263	100	100	100	263	KAK8438697.1	KAK8438697.1 hypothetical protein B9J08_05056 [Candidozyma auris]
B9J08_004303	B9J08_05057	True	100	100	100	1640	100	100	100	1640	KAK8438698.1	KAK8438698.1 hypothetical protein B9J08_05057 [Candidozyma auris]
B9J08_004304	B9J08_05058	True	100	100	100	1420	100	100	100	1420	KAK8438699.1	KAK8438699.1 hypothetical protein B9J08_05058 [Candidozyma auris]
B9J08_004305	B9J08_05059	True	100	100	100	1180	100	100	100	1180	KAK8438700.1	KAK8438700.1 hypothetical protein B9J08_05059 [Candidozyma auris]
B9J08_004306	B9J08_05060	True	100	100	100	937	100	100	100	937	KAK8438701.1	KAK8438701.1 hypothetical protein B9J08_05060 [Candidozyma auris]
B9J08_004307	B9J08_05061	True	100	100	100	508	100	100	100	508	KAK8438702.1	KAK8438702.1 hypothetical protein B9J08_05061 [Candidozyma auris]
B9J08_004308	B9J08_05062	True	100	100	100	701	100	100	100	701	KAK8438703.1	KAK8438703.1 hypothetical protein B9J08_05062 [Candidozyma auris]
B9J08_004309		False	100	100	100	1921						KAK8438704.1 6-phosphofructokinase [Candidozyma auris]
B9J08_00431	B9J08_00431	True	100	100	100	1147	100	100	100	1147	KAK8442110.1	KAK8442110.1 hypothetical protein B9J08_00431 [Candidozyma auris]
B9J08_004310	B9J08_05064	True	100	100	100	974	100	100	100	974	KAK8438705.1	KAK8438705.1 hypothetical protein B9J08_05064 [Candidozyma auris]
B9J08_004311	B9J08_05065	True	100	100	100	295	100	100	100	295	KAK8438706.1	KAK8438706.1 hypothetical protein B9J08_05065 [Candidozyma auris]
B9J08_004314	B9J08_05068	True	100	100	100	540	100	100	100	540	KAK8438707.1	KAK8438707.1 hypothetical protein B9J08_05068 [Candidozyma auris]
B9J08_004315	B9J08_05069	True	100	100	100	277	100	100	100	277	KAK8438708.1	KAK8438708.1 hypothetical protein B9J08_05069 [Candidozyma auris]
B9J08_004316	B9J08_05070	True	100	100	100	399	100	100	100	399	KAK8438709.1	KAK8438709.1 hypothetical protein B9J08_05070 [Candidozyma auris]
B9J08_004317		False	100	100	100	1153						KAK8438710.1 1-pyrroline-5-carboxylate dehydrogenase [Candidozyma auris]
B9J08_004318	B9J08_05072	True	100	100	100	641	100	100	100	641	KAK8438711.1	KAK8438711.1 hypothetical protein B9J08_05072 [Candidozyma auris]
B9J08_004319	B9J08_05073	True	100	100	100	707	100	100	100	707	KAK8438712.1	KAK8438712.1 hypothetical protein B9J08_05073 [Candidozyma auris]
B9J08_00432	B9J08_00432	True	100	100	100	1138	100	100	100	1138	KAK8442111.1	KAK8442111.1 hypothetical protein B9J08_00432 [Candidozyma auris]
B9J08_004320	B9J08_05074	True	100	100	100	414	100	100	100	414	KAK8438713.1	KAK8438713.1 hypothetical protein B9J08_05074 [Candidozyma auris]
B9J08_004321	B9J08_05075	True	100	100	100	3762	100	100	100	3762	KAK8438714.1	KAK8438714.1 hypothetical protein B9J08_05075 [Candidozyma auris]
B9J08_004322		False	100	100	100	1060						KAK8438715.1 ATP-dependent RNA helicase HAS1 [Candidozyma auris]
B9J08_004323	B9J08_05077	True	100	100	100	667	100	100	100	667	KAK8438716.1	KAK8438716.1 hypothetical protein B9J08_05077 [Candidozyma auris]
B9J08_004324	B9J08_05078	True	100	100	100	1075	100	100	100	1075	KAK8438717.1	KAK8438717.1 hypothetical protein B9J08_05078 [Candidozyma auris]
B9J08_004325	B9J08_05079	True	100	100	100	292	100	100	100	292	KAK8438718.1	KAK8438718.1 hypothetical protein B9J08_05079 [Candidozyma auris]
B9J08_004326	B9J08_05080	True	100	100	100	1485	100	100	100	1485	KAK8438719.1	KAK8438719.1 hypothetical protein B9J08_05080 [Candidozyma auris]
B9J08_004327	B9J08_05081	True	100	100	100	184	100	100	100	184	KAK8438720.1	KAK8438720.1 hypothetical protein B9J08_05081 [Candidozyma auris]
B9J08_004328	B9J08_05082	True	100	100	100	674	100	100	100	674	KAK8438721.1	KAK8438721.1 hypothetical protein B9J08_05082 [Candidozyma auris]
B9J08_004329	B9J08_05083	True	100	100	100	1530	100	100	100	1530	KAK8438722.1	KAK8438722.1 hypothetical protein B9J08_05083 [Candidozyma auris]
B9J08_00433	B9J08_00433	True	100	100	100	681	100	100	100	681	KAK8442112.1	KAK8442112.1 hypothetical protein B9J08_00433 [Candidozyma auris]
B9J08_004330	B9J08_05084	True	100	100	100	1031	100	100	100	1031	KAK8438723.1	KAK8438723.1 hypothetical protein B9J08_05084 [Candidozyma auris]
B9J08_004331		False	100	100	100	694						KAK8438724.1 alcohol dehydrogenase 1 [Candidozyma auris]
B9J08_004332	B9J08_05086	True	100	100	100	233	100	100	100	233	KAK8438725.1	KAK8438725.1 hypothetical protein B9J08_05086 [Candidozyma auris]
B9J08_004333	B9J08_05087	True	100	100	100	1411	100	100	100	1411	KAK8438726.1	KAK8438726.1 hypothetical protein B9J08_05087 [Candidozyma auris]
B9J08_004334	B9J08_05088	True	100	100	100	1047	100	100	100	1047	KAK8438727.1	KAK8438727.1 hypothetical protein B9J08_05088 [Candidozyma auris]
B9J08_004335	B9J08_05089	True	100	100	100	671	100	100	100	671	KAK8438728.1	KAK8438728.1 hypothetical protein B9J08_05089 [Candidozyma auris]
B9J08_004336	B9J08_05090	True	100	100	100	746	100	100	100	746	KAK8438729.1	KAK8438729.1 hypothetical protein B9J08_05090 [Candidozyma auris]
B9J08_004337	B9J08_05091	True	100	100	100	1450	100	100	100	1450	KAK8438730.1	KAK8438730.1 hypothetical protein B9J08_05091 [Candidozyma auris]
B9J08_004338		False	100	100	100	1024						KAK8438731.1 T-complex protein 1 subunit gamma [Candidozyma auris]
B9J08_004339	B9J08_05093	True	100	100	100	1793	100	100	100	1793	KAK8438732.1	KAK8438732.1 hypothetical protein B9J08_05093 [Candidozyma auris]
B9J08_00434		False	100	100	100	1191						KAK8442113.1 heat shock protein SSC1, mitochondrial [Candidozyma auris]
B9J08_004340	B9J08_05094	True	100	100	100	659	100	100	100	659	KAK8438733.1	KAK8438733.1 hypothetical protein B9J08_05094 [Candidozyma auris]
B9J08_004341	B9J08_05095	True	100	100	100	798	100	100	100	798	KAK8438734.1	KAK8438734.1 hypothetical protein B9J08_05095 [Candidozyma auris]
B9J08_004343	B9J08_05097	True	100	100	100	1409	100	100	100	1409	KAK8438735.1	KAK8438735.1 hypothetical protein B9J08_05097 [Candidozyma auris]
B9J08_004344	B9J08_05098	True	100	100	100	3144	100	100	100	3144	KAK8438736.1	KAK8438736.1 hypothetical protein B9J08_05098 [Candidozyma auris]
B9J08_004345	B9J08_05099	True	100	100	100	816	100	100	100	816	KAK8438737.1	KAK8438737.1 hypothetical protein B9J08_05099 [Candidozyma auris]
B9J08_004346	B9J08_05100	True	100	100	100	952	100	100	100	952	KAK8438738.1	KAK8438738.1 hypothetical protein B9J08_05100 [Candidozyma auris]
B9J08_004347	B9J08_05101	True	100	100	100	1178	100	100	100	1178	KAK8438739.1	KAK8438739.1 hypothetical protein B9J08_05101 [Candidozyma auris]
B9J08_004348	B9J08_05102	True	100	100	100	441	100	100	100	441	KAK8438740.1	KAK8438740.1 hypothetical protein B9J08_05102 [Candidozyma auris]
B9J08_004349	B9J08_05103	True	100	100	100	1410	100	100	100	1410	KAK8438741.1	KAK8438741.1 hypothetical protein B9J08_05103 [Candidozyma auris]
B9J08_00435	B9J08_00435	True	100	100	100	1126	100	100	100	1126	KAK8442114.1	KAK8442114.1 hypothetical protein B9J08_00435 [Candidozyma auris]
B9J08_004350	B9J08_05104	True	100	100	100	340	100	100	100	340	KAK8438742.1	KAK8438742.1 hypothetical protein B9J08_05104 [Candidozyma auris]
B9J08_004351	B9J08_05105	True	100	100	100	857	100	100	100	857	KAK8438743.1	KAK8438743.1 hypothetical protein B9J08_05105 [Candidozyma auris]
B9J08_004352		False	100	100	100	897						KAK8438744.1 adenosylhomocysteinase [Candidozyma auris]
B9J08_004353	B9J08_05107	True	100	100	100	1710	100	100	100	1710	KAK8438745.1	KAK8438745.1 hypothetical protein B9J08_05107 [Candidozyma auris]
B9J08_004354	B9J08_05108	True	100	100	100	464	100	100	100	464	KAK8438746.1	KAK8438746.1 hypothetical protein B9J08_05108 [Candidozyma auris]
B9J08_004355	B9J08_05109	True	100	100	100	1272	100	100	100	1272	KAK8438747.1	KAK8438747.1 hypothetical protein B9J08_05109 [Candidozyma auris]
B9J08_004356	B9J08_05110	True	100	100	100	734	100	100	100	734	KAK8438748.1	KAK8438748.1 hypothetical protein B9J08_05110 [Candidozyma auris]
B9J08_004357		False	100	100	100	967						KAK8438749.1 Cys-Gly metallodipeptidase DUG1 [Candidozyma auris]
B9J08_004358	B9J08_05112	True	100	100	100	1029	100	100	100	1029	KAK8438750.1	KAK8438750.1 hypothetical protein B9J08_05112 [Candidozyma auris]
B9J08_004359		False	100	100	100	572						KAK8438751.1 pyrimidine 5'-nucleotidase [Candidozyma auris]
B9J08_00436		False	100	100	100	822						KAK8442115.1 vacuolar aspartic protease [Candidozyma auris]
B9J08_004360	B9J08_05114	True	100	100	100	542	100	100	100	542	KAK8438752.1	KAK8438752.1 hypothetical protein B9J08_05114 [Candidozyma auris]
B9J08_004361		False	100	100	100	609						KAK8438753.1 protein disulfide-isomerase domain [Candidozyma auris]
B9J08_004362	B9J08_05116	True	100	100	100	163	100	100	100	163	KAK8438754.1	KAK8438754.1 hypothetical protein B9J08_05116 [Candidozyma auris]
B9J08_004363	B9J08_05117	True	100	100	100	608	100	100	100	608	KAK8438755.1	KAK8438755.1 hypothetical protein B9J08_05117 [Candidozyma auris]
B9J08_004364	B9J08_05118	True	100	100	100	709	100	100	100	709	KAK8438756.1	KAK8438756.1 hypothetical protein B9J08_05118 [Candidozyma auris]
B9J08_004365		False	100	100	100	610						KAK8438757.1 succinate/fumarate mitochondrial transporter [Candidozyma auris]
B9J08_004366	B9J08_05120	True	100	100	100	232	100	100	100	232	KAK8438758.1	KAK8438758.1 hypothetical protein B9J08_05120 [Candidozyma auris]
B9J08_004367	B9J08_05121	True	100	100	100	525	100	100	100	525	KAK8438759.1	KAK8438759.1 hypothetical protein B9J08_05121 [Candidozyma auris]
B9J08_004368	B9J08_05122	True	100	100	100	1113	100	100	100	1113	KAK8438760.1	KAK8438760.1 hypothetical protein B9J08_05122 [Candidozyma auris]
B9J08_004369		False	100	100	100	801						KAK8438761.1 mitogen-activated protein kinase HOG1 [Candidozyma auris]
B9J08_00437	B9J08_00437	True	100	100	100	1061	100	100	100	1061	KAK8442116.1	KAK8442116.1 hypothetical protein B9J08_00437 [Candidozyma auris]
B9J08_004370	B9J08_05124	True	100	100	100	1071	100	100	100	1071	KAK8438762.1	KAK8438762.1 hypothetical protein B9J08_05124 [Candidozyma auris]
B9J08_004371	B9J08_05125	True	100	100	100	386	100	100	100	386	KAK8438763.1	KAK8438763.1 hypothetical protein B9J08_05125 [Candidozyma auris]
B9J08_004372		False	100	100	100	681						KAK8438764.1 delta-aminolevulinic acid dehydratase [Candidozyma auris]
B9J08_004373	B9J08_05127	True	100	100	100	486	100	100	100	486	KAK8438765.1	KAK8438765.1 hypothetical protein B9J08_05127 [Candidozyma auris]
B9J08_004374	B9J08_05128	True	100	100	100	853	100	100	100	853	KAK8438766.1	KAK8438766.1 hypothetical protein B9J08_05128 [Candidozyma auris]
B9J08_004375		False	100	100	100	492						KAK8438767.1 phosphoglycerate mutase [Candidozyma auris]
B9J08_004376	B9J08_05130	True	100	100	100	665	100	100	100	665	KAK8438768.1	KAK8438768.1 hypothetical protein B9J08_05130 [Candidozyma auris]
B9J08_004377	B9J08_05131	True	100	100	100	454	100	100	100	454	KAK8438769.1	KAK8438769.1 hypothetical protein B9J08_05131 [Candidozyma auris]
B9J08_004378	B9J08_05132	True	100	100	100	519	100	100	100	519	KAK8438770.1	KAK8438770.1 hypothetical protein B9J08_05132 [Candidozyma auris]
B9J08_004379	B9J08_05133	True	100	100	100	437	100	100	100	437	KAK8438771.1	KAK8438771.1 hypothetical protein B9J08_05133 [Candidozyma auris]
B9J08_00438	B9J08_00438	True	100	100	100	2326	100	100	100	2326	KAK8442117.1	KAK8442117.1 hypothetical protein B9J08_00438 [Candidozyma auris]
B9J08_004380		False	100	100	100	1274						KAK8438772.1 glycerol kinase [Candidozyma auris]
B9J08_004381	B9J08_05135	True	100	100	100	951	100	100	100	951	KAK8438773.1	KAK8438773.1 hypothetical protein B9J08_05135 [Candidozyma auris]
B9J08_004382	B9J08_05136	True	100	100	100	606	100	100	100	606	KAK8438774.1	KAK8438774.1 hypothetical protein B9J08_05136 [Candidozyma auris]
B9J08_004383	B9J08_05137	True	100	100	100	3301	100	100	100	3301	KAK8438775.1	KAK8438775.1 hypothetical protein B9J08_05137 [Candidozyma auris]
B9J08_004384	B9J08_05138	True	100	100	100	402	100	100	100	402	KAK8438776.1	KAK8438776.1 hypothetical protein B9J08_05138 [Candidozyma auris]
B9J08_004385	B9J08_05139	True	100	100	100	769	100	100	100	769	KAK8438777.1	KAK8438777.1 hypothetical protein B9J08_05139 [Candidozyma auris]
B9J08_004386	B9J08_05140	True	100	100	100	822	100	100	100	822	KAK8438778.1	KAK8438778.1 hypothetical protein B9J08_05140 [Candidozyma auris]
B9J08_004387	B9J08_05141	True	100	100	100	993	100	100	100	993	KAK8438779.1	KAK8438779.1 hypothetical protein B9J08_05141 [Candidozyma auris]
B9J08_004388	B9J08_05142	True	100	100	100	1920	100	100	100	1920	KAK8438780.1	KAK8438780.1 hypothetical protein B9J08_05142 [Candidozyma auris]
B9J08_004389	B9J08_05143	True	100	100	100	1187	100	100	100	1187	KAK8438781.1	KAK8438781.1 hypothetical protein B9J08_05143 [Candidozyma auris]
B9J08_00439	B9J08_00439	True	100	100	100	1146	100	100	100	1146	KAK8442118.1	KAK8442118.1 hypothetical protein B9J08_00439 [Candidozyma auris]
B9J08_004390	B9J08_05144	True	100	100	100	405	100	100	100	405	KAK8438782.1	KAK8438782.1 hypothetical protein B9J08_05144 [Candidozyma auris]
B9J08_004391		False	100	100	100	192						KAK8438783.1 60S ribosomal protein L43 [Candidozyma auris]
B9J08_004392	B9J08_05146	True	100	100	100	382	100	100	100	382	KAK8438784.1	KAK8438784.1 hypothetical protein B9J08_05146 [Candidozyma auris]
B9J08_004393		False	100	100	100	1141						KAK8438785.1 CTP synthase [Candidozyma auris]
B9J08_004394	B9J08_05148	True	100	100	100	595	100	100	100	595	KAK8438786.1	KAK8438786.1 hypothetical protein B9J08_05148 [Candidozyma auris]
B9J08_004395	B9J08_05149	True	100	100	100	618	100	100	100	618	KAK8438787.1	KAK8438787.1 hypothetical protein B9J08_05149 [Candidozyma auris]
B9J08_004396	B9J08_05150	True	100	100	100	520	100	100	100	520	KAK8438788.1	KAK8438788.1 hypothetical protein B9J08_05150 [Candidozyma auris]
B9J08_004397	B9J08_05151	True	100	100	100	840	100	100	100	840	KAK8438789.1	KAK8438789.1 hypothetical protein B9J08_05151 [Candidozyma auris]
B9J08_004398	B9J08_05152	True	100	100	100	2483	100	100	100	2483	KAK8438790.1	KAK8438790.1 hypothetical protein B9J08_05152 [Candidozyma auris]
B9J08_004399	B9J08_05153	True	100	100	100	492	100	100	100	492	KAK8438791.1	KAK8438791.1 hypothetical protein B9J08_05153 [Candidozyma auris]
B9J08_00440		False	100	100	100	625						KAK8442119.1 AmmeMemoRadiSam system protein B [Candidozyma auris]
B9J08_004400		False	100	100	100	1066						KAK8438792.1 methionine-tRNA ligase [Candidozyma auris]
B9J08_004401	B9J08_05155	True	100	100	100	2338	100	100	100	2338	KAK8438793.1	KAK8438793.1 hypothetical protein B9J08_05155 [Candidozyma auris]
B9J08_004402		False	100	100	100	236						KAK8438794.1 transcription elongation factor SPT4 [Candidozyma auris]
B9J08_004403	B9J08_05157	True	100	100	100	488	100	100	100	488	KAK8438795.1	KAK8438795.1 hypothetical protein B9J08_05157 [Candidozyma auris]
B9J08_004404	B9J08_05158	True	100	100	100	517	100	100	100	517	KAK8438796.1	KAK8438796.1 hypothetical protein B9J08_05158 [Candidozyma auris]
B9J08_004405	B9J08_05159	True	100	100	100	1614	100	100	100	1614	KAK8438797.1	KAK8438797.1 hypothetical protein B9J08_05159 [Candidozyma auris]
B9J08_004406		False	100	100	100	505						KAK8438798.1 Kae1-associated kinase Bud32 [Candidozyma auris]
B9J08_004407	B9J08_05161	True	100	100	100	662	100	100	100	662	KAK8438799.1	KAK8438799.1 hypothetical protein B9J08_05161 [Candidozyma auris]
B9J08_004408	B9J08_05162	True	100	100	100	764	100	100	100	764	KAK8438800.1	KAK8438800.1 hypothetical protein B9J08_05162 [Candidozyma auris]
B9J08_004409	B9J08_05163	True	100	100	100	289	100	100	100	289	KAK8438801.1	KAK8438801.1 hypothetical protein B9J08_05163 [Candidozyma auris]
B9J08_00441	B9J08_00441	True	100	100	100	268	100	100	100	268	KAK8442120.1	KAK8442120.1 hypothetical protein B9J08_00441 [Candidozyma auris]
B9J08_004410	B9J08_05164	True	100	100	100	591	100	100	100	591	KAK8438802.1	KAK8438802.1 hypothetical protein B9J08_05164 [Candidozyma auris]
B9J08_004411	B9J08_05165	True	100	90.7	90.7	1179	100	90.7	90.7	1179	KAK8438803.1	KAK8438803.1 hypothetical protein B9J08_05165 [Candidozyma auris]
B9J08_004412		False	100	100	100	311						KAK8438804.1 mitochondrial import inner membrane translocase subunit TIM14 [Candidozyma auris]
B9J08_004413		False	100	100	100	306						KAK8438805.1 ribosome biogenesis protein RLP24 [Candidozyma auris]
B9J08_004414	B9J08_05168	True	100	100	100	277	100	100	100	277	KAK8438806.1	KAK8438806.1 hypothetical protein B9J08_05168 [Candidozyma auris]
B9J08_004415	B9J08_05169	True	100	100	100	317	100	100	100	317	KAK8438807.1	KAK8438807.1 hypothetical protein B9J08_05169 [Candidozyma auris]
B9J08_004416	B9J08_05170	True	100	100	100	448	100	100	100	448	KAK8438808.1	KAK8438808.1 hypothetical protein B9J08_05170 [Candidozyma auris]
B9J08_004417	B9J08_05171	True	100	100	100	635	100	100	100	635	KAK8438809.1	KAK8438809.1 hypothetical protein B9J08_05171 [Candidozyma auris]
B9J08_004418	B9J08_05172	True	100	100	100	293	100	100	100	293	KAK8438810.1	KAK8438810.1 hypothetical protein B9J08_05172 [Candidozyma auris]
B9J08_004419	B9J08_05173	True	100	100	100	1873	100	100	100	1873	KAK8438811.1	KAK8438811.1 hypothetical protein B9J08_05173 [Candidozyma auris]
B9J08_00442	B9J08_00442	True	100	100	100	779	100	100	100	779	KAK8442121.1	KAK8442121.1 hypothetical protein B9J08_00442 [Candidozyma auris]
B9J08_004420	B9J08_05174	True	100	100	100	1297	100	100	100	1297	KAK8438812.1	KAK8438812.1 hypothetical protein B9J08_05174 [Candidozyma auris]
B9J08_004421	B9J08_05175	True	100	100	100	740	100	100	100	740	KAK8438813.1	KAK8438813.1 hypothetical protein B9J08_05175 [Candidozyma auris]
B9J08_004422	B9J08_05176	True	100	100	100	888	100	100	100	888	KAK8438814.1	KAK8438814.1 hypothetical protein B9J08_05176 [Candidozyma auris]
B9J08_004423		False	100	100	100	310						KAK8438815.1 translation machinery-associated protein 22 [Candidozyma auris]
B9J08_004424	B9J08_05178	True	100	100	100	1829	100	100	100	1829	KAK8438816.1	KAK8438816.1 hypothetical protein B9J08_05178 [Candidozyma auris]
B9J08_004425	B9J08_05179	True	100	100	100	1281	100	100	100	1281	KAK8438817.1	KAK8438817.1 hypothetical protein B9J08_05179 [Candidozyma auris]
B9J08_004426	B9J08_05180	True	100	100	100	659	100	100	100	659	KAK8438818.1	KAK8438818.1 hypothetical protein B9J08_05180 [Candidozyma auris]
B9J08_004427	B9J08_05181	True	100	100	100	717	100	100	100	717	KAK8438819.1	KAK8438819.1 hypothetical protein B9J08_05181 [Candidozyma auris]
B9J08_004428	B9J08_05182	True	100	100	100	719	100	100	100	719	KAK8438820.1	KAK8438820.1 hypothetical protein B9J08_05182 [Candidozyma auris]
B9J08_004429	B9J08_05183	True	100	100	100	781	100	100	100	781	KAK8438821.1	KAK8438821.1 hypothetical protein B9J08_05183 [Candidozyma auris]
B9J08_00443		False	100	100	100	554						KAK8442122.1 eukaryotic translation initiation factor 2 subunit alpha [Candidozyma auris]
B9J08_004430	B9J08_05184	True	100	100	100	3123	100	100	100	3123	KAK8438822.1	KAK8438822.1 hypothetical protein B9J08_05184 [Candidozyma auris]
B9J08_004431		False	100	100	100	509						KAK8438823.1 60S ribosomal protein L2-A [Candidozyma auris]
B9J08_004432	B9J08_05186	True	100	100	100	447	100	100	100	447	KAK8438824.1	KAK8438824.1 hypothetical protein B9J08_05186 [Candidozyma auris]
B9J08_004433	B9J08_05187	True	100	100	100	227	100	100	100	227	KAK8438825.1	KAK8438825.1 hypothetical protein B9J08_05187 [Candidozyma auris]
B9J08_004434		False	100	100	100	488						KAK8438826.1 60S ribosomal protein L8-B [Candidozyma auris]
B9J08_004435	B9J08_05189	True	100	100	100	535	100	100	100	535	KAK8438827.1	KAK8438827.1 hypothetical protein B9J08_05189 [Candidozyma auris]
B9J08_004436	B9J08_05190	True	100	100	100	1364	100	100	100	1364	KAK8438828.1	KAK8438828.1 hypothetical protein B9J08_05190 [Candidozyma auris]
B9J08_004437	B9J08_05191	True	100	100	100	658	100	100	100	658	KAK8438829.1	KAK8438829.1 hypothetical protein B9J08_05191 [Candidozyma auris]
B9J08_004438	B9J08_05192	True	100	100	100	1653	100	100	100	1653	KAK8438830.1	KAK8438830.1 hypothetical protein B9J08_05192 [Candidozyma auris]
B9J08_004439	B9J08_05193	True	100	100	100	729	100	100	100	729	KAK8438831.1	KAK8438831.1 hypothetical protein B9J08_05193 [Candidozyma auris]
B9J08_00444	B9J08_00444	True	100	100	100	955	100	100	100	955	KAK8442123.1	KAK8442123.1 hypothetical protein B9J08_00444 [Candidozyma auris]
B9J08_004440	B9J08_05194	True	100	100	100	1049	100	100	100	1049	KAK8438832.1	KAK8438832.1 hypothetical protein B9J08_05194 [Candidozyma auris]
B9J08_004441	B9J08_05195	True	100	100	100	1976	100	100	100	1976	KAK8438833.1	KAK8438833.1 hypothetical protein B9J08_05195 [Candidozyma auris]
B9J08_004442	B9J08_05196	True	100	100	100	527	100	100	100	527	KAK8438834.1	KAK8438834.1 hypothetical protein B9J08_05196 [Candidozyma auris]
B9J08_004443	B9J08_05197	True	100	100	100	761	100	100	100	761	KAK8438835.1	KAK8438835.1 hypothetical protein B9J08_05197 [Candidozyma auris]
B9J08_004444	B9J08_05198	True	100	100	100	1114	100	100	100	1114	KAK8438836.1	KAK8438836.1 hypothetical protein B9J08_05198 [Candidozyma auris]
B9J08_004445	B9J08_05199	True	100	100	100	1150	100	100	100	1150	KAK8438837.1	KAK8438837.1 hypothetical protein B9J08_05199 [Candidozyma auris]
B9J08_004446	B9J08_05200	True	100	100	100	1250	100	100	100	1250	KAK8438838.1	KAK8438838.1 hypothetical protein B9J08_05200 [Candidozyma auris]
B9J08_004447	B9J08_05201	True	100	100	100	1057	100	100	100	1057	KAK8438839.1	KAK8438839.1 hypothetical protein B9J08_05201 [Candidozyma auris]
B9J08_004448	B9J08_05202	True	100	100	100	999	100	100	100	999	KAK8438840.1	KAK8438840.1 hypothetical protein B9J08_05202 [Candidozyma auris]
B9J08_004449	B9J08_05203	True	100	100	100	1189	100	100	100	1189	KAK8438841.1	KAK8438841.1 hypothetical protein B9J08_05203 [Candidozyma auris]
B9J08_004450		False	100	100	100	707						KAK8438842.1 pyrimidine biosynthesis enzyme THI5 [Candidozyma auris]
B9J08_004451	B9J08_05205	True	100	100	100	903	100	100	100	903	KAK8438843.1	KAK8438843.1 hypothetical protein B9J08_05205 [Candidozyma auris]
B9J08_004452	B9J08_05206	True	100	100	100	2865	100	100	100	2865	KAK8438844.1	KAK8438844.1 hypothetical protein B9J08_05206 [Candidozyma auris]
B9J08_004453	B9J08_05207	True	100	100	100	840	100	100	100	840	KAK8438845.1	KAK8438845.1 hypothetical protein B9J08_05207 [Candidozyma auris]
B9J08_004454	B9J08_05208	True	100	100	100	444	100	100	100	444	KAK8438846.1	KAK8438846.1 hypothetical protein B9J08_05208 [Candidozyma auris]
B9J08_004455	B9J08_05209	True	100	100	100	971	100	100	100	971	KAK8438847.1	KAK8438847.1 hypothetical protein B9J08_05209 [Candidozyma auris]
B9J08_004456	B9J08_05210	True	100	100	100	1143	100	100	100	1143	KAK8438848.1	KAK8438848.1 hypothetical protein B9J08_05210 [Candidozyma auris]
B9J08_004457		False	100	100	100	324						KAK8438849.1 nuclear transcription factor Y subunit B-3 [Candidozyma auris]
B9J08_004458	B9J08_05212	True	100	100	100	1882	100	100	100	1882	KAK8438850.1	KAK8438850.1 hypothetical protein B9J08_05212 [Candidozyma auris]
B9J08_004459		False	100	100	100	587						KAK8438851.1 acetolactate synthase small subunit, mitochondrial [Candidozyma auris]
B9J08_004460	B9J08_05214	True	100	100	100	535	100	100	100	535	KAK8438852.1	KAK8438852.1 hypothetical protein B9J08_05214 [Candidozyma auris]
B9J08_004461		False	100	100	100	570						KAK8438853.1 prohibitin-2 [Candidozyma auris]
B9J08_004462	B9J08_05216	True	100	100	100	1207	100	100	100	1207	KAK8438854.1	KAK8438854.1 hypothetical protein B9J08_05216 [Candidozyma auris]
B9J08_004463	B9J08_05217	True	100	100	100	1639	100	100	100	1639	KAK8438855.1	KAK8438855.1 hypothetical protein B9J08_05217 [Candidozyma auris]
B9J08_004464	B9J08_05218	True	100	100	100	389	100	100	100	389	KAK8438856.1	KAK8438856.1 hypothetical protein B9J08_05218 [Candidozyma auris]
B9J08_004465	B9J08_05219	True	100	100	100	613	100	100	100	613	KAK8438857.1	KAK8438857.1 hypothetical protein B9J08_05219 [Candidozyma auris]
B9J08_004466		False	100	100	100	1177						KAK8438858.1 gamma-glutamyltransferase [Candidozyma auris]
B9J08_004467	B9J08_05221	True	100	100	100	668	100	100	100	668	KAK8438859.1	KAK8438859.1 hypothetical protein B9J08_05221 [Candidozyma auris]
B9J08_004468	B9J08_05222	True	100	100	100	1231	100	100	100	1231	KAK8438860.1	KAK8438860.1 hypothetical protein B9J08_05222 [Candidozyma auris]
B9J08_004469	B9J08_05223	True	100	100	100	370	100	100	100	370	KAK8438861.1	KAK8438861.1 hypothetical protein B9J08_05223 [Candidozyma auris]
B9J08_004471	B9J08_04430	True	100	100	100	220	100	100	100	220	KAK8438883.1	KAK8438883.1 hypothetical protein B9J08_04430 [Candidozyma auris]
B9J08_004472		False	100	100	100	570						KAK8438884.1 allantoate permease [Candidozyma auris]
B9J08_004473	B9J08_04432	True	100	100	100	890	100	100	100	890	KAK8438885.1	KAK8438885.1 hypothetical protein B9J08_04432 [Candidozyma auris]
B9J08_004474	B9J08_04433	True	100	100	100	1278	100	100	100	1278	KAK8438886.1	KAK8438886.1 hypothetical protein B9J08_04433 [Candidozyma auris]
B9J08_004475	B9J08_04434	True	100	100	100	1260	100	100	100	1260	KAK8438887.1	KAK8438887.1 hypothetical protein B9J08_04434 [Candidozyma auris]
B9J08_004476	B9J08_04435	True	100	100	100	530	100	100	100	530	KAK8438888.1	KAK8438888.1 hypothetical protein B9J08_04435 [Candidozyma auris]
B9J08_004477	B9J08_04436	True	100	100	100	924	100	100	100	924	KAK8438889.1	KAK8438889.1 hypothetical protein B9J08_04436 [Candidozyma auris]
B9J08_004478	B9J08_04437	True	100	100	100	1047	100	100	100	1047	KAK8438890.1	KAK8438890.1 hypothetical protein B9J08_04437 [Candidozyma auris]
B9J08_004479		False	100	100	100	1854						KAK8438891.1 OPT family small oligopeptide transporter [Candidozyma auris]
B9J08_004480	B9J08_04439	True	100	100	100	1294	100	100	100	1294	KAK8438892.1	KAK8438892.1 hypothetical protein B9J08_04439 [Candidozyma auris]
B9J08_004481	B9J08_04440	True	100	100	100	572	100	100	100	572	KAK8438893.1	KAK8438893.1 hypothetical protein B9J08_04440 [Candidozyma auris]
B9J08_004482	B9J08_04441	True	100	100	100	669	100	100	100	669	KAK8438894.1	KAK8438894.1 hypothetical protein B9J08_04441 [Candidozyma auris]
B9J08_004483		False	100	100	100	175						KAK8438895.1 Cx9C domain-containing protein-containing protein 4, mitochondrial [Candidozyma auris]
B9J08_004484	B9J08_04443	True	100	100	100	434	100	100	100	434	KAK8438896.1	KAK8438896.1 hypothetical protein B9J08_04443 [Candidozyma auris]
B9J08_004485		False	100	100	100	776						KAK8438897.1 obg-like ATPase 1 [Candidozyma auris]
B9J08_004486	B9J08_04445	True	100	100	100	187	100	100	100	187	KAK8438898.1	KAK8438898.1 hypothetical protein B9J08_04445 [Candidozyma auris]
B9J08_004487	B9J08_04446	True	100	100	100	1641	100	100	100	1641	KAK8438899.1	KAK8438899.1 hypothetical protein B9J08_04446 [Candidozyma auris]
B9J08_004488	B9J08_04447	True	100	100	100	554	100	100	100	554	KAK8438900.1	KAK8438900.1 hypothetical protein B9J08_04447 [Candidozyma auris]
B9J08_004489	B9J08_04448	True	100	100	100	1755	100	100	100	1755	KAK8438901.1	KAK8438901.1 hypothetical protein B9J08_04448 [Candidozyma auris]
B9J08_004490	B9J08_04449	True	100	100	100	1550	100	100	100	1550	KAK8438902.1	KAK8438902.1 hypothetical protein B9J08_04449 [Candidozyma auris]
B9J08_004491	B9J08_04450	True	100	100	100	2390	100	100	100	2390	KAK8438903.1	KAK8438903.1 hypothetical protein B9J08_04450 [Candidozyma auris]
B9J08_004492	B9J08_04451	True	100	100	100	1254	100	100	100	1254	KAK8438904.1	KAK8438904.1 hypothetical protein B9J08_04451 [Candidozyma auris]
B9J08_004493	B9J08_04452	True	100	100	100	2403	100	100	100	2403	KAK8438905.1	KAK8438905.1 hypothetical protein B9J08_04452 [Candidozyma auris]
B9J08_004494	B9J08_04453	True	100	100	100	803	100	100	100	803	KAK8438906.1	KAK8438906.1 hypothetical protein B9J08_04453 [Candidozyma auris]
B9J08_004495	B9J08_04454	True	100	100	100	520	100	100	100	520	KAK8438907.1	KAK8438907.1 hypothetical protein B9J08_04454 [Candidozyma auris]
B9J08_004496	B9J08_04455	True	100	100	100	696	100	100	100	696	KAK8438908.1	KAK8438908.1 hypothetical protein B9J08_04455 [Candidozyma auris]
B9J08_004497	B9J08_04456	True	100	100	100	623	100	100	100	623	KAK8438909.1	KAK8438909.1 hypothetical protein B9J08_04456 [Candidozyma auris]
B9J08_004498	B9J08_04457	True	100	100	100	1287	100	100	100	1287	KAK8438910.1	KAK8438910.1 hypothetical protein B9J08_04457 [Candidozyma auris]
B9J08_004499		False	100	100	100	902						KAK8438911.1 tubulin alpha chain [Candidozyma auris]
B9J08_004500		False	100	100	100	890						KAK8438912.1 hydroxymethylglutaryl-CoA synthase [Candidozyma auris]
B9J08_004501		False	100	100	100	1144						KAK8438913.1 D-arabinono-1,4-lactone oxidase [Candidozyma auris]
B9J08_004502	B9J08_04461	True	100	100	100	1587	100	100	100	1587	KAK8438914.1	KAK8438914.1 hypothetical protein B9J08_04461 [Candidozyma auris]
B9J08_004503	B9J08_04462	True	100	100	100	495	100	100	100	495	KAK8438915.1	KAK8438915.1 hypothetical protein B9J08_04462 [Candidozyma auris]
B9J08_004504	B9J08_04463	True	100	100	100	2187	100	100	100	2187	KAK8438916.1	KAK8438916.1 hypothetical protein B9J08_04463 [Candidozyma auris]
B9J08_004505	B9J08_04464	True	100	100	100	1135	100	100	100	1135	KAK8438917.1	KAK8438917.1 hypothetical protein B9J08_04464 [Candidozyma auris]
B9J08_004506	B9J08_04465	True	100	100	100	280	100	100	100	280	KAK8438918.1	KAK8438918.1 hypothetical protein B9J08_04465 [Candidozyma auris]
B9J08_004507	B9J08_04466	True	100	100	100	952	100	100	100	952	KAK8438919.1	KAK8438919.1 hypothetical protein B9J08_04466 [Candidozyma auris]
B9J08_004508		False	100	100	100	352						KAK8438920.1 ubiquitin-conjugating enzyme E2 7 [Candidozyma auris]
B9J08_004509	B9J08_04468	True	100	100	100	1733	100	100	100	1733	KAK8438921.1	KAK8438921.1 hypothetical protein B9J08_04468 [Candidozyma auris]
B9J08_004510	B9J08_04469	True	100	100	100	370	100	100	100	370	KAK8438922.1	KAK8438922.1 hypothetical protein B9J08_04469 [Candidozyma auris]
B9J08_004511	B9J08_04470	True	100	100	100	1185	100	100	100	1185	KAK8438923.1	KAK8438923.1 hypothetical protein B9J08_04470 [Candidozyma auris]
B9J08_004512	B9J08_04471	True	100	100	100	620	100	100	100	620	KAK8438924.1	KAK8438924.1 hypothetical protein B9J08_04471 [Candidozyma auris]
B9J08_004513	B9J08_04472	True	100	100	100	1057	100	100	100	1057	KAK8438925.1	KAK8438925.1 hypothetical protein B9J08_04472 [Candidozyma auris]
B9J08_004514	B9J08_04473	True	100	100	100	635	100	100	100	635	KAK8438926.1	KAK8438926.1 hypothetical protein B9J08_04473 [Candidozyma auris]
B9J08_004515	B9J08_04474	True	100	100	100	794	100	100	100	794	KAK8438927.1	KAK8438927.1 hypothetical protein B9J08_04474 [Candidozyma auris]
B9J08_004516	B9J08_04475	True	100	100	100	1355	100	100	100	1355	KAK8438928.1	KAK8438928.1 hypothetical protein B9J08_04475 [Candidozyma auris]
B9J08_004517	B9J08_04476	True	100	100	100	378	100	100	100	378	KAK8438929.1	KAK8438929.1 hypothetical protein B9J08_04476 [Candidozyma auris]
B9J08_004518	B9J08_04477	True	100	100	100	376	100	100	100	376	KAK8438930.1	KAK8438930.1 hypothetical protein B9J08_04477 [Candidozyma auris]
B9J08_004519	B9J08_04478	True	100	100	100	349	100	100	100	349	KAK8438931.1	KAK8438931.1 hypothetical protein B9J08_04478 [Candidozyma auris]
B9J08_004520	B9J08_04479	True	100	100	100	1483	100	100	100	1483	KAK8438932.1	KAK8438932.1 hypothetical protein B9J08_04479 [Candidozyma auris]
B9J08_004521	B9J08_04480	True	100	100	100	2711	100	100	100	2711	KAK8438933.1	KAK8438933.1 hypothetical protein B9J08_04480 [Candidozyma auris]
B9J08_004522	B9J08_04481	True	100	100	100	1343	100	100	100	1343	KAK8438934.1	KAK8438934.1 hypothetical protein B9J08_04481 [Candidozyma auris]
B9J08_004523	B9J08_04482	True	100	100	100	1157	100	100	100	1157	KAK8438935.1	KAK8438935.1 hypothetical protein B9J08_04482 [Candidozyma auris]
B9J08_004524	B9J08_04483	True	100	100	100	392	100	100	100	392	KAK8438936.1	KAK8438936.1 hypothetical protein B9J08_04483 [Candidozyma auris]
B9J08_004525	B9J08_04484	True	100	100	100	606	100	100	100	606	KAK8438937.1	KAK8438937.1 hypothetical protein B9J08_04484 [Candidozyma auris]
B9J08_004526	B9J08_04485	True	100	100	100	945	100	100	100	945	KAK8438938.1	KAK8438938.1 hypothetical protein B9J08_04485 [Candidozyma auris]
B9J08_004527	B9J08_04486	True	100	100	100	895	100	100	100	895	KAK8438939.1	KAK8438939.1 hypothetical protein B9J08_04486 [Candidozyma auris]
B9J08_004528	B9J08_04487	True	100	100	100	514	100	100	100	514	KAK8438940.1	KAK8438940.1 hypothetical protein B9J08_04487 [Candidozyma auris]
B9J08_004529	B9J08_04488	True	100	100	100	549	100	100	100	549	KAK8438941.1	KAK8438941.1 hypothetical protein B9J08_04488 [Candidozyma auris]
B9J08_004530	B9J08_04489	True	100	100	100	154	100	100	100	154	KAK8438942.1	KAK8438942.1 hypothetical protein B9J08_04489 [Candidozyma auris]
B9J08_004531		False	100	100	100	847						KAK8438943.1 agmatinase [Candidozyma auris]
B9J08_004532	B9J08_04491	True	100	100	100	1475	100	100	100	1475	KAK8438944.1	KAK8438944.1 hypothetical protein B9J08_04491 [Candidozyma auris]
B9J08_004533	B9J08_04492	True	100	100	100	1107	100	100	100	1107	KAK8438945.1	KAK8438945.1 hypothetical protein B9J08_04492 [Candidozyma auris]
B9J08_004534	B9J08_04493	True	100	100	100	1039	100	100	100	1039	KAK8438946.1	KAK8438946.1 hypothetical protein B9J08_04493 [Candidozyma auris]
B9J08_004535	B9J08_04494	True	100	100	100	971	100	100	100	971	KAK8438947.1	KAK8438947.1 hypothetical protein B9J08_04494 [Candidozyma auris]
B9J08_004536	B9J08_04495	True	100	100	100	1027	100	100	100	1027	KAK8438948.1	KAK8438948.1 hypothetical protein B9J08_04495 [Candidozyma auris]
B9J08_004537		False	100	100	100	1823						KAK8438949.1 OPT family small oligopeptide transporter [Candidozyma auris]
B9J08_004538		False	100	100	100	1844						KAK8438950.1 OPT family small oligopeptide transporter [Candidozyma auris]
B9J08_004539	B9J08_04498	True	100	100	100	975	100	100	100	975	KAK8438951.1	KAK8438951.1 hypothetical protein B9J08_04498 [Candidozyma auris]
B9J08_004540	B9J08_04499	True	100	100	100	3144	100	100	100	3144	KAK8438952.1	KAK8438952.1 hypothetical protein B9J08_04499 [Candidozyma auris]
B9J08_004541	B9J08_04500	True	100	100	100	1699	100	100	100	1699	KAK8438953.1	KAK8438953.1 hypothetical protein B9J08_04500 [Candidozyma auris]
B9J08_004542	B9J08_04501	True	100	100	100	425	100	100	100	425	KAK8438954.1	KAK8438954.1 hypothetical protein B9J08_04501 [Candidozyma auris]
B9J08_004543	B9J08_04502	True	100	100	100	417	100	100	100	417	KAK8438955.1	KAK8438955.1 hypothetical protein B9J08_04502 [Candidozyma auris]
B9J08_004544		False	100	100	100	1855						KAK8438956.1 OPT family small oligopeptide transporter [Candidozyma auris]
B9J08_004545		False	100	100	100	1848						KAK8438957.1 OPT family small oligopeptide transporter [Candidozyma auris]
B9J08_004546	B9J08_04505	True	100	100	100	264	100	100	100	264	KAK8438958.1	KAK8438958.1 hypothetical protein B9J08_04505 [Candidozyma auris]
B9J08_004547	B9J08_04506	True	100	100	100	913	100	100	100	913	KAK8438959.1	KAK8438959.1 hypothetical protein B9J08_04506 [Candidozyma auris]
B9J08_004548	B9J08_04507	True	100	100	100	1047	100	100	100	1047	KAK8438960.1	KAK8438960.1 hypothetical protein B9J08_04507 [Candidozyma auris]
B9J08_004549	B9J08_04508	True	100	100	100	1555	100	100	100	1555	KAK8438961.1	KAK8438961.1 hypothetical protein B9J08_04508 [Candidozyma auris]
B9J08_004550		False	100	100	100	1016						KAK8438962.1 glucose-6-phosphate 1-dehydrogenase [Candidozyma auris]
B9J08_004551	B9J08_04510	True	100	100	100	852	100	100	100	852	KAK8438963.1	KAK8438963.1 hypothetical protein B9J08_04510 [Candidozyma auris]
B9J08_004552	B9J08_04511	True	100	100	100	890	100	100	100	890	KAK8438964.1	KAK8438964.1 hypothetical protein B9J08_04511 [Candidozyma auris]
B9J08_004553	B9J08_04512	True	100	100	100	905	100	100	100	905	KAK8438965.1	KAK8438965.1 hypothetical protein B9J08_04512 [Candidozyma auris]
B9J08_004554	B9J08_04513	True	100	100	100	1832	100	100	100	1832	KAK8438966.1	KAK8438966.1 hypothetical protein B9J08_04513 [Candidozyma auris]
B9J08_004555	B9J08_04514	True	100	100	100	724	100	100	100	724	KAK8438967.1	KAK8438967.1 hypothetical protein B9J08_04514 [Candidozyma auris]
B9J08_004556	B9J08_04515	True	100	100	100	374	100	100	100	374	KAK8438968.1	KAK8438968.1 hypothetical protein B9J08_04515 [Candidozyma auris]
B9J08_004557	B9J08_04516	True	100	100	100	1932	100	100	100	1932	KAK8438969.1	KAK8438969.1 hypothetical protein B9J08_04516 [Candidozyma auris]
B9J08_004558	B9J08_04517	True	100	100	100	830	100	100	100	830	KAK8438970.1	KAK8438970.1 hypothetical protein B9J08_04517 [Candidozyma auris]
B9J08_004559	B9J08_04518	True	100	100	100	358	100	100	100	358	KAK8438971.1	KAK8438971.1 hypothetical protein B9J08_04518 [Candidozyma auris]
B9J08_004560		False	100	100	100	1839						KAK8438972.1 OPT family small oligopeptide transporter [Candidozyma auris]
B9J08_004561		False	100	100	100	777						KAK8438973.1 glutamine synthetase [Candidozyma auris]
B9J08_004562		False	100	100	100	1596						KAK8438974.1 OPT family small oligopeptide transporter [Candidozyma auris]
B9J08_004564	B9J08_04523	True	100	100	100	812	100	100	100	812	KAK8438975.1	KAK8438975.1 hypothetical protein B9J08_04523 [Candidozyma auris]
B9J08_004565	B9J08_04524	True	100	100	100	812	100	100	100	812	KAK8438976.1	KAK8438976.1 hypothetical protein B9J08_04524 [Candidozyma auris]
B9J08_004566	B9J08_04525	True	100	100	100	1331	100	100	100	1331	KAK8438977.1	KAK8438977.1 hypothetical protein B9J08_04525 [Candidozyma auris]
B9J08_004567	B9J08_04526	True	100	100	100	146	100	100	100	146	KAK8438978.1	KAK8438978.1 hypothetical protein B9J08_04526 [Candidozyma auris]
B9J08_004568	B9J08_04527	True	100	100	100	607	100	100	100	607	KAK8438979.1	KAK8438979.1 hypothetical protein B9J08_04527 [Candidozyma auris]
B9J08_004569		False	100	100	100	273						KAK8438980.1 prefoldin, alpha subunit [Candidozyma auris]
B9J08_004570	B9J08_04529	True	100	100	100	169	100	100	100	169	KAK8438981.1	KAK8438981.1 hypothetical protein B9J08_04529 [Candidozyma auris]
B9J08_004571	B9J08_04530	True	100	100	100	1238	100	100	100	1238	KAK8438982.1	KAK8438982.1 hypothetical protein B9J08_04530 [Candidozyma auris]
B9J08_004572	B9J08_04531	True	100	100	100	1132	100	100	100	1132	KAK8438983.1	KAK8438983.1 hypothetical protein B9J08_04531 [Candidozyma auris]
B9J08_004573	B9J08_04532	True	100	100	100	1104	100	100	100	1104	KAK8438984.1	KAK8438984.1 hypothetical protein B9J08_04532 [Candidozyma auris]
B9J08_004574		False	100	100	100	459						KAK8438985.1 60S ribosomal protein L7 [Candidozyma auris]
B9J08_004575	B9J08_04534	True	100	100	100	613	100	100	100	613	KAK8438986.1	KAK8438986.1 hypothetical protein B9J08_04534 [Candidozyma auris]
B9J08_004576	B9J08_04535	True	100	100	100	3929	100	100	100	3929	KAK8438987.1	KAK8438987.1 hypothetical protein B9J08_04535 [Candidozyma auris]
B9J08_004577	B9J08_04536	True	100	100	100	239	100	100	100	239	KAK8438988.1	KAK8438988.1 hypothetical protein B9J08_04536 [Candidozyma auris]
B9J08_004578	B9J08_04537	True	100	100	100	1324	100	100	100	1324	KAK8438989.1	KAK8438989.1 hypothetical protein B9J08_04537 [Candidozyma auris]
B9J08_004579		False	100	100	100	919						KAK8438990.1 elongation factor 1-alpha 2 [Candidozyma auris]
B9J08_004580	B9J08_04539	True	100	100	100	458	100	100	100	458	KAK8438991.1	KAK8438991.1 hypothetical protein B9J08_04539 [Candidozyma auris]
B9J08_004581	B9J08_04540	True	100	100	100	423	100	100	100	423	KAK8438992.1	KAK8438992.1 hypothetical protein B9J08_04540 [Candidozyma auris]
B9J08_004582	B9J08_04541	True	100	100	100	1227	100	100	100	1227	KAK8438993.1	KAK8438993.1 hypothetical protein B9J08_04541 [Candidozyma auris]
B9J08_004583	B9J08_04542	True	100	100	100	641	100	100	100	641	KAK8438994.1	KAK8438994.1 hypothetical protein B9J08_04542 [Candidozyma auris]
B9J08_004584	B9J08_04543	True	100	100	100	1020	100	100	100	1020	KAK8438995.1	KAK8438995.1 hypothetical protein B9J08_04543 [Candidozyma auris]
B9J08_004585	B9J08_04544	True	100	88.4	88.4	777	100	88.4	88.4	777	KAK8438996.1	KAK8438996.1 hypothetical protein B9J08_04544 [Candidozyma auris]
B9J08_004586	B9J08_04545	True	100	100	100	705	100	100	100	705	KAK8438997.1	KAK8438997.1 hypothetical protein B9J08_04545 [Candidozyma auris]
B9J08_004587		False	100	100	100	881						KAK8438998.1 farnesyl-diphosphate farnesyltransferase [Candidozyma auris]
B9J08_004588	B9J08_04547	True	100	100	100	634	100	100	100	634	KAK8438999.1	KAK8438999.1 hypothetical protein B9J08_04547 [Candidozyma auris]
B9J08_004589	B9J08_04548	True	100	100	100	450	100	100	100	450	KAK8439000.1	KAK8439000.1 hypothetical protein B9J08_04548 [Candidozyma auris]
B9J08_004590	B9J08_04549	True	100	100	100	875	100	100	100	875	KAK8439001.1	KAK8439001.1 hypothetical protein B9J08_04549 [Candidozyma auris]
B9J08_004591		False	100	100	100	594						KAK8439002.1 mitochondrial DNA replication protein YHM2 [Candidozyma auris]
B9J08_004592	B9J08_04551	True	100	100	100	852	100	100	100	852	KAK8439003.1	KAK8439003.1 hypothetical protein B9J08_04551 [Candidozyma auris]
B9J08_004593		False	100	100	100	1198						KAK8439004.1 sodium/hydrogen exchanger 3 [Candidozyma auris]
B9J08_004594	B9J08_04553	True	100	100	100	1268	100	100	100	1268	KAK8439005.1	KAK8439005.1 hypothetical protein B9J08_04553 [Candidozyma auris]
B9J08_004595	B9J08_04554	True	100	100	100	577	100	100	100	577	KAK8439006.1	KAK8439006.1 hypothetical protein B9J08_04554 [Candidozyma auris]
B9J08_004596	B9J08_04555	True	100	100	100	1112	100	100	100	1112	KAK8439007.1	KAK8439007.1 hypothetical protein B9J08_04555 [Candidozyma auris]
B9J08_004597	B9J08_04556	True	100	100	100	625	100	100	100	625	KAK8439008.1	KAK8439008.1 hypothetical protein B9J08_04556 [Candidozyma auris]
B9J08_004598	B9J08_04557	True	100	100	100	862	100	100	100	862	KAK8439009.1	KAK8439009.1 hypothetical protein B9J08_04557 [Candidozyma auris]
B9J08_004599	B9J08_04558	True	100	100	100	150	100	100	100	150	KAK8439010.1	KAK8439010.1 hypothetical protein B9J08_04558 [Candidozyma auris]
B9J08_004600	B9J08_04559	True	100	100	100	706	100	100	100	706	KAK8439011.1	KAK8439011.1 hypothetical protein B9J08_04559 [Candidozyma auris]
B9J08_004601		False	100	100	100	1700						KAK8439012.1 ribonucleoside-diphosphate reductase large chain 1 [Candidozyma auris]
B9J08_004602		False	100	100	100	1579						KAK8439013.1 OPT family small oligopeptide transporter [Candidozyma auris]
B9J08_004603	B9J08_04562	True	100	100	100	1367	100	100	100	1367	KAK8439014.1	KAK8439014.1 hypothetical protein B9J08_04562 [Candidozyma auris]
B9J08_004604	B9J08_04563	True	100	100	100	614	100	100	100	614	KAK8439015.1	KAK8439015.1 hypothetical protein B9J08_04563 [Candidozyma auris]
B9J08_004605		False	100	100	100	721						KAK8439016.1 septin CDC11 [Candidozyma auris]
B9J08_004606	B9J08_04565	True	100	100	100	993	100	100	100	993	KAK8439017.1	KAK8439017.1 hypothetical protein B9J08_04565 [Candidozyma auris]
B9J08_004607	B9J08_04566	True	100	100	100	729	100	100	100	729	KAK8439018.1	KAK8439018.1 hypothetical protein B9J08_04566 [Candidozyma auris]
B9J08_004608		False	100	100	100	759						KAK8439019.1 vacuolar protein 8 [Candidozyma auris]
B9J08_004609	B9J08_04568	True	100	100	100	867	100	100	100	867	KAK8439020.1	KAK8439020.1 hypothetical protein B9J08_04568 [Candidozyma auris]
B9J08_004610		False	100	100	100	686						KAK8439021.1 cytosolic Fe-S cluster assembly factor NBP35 [Candidozyma auris]
B9J08_004611	B9J08_04570	True	100	100	100	2353	100	100	100	2353	KAK8439022.1	KAK8439022.1 hypothetical protein B9J08_04570 [Candidozyma auris]
B9J08_004612	B9J08_04571	True	100	100	100	965	100	100	100	965	KAK8439023.1	KAK8439023.1 hypothetical protein B9J08_04571 [Candidozyma auris]
B9J08_004613	B9J08_04572	True	100	100	100	919	100	100	100	919	KAK8439024.1	KAK8439024.1 hypothetical protein B9J08_04572 [Candidozyma auris]
B9J08_004614	B9J08_04573	True	100	100	100	641	100	100	100	641	KAK8439025.1	KAK8439025.1 hypothetical protein B9J08_04573 [Candidozyma auris]
B9J08_004615	B9J08_04574	True	100	100	100	348	100	100	100	348	KAK8439026.1	KAK8439026.1 hypothetical protein B9J08_04574 [Candidozyma auris]
B9J08_004616	B9J08_04575	True	100	100	100	742	100	100	100	742	KAK8439027.1	KAK8439027.1 hypothetical protein B9J08_04575 [Candidozyma auris]
B9J08_004617	B9J08_04576	True	100	100	100	1307	100	100	100	1307	KAK8439028.1	KAK8439028.1 hypothetical protein B9J08_04576 [Candidozyma auris]
B9J08_004618		False	100	100	100	967						KAK8439029.1 cystathionine beta-synthase [Candidozyma auris]
B9J08_004619		False	100	100	100	518						KAK8439030.1 transcription elongation factor S-II [Candidozyma auris]
B9J08_004620	B9J08_04579	True	100	100	100	462	100	100	100	462	KAK8439031.1	KAK8439031.1 hypothetical protein B9J08_04579 [Candidozyma auris]
B9J08_004621	B9J08_04580	True	100	100	100	663	100	100	100	663	KAK8439032.1	KAK8439032.1 hypothetical protein B9J08_04580 [Candidozyma auris]
B9J08_004622	B9J08_04581	True	100	100	100	644	100	100	100	644	KAK8439033.1	KAK8439033.1 hypothetical protein B9J08_04581 [Candidozyma auris]
B9J08_004623	B9J08_04582	True	100	100	100	739	100	100	100	739	KAK8439034.1	KAK8439034.1 hypothetical protein B9J08_04582 [Candidozyma auris]
B9J08_004624	B9J08_04583	True	100	100	100	2109	100	100	100	2109	KAK8439035.1	KAK8439035.1 hypothetical protein B9J08_04583 [Candidozyma auris]
B9J08_004625		False	100	100	100	496						KAK8439036.1 ribosome biogenesis protein NSA2 [Candidozyma auris]
B9J08_004626	B9J08_04585	True	100	100	100	597	100	100	100	597	KAK8439037.1	KAK8439037.1 hypothetical protein B9J08_04585 [Candidozyma auris]
B9J08_004627	B9J08_04586	True	100	100	100	1333	100	100	100	1333	KAK8439038.1	KAK8439038.1 hypothetical protein B9J08_04586 [Candidozyma auris]
B9J08_004628	B9J08_04587	True	100	100	100	714	100	100	100	714	KAK8439039.1	KAK8439039.1 hypothetical protein B9J08_04587 [Candidozyma auris]
B9J08_004629	B9J08_04588	True	100	100	100	763	100	100	100	763	KAK8439040.1	KAK8439040.1 hypothetical protein B9J08_04588 [Candidozyma auris]
B9J08_004630	B9J08_04589	True	100	100	100	625	100	100	100	625	KAK8439041.1	KAK8439041.1 hypothetical protein B9J08_04589 [Candidozyma auris]
B9J08_004631	B9J08_04590	True	100	100	100	484	100	100	100	484	KAK8439042.1	KAK8439042.1 hypothetical protein B9J08_04590 [Candidozyma auris]
B9J08_004632	B9J08_04591	True	100	100	100	861	100	100	100	861	KAK8439043.1	KAK8439043.1 hypothetical protein B9J08_04591 [Candidozyma auris]
B9J08_004633	B9J08_04592	True	100	100	100	1424	100	100	100	1424	KAK8439044.1	KAK8439044.1 hypothetical protein B9J08_04592 [Candidozyma auris]
B9J08_004634	B9J08_04593	True	100	100	100	882	100	100	100	882	KAK8439045.1	KAK8439045.1 hypothetical protein B9J08_04593 [Candidozyma auris]
B9J08_004635		False	100	100	100	239						KAK8439046.1 cytochrome c oxidase assembly protein COX19 [Candidozyma auris]
B9J08_004636	B9J08_04595	True	100	100	100	2779	100	100	100	2779	KAK8439047.1	KAK8439047.1 hypothetical protein B9J08_04595 [Candidozyma auris]
B9J08_004637	B9J08_04596	True	100	100	100	719	100	100	100	719	KAK8439048.1	KAK8439048.1 hypothetical protein B9J08_04596 [Candidozyma auris]
B9J08_004638	B9J08_04597	True	100	100	100	1008	100	100	100	1008	KAK8439049.1	KAK8439049.1 hypothetical protein B9J08_04597 [Candidozyma auris]
B9J08_004639	B9J08_04598	True	100	100	100	1287	100	100	100	1287	KAK8439050.1	KAK8439050.1 hypothetical protein B9J08_04598 [Candidozyma auris]
B9J08_004640	B9J08_04599	True	100	100	100	667	100	100	100	667	KAK8439051.1	KAK8439051.1 hypothetical protein B9J08_04599 [Candidozyma auris]
B9J08_004641	B9J08_04600	True	100	100	100	256	100	100	100	256	KAK8439052.1	KAK8439052.1 hypothetical protein B9J08_04600 [Candidozyma auris]
B9J08_004642	B9J08_04601	True	100	100	100	1275	100	100	100	1275	KAK8439053.1	KAK8439053.1 hypothetical protein B9J08_04601 [Candidozyma auris]
B9J08_004643	B9J08_04602	True	100	100	100	801	100	100	100	801	KAK8439054.1	KAK8439054.1 hypothetical protein B9J08_04602 [Candidozyma auris]
B9J08_004644	B9J08_04603	True	100	100	100	959	100	100	100	959	KAK8439055.1	KAK8439055.1 hypothetical protein B9J08_04603 [Candidozyma auris]
B9J08_004645	B9J08_04604	True	100	100	100	1084	100	100	100	1084	KAK8439056.1	KAK8439056.1 hypothetical protein B9J08_04604 [Candidozyma auris]
B9J08_004646	B9J08_04605	True	100	100	100	516	100	100	100	516	KAK8439057.1	KAK8439057.1 hypothetical protein B9J08_04605 [Candidozyma auris]
B9J08_004647		False	100	100	100	307						KAK8439058.1 ubiquitin-conjugating enzyme E2 2 [Candidozyma auris]
B9J08_004648	B9J08_04607	True	100	100	100	1041	100	100	100	1041	KAK8439059.1	KAK8439059.1 hypothetical protein B9J08_04607 [Candidozyma auris]
B9J08_004649	B9J08_04608	True	100	100	100	1340	100	100	100	1340	KAK8439060.1	KAK8439060.1 hypothetical protein B9J08_04608 [Candidozyma auris]
B9J08_004650	B9J08_04609	True	100	100	100	1298	100	100	100	1298	KAK8439061.1	KAK8439061.1 hypothetical protein B9J08_04609 [Candidozyma auris]
B9J08_004651	B9J08_04610	True	100	100	100	2066	100	100	100	2066	KAK8439062.1	KAK8439062.1 hypothetical protein B9J08_04610 [Candidozyma auris]
B9J08_004652	B9J08_04611	True	100	100	100	1453	100	100	100	1453	KAK8439063.1	KAK8439063.1 hypothetical protein B9J08_04611 [Candidozyma auris]
B9J08_004653	B9J08_04612	True	100	100	100	796	100	100	100	796	KAK8439064.1	KAK8439064.1 hypothetical protein B9J08_04612 [Candidozyma auris]
B9J08_004654	B9J08_04613	True	100	100	100	740	100	100	100	740	KAK8439065.1	KAK8439065.1 hypothetical protein B9J08_04613 [Candidozyma auris]
B9J08_004655	B9J08_04614	True	100	100	100	317	100	100	100	317	KAK8439066.1	KAK8439066.1 hypothetical protein B9J08_04614 [Candidozyma auris]
B9J08_004656	B9J08_04615	True	100	100	100	891	100	100	100	891	KAK8439067.1	KAK8439067.1 hypothetical protein B9J08_04615 [Candidozyma auris]
B9J08_004657	B9J08_04616	True	100	100	100	770	100	100	100	770	KAK8439068.1	KAK8439068.1 hypothetical protein B9J08_04616 [Candidozyma auris]
B9J08_004658	B9J08_04617	True	100	100	100	349	100	100	100	349	KAK8439069.1	KAK8439069.1 hypothetical protein B9J08_04617 [Candidozyma auris]
B9J08_004659	B9J08_04618	True	100	100	100	988	100	100	100	988	KAK8439070.1	KAK8439070.1 hypothetical protein B9J08_04618 [Candidozyma auris]
B9J08_004660	B9J08_04619	True	100	100	100	577	100	100	100	577	KAK8439071.1	KAK8439071.1 hypothetical protein B9J08_04619 [Candidozyma auris]
B9J08_004661	B9J08_04620	True	100	100	100	1712	100	100	100	1712	KAK8439072.1	KAK8439072.1 hypothetical protein B9J08_04620 [Candidozyma auris]
B9J08_004662	B9J08_04621	True	100	100	100	1222	100	100	100	1222	KAK8439073.1	KAK8439073.1 hypothetical protein B9J08_04621 [Candidozyma auris]
B9J08_004663	B9J08_04622	True	100	100	100	715	100	100	100	715	KAK8439074.1	KAK8439074.1 hypothetical protein B9J08_04622 [Candidozyma auris]
B9J08_004665	B9J08_04624	True	100	100	100	833	100	100	100	833	KAK8439075.1	KAK8439075.1 hypothetical protein B9J08_04624 [Candidozyma auris]
B9J08_004666	B9J08_04625	True	100	100	100	721	100	100	100	721	KAK8439076.1	KAK8439076.1 hypothetical protein B9J08_04625 [Candidozyma auris]
B9J08_004667	B9J08_04626	True	100	100	100	167	100	100	100	167	KAK8439077.1	KAK8439077.1 hypothetical protein B9J08_04626 [Candidozyma auris]
B9J08_004668	B9J08_04627	True	100	100	100	339	100	100	100	339	KAK8439078.1	KAK8439078.1 hypothetical protein B9J08_04627 [Candidozyma auris]
B9J08_004669	B9J08_04628	True	100	100	100	453	100	100	100	453	KAK8439079.1	KAK8439079.1 hypothetical protein B9J08_04628 [Candidozyma auris]
B9J08_004670	B9J08_04629	True	100	100	100	2220	100	100	100	2220	KAK8439080.1	KAK8439080.1 hypothetical protein B9J08_04629 [Candidozyma auris]
B9J08_004671	B9J08_04630	True	100	100	100	1079	100	100	100	1079	KAK8439081.1	KAK8439081.1 hypothetical protein B9J08_04630 [Candidozyma auris]
B9J08_004672		False	100	100	100	261						KAK8439082.1 40S ribosomal protein S22 [Candidozyma auris]
B9J08_004673	B9J08_04632	True	100	100	100	808	100	100	100	808	KAK8439083.1	KAK8439083.1 hypothetical protein B9J08_04632 [Candidozyma auris]
B9J08_004674	B9J08_04633	True	100	100	100	1169	100	100	100	1169	KAK8439084.1	KAK8439084.1 hypothetical protein B9J08_04633 [Candidozyma auris]
B9J08_004675	B9J08_04634	True	100	100	100	841	100	100	100	841	KAK8439085.1	KAK8439085.1 hypothetical protein B9J08_04634 [Candidozyma auris]
B9J08_004676	B9J08_04635	True	100	100	100	976	100	100	100	976	KAK8439086.1	KAK8439086.1 hypothetical protein B9J08_04635 [Candidozyma auris]
B9J08_004677	B9J08_04636	True	100	100	100	984	100	100	100	984	KAK8439087.1	KAK8439087.1 hypothetical protein B9J08_04636 [Candidozyma auris]
B9J08_004678	B9J08_04637	True	100	100	100	423	100	100	100	423	KAK8439088.1	KAK8439088.1 hypothetical protein B9J08_04637 [Candidozyma auris]
B9J08_004679	B9J08_04638	True	100	100	100	2378	100	100	100	2378	KAK8439089.1	KAK8439089.1 hypothetical protein B9J08_04638 [Candidozyma auris]
B9J08_004680	B9J08_04639	True	100	100	100	589	100	100	100	589	KAK8439090.1	KAK8439090.1 hypothetical protein B9J08_04639 [Candidozyma auris]
B9J08_004681	B9J08_04640	True	100	100	100	623	100	100	100	623	KAK8439091.1	KAK8439091.1 hypothetical protein B9J08_04640 [Candidozyma auris]
B9J08_004687	B9J08_04647	True	100	100	100	1800	100	100	100	1800	KAK8439098.1	KAK8439098.1 hypothetical protein B9J08_04647 [Candidozyma auris]
B9J08_004688	B9J08_04648	True	100	100	100	521	100	100	100	521	KAK8439099.1	KAK8439099.1 hypothetical protein B9J08_04648 [Candidozyma auris]
B9J08_004689		False	100	61.2	61.2	184						KAK8439100.1 H/ACA ribonucleoprotein complex subunit 2 [Candidozyma auris]
B9J08_004690	B9J08_04650	True	100	100	100	1143	100	100	100	1143	KAK8439101.1	KAK8439101.1 hypothetical protein B9J08_04650 [Candidozyma auris]
B9J08_004691	B9J08_04651	True	100	100	100	641	100	100	100	641	KAK8439102.1	KAK8439102.1 hypothetical protein B9J08_04651 [Candidozyma auris]
B9J08_004692	B9J08_04652	True	100	100	100	1171	100	100	100	1171	KAK8439103.1	KAK8439103.1 hypothetical protein B9J08_04652 [Candidozyma auris]
B9J08_004693	B9J08_04653	True	100	100	100	862	100	100	100	862	KAK8439104.1	KAK8439104.1 hypothetical protein B9J08_04653 [Candidozyma auris]
B9J08_004694	B9J08_04654	True	100	100	100	298	100	100	100	298	KAK8439105.1	KAK8439105.1 hypothetical protein B9J08_04654 [Candidozyma auris]
B9J08_004695	B9J08_04655	True	100	100	100	764	100	100	100	764	KAK8439106.1	KAK8439106.1 hypothetical protein B9J08_04655 [Candidozyma auris]
B9J08_004696		False	100	100	100	1006						KAK8439107.1 threonine synthase [Candidozyma auris]
B9J08_004697	B9J08_04657	True	100	100	100	650	100	100	100	650	KAK8439108.1	KAK8439108.1 hypothetical protein B9J08_04657 [Candidozyma auris]
B9J08_004698	B9J08_04658	True	100	100	100	439	100	100	100	439	KAK8439109.1	KAK8439109.1 hypothetical protein B9J08_04658 [Candidozyma auris]
B9J08_004699		False	100	100	100	252						KAK8439110.1 40S ribosomal protein S25-B [Candidozyma auris]
B9J08_004700	B9J08_04660	True	100	100	100	620	100	100	100	620	KAK8439111.1	KAK8439111.1 hypothetical protein B9J08_04660 [Candidozyma auris]
B9J08_004701		False	100	100	100	865						KAK8439112.1 chaperone DnaJ [Candidozyma auris]
B9J08_004702		False	100	100	100	1047						KAK8439113.1 acetyl-CoA hydrolase [Candidozyma auris]
B9J08_004703	B9J08_04663	True	100	100	100	904	100	100	100	904	KAK8439114.1	KAK8439114.1 hypothetical protein B9J08_04663 [Candidozyma auris]
B9J08_004704	B9J08_04664	True	100	100	100	664	100	100	100	664	KAK8439115.1	KAK8439115.1 hypothetical protein B9J08_04664 [Candidozyma auris]
B9J08_004705	B9J08_04665	True	100	100	100	597	100	100	100	597	KAK8439116.1	KAK8439116.1 hypothetical protein B9J08_04665 [Candidozyma auris]
B9J08_004706		False	100	100	100	836						KAK8439117.1 protoheme IX farnesyltransferase [Candidozyma auris]
B9J08_004707	B9J08_04667	True	100	100	100	1554	100	100	100	1554	KAK8439118.1	KAK8439118.1 hypothetical protein B9J08_04667 [Candidozyma auris]
B9J08_004708	B9J08_04668	True	100	100	100	394	100	100	100	394	KAK8439119.1	KAK8439119.1 hypothetical protein B9J08_04668 [Candidozyma auris]
B9J08_004709	B9J08_04669	True	100	100	100	1354	100	100	100	1354	KAK8439120.1	KAK8439120.1 hypothetical protein B9J08_04669 [Candidozyma auris]
B9J08_004710	B9J08_04670	True	100	100	100	543	100	100	100	543	KAK8439121.1	KAK8439121.1 hypothetical protein B9J08_04670 [Candidozyma auris]
B9J08_004711	B9J08_04671	True	100	100	100	308	100	100	100	308	KAK8439122.1	KAK8439122.1 hypothetical protein B9J08_04671 [Candidozyma auris]
B9J08_004712	B9J08_04672	True	100	100	100	1604	100	100	100	1604	KAK8439123.1	KAK8439123.1 hypothetical protein B9J08_04672 [Candidozyma auris]
B9J08_004714		False	100	100	100	505						KAK8439124.1 proliferating cell nuclear antigen (pcna) [Candidozyma auris]
B9J08_004715	B9J08_04675	True	100	100	100	918	100	100	100	918	KAK8439125.1	KAK8439125.1 hypothetical protein B9J08_04675 [Candidozyma auris]
B9J08_004716	B9J08_04676	True	100	100	100	704	100	100	100	704	KAK8439126.1	KAK8439126.1 hypothetical protein B9J08_04676 [Candidozyma auris]
B9J08_004717	B9J08_04677	True	100	100	100	560	100	100	100	560	KAK8439127.1	KAK8439127.1 hypothetical protein B9J08_04677 [Candidozyma auris]
B9J08_004718	B9J08_04678	True	100	100	100	2348	100	100	100	2348	KAK8439128.1	KAK8439128.1 hypothetical protein B9J08_04678 [Candidozyma auris]
B9J08_004719	B9J08_04679	True	100	100	100	978	100	100	100	978	KAK8439129.1	KAK8439129.1 hypothetical protein B9J08_04679 [Candidozyma auris]
B9J08_004720	B9J08_04680	True	100	100	100	1404	100	100	100	1404	KAK8439130.1	KAK8439130.1 hypothetical protein B9J08_04680 [Candidozyma auris]
B9J08_004721	B9J08_04681	True	100	100	100	1335	100	100	100	1335	KAK8439131.1	KAK8439131.1 hypothetical protein B9J08_04681 [Candidozyma auris]
B9J08_004722	B9J08_04682	True	100	100	100	665	100	100	100	665	KAK8439132.1	KAK8439132.1 hypothetical protein B9J08_04682 [Candidozyma auris]
B9J08_004723	B9J08_04683	True	100	100	100	319	100	100	100	319	KAK8439133.1	KAK8439133.1 hypothetical protein B9J08_04683 [Candidozyma auris]
B9J08_004725	B9J08_04685	True	100	100	100	1018	100	100	100	1018	KAK8439134.1	KAK8439134.1 hypothetical protein B9J08_04685 [Candidozyma auris]
B9J08_004726	B9J08_04686	True	100	100	100	1966	100	100	100	1966	KAK8439135.1	KAK8439135.1 hypothetical protein B9J08_04686 [Candidozyma auris]
B9J08_004727	B9J08_04687	True	100	100	100	801	100	100	100	801	KAK8439136.1	KAK8439136.1 hypothetical protein B9J08_04687 [Candidozyma auris]
B9J08_004728	B9J08_04688	True	100	100	100	734	100	100	100	734	KAK8439137.1	KAK8439137.1 hypothetical protein B9J08_04688 [Candidozyma auris]
B9J08_004729	B9J08_04689	True	100	100	100	3462	100	100	100	3462	KAK8439138.1	KAK8439138.1 hypothetical protein B9J08_04689 [Candidozyma auris]
B9J08_004730		False	100	100	100	1083						KAK8439139.1 lysine-tRNA ligase [Candidozyma auris]
B9J08_004731	B9J08_04691	True	100	100	100	1612	100	100	100	1612	KAK8439140.1	KAK8439140.1 hypothetical protein B9J08_04691 [Candidozyma auris]
B9J08_004732	B9J08_04692	True	100	100	100	435	100	100	100	435	KAK8439141.1	KAK8439141.1 hypothetical protein B9J08_04692 [Candidozyma auris]
B9J08_004733	B9J08_04693	True	100	100	100	444	100	100	100	444	KAK8439142.1	KAK8439142.1 hypothetical protein B9J08_04693 [Candidozyma auris]
B9J08_004734	B9J08_04694	True	100	100	100	2075	100	100	100	2075	KAK8439143.1	KAK8439143.1 hypothetical protein B9J08_04694 [Candidozyma auris]
B9J08_004735	B9J08_04695	True	100	100	100	594	100	100	100	594	KAK8439144.1	KAK8439144.1 hypothetical protein B9J08_04695 [Candidozyma auris]
B9J08_004736		False	100	100	100	656						KAK8439145.1 ribonuclease HII [Candidozyma auris]
B9J08_004737		False	100	100	100	852						KAK8439146.1 pyruvate dehydrogenase complex dihydrolipoamide acetyltransferase [Candidozyma auris]
B9J08_004738	B9J08_04698	True	100	100	100	888	100	100	100	888	KAK8439147.1	KAK8439147.1 hypothetical protein B9J08_04698 [Candidozyma auris]
B9J08_004739		False	100	100	100	413						KAK8439148.1 septum formation protein Maf [Candidozyma auris]
B9J08_004740	B9J08_04700	True	100	100	100	452	100	100	100	452	KAK8439149.1	KAK8439149.1 hypothetical protein B9J08_04700 [Candidozyma auris]
B9J08_004741	B9J08_04701	True	100	100	100	465	100	100	100	465	KAK8439150.1	KAK8439150.1 hypothetical protein B9J08_04701 [Candidozyma auris]
B9J08_004742	B9J08_04702	True	100	100	100	253	100	100	100	253	KAK8439151.1	KAK8439151.1 hypothetical protein B9J08_04702 [Candidozyma auris]
B9J08_004743	B9J08_04703	True	100	100	100	510	100	100	100	510	KAK8439152.1	KAK8439152.1 hypothetical protein B9J08_04703 [Candidozyma auris]
B9J08_004744	B9J08_04704	True	100	100	100	1089	100	100	100	1089	KAK8439153.1	KAK8439153.1 hypothetical protein B9J08_04704 [Candidozyma auris]
B9J08_004745	B9J08_04705	True	100	100	100	658	100	100	100	658	KAK8439154.1	KAK8439154.1 hypothetical protein B9J08_04705 [Candidozyma auris]
B9J08_004746	B9J08_04706	True	100	100	100	681	100	100	100	681	KAK8439155.1	KAK8439155.1 hypothetical protein B9J08_04706 [Candidozyma auris]
B9J08_004747		False	100	100	100	1018						KAK8439156.1 histone deacetylase RPD3 [Candidozyma auris]
B9J08_004748	B9J08_04708	True	100	100	100	838	100	100	100	838	KAK8439157.1	KAK8439157.1 hypothetical protein B9J08_04708 [Candidozyma auris]
B9J08_004749	B9J08_04709	True	100	100	100	979	100	100	100	979	KAK8439158.1	KAK8439158.1 hypothetical protein B9J08_04709 [Candidozyma auris]
B9J08_004750	B9J08_04710	True	100	100	100	1145	100	100	100	1145	KAK8439159.1	KAK8439159.1 hypothetical protein B9J08_04710 [Candidozyma auris]
B9J08_004751	B9J08_04711	True	100	100	100	416	100	100	100	416	KAK8439160.1	KAK8439160.1 hypothetical protein B9J08_04711 [Candidozyma auris]
B9J08_004752	B9J08_04712	True	100	100	100	184	100	100	100	184	KAK8439161.1	KAK8439161.1 hypothetical protein B9J08_04712 [Candidozyma auris]
B9J08_004753		False	100	100	100	453						KAK8439162.1 NADH-ubiquinone oxidoreductase 19.3 kDa subunit, mitochondrial [Candidozyma auris]
B9J08_004754		False	100	100	100	249						KAK8439163.1 histone [Candidozyma auris]
B9J08_004755	B9J08_04715	True	100	100	100	755	100	100	100	755	KAK8439164.1	KAK8439164.1 hypothetical protein B9J08_04715 [Candidozyma auris]
B9J08_004756	B9J08_04716	True	100	100	100	1069	100	100	100	1069	KAK8439165.1	KAK8439165.1 hypothetical protein B9J08_04716 [Candidozyma auris]
B9J08_004757	B9J08_04717	True	100	100	100	2185	100	100	100	2185	KAK8439166.1	KAK8439166.1 hypothetical protein B9J08_04717 [Candidozyma auris]
B9J08_004758	B9J08_04718	True	100	100	100	513	100	100	100	513	KAK8439167.1	KAK8439167.1 hypothetical protein B9J08_04718 [Candidozyma auris]
B9J08_004759		False	100	100	100	267						KAK8439168.1 ER-derived vesicles protein ERV14 [Candidozyma auris]
B9J08_004760	B9J08_04720	True	100	100	100	815	100	100	100	815	KAK8439169.1	KAK8439169.1 hypothetical protein B9J08_04720 [Candidozyma auris]
B9J08_004761	B9J08_04721	True	100	100	100	275	100	100	100	275	KAK8439170.1	KAK8439170.1 hypothetical protein B9J08_04721 [Candidozyma auris]
B9J08_004762	B9J08_04722	True	100	100	100	1184	100	100	100	1184	KAK8439171.1	KAK8439171.1 hypothetical protein B9J08_04722 [Candidozyma auris]
B9J08_004763	B9J08_04723	True	100	100	100	540	100	100	100	540	KAK8439172.1	KAK8439172.1 hypothetical protein B9J08_04723 [Candidozyma auris]
B9J08_004764		False	100	100	100	845						KAK8439173.1 glutamate-5-semialdehyde dehydrogenase [Candidozyma auris]
B9J08_004765	B9J08_04725	True	100	100	100	678	100	100	100	678	KAK8439174.1	KAK8439174.1 hypothetical protein B9J08_04725 [Candidozyma auris]
B9J08_004766	B9J08_04726	True	100	100	100	2603	100	100	100	2603	KAK8439175.1	KAK8439175.1 hypothetical protein B9J08_04726 [Candidozyma auris]
B9J08_004767	B9J08_04727	True	100	100	100	910	100	100	100	910	KAK8439176.1	KAK8439176.1 hypothetical protein B9J08_04727 [Candidozyma auris]
B9J08_004768	B9J08_04728	True	100	100	100	3498	100	100	100	3498	KAK8439177.1	KAK8439177.1 hypothetical protein B9J08_04728 [Candidozyma auris]
B9J08_004769		False	100	100	100	728						KAK8439178.1 polyubiquitin [Candidozyma auris]
B9J08_004770	B9J08_04730	True	100	100	100	400	100	100	100	400	KAK8439179.1	KAK8439179.1 hypothetical protein B9J08_04730 [Candidozyma auris]
B9J08_004771	B9J08_04731	True	100	100	100	1167	100	100	100	1167	KAK8439180.1	KAK8439180.1 hypothetical protein B9J08_04731 [Candidozyma auris]
B9J08_004772	B9J08_04732	True	100	100	100	985	100	100	100	985	KAK8439181.1	KAK8439181.1 hypothetical protein B9J08_04732 [Candidozyma auris]
B9J08_004773	B9J08_04733	True	100	100	100	1488	100	100	100	1488	KAK8439182.1	KAK8439182.1 hypothetical protein B9J08_04733 [Candidozyma auris]
B9J08_004774	B9J08_04734	True	100	100	100	771	100	100	100	771	KAK8439183.1	KAK8439183.1 hypothetical protein B9J08_04734 [Candidozyma auris]
B9J08_004775	B9J08_04735	True	100	100	100	1129	100	100	100	1129	KAK8439184.1	KAK8439184.1 hypothetical protein B9J08_04735 [Candidozyma auris]
B9J08_004776	B9J08_04736	True	100	100	100	1092	100	100	100	1092	KAK8439185.1	KAK8439185.1 hypothetical protein B9J08_04736 [Candidozyma auris]
B9J08_004777	B9J08_04737	True	100	100	100	323	100	100	100	323	KAK8439186.1	KAK8439186.1 hypothetical protein B9J08_04737 [Candidozyma auris]
B9J08_004778	B9J08_04738	True	100	100	100	655	100	100	100	655	KAK8439187.1	KAK8439187.1 hypothetical protein B9J08_04738 [Candidozyma auris]
B9J08_004779	B9J08_04739	True	100	100	100	1080	100	100	100	1080	KAK8439188.1	KAK8439188.1 hypothetical protein B9J08_04739 [Candidozyma auris]
B9J08_004780	B9J08_04740	True	100	100	100	773	100	100	100	773	KAK8439189.1	KAK8439189.1 hypothetical protein B9J08_04740 [Candidozyma auris]
B9J08_004781		False	100	100	100	1556						KAK8439190.1 3-isopropylmalate dehydratase [Candidozyma auris]
B9J08_004782	B9J08_04742	True	100	100	100	1696	100	100	100	1696	KAK8439191.1	KAK8439191.1 hypothetical protein B9J08_04742 [Candidozyma auris]
B9J08_004783	B9J08_04743	True	100	100	100	1657	100	100	100	1657	KAK8439192.1	KAK8439192.1 hypothetical protein B9J08_04743 [Candidozyma auris]
B9J08_004784	B9J08_04744	True	100	100	100	1541	100	100	100	1541	KAK8439193.1	KAK8439193.1 hypothetical protein B9J08_04744 [Candidozyma auris]
B9J08_004785	B9J08_04745	True	100	100	100	1442	100	100	100	1442	KAK8439194.1	KAK8439194.1 hypothetical protein B9J08_04745 [Candidozyma auris]
B9J08_004786	B9J08_04746	True	100	100	100	393	100	100	100	393	KAK8439195.1	KAK8439195.1 hypothetical protein B9J08_04746 [Candidozyma auris]
B9J08_004787	B9J08_04747	True	100	100	100	580	100	100	100	580	KAK8439196.1	KAK8439196.1 hypothetical protein B9J08_04747 [Candidozyma auris]
B9J08_004788	B9J08_04748	True	100	100	100	943	100	100	100	943	KAK8439197.1	KAK8439197.1 hypothetical protein B9J08_04748 [Candidozyma auris]
B9J08_004789	B9J08_04749	True	100	100	100	1271	100	100	100	1271	KAK8439198.1	KAK8439198.1 hypothetical protein B9J08_04749 [Candidozyma auris]
B9J08_004790	B9J08_04750	True	100	100	100	779	100	100	100	779	KAK8439199.1	KAK8439199.1 hypothetical protein B9J08_04750 [Candidozyma auris]
B9J08_004791	B9J08_04751	True	100	100	100	1913	100	100	100	1913	KAK8439200.1	KAK8439200.1 hypothetical protein B9J08_04751 [Candidozyma auris]
B9J08_004792	B9J08_04752	True	100	100	100	967	100	100	100	967	KAK8439201.1	KAK8439201.1 hypothetical protein B9J08_04752 [Candidozyma auris]
B9J08_004793	B9J08_04753	True	100	100	100	271	100	100	100	271	KAK8439202.1	KAK8439202.1 hypothetical protein B9J08_04753 [Candidozyma auris]
B9J08_004794	B9J08_04754	True	100	100	100	936	100	100	100	936	KAK8439203.1	KAK8439203.1 hypothetical protein B9J08_04754 [Candidozyma auris]
B9J08_004795	B9J08_04755	True	100	100	100	528	100	100	100	528	KAK8439204.1	KAK8439204.1 hypothetical protein B9J08_04755 [Candidozyma auris]
B9J08_004796	B9J08_04756	True	100	100	100	399	100	100	100	399	KAK8439205.1	KAK8439205.1 hypothetical protein B9J08_04756 [Candidozyma auris]
B9J08_004797	B9J08_04757	True	100	100	100	1095	100	100	100	1095	KAK8439206.1	KAK8439206.1 hypothetical protein B9J08_04757 [Candidozyma auris]
B9J08_004798		False	100	100	100	647						KAK8439207.1 ornithine carbamoyltransferase [Candidozyma auris]
B9J08_004799	B9J08_04759	True	100	100	100	545	100	100	100	545	KAK8439208.1	KAK8439208.1 hypothetical protein B9J08_04759 [Candidozyma auris]
B9J08_004800	B9J08_04760	True	100	100	100	621	100	100	100	621	KAK8439209.1	KAK8439209.1 hypothetical protein B9J08_04760 [Candidozyma auris]
B9J08_004801	B9J08_04761	True	100	100	100	479	100	100	100	479	KAK8439210.1	KAK8439210.1 hypothetical protein B9J08_04761 [Candidozyma auris]
B9J08_004802	B9J08_04762	True	100	100	100	904	100	100	100	904	KAK8439211.1	KAK8439211.1 hypothetical protein B9J08_04762 [Candidozyma auris]
B9J08_004803	B9J08_04763	True	100	100	100	621	100	100	100	621	KAK8439212.1	KAK8439212.1 hypothetical protein B9J08_04763 [Candidozyma auris]
B9J08_004804	B9J08_04764	True	100	100	100	715	100	100	100	715	KAK8439213.1	KAK8439213.1 hypothetical protein B9J08_04764 [Candidozyma auris]
B9J08_004805	B9J08_04765	True	100	100	100	1793	100	100	100	1793	KAK8439214.1	KAK8439214.1 hypothetical protein B9J08_04765 [Candidozyma auris]
B9J08_004806	B9J08_04766	True	100	100	100	1923	100	100	100	1923	KAK8439215.1	KAK8439215.1 hypothetical protein B9J08_04766 [Candidozyma auris]
B9J08_004807	B9J08_04767	True	100	100	100	350	100	100	100	350	KAK8439216.1	KAK8439216.1 hypothetical protein B9J08_04767 [Candidozyma auris]
B9J08_004808	B9J08_04768	True	100	100	100	558	100	100	100	558	KAK8439217.1	KAK8439217.1 hypothetical protein B9J08_04768 [Candidozyma auris]
B9J08_004809	B9J08_04769	True	100	100	100	921	100	100	100	921	KAK8439218.1	KAK8439218.1 hypothetical protein B9J08_04769 [Candidozyma auris]
B9J08_004810	B9J08_04770	True	100	100	100	456	100	100	100	456	KAK8439219.1	KAK8439219.1 hypothetical protein B9J08_04770 [Candidozyma auris]
B9J08_004811	B9J08_04771	True	100	100	100	1057	100	100	100	1057	KAK8439220.1	KAK8439220.1 hypothetical protein B9J08_04771 [Candidozyma auris]
B9J08_004812	B9J08_04772	True	100	100	100	880	100	100	100	880	KAK8439221.1	KAK8439221.1 hypothetical protein B9J08_04772 [Candidozyma auris]
B9J08_004813	B9J08_04773	True	100	100	100	983	100	100	100	983	KAK8439222.1	KAK8439222.1 hypothetical protein B9J08_04773 [Candidozyma auris]
B9J08_004814	B9J08_04774	True	100	100	100	1199	100	100	100	1199	KAK8439223.1	KAK8439223.1 hypothetical protein B9J08_04774 [Candidozyma auris]
B9J08_004815	B9J08_04775	True	100	100	100	1013	100	100	100	1013	KAK8439224.1	KAK8439224.1 hypothetical protein B9J08_04775 [Candidozyma auris]
B9J08_004816	B9J08_04776	True	100	100	100	1088	100	100	100	1088	KAK8439225.1	KAK8439225.1 hypothetical protein B9J08_04776 [Candidozyma auris]
B9J08_004817	B9J08_04777	True	100	100	100	385	100	100	100	385	KAK8439226.1	KAK8439226.1 hypothetical protein B9J08_04777 [Candidozyma auris]
B9J08_004818	B9J08_04778	True	100	100	100	1456	100	100	100	1456	KAK8439227.1	KAK8439227.1 hypothetical protein B9J08_04778 [Candidozyma auris]
B9J08_004819	B9J08_04779	True	100	100	100	1541	100	100	100	1541	KAK8439228.1	KAK8439228.1 hypothetical protein B9J08_04779 [Candidozyma auris]
B9J08_004820	B9J08_04780	True	100	100	100	1636	100	100	100	1636	KAK8439229.1	KAK8439229.1 hypothetical protein B9J08_04780 [Candidozyma auris]
B9J08_004821	B9J08_04781	True	100	100	100	1057	100	100	100	1057	KAK8439230.1	KAK8439230.1 hypothetical protein B9J08_04781 [Candidozyma auris]
B9J08_004822	B9J08_04782	True	100	100	100	725	100	100	100	725	KAK8439231.1	KAK8439231.1 hypothetical protein B9J08_04782 [Candidozyma auris]
B9J08_004823	B9J08_04783	True	100	100	100	298	100	100	100	298	KAK8439232.1	KAK8439232.1 hypothetical protein B9J08_04783 [Candidozyma auris]
B9J08_004824	B9J08_04784	True	100	100	100	685	100	100	100	685	KAK8439233.1	KAK8439233.1 hypothetical protein B9J08_04784 [Candidozyma auris]
B9J08_004825	B9J08_04785	True	100	100	100	669	100	100	100	669	KAK8439234.1	KAK8439234.1 hypothetical protein B9J08_04785 [Candidozyma auris]
B9J08_004826	B9J08_04786	True	100	100	100	1404	100	100	100	1404	KAK8439235.1	KAK8439235.1 hypothetical protein B9J08_04786 [Candidozyma auris]
B9J08_004827	B9J08_04787	True	100	100	100	1640	100	100	100	1640	KAK8439236.1	KAK8439236.1 hypothetical protein B9J08_04787 [Candidozyma auris]
B9J08_004828	B9J08_04788	True	100	100	100	683	100	100	100	683	KAK8439237.1	KAK8439237.1 hypothetical protein B9J08_04788 [Candidozyma auris]
B9J08_004829	B9J08_04789	True	100	100	100	683	100	100	100	683	KAK8439238.1	KAK8439238.1 hypothetical protein B9J08_04789 [Candidozyma auris]
B9J08_004830	B9J08_04790	True	100	100	100	971	100	100	100	971	KAK8439239.1	KAK8439239.1 hypothetical protein B9J08_04790 [Candidozyma auris]
B9J08_004831	B9J08_04791	True	100	100	100	605	100	100	100	605	KAK8439240.1	KAK8439240.1 hypothetical protein B9J08_04791 [Candidozyma auris]
B9J08_004832	B9J08_04792	True	100	100	100	203	100	100	100	203	KAK8439241.1	KAK8439241.1 hypothetical protein B9J08_04792 [Candidozyma auris]
B9J08_004833	B9J08_04793	True	100	100	100	788	100	100	100	788	KAK8439242.1	KAK8439242.1 hypothetical protein B9J08_04793 [Candidozyma auris]
B9J08_004834		False	100	100	100	747						KAK8439243.1 cell division control protein 10 [Candidozyma auris]
B9J08_004835		False	100	100	100	393						KAK8439244.1 ribosomal protein L32 [Candidozyma auris]
B9J08_004836	B9J08_04796	True	100	100	100	1144	100	100	100	1144	KAK8439245.1	KAK8439245.1 hypothetical protein B9J08_04796 [Candidozyma auris]
B9J08_004837		False	100	100	100	476						KAK8439246.1 pyridoxamine 5'-phosphate oxidase [Candidozyma auris]
B9J08_004838		False	100	100	100	407						KAK8439247.1 NAD(P)H:quinone oxidoreductase, type IV [Candidozyma auris]
B9J08_004839		False	100	100	100	404						KAK8439248.1 protoplast secreted protein 2 [Candidozyma auris]
B9J08_004840		False	100	100	100	505						KAK8439249.1 NAD(P)H:quinone oxidoreductase, type IV [Candidozyma auris]
B9J08_004841	B9J08_04801	True	100	100	100	652	100	100	100	652	KAK8439250.1	KAK8439250.1 hypothetical protein B9J08_04801 [Candidozyma auris]
B9J08_004842	B9J08_04802	True	100	100	100	230	100	100	100	230	KAK8439251.1	KAK8439251.1 hypothetical protein B9J08_04802 [Candidozyma auris]
B9J08_004843	B9J08_04803	True	100	100	100	630	100	100	100	630	KAK8439252.1	KAK8439252.1 hypothetical protein B9J08_04803 [Candidozyma auris]
B9J08_004844	B9J08_04804	True	100	100	100	577	100	100	100	577	KAK8439253.1	KAK8439253.1 hypothetical protein B9J08_04804 [Candidozyma auris]
B9J08_004845	B9J08_04805	True	100	100	100	807	100	100	100	807	KAK8439254.1	KAK8439254.1 hypothetical protein B9J08_04805 [Candidozyma auris]
B9J08_004846	B9J08_04806	True	100	100	100	361	100	100	100	361	KAK8439255.1	KAK8439255.1 hypothetical protein B9J08_04806 [Candidozyma auris]
B9J08_004847	B9J08_04807	True	100	100	100	1562	100	100	100	1562	KAK8439256.1	KAK8439256.1 hypothetical protein B9J08_04807 [Candidozyma auris]
B9J08_004848	B9J08_04808	True	100	100	100	969	100	100	100	969	KAK8439257.1	KAK8439257.1 hypothetical protein B9J08_04808 [Candidozyma auris]
B9J08_004849	B9J08_04809	True	100	100	100	1707	100	100	100	1707	KAK8439258.1	KAK8439258.1 hypothetical protein B9J08_04809 [Candidozyma auris]
B9J08_004850	B9J08_04810	True	100	100	100	678	100	100	100	678	KAK8439259.1	KAK8439259.1 hypothetical protein B9J08_04810 [Candidozyma auris]
B9J08_004851	B9J08_04811	True	100	100	100	1521	100	100	100	1521	KAK8439260.1	KAK8439260.1 hypothetical protein B9J08_04811 [Candidozyma auris]
B9J08_004852	B9J08_04812	True	100	100	100	1096	100	100	100	1096	KAK8439261.1	KAK8439261.1 hypothetical protein B9J08_04812 [Candidozyma auris]
B9J08_004853	B9J08_04813	True	100	100	100	2293	100	100	100	2293	KAK8439262.1	KAK8439262.1 hypothetical protein B9J08_04813 [Candidozyma auris]
B9J08_004854	B9J08_04814	True	100	100	100	1384	100	100	100	1384	KAK8439263.1	KAK8439263.1 hypothetical protein B9J08_04814 [Candidozyma auris]
B9J08_004855	B9J08_04815	True	100	100	100	1928	100	100	100	1928	KAK8439264.1	KAK8439264.1 hypothetical protein B9J08_04815 [Candidozyma auris]
B9J08_004856		False	100	100	100	629						KAK8439265.1 UV excision repair protein Rad23 [Candidozyma auris]
B9J08_004857		False	100	100	100	456						KAK8439266.1 2,3-diketo-5-methylthio-1-phosphopentane phosphatase [Candidozyma auris]
B9J08_004858	B9J08_04818	True	100	100	100	1467	100	100	100	1467	KAK8439267.1	KAK8439267.1 hypothetical protein B9J08_04818 [Candidozyma auris]
B9J08_004859	B9J08_04819	True	100	100	100	383	100	100	100	383	KAK8439268.1	KAK8439268.1 hypothetical protein B9J08_04819 [Candidozyma auris]
B9J08_004860	B9J08_04820	True	100	100	100	584	100	100	100	584	KAK8439269.1	KAK8439269.1 hypothetical protein B9J08_04820 [Candidozyma auris]
B9J08_004861	B9J08_04821	True	100	100	100	1601	100	100	100	1601	KAK8439270.1	KAK8439270.1 hypothetical protein B9J08_04821 [Candidozyma auris]
B9J08_004862	B9J08_04822	True	100	100	100	511	100	100	100	511	KAK8439271.1	KAK8439271.1 hypothetical protein B9J08_04822 [Candidozyma auris]
B9J08_004863	B9J08_04823	True	100	100	100	42.4	100	100	100	42.4	KAK8439272.1	KAK8439272.1 hypothetical protein B9J08_04823 [Candidozyma auris]
B9J08_004864	B9J08_04824	True	100	100	100	772	100	100	100	772	KAK8439273.1	KAK8439273.1 hypothetical protein B9J08_04824 [Candidozyma auris]
B9J08_004865	B9J08_04825	True	100	100	100	840	100	100	100	840	KAK8439274.1	KAK8439274.1 hypothetical protein B9J08_04825 [Candidozyma auris]
B9J08_004866		False	100	100	100	877						KAK8439275.1 pantothenate kinase [Candidozyma auris]
B9J08_004867	B9J08_04827	True	100	100	100	449	100	100	100	449	KAK8439276.1	KAK8439276.1 hypothetical protein B9J08_04827 [Candidozyma auris]
B9J08_004868	B9J08_04828	True	100	100	100	1652	100	100	100	1652	KAK8439277.1	KAK8439277.1 hypothetical protein B9J08_04828 [Candidozyma auris]
B9J08_004869	B9J08_04829	True	100	100	100	1145	100	100	100	1145	KAK8439278.1	KAK8439278.1 hypothetical protein B9J08_04829 [Candidozyma auris]
B9J08_004870	B9J08_04830	True	100	100	100	368	100	100	100	368	KAK8439279.1	KAK8439279.1 hypothetical protein B9J08_04830 [Candidozyma auris]
B9J08_004871	B9J08_04831	True	100	100	100	825	100	100	100	825	KAK8439280.1	KAK8439280.1 hypothetical protein B9J08_04831 [Candidozyma auris]
B9J08_004872	B9J08_04832	True	100	100	100	830	100	100	100	830	KAK8439281.1	KAK8439281.1 hypothetical protein B9J08_04832 [Candidozyma auris]
B9J08_004873	B9J08_04833	True	100	100	100	241	100	100	100	241	KAK8439282.1	KAK8439282.1 hypothetical protein B9J08_04833 [Candidozyma auris]
B9J08_004874	B9J08_04834	True	100	100	100	961	100	100	100	961	KAK8439283.1	KAK8439283.1 hypothetical protein B9J08_04834 [Candidozyma auris]
B9J08_004875	B9J08_04835	True	100	100	100	3058	100	100	100	3058	KAK8439284.1	KAK8439284.1 hypothetical protein B9J08_04835 [Candidozyma auris]
B9J08_004876	B9J08_04836	True	100	100	100	382	100	100	100	382	KAK8439285.1	KAK8439285.1 hypothetical protein B9J08_04836 [Candidozyma auris]
B9J08_004877	B9J08_04837	True	100	100	100	932	100	100	100	932	KAK8439286.1	KAK8439286.1 hypothetical protein B9J08_04837 [Candidozyma auris]
B9J08_004878	B9J08_04838	True	100	100	100	1014	100	100	100	1014	KAK8439287.1	KAK8439287.1 hypothetical protein B9J08_04838 [Candidozyma auris]
B9J08_004879	B9J08_04839	True	100	100	100	1582	100	100	100	1582	KAK8439288.1	KAK8439288.1 hypothetical protein B9J08_04839 [Candidozyma auris]
B9J08_004880	B9J08_04840	True	100	100	100	890	100	100	100	890	KAK8439289.1	KAK8439289.1 hypothetical protein B9J08_04840 [Candidozyma auris]
B9J08_004881	B9J08_04841	True	100	100	100	1136	100	100	100	1136	KAK8439290.1	KAK8439290.1 hypothetical protein B9J08_04841 [Candidozyma auris]
B9J08_004882	B9J08_04842	True	100	100	100	1142	100	100	100	1142	KAK8439291.1	KAK8439291.1 hypothetical protein B9J08_04842 [Candidozyma auris]
B9J08_004883	B9J08_04843	True	100	100	100	1034	100	100	100	1034	KAK8439292.1	KAK8439292.1 hypothetical protein B9J08_04843 [Candidozyma auris]
B9J08_004884		False	100	100	100	959						KAK8439293.1 guanine deaminase [Candidozyma auris]
B9J08_004885	B9J08_04845	True	100	100	100	959	100	100	100	959	KAK8439294.1	KAK8439294.1 hypothetical protein B9J08_04845 [Candidozyma auris]
B9J08_004886	B9J08_04846	True	100	100	100	1455	100	100	100	1455	KAK8439295.1	KAK8439295.1 hypothetical protein B9J08_04846 [Candidozyma auris]
B9J08_004887	B9J08_04847	True	100	100	100	559	100	100	100	559	KAK8439296.1	KAK8439296.1 hypothetical protein B9J08_04847 [Candidozyma auris]
B9J08_004888	B9J08_04848	True	100	100	100	773	100	100	100	773	KAK8439297.1	KAK8439297.1 hypothetical protein B9J08_04848 [Candidozyma auris]
B9J08_004889	B9J08_04849	True	100	100	100	1266	100	100	100	1266	KAK8439298.1	KAK8439298.1 hypothetical protein B9J08_04849 [Candidozyma auris]
B9J08_004890	B9J08_04850	True	100	100	100	1081	100	100	100	1081	KAK8439299.1	KAK8439299.1 hypothetical protein B9J08_04850 [Candidozyma auris]
B9J08_004891	B9J08_04851	True	100	100	100	1083	100	100	100	1083	KAK8439300.1	KAK8439300.1 hypothetical protein B9J08_04851 [Candidozyma auris]
B9J08_004892	B9J08_04852	True	100	31.6	31.6	709	100	31.6	31.6	709	KAK8439301.1	KAK8439301.1 hypothetical protein B9J08_04852 [Candidozyma auris]
B9J08_004893	B9J08_04853	True	100	100	100	975	100	100	100	975	KAK8439302.1	KAK8439302.1 hypothetical protein B9J08_04853 [Candidozyma auris]
B9J08_004894	B9J08_04854	True	100	100	100	211	100	100	100	211	KAK8439303.1	KAK8439303.1 hypothetical protein B9J08_04854 [Candidozyma auris]
B9J08_004895	B9J08_04855	True	100	100	100	1605	100	100	100	1605	KAK8439304.1	KAK8439304.1 hypothetical protein B9J08_04855 [Candidozyma auris]
B9J08_004896	B9J08_04856	True	100	100	100	987	100	100	100	987	KAK8439305.1	KAK8439305.1 hypothetical protein B9J08_04856 [Candidozyma auris]
B9J08_004897	B9J08_03780	True	100	100	100	223	100	100	100	223	KAK8439306.1	KAK8439306.1 hypothetical protein B9J08_03780 [Candidozyma auris]
B9J08_004898	B9J08_03781	True	100	100	100	1131	100	100	100	1131	KAK8439307.1	KAK8439307.1 hypothetical protein B9J08_03781 [Candidozyma auris]
B9J08_004899	B9J08_03782	True	100	100	100	1595	100	100	100	1595	KAK8439308.1	KAK8439308.1 hypothetical protein B9J08_03782 [Candidozyma auris]
B9J08_004900	B9J08_03783	True	100	100	100	904	100	100	100	904	KAK8439309.1	KAK8439309.1 hypothetical protein B9J08_03783 [Candidozyma auris]
B9J08_004902	B9J08_03785	True	100	100	100	1622	100	100	100	1622	KAK8439310.1	KAK8439310.1 hypothetical protein B9J08_03785 [Candidozyma auris]
B9J08_004903	B9J08_03786	True	100	100	100	500	100	100	100	500	KAK8439311.1	KAK8439311.1 hypothetical protein B9J08_03786 [Candidozyma auris]
B9J08_004904	B9J08_03787	True	100	100	100	1155	100	100	100	1155	KAK8439312.1	KAK8439312.1 hypothetical protein B9J08_03787 [Candidozyma auris]
B9J08_004905	B9J08_03788	True	100	100	100	551	100	100	100	551	KAK8439313.1	KAK8439313.1 hypothetical protein B9J08_03788 [Candidozyma auris]
B9J08_004906	B9J08_03789	True	100	100	100	1319	100	100	100	1319	KAK8439314.1	KAK8439314.1 hypothetical protein B9J08_03789 [Candidozyma auris]
B9J08_004907	B9J08_03790	True	100	97.1	97.1	4742	100	97.1	97.1	4742	KAK8439315.1	KAK8439315.1 hypothetical protein B9J08_03790 [Candidozyma auris]
B9J08_004908	B9J08_03791	True	100	100	100	1442	100	100	100	1442	KAK8439316.1	KAK8439316.1 hypothetical protein B9J08_03791 [Candidozyma auris]
B9J08_004909	B9J08_03792	True	100	100	100	1124	100	100	100	1124	KAK8439317.1	KAK8439317.1 hypothetical protein B9J08_03792 [Candidozyma auris]
B9J08_004910	B9J08_03793	True	100	100	100	992	100	100	100	992	KAK8439318.1	KAK8439318.1 hypothetical protein B9J08_03793 [Candidozyma auris]
B9J08_004911	B9J08_03794	True	100	100	100	558	100	100	100	558	KAK8439319.1	KAK8439319.1 hypothetical protein B9J08_03794 [Candidozyma auris]
B9J08_004912	B9J08_03795	True	100	100	100	275	100	100	100	275	KAK8439320.1	KAK8439320.1 hypothetical protein B9J08_03795 [Candidozyma auris]
B9J08_004913	B9J08_03796	True	100	100	100	2863	100	100	100	2863	KAK8439321.1	KAK8439321.1 hypothetical protein B9J08_03796 [Candidozyma auris]
B9J08_004914		False	100	100	100	1583						KAK8439322.1 aconitate hydratase, mitochondrial [Candidozyma auris]
B9J08_004916		False	100	100	100	610						KAK8439323.1 spermidine synthase [Candidozyma auris]
B9J08_004917		False	100	100	100	716						KAK8439324.1 DNA repair protein [Candidozyma auris]
B9J08_004918		False	100	100	100	1248						KAK8439325.1 hsp82-like protein [Candidozyma auris]
B9J08_004919	B9J08_03802	True	100	100	100	1830	100	100	100	1830	KAK8439326.1	KAK8439326.1 hypothetical protein B9J08_03802 [Candidozyma auris]
B9J08_004920	B9J08_03803	True	100	100	100	361	100	100	100	361	KAK8439327.1	KAK8439327.1 hypothetical protein B9J08_03803 [Candidozyma auris]
B9J08_004921	B9J08_03804	True	100	100	100	502	100	100	100	502	KAK8439328.1	KAK8439328.1 hypothetical protein B9J08_03804 [Candidozyma auris]
B9J08_004922	B9J08_03805	True	100	100	100	295	100	100	100	295	KAK8439329.1	KAK8439329.1 hypothetical protein B9J08_03805 [Candidozyma auris]
B9J08_004923	B9J08_03806	True	100	100	100	714	100	100	100	714	KAK8439330.1	KAK8439330.1 hypothetical protein B9J08_03806 [Candidozyma auris]
B9J08_004924	B9J08_03807	True	100	100	100	226	100	100	100	226	KAK8439331.1	KAK8439331.1 hypothetical protein B9J08_03807 [Candidozyma auris]
B9J08_004925	B9J08_03808	True	100	100	100	543	100	100	100	543	KAK8439332.1	KAK8439332.1 hypothetical protein B9J08_03808 [Candidozyma auris]
B9J08_004926	B9J08_03809	True	100	100	100	1391	100	100	100	1391	KAK8439333.1	KAK8439333.1 hypothetical protein B9J08_03809 [Candidozyma auris]
B9J08_004927	B9J08_03810	True	100	100	100	759	100	100	100	759	KAK8439334.1	KAK8439334.1 hypothetical protein B9J08_03810 [Candidozyma auris]
B9J08_004928		False	100	100	100	1823						KAK8439335.1 6-phosphofructokinase [Candidozyma auris]
B9J08_004929	B9J08_03812	True	100	100	100	516	100	100	100	516	KAK8439336.1	KAK8439336.1 hypothetical protein B9J08_03812 [Candidozyma auris]
B9J08_004930	B9J08_03813	True	100	100	100	1233	100	100	100	1233	KAK8439337.1	KAK8439337.1 hypothetical protein B9J08_03813 [Candidozyma auris]
B9J08_004931	B9J08_03814	True	100	100	100	1484	100	100	100	1484	KAK8439338.1	KAK8439338.1 hypothetical protein B9J08_03814 [Candidozyma auris]
B9J08_004932		False	100	100	100	882						KAK8439339.1 RuvB-like helicase 2 [Candidozyma auris]
B9J08_004933		False	100	100	100	303						KAK8439340.1 V-type proton ATPase proteolipid subunit 2 [Candidozyma auris]
B9J08_004934	B9J08_03817	True	100	100	100	424	100	100	100	424	KAK8439341.1	KAK8439341.1 hypothetical protein B9J08_03817 [Candidozyma auris]
B9J08_004935	B9J08_03818	True	100	100	100	2836	100	100	100	2836	KAK8439342.1	KAK8439342.1 hypothetical protein B9J08_03818 [Candidozyma auris]
B9J08_004936	B9J08_03819	True	100	100	100	1179	100	100	100	1179	KAK8439343.1	KAK8439343.1 hypothetical protein B9J08_03819 [Candidozyma auris]
B9J08_004937	B9J08_03820	True	100	100	100	454	100	100	100	454	KAK8439344.1	KAK8439344.1 hypothetical protein B9J08_03820 [Candidozyma auris]
B9J08_004938	B9J08_03821	True	100	100	100	1340	100	100	100	1340	KAK8439345.1	KAK8439345.1 hypothetical protein B9J08_03821 [Candidozyma auris]
B9J08_004939	B9J08_03822	True	100	100	100	574	100	100	100	574	KAK8439346.1	KAK8439346.1 hypothetical protein B9J08_03822 [Candidozyma auris]
B9J08_004940	B9J08_03823	True	100	100	100	611	100	100	100	611	KAK8439347.1	KAK8439347.1 hypothetical protein B9J08_03823 [Candidozyma auris]
B9J08_004941	B9J08_03824	True	100	100	100	610	100	100	100	610	KAK8439348.1	KAK8439348.1 hypothetical protein B9J08_03824 [Candidozyma auris]
B9J08_004942	B9J08_03825	True	100	100	100	646	100	100	100	646	KAK8439349.1	KAK8439349.1 hypothetical protein B9J08_03825 [Candidozyma auris]
B9J08_004943	B9J08_03826	True	100	100	100	450	100	100	100	450	KAK8439350.1	KAK8439350.1 hypothetical protein B9J08_03826 [Candidozyma auris]
B9J08_004944	B9J08_03827	True	100	100	100	1074	100	100	100	1074	KAK8439351.1	KAK8439351.1 hypothetical protein B9J08_03827 [Candidozyma auris]
B9J08_004945	B9J08_03828	True	100	100	100	382	100	100	100	382	KAK8439352.1	KAK8439352.1 hypothetical protein B9J08_03828 [Candidozyma auris]
B9J08_004946	B9J08_03829	True	100	100	100	983	100	100	100	983	KAK8439353.1	KAK8439353.1 hypothetical protein B9J08_03829 [Candidozyma auris]
B9J08_004947	B9J08_03830	True	100	100	100	480	100	100	100	480	KAK8439354.1	KAK8439354.1 hypothetical protein B9J08_03830 [Candidozyma auris]
B9J08_004948	B9J08_03831	True	100	100	100	1364	100	100	100	1364	KAK8439355.1	KAK8439355.1 hypothetical protein B9J08_03831 [Candidozyma auris]
B9J08_004949	B9J08_03832	True	100	100	100	945	100	100	100	945	KAK8439356.1	KAK8439356.1 hypothetical protein B9J08_03832 [Candidozyma auris]
B9J08_004950	B9J08_03833	True	100	100	100	1114	100	100	100	1114	KAK8439357.1	KAK8439357.1 hypothetical protein B9J08_03833 [Candidozyma auris]
B9J08_004951	B9J08_03834	True	100	100	100	470	100	100	100	470	KAK8439358.1	KAK8439358.1 hypothetical protein B9J08_03834 [Candidozyma auris]
B9J08_004952	B9J08_03835	True	100	100	100	1918	100	100	100	1918	KAK8439359.1	KAK8439359.1 hypothetical protein B9J08_03835 [Candidozyma auris]
B9J08_004953	B9J08_03836	True	100	100	100	373	100	100	100	373	KAK8439360.1	KAK8439360.1 hypothetical protein B9J08_03836 [Candidozyma auris]
B9J08_004954	B9J08_03837	True	100	100	100	1305	100	100	100	1305	KAK8439361.1	KAK8439361.1 hypothetical protein B9J08_03837 [Candidozyma auris]
B9J08_004955		False	100	100	100	401						KAK8439362.1 septum-promoting GTP-binding protein 1 [Candidozyma auris]
B9J08_004956		False	100	100	100	494						KAK8439363.1 40S ribosomal protein S1-A [Candidozyma auris]
B9J08_004957	B9J08_03840	True	100	100	100	2762	100	100	100	2762	KAK8439364.1	KAK8439364.1 hypothetical protein B9J08_03840 [Candidozyma auris]
B9J08_004958		False	100	100	100	312						KAK8439365.1 60S ribosomal protein L6-B [Candidozyma auris]
B9J08_004959	B9J08_03842	True	100	100	100	536	100	100	100	536	KAK8439366.1	KAK8439366.1 hypothetical protein B9J08_03842 [Candidozyma auris]
B9J08_004960	B9J08_03843	True	100	100	100	1126	100	100	100	1126	KAK8439367.1	KAK8439367.1 hypothetical protein B9J08_03843 [Candidozyma auris]
B9J08_004961	B9J08_03844	True	100	100	100	624	100	100	100	624	KAK8439368.1	KAK8439368.1 hypothetical protein B9J08_03844 [Candidozyma auris]
B9J08_004962	B9J08_03845	True	100	100	100	627	100	100	100	627	KAK8439369.1	KAK8439369.1 hypothetical protein B9J08_03845 [Candidozyma auris]
B9J08_004963	B9J08_03846	True	100	100	100	226	100	100	100	226	KAK8439370.1	KAK8439370.1 hypothetical protein B9J08_03846 [Candidozyma auris]
B9J08_004964	B9J08_03847	True	100	100	100	1243	100	100	100	1243	KAK8439371.1	KAK8439371.1 hypothetical protein B9J08_03847 [Candidozyma auris]
B9J08_004965		False	100	100	100	825						KAK8439372.1 ribonucleoside-diphosphate reductase small chain [Candidozyma auris]
B9J08_004966	B9J08_03849	True	100	100	100	565	100	100	100	565	KAK8439373.1	KAK8439373.1 hypothetical protein B9J08_03849 [Candidozyma auris]
B9J08_004967	B9J08_03850	True	100	100	100	2576	100	100	100	2576	KAK8439374.1	KAK8439374.1 hypothetical protein B9J08_03850 [Candidozyma auris]
B9J08_004968	B9J08_03851	True	100	100	100	2386	100	100	100	2386	KAK8439375.1	KAK8439375.1 hypothetical protein B9J08_03851 [Candidozyma auris]
B9J08_004969	B9J08_03852	True	100	100	100	526	100	100	100	526	KAK8439376.1	KAK8439376.1 hypothetical protein B9J08_03852 [Candidozyma auris]
B9J08_004970	B9J08_03853	True	100	100	100	1551	100	100	100	1551	KAK8439377.1	KAK8439377.1 hypothetical protein B9J08_03853 [Candidozyma auris]
B9J08_004971	B9J08_03854	True	100	82.9	82.9	69.7	100	82.9	82.9	69.7	KAK8439378.1	KAK8439378.1 hypothetical protein B9J08_03854 [Candidozyma auris]
B9J08_004972	B9J08_03855	True	100	100	100	1197	100	100	100	1197	KAK8439379.1	KAK8439379.1 hypothetical protein B9J08_03855 [Candidozyma auris]
B9J08_004973	B9J08_03856	True	100	100	100	467	100	100	100	467	KAK8439380.1	KAK8439380.1 hypothetical protein B9J08_03856 [Candidozyma auris]
B9J08_004974	B9J08_03857	True	100	100	100	1089	100	100	100	1089	KAK8439381.1	KAK8439381.1 hypothetical protein B9J08_03857 [Candidozyma auris]
B9J08_004975	B9J08_03858	True	100	100	100	570	100	100	100	570	KAK8439382.1	KAK8439382.1 hypothetical protein B9J08_03858 [Candidozyma auris]
B9J08_004976	B9J08_03859	True	100	100	100	595	100	100	100	595	KAK8439383.1	KAK8439383.1 hypothetical protein B9J08_03859 [Candidozyma auris]
B9J08_004977	B9J08_03860	True	100	100	100	890	100	100	100	890	KAK8439384.1	KAK8439384.1 hypothetical protein B9J08_03860 [Candidozyma auris]
B9J08_004978	B9J08_03861	True	100	100	100	547	100	100	100	547	KAK8439385.1	KAK8439385.1 hypothetical protein B9J08_03861 [Candidozyma auris]
B9J08_004979	B9J08_03862	True	100	100	100	593	100	100	100	593	KAK8439386.1	KAK8439386.1 hypothetical protein B9J08_03862 [Candidozyma auris]
B9J08_004980	B9J08_03863	True	100	100	100	560	100	100	100	560	KAK8439387.1	KAK8439387.1 hypothetical protein B9J08_03863 [Candidozyma auris]
B9J08_004982	B9J08_03865	True	100	100	100	696	100	100	100	696	KAK8439388.1	KAK8439388.1 hypothetical protein B9J08_03865 [Candidozyma auris]
B9J08_004983	B9J08_03866	True	100	100	100	532	100	100	100	532	KAK8439389.1	KAK8439389.1 hypothetical protein B9J08_03866 [Candidozyma auris]
B9J08_004984	B9J08_03867	True	100	100	100	211	100	100	100	211	KAK8439390.1	KAK8439390.1 hypothetical protein B9J08_03867 [Candidozyma auris]
B9J08_004985	B9J08_03868	True	100	100	100	2264	100	100	100	2264	KAK8439391.1	KAK8439391.1 hypothetical protein B9J08_03868 [Candidozyma auris]
B9J08_004986	B9J08_03869	True	100	100	100	560	100	100	100	560	KAK8439392.1	KAK8439392.1 hypothetical protein B9J08_03869 [Candidozyma auris]
B9J08_004987	B9J08_03870	True	100	100	100	1026	100	100	100	1026	KAK8439393.1	KAK8439393.1 hypothetical protein B9J08_03870 [Candidozyma auris]
B9J08_004988	B9J08_03871	True	100	100	100	371	100	100	100	371	KAK8439394.1	KAK8439394.1 hypothetical protein B9J08_03871 [Candidozyma auris]
B9J08_004989	B9J08_03872	True	100	100	100	306	100	100	100	306	KAK8439395.1	KAK8439395.1 hypothetical protein B9J08_03872 [Candidozyma auris]
B9J08_004990		False	100	100	100	480						KAK8439396.1 40S ribosomal protein S2 [Candidozyma auris]
B9J08_004991	B9J08_03874	True	100	100	100	612	100	100	100	612	KAK8439397.1	KAK8439397.1 hypothetical protein B9J08_03874 [Candidozyma auris]
B9J08_004992		False	100	100	100	989						KAK8439398.1 T-complex protein 1 subunit beta [Candidozyma auris]
B9J08_004993		False	100	100	100	1060						KAK8439399.1 aspartate-tRNA ligase, cytoplasmic [Candidozyma auris]
B9J08_004998		False	100	100	100	985						KAK8439400.1 glutathione synthetase [Candidozyma auris]
B9J08_004999		False	100	100	100	212						KAK8439401.1 60S acidic ribosomal protein P2-A [Candidozyma auris]
B9J08_005000	B9J08_03883	True	100	100	100	723	100	100	100	723	KAK8439402.1	KAK8439402.1 hypothetical protein B9J08_03883 [Candidozyma auris]
B9J08_005001	B9J08_03884	True	100	100	100	286	100	100	100	286	KAK8439403.1	KAK8439403.1 hypothetical protein B9J08_03884 [Candidozyma auris]
B9J08_005002	B9J08_03885	True	100	100	100	1189	100	100	100	1189	KAK8439404.1	KAK8439404.1 hypothetical protein B9J08_03885 [Candidozyma auris]
B9J08_005003		False	100	100	100	673						KAK8439405.1 casein kinase II subunit alpha' [Candidozyma auris]
B9J08_005004	B9J08_03887	True	100	100	100	525	100	100	100	525	KAK8439406.1	KAK8439406.1 hypothetical protein B9J08_03887 [Candidozyma auris]
B9J08_005005		False	100	100	100	555						KAK8439407.1 ribosomal protein L15 [Candidozyma auris]
B9J08_005006	B9J08_03889	True	100	100	100	309	100	100	100	309	KAK8439408.1	KAK8439408.1 hypothetical protein B9J08_03889 [Candidozyma auris]
B9J08_005007	B9J08_03890	True	100	100	100	1542	100	100	100	1542	KAK8439409.1	KAK8439409.1 hypothetical protein B9J08_03890 [Candidozyma auris]
B9J08_005008	B9J08_03891	True	100	100	100	2255	100	100	100	2255	KAK8439410.1	KAK8439410.1 hypothetical protein B9J08_03891 [Candidozyma auris]
B9J08_005009	B9J08_03892	True	100	100	100	563	100	100	100	563	KAK8439411.1	KAK8439411.1 hypothetical protein B9J08_03892 [Candidozyma auris]
B9J08_005010		False	100	100	100	666						KAK8439412.1 DNA-directed RNA polymerase I and III subunit RPAC1 [Candidozyma auris]
B9J08_005011	B9J08_03894	True	100	100	100	408	100	100	100	408	KAK8439413.1	KAK8439413.1 hypothetical protein B9J08_03894 [Candidozyma auris]
B9J08_005012	B9J08_03895	True	100	100	100	629	100	100	100	629	KAK8439414.1	KAK8439414.1 hypothetical protein B9J08_03895 [Candidozyma auris]
B9J08_005013	B9J08_03896	True	100	100	100	1063	100	100	100	1063	KAK8439415.1	KAK8439415.1 hypothetical protein B9J08_03896 [Candidozyma auris]
B9J08_005014	B9J08_03897	True	100	100	100	759	100	100	100	759	KAK8439416.1	KAK8439416.1 hypothetical protein B9J08_03897 [Candidozyma auris]
B9J08_005015	B9J08_03898	True	100	100	100	617	100	100	100	617	KAK8439417.1	KAK8439417.1 hypothetical protein B9J08_03898 [Candidozyma auris]
B9J08_005016	B9J08_03899	True	100	100	100	2209	100	100	100	2209	KAK8439418.1	KAK8439418.1 hypothetical protein B9J08_03899 [Candidozyma auris]
B9J08_005017	B9J08_03900	True	100	100	100	339	100	100	100	339	KAK8439419.1	KAK8439419.1 hypothetical protein B9J08_03900 [Candidozyma auris]
B9J08_005018		False	100	100	100	770						KAK8439420.1 thymidylate synthase [Candidozyma auris]
B9J08_005019	B9J08_03902	True	100	100	100	462	100	100	100	462	KAK8439421.1	KAK8439421.1 hypothetical protein B9J08_03902 [Candidozyma auris]
B9J08_005020	B9J08_03903	True	100	100	100	1826	100	100	100	1826	KAK8439422.1	KAK8439422.1 hypothetical protein B9J08_03903 [Candidozyma auris]
B9J08_005021	B9J08_03904	True	100	100	100	830	100	100	100	830	KAK8439423.1	KAK8439423.1 hypothetical protein B9J08_03904 [Candidozyma auris]
B9J08_005022	B9J08_03905	True	100	100	100	1079	100	100	100	1079	KAK8439424.1	KAK8439424.1 hypothetical protein B9J08_03905 [Candidozyma auris]
B9J08_005023	B9J08_03906	True	100	100	100	846	100	100	100	846	KAK8439425.1	KAK8439425.1 hypothetical protein B9J08_03906 [Candidozyma auris]
B9J08_005024	B9J08_03907	True	100	100	100	888	100	100	100	888	KAK8439426.1	KAK8439426.1 hypothetical protein B9J08_03907 [Candidozyma auris]
B9J08_005025	B9J08_03908	True	100	100	100	1271	100	100	100	1271	KAK8439427.1	KAK8439427.1 hypothetical protein B9J08_03908 [Candidozyma auris]
B9J08_005026	B9J08_03909	True	100	100	100	413	100	100	100	413	KAK8439428.1	KAK8439428.1 hypothetical protein B9J08_03909 [Candidozyma auris]
B9J08_005027	B9J08_03910	True	100	100	100	776	100	100	100	776	KAK8439429.1	KAK8439429.1 hypothetical protein B9J08_03910 [Candidozyma auris]
B9J08_005028	B9J08_03911	True	100	100	100	1337	100	100	100	1337	KAK8439430.1	KAK8439430.1 hypothetical protein B9J08_03911 [Candidozyma auris]
B9J08_005029	B9J08_03912	True	100	100	100	317	100	100	100	317	KAK8439431.1	KAK8439431.1 hypothetical protein B9J08_03912 [Candidozyma auris]
B9J08_005030		False	100	100	100	445						KAK8439432.1 GTP-binding protein RHO3 [Candidozyma auris]
B9J08_005031	B9J08_03914	True	100	100	100	1178	100	100	100	1178	KAK8439433.1	KAK8439433.1 hypothetical protein B9J08_03914 [Candidozyma auris]
B9J08_005032	B9J08_03915	True	100	100	100	1060	100	100	100	1060	KAK8439434.1	KAK8439434.1 hypothetical protein B9J08_03915 [Candidozyma auris]
B9J08_005033	B9J08_03916	True	100	100	100	787	100	100	100	787	KAK8439435.1	KAK8439435.1 hypothetical protein B9J08_03916 [Candidozyma auris]
B9J08_005034	B9J08_03917	True	100	100	100	5203	100	100	100	5203	KAK8439436.1	KAK8439436.1 hypothetical protein B9J08_03917 [Candidozyma auris]
B9J08_005035	B9J08_03918	True	100	100	100	1797	100	100	100	1797	KAK8439437.1	KAK8439437.1 hypothetical protein B9J08_03918 [Candidozyma auris]
B9J08_005036	B9J08_03919	True	100	100	100	1419	100	100	100	1419	KAK8439438.1	KAK8439438.1 hypothetical protein B9J08_03919 [Candidozyma auris]
B9J08_005037	B9J08_03920	True	100	100	100	256	100	100	100	256	KAK8439439.1	KAK8439439.1 hypothetical protein B9J08_03920 [Candidozyma auris]
B9J08_005038	B9J08_03921	True	100	100	100	615	100	100	100	615	KAK8439440.1	KAK8439440.1 hypothetical protein B9J08_03921 [Candidozyma auris]
B9J08_005039		False	100	100	100	565						KAK8439441.1 phosphoribosylformimino-5-aminoimidazole carboxamide ribotide isomerase [Candidozyma auris]
B9J08_005040	B9J08_03923	True	100	100	100	489	100	100	100	489	KAK8439442.1	KAK8439442.1 hypothetical protein B9J08_03923 [Candidozyma auris]
B9J08_005041	B9J08_03924	True	100	100	100	246	100	100	100	246	KAK8439443.1	KAK8439443.1 hypothetical protein B9J08_03924 [Candidozyma auris]
B9J08_005042	B9J08_03925	True	100	100	100	1392	100	100	100	1392	KAK8439444.1	KAK8439444.1 hypothetical protein B9J08_03925 [Candidozyma auris]
B9J08_005043	B9J08_03926	True	100	100	100	733	100	100	100	733	KAK8439445.1	KAK8439445.1 hypothetical protein B9J08_03926 [Candidozyma auris]
B9J08_005044	B9J08_03927	True	100	100	100	1182	100	100	100	1182	KAK8439446.1	KAK8439446.1 hypothetical protein B9J08_03927 [Candidozyma auris]
B9J08_005045	B9J08_03928	True	100	100	100	1130	100	100	100	1130	KAK8439447.1	KAK8439447.1 hypothetical protein B9J08_03928 [Candidozyma auris]
B9J08_005046	B9J08_03929	True	100	100	100	523	100	100	100	523	KAK8439448.1	KAK8439448.1 hypothetical protein B9J08_03929 [Candidozyma auris]
B9J08_005047	B9J08_03930	True	100	100	100	847	100	100	100	847	KAK8439449.1	KAK8439449.1 hypothetical protein B9J08_03930 [Candidozyma auris]
B9J08_005048	B9J08_03931	True	100	100	100	651	100	100	100	651	KAK8439450.1	KAK8439450.1 hypothetical protein B9J08_03931 [Candidozyma auris]
B9J08_005049	B9J08_03932	True	100	100	100	1913	100	100	100	1913	KAK8439451.1	KAK8439451.1 hypothetical protein B9J08_03932 [Candidozyma auris]
B9J08_005050	B9J08_03933	True	100	100	100	357	100	100	100	357	KAK8439452.1	KAK8439452.1 hypothetical protein B9J08_03933 [Candidozyma auris]
B9J08_005051	B9J08_03934	True	100	100	100	1523	100	100	100	1523	KAK8439453.1	KAK8439453.1 hypothetical protein B9J08_03934 [Candidozyma auris]
B9J08_005052	B9J08_03935	True	100	100	100	1653	100	100	100	1653	KAK8439454.1	KAK8439454.1 hypothetical protein B9J08_03935 [Candidozyma auris]
B9J08_005053	B9J08_03936	True	100	100	100	2100	100	100	100	2100	KAK8439455.1	KAK8439455.1 hypothetical protein B9J08_03936 [Candidozyma auris]
B9J08_005054	B9J08_03937	True	100	100	100	1195	100	100	100	1195	KAK8439456.1	KAK8439456.1 hypothetical protein B9J08_03937 [Candidozyma auris]
B9J08_005055	B9J08_03938	True	100	100	100	447	100	100	100	447	KAK8439457.1	KAK8439457.1 hypothetical protein B9J08_03938 [Candidozyma auris]
B9J08_005057		False	100	100	100	910						KAK8439459.1 serine-tRNA ligase, cytoplasmic [Candidozyma auris]
B9J08_005058	B9J08_03941	True	100	100	100	898	100	100	100	898	KAK8439460.1	KAK8439460.1 hypothetical protein B9J08_03941 [Candidozyma auris]
B9J08_005059	B9J08_03942	True	100	100	100	2555	100	100	100	2555	KAK8439461.1	KAK8439461.1 hypothetical protein B9J08_03942 [Candidozyma auris]
B9J08_005060	B9J08_03943	True	100	100	100	875	100	100	100	875	KAK8439462.1	KAK8439462.1 hypothetical protein B9J08_03943 [Candidozyma auris]
B9J08_005061	B9J08_03944	True	100	100	100	732	100	100	100	732	KAK8439463.1	KAK8439463.1 hypothetical protein B9J08_03944 [Candidozyma auris]
B9J08_005062	B9J08_03945	True	100	100	100	1135	100	100	100	1135	KAK8439464.1	KAK8439464.1 hypothetical protein B9J08_03945 [Candidozyma auris]
B9J08_005063	B9J08_03946	True	100	100	100	232	100	100	100	232	KAK8439465.1	KAK8439465.1 hypothetical protein B9J08_03946 [Candidozyma auris]
B9J08_005064	B9J08_03947	True	100	100	100	1538	100	100	100	1538	KAK8439466.1	KAK8439466.1 hypothetical protein B9J08_03947 [Candidozyma auris]
B9J08_005065	B9J08_03948	True	100	100	100	625	100	100	100	625	KAK8439467.1	KAK8439467.1 hypothetical protein B9J08_03948 [Candidozyma auris]
B9J08_005066	B9J08_03949	True	100	100	100	2305	100	100	100	2305	KAK8439468.1	KAK8439468.1 hypothetical protein B9J08_03949 [Candidozyma auris]
B9J08_005067		False	100	100	100	310						KAK8439469.1 hydroxyisourate hydrolase [Candidozyma auris]
B9J08_005068	B9J08_03951	True	100	100	100	610	100	100	100	610	KAK8439470.1	KAK8439470.1 hypothetical protein B9J08_03951 [Candidozyma auris]
B9J08_005069	B9J08_03952	True	100	100	100	769	100	100	100	769	KAK8439471.1	KAK8439471.1 hypothetical protein B9J08_03952 [Candidozyma auris]
B9J08_005070	B9J08_03953	True	100	100	100	1194	100	100	100	1194	KAK8439472.1	KAK8439472.1 hypothetical protein B9J08_03953 [Candidozyma auris]
B9J08_005071		False	100	100	100	1489						KAK8439473.1 E3 ubiquitin-protein ligase RSP5 [Candidozyma auris]
B9J08_005072	B9J08_03955	True	100	100	100	182	100	100	100	182	KAK8439474.1	KAK8439474.1 hypothetical protein B9J08_03955 [Candidozyma auris]
B9J08_005073	B9J08_03956	True	100	100	100	875	100	100	100	875	KAK8439475.1	KAK8439475.1 hypothetical protein B9J08_03956 [Candidozyma auris]
B9J08_005074	B9J08_03957	True	100	100	100	618	100	100	100	618	KAK8439476.1	KAK8439476.1 hypothetical protein B9J08_03957 [Candidozyma auris]
B9J08_005075		False	100	100	100	404						KAK8439477.1 respiratory growth induced protein 1 [Candidozyma auris]
B9J08_005076		False	100	100	100	361						KAK8439478.1 mitochondrial import inner membrane translocase subunit TIM22 [Candidozyma auris]
B9J08_005077	B9J08_03960	True	100	100	100	1935	100	100	100	1935	KAK8439479.1	KAK8439479.1 hypothetical protein B9J08_03960 [Candidozyma auris]
B9J08_005078		False	100	100	100	737						KAK8439480.1 adenosine deaminase [Candidozyma auris]
B9J08_005080	B9J08_03963	True	100	100	100	307	100	100	100	307	KAK8439481.1	KAK8439481.1 hypothetical protein B9J08_03963 [Candidozyma auris]
B9J08_005081	B9J08_03964	True	100	100	100	247	100	100	100	247	KAK8439482.1	KAK8439482.1 hypothetical protein B9J08_03964 [Candidozyma auris]
B9J08_005082		False	100	100	100	991						KAK8439483.1 aspartyl/glutamyl-tRNA(Asn/Gln) amidotransferase, B subunit [Candidozyma auris]
B9J08_005083	B9J08_03966	True	100	100	100	772	100	100	100	772	KAK8439484.1	KAK8439484.1 hypothetical protein B9J08_03966 [Candidozyma auris]
B9J08_005084	B9J08_03967	True	100	100	100	2085	100	100	100	2085	KAK8439485.1	KAK8439485.1 hypothetical protein B9J08_03967 [Candidozyma auris]
B9J08_005085		False	100	100	100	771						KAK8439486.1 ATP-dependent RNA helicase FAL1 [Candidozyma auris]
B9J08_005086	B9J08_03969	True	100	100	100	470	100	100	100	470	KAK8439487.1	KAK8439487.1 hypothetical protein B9J08_03969 [Candidozyma auris]
B9J08_005087	B9J08_03970	True	100	100	100	2824	100	100	100	2824	KAK8439488.1	KAK8439488.1 hypothetical protein B9J08_03970 [Candidozyma auris]
B9J08_005088	B9J08_03971	True	100	100	100	798	100	100	100	798	KAK8439489.1	KAK8439489.1 hypothetical protein B9J08_03971 [Candidozyma auris]
B9J08_005089	B9J08_03972	True	100	100	100	267	100	100	100	267	KAK8439490.1	KAK8439490.1 hypothetical protein B9J08_03972 [Candidozyma auris]
B9J08_005090	B9J08_03973	True	100	100	100	452	100	100	100	452	KAK8439491.1	KAK8439491.1 hypothetical protein B9J08_03973 [Candidozyma auris]
B9J08_005092	B9J08_03975	True	100	100	100	791	100	100	100	791	KAK8439492.1	KAK8439492.1 hypothetical protein B9J08_03975 [Candidozyma auris]
B9J08_005093	B9J08_03976	True	100	100	100	464	100	100	100	464	KAK8439493.1	KAK8439493.1 hypothetical protein B9J08_03976 [Candidozyma auris]
B9J08_005094	B9J08_03977	True	100	100	100	175	100	100	100	175	KAK8439494.1	KAK8439494.1 hypothetical protein B9J08_03977 [Candidozyma auris]
B9J08_005095	B9J08_03978	True	100	100	100	404	100	100	100	404	KAK8439495.1	KAK8439495.1 hypothetical protein B9J08_03978 [Candidozyma auris]
B9J08_005096	B9J08_03979	True	100	100	100	587	100	100	100	587	KAK8439496.1	KAK8439496.1 hypothetical protein B9J08_03979 [Candidozyma auris]
B9J08_005097		False	100	100	100	337						KAK8439497.1 iron sulfur cluster assembly protein 1, mitochondrial [Candidozyma auris]
B9J08_005098	B9J08_03981	True	100	100	100	2105	100	100	100	2105	KAK8439498.1	KAK8439498.1 hypothetical protein B9J08_03981 [Candidozyma auris]
B9J08_005099		False	100	100	100	568						KAK8439499.1 60S ribosomal protein L5 [Candidozyma auris]
B9J08_005100	B9J08_03983	True	100	100	100	417	100	100	100	417	KAK8439500.1	KAK8439500.1 hypothetical protein B9J08_03983 [Candidozyma auris]
B9J08_005101		False	100	100	100	371						KAK8439501.1 3-hydroxyanthranilate 3,4-dioxygenase [Candidozyma auris]
B9J08_005102	B9J08_03985	True	100	100	100	563	100	100	100	563	KAK8439502.1	KAK8439502.1 hypothetical protein B9J08_03985 [Candidozyma auris]
B9J08_005103	B9J08_03986	True	100	100	100	576	100	100	100	576	KAK8439503.1	KAK8439503.1 hypothetical protein B9J08_03986 [Candidozyma auris]
B9J08_005104	B9J08_03987	True	100	100	100	1658	100	100	100	1658	KAK8439504.1	KAK8439504.1 hypothetical protein B9J08_03987 [Candidozyma auris]
B9J08_005105	B9J08_03988	True	100	100	100	1828	100	100	100	1828	KAK8439505.1	KAK8439505.1 hypothetical protein B9J08_03988 [Candidozyma auris]
B9J08_005106	B9J08_03989	True	100	100	100	1273	100	100	100	1273	KAK8439506.1	KAK8439506.1 hypothetical protein B9J08_03989 [Candidozyma auris]
B9J08_005107	B9J08_03990	True	100	100	100	1000	100	100	100	1000	KAK8439507.1	KAK8439507.1 hypothetical protein B9J08_03990 [Candidozyma auris]
B9J08_005108	B9J08_03991	True	100	100	100	1145	100	100	100	1145	KAK8439508.1	KAK8439508.1 hypothetical protein B9J08_03991 [Candidozyma auris]
B9J08_005109	B9J08_03992	True	100	100	100	2224	100	100	100	2224	KAK8439509.1	KAK8439509.1 hypothetical protein B9J08_03992 [Candidozyma auris]
B9J08_005110		False	100	100	100	2298						KAK8439510.1 DNA-directed RNA polymerase III subunit RPC2 [Candidozyma auris]
B9J08_005112		False	100	100	100	1684						KAK8439511.1 ribonucleoside-diphosphate reductase, alpha subunit [Candidozyma auris]
B9J08_005113		False	100	100	100	971						KAK8439512.1 RNA polymerase II transcription factor B subunit 2 [Candidozyma auris]
B9J08_005114	B9J08_03997	True	100	100	100	338	100	100	100	338	KAK8439513.1	KAK8439513.1 hypothetical protein B9J08_03997 [Candidozyma auris]
B9J08_005115		False	100	100	100	1070						KAK8439514.1 obg family GTPase CgtA [Candidozyma auris]
B9J08_005116		False	100	100	100	832						KAK8439515.1 ATP-dependent RNA helicase DBP8 [Candidozyma auris]
B9J08_005117	B9J08_04000	True	100	100	100	384	100	100	100	384	KAK8439516.1	KAK8439516.1 hypothetical protein B9J08_04000 [Candidozyma auris]
B9J08_005118	B9J08_04001	True	100	100	100	503	100	100	100	503	KAK8439517.1	KAK8439517.1 hypothetical protein B9J08_04001 [Candidozyma auris]
B9J08_005119	B9J08_04002	True	100	100	100	1406	100	100	100	1406	KAK8439518.1	KAK8439518.1 hypothetical protein B9J08_04002 [Candidozyma auris]
B9J08_005120	B9J08_04003	True	100	100	100	1269	100	100	100	1269	KAK8439519.1	KAK8439519.1 hypothetical protein B9J08_04003 [Candidozyma auris]
B9J08_005121	B9J08_04004	True	100	100	100	489	100	100	100	489	KAK8439520.1	KAK8439520.1 hypothetical protein B9J08_04004 [Candidozyma auris]
B9J08_005122	B9J08_04005	True	100	100	100	644	100	100	100	644	KAK8439521.1	KAK8439521.1 hypothetical protein B9J08_04005 [Candidozyma auris]
B9J08_005123	B9J08_04006	True	100	100	100	1848	100	100	100	1848	KAK8439522.1	KAK8439522.1 hypothetical protein B9J08_04006 [Candidozyma auris]
B9J08_005124	B9J08_04007	True	100	100	100	1132	100	100	100	1132	KAK8439523.1	KAK8439523.1 hypothetical protein B9J08_04007 [Candidozyma auris]
B9J08_005125	B9J08_04008	True	100	100	100	364	100	100	100	364	KAK8439524.1	KAK8439524.1 hypothetical protein B9J08_04008 [Candidozyma auris]
B9J08_005126	B9J08_04009	True	100	100	100	352	100	100	100	352	KAK8439525.1	KAK8439525.1 hypothetical protein B9J08_04009 [Candidozyma auris]
B9J08_005127	B9J08_04010	True	100	100	100	423	100	100	100	423	KAK8439526.1	KAK8439526.1 hypothetical protein B9J08_04010 [Candidozyma auris]
B9J08_005128	B9J08_04011	True	100	100	100	796	100	100	100	796	KAK8439527.1	KAK8439527.1 hypothetical protein B9J08_04011 [Candidozyma auris]
B9J08_005129		False	100	100	100	485						KAK8439528.1 proteasome subunit alpha type-5 [Candidozyma auris]
B9J08_005130	B9J08_04013	True	100	100	100	1632	100	100	100	1632	KAK8439529.1	KAK8439529.1 hypothetical protein B9J08_04013 [Candidozyma auris]
B9J08_005131		False	100	100	100	1240						KAK8439530.1 E1-like protein-activating enzyme Gsa7p/Apg7p [Candidozyma auris]
B9J08_005132		False	100	100	100	1002						KAK8439531.1 60S ribosomal export protein NMD3 [Candidozyma auris]
B9J08_005133		False	100	100	100	877						KAK8439532.1 histone acetyltransferase GCN5 [Candidozyma auris]
B9J08_005134		False	100	100	100	516						KAK8439533.1 6-phosphogluconolactonase [Candidozyma auris]
B9J08_005135	B9J08_04018	True	100	100	100	531	100	100	100	531	KAK8439534.1	KAK8439534.1 hypothetical protein B9J08_04018 [Candidozyma auris]
B9J08_005136	B9J08_04019	True	100	100	100	404	100	100	100	404	KAK8439535.1	KAK8439535.1 hypothetical protein B9J08_04019 [Candidozyma auris]
B9J08_005137	B9J08_04020	True	100	100	100	868	100	100	100	868	KAK8439536.1	KAK8439536.1 hypothetical protein B9J08_04020 [Candidozyma auris]
B9J08_005138		False	100	100	100	541						KAK8439537.1 mitochondrial outer membrane protein porin [Candidozyma auris]
B9J08_005139	B9J08_04022	True	100	100	100	548	100	100	100	548	KAK8439538.1	KAK8439538.1 hypothetical protein B9J08_04022 [Candidozyma auris]
B9J08_005140	B9J08_04023	True	100	100	100	360	100	100	100	360	KAK8439539.1	KAK8439539.1 hypothetical protein B9J08_04023 [Candidozyma auris]
B9J08_005141	B9J08_04024	True	100	100	100	1529	100	100	100	1529	KAK8439540.1	KAK8439540.1 hypothetical protein B9J08_04024 [Candidozyma auris]
B9J08_005142	B9J08_04025	True	100	100	100	377	100	100	100	377	KAK8439541.1	KAK8439541.1 hypothetical protein B9J08_04025 [Candidozyma auris]
B9J08_005143	B9J08_04026	True	100	100	100	578	100	100	100	578	KAK8439542.1	KAK8439542.1 hypothetical protein B9J08_04026 [Candidozyma auris]
B9J08_005144		False	100	100	100	245						KAK8439543.1 histone H2A.2 [Candidozyma auris]
B9J08_005145		False	100	100	100	218						KAK8439544.1 histone H2B.2 [Candidozyma auris]
B9J08_005146	B9J08_04029	True	100	100	100	2014	100	100	100	2014	KAK8439545.1	KAK8439545.1 hypothetical protein B9J08_04029 [Candidozyma auris]
B9J08_005147	B9J08_04030	True	100	100	100	228	100	100	100	228	KAK8439546.1	KAK8439546.1 hypothetical protein B9J08_04030 [Candidozyma auris]
B9J08_005148	B9J08_04031	True	100	100	100	459	100	100	100	459	KAK8439547.1	KAK8439547.1 hypothetical protein B9J08_04031 [Candidozyma auris]
B9J08_005149	B9J08_04032	True	100	100	100	396	100	100	100	396	KAK8439548.1	KAK8439548.1 hypothetical protein B9J08_04032 [Candidozyma auris]
B9J08_005150		False	100	100	100	508						KAK8439549.1 60S ribosomal protein L2-A [Candidozyma auris]
B9J08_005151	B9J08_04034	True	100	100	100	719	100	100	100	719	KAK8439550.1	KAK8439550.1 hypothetical protein B9J08_04034 [Candidozyma auris]
B9J08_005152		False	100	100	100	146						KAK8439551.1 60S ribosomal protein L29 [Candidozyma auris]
B9J08_005153		False	100	100	100	486						KAK8439552.1 60S ribosomal protein L8-B [Candidozyma auris]
B9J08_005154	B9J08_04037	True	100	100	100	533	100	100	100	533	KAK8439553.1	KAK8439553.1 hypothetical protein B9J08_04037 [Candidozyma auris]
B9J08_005155	B9J08_04038	True	100	100	100	1848	100	100	100	1848	KAK8439554.1	KAK8439554.1 hypothetical protein B9J08_04038 [Candidozyma auris]
B9J08_005156	B9J08_04039	True	100	100	100	536	100	100	100	536	KAK8439555.1	KAK8439555.1 hypothetical protein B9J08_04039 [Candidozyma auris]
B9J08_005157	B9J08_04040	True	100	100	100	979	100	100	100	979	KAK8439556.1	KAK8439556.1 hypothetical protein B9J08_04040 [Candidozyma auris]
B9J08_005158	B9J08_04041	True	100	100	100	1501	100	100	100	1501	KAK8439557.1	KAK8439557.1 hypothetical protein B9J08_04041 [Candidozyma auris]
B9J08_005159	B9J08_04042	True	100	100	100	451	100	100	100	451	KAK8439558.1	KAK8439558.1 hypothetical protein B9J08_04042 [Candidozyma auris]
B9J08_005160	B9J08_04043	True	100	100	100	529	100	100	100	529	KAK8439559.1	KAK8439559.1 hypothetical protein B9J08_04043 [Candidozyma auris]
B9J08_005161		False	100	100	100	683						KAK8439560.1 mannose-1-phosphate guanyltransferase [Candidozyma auris]
B9J08_005162	B9J08_04045	True	100	100	100	956	100	100	100	956	KAK8439561.1	KAK8439561.1 hypothetical protein B9J08_04045 [Candidozyma auris]
B9J08_005163	B9J08_04046	True	100	100	100	675	100	100	100	675	KAK8439562.1	KAK8439562.1 hypothetical protein B9J08_04046 [Candidozyma auris]
B9J08_005164	B9J08_04047	True	100	100	100	232	100	100	100	232	KAK8439563.1	KAK8439563.1 hypothetical protein B9J08_04047 [Candidozyma auris]
B9J08_005165		False	100	100	100	914						KAK8439564.1 protein transporter SEC61 subunit alpha [Candidozyma auris]
B9J08_005166	B9J08_04049	True	100	100	100	1358	100	100	100	1358	KAK8439565.1	KAK8439565.1 hypothetical protein B9J08_04049 [Candidozyma auris]
B9J08_005167	B9J08_04050	True	100	100	100	366	100	100	100	366	KAK8439566.1	KAK8439566.1 hypothetical protein B9J08_04050 [Candidozyma auris]
B9J08_005168	B9J08_04051	True	100	100	100	1143	100	100	100	1143	KAK8439567.1	KAK8439567.1 hypothetical protein B9J08_04051 [Candidozyma auris]
B9J08_005169	B9J08_04052	True	100	100	100	840	100	100	100	840	KAK8439568.1	KAK8439568.1 hypothetical protein B9J08_04052 [Candidozyma auris]
B9J08_005170	B9J08_04053	True	100	100	100	173	100	100	100	173	KAK8439569.1	KAK8439569.1 hypothetical protein B9J08_04053 [Candidozyma auris]
B9J08_005171	B9J08_04054	True	100	100	100	992	100	100	100	992	KAK8439570.1	KAK8439570.1 hypothetical protein B9J08_04054 [Candidozyma auris]
B9J08_005172	B9J08_04055	True	100	100	100	1103	100	100	100	1103	KAK8439571.1	KAK8439571.1 hypothetical protein B9J08_04055 [Candidozyma auris]
B9J08_005173	B9J08_04056	True	100	100	100	1390	100	100	100	1390	KAK8439572.1	KAK8439572.1 hypothetical protein B9J08_04056 [Candidozyma auris]
B9J08_005174	B9J08_04057	True	100	100	100	667	100	100	100	667	KAK8439573.1	KAK8439573.1 hypothetical protein B9J08_04057 [Candidozyma auris]
B9J08_005175	B9J08_04058	True	100	100	100	746	100	100	100	746	KAK8439574.1	KAK8439574.1 hypothetical protein B9J08_04058 [Candidozyma auris]
B9J08_005176	B9J08_04059	True	100	100	100	279	100	100	100	279	KAK8439575.1	KAK8439575.1 hypothetical protein B9J08_04059 [Candidozyma auris]
B9J08_005177	B9J08_04060	True	100	100	100	491	100	100	100	491	KAK8439576.1	KAK8439576.1 hypothetical protein B9J08_04060 [Candidozyma auris]
B9J08_005178	B9J08_04061	True	100	100	100	736	100	100	100	736	KAK8439577.1	KAK8439577.1 hypothetical protein B9J08_04061 [Candidozyma auris]
B9J08_005179	B9J08_04062	True	100	100	100	1226	100	100	100	1226	KAK8439578.1	KAK8439578.1 hypothetical protein B9J08_04062 [Candidozyma auris]
B9J08_005181	B9J08_04064	True	100	100	100	616	100	100	100	616	KAK8439579.1	KAK8439579.1 hypothetical protein B9J08_04064 [Candidozyma auris]
B9J08_005182	B9J08_04065	True	100	100	100	972	100	100	100	972	KAK8439580.1	KAK8439580.1 hypothetical protein B9J08_04065 [Candidozyma auris]
B9J08_005183	B9J08_04066	True	100	100	100	684	100	100	100	684	KAK8439581.1	KAK8439581.1 hypothetical protein B9J08_04066 [Candidozyma auris]
B9J08_005184	B9J08_04067	True	100	100	100	1051	100	100	100	1051	KAK8439582.1	KAK8439582.1 hypothetical protein B9J08_04067 [Candidozyma auris]
B9J08_005185	B9J08_04068	True	100	100	100	1118	100	100	100	1118	KAK8439583.1	KAK8439583.1 hypothetical protein B9J08_04068 [Candidozyma auris]
B9J08_005186		False	100	100	100	776						KAK8439584.1 26S protease regulatory subunit 8 [Candidozyma auris]
B9J08_005187	B9J08_04070	True	100	100	100	188	100	100	100	188	KAK8439585.1	KAK8439585.1 hypothetical protein B9J08_04070 [Candidozyma auris]
B9J08_005188	B9J08_04071	True	100	100	100	1643	100	100	100	1643	KAK8439586.1	KAK8439586.1 hypothetical protein B9J08_04071 [Candidozyma auris]
B9J08_005189	B9J08_04072	True	100	100	100	270	100	100	100	270	KAK8439587.1	KAK8439587.1 hypothetical protein B9J08_04072 [Candidozyma auris]
B9J08_005190	B9J08_04073	True	100	100	100	1002	100	100	100	1002	KAK8439588.1	KAK8439588.1 hypothetical protein B9J08_04073 [Candidozyma auris]
B9J08_005191	B9J08_04074	True	100	100	100	1041	100	100	100	1041	KAK8439589.1	KAK8439589.1 hypothetical protein B9J08_04074 [Candidozyma auris]
B9J08_005192	B9J08_04075	True	100	100	100	422	100	100	100	422	KAK8439590.1	KAK8439590.1 hypothetical protein B9J08_04075 [Candidozyma auris]
B9J08_005193	B9J08_04076	True	100	100	100	416	100	100	100	416	KAK8439591.1	KAK8439591.1 hypothetical protein B9J08_04076 [Candidozyma auris]
B9J08_005194	B9J08_04077	True	100	100	100	408	100	100	100	408	KAK8439592.1	KAK8439592.1 hypothetical protein B9J08_04077 [Candidozyma auris]
B9J08_005195	B9J08_04078	True	100	100	100	313	100	100	100	313	KAK8439593.1	KAK8439593.1 hypothetical protein B9J08_04078 [Candidozyma auris]
B9J08_005196	B9J08_04079	True	100	100	100	385	100	100	100	385	KAK8439594.1	KAK8439594.1 hypothetical protein B9J08_04079 [Candidozyma auris]
B9J08_005197	B9J08_04080	True	100	100	100	247	100	100	100	247	KAK8439595.1	KAK8439595.1 hypothetical protein B9J08_04080 [Candidozyma auris]
B9J08_005198	B9J08_04081	True	100	100	100	592	100	100	100	592	KAK8439596.1	KAK8439596.1 hypothetical protein B9J08_04081 [Candidozyma auris]
B9J08_005199	B9J08_04082	True	100	100	100	716	100	100	100	716	KAK8439597.1	KAK8439597.1 hypothetical protein B9J08_04082 [Candidozyma auris]
B9J08_005200	B9J08_04083	True	100	100	100	126	100	100	100	126	KAK8439598.1	KAK8439598.1 hypothetical protein B9J08_04083 [Candidozyma auris]
B9J08_005201		False	100	100	100	2308						KAK8439599.1 pyruvate carboxylase [Candidozyma auris]
B9J08_005202	B9J08_04085	True	100	100	100	233	100	100	100	233	KAK8439600.1	KAK8439600.1 hypothetical protein B9J08_04085 [Candidozyma auris]
B9J08_005203	B9J08_04086	True	100	100	100	251	100	100	100	251	KAK8439601.1	KAK8439601.1 hypothetical protein B9J08_04086 [Candidozyma auris]
B9J08_005204	B9J08_04087	True	100	100	100	588	100	100	100	588	KAK8439602.1	KAK8439602.1 hypothetical protein B9J08_04087 [Candidozyma auris]
B9J08_005205	B9J08_04088	True	100	100	100	1506	100	100	100	1506	KAK8439603.1	KAK8439603.1 hypothetical protein B9J08_04088 [Candidozyma auris]
B9J08_005206	B9J08_04089	True	100	100	100	930	100	100	100	930	KAK8439604.1	KAK8439604.1 hypothetical protein B9J08_04089 [Candidozyma auris]
B9J08_005207		False	100	100	100	700						KAK8439605.1 pyruvate dehydrogenase E1 component subunit beta, mitochondrial [Candidozyma auris]
B9J08_005208	B9J08_04091	True	100	100	100	1134	100	100	100	1134	KAK8439606.1	KAK8439606.1 hypothetical protein B9J08_04091 [Candidozyma auris]
B9J08_005209	B9J08_04092	True	100	100	100	746	100	100	100	746	KAK8439607.1	KAK8439607.1 hypothetical protein B9J08_04092 [Candidozyma auris]
B9J08_005210	B9J08_04093	True	100	100	100	892	100	100	100	892	KAK8439608.1	KAK8439608.1 hypothetical protein B9J08_04093 [Candidozyma auris]
B9J08_005211	B9J08_04094	True	100	100	100	1203	100	100	100	1203	KAK8439609.1	KAK8439609.1 hypothetical protein B9J08_04094 [Candidozyma auris]
B9J08_005212	B9J08_04095	True	100	100	100	2990	100	100	100	2990	KAK8439610.1	KAK8439610.1 hypothetical protein B9J08_04095 [Candidozyma auris]
B9J08_005213		False	100	100	100	2482						KAK8439611.1 myosin-1 [Candidozyma auris]
B9J08_005214	B9J08_04097	True	100	85.7	85.7	880	100	85.7	85.7	880	KAK8439612.1	KAK8439612.1 hypothetical protein B9J08_04097 [Candidozyma auris]
B9J08_005215	B9J08_04098	True	100	100	100	853	100	100	100	853	KAK8439613.1	KAK8439613.1 hypothetical protein B9J08_04098 [Candidozyma auris]
B9J08_005216	B9J08_04099	True	100	100	100	2705	100	100	100	2705	KAK8439614.1	KAK8439614.1 hypothetical protein B9J08_04099 [Candidozyma auris]
B9J08_005217	B9J08_04100	True	100	100	100	1434	100	100	100	1434	KAK8439615.1	KAK8439615.1 hypothetical protein B9J08_04100 [Candidozyma auris]
B9J08_005218		False	100	100	100	1509						KAK8439616.1 aminodeoxychorismate synthase [Candidozyma auris]
B9J08_005219	B9J08_04102	True	100	100	100	2021	100	100	100	2021	KAK8439617.1	KAK8439617.1 hypothetical protein B9J08_04102 [Candidozyma auris]
B9J08_005220	B9J08_04103	True	100	100	100	2515	100	100	100	2515	KAK8439618.1	KAK8439618.1 hypothetical protein B9J08_04103 [Candidozyma auris]
B9J08_005221	B9J08_04104	True	100	100	100	1584	100	100	100	1584	KAK8439619.1	KAK8439619.1 hypothetical protein B9J08_04104 [Candidozyma auris]
B9J08_005222	B9J08_04105	True	100	100	100	1263	100	100	100	1263	KAK8439620.1	KAK8439620.1 hypothetical protein B9J08_04105 [Candidozyma auris]
B9J08_005223	B9J08_04106	True	100	100	100	1015	100	100	100	1015	KAK8439621.1	KAK8439621.1 hypothetical protein B9J08_04106 [Candidozyma auris]
B9J08_005224	B9J08_04107	True	100	100	100	405	100	100	100	405	KAK8439622.1	KAK8439622.1 hypothetical protein B9J08_04107 [Candidozyma auris]
B9J08_005225		False	100	100	100	935						KAK8439623.1 serine hydroxymethyltransferase, cytosolic [Candidozyma auris]
B9J08_005226	B9J08_04109	True	100	100	100	929	100	100	100	929	KAK8439624.1	KAK8439624.1 hypothetical protein B9J08_04109 [Candidozyma auris]
B9J08_005227	B9J08_04110	True	100	100	100	583	100	100	100	583	KAK8439625.1	KAK8439625.1 hypothetical protein B9J08_04110 [Candidozyma auris]
B9J08_005228		False	100	100	100	620						KAK8439626.1 transaldolase [Candidozyma auris]
B9J08_005229	B9J08_04112	True	100	100	100	310	100	100	100	310	KAK8439627.1	KAK8439627.1 hypothetical protein B9J08_04112 [Candidozyma auris]
B9J08_005230		False	100	100	100	871						KAK8439628.1 60S ribosomal protein L20-A [Candidozyma auris]
B9J08_005231		False	100	100	100	873						KAK8439629.1 carbamoyl-phosphate synthase arginine-specific small chain [Candidozyma auris]
B9J08_005232	B9J08_04115	True	100	100	100	1716	100	100	100	1716	KAK8439630.1	KAK8439630.1 hypothetical protein B9J08_04115 [Candidozyma auris]
B9J08_005233	B9J08_04116	True	100	100	100	738	100	100	100	738	KAK8439631.1	KAK8439631.1 hypothetical protein B9J08_04116 [Candidozyma auris]
B9J08_005234	B9J08_04117	True	100	100	100	2187	100	100	100	2187	KAK8439632.1	KAK8439632.1 hypothetical protein B9J08_04117 [Candidozyma auris]
B9J08_005235	B9J08_04118	True	100	100	100	697	100	100	100	697	KAK8439633.1	KAK8439633.1 hypothetical protein B9J08_04118 [Candidozyma auris]
B9J08_005236	B9J08_04119	True	100	100	100	246	100	100	100	246	KAK8439634.1	KAK8439634.1 hypothetical protein B9J08_04119 [Candidozyma auris]
B9J08_005237	B9J08_04120	True	100	100	100	1191	100	100	100	1191	KAK8439635.1	KAK8439635.1 hypothetical protein B9J08_04120 [Candidozyma auris]
B9J08_005238		False	100	100	100	1374						KAK8439636.1 5'/3'-nucleotidase SurE [Candidozyma auris]
B9J08_005239		False	100	100	100	712						KAK8439637.1 fructose-bisphosphate aldolase [Candidozyma auris]
B9J08_005240	B9J08_04123	True	100	100	100	634	100	100	100	634	KAK8439638.1	KAK8439638.1 hypothetical protein B9J08_04123 [Candidozyma auris]
B9J08_005241		False	100	100	100	505						KAK8439639.1 proliferating cell nuclear antigen (pcna) [Candidozyma auris]
B9J08_005242	B9J08_04125	True	100	100	100	1291	100	100	100	1291	KAK8439640.1	KAK8439640.1 hypothetical protein B9J08_04125 [Candidozyma auris]
B9J08_005243	B9J08_04126	True	100	100	100	407	100	100	100	407	KAK8439641.1	KAK8439641.1 hypothetical protein B9J08_04126 [Candidozyma auris]
B9J08_005244	B9J08_04127	True	100	100	100	877	100	100	100	877	KAK8439642.1	KAK8439642.1 hypothetical protein B9J08_04127 [Candidozyma auris]
B9J08_005245	B9J08_04128	True	100	100	100	863	100	100	100	863	KAK8439643.1	KAK8439643.1 hypothetical protein B9J08_04128 [Candidozyma auris]
B9J08_005246	B9J08_04129	True	100	100	100	860	100	100	100	860	KAK8439644.1	KAK8439644.1 hypothetical protein B9J08_04129 [Candidozyma auris]
B9J08_005247		False	100	100	100	599						KAK8439645.1 ATP phosphoribosyltransferase [Candidozyma auris]
B9J08_005248		False	100	100	100	660						KAK8439646.1 di-trans,poly-cis-decaprenylcistransferase [Candidozyma auris]
B9J08_005249	B9J08_04132	True	100	100	100	2423	100	100	100	2423	KAK8439647.1	KAK8439647.1 hypothetical protein B9J08_04132 [Candidozyma auris]
B9J08_005250	B9J08_04133	True	100	100	100	800	100	100	100	800	KAK8439648.1	KAK8439648.1 hypothetical protein B9J08_04133 [Candidozyma auris]
B9J08_005251		False	100	100	100	513						KAK8439649.1 ribosomal RNA small subunit methyltransferase NEP1 [Candidozyma auris]
B9J08_005252	B9J08_04135	True	100	100	100	1343	100	100	100	1343	KAK8439650.1	KAK8439650.1 hypothetical protein B9J08_04135 [Candidozyma auris]
B9J08_005253		False	100	100	100	175						KAK8439651.1 60S ribosomal protein L37-B [Candidozyma auris]
B9J08_005255	B9J08_04138	True	100	100	100	985	100	100	100	985	KAK8439652.1	KAK8439652.1 hypothetical protein B9J08_04138 [Candidozyma auris]
B9J08_005256	B9J08_04139	True	100	100	100	748	100	100	100	748	KAK8439653.1	KAK8439653.1 hypothetical protein B9J08_04139 [Candidozyma auris]
B9J08_005257	B9J08_04140	True	100	100	100	938	100	100	100	938	KAK8439654.1	KAK8439654.1 hypothetical protein B9J08_04140 [Candidozyma auris]
B9J08_005258	B9J08_04141	True	100	100	100	1413	100	100	100	1413	KAK8439655.1	KAK8439655.1 hypothetical protein B9J08_04141 [Candidozyma auris]
B9J08_005259		False	100	100	100	179						KAK8439656.1 ubiquitin-like protein SMT3 [Candidozyma auris]
B9J08_005260	B9J08_04143	True	100	100	100	1433	100	100	100	1433	KAK8439657.1	KAK8439657.1 hypothetical protein B9J08_04143 [Candidozyma auris]
B9J08_005261	B9J08_04144	True	100	100	100	496	100	100	100	496	KAK8439658.1	KAK8439658.1 hypothetical protein B9J08_04144 [Candidozyma auris]
B9J08_005262	B9J08_04145	True	100	100	100	548	100	100	100	548	KAK8439659.1	KAK8439659.1 hypothetical protein B9J08_04145 [Candidozyma auris]
B9J08_005263	B9J08_04146	True	100	100	100	1881	100	100	100	1881	KAK8439660.1	KAK8439660.1 hypothetical protein B9J08_04146 [Candidozyma auris]
B9J08_005264		False	100	100	100	947						KAK8439661.1 guanine deaminase [Candidozyma auris]
B9J08_005265	B9J08_04148	True	100	100	100	218	100	100	100	218	KAK8439662.1	KAK8439662.1 hypothetical protein B9J08_04148 [Candidozyma auris]
B9J08_005266	B9J08_04149	True	100	100	100	1858	100	100	100	1858	KAK8439663.1	KAK8439663.1 hypothetical protein B9J08_04149 [Candidozyma auris]
B9J08_005267	B9J08_04150	True	100	95.6	95.6	590	100	95.6	95.6	590	KAK8439664.1	KAK8439664.1 hypothetical protein B9J08_04150 [Candidozyma auris]
B9J08_005268	B9J08_04151	True	100	100	100	665	100	100	100	665	KAK8439665.1	KAK8439665.1 hypothetical protein B9J08_04151 [Candidozyma auris]
B9J08_005269	B9J08_04152	True	100	100	100	2144	100	100	100	2144	KAK8439666.1	KAK8439666.1 hypothetical protein B9J08_04152 [Candidozyma auris]
B9J08_005270	B9J08_04153	True	100	100	100	1213	100	100	100	1213	KAK8439667.1	KAK8439667.1 hypothetical protein B9J08_04153 [Candidozyma auris]
B9J08_005271	B9J08_04154	True	100	100	100	637	100	100	100	637	KAK8439668.1	KAK8439668.1 hypothetical protein B9J08_04154 [Candidozyma auris]
B9J08_005272	B9J08_04155	True	100	100	100	1095	100	100	100	1095	KAK8439669.1	KAK8439669.1 hypothetical protein B9J08_04155 [Candidozyma auris]
B9J08_005273	B9J08_04156	True	100	100	100	1749	100	100	100	1749	KAK8439670.1	KAK8439670.1 hypothetical protein B9J08_04156 [Candidozyma auris]
B9J08_005274	B9J08_04157	True	100	100	100	3000	100	100	100	3000	KAK8439671.1	KAK8439671.1 hypothetical protein B9J08_04157 [Candidozyma auris]
B9J08_005275	B9J08_04158	True	100	100	100	173	100	100	100	173	KAK8439672.1	KAK8439672.1 hypothetical protein B9J08_04158 [Candidozyma auris]
B9J08_005277	B9J08_04160	True	100	100	100	469	100	100	100	469	KAK8439673.1	KAK8439673.1 hypothetical protein B9J08_04160 [Candidozyma auris]
B9J08_005278	B9J08_04161	True	100	100	100	704	100	100	100	704	KAK8439674.1	KAK8439674.1 hypothetical protein B9J08_04161 [Candidozyma auris]
B9J08_005279	B9J08_04162	True	100	100	100	233	100	100	100	233	KAK8439675.1	KAK8439675.1 hypothetical protein B9J08_04162 [Candidozyma auris]
B9J08_005280	B9J08_04163	True	100	100	100	1160	100	100	100	1160	KAK8439676.1	KAK8439676.1 hypothetical protein B9J08_04163 [Candidozyma auris]
B9J08_005281	B9J08_04164	True	100	100	100	624	100	100	100	624	KAK8439677.1	KAK8439677.1 hypothetical protein B9J08_04164 [Candidozyma auris]
B9J08_005282	B9J08_04165	True	100	100	100	1562	100	100	100	1562	KAK8439678.1	KAK8439678.1 hypothetical protein B9J08_04165 [Candidozyma auris]
B9J08_005283	B9J08_04166	True	100	100	100	335	100	100	100	335	KAK8439679.1	KAK8439679.1 hypothetical protein B9J08_04166 [Candidozyma auris]
B9J08_005284	B9J08_04167	True	100	100	100	625	100	100	100	625	KAK8439680.1	KAK8439680.1 hypothetical protein B9J08_04167 [Candidozyma auris]
B9J08_005285	B9J08_04168	True	100	100	100	735	100	100	100	735	KAK8439681.1	KAK8439681.1 hypothetical protein B9J08_04168 [Candidozyma auris]
B9J08_005287	B9J08_04170	True	100	100	100	749	100	100	100	749	KAK8439682.1	KAK8439682.1 hypothetical protein B9J08_04170 [Candidozyma auris]
B9J08_005288	B9J08_04171	True	100	100	100	1157	100	100	100	1157	KAK8439683.1	KAK8439683.1 hypothetical protein B9J08_04171 [Candidozyma auris]
B9J08_005289	B9J08_04172	True	100	100	100	1142	100	100	100	1142	KAK8439684.1	KAK8439684.1 hypothetical protein B9J08_04172 [Candidozyma auris]
B9J08_005291	B9J08_04174	True	100	100	100	389	100	100	100	389	KAK8439685.1	KAK8439685.1 hypothetical protein B9J08_04174 [Candidozyma auris]
B9J08_005292	B9J08_04175	True	100	100	100	843	100	100	100	843	KAK8439686.1	KAK8439686.1 hypothetical protein B9J08_04175 [Candidozyma auris]
B9J08_005293	B9J08_04176	True	100	100	100	348	100	100	100	348	KAK8439687.1	KAK8439687.1 hypothetical protein B9J08_04176 [Candidozyma auris]
B9J08_005294	B9J08_04177	True	100	100	100	1480	100	100	100	1480	KAK8439688.1	KAK8439688.1 hypothetical protein B9J08_04177 [Candidozyma auris]
B9J08_005295		False	100	100	100	548						KAK8439689.1 CDP-diacylglycerol-serine O-phosphatidyltransferase [Candidozyma auris]
B9J08_005296	B9J08_04179	True	100	100	100	371	100	100	100	371	KAK8439690.1	KAK8439690.1 hypothetical protein B9J08_04179 [Candidozyma auris]
B9J08_005297	B9J08_04180	True	100	100	100	891	100	100	100	891	KAK8439691.1	KAK8439691.1 hypothetical protein B9J08_04180 [Candidozyma auris]
B9J08_005298	B9J08_04181	True	100	100	100	1180	100	100	100	1180	KAK8439692.1	KAK8439692.1 hypothetical protein B9J08_04181 [Candidozyma auris]
B9J08_005299	B9J08_04182	True	100	100	100	1376	100	100	100	1376	KAK8439693.1	KAK8439693.1 hypothetical protein B9J08_04182 [Candidozyma auris]
B9J08_005300	B9J08_04183	True	100	100	100	606	100	100	100	606	KAK8439694.1	KAK8439694.1 hypothetical protein B9J08_04183 [Candidozyma auris]
B9J08_005301	B9J08_04184	True	100	100	100	871	100	100	100	871	KAK8439695.1	KAK8439695.1 hypothetical protein B9J08_04184 [Candidozyma auris]
B9J08_005302	B9J08_04185	True	100	100	100	362	100	100	100	362	KAK8439696.1	KAK8439696.1 hypothetical protein B9J08_04185 [Candidozyma auris]
B9J08_005303	B9J08_04186	True	100	100	100	209	100	100	100	209	KAK8439697.1	KAK8439697.1 hypothetical protein B9J08_04186 [Candidozyma auris]
B9J08_005304	B9J08_04187	True	100	100	100	873	100	100	100	873	KAK8439698.1	KAK8439698.1 hypothetical protein B9J08_04187 [Candidozyma auris]
B9J08_005305	B9J08_04188	True	100	100	100	235	100	100	100	235	KAK8439699.1	KAK8439699.1 hypothetical protein B9J08_04188 [Candidozyma auris]
B9J08_005306	B9J08_04189	True	100	100	100	449	100	100	100	449	KAK8439700.1	KAK8439700.1 hypothetical protein B9J08_04189 [Candidozyma auris]
B9J08_005307		False	100	100	100	493						KAK8439701.1 phosphoadenosine phosphosulfate reductase [Candidozyma auris]
B9J08_005308	B9J08_04191	True	100	100	100	1097	100	100	100	1097	KAK8439702.1	KAK8439702.1 hypothetical protein B9J08_04191 [Candidozyma auris]
B9J08_005309	B9J08_04192	True	100	100	100	608	100	100	100	608	KAK8439703.1	KAK8439703.1 hypothetical protein B9J08_04192 [Candidozyma auris]
B9J08_005310	B9J08_04193	True	100	100	100	1897	100	100	100	1897	KAK8439704.1	KAK8439704.1 hypothetical protein B9J08_04193 [Candidozyma auris]
B9J08_005311	B9J08_04194	True	100	100	100	1304	100	100	100	1304	KAK8439705.1	KAK8439705.1 hypothetical protein B9J08_04194 [Candidozyma auris]
B9J08_005312		False	100	100	100	233						KAK8439706.1 ribosomal protein S6 [Candidozyma auris]
B9J08_005313	B9J08_04196	True	100	100	100	879	100	100	100	879	KAK8439707.1	KAK8439707.1 hypothetical protein B9J08_04196 [Candidozyma auris]
B9J08_005314	B9J08_04197	True	100	100	100	634	100	100	100	634	KAK8439708.1	KAK8439708.1 hypothetical protein B9J08_04197 [Candidozyma auris]
B9J08_005315	B9J08_04198	True	100	100	100	654	100	100	100	654	KAK8439709.1	KAK8439709.1 hypothetical protein B9J08_04198 [Candidozyma auris]
B9J08_005317	B9J08_04200	True	100	100	100	542	100	100	100	542	KAK8439710.1	KAK8439710.1 hypothetical protein B9J08_04200 [Candidozyma auris]
B9J08_005319		False	100	100	100	758						KAK8439711.1 nicotinate (nicotinamide) nucleotide adenylyltransferase [Candidozyma auris]
B9J08_005320	B9J08_04203	True	100	100	100	1181	100	100	100	1181	KAK8439712.1	KAK8439712.1 hypothetical protein B9J08_04203 [Candidozyma auris]
B9J08_005321	B9J08_04204	True	100	100	100	194	100	100	100	194	KAK8439713.1	KAK8439713.1 hypothetical protein B9J08_04204 [Candidozyma auris]
B9J08_005322	B9J08_04205	True	100	100	100	1180	100	100	100	1180	KAK8439714.1	KAK8439714.1 hypothetical protein B9J08_04205 [Candidozyma auris]
B9J08_005323	B9J08_04206	True	100	100	100	1137	100	100	100	1137	KAK8439715.1	KAK8439715.1 hypothetical protein B9J08_04206 [Candidozyma auris]
B9J08_005324		False	100	100	100	515						KAK8439716.1 40S ribosomal protein S0 [Candidozyma auris]
B9J08_005325	B9J08_04208	True	100	100	100	1631	100	100	100	1631	KAK8439717.1	KAK8439717.1 hypothetical protein B9J08_04208 [Candidozyma auris]
B9J08_005326	B9J08_04209	True	100	100	100	466	100	100	100	466	KAK8439718.1	KAK8439718.1 hypothetical protein B9J08_04209 [Candidozyma auris]
B9J08_005327	B9J08_04210	True	100	100	100	137	100	100	100	137	KAK8439719.1	KAK8439719.1 hypothetical protein B9J08_04210 [Candidozyma auris]
B9J08_005328	B9J08_04211	True	100	100	100	308	100	100	100	308	KAK8439720.1	KAK8439720.1 hypothetical protein B9J08_04211 [Candidozyma auris]
B9J08_005329	B9J08_04212	True	100	100	100	729	100	100	100	729	KAK8439721.1	KAK8439721.1 hypothetical protein B9J08_04212 [Candidozyma auris]
B9J08_005330	B9J08_04213	True	100	100	100	1548	100	100	100	1548	KAK8439722.1	KAK8439722.1 hypothetical protein B9J08_04213 [Candidozyma auris]
B9J08_005331	B9J08_04214	True	100	100	100	1352	100	100	100	1352	KAK8439723.1	KAK8439723.1 hypothetical protein B9J08_04214 [Candidozyma auris]
B9J08_005332	B9J08_04215	True	100	100	100	1339	100	100	100	1339	KAK8439724.1	KAK8439724.1 hypothetical protein B9J08_04215 [Candidozyma auris]
B9J08_005333	B9J08_04216	True	100	100	100	185	100	100	100	185	KAK8439725.1	KAK8439725.1 hypothetical protein B9J08_04216 [Candidozyma auris]
B9J08_005334	B9J08_04217	True	100	100	100	840	100	100	100	840	KAK8439726.1	KAK8439726.1 hypothetical protein B9J08_04217 [Candidozyma auris]
B9J08_005335	B9J08_04218	True	100	100	100	1251	100	100	100	1251	KAK8439727.1	KAK8439727.1 hypothetical protein B9J08_04218 [Candidozyma auris]
B9J08_005336		False	100	100	100	322						KAK8439728.1 60S ribosomal protein L12-A [Candidozyma auris]
B9J08_005337	B9J08_04220	True	100	100	100	737	100	100	100	737	KAK8439729.1	KAK8439729.1 hypothetical protein B9J08_04220 [Candidozyma auris]
B9J08_005338	B9J08_04221	True	100	100	100	1459	100	100	100	1459	KAK8439730.1	KAK8439730.1 hypothetical protein B9J08_04221 [Candidozyma auris]
B9J08_005339	B9J08_04222	True	100	100	100	840	100	100	100	840	KAK8439731.1	KAK8439731.1 hypothetical protein B9J08_04222 [Candidozyma auris]
B9J08_005340		False	100	100	100	769						KAK8439732.1 sterol 24-C-methyltransferase [Candidozyma auris]
B9J08_005341	B9J08_04224	True	100	100	100	2133	100	100	100	2133	KAK8439733.1	KAK8439733.1 hypothetical protein B9J08_04224 [Candidozyma auris]
B9J08_005343	B9J08_04226	True	100	100	100	1518	100	100	100	1518	KAK8439734.1	KAK8439734.1 hypothetical protein B9J08_04226 [Candidozyma auris]
B9J08_005344	B9J08_04227	True	100	100	100	900	100	100	100	900	KAK8439735.1	KAK8439735.1 hypothetical protein B9J08_04227 [Candidozyma auris]
B9J08_005345	B9J08_04228	True	100	100	100	1032	100	100	100	1032	KAK8439736.1	KAK8439736.1 hypothetical protein B9J08_04228 [Candidozyma auris]
B9J08_005346	B9J08_04229	True	100	100	100	1722	100	100	100	1722	KAK8439737.1	KAK8439737.1 hypothetical protein B9J08_04229 [Candidozyma auris]
B9J08_005347	B9J08_04230	True	100	100	100	1042	100	100	100	1042	KAK8439738.1	KAK8439738.1 hypothetical protein B9J08_04230 [Candidozyma auris]
B9J08_005348	B9J08_04231	True	100	100	100	1256	100	100	100	1256	KAK8439739.1	KAK8439739.1 hypothetical protein B9J08_04231 [Candidozyma auris]
B9J08_005349		False	100	100	100	530						KAK8439740.1 ATP synthase F1, gamma subunit [Candidozyma auris]
B9J08_005350	B9J08_04233	True	100	100	100	199	100	100	100	199	KAK8439741.1	KAK8439741.1 hypothetical protein B9J08_04233 [Candidozyma auris]
B9J08_005351	B9J08_04234	True	100	100	100	1920	100	100	100	1920	KAK8439742.1	KAK8439742.1 hypothetical protein B9J08_04234 [Candidozyma auris]
B9J08_005352		False	100	100	100	177						KAK8439743.1 ribosomal protein L35 [Candidozyma auris]
B9J08_005353	B9J08_04236	True	100	100	100	1961	100	100	100	1961	KAK8439744.1	KAK8439744.1 hypothetical protein B9J08_04236 [Candidozyma auris]
B9J08_005354	B9J08_04237	True	100	100	100	724	100	100	100	724	KAK8439745.1	KAK8439745.1 hypothetical protein B9J08_04237 [Candidozyma auris]
B9J08_005355	B9J08_04238	True	100	100	100	315	100	100	100	315	KAK8439746.1	KAK8439746.1 hypothetical protein B9J08_04238 [Candidozyma auris]
B9J08_005356	B9J08_04239	True	100	100	100	1936	100	100	100	1936	KAK8439747.1	KAK8439747.1 hypothetical protein B9J08_04239 [Candidozyma auris]
B9J08_005357	B9J08_04240	True	100	100	100	1792	100	100	100	1792	KAK8439748.1	KAK8439748.1 hypothetical protein B9J08_04240 [Candidozyma auris]
B9J08_005358	B9J08_04241	True	100	100	100	990	100	100	100	990	KAK8439749.1	KAK8439749.1 hypothetical protein B9J08_04241 [Candidozyma auris]
B9J08_005359	B9J08_04242	True	100	100	100	649	100	100	100	649	KAK8439750.1	KAK8439750.1 hypothetical protein B9J08_04242 [Candidozyma auris]
B9J08_005360	B9J08_04243	True	100	100	100	1103	100	100	100	1103	KAK8439751.1	KAK8439751.1 hypothetical protein B9J08_04243 [Candidozyma auris]
B9J08_005361	B9J08_04244	True	100	79.9	79.9	348	100	79.9	79.9	348	KAK8439752.1	KAK8439752.1 hypothetical protein B9J08_04244 [Candidozyma auris]
B9J08_005362	B9J08_04245	True	100	100	100	910	100	100	100	910	KAK8439753.1	KAK8439753.1 hypothetical protein B9J08_04245 [Candidozyma auris]
B9J08_005363	B9J08_04246	True	100	100	100	575	100	100	100	575	KAK8439754.1	KAK8439754.1 hypothetical protein B9J08_04246 [Candidozyma auris]
B9J08_005364	B9J08_04247	True	100	100	100	872	100	100	100	872	KAK8439755.1	KAK8439755.1 hypothetical protein B9J08_04247 [Candidozyma auris]
B9J08_005365		False	100	100	100	1022						KAK8439756.1 ribosomal RNA small subunit methyltransferase B [Candidozyma auris]
B9J08_005366	B9J08_04249	True	100	100	100	1480	100	100	100	1480	KAK8439757.1	KAK8439757.1 hypothetical protein B9J08_04249 [Candidozyma auris]
B9J08_005367	B9J08_04250	True	100	100	100	991	100	100	100	991	KAK8439758.1	KAK8439758.1 hypothetical protein B9J08_04250 [Candidozyma auris]
B9J08_005368		False	100	100	100	780						KAK8439759.1 chaperone DnaJ [Candidozyma auris]
B9J08_005369		False	100	100	100	606						KAK8439760.1 3-demethylubiquinone-9 3-O-methyltransferase [Candidozyma auris]
B9J08_005370	B9J08_04253	True	100	100	100	1365	100	100	100	1365	KAK8439761.1	KAK8439761.1 hypothetical protein B9J08_04253 [Candidozyma auris]
B9J08_005371	B9J08_04254	True	100	100	100	309	100	100	100	309	KAK8439762.1	KAK8439762.1 hypothetical protein B9J08_04254 [Candidozyma auris]
B9J08_005372	B9J08_04255	True	100	100	100	413	100	100	100	413	KAK8439763.1	KAK8439763.1 hypothetical protein B9J08_04255 [Candidozyma auris]
B9J08_005373		False	100	100	100	1085						KAK8439764.1 ATP-dependent RNA helicase DBP9 [Candidozyma auris]
B9J08_005375	B9J08_04258	True	100	100	100	1052	100	100	100	1052	KAK8439765.1	KAK8439765.1 hypothetical protein B9J08_04258 [Candidozyma auris]
B9J08_005376		False	100	100	100	780						KAK8439766.1 DNA repair protein rad18 [Candidozyma auris]
B9J08_005377	B9J08_04260	True	100	90.8	90.8	1503	100	90.8	90.8	1503	KAK8439767.1	KAK8439767.1 hypothetical protein B9J08_04260 [Candidozyma auris]
B9J08_005378		False	100	100	100	885						KAK8439768.1 pyridoxal kinase [Candidozyma auris]
B9J08_005379	B9J08_04262	True	100	100	100	1187	100	100	100	1187	KAK8439769.1	KAK8439769.1 hypothetical protein B9J08_04262 [Candidozyma auris]
B9J08_005380	B9J08_04263	True	100	100	100	540	100	100	100	540	KAK8439770.1	KAK8439770.1 hypothetical protein B9J08_04263 [Candidozyma auris]
B9J08_005381	B9J08_04264	True	100	100	100	1505	100	100	100	1505	KAK8439771.1	KAK8439771.1 hypothetical protein B9J08_04264 [Candidozyma auris]
B9J08_005382		False	100	100	100	298						KAK8439772.1 60S ribosomal protein L32 [Candidozyma auris]
B9J08_005383	B9J08_04266	True	100	100	100	4996	100	100	100	4996	KAK8439773.1	KAK8439773.1 hypothetical protein B9J08_04266 [Candidozyma auris]
B9J08_005384	B9J08_04267	True	100	100	100	312	100	100	100	312	KAK8439774.1	KAK8439774.1 hypothetical protein B9J08_04267 [Candidozyma auris]
B9J08_005385	B9J08_04268	True	100	100	100	600	100	100	100	600	KAK8439775.1	KAK8439775.1 hypothetical protein B9J08_04268 [Candidozyma auris]
B9J08_005386	B9J08_04269	True	100	100	100	1118	100	100	100	1118	KAK8439776.1	KAK8439776.1 hypothetical protein B9J08_04269 [Candidozyma auris]
B9J08_005387		False	100	100	100	316						KAK8439777.1 eukaryotic translation initiation factor 5A [Candidozyma auris]
B9J08_005388	B9J08_04271	True	100	100	100	621	100	100	100	621	KAK8439778.1	KAK8439778.1 hypothetical protein B9J08_04271 [Candidozyma auris]
B9J08_005389	B9J08_04272	True	100	100	100	1342	100	100	100	1342	KAK8439779.1	KAK8439779.1 hypothetical protein B9J08_04272 [Candidozyma auris]
B9J08_005390	B9J08_04273	True	100	100	100	563	100	100	100	563	KAK8439780.1	KAK8439780.1 hypothetical protein B9J08_04273 [Candidozyma auris]
B9J08_005391	B9J08_04274	True	100	100	100	2510	100	100	100	2510	KAK8439781.1	KAK8439781.1 hypothetical protein B9J08_04274 [Candidozyma auris]
B9J08_005392	B9J08_04275	True	100	100	100	179	100	100	100	179	KAK8439782.1	KAK8439782.1 hypothetical protein B9J08_04275 [Candidozyma auris]
B9J08_005393	B9J08_04276	True	100	100	100	1211	100	100	100	1211	KAK8439783.1	KAK8439783.1 hypothetical protein B9J08_04276 [Candidozyma auris]
B9J08_005394	B9J08_04277	True	100	100	100	1175	100	100	100	1175	KAK8439784.1	KAK8439784.1 hypothetical protein B9J08_04277 [Candidozyma auris]
B9J08_005395	B9J08_04278	True	100	100	100	699	100	100	100	699	KAK8439785.1	KAK8439785.1 hypothetical protein B9J08_04278 [Candidozyma auris]
B9J08_005396	B9J08_04279	True	100	100	100	2913	100	100	100	2913	KAK8439786.1	KAK8439786.1 hypothetical protein B9J08_04279 [Candidozyma auris]
B9J08_005397	B9J08_04280	True	100	100	100	308	100	100	100	308	KAK8439787.1	KAK8439787.1 hypothetical protein B9J08_04280 [Candidozyma auris]
B9J08_005398	B9J08_04281	True	100	100	100	719	100	100	100	719	KAK8439788.1	KAK8439788.1 hypothetical protein B9J08_04281 [Candidozyma auris]
B9J08_005399	B9J08_04282	True	100	100	100	479	100	100	100	479	KAK8439789.1	KAK8439789.1 hypothetical protein B9J08_04282 [Candidozyma auris]
B9J08_005400	B9J08_04283	True	100	100	100	234	100	100	100	234	KAK8439790.1	KAK8439790.1 hypothetical protein B9J08_04283 [Candidozyma auris]
B9J08_005401	B9J08_04284	True	100	100	100	1043	100	100	100	1043	KAK8439791.1	KAK8439791.1 hypothetical protein B9J08_04284 [Candidozyma auris]
B9J08_005402	B9J08_04285	True	100	100	100	1427	100	100	100	1427	KAK8439792.1	KAK8439792.1 hypothetical protein B9J08_04285 [Candidozyma auris]
B9J08_005403	B9J08_04286	True	100	100	100	1196	100	100	100	1196	KAK8439793.1	KAK8439793.1 hypothetical protein B9J08_04286 [Candidozyma auris]
B9J08_005404	B9J08_04287	True	100	100	100	841	100	100	100	841	KAK8439794.1	KAK8439794.1 hypothetical protein B9J08_04287 [Candidozyma auris]
B9J08_005405	B9J08_04288	True	100	100	100	473	100	100	100	473	KAK8439795.1	KAK8439795.1 hypothetical protein B9J08_04288 [Candidozyma auris]
B9J08_005406	B9J08_04289	True	100	100	100	7376	100	100	100	7376	KAK8439796.1	KAK8439796.1 hypothetical protein B9J08_04289 [Candidozyma auris]
B9J08_005407		False	100	100	100	448						KAK8439797.1 HAD phosphatase, family IIIA [Candidozyma auris]
B9J08_005408	B9J08_04291	True	100	100	100	1188	100	100	100	1188	KAK8439798.1	KAK8439798.1 hypothetical protein B9J08_04291 [Candidozyma auris]
B9J08_005409	B9J08_04292	True	100	100	100	350	100	100	100	350	KAK8439799.1	KAK8439799.1 hypothetical protein B9J08_04292 [Candidozyma auris]
B9J08_005410	B9J08_04293	True	100	100	100	581	100	100	100	581	KAK8439800.1	KAK8439800.1 hypothetical protein B9J08_04293 [Candidozyma auris]
B9J08_005411		False	100	100	100	1159						KAK8439801.1 DNA repair protein (mre11) [Candidozyma auris]
B9J08_005412	B9J08_04295	True	100	100	100	3091	100	100	100	3091	KAK8439802.1	KAK8439802.1 hypothetical protein B9J08_04295 [Candidozyma auris]
B9J08_005413	B9J08_04296	True	100	100	100	1132	100	100	100	1132	KAK8439803.1	KAK8439803.1 hypothetical protein B9J08_04296 [Candidozyma auris]
B9J08_005414	B9J08_04297	True	100	100	100	591	100	100	100	591	KAK8439804.1	KAK8439804.1 hypothetical protein B9J08_04297 [Candidozyma auris]
B9J08_005415	B9J08_04298	True	100	100	100	1299	100	100	100	1299	KAK8439805.1	KAK8439805.1 hypothetical protein B9J08_04298 [Candidozyma auris]
B9J08_005416	B9J08_04299	True	100	100	100	267	100	100	100	267	KAK8439806.1	KAK8439806.1 hypothetical protein B9J08_04299 [Candidozyma auris]
B9J08_005417	B9J08_04300	True	100	100	100	622	100	100	100	622	KAK8439807.1	KAK8439807.1 hypothetical protein B9J08_04300 [Candidozyma auris]
B9J08_005418	B9J08_04301	True	100	100	100	666	100	100	100	666	KAK8439808.1	KAK8439808.1 hypothetical protein B9J08_04301 [Candidozyma auris]
B9J08_005419	B9J08_04302	True	100	100	100	921	100	100	100	921	KAK8439809.1	KAK8439809.1 hypothetical protein B9J08_04302 [Candidozyma auris]
B9J08_005420	B9J08_04303	True	100	100	100	223	100	100	100	223	KAK8439810.1	KAK8439810.1 hypothetical protein B9J08_04303 [Candidozyma auris]
B9J08_005421	B9J08_04304	True	100	100	100	1004	100	100	100	1004	KAK8439811.1	KAK8439811.1 hypothetical protein B9J08_04304 [Candidozyma auris]
B9J08_005422	B9J08_04305	True	100	100	100	1967	100	100	100	1967	KAK8439812.1	KAK8439812.1 hypothetical protein B9J08_04305 [Candidozyma auris]
B9J08_005423	B9J08_04306	True	100	100	100	1339	100	100	100	1339	KAK8439813.1	KAK8439813.1 hypothetical protein B9J08_04306 [Candidozyma auris]
B9J08_005424	B9J08_04307	True	100	100	100	914	100	100	100	914	KAK8439814.1	KAK8439814.1 hypothetical protein B9J08_04307 [Candidozyma auris]
B9J08_005425		False	100	100	100	183						KAK8439815.1 cytochrome c oxidase assembly factor 3, mitochondrial [Candidozyma auris]
B9J08_005426	B9J08_04309	True	100	100	100	1015	100	100	100	1015	KAK8439816.1	KAK8439816.1 hypothetical protein B9J08_04309 [Candidozyma auris]
B9J08_005427	B9J08_04310	True	100	100	100	1901	100	100	100	1901	KAK8439817.1	KAK8439817.1 hypothetical protein B9J08_04310 [Candidozyma auris]
B9J08_005428		False	100	100	100	743						KAK8439818.1 cysteine synthase [Candidozyma auris]
B9J08_005429	B9J08_04312	True	100	100	100	388	100	100	100	388	KAK8439819.1	KAK8439819.1 hypothetical protein B9J08_04312 [Candidozyma auris]
B9J08_005430	B9J08_04313	True	100	100	100	2473	100	100	100	2473	KAK8439820.1	KAK8439820.1 hypothetical protein B9J08_04313 [Candidozyma auris]
B9J08_005431	B9J08_04314	True	100	100	100	620	100	100	100	620	KAK8439821.1	KAK8439821.1 hypothetical protein B9J08_04314 [Candidozyma auris]
B9J08_005432		False	100	100	100	315						KAK8439822.1 monothiol glutaredoxin-5, mitochondrial [Candidozyma auris]
B9J08_005433	B9J08_04316	True	100	100	100	1177	100	100	100	1177	KAK8439823.1	KAK8439823.1 hypothetical protein B9J08_04316 [Candidozyma auris]
B9J08_005434	B9J08_04317	True	100	100	100	3006	100	100	100	3006	KAK8439824.1	KAK8439824.1 hypothetical protein B9J08_04317 [Candidozyma auris]
B9J08_005435	B9J08_04318	True	100	100	100	202	100	100	100	202	KAK8439825.1	KAK8439825.1 hypothetical protein B9J08_04318 [Candidozyma auris]
B9J08_005436	B9J08_04319	True	100	100	100	1386	100	100	100	1386	KAK8439826.1	KAK8439826.1 hypothetical protein B9J08_04319 [Candidozyma auris]
B9J08_005437	B9J08_04320	True	100	100	100	439	100	100	100	439	KAK8439827.1	KAK8439827.1 hypothetical protein B9J08_04320 [Candidozyma auris]
B9J08_005438	B9J08_04321	True	100	100	100	1894	100	100	100	1894	KAK8439828.1	KAK8439828.1 hypothetical protein B9J08_04321 [Candidozyma auris]
B9J08_005439	B9J08_04322	True	100	100	100	519	100	100	100	519	KAK8439829.1	KAK8439829.1 hypothetical protein B9J08_04322 [Candidozyma auris]
B9J08_005440	B9J08_04323	True	100	100	100	610	100	100	100	610	KAK8439830.1	KAK8439830.1 hypothetical protein B9J08_04323 [Candidozyma auris]
B9J08_005441	B9J08_04324	True	100	100	100	1590	100	100	100	1590	KAK8439831.1	KAK8439831.1 hypothetical protein B9J08_04324 [Candidozyma auris]
B9J08_005442	B9J08_04325	True	100	100	100	714	100	100	100	714	KAK8439832.1	KAK8439832.1 hypothetical protein B9J08_04325 [Candidozyma auris]
B9J08_005443	B9J08_04326	True	100	100	100	443	100	100	100	443	KAK8439833.1	KAK8439833.1 hypothetical protein B9J08_04326 [Candidozyma auris]
B9J08_005444	B9J08_04327	True	100	100	100	638	100	100	100	638	KAK8439834.1	KAK8439834.1 hypothetical protein B9J08_04327 [Candidozyma auris]
B9J08_005445		False	100	100	100	603						KAK8439835.1 26S proteasome regulatory subunit RPN11 [Candidozyma auris]
B9J08_005446	B9J08_04329	True	100	100	100	993	100	100	100	993	KAK8439836.1	KAK8439836.1 hypothetical protein B9J08_04329 [Candidozyma auris]
B9J08_005447		False	100	100	100	895						KAK8439837.1 rab GDP-dissociation inhibitor [Candidozyma auris]
B9J08_005449	B9J08_04331	True	100	100	100	178	100	100	100	178	KAK8439838.1	KAK8439838.1 hypothetical protein B9J08_04331 [Candidozyma auris]
B9J08_005450	B9J08_04332	True	100	100	100	1217	100	100	100	1217	KAK8439839.1	KAK8439839.1 hypothetical protein B9J08_04332 [Candidozyma auris]
B9J08_005451	B9J08_04333	True	100	100	100	526	100	100	100	526	KAK8439840.1	KAK8439840.1 hypothetical protein B9J08_04333 [Candidozyma auris]
B9J08_005452	B9J08_04334	True	100	100	100	1089	100	100	100	1089	KAK8439841.1	KAK8439841.1 hypothetical protein B9J08_04334 [Candidozyma auris]
B9J08_005453	B9J08_04335	True	100	100	100	1119	100	100	100	1119	KAK8439842.1	KAK8439842.1 hypothetical protein B9J08_04335 [Candidozyma auris]
B9J08_005454	B9J08_04336	True	100	100	100	416	100	100	100	416	KAK8439843.1	KAK8439843.1 hypothetical protein B9J08_04336 [Candidozyma auris]
B9J08_005455	B9J08_04337	True	100	100	100	1675	100	100	100	1675	KAK8439844.1	KAK8439844.1 hypothetical protein B9J08_04337 [Candidozyma auris]
B9J08_005456	B9J08_04338	True	100	100	100	600	100	100	100	600	KAK8439845.1	KAK8439845.1 hypothetical protein B9J08_04338 [Candidozyma auris]
B9J08_005457	B9J08_04339	True	100	100	100	902	100	100	100	902	KAK8439846.1	KAK8439846.1 hypothetical protein B9J08_04339 [Candidozyma auris]
B9J08_005458		False	100	100	100	528						KAK8439847.1 guanine nucleotide-binding protein subunit beta-like protein [Candidozyma auris]
B9J08_005459	B9J08_04341	True	100	100	100	1081	100	100	100	1081	KAK8439848.1	KAK8439848.1 hypothetical protein B9J08_04341 [Candidozyma auris]
B9J08_005460	B9J08_04342	True	100	100	100	820	100	100	100	820	KAK8439849.1	KAK8439849.1 hypothetical protein B9J08_04342 [Candidozyma auris]
B9J08_005461	B9J08_04343	True	100	100	100	321	100	100	100	321	KAK8439850.1	KAK8439850.1 hypothetical protein B9J08_04343 [Candidozyma auris]
B9J08_005462	B9J08_04344	True	100	100	100	426	100	100	100	426	KAK8439851.1	KAK8439851.1 hypothetical protein B9J08_04344 [Candidozyma auris]
B9J08_005463	B9J08_04345	True	100	100	100	726	100	100	100	726	KAK8439852.1	KAK8439852.1 hypothetical protein B9J08_04345 [Candidozyma auris]
B9J08_005464	B9J08_04346	True	100	100	100	2041	100	100	100	2041	KAK8439853.1	KAK8439853.1 hypothetical protein B9J08_04346 [Candidozyma auris]
B9J08_005465	B9J08_04347	True	100	100	100	312	100	100	100	312	KAK8439854.1	KAK8439854.1 hypothetical protein B9J08_04347 [Candidozyma auris]
B9J08_005467	B9J08_04349	True	100	100	100	489	100	100	100	489	KAK8439855.1	KAK8439855.1 hypothetical protein B9J08_04349 [Candidozyma auris]
B9J08_005468	B9J08_04350	True	100	100	100	728	100	100	100	728	KAK8439856.1	KAK8439856.1 hypothetical protein B9J08_04350 [Candidozyma auris]
B9J08_005469	B9J08_04351	True	100	100	100	1239	100	100	100	1239	KAK8439857.1	KAK8439857.1 hypothetical protein B9J08_04351 [Candidozyma auris]
B9J08_005470	B9J08_04352	True	100	100	100	850	100	100	100	850	KAK8439858.1	KAK8439858.1 hypothetical protein B9J08_04352 [Candidozyma auris]
B9J08_005471	B9J08_04353	True	100	100	100	538	100	100	100	538	KAK8439859.1	KAK8439859.1 hypothetical protein B9J08_04353 [Candidozyma auris]
B9J08_005472	B9J08_04354	True	100	100	100	259	100	100	100	259	KAK8439860.1	KAK8439860.1 hypothetical protein B9J08_04354 [Candidozyma auris]
B9J08_005473	B9J08_04355	True	100	100	100	232	100	100	100	232	KAK8439861.1	KAK8439861.1 hypothetical protein B9J08_04355 [Candidozyma auris]
B9J08_005474	B9J08_04356	True	100	100	100	636	100	100	100	636	KAK8439862.1	KAK8439862.1 hypothetical protein B9J08_04356 [Candidozyma auris]
B9J08_005476	B9J08_04358	True	100	100	100	1611	100	100	100	1611	KAK8439863.1	KAK8439863.1 hypothetical protein B9J08_04358 [Candidozyma auris]
B9J08_005477	B9J08_04359	True	100	100	100	979	100	100	100	979	KAK8439864.1	KAK8439864.1 hypothetical protein B9J08_04359 [Candidozyma auris]
B9J08_005478		False	100	100	100	1971						KAK8439865.1 ATP-dependent protease La [Candidozyma auris]
B9J08_005479	B9J08_04361	True	100	100	100	630	100	100	100	630	KAK8439866.1	KAK8439866.1 hypothetical protein B9J08_04361 [Candidozyma auris]
B9J08_005480	B9J08_04362	True	100	100	100	496	100	100	100	496	KAK8439867.1	KAK8439867.1 hypothetical protein B9J08_04362 [Candidozyma auris]
B9J08_005481	B9J08_04363	True	100	100	100	1336	100	100	100	1336	KAK8439868.1	KAK8439868.1 hypothetical protein B9J08_04363 [Candidozyma auris]
B9J08_005482	B9J08_04364	True	100	100	100	699	100	100	100	699	KAK8439869.1	KAK8439869.1 hypothetical protein B9J08_04364 [Candidozyma auris]
B9J08_005483		False	100	100	100	545						KAK8439870.1 transcriptional activator HAP3 [Candidozyma auris]
B9J08_005484	B9J08_04366	True	100	100	100	991	100	100	100	991	KAK8439871.1	KAK8439871.1 hypothetical protein B9J08_04366 [Candidozyma auris]
B9J08_005485	B9J08_04367	True	100	100	100	393	100	100	100	393	KAK8439872.1	KAK8439872.1 hypothetical protein B9J08_04367 [Candidozyma auris]
B9J08_005486		False	100	100	100	184						KAK8439873.1 U6 snRNA-associated Sm-like protein LSm2 [Candidozyma auris]
B9J08_005487	B9J08_04369	True	100	100	100	1047	100	100	100	1047	KAK8439874.1	KAK8439874.1 hypothetical protein B9J08_04369 [Candidozyma auris]
B9J08_005488		False	100	100	100	1969						KAK8439875.1 UPF0202 protein KRE33 [Candidozyma auris]
B9J08_005489	B9J08_04371	True	100	100	100	482	100	100	100	482	KAK8439876.1	KAK8439876.1 hypothetical protein B9J08_04371 [Candidozyma auris]
B9J08_005490	B9J08_04372	True	100	100	100	823	100	100	100	823	KAK8439877.1	KAK8439877.1 hypothetical protein B9J08_04372 [Candidozyma auris]
B9J08_005491	B9J08_04373	True	100	100	100	1124	100	100	100	1124	KAK8439878.1	KAK8439878.1 hypothetical protein B9J08_04373 [Candidozyma auris]
B9J08_005492	B9J08_04374	True	100	100	100	999	100	100	100	999	KAK8439879.1	KAK8439879.1 hypothetical protein B9J08_04374 [Candidozyma auris]
B9J08_005493	B9J08_04375	True	100	100	100	395	100	100	100	395	KAK8439880.1	KAK8439880.1 hypothetical protein B9J08_04375 [Candidozyma auris]
B9J08_005494	B9J08_04376	True	100	100	100	1536	100	100	100	1536	KAK8439881.1	KAK8439881.1 hypothetical protein B9J08_04376 [Candidozyma auris]
B9J08_005496	B9J08_04378	True	100	100	100	825	100	100	100	825	KAK8439882.1	KAK8439882.1 hypothetical protein B9J08_04378 [Candidozyma auris]
B9J08_005497	B9J08_04379	True	100	100	100	1264	100	100	100	1264	KAK8439883.1	KAK8439883.1 hypothetical protein B9J08_04379 [Candidozyma auris]
B9J08_005498	B9J08_04380	True	100	100	100	849	100	100	100	849	KAK8439884.1	KAK8439884.1 hypothetical protein B9J08_04380 [Candidozyma auris]
B9J08_005499		False	100	100	100	499						KAK8439885.1 adenylate kinase [Candidozyma auris]
B9J08_005500	B9J08_04382	True	100	100	100	1023	100	100	100	1023	KAK8439886.1	KAK8439886.1 hypothetical protein B9J08_04382 [Candidozyma auris]
B9J08_005501		False	100	100	100	590						KAK8439887.1 mitochondrial GTP/GDP carrier protein 1 [Candidozyma auris]
B9J08_005502	B9J08_04384	True	100	100	100	938	100	100	100	938	KAK8439888.1	KAK8439888.1 hypothetical protein B9J08_04384 [Candidozyma auris]
B9J08_005503	B9J08_04385	True	100	100	100	864	100	100	100	864	KAK8439889.1	KAK8439889.1 hypothetical protein B9J08_04385 [Candidozyma auris]
B9J08_005504	B9J08_04386	True	100	100	100	1021	100	100	100	1021	KAK8439890.1	KAK8439890.1 hypothetical protein B9J08_04386 [Candidozyma auris]
B9J08_005505		False	100	100	100	415						KAK8439891.1 ubiquinol-cytochrome c reductase, iron-sulfur subunit [Candidozyma auris]
B9J08_005506	B9J08_04388	True	100	100	100	1756	100	100	100	1756	KAK8439892.1	KAK8439892.1 hypothetical protein B9J08_04388 [Candidozyma auris]
B9J08_005507	B9J08_04389	True	100	100	100	2164	100	100	100	2164	KAK8439893.1	KAK8439893.1 hypothetical protein B9J08_04389 [Candidozyma auris]
B9J08_005508	B9J08_04390	True	100	100	100	1438	100	100	100	1438	KAK8439894.1	KAK8439894.1 hypothetical protein B9J08_04390 [Candidozyma auris]
B9J08_005509		False	100	100	100	297						KAK8439895.1 V-type proton ATPase proteolipid subunit [Candidozyma auris]
B9J08_005510		False	100	100	100	236						KAK8439896.1 ribonucleoprotein-associated protein [Candidozyma auris]
B9J08_005511	B9J08_04393	True	100	100	100	2146	100	100	100	2146	KAK8439897.1	KAK8439897.1 hypothetical protein B9J08_04393 [Candidozyma auris]
B9J08_005512	B9J08_04394	True	100	100	100	1475	100	100	100	1475	KAK8439898.1	KAK8439898.1 hypothetical protein B9J08_04394 [Candidozyma auris]
B9J08_005513	B9J08_04395	True	100	100	100	1004	100	100	100	1004	KAK8439899.1	KAK8439899.1 hypothetical protein B9J08_04395 [Candidozyma auris]
B9J08_005514	B9J08_04396	True	100	100	100	481	100	100	100	481	KAK8439900.1	KAK8439900.1 hypothetical protein B9J08_04396 [Candidozyma auris]
B9J08_005515	B9J08_04397	True	100	100	100	2695	100	100	100	2695	KAK8439901.1	KAK8439901.1 hypothetical protein B9J08_04397 [Candidozyma auris]
B9J08_005516		False	100	100	100	946						KAK8439902.1 4-hydroxyphenylpyruvate dioxygenase [Candidozyma auris]
B9J08_005517	B9J08_04399	True	100	100	100	1433	100	100	100	1433	KAK8439903.1	KAK8439903.1 hypothetical protein B9J08_04399 [Candidozyma auris]
B9J08_005518	B9J08_04400	True	100	100	100	751	100	100	100	751	KAK8439904.1	KAK8439904.1 hypothetical protein B9J08_04400 [Candidozyma auris]
B9J08_005519	B9J08_04401	True	100	100	100	541	100	100	100	541	KAK8439905.1	KAK8439905.1 hypothetical protein B9J08_04401 [Candidozyma auris]
B9J08_005520		False	100	100	100	610						KAK8439906.1 urate oxidase [Candidozyma auris]
B9J08_005521	B9J08_04403	True	100	100	100	2185	100	100	100	2185	KAK8439907.1	KAK8439907.1 hypothetical protein B9J08_04403 [Candidozyma auris]
B9J08_005522	B9J08_04404	True	100	100	100	1681	100	100	100	1681	KAK8439908.1	KAK8439908.1 hypothetical protein B9J08_04404 [Candidozyma auris]
B9J08_005523	B9J08_04405	True	100	100	100	645	100	100	100	645	KAK8439909.1	KAK8439909.1 hypothetical protein B9J08_04405 [Candidozyma auris]
B9J08_005524	B9J08_04406	True	100	100	100	3093	100	100	100	3093	KAK8439910.1	KAK8439910.1 hypothetical protein B9J08_04406 [Candidozyma auris]
B9J08_005525		False	100	100	100	834						KAK8439911.1 mevalonate kinase [Candidozyma auris]
B9J08_005526	B9J08_04408	True	100	100	100	636	100	100	100	636	KAK8439912.1	KAK8439912.1 hypothetical protein B9J08_04408 [Candidozyma auris]
B9J08_005527		False	100	100	100	250						KAK8439913.1 holo-[acyl-carrier-protein] synthase [Candidozyma auris]
B9J08_005528		False	100	100	100	1061						KAK8439914.1 GMP synthase (glutamine-hydrolyzing) [Candidozyma auris]
B9J08_005529	B9J08_04411	True	100	100	100	905	100	100	100	905	KAK8439915.1	KAK8439915.1 hypothetical protein B9J08_04411 [Candidozyma auris]
B9J08_005530	B9J08_04412	True	100	100	100	915	100	100	100	915	KAK8439916.1	KAK8439916.1 hypothetical protein B9J08_04412 [Candidozyma auris]
B9J08_005531	B9J08_04413	True	100	100	100	534	100	100	100	534	KAK8439917.1	KAK8439917.1 hypothetical protein B9J08_04413 [Candidozyma auris]
B9J08_005534	B9J08_04416	True	100	100	100	802	100	100	100	802	KAK8439918.1	KAK8439918.1 hypothetical protein B9J08_04416 [Candidozyma auris]
B9J08_005538	B9J08_04641	True	100	100	100	591	100	100	100	591	KAK8439092.1	KAK8439092.1 hypothetical protein B9J08_04641 [Candidozyma auris]
B9J08_005539		False	100	100	100	625						KAK8439093.1 arginine biosynthesis ArgJ, mitochondrial [Candidozyma auris]
B9J08_005540	B9J08_04643	True	100	100	100	288	100	100	100	288	KAK8439094.1	KAK8439094.1 hypothetical protein B9J08_04643 [Candidozyma auris]
B9J08_005541	B9J08_04644	True	100	100	100	1228	100	100	100	1228	KAK8439095.1	KAK8439095.1 hypothetical protein B9J08_04644 [Candidozyma auris]
B9J08_005542		False	100	100	100	721						KAK8439096.1 DNA-binding protein, 42 kDa [Candidozyma auris]
B9J08_005543	B9J08_04646	True	100	100	100	767	100	100	100	767	KAK8439097.1	KAK8439097.1 hypothetical protein B9J08_04646 [Candidozyma auris]
B9J08_005545	B9J08_05225	True	100	100	100	341	100	100	100	341	KAK8438863.1	KAK8438863.1 hypothetical protein B9J08_05225 [Candidozyma auris]
B9J08_005546	B9J08_05226	True	100	100	100	657	100	100	100	657	KAK8438864.1	KAK8438864.1 hypothetical protein B9J08_05226 [Candidozyma auris]
B9J08_005547	B9J08_05227	True	100	100	100	618	100	100	100	618	KAK8438865.1	KAK8438865.1 hypothetical protein B9J08_05227 [Candidozyma auris]
B9J08_005548	B9J08_05228	True	100	100	100	1005	100	100	100	1005	KAK8438866.1	KAK8438866.1 hypothetical protein B9J08_05228 [Candidozyma auris]
B9J08_005550	B9J08_05230	True	100	100	100	1737	100	100	100	1737	KAK8438867.1	KAK8438867.1 hypothetical protein B9J08_05230 [Candidozyma auris]
B9J08_005551	B9J08_05231	True	100	100	100	824	100	100	100	824	KAK8438868.1	KAK8438868.1 hypothetical protein B9J08_05231 [Candidozyma auris]
B9J08_005552	B9J08_05232	True	100	100	100	884	100	100	100	884	KAK8438869.1	KAK8438869.1 hypothetical protein B9J08_05232 [Candidozyma auris]
B9J08_005553	B9J08_05233	True	100	100	100	611	100	100	100	611	KAK8438870.1	KAK8438870.1 hypothetical protein B9J08_05233 [Candidozyma auris]
B9J08_005554	B9J08_05234	True	100	100	100	590	100	100	100	590	KAK8438871.1	KAK8438871.1 hypothetical protein B9J08_05234 [Candidozyma auris]
B9J08_005555	B9J08_05235	True	100	100	100	931	100	100	100	931	KAK8438872.1	KAK8438872.1 hypothetical protein B9J08_05235 [Candidozyma auris]
B9J08_005556	B9J08_05236	True	100	100	100	1403	100	100	100	1403	KAK8438873.1	KAK8438873.1 hypothetical protein B9J08_05236 [Candidozyma auris]
B9J08_005557	B9J08_05237	True	100	100	100	233	100	100	100	233	KAK8438874.1	KAK8438874.1 hypothetical protein B9J08_05237 [Candidozyma auris]
B9J08_005558	B9J08_05238	True	100	100	100	282	100	100	100	282	KAK8438875.1	KAK8438875.1 hypothetical protein B9J08_05238 [Candidozyma auris]
B9J08_005559	B9J08_05239	True	100	100	100	228	100	100	100	228	KAK8438876.1	KAK8438876.1 hypothetical protein B9J08_05239 [Candidozyma auris]
B9J08_005560	B9J08_05240	True	100	100	100	138	100	100	100	138	KAK8438877.1	KAK8438877.1 hypothetical protein B9J08_05240 [Candidozyma auris]
B9J08_005561	B9J08_05241	True	100	100	100	202	100	100	100	202	KAK8438878.1	KAK8438878.1 hypothetical protein B9J08_05241 [Candidozyma auris]
B9J08_005562	B9J08_05242	True	100	100	100	952	100	100	100	952	KAK8438879.1	KAK8438879.1 hypothetical protein B9J08_05242 [Candidozyma auris]
B9J08_005563	B9J08_05243	True	100	100	100	910	100	100	100	910	KAK8438880.1	KAK8438880.1 hypothetical protein B9J08_05243 [Candidozyma auris]
B9J08_005564	B9J08_05244	True	100	100	100	1142	100	100	100	1142	KAK8438881.1	KAK8438881.1 hypothetical protein B9J08_05244 [Candidozyma auris]
B9J08_005565	B9J08_05245	True	100	100	100	1333	100	100	100	1333	KAK8438882.1	KAK8438882.1 hypothetical protein B9J08_05245 [Candidozyma auris]
B9J08_005567	B9J08_04418	True	100	100	100	873	100	100	100	873	KAK8439920.1	KAK8439920.1 hypothetical protein B9J08_04418 [Candidozyma auris]
B9J08_005568	B9J08_04419	True	100	100	100	1095	100	100	100	1095	KAK8439921.1	KAK8439921.1 hypothetical protein B9J08_04419 [Candidozyma auris]
B9J08_005569	B9J08_04420	True	100	100	100	930	100	100	100	930	KAK8439922.1	KAK8439922.1 hypothetical protein B9J08_04420 [Candidozyma auris]
B9J08_005570	B9J08_04421	True	100	100	100	986	100	100	100	986	KAK8439923.1	KAK8439923.1 hypothetical protein B9J08_04421 [Candidozyma auris]
B9J08_005571	B9J08_04422	True	100	100	100	983	100	100	100	983	KAK8439924.1	KAK8439924.1 hypothetical protein B9J08_04422 [Candidozyma auris]
B9J08_005572	B9J08_04423	True	100	100	100	1021	100	100	100	1021	KAK8439925.1	KAK8439925.1 hypothetical protein B9J08_04423 [Candidozyma auris]
B9J08_005573	B9J08_04424	True	100	100	100	328	100	100	100	328	KAK8439926.1	KAK8439926.1 hypothetical protein B9J08_04424 [Candidozyma auris]
B9J08_005574	B9J08_04425	True	100	100	100	549	100	100	100	549	KAK8439927.1	KAK8439927.1 hypothetical protein B9J08_04425 [Candidozyma auris]
B9J08_005575	B9J08_04426	True	100	100	100	1249	100	100	100	1249	KAK8439928.1	KAK8439928.1 hypothetical protein B9J08_04426 [Candidozyma auris]
B9J08_005576	B9J08_04427	True	100	100	100	907	100	100	100	907	KAK8439929.1	KAK8439929.1 hypothetical protein B9J08_04427 [Candidozyma auris]
B9J08_005578	B9J08_01064	True	100	100	100	1374	100	100	100	1374	KAK8442717.1	KAK8442717.1 hypothetical protein B9J08_01064 [Candidozyma auris]
B9J08_005579	B9J08_01063	True	100	100	100	481	100	100	100	481	KAK8442716.1	KAK8442716.1 hypothetical protein B9J08_01063 [Candidozyma auris]
B9J08_005580		False	100	100	100	1064						KAK8442715.1 methylmalonate-semialdehyde dehydrogenase (acylating) [Candidozyma auris]
B9J08_005581		False	100	100	100	3699						KAK8442714.1 glycogen debranching enzyme [Candidozyma auris]
B9J08_005587	B9J08_02287	True	100	100	100	184	100	100	100	184	KAK8440985.1	KAK8440985.1 hypothetical protein B9J08_02287 [Candidozyma auris]
B9J08_03310		False	100	100	100	365						KAK8440212.1 60S ribosome subunit biogenesis protein NIP7 [Candidozyma auris]
B9J08_03311	B9J08_03311	True	100	100	100	952	100	100	100	952	KAK8440213.1	KAK8440213.1 hypothetical protein B9J08_03311 [Candidozyma auris]
B9J08_04417	B9J08_04417	True	100	100	100	619	100	100	100	619	KAK8439919.1	KAK8439919.1 hypothetical protein B9J08_04417 [Candidozyma auris]
B9J08_05224	B9J08_05224	True	100	100	100	325	100	100	100	325	KAK8438862.1	KAK8438862.1 hypothetical protein B9J08_05224 [Candidozyma auris]
