B9J08_05225	6785.02393440398	-2.34922139843072	0.0607833043248003	-38.6491228887044	0	0
B9J08_03782	5434.21283203171	-3.15992805857353	0.0720895240970689	-43.8333876960912	0	0
B9J08_03737	2500.45742860803	-4.05895281093705	0.0975422545382593	-41.6122513279104	0	0
B9J08_03708	23172.3746532481	-6.81713263829431	0.0732923546305257	-93.0128752536357	0	0
B9J08_03214	4261.45658527267	-5.15877688944156	0.0945360536168344	-54.5694123254888	0	0
B9J08_03181	35917.6379274115	-2.19301951882165	0.0531116992171954	-41.2907052710459	0	0
B9J08_02698	6619.68168185155	-2.91957748917483	0.0691082313833859	-42.246450686578	0	0
B9J08_01167	97962.0364823103	-5.06627227322805	0.142963271849103	-35.4375792306676	4.50654518841549e-275	3.11571267964076e-272
B9J08_01408	3380.17887872928	-2.45462878658416	0.0695478802413668	-35.2940848529868	7.23702111368328e-273	4.44755153108691e-270
B9J08_03375	3621.74540689742	-2.3796597848435	0.0687630815700136	-34.6066483716348	2.00685372811265e-262	1.10999079701911e-259
B9J08_02896	4704.79857264126	-2.50596006933331	0.0742222601223826	-33.7629178254786	6.90974979982064e-250	3.47434783116436e-247
B9J08_04757	15361.2166371804	-2.20626911684313	0.0654466438210928	-33.7109588518284	3.99411669804648e-249	1.84095495474126e-246
B9J08_04997	1378.17378672694	5.36914293789628	0.160775424855486	33.3952962196951	1.60441116978223e-244	6.82615244620425e-242
B9J08_00860	11026.3313518889	-8.03042170869271	0.241514687798818	-33.2502415562488	2.02496998454959e-242	8.0000778461027e-240
B9J08_04846	1783.42821345121	-3.11217880367772	0.0941222174904057	-33.0652941107657	9.3782845799277e-240	3.45808613410534e-237
B9J08_03307	19427.1944762545	-1.80027828835944	0.0565791655661613	-31.8187493637435	3.56317764735015e-222	1.23174597296835e-219
B9J08_00523	1133.10477093652	-5.01447533122297	0.158495276955303	-31.6380110975615	1.10861897450501e-219	3.60692443999249e-217
B9J08_03024	4594.62618353124	-2.03972586854241	0.0651844686844403	-31.291593069766	6.07229768416639e-215	1.8658821383958e-212
B9J08_04503	5130.45594943268	-4.7182497800029	0.157854805918176	-29.8898076150345	2.66966634125924e-196	7.77153922816045e-194
B9J08_00529	4888.72275797589	1.90364063919067	0.0677494875718346	28.0982293360116	1.0296455766241e-173	2.84748484215395e-171
B9J08_02659	14816.8044118539	-1.99613787656048	0.071331940229588	-27.9837877693463	2.55936047012771e-172	6.74086798108399e-170
B9J08_03814	3394.21041889431	2.0650148932376	0.0746016030725272	27.68056996349	1.19661400930411e-168	3.0083964024823e-166
B9J08_03734	2154.24596960641	2.34642593058953	0.085898153296144	27.31637224493	2.71080504988269e-164	6.51889683952224e-162
B9J08_03700	948.18169408306	-3.31953235809823	0.121712307799984	-27.2735963856127	8.72659323119525e-164	2.01111613173921e-161
B9J08_00453	841.378453623543	-5.36032873861573	0.197347490837945	-27.1618793624158	1.83305337858921e-162	4.05544729479077e-160
B9J08_01062	3403.07677892842	1.85199209125792	0.0697220269850702	26.5625107493575	1.84134492551115e-155	3.9171072242316e-153
B9J08_00304	8954.29547367676	-1.50398733399906	0.0575822851667315	-26.1189240691684	2.22277119380574e-150	4.55338795294058e-148
B9J08_01376	4963.52727863875	1.97161985284449	0.0758492358076373	25.9939316705148	5.79971048464433e-149	1.14564995323456e-146
B9J08_04746	3301.95733708469	-2.18495379341185	0.0872883068278925	-25.0314603732657	2.77936965820902e-138	5.30092882053589e-136
B9J08_00016	1103.71539082389	2.88342695799928	0.117342567508996	24.5727276913232	2.47259052854413e-133	4.55863273779253e-131
B9J08_03946	1047.7177043295	-2.8237419762754	0.116187483082712	-24.3033233990034	1.80797525076795e-130	3.22577777806372e-128
B9J08_00400	5979.38730398709	-1.54691741595291	0.0649255545341247	-23.8260177683944	1.79544317778215e-125	3.10331131759783e-123
B9J08_05290	3570.38730418213	-1.81392764939545	0.0773679710924984	-23.4454597139012	1.47068228554359e-121	2.46495264283079e-119
B9J08_02475	47289.2271763183	-1.22825835681367	0.05293893111151	-23.2014196551584	4.40541782325991e-119	7.16657822954428e-117
B9J08_04946	10390.9399646067	1.69085389249626	0.0732171629989118	23.0936821810672	5.35883100433773e-118	8.46848408142627e-116
B9J08_01580	1686.01748866025	-1.9368269542968	0.0845292899874495	-22.9130867487988	3.44079755948027e-116	5.2864031393015e-114
B9J08_04312	563.512284251893	-4.33112361774409	0.192172741124473	-22.5376585274326	1.77458461252498e-112	2.65276418699342e-110
B9J08_00211	770.002955892655	2.84005539721942	0.126497412946991	22.4514899637476	1.23753572522613e-111	1.80126581479625e-109
B9J08_02644	2767.41399186261	1.811828299354	0.0814954389155014	22.23226628956	1.67463275464536e-109	2.37497276049834e-107
B9J08_04747	711.111317591258	-6.97832617882063	0.319039466322823	-21.8729245608741	4.70433841569296e-106	6.50492394429943e-104
B9J08_02973	469.525997186967	4.78713519462562	0.220460590620357	21.7142446237445	1.50496602862231e-104	2.0302358791e-102
B9J08_00957	496.923744681129	-3.92847786533266	0.181109919711074	-21.6911247688685	2.48828587394448e-104	3.27683551637783e-102
B9J08_05461	3825.75932233275	-5.30809384107648	0.247833422686215	-21.4179902917982	9.08236526655857e-102	1.16824563463571e-99
B9J08_02652	4447.06982569299	1.45407953766415	0.0683526562422922	21.273197233328	2.01095979565924e-100	2.52786787040711e-98
B9J08_05063	12546.6963026703	-1.43547848793822	0.069642417108009	-20.6121290378523	2.13625850347784e-94	2.6256990628302e-92
B9J08_01688	18955.7480022101	1.14439368040696	0.0563998609477119	20.2907181183997	1.55310069884784e-91	1.86743477507117e-89
B9J08_00588	5226.52261869283	-1.31349582720471	0.0658995350512327	-19.9317920252936	2.15698760723564e-88	2.53836137353623e-86
B9J08_00060	2398.76227338184	-3.57290981386777	0.180856736483657	-19.7554699002911	7.19826319716922e-87	8.29449869657145e-85
B9J08_00620	13607.5495642943	-1.15366621497347	0.0588767376795817	-19.5946015428359	1.71926155823828e-85	1.94066034257468e-83
B9J08_00745	865.491960922284	-2.18562020888704	0.112588597869234	-19.4124471771603	6.05723267995032e-84	6.70051079056104e-82
B9J08_04084	15596.0111668362	-1.02470394670243	0.0528772824595399	-19.3789071419565	1.16290341737452e-83	1.26118015715656e-81
B9J08_05078	3502.4832438542	-1.33525592520512	0.0693583335252485	-19.2515572006794	1.36983020651637e-82	1.45702516773886e-80
B9J08_03698	15616.0097718038	-1.3603507022476	0.0709052764793058	-19.1854650287504	4.89542232870985e-82	5.10878884907437e-80
B9J08_05532	433.642600369067	-3.06213458025198	0.162419073016178	-18.8532942799579	2.76101091445762e-79	2.8279909940491e-77
B9J08_00210	3477.30645781913	1.42571071019395	0.075829915535672	18.8014281714881	7.35101460270737e-79	7.39244759410445e-77
B9J08_03829	385.089270101763	-3.47258976736478	0.185914084667547	-18.6784652361036	7.41197417966878e-78	7.32064806924072e-76
B9J08_05576	32622.1192677309	-1.29758342398073	0.0696742943569914	-18.6235603238733	2.0698395038049e-77	2.00847057816577e-75
B9J08_03304	79107.0393487811	-4.26659806734462	0.230847776503442	-18.482300899619	2.86690359047005e-76	2.73393857911893e-74
B9J08_02220	6678.10286913544	-1.34074195843057	0.072604224700209	-18.4664454990966	3.8458876170706e-76	3.60535667966398e-74
B9J08_05132	4059.28378125057	-3.95049879930806	0.214641764945785	-18.405079739751	1.19608440896808e-75	1.10259047766708e-73
B9J08_05129	44112.9179858611	-1.10901045468212	0.0610925821301198	-18.1529478050226	1.2169144606415e-73	1.10340227570625e-71
B9J08_00448	1192.42680982859	-1.77304339312736	0.099645213715943	-17.7935630524286	7.92749060489336e-71	7.07208879607503e-69
B9J08_00345	20996.6962705843	-1.13691786288089	0.0645213739894169	-17.6207943598252	1.70592632868762e-69	1.49769500380495e-67
B9J08_01515	1863.73432215192	-1.47338700463464	0.0840001469773771	-17.5402907929608	7.05653842200219e-69	6.09839281438971e-67
B9J08_01490	70610.5613069224	-1.06121613392228	0.0607622258152351	-17.4650635272844	2.64406765894265e-68	2.24989818794028e-66
B9J08_05271	4281.15682274296	-1.09335957485673	0.062862318871077	-17.3929246405796	9.33470289589549e-68	7.82276389654514e-66
B9J08_00896	4626.90826838416	-1.1076713290596	0.0641705870560397	-17.26135570635	9.19270951165381e-67	7.58878750879959e-65
B9J08_03813	20055.1304652244	2.20387130019253	0.129185421361566	17.0597523850954	2.95806388067933e-65	2.40603695941726e-63
B9J08_04799	1387.62605152463	-1.58481673600417	0.0933074251242011	-16.9848941163539	1.06245188082849e-64	8.51655268530777e-63
B9J08_02894	2422.41233892697	-1.2655013252214	0.0761717657658606	-16.61378481249	5.5385794035527e-62	4.37626895443571e-60
B9J08_00621	363.109575678646	-3.05474050432489	0.184096180972722	-16.5931769371007	7.80787500217395e-62	6.08244459676396e-60
B9J08_00388	1793.20510205265	-1.35809147838745	0.0819455164375682	-16.57310292775	1.09050371421703e-61	8.37718894907557e-60
B9J08_01359	1812.51250590645	-1.52493354361708	0.0920656875302827	-16.5635383227383	1.27849334002971e-61	9.68677625164976e-60
B9J08_05046	3484.79891940562	1.12725404508672	0.0682914585797999	16.5065158737164	3.29357584417456e-61	2.46172540461209e-59
B9J08_00257	1325.98421232134	1.50271493224579	0.0912597194137566	16.4663549471671	6.40131075255534e-61	4.72075330298448e-59
B9J08_00520	278.773663683546	5.30394886902477	0.322266329499712	16.4582780871295	7.31519485875361e-61	5.32372931102187e-59
B9J08_03939	2223.83883425676	-1.36263376141735	0.0833579688631118	-16.3467726001701	4.58636892675203e-60	3.29444240699552e-58
B9J08_01770	11044.0341512106	-0.84926092633657	0.0528757831801088	-16.06143446507	4.75427837129175e-58	3.37127098354034e-56
B9J08_00706	2403.63788458336	1.16486980748452	0.0730128988766426	15.9543015741999	2.65931960485533e-57	1.86186034613352e-55
B9J08_04958	447.448115423933	2.62286052577786	0.166221998438984	15.7792623744723	4.32209392388917e-56	2.98818768662888e-54
B9J08_05085	60820.7332309398	-3.14583709436223	0.199959625184869	-15.7323614277322	9.07620099771495e-56	6.19758860720511e-54
B9J08_03191	1048.38279689852	-4.0469127896136	0.257973179919346	-15.6873392454163	1.84634028819111e-55	1.24537904072988e-53
B9J08_02342	31801.1785999921	-0.783401885601139	0.0500610295060279	-15.6489367743987	3.37816307345465e-55	2.25115903123827e-53
B9J08_04853	247.704398532241	5.07670393024514	0.325442538413424	15.5993864692512	7.34970366316051e-55	4.83942987630247e-53
B9J08_00488	435.210828601522	2.52710880685005	0.162068648892545	15.5928294837923	8.1444807093207e-55	5.29966150626503e-53
B9J08_01595	5681.85636042741	-1.21021577846153	0.0779480986274392	-15.5259178834609	2.31665325301298e-54	1.48993129562963e-52
B9J08_01063	17240.980573302	0.895333980013044	0.0578572442665175	15.4748811728522	5.12678491196766e-54	3.25933877564289e-52
B9J08_00537	11776.843011223	0.845890019253875	0.0550398696162	15.3686777449215	2.65533114720737e-53	1.66893597445499e-51
B9J08_02552	1371.48799320396	-1.44235023537765	0.0940118453335995	-15.3422181030432	3.99313986256779e-53	2.48157939099578e-51
B9J08_02470	966.344042890462	-1.60423803821022	0.104975707037157	-15.2819931724049	1.00809616538702e-52	6.19531098972847e-51
B9J08_02418	7016.03357589834	0.946634429445808	0.0621339520687208	15.2353809459733	2.05923396194652e-52	1.25160692786002e-50
B9J08_03542	2460.6472687953	-4.97795538470258	0.326800849597776	-15.2323820174562	2.15591358295173e-52	1.29612587253326e-50
B9J08_01779	500.698639189534	2.19280189822068	0.145732302569891	15.0467800175534	3.62451619034121e-51	2.15561280094379e-49
B9J08_02955	1481.00479641558	-1.47637553829601	0.0981567610473355	-15.0409968966278	3.95548226962894e-51	2.32742259928911e-49
B9J08_04493	466.390160274876	2.25808167597129	0.151303871451477	14.9241500188279	2.29541871628669e-50	1.33641693892439e-48
B9J08_00018	474.305010267088	-2.49055399810008	0.167365652454621	-14.8809147012727	4.38463613768884e-50	2.52618984141218e-48
B9J08_00490	240.748744964312	-3.71724982195407	0.250261593797255	-14.8534569989414	6.60717333941121e-50	3.76745110724571e-48
B9J08_00759	9077.795407117	-0.859119536960478	0.0581498351811781	-14.7742385560288	2.14770694153985e-49	1.21213949935274e-47
B9J08_05195	1142.89250823969	-1.39519284299186	0.0944506923583803	-14.7716528926859	2.23171881331956e-49	1.24683199560308e-47
B9J08_03058	440.168892986609	2.40180957794701	0.164356844439517	14.6133833740698	2.30767237180379e-48	1.27637358884468e-46
B9J08_00699	258.797704120877	-3.71993379498654	0.254682554254909	-14.6061586584502	2.56582691337822e-48	1.40510778791039e-46
B9J08_00612	25549.2424067122	-0.853800707163778	0.0585632300513185	-14.5791259535309	3.81368109321014e-48	2.06798726730836e-46
B9J08_05253	1302.72178932427	-1.55629971432578	0.107151145394765	-14.5243404407118	8.4956068606962e-48	4.56205840257385e-46
B9J08_04372	581.27984859888	-1.79722614135346	0.126092917547371	-14.2531886509666	4.28270869788308e-46	2.27765978922994e-44
B9J08_05232	976.300131780641	1.45723109758511	0.10264433862452	14.1968969464138	9.57596812987816e-46	5.04425521203391e-44
B9J08_04926	3633.87690905113	-3.74120951589859	0.266945171585177	-14.0148986163807	1.26378628801899e-44	6.59434147078589e-43
B9J08_05064	2699.95973782204	-1.16861526987228	0.0838234890832444	-13.941381856722	3.54999677430266e-44	1.83504973445495e-42
B9J08_01761	1366.96443189256	-1.26087049372613	0.0907148425623544	-13.8992744529039	6.39866911209348e-44	3.27694804249899e-42
B9J08_05509	1626.03918712771	-1.25711369205828	0.0906705708480257	-13.8646275224775	1.03763334107649e-43	5.26527523806797e-42
B9J08_02749	585.113031912085	-1.86332163666857	0.134408454510568	-13.8631282046478	1.05954110458213e-43	5.32756531767617e-42
B9J08_00834	1583.83263134327	-1.52675834542496	0.110953445337503	-13.7603509362039	4.41379137988533e-43	2.19934055154466e-41
B9J08_00130	851.456225087926	1.51405916973712	0.110302409722758	13.7264378316183	7.05161977727297e-43	3.48236687393721e-41
B9J08_03992	3952.84112799087	-0.981092246408126	0.0726290352716113	-13.5082648797293	1.39777067280138e-41	6.84165450554373e-40
B9J08_05119	245.942600322964	2.95674857532011	0.219604153951145	13.463992015278	2.54771232528539e-41	1.23608744483803e-39
B9J08_04800	481.358866123643	-1.85932355199622	0.138151843524743	-13.4585504221897	2.74243575425068e-41	1.31899236145744e-39
B9J08_05223	376.705995304519	-2.24775182923277	0.167157392043563	-13.4469185104717	3.20971726983068e-41	1.53042639822702e-39
B9J08_03973	514.850171887786	-1.96536343410889	0.150858620531687	-13.0278496991564	8.49685850316162e-39	4.01676276760572e-37
B9J08_00967	192.025369657864	-3.34743165056308	0.258196739167537	-12.9646550198723	1.94101689762957e-38	9.09810547524505e-37
B9J08_05539	545.268918844394	-1.68996706138847	0.131267206717162	-12.8742517164229	6.28451905094823e-38	2.92098108157938e-36
B9J08_03732	1662.35835928032	1.07390364010086	0.0837877723792638	12.8169494140488	1.31784136556722e-37	6.07415049412693e-36
B9J08_00218	1506.68307940066	-1.20528462485726	0.0947541102210134	-12.7201302618529	4.57097554741679e-37	2.08942692171589e-35
B9J08_02233	96180.1915891276	-0.727045633304967	0.0572246033562924	-12.7051231579226	5.53821735378125e-37	2.5108098511282e-35
B9J08_04419	224.504478104508	2.77455679730324	0.219163764436198	12.6597423823269	9.88231088386674e-37	4.443826138103e-35
B9J08_03455	656.665656072444	-1.6071719099393	0.127103767140138	-12.644565508175	1.19885441187043e-36	5.34747076778659e-35
B9J08_00904	2358.80856433398	-1.02355367388634	0.0815658265261819	-12.5488052715041	4.03552796467782e-36	1.78564041381064e-34
B9J08_05164	1923.08474093566	-0.99663195374764	0.0795143496244445	-12.5339886253846	4.86528566815137e-36	2.13570595480518e-34
B9J08_00875	1719.78295010208	-1.00859548218192	0.0809513123621573	-12.4592851277036	1.24481448660728e-35	5.42131411450777e-34
B9J08_05340	261.325277114992	2.40365009034416	0.193186197769582	12.4421419236743	1.54309679492741e-35	6.66786591620584e-34
B9J08_04435	273.807411169025	-2.32750050682317	0.188447023962737	-12.3509539067245	4.8137245302111e-35	2.06393103694555e-33
B9J08_01235	1606.37896091206	1.08870570989257	0.0884425765427885	12.3097466452241	8.02747828014952e-35	3.415383259039e-33
B9J08_00156	6021.4324943517	-0.756921916843439	0.0618674134661975	-12.2345815743048	2.03149003975853e-34	8.57723008389651e-33
B9J08_00012	3997.18395412882	-0.82409945435534	0.067691535440048	-12.1743353729244	4.25848751046614e-34	1.78437078942335e-32
B9J08_01905	1614.05496011217	-0.998972505405888	0.0825026130425575	-12.1083741298059	9.53657461396325e-34	3.96592437517524e-32
B9J08_04735	14276.9087443683	-1.57621999494918	0.131073558394475	-12.0254612315127	2.61125831356282e-33	1.07782609942656e-31
B9J08_00410	1006.94165189424	-3.81958454211601	0.321336274320899	-11.8865650950494	1.39006625568217e-32	5.69515293346526e-31
B9J08_02983	5603.08048422429	-2.17445731318843	0.183025007288607	-11.8806568861904	1.49190322415818e-32	6.06743877413154e-31
B9J08_00748	1066.88396836765	-1.23085033832661	0.1036107812499	-11.8795585119459	1.51163618395442e-32	6.10281732368753e-31
B9J08_00296	1911.60847810118	-1.07974258848324	0.0910716919950477	-11.8559627567033	2.00407448054584e-32	8.03227242891233e-31
B9J08_04823	832.385876890001	-1.27210301160317	0.107332012102442	-11.8520373063445	2.10021817700129e-32	8.3570552064706e-31
B9J08_03029	903.996750857439	1.32098954541534	0.111634722253342	11.8331422226993	2.63104602501034e-32	1.03945111173801e-30
B9J08_02873	1148.31753664844	1.09830731365664	0.0938652980649405	11.7008877220715	1.26127088294151e-31	4.94758103088615e-30
B9J08_01955	285.607077278926	2.26249480649364	0.195023752797088	11.6011243453389	4.06699539982064e-31	1.58412334904281e-29
B9J08_01767	654.029721051457	1.42464028877575	0.123248495628478	11.559088664824	6.64098252522318e-31	2.56862058370695e-29
B9J08_02459	4115.52937983959	-0.77302180883835	0.0669944207272613	-11.5385997885611	8.42860445033804e-31	3.2374035565847e-29
B9J08_03421	2541.57724689499	-2.92450804650419	0.253839799794904	-11.521077659481	1.03310735900805e-30	3.94077020874038e-29
B9J08_00514	3107.83611839748	0.787460521279543	0.0685209800691365	11.4922542042599	1.44296703869991e-30	5.4664730760611e-29
B9J08_03945	420.6072766499	1.81882230341745	0.159188906781964	11.4255593570263	3.11642460547992e-30	1.16465841168307e-28
B9J08_00526	2030.19048287972	-0.882876960087958	0.077268224754595	-11.4261323188411	3.09593637808207e-30	1.16465841168307e-28
B9J08_04243	5891.91874846563	0.666998692718311	0.0587190035644355	11.3591623193397	6.6781905988364e-30	2.47899813437343e-28
B9J08_04183	3628.22076691397	-1.98922086778625	0.176063015340362	-11.298346015151	1.33712622274818e-29	4.93043009201344e-28
B9J08_03317	3879.9095296042	-0.722625983368481	0.0639834471106064	-11.2939520454298	1.40570751668569e-29	5.14898561244276e-28
B9J08_00874	753.059287239048	-3.84633039882054	0.340772934752426	-11.2870771313307	1.52007819297654e-29	5.53128452983766e-28
B9J08_03840	4826.85517497561	-0.760101612347766	0.0673505561984324	-11.2857510798917	1.54317789240814e-29	5.5786385117055e-28
B9J08_02947	254.595098686728	2.19419339950155	0.194772508007193	11.2654163667725	1.9443072268233e-29	6.98309303348032e-28
B9J08_01982	8284.07714022547	-0.636394198821656	0.0574090092697067	-11.0852670498438	1.47908402663452e-28	5.27794435568744e-27
B9J08_05479	3149.56066077952	0.770952669285256	0.0696677968857935	11.0661267292416	1.83146543552339e-28	6.49348418197428e-27
B9J08_01941	8536.3226506644	-0.658004459131231	0.0596314876215945	-11.0345135661674	2.60457052536554e-28	9.17571947502981e-27
B9J08_00553	279.860324930475	-1.94675415507086	0.177387952241968	-10.9745567862206	5.0653649855171e-28	1.77319833765159e-26
B9J08_00142	2759.93205265341	-0.777817797323352	0.0711876678461588	-10.9262997490558	8.6295958789112e-28	3.00190533372691e-26
B9J08_02278	11556.9071243233	0.592242817102223	0.0544443356211135	10.877951036518	1.46826208666502e-27	5.07559850084014e-26
B9J08_00823	1745.52647332267	0.919775877169746	0.0847950561889895	10.8470460249448	2.05974853059724e-27	7.07606777809523e-26
B9J08_02821	580.280174745918	1.39287993173629	0.128569035110776	10.8337122584468	2.38294448439018e-27	8.13584317479141e-26
B9J08_03811	11661.0417253648	-1.48965582694497	0.137715720407442	-10.8168902035128	2.86328399262555e-27	9.71584279951651e-26
B9J08_00711	6051.40967161851	-0.622366390269211	0.0576912927428224	-10.7878738832151	3.92770983601836e-27	1.32464409164741e-25
B9J08_01855	1062.69942947846	1.13045210916975	0.104798827873364	10.7868774117946	3.97051845376192e-27	1.3309659131974e-25
B9J08_02404	309.876644013468	1.8384047279338	0.170441719301743	10.7861193577798	4.00339418000448e-27	1.3339020005786e-25
B9J08_00800	805.47589943475	-1.20967259349164	0.112256832316797	-10.7759373619047	4.47203595528302e-27	1.48112759692637e-25
B9J08_04242	13011.9669592481	-0.557072019472664	0.0523639942374331	-10.6384554422404	1.97373973614428e-26	6.49806814322261e-25
B9J08_05308	6251.40648395044	0.708128188510143	0.0666061695753908	10.6315705140291	2.12503399164822e-26	6.95477101053628e-25
B9J08_02766	26255.1675880073	-0.569201715685112	0.05403562293481	-10.5338235180857	6.03329418023874e-26	1.96295000652356e-24
B9J08_01536	1028.16083881573	1.04892303541209	0.0998927787438393	10.5004891104482	8.59337008986981e-26	2.7795280682497e-24
B9J08_02550	123.68527152418	-3.10292354136209	0.297880304806563	-10.4166790865111	2.08092683404769e-25	6.69163158088243e-24
B9J08_05071	9093.65713879276	0.582337724211824	0.0563482485738977	10.3346197787872	4.91356787395775e-25	1.57092161334453e-23
B9J08_04472	129.702066489083	-2.94240640932259	0.285979296924964	-10.2888790935612	7.90917001016887e-25	2.51411605323241e-23
B9J08_03614	619.793154840327	1.45196088525949	0.141644682896941	10.2507263637699	1.17457512104805e-24	3.71232856829531e-23
B9J08_04925	17415.216490211	-2.80106294399155	0.274366601528827	-10.2091979431295	1.80349425184882e-24	5.66768562896353e-23
B9J08_02294	1367.9618407832	0.949935490775614	0.0951562775218623	9.98289882196542	1.81097181691304e-23	5.65903114087345e-22
B9J08_03182	6588.60417610174	-0.668971243128681	0.0674196426828366	-9.92249760616107	3.32334153758575e-23	1.03266303620151e-21
B9J08_04832	1971.6783212221	0.777178335522506	0.0792532328337715	9.80626666867441	1.05811017767307e-22	3.26950133670934e-21
B9J08_03788	765.644074643329	1.088405352587	0.112290810813818	9.69273749738627	3.23733042761561e-22	9.94759699730109e-21
B9J08_05550	2273.57827885679	-0.771534591960966	0.0800423171166579	-9.63908367165947	5.46738286955512e-22	1.67072346140936e-20
B9J08_04122	69141.3443579865	-0.606667741997831	0.0630443466523504	-9.62287301259888	6.40176195345066e-22	1.9455024925569e-20
B9J08_02782	3268.78756499614	-0.673555707936107	0.0700342333705233	-9.61752096824693	6.7436808271076e-22	2.03821304124219e-20
B9J08_01448	1789.84376094304	0.756733333634826	0.0791310459357876	9.56303969808376	1.14347862661074e-21	3.43727189336088e-20
B9J08_00925	1819.97832384404	-0.823447443421784	0.0863782594620667	-9.53304047279864	1.52742811397624e-21	4.56659724237978e-20
B9J08_00571	12608.2558420854	-0.50542710976551	0.05307619066101	-9.52267115388141	1.6878377763168e-21	5.01904878538077e-20
B9J08_02735	1172.27011240556	-0.932094298506395	0.0979028106683432	-9.52060816378366	1.72168500202922e-21	5.09232071990567e-20
B9J08_01078	2673.16861582413	-0.67374388687305	0.0708486560784697	-9.50962127110544	1.91357932975565e-21	5.62979110259494e-20
B9J08_00946	2608.03845948051	-0.750212050093624	0.0789368371819119	-9.50395375437632	2.02068992143708e-21	5.91345817749656e-20
B9J08_01630	590.511497651271	-1.14099294011635	0.121401737791837	-9.39848935336297	5.53520400468312e-21	1.61132701841591e-19
B9J08_00562	1056.92021014384	-0.943626616657694	0.100458937925726	-9.39315740482311	5.82280303508364e-21	1.68617400979307e-19
B9J08_03411	15972.4234271685	-1.48678001024882	0.159060927784878	-9.34723587341079	8.99681477345358e-21	2.59173867249853e-19
B9J08_03319	827.788984502424	1.02966078062936	0.110372371910958	9.32897212229916	1.06902568921459e-20	3.06361714354711e-19
B9J08_01989	385.284733261558	-1.45156967125076	0.15668518399721	-9.26424333315786	1.96465361572262e-20	5.60128822090816e-19
B9J08_04790	157.901377117093	-2.3357253530049	0.252532381934789	-9.24921126989584	2.2615529123396e-20	6.41469187597452e-19
B9J08_01399	598.599635219778	-1.16137002158836	0.125633741725541	-9.24409323193989	2.37243695128229e-20	6.69487182527672e-19
B9J08_03475	1014.12881237962	-0.924406317235769	0.100316119366274	-9.21493298460414	3.11472807781138e-20	8.74495482151002e-19
B9J08_05260	143.478084187687	2.43234567269404	0.264359948725865	9.20088570306211	3.5501131811542e-20	9.9170080833151e-19
B9J08_03824	2883.63259297609	0.667260234370268	0.0734283560460561	9.0872282902772	1.01595910099028e-19	2.82375366209913e-18
B9J08_02733	1532.12593713523	-0.876981086852418	0.0966175032020656	-9.07683450500995	1.11778383770125e-19	3.0912312031628e-18
B9J08_04942	441.709478492331	-1.37540564448217	0.15277834160713	-9.00262190316887	2.20390276081548e-19	6.06457023386589e-18
B9J08_02946	451.967608452229	1.24001286076804	0.137848943886971	8.99544694216002	2.35272968200781e-19	6.44205340157683e-18
B9J08_00330	46767.0310314743	-1.12346930146783	0.125237724716934	-8.97069396627199	2.94652070540405e-19	8.02818030620189e-18
B9J08_05553	1000.7555104911	-0.909173422913559	0.101748447583772	-8.93550166615579	4.05334894344599e-19	1.09897416697058e-17
B9J08_01883	787.048936625105	-2.2423709477935	0.252722416980097	-8.87286127834911	7.1290114726801e-19	1.92344207099481e-17
B9J08_00092	2144.01134462046	0.664945728444748	0.0751159076673642	8.85226244471847	8.57627388364092e-19	2.30268790536009e-17
B9J08_00666	1223.94910919537	-0.909801953693433	0.103432421398174	-8.79610030776574	1.41652976344231e-18	3.78494015536205e-17
B9J08_00861	84.2996521627671	-6.15672877071407	0.701128613288278	-8.78116889544579	1.61784390178862e-18	4.30206472153503e-17
B9J08_03848	11038.3657503308	-0.509258416542509	0.0582062663649114	-8.74920259186229	2.14865615487191e-18	5.68622832181651e-17
B9J08_01097	2007.21674739155	-0.679491929208953	0.0777690556036496	-8.73730462501676	2.38738084927823e-18	6.28790641778946e-17
B9J08_03258	16097.292210558	-0.485186247657952	0.0557910869972149	-8.69648314402214	3.42328489743621e-18	8.97354917901407e-17
B9J08_00317	1347.58105127553	-0.794038495110913	0.09142713695806	-8.68493230270525	3.78968009113772e-18	9.88713235098243e-17
B9J08_03885	1134.07342479638	-0.85281033834253	0.0987829916288916	-8.63316978236873	5.96747580895785e-18	1.54958256804441e-16
B9J08_01565	3338.68737576584	-0.579956191934511	0.0675895119947891	-8.58056486602867	9.44083739182178e-18	2.44005942122272e-16
B9J08_01766	351.41868489838	1.37503863812273	0.160499572244606	8.56724176203494	1.05993210190266e-17	2.72673695610401e-16
B9J08_03774	132.112815049245	2.32270217249144	0.271224617856268	8.56375866928983	1.0924638167965e-17	2.79741544939882e-16
B9J08_04531	2310.93463732105	0.66637160836299	0.0781347760788266	8.52848938468472	1.48271101294951e-17	3.77920489061003e-16
B9J08_00441	69.2387810916446	4.13943587543895	0.486043944149587	8.51658769801477	1.64323229150112e-17	4.16913660747371e-16
B9J08_03463	746.680712672055	-1.0981651025445	0.129129765495681	-8.50435295324093	1.82611187815988e-17	4.611974793654e-16
B9J08_02770	4597.14481202762	0.528846978731912	0.0622485407093744	8.49573295542765	1.9668773984266e-17	4.94490858668069e-16
B9J08_04355	1837.825605972	-0.66406938064748	0.0784395694272822	-8.46599981993921	2.53964559161683e-17	6.35600894444919e-16
B9J08_00203	591.35664236214	1.03991162071437	0.123471920381212	8.42225193796048	3.69315820474929e-17	9.20128740111186e-16
B9J08_01252	3351.22348830293	-0.630335395950462	0.0750200348131705	-8.40222745190997	4.38088250391852e-17	1.08657673224992e-15
B9J08_01526	1693.60872506443	-0.784638606561313	0.0934980855372617	-8.39202858596085	4.77824681675049e-17	1.17984299747531e-15
B9J08_03997	270.859995392893	-1.46983582414818	0.175680746292093	-8.36651628121149	5.93467237085932e-17	1.45887435036546e-15
B9J08_04631	7075.60564825492	-0.517414052829429	0.0623475249413071	-8.29887077821475	1.05105615134968e-16	2.5722971562456e-15
B9J08_00741	2097.5072066269	-0.739571646829723	0.0891231661791552	-8.29830983947583	1.05602966662413e-16	2.57308373836919e-15
B9J08_05430	57588.0944434412	0.52055072549274	0.0627370586484637	8.29734030741792	1.06468071557578e-16	2.58278466572353e-15
B9J08_01319	2676.84520806732	0.577270586242981	0.0695977030839417	8.29439134717901	1.09142584675224e-16	2.63610321326928e-15
B9J08_04902	16966.535600968	0.4193345846596	0.050576264414157	8.29113398383416	1.12173839805583e-16	2.69753699115079e-15
B9J08_00970	1301.46465346401	-0.767316162115178	0.0926889692240132	-8.27839783459785	1.24843540877718e-16	2.98921915408942e-15
B9J08_04113	72459.5562275143	-0.458996734661511	0.0554602625423992	-8.27613706860131	1.27235529021857e-16	3.03336082336161e-15
B9J08_05487	8687.61593985041	-0.540693924411884	0.0654808413120683	-8.25728432283036	1.49024148122021e-16	3.53046851104067e-15
B9J08_04061	1901.79732226979	0.653650022945789	0.0791630151964899	8.25701271387112	1.49363520445402e-16	3.53046851104067e-15
B9J08_00551	810.664778141251	-1.09095113003129	0.132677463699231	-8.22258053187082	1.99170475195252e-16	4.68771020555294e-15
B9J08_04223	12621.9817718492	-0.429332835166665	0.0526400914729874	-8.15600473238121	3.4628888586669e-16	8.11577893105365e-15
B9J08_03060	1052.84866151346	0.794227599788313	0.0976534356971566	8.13312500597907	4.18362816049464e-16	9.76356428510373e-15
B9J08_04734	6534.56928299562	-0.551854961118344	0.0681988948358547	-8.09184609877597	5.87671349486571e-16	1.36571858571858e-14
B9J08_00947	49641.7174158965	-0.388226436619212	0.0480555825403297	-8.07869587874418	6.54630572673227e-16	1.51496305332871e-14
B9J08_04758	311.824783550191	1.52730904532457	0.1893259847524	8.06708623394715	7.19956995887895e-16	1.65920089343998e-14
B9J08_03908	630.946051389965	0.971261561327828	0.121554074674977	7.99036613066966	1.34538588366898e-15	3.08768851559051e-14
B9J08_00550	70858.7415101768	-2.13970344010375	0.268293145771083	-7.97524451828307	1.52079431826095e-15	3.47583197285178e-14
B9J08_05313	5025.60356966434	0.479249734095258	0.060556757711426	7.91405868159339	2.49130780433715e-15	5.67054463612706e-14
B9J08_02930	1404.36603404743	0.677896879925644	0.0857046754863147	7.90968376088059	2.58043544008167e-15	5.8493395160212e-14
B9J08_03615	3984.17737132427	-0.496004288758233	0.0627135851412156	-7.9090405634019	2.59380095286309e-15	5.85563798787173e-14
B9J08_00322	396.169390543236	-1.40740884192775	0.180408851403384	-7.8012183492087	6.13123196980406e-15	1.37853024491814e-13
B9J08_03799	10278.5358768099	-0.417235534157507	0.0535243850075171	-7.79524200229314	6.42851558419279e-15	1.43951901603928e-13
B9J08_05258	448.227261801427	-1.33198143528816	0.171125737136256	-7.78364176878663	7.04661072483101e-15	1.57156467415485e-13
B9J08_02380	1479.20271545871	-0.733165029563741	0.0946286477579177	-7.74781260152157	9.34889711178172e-15	2.07665662350461e-13
B9J08_05469	14365.8402644894	-0.43108499118561	0.0557440328225342	-7.73329393942497	1.04798941295708e-14	2.31857177722625e-13
B9J08_05289	287.316803519735	1.34431061027025	0.17395107856292	7.728095861067	1.0916712897254e-14	2.40559119660208e-13
B9J08_00002	198.843099069238	1.62423936016116	0.210427557449482	7.71875784639612	1.17468829923135e-14	2.57825435835262e-13
B9J08_05268	7130.30168339038	0.440858265717538	0.0572499913787695	7.7005822201927	1.35447653119672e-14	2.96111055100752e-13
B9J08_00377	12122.9379409792	-0.406966590580867	0.0531340491116717	-7.65924294091622	1.87032304536394e-14	4.07273888342832e-13
B9J08_05591	63.0790657352134	3.51534702861743	0.459360241804363	7.65270197265915	1.96799658899626e-14	4.2686231897013e-13
B9J08_05522	2708.37651876403	-0.56571302114712	0.0740852798851726	-7.63597062768661	2.24125419343344e-14	4.84233474370327e-13
B9J08_04698	3756.59967441059	-0.547592261355935	0.0719334610442047	-7.612483167179	2.6887922225684e-14	5.78665750312289e-13
B9J08_05496	1620.96412889934	-0.659621397955348	0.0871945402831541	-7.56493922455815	3.88045990314469e-14	8.31892392414469e-13
B9J08_01320	1620.79027156104	-0.613373597969586	0.0812197759838129	-7.55202277450053	4.28549523064792e-14	9.1517660697736e-13
B9J08_04036	8535.69769581436	-0.433567205920637	0.0574250183151882	-7.55014484350568	4.34774441744042e-14	9.24899014340883e-13
B9J08_00549	3316.59112983852	0.504739989781426	0.0671688667125501	7.51449316454105	5.71318338886668e-14	1.21071330742612e-12
B9J08_02146	1896.46839535319	-0.621465644488264	0.0827314741009068	-7.51184058113443	5.83017614401524e-14	1.23079023864688e-12
B9J08_03303	2733.35401925928	-0.556950524226227	0.0746491751163289	-7.46090661227412	8.59291418010858e-14	1.80712579202207e-12
B9J08_02103	2406.47059681352	0.551782073231623	0.0740710011284601	7.44936702387317	9.37891187656198e-14	1.96495309050244e-12
B9J08_01281	1882.9683195395	-0.613110700045471	0.0823222934159124	-7.44768731050635	9.49906308713905e-14	1.9826157711308e-12
B9J08_00359	938.817125854988	0.846553785281051	0.113854000096833	7.43543296292668	1.04226014190031e-13	2.16719580633481e-12
B9J08_02808	1924.2851687834	0.589474824735919	0.0793570202405229	7.42813708162532	1.1013778677114e-13	2.28154344056621e-12
B9J08_00684	205.995281854003	-1.47545992740867	0.198938540643706	-7.4166620637435	1.20108888932091e-13	2.47881442046042e-12
B9J08_00339	755.03948049678	-0.828640071985448	0.111962364090919	-7.40105908546691	1.35102597235011e-13	2.77789020560166e-12
B9J08_03299	344.938774515188	1.17046553488266	0.159296639825129	7.34771013479982	2.01631161233603e-13	4.13045167697429e-12
B9J08_00689	736.093033689411	-0.880833969049145	0.120818304914042	-7.29056718413509	3.08652842028019e-13	6.29947922235045e-12
B9J08_01969	4933.72213115627	0.549704250518032	0.0755541146322908	7.275636187299	3.44791654854848e-13	7.01118618750797e-12
B9J08_02948	79.5459124921222	2.62385569987676	0.360949288251685	7.26931950076926	3.61302935446637e-13	7.32002394122838e-12
B9J08_03071	619.810954969892	-0.866384748233008	0.119296978226627	-7.26241989622862	3.80225693972662e-13	7.67528581519269e-12
B9J08_04200	315.926091023253	-1.25742535488619	0.173546869742602	-7.24545108045542	4.31002325720207e-13	8.66863223112169e-12
B9J08_03041	952.639071093254	0.787580962819822	0.109299350196331	7.20572410911055	5.77361985612211e-13	1.15702505160186e-11
B9J08_03456	254.598040265377	-1.37927216922026	0.191755438512903	-7.19287119007813	6.34427913757468e-13	1.26679450938359e-11
B9J08_04685	1026.98614963266	-0.687913605092274	0.0956979268812608	-7.18838565798627	6.55618580378263e-13	1.30439797412668e-11
B9J08_01084	6071.99373737309	-0.550550667851404	0.0767653209784574	-7.17186694244272	7.39818303703219e-13	1.46664338271774e-11
B9J08_01253	1309.70616689621	-0.634412548513321	0.0888088581595586	-7.14357285591378	9.09356877894692e-13	1.79630460415555e-11
B9J08_02863	231.806662902716	1.36385724339082	0.191692103994854	7.11483266638588	1.12048695022505e-12	2.2054851678629e-11
B9J08_01265	1342.14331085321	-0.762630145594228	0.107213557015911	-7.11318761190855	1.13392968410057e-12	2.22403017119159e-11
B9J08_01232	669.654658183426	-0.847715593238957	0.119354044627028	-7.10252925142171	1.22494092442174e-12	2.39404531907301e-11
B9J08_01842	1381.41293842222	0.651132529881397	0.0920695597113215	7.07218033759457	1.52518028926667e-12	2.97034231687814e-11
B9J08_05224	2114.2771376197	-0.572888491629928	0.0810272886773805	-7.07031545768426	1.54581882735259e-12	2.99997331020603e-11
B9J08_03826	3958.11197390485	-0.447652082414527	0.0635723112496633	-7.04162037866601	1.90016947503309e-12	3.67476830993287e-11
B9J08_00548	12354.6690394922	0.367441897974288	0.052358242868042	7.01784242264104	2.25320448520737e-12	4.34232543821672e-11
B9J08_01966	1456.00441257442	0.599056545240505	0.0853801373071606	7.01634553579317	2.27746421649413e-12	4.37383839632952e-11
B9J08_04416	1327.87687042144	-0.6531909939375	0.0931565984404483	-7.01175230603833	2.35351599663148e-12	4.50425500947015e-11
B9J08_05245	421.124589624386	1.20196730254687	0.171687148720914	7.00091597712259	2.54294423490416e-12	4.85000847008789e-11
B9J08_01066	4181.00687409388	-0.439632488868147	0.0628061669248763	-6.99982995927774	2.56273348624159e-12	4.87095495271554e-11
B9J08_05014	553.364798892684	0.996589560273083	0.142502742254103	6.99347636760577	2.68157050274992e-12	5.07937207216089e-11
B9J08_04659	38047.2341770491	-0.365624017905603	0.0523920609221751	-6.97861491741493	2.98104324847903e-12	5.62735501956911e-11
B9J08_03100	889.086627092775	0.807554576805316	0.115923043281146	6.96629896824544	3.25387296972094e-12	6.12148686922671e-11
B9J08_03215	23499.9959138767	-0.343957711163263	0.0494430960071215	-6.95663781074149	3.48489353549401e-12	6.51810398681299e-11
B9J08_00019	62.0413720452221	-2.91865025017866	0.41955719040763	-6.95650156142714	3.48826393074786e-12	6.51810398681299e-11
B9J08_02547	3770.9050806372	-0.441571507818952	0.063492598229327	-6.95469267494855	3.53331433864897e-12	6.58005441315403e-11
B9J08_01492	32668.3708804428	-0.356070463942985	0.0513428530229372	-6.93515149584524	4.05786065654884e-12	7.53155278233948e-11
B9J08_00965	43156.910903596	-0.340455674503869	0.0492306124978211	-6.91552790489734	4.66124272182566e-12	8.62251956335041e-11
B9J08_02101	43523.5430353663	-0.372504664943271	0.0539819265622466	-6.90054410180666	5.18037353280233e-12	9.55088200330989e-11
B9J08_01540	945.092232354078	-0.742517518460311	0.108103209203982	-6.86859829534976	6.48357922877182e-12	1.19138460844973e-10
B9J08_01695	373.752609542524	-1.0269280917553	0.15029521642079	-6.83273969864851	8.33080413018685e-12	1.52575091536634e-10
B9J08_01838	90.818880147764	-2.58525030398581	0.379126864558884	-6.81895836369643	9.17029715590473e-12	1.67395754354155e-10
B9J08_05366	832.273704275867	0.713078762427927	0.104647921386977	6.81407478502161	9.48723450713921e-12	1.72611493615089e-10
B9J08_00918	4265.37176528818	0.416820898889834	0.061811582877487	6.74341085417583	1.54710915794682e-11	2.79642508255028e-10
B9J08_00432	5792.10505462246	0.540525475968086	0.080152645183666	6.74370103107013	1.54402090083877e-11	2.79642508255028e-10
B9J08_00428	27455.6803957506	-0.335841316177234	0.0500474923376282	-6.7104524221033	1.94021902054487e-11	3.49555420281226e-10
B9J08_02832	8815.49017237458	-1.70001450754002	0.254601704280875	-6.67715289786345	2.43628741646172e-11	4.37503431832784e-10
B9J08_03984	2455.76867470009	-0.500396140980655	0.0750443667246568	-6.66800404641489	2.59305636695325e-11	4.64148697916453e-10
B9J08_03958	2278.49270680742	-2.54635174162129	0.38254407071681	-6.65636180649707	2.80688798175376e-11	5.00803142809034e-10
B9J08_02553	561.375269540375	-0.890607262246879	0.133851772111567	-6.65368301216473	2.85847978440934e-11	5.0836822146521e-10
B9J08_01162	2373.83288308827	-0.51838156436762	0.0779651206621401	-6.64889068297623	2.95310218463831e-11	5.23513082795977e-10
B9J08_05377	62263.4821746809	-0.318945923849505	0.0482731951626917	-6.60710199054744	3.91916052076426e-11	6.9255197572994e-10
B9J08_05243	96.361676977083	2.10130756045578	0.318928142973243	6.58865517751461	4.43828222031268e-11	7.81227122978217e-10
B9J08_00184	67.0284223659043	-2.4224387625425	0.367688570051147	-6.588289546791	4.44922335451344e-11	7.81227122978217e-10
B9J08_01137	4412.63522601107	-0.542479676210927	0.0823832571463572	-6.58482918740625	4.55408649958536e-11	7.97109254088817e-10
B9J08_03797	70348.0097309678	0.309536164480309	0.0471257656747288	6.56829995329493	5.08929447359932e-11	8.87977531024537e-10
B9J08_02137	1875.27852015287	0.541757624978048	0.0825444637827482	6.56322180981053	5.26574273157928e-11	9.15874938627831e-10
B9J08_05344	2389.56119366692	-0.501618863782433	0.0765177976468644	-6.55558418052546	5.54244725639992e-11	9.6098043182282e-10
B9J08_05270	844.386500529205	-0.749804273514821	0.114958621783046	-6.52238398377706	6.91985843658385e-11	1.19605428164829e-09
B9J08_01939	2005.09073715182	-0.496896192059953	0.0762575722838091	-6.51602427376846	7.21952971965148e-11	1.24396320496549e-09
B9J08_00865	720.240240986846	0.743280502117148	0.11445933320052	6.49383917705517	8.36760726277265e-11	1.43730545870794e-09
B9J08_05244	804.826408017041	0.720784878051246	0.11233359533476	6.41646762843537	1.39472590129856e-10	2.38830617959206e-09
B9J08_03138	2441.82776991592	-0.497724221213932	0.0775832090296549	-6.41536006874484	1.40490407395814e-10	2.39831001020447e-09
B9J08_02792	222.249565053189	1.22406886060385	0.191072417964989	6.40630852762926	1.49085128594897e-10	2.53719952694885e-09
B9J08_04093	4025.22751192821	0.458002596670632	0.0715511380913751	6.40105257425445	1.54309422467891e-10	2.61805342230032e-09
B9J08_02378	5187.97465378741	-0.387901529675765	0.0606670564872305	-6.39394017340222	1.61664703581602e-10	2.73445711165089e-09
B9J08_02372	1731.23951100817	-0.535123013773895	0.0838276379152095	-6.38361078854643	1.72960358677458e-10	2.9165967800153e-09
B9J08_03883	910.550164951942	-0.671126119991101	0.105166673978254	-6.38154744848042	1.75307385845154e-10	2.94718890914757e-09
B9J08_02050	43023.9390395271	-0.317715383754486	0.0499278075798305	-6.36349559804895	1.97213047770915e-10	3.3054102036998e-09
B9J08_00788	1716.82434531415	0.535754204010071	0.0842447039021705	6.3595001132916	2.02411381649244e-10	3.38228807221139e-09
B9J08_03246	316.004918145674	-1.02493992298502	0.161430825047263	-6.34909672725106	2.16582828840663e-10	3.60819164553526e-09
B9J08_02443	2249.60138548485	-0.467803774187937	0.0738124180767945	-6.33773809850306	2.33162724785127e-10	3.8727418341938e-09
B9J08_02451	544.846411167592	-0.786489554638079	0.124583189655257	-6.31296691643895	2.73736033231739e-10	4.53303592755913e-09
B9J08_01535	56942.1367166301	-0.316495837895188	0.0502176037844089	-6.30248785374046	2.92905501180173e-10	4.8360009762016e-09
B9J08_00690	425.240234409917	0.992003639400646	0.157708087090041	6.29012536836034	3.17209687075559e-10	5.22168684290154e-09
B9J08_01690	1379.20656169252	-0.581138450019795	0.092426867955462	-6.28754887918338	3.22517482901201e-10	5.29330622530132e-09
B9J08_03302	3460.05978348025	-0.440408156930223	0.0701374702102856	-6.27921360165678	3.40289813452855e-10	5.56847029055545e-09
B9J08_03306	6545.78205383273	-0.384064472559541	0.0611860251331392	-6.27699661358663	3.45175598751454e-10	5.63175881030765e-09
B9J08_03563	7010.90278078379	-1.41340163917142	0.225520513399454	-6.26728636728462	3.67394144058909e-10	5.9766382670289e-09
B9J08_03146	26190.6177353068	-0.354638154894956	0.0566194542621818	-6.2635389110741	3.7633719111745e-10	6.1041671673625e-09
B9J08_04055	227.63137079318	1.20920640968711	0.193440846211272	6.25103970216528	4.07729202830011e-10	6.59400649372161e-09
B9J08_05136	6577.66583698777	-0.38167531778055	0.0611078652776686	-6.24592785308817	4.21291617493054e-10	6.79348086400607e-09
B9J08_03980	3797.8810707666	0.482916636789629	0.0773993092025738	6.23928871930514	4.39565020441532e-10	7.06754106994801e-09
B9J08_02212	6513.91687523838	-0.471128628935608	0.0756292283361552	-6.22945175166333	4.68070277755413e-10	7.50404842395708e-09
B9J08_04109	10198.0658967964	-1.28480363688381	0.206532135022313	-6.22084130755244	4.9449611842697e-10	7.90479199716639e-09
B9J08_02668	1223.202411225	-0.603287611965158	0.097229213596274	-6.20479781385661	5.47672674852112e-10	8.72961834180701e-09
B9J08_01112	1040.05336500344	-0.60956850574695	0.0982620791654939	-6.2034969229616	5.52221205185275e-10	8.77682610884987e-09
B9J08_05234	498.452200462239	0.807339945474727	0.130366501379076	6.19284813916398	5.9086652184106e-10	9.36413390344671e-09
B9J08_00355	20320.7913069611	-0.315446467662043	0.0509966347456535	-6.18563301745962	6.18537523582461e-10	9.77466012267026e-09
B9J08_04708	900.882175656833	-0.725302571412082	0.117360909057184	-6.18010355610556	6.40595674529375e-10	1.00944007858176e-08
B9J08_00578	20284.2094157507	-0.335054461592739	0.0542762205743355	-6.17313545503516	6.69488061348754e-10	1.05197115548862e-08
B9J08_05222	488.22381125757	-0.860752524069427	0.139660369611768	-6.16318377548459	7.12966804965606e-10	1.11711597684554e-08
B9J08_04088	3906.40364848206	-0.410667771784645	0.0666998729511037	-6.15694983535721	7.41593262031583e-10	1.15868709951884e-08
B9J08_03823	3192.75417678956	0.428707968871396	0.0698733448619346	6.13550087974887	8.48912960251219e-10	1.32263030511253e-08
B9J08_05445	8087.34008610326	-0.347522757024207	0.0567108112582995	-6.12798070268036	8.90013770712482e-10	1.38277139489066e-08
B9J08_00487	3455.03285135248	-1.11081412473512	0.181459139456846	-6.1215661446432	9.26600384768903e-10	1.43558171657053e-08
B9J08_03869	2423.10900487922	0.503017507660499	0.082186136885018	6.12046662278631	9.33017257889196e-10	1.44148560150423e-08
B9J08_03083	3927.9699357416	-0.385431252210836	0.0631847480451917	-6.10006788244473	1.06023429365198e-09	1.63346960395239e-08
B9J08_04763	502.411718429429	0.79074117305082	0.129717673280023	6.09586306211213	1.08848564399499e-09	1.67233724914897e-08
B9J08_01624	1266.21575722633	-0.584383048951227	0.0960557097874302	-6.08379293895655	1.17372167362555e-09	1.79829766670996e-08
B9J08_02685	26657.3695873518	-0.326510903636834	0.0540395391639374	-6.04207416807001	1.52145492341693e-09	2.32463181807156e-08
B9J08_04497	393.749539776499	0.87153062556799	0.14447003763105	6.032604683012	1.61337760351294e-09	2.45828967631682e-08
B9J08_03478	9953.14650813304	-0.32156516800555	0.0533795640885805	-6.02412502792136	1.70026897414459e-09	2.58356804834993e-08
B9J08_01495	3740.12787803239	-0.495447115457102	0.0822938829648614	-6.02046103072633	1.73920976182581e-09	2.63549840894755e-08
B9J08_05102	1502.63383302677	-0.499950150271	0.0831098332057238	-6.01553547861733	1.79293027683106e-09	2.70948015332037e-08
B9J08_04128	1687.9260484905	-0.481166117996915	0.0801219514336163	-6.00542185240679	1.90835065569244e-09	2.87604563396047e-08
B9J08_05489	274.631367991263	1.03362161215839	0.172505548227997	5.99181662720943	2.07509834252284e-09	3.11885025339506e-08
B9J08_04669	6770.36904755334	-0.368395753465177	0.061604691030168	-5.97999514817422	2.23144266574617e-09	3.3447450905805e-08
B9J08_03770	119.041389609292	1.6721250687105	0.280546254732996	5.96024734068154	2.51856430288284e-09	3.76491328628243e-08
B9J08_04615	242.329347695541	1.11190751843473	0.186828229184496	5.95149631984523	2.65701997382578e-09	3.96117991246102e-08
B9J08_00285	10983.2022970592	0.440826219205079	0.0741552542269147	5.94463903874098	2.77066710481144e-09	4.11950531094411e-08
B9J08_00052	200.023309370649	-1.20907910450935	0.203508971841315	-5.94115872912043	2.83014409350719e-09	4.19665602712823e-08
B9J08_04339	867.239990572758	-0.62620935729422	0.10559325326405	-5.93039174319497	3.02212781859281e-09	4.46935533813819e-08
B9J08_04120	33079.365467716	-0.28832767730431	0.0486605747649595	-5.92528301806939	3.11759986438215e-09	4.59825195997272e-08
B9J08_00812	3361.83555293478	-0.403155052807699	0.0680500994850573	-5.92438594298052	3.13466483921728e-09	4.61112532598691e-08
B9J08_02168	12050.0137807401	-0.3222960982201	0.0544740760970771	-5.9165041669682	3.28856145627941e-09	4.82467729832398e-08
B9J08_01220	6289.74797387127	-0.339802420159453	0.0574443166784681	-5.91533575134024	3.31199270632919e-09	4.84619885150972e-08
B9J08_03859	274.246010692497	1.05181277226682	0.177933782297193	5.91125956345958	3.39501553514098e-09	4.94939601535321e-08
B9J08_02328	1324.36343183556	0.519225748408234	0.0878406269249637	5.91099775337183	3.40041671638803e-09	4.94939601535321e-08
B9J08_00789	1422.32800290826	0.520119930306783	0.0881984481460871	5.89715512278951	3.69822159534513e-09	5.36873061518475e-08
B9J08_04978	19760.571354346	-0.363608480449426	0.0616851430244078	-5.89458762064557	3.75618243704391e-09	5.43859818306017e-08
B9J08_03666	9312.33518137623	-0.335650707017374	0.0572997755968566	-5.85780142279977	4.69035004710928e-09	6.77345329257479e-08
B9J08_04512	189.770189418528	1.24333013454356	0.212305272533857	5.85633187393062	4.73202157375955e-09	6.81583628241252e-08
B9J08_02123	18839.3149733623	-0.36151061086329	0.0620098986243678	-5.8298855325209	5.54654098152624e-09	7.96829043346017e-08
B9J08_01586	1384.61913402767	0.529008407516827	0.0909244521983018	5.81810937241706	5.95169556587914e-09	8.52819382768848e-08
B9J08_00148	2644.02404744905	-0.460540538581392	0.0792674265013467	-5.80995951185028	6.24879528484047e-09	8.93077176239086e-08
B9J08_04006	13615.5190379754	0.31978093873621	0.0550984741941302	5.80380751760049	6.48256915992376e-09	9.24100258338616e-08
B9J08_00194	1206.46216349131	0.57829447709527	0.099765534743756	5.79653563307807	6.76988058434681e-09	9.62576080000572e-08
B9J08_00842	1203.69340465501	-0.591465788288648	0.102742299440516	-5.7567894772599	8.57287131414010e-09	1.21580900611561e-07
B9J08_02095	24252.4714072868	-0.323340226490162	0.056315116463805	-5.74162403975458	9.37728320634026e-09	1.3264898571424e-07
B9J08_00779	59929.3903537184	-0.284372877192118	0.0495571376978745	-5.73828292759358	9.56412459728724e-09	1.34946870274479e-07
B9J08_01469	6062.97142585186	-0.425486216910721	0.0742289534042836	-5.73207889101353	9.92071070296004e-09	1.39622012463288e-07
B9J08_05276	295.850734456286	0.949709292815197	0.165808132937329	5.72776061095967	1.01765031157318e-08	1.4285847394191e-07
B9J08_00340	28081.5863726887	-0.288551667373294	0.0504201433625872	-5.72294420700529	1.04693654588684e-08	1.46597621146838e-07
B9J08_01740	14646.1174014268	-0.29680395788305	0.0518779554416823	-5.72119612957179	1.05776704885461e-08	1.47740140081183e-07
B9J08_05451	371.506274677558	-0.847002048784185	0.148237676073127	-5.71381089626873	1.1047375939093e-08	1.5391193027487e-07
B9J08_02162	34699.5690773749	-0.301372232672723	0.0528414690844164	-5.70332804697895	1.17490555650113e-08	1.63276448065521e-07
B9J08_01247	1862.97001153376	-0.52009550296267	0.0913608731350654	-5.69275976810965	1.25002208310637e-08	1.73280003550409e-07
B9J08_01132	3679.70337234385	-0.389579541675521	0.0685280116518509	-5.68496782972103	1.3083728632774e-08	1.80915257669682e-07
B9J08_04741	4458.34166380596	0.348060109720124	0.0612811909855015	5.6797216914807	1.34914082476057e-08	1.86087229470092e-07
B9J08_04140	99.9278309083282	-1.619624537679	0.285184468365002	-5.67921719918516	1.35312567775468e-08	1.86172590140824e-07
B9J08_01991	1111.96092882553	0.549401187413442	0.0967983862325451	5.67572672227799	1.38101097838489e-08	1.8953775983739e-07
B9J08_00445	1737.88673092343	-0.479422633318896	0.0845622764605936	-5.66946223996594	1.43246415754676e-08	1.96112852856216e-07
B9J08_01350	43.3662922623724	-2.69123042829486	0.475069750428022	-5.66491641673701	1.47096220719702e-08	2.00886221432264e-07
B9J08_04468	5865.24802919321	-0.371394714496752	0.0656823777356139	-5.65440422987879	1.56387766458135e-08	2.13049442433484e-07
B9J08_05593	446.567591290627	0.789434476556686	0.139648166181606	5.65302429772018	1.57649010544917e-08	2.14239969858461e-07
B9J08_01109	42918.5606919198	-0.294408849632558	0.0521367405771947	-5.64685951544382	1.63405249540062e-08	2.21121483539934e-07
B9J08_00728	1061.25729812259	-1.46411073124161	0.259283934608384	-5.64674681234286	1.6351236081691e-08	2.21121483539934e-07
B9J08_02405	35.2336686487056	-3.22078032832564	0.574388088659479	-5.60732437164979	2.05478346269508e-08	2.76520859663418e-07
B9J08_02265	1713.87881037996	-0.4679939719892	0.0834598522579921	-5.6074143354883	2.05371604070724e-08	2.76520859663418e-07
B9J08_01825	6335.23522483934	-1.06272818301886	0.189594496668143	-5.60526914913047	2.07931592391213e-08	2.78915230453204e-07
B9J08_00452	1258.18387956233	-0.498385369662642	0.0889181435370275	-5.60499072335112	2.0826611856296e-08	2.78915230453204e-07
B9J08_03677	6557.96592320743	-0.33893358171586	0.0605007089739826	-5.60214231310269	2.11718612134342e-08	2.82854020221026e-07
B9J08_04265	51139.165112744	-0.301440284301714	0.0538198140861989	-5.60091649181324	2.13221444297504e-08	2.8417537552036e-07
B9J08_02593	3780.81726359198	0.383506753716392	0.0685276623441349	5.59637875564006	2.18875261753454e-08	2.91009392489989e-07
B9J08_01486	1457.66086735065	0.525066370147492	0.0939012234145427	5.59168827683425	2.24872273154424e-08	2.98265837606024e-07
B9J08_02066	50150.0829643763	-0.284329858453626	0.0509206994756422	-5.5837775478641	2.35349703867906e-08	3.11416079448179e-07
B9J08_05106	28279.0706224679	-0.275130683912656	0.0495917724499172	-5.54790987135035	2.89104831381298e-08	3.78919152220369e-07
B9J08_02537	300.729593284933	0.916813627675286	0.165249597181513	5.54805363106719	2.88867276935936e-08	3.78919152220369e-07
B9J08_02407	5964.42535957815	-0.323043941017523	0.0582238386240741	-5.54831060011822	2.88443122493463e-08	3.78919152220369e-07
B9J08_00111	3413.07409702573	0.383577540465772	0.0691240361611678	5.5491195504185	2.87111806635597e-08	3.78919152220369e-07
B9J08_02444	68947.6734720861	-0.29490106012762	0.0533066702475351	-5.53216058624964	3.1631010800343e-08	4.13596030110396e-07
B9J08_05490	2249.13125718498	-1.81786654152279	0.329113677821125	-5.52352170094496	3.32271230336029e-08	4.33441550704853e-07
B9J08_03393	2723.98550445834	-0.397578289006619	0.0720858866974563	-5.51534159072289	3.48103167256084e-08	4.53025557198447e-07
B9J08_03618	2713.68428680107	0.383994934210712	0.0696554747507516	5.51277463235679	3.5322040927446e-08	4.58606122933577e-07
B9J08_01946	876.990238126445	-0.603464091991557	0.109582856379405	-5.50692062545078	3.6516480438137e-08	4.73003871904767e-07
B9J08_01768	66.2640851637262	-2.04190321749878	0.371719121110328	-5.4931347394764	3.9486129777753e-08	5.10275195796149e-07
B9J08_01743	2287.97440374865	-0.398299991683153	0.0728932909431543	-5.46415159103966	4.65125940695001e-08	5.99676358504441e-07
B9J08_00640	275.915914692455	0.968489269104815	0.178625834989217	5.42188798816969	5.89728330417838e-08	7.58555208265364e-07
B9J08_01853	4780.77870409874	-0.344919101789028	0.0636521008756343	-5.41881724317227	5.99946060063748e-08	7.69907577311506e-07
B9J08_02197	2306.18479716665	-0.44863477132425	0.0829071916921598	-5.41128896260365	6.25727060369982e-08	8.0113341919129e-07
B9J08_04726	2297.66442482368	-0.409786172490116	0.0757755228067083	-5.40789634055601	6.3769312400237e-08	8.14568283800717e-07
B9J08_04750	104.267605415	1.51197700348488	0.280191494176106	5.39622734776728	6.80567023463619e-08	8.67330923220571e-07
B9J08_02650	8455.84165317173	-0.311770670261504	0.057902687299533	-5.3843903418282	7.26906030088249e-08	9.24256839636346e-07
B9J08_02938	7113.90008236972	0.739585502941381	0.13751307157516	5.37829236500728	7.51956367160337e-08	9.53915290542162e-07
B9J08_00611	237.76897974566	1.02255592745257	0.190757087482972	5.36051342020962	8.29857615271954e-08	1.05033008468402e-06
B9J08_02229	2780.37021942765	-0.379877512566855	0.0708865576900814	-5.35894991865303	8.37070530723552e-08	1.05704043503013e-06
B9J08_01962	263.700633453085	0.939181342940152	0.175301160372975	5.3575306686044	8.43670504654811e-08	1.0629479638373e-06
B9J08_02726	1631.28813467529	-0.457764726669029	0.085502666342701	-5.35380645130146	8.61229812033316e-08	1.08260502053552e-06
B9J08_00389	94.7947488189542	1.57603450289526	0.294431187220626	5.35281101765313	8.65982790312047e-08	1.08611129551382e-06
B9J08_03435	974.497761278604	-0.523597190799126	0.09832080991278	-5.32539541998898	1.0073366019578e-07	1.26053817769878e-06
B9J08_01149	27926.6879875653	-0.28294502496981	0.0531563397678872	-5.32288389692215	1.0213493754068e-07	1.27518812536682e-06
B9J08_02325	5604.76669411379	-0.316662701082541	0.0595349514142792	-5.31893775941826	1.04374830679763e-07	1.30021889299498e-06
B9J08_03870	61.2548334610336	-1.95555457082358	0.367782885435967	-5.31714402236383	1.05408634043573e-07	1.31014641549439e-06
B9J08_00692	1137.66707174544	0.494037984588214	0.0929436207366521	5.31545877675702	1.06388934133405e-07	1.31936590738086e-06
B9J08_01433	2215.92108583459	0.414551103085445	0.0780362919115671	5.31228602654808	1.0825850601526e-07	1.33954764378167e-06
B9J08_04650	692.504361273912	0.643392916382198	0.121194356730187	5.30876959737138	1.10367743363061e-07	1.36259818870779e-06
B9J08_01473	34495.5637758203	0.255632115611328	0.0482876709115877	5.29394172022456	1.19707597032695e-07	1.47461630108649e-06
B9J08_02326	1316.91098068817	-0.482102723055419	0.0911062117836866	-5.29165589938121	1.21213798138627e-07	1.48985226112165e-06
B9J08_02049	48814.413906008	-0.261613706140218	0.0496791693146224	-5.26606442397206	1.39379389437603e-07	1.70932905316936e-06
B9J08_03400	2477.7735495021	-0.380146804442877	0.0722470456483504	-5.2617626233905	1.42680901888397e-07	1.74594705386001e-06
B9J08_02116	1979.20810387258	0.431136462789223	0.0821503359518698	5.24813998377094	1.53642537145101e-07	1.87593128686436e-06
B9J08_02477	1676.36657515653	-0.434652101042777	0.0832743215028957	-5.21952137463723	1.79386112091855e-07	2.18542860348028e-06
B9J08_04521	68.4904143800065	1.83249033425465	0.352992568950877	5.191300031332	2.08830793123737e-07	2.53855630058767e-06
B9J08_01128	118.812810486452	1.34402971782674	0.259193736528615	5.18542514116023	2.15522645222515e-07	2.61415734808274e-06
B9J08_00844	10063.0123246784	-0.799895270164846	0.154555801915671	-5.17544640997227	2.27366686948828e-07	2.75178368821437e-06
B9J08_02081	1876.28045050481	0.40809034291877	0.0788845877270205	5.17325823303995	2.30046728021302e-07	2.77208813221311e-06
B9J08_00831	3025.62374552681	-0.371832596384842	0.0718755645351088	-5.17328244709945	2.3001690473118e-07	2.77208813221311e-06
B9J08_01204	48.5796518753027	2.23589419891501	0.43224435327697	5.17275513714416	2.30667212875045e-07	2.77352250959103e-06
B9J08_04878	2758.70184841361	-0.407969579224336	0.0789056930452394	-5.17034403323005	2.33663421158193e-07	2.80345419181337e-06
B9J08_01254	40774.5859943723	-0.277532727714961	0.0538191924941625	-5.15676127517266	2.51257803347609e-07	3.00802361540179e-06
B9J08_02133	15180.1356537148	0.291756057969157	0.0566292958691369	5.15203400450835	2.57676297321625e-07	3.0782021608767e-06
B9J08_00128	118.474983763105	1.35153752286275	0.262596928418412	5.14681390602279	2.64947930478219e-07	3.15824785231688e-06
B9J08_00820	1786.11353067733	-0.42849759363065	0.0833970586368966	-5.13804204410002	2.77615778492654e-07	3.3021352061137e-06
B9J08_01233	13940.7653482179	0.344818135269292	0.0672452521312169	5.12776923784065	2.93195508794458e-07	3.47996643592736e-06
B9J08_04340	69964.9108444853	-0.244801739482693	0.0478039670799516	-5.12095029839813	3.03999769630971e-07	3.60047692896981e-06
B9J08_04662	22278.0817085581	0.280874153362638	0.0549199406995578	5.11424720757027	3.14994615471544e-07	3.72272482515621e-06
B9J08_03873	67952.589111214	-0.259815539605367	0.050971118533634	-5.09730896789962	3.44515787253076e-07	4.06293564882039e-06
B9J08_00884	1738.65876975132	-0.421360687053159	0.0828243314544708	-5.08740221205147	3.630014485045e-07	4.27183193974126e-06
B9J08_05385	3259.77100452514	-0.336396092596629	0.0661954716958465	-5.08185958916185	3.73757657351411e-07	4.38907346668928e-06
B9J08_02945	859.108503331688	-0.52331112373374	0.10300279293233	-5.08055275819113	3.7633819555134e-07	4.4100138974459e-06
B9J08_04814	1946.27318776727	-0.444727969868535	0.0875920349802468	-5.07726495872401	3.8290673343169e-07	4.47749924442004e-06
B9J08_02925	1406.47888147507	0.436072289685043	0.0859690878257421	5.07243127400577	3.9276500307011e-07	4.58308698730121e-06
B9J08_01614	25776.4659827201	-0.258092709880865	0.0508876426271699	-5.07181501355428	3.94039329068101e-07	4.58827690331719e-06
B9J08_03531	5801.28476336702	-0.348296457424462	0.0687304352745311	-5.06757240854441	4.02921251636722e-07	4.68184336723258e-06
B9J08_03691	456.079793726015	0.719295893152394	0.142337507832626	5.05345290995405	4.33893331396991e-07	5.03116145902884e-06
B9J08_02023	63391.2713567398	-0.24679137561456	0.0488459610842987	-5.05244180145511	4.36197290548479e-07	5.04729542682769e-06
B9J08_02381	1755.09354825146	0.432656879479337	0.0856696189172338	5.05029536663786	4.41127442783526e-07	5.09368660967783e-06
B9J08_02710	2155.66633350522	-0.408475629923221	0.0810565835351342	-5.03938868514198	4.67021162039379e-07	5.38144593174959e-06
B9J08_03882	23032.6083049339	-0.279838656558249	0.0556767695060036	-5.02612955171679	5.00477855416707e-07	5.75497509004117e-06
B9J08_01346	31180.4883496575	-0.322079352210199	0.0641964614375807	-5.01708887059705	5.24603048651403e-07	6.01987440267824e-06
B9J08_04155	2981.95284166246	-0.354987706146336	0.070828075259636	-5.01196319178589	5.38775116088109e-07	6.16970013888888e-06
B9J08_01200	3098.30775998465	0.355311117876148	0.0710055521369123	5.00399063429631	5.6155486481394e-07	6.41727263902046e-06
B9J08_03331	41963.5642109998	-0.243779240036462	0.0488045155675444	-4.99501403100861	5.88314899648754e-07	6.70921589681908e-06
B9J08_03431	1192.64080703637	0.473369428410548	0.0947998254668521	4.99335759406084	5.93385427150391e-07	6.75311686742554e-06
B9J08_03195	1712.92599781733	-0.518330845032823	0.104241946770017	-4.97238262612639	6.61350125500619e-07	7.4986340530842e-06
B9J08_02539	4069.59450154278	0.423793801183802	0.0852307998875415	4.97230815319087	6.6160430625657e-07	7.4986340530842e-06
B9J08_00261	636.273616011827	0.593056100022889	0.119656376030204	4.95632677253394	7.18383571457068e-07	8.12552051887331e-06
B9J08_03340	11649.5020987811	0.260874525990951	0.0526704213088148	4.95296068473429	7.30927468595688e-07	8.25053026286275e-06
B9J08_01993	953.441290127615	0.503975902725194	0.101835945389899	4.94889992718802	7.46341056567642e-07	8.4073571973027e-06
B9J08_02355	1399.08976612922	0.422655981318864	0.0854994725551059	4.94337530616291	7.67814672937914e-07	8.63167267483659e-06
B9J08_03926	773.801047751877	0.530639607725388	0.107614934151661	4.93091049033735	8.18472333796398e-07	9.18249589904235e-06
B9J08_05376	743.165227962193	0.555403108371207	0.112663552166888	4.92974966339149	8.23350531438824e-07	9.19990260482452e-06
B9J08_03779	35.7078007732706	2.7268907280961	0.553135036249959	4.9298824868939	8.2279094547921e-07	9.19990260482452e-06
B9J08_04539	1138.81124505558	-0.464563011648355	0.094575446029948	-4.91208903737284	9.01111133341508e-07	1.00484791905481e-05
B9J08_02019	4226.91558970408	-0.306371730748958	0.0630578670922687	-4.85858061612935	1.18230268337494e-06	1.31575777499935e-05
B9J08_03639	2903.5811975822	-0.369290627401025	0.0760202639492275	-4.8577919651485	1.18702028887444e-06	1.31835526461136e-05
B9J08_05306	851.271671692609	-0.505176103254872	0.104160923356437	-4.84995799745524	1.2348762092374e-06	1.36875757781404e-05
B9J08_02633	22.128399703277	-3.64817730773997	0.752456752939676	-4.84835479711941	1.24489602366381e-06	1.37710398137691e-05
B9J08_00623	2162.46170637027	-0.373796994025833	0.0771236133430264	-4.84672563723484	1.25515818104368e-06	1.38568461064922e-05
B9J08_00798	2485.15083169564	-0.349932672963139	0.0722980101140937	-4.84014252136275	1.29746046543926e-06	1.42953263632362e-05
B9J08_04033	64654.5987017849	-0.228294139304544	0.0472302967960371	-4.83363761804052	1.34060527691676e-06	1.47413276076076e-05
B9J08_02960	15957.2665179001	-0.272334690351306	0.0563905953767921	-4.82943456318582	1.36921300121186e-06	1.50260260113151e-05
B9J08_05287	42089.478328891	-0.235758863121445	0.0488788320913381	-4.82333257637766	1.41179276174683e-06	1.54626252776668e-05
B9J08_04850	378.918216594987	0.7056631875116	0.146413057118843	4.81967388290249	1.43793078350192e-06	1.56867754705111e-05
B9J08_04027	43433.590810198	-0.257066505809023	0.0533349198222741	-4.81985360933578	1.43663600640837e-06	1.56867754705111e-05
B9J08_03059	87.4325049178935	1.47933399388882	0.307170361113876	4.81600499645991	1.46460857456965e-06	1.59463583187889e-05
B9J08_02572	27062.3643938163	-0.254040885749774	0.0528367836682559	-4.80803084731292	1.5242424991961e-06	1.65630358802625e-05
B9J08_01613	38934.2092613786	-0.252958219930548	0.0527806314125699	-4.79263345588369	1.64606202677555e-06	1.78517040590109e-05
B9J08_03222	1716.51566127925	-0.384039002596311	0.0801497487313584	-4.7915184847742	1.6552376726282e-06	1.79160852589169e-05
B9J08_03668	12024.5630130463	-0.277463367443537	0.057942172421195	-4.7886255528459	1.67927486663275e-06	1.81407603268471e-05
B9J08_04520	38640.5187533014	-0.237688686218972	0.0497194750194836	-4.78059525217892	1.74776924305033e-06	1.88438824236089e-05
B9J08_01652	946.40535992291	-0.476969885235541	0.100310250023435	-4.7549466293236	1.98498848805137e-06	2.13598663957434e-05
B9J08_03612	749.685696381363	-0.528665590052173	0.111236237864518	-4.75263817080968	2.00779469882914e-06	2.15633252023767e-05
B9J08_02562	36341.6858356045	-0.254013706720818	0.0537097326499784	-4.72937946603091	2.252071105852e-06	2.41399327257121e-05
B9J08_00416	1592.29813066034	0.408951785603069	0.0865690572574233	4.7239949071757	2.31256209978185e-06	2.4740388730935e-05
B9J08_01958	23.6739611287934	3.34585873048784	0.709256506910665	4.71741703866986	2.38857749548858e-06	2.550428982152e-05
B9J08_02226	463.840274715202	-0.681816544410989	0.144716011461904	-4.7114105586753	2.46008062837954e-06	2.62171598373165e-05
B9J08_04136	32948.9102170333	-0.276876890583886	0.0587866690115205	-4.70985846348303	2.47888874174797e-06	2.63667954434769e-05
B9J08_05203	57.3308335233546	-1.85746854170236	0.395157469216172	-4.70057808950646	2.59426024596539e-06	2.75409854518898e-05
B9J08_04035	18968.169013982	-0.293093682519283	0.0623896594851732	-4.69779263002608	2.62988238551043e-06	2.78656694909161e-05
B9J08_03894	4177.31743801119	-0.295250327208442	0.062906828840662	-4.69345431409819	2.68630003557815e-06	2.84090353666974e-05
B9J08_04417	5745.30065388723	-0.275016817661973	0.0586212144440021	-4.69142136119821	2.71313553889419e-06	2.86380776061523e-05
B9J08_00735	5253.80048850961	-0.287798609399322	0.0613510797142737	-4.69101131943671	2.71857928643313e-06	2.86408800633555e-05
B9J08_01846	1209.71863756085	-0.421910389168502	0.0899577745159984	-4.69009367382103	2.73080002728282e-06	2.87149333667325e-05
B9J08_00926	674.993991450192	-0.583479737046209	0.124471559708709	-4.68765506282463	2.7635329570491e-06	2.90039863101301e-05
B9J08_00492	10909.5453781912	-0.248028181557467	0.0529171387849483	-4.68710492011741	2.77096927859596e-06	2.90269528028679e-05
B9J08_00489	6441.3936926258	0.292912503112642	0.0625001944008545	4.68658547258274	2.77800831318303e-06	2.90456786015413e-05
B9J08_00729	3267.11647582279	-0.328518050941874	0.0701454065047299	-4.68338651540529	2.82173707848464e-06	2.94472222284879e-05
B9J08_01777	36634.1801199967	-0.240532120301344	0.0513648597287417	-4.68281470194986	2.8296228602967e-06	2.9473905913938e-05
B9J08_05418	1001.00329802624	0.455778474868042	0.0973653151977988	4.68111743840322	2.85315426386163e-06	2.96631508146968e-05
B9J08_02729	69955.3431128433	-0.222288680281207	0.0475842973720104	-4.67147131633302	2.99049864906101e-06	3.10327355121134e-05
B9J08_01382	1435.35994793668	-0.394874541925606	0.0845393700285648	-4.67089525025066	2.99889846641134e-06	3.10616243777549e-05
B9J08_02134	2051.78026599101	-0.383199386392452	0.0820970547456888	-4.66763865743399	3.04681127900738e-06	3.14989031480183e-05
B9J08_02897	671.263665118163	0.529305091630835	0.113446289640624	4.66568887627416	3.07584808741698e-06	3.17397682304167e-05
B9J08_00378	1980.42063160849	-0.370263430510222	0.0795350901644022	-4.65534683804184	3.23435768872046e-06	3.33132818925752e-05
B9J08_05359	14485.7544774823	-0.259674173793002	0.055857098563151	-4.64890193856774	3.33706808147901e-06	3.43072928599636e-05
B9J08_03589	53.6511585373421	-1.90209219890819	0.409521447154071	-4.64467053466088	3.40619590008444e-06	3.48882768951241e-05
B9J08_01542	5244.20155107159	-0.286616498769438	0.0617070077759718	-4.64479658145155	3.40411699319877e-06	3.48882768951241e-05
B9J08_00833	922.8378412936	-0.481752999303716	0.10387880773634	-4.63764467268895	3.52401936086135e-06	3.60283753880298e-05
B9J08_05145	26767.5875083531	-0.272927479218284	0.0589897343828414	-4.62669449309594	3.7154795204022e-06	3.79157144415952e-05
B9J08_03561	9712.03202905244	-0.251368959271052	0.0543751082096544	-4.62286821208424	3.7847018629213e-06	3.85509871156864e-05
B9J08_00172	2447.51514298883	-0.360739591249536	0.0780457842375053	-4.62215345484581	3.79776904778811e-06	3.86129790502133e-05
B9J08_03658	2441.04111201866	-0.363929495974817	0.0788935914027628	-4.61291582122186	3.97059139012062e-06	4.02960384931324e-05
B9J08_02606	4335.86901910816	-0.289906539973161	0.0629572392766771	-4.60481659145048	4.12829535614941e-06	4.18197831774037e-05
B9J08_00491	938.480870188534	-0.495879529658532	0.107699209008462	-4.60430057215713	4.13854382627939e-06	4.18469577754137e-05
B9J08_01230	18524.9633196053	-0.284297033845995	0.0617558056249053	-4.60356772888315	4.15314046695688e-06	4.19179195670411e-05
B9J08_02127	840.930034716889	0.496988657163901	0.108053844794528	4.59945370855577	4.23600305890442e-06	4.25987871250915e-05
B9J08_02113	1003.60176952743	-0.466592201212348	0.101441364496884	-4.59962465535131	4.23252860964966e-06	4.25987871250915e-05
B9J08_01895	38255.3309273611	0.222722010429441	0.0484664151415246	4.59538857534811	4.31943564918945e-06	4.33589810810651e-05
B9J08_00338	2124.12354199922	-0.374105543605557	0.0817112156684007	-4.57838670671291	4.68575836958402e-06	4.69509593155239e-05
B9J08_02561	1983.92808884987	-0.372139918005507	0.0815864974014616	-4.56129298178255	5.08395845216415e-06	5.0848777936564e-05
B9J08_02144	52150.4558612821	-0.252699418065748	0.0554736086556031	-4.55530880701457	5.23086749516133e-06	5.22236969598147e-05
B9J08_01092	368.723899309275	0.706076165056691	0.155017130112238	4.55482671202511	5.24287802965165e-06	5.22492943819878e-05
B9J08_02807	50.6798850792826	-1.93855594400966	0.425973729115944	-4.55088145466833	5.34216417481785e-06	5.31430036887006e-05
B9J08_03489	2919.72566219457	-0.308100677016391	0.0677978251488079	-4.54440354598615	5.50910262545229e-06	5.47052901640514e-05
B9J08_00937	5242.40787181747	-0.27599484381995	0.0608244168739192	-4.53756662216836	5.69070554596531e-06	5.64073340048999e-05
B9J08_02111	1786.03506310792	0.374553773254298	0.0825649415785407	4.53647475663748	5.72023326763314e-06	5.65985871257226e-05
B9J08_01827	879.709931360626	-0.471530413332304	0.104065167103792	-4.53110705969473	5.86753920398047e-06	5.79524273878857e-05
B9J08_02230	1196.85604429513	-0.411064045467836	0.0907494207910148	-4.52966026542988	5.90786063441748e-06	5.8246661620255e-05
B9J08_05345	508.490045364187	-0.619860340929746	0.137100198305311	-4.52122133003314	6.14838609823195e-06	6.05101841802864e-05
B9J08_04316	2156.37251305053	0.334951516681791	0.0741607717335571	4.51655921118507	6.28525481401343e-06	6.17473257128034e-05
B9J08_00968	614.757794770395	-0.541230523734565	0.120060424786993	-4.50798441447125	6.54463823258937e-06	6.41815497596663e-05
B9J08_00764	3483.1337778773	-0.305913940827959	0.0679724207008642	-4.50055975164159	6.77747491708843e-06	6.63472810025064e-05
B9J08_02602	361.117942016935	-0.674209879618351	0.150118323976589	-4.49118976124124	7.0826411479883e-06	6.92121699461542e-05
B9J08_01312	2431.43715381869	-0.330837709693596	0.0738941767011135	-4.47718243119164	7.56346149682058e-06	7.37804330492321e-05
B9J08_04161	840.933097335256	0.463972737021214	0.103654906659359	4.47612903213513	7.60085582156663e-06	7.40146717413469e-05
B9J08_00949	569.242313869644	-0.560601904736888	0.125393745569952	-4.47073258868522	7.79521167644286e-06	7.57738414453523e-05
B9J08_02213	42665.8982310081	-0.262916394665274	0.0588482140456565	-4.46770388751805	7.90636432817346e-06	7.67194756125042e-05
B9J08_04163	944.450657155668	-0.495026482295812	0.111261151929704	-4.44923024532924	8.61785926777073e-06	8.34770220841329e-05
B9J08_00118	3529.78954795962	0.296593086182964	0.0666781035288414	4.44813320244889	8.66198106270823e-06	8.37577224787399e-05
B9J08_02037	1121.3882440111	0.418127828332173	0.0940882338384771	4.44399699382157	8.83028386183942e-06	8.52361257239683e-05
B9J08_01304	1545.20056154483	-0.371538033168096	0.0838575590929371	-4.43058487734338	9.39778478255867e-06	9.05560063281045e-05
B9J08_05542	6233.76654208421	0.254782327243242	0.0576390784821298	4.42030535450412	9.85615291058333e-06	9.48076204320633e-05
B9J08_02639	10964.6517687212	-0.239235192194684	0.0541393892983469	-4.4188749687649	9.9216022462746e-06	9.52714965696958e-05
B9J08_04402	569.225534170589	-1.53451015777477	0.347912957702126	-4.41061513750395	1.03077379928938e-05	9.88077969474795e-05
B9J08_03109	702.279911442566	-0.492775760322252	0.111828911234117	-4.40651487065462	1.05047099716195e-05	0.000100399683360817
B9J08_02836	53249.787755891	-0.223363112489513	0.0506905716327876	-4.40640350453332	1.05101096846706e-05	0.000100399683360817
B9J08_02308	294.260071364659	0.720951592542411	0.163779498030479	4.40196484427033	1.07274942063269e-05	0.000102299604233093
B9J08_01523	9661.40474733712	-0.237904369278368	0.0540805221264375	-4.3990767826198	1.08712361222223e-05	0.000103314101360845
B9J08_00498	3300.38879132797	-0.289132247037329	0.0657254225630554	-4.39909301092652	1.08704233082339e-05	0.000103314101360845
B9J08_02872	38142.44796072	-0.216382640776011	0.0492321517441873	-4.39514896485423	1.10696815570293e-05	0.000105019568939844
B9J08_00461	80509.8668259699	-0.221858225021226	0.0505059029658385	-4.39271871193528	1.1194192269493e-05	0.000106018968223572
B9J08_04542	1916.20794276338	0.34482185481158	0.0785119117212288	4.39196864847635	1.12328899888704e-05	0.000106203614578533
B9J08_01017	352.251803470939	0.664556053315104	0.15144159581693	4.38820028097466	1.1429250261521e-05	0.000107875739243127
B9J08_02956	26773.7953397006	-0.305514556717706	0.0697000310029098	-4.38327719976124	1.16907203958161e-05	0.000110155663559214
B9J08_04207	79158.3133007445	-0.206062744347772	0.0470399358582121	-4.38059152480324	1.1835756452046e-05	0.000111332600231746
B9J08_00628	5203.61196274106	-0.265473658900737	0.0606230387764022	-4.37908861480685	1.1917666742079e-05	0.000111912758489709
B9J08_00321	81896.9445552507	-0.217392152830263	0.0497197945475703	-4.37234616129133	1.22918426880244e-05	0.00011523081679231
B9J08_01588	10623.1631899107	-0.233165299084799	0.0534404296467472	-4.36308803327504	1.28239309134894e-05	0.000120015502339272
B9J08_02398	987.275637930182	0.483194252518254	0.110764067319175	4.3623736850137	1.28658870473044e-05	0.000120204765639595
B9J08_04111	30460.1465363505	0.213175633140501	0.0489543876728438	4.35457664316277	1.33324329085643e-05	0.000124353602727267
B9J08_02781	43986.4450763953	-0.255773651763364	0.058779793336629	-4.35138739427953	1.35278792773947e-05	0.000125964141891027
B9J08_01337	3499.01801058728	-0.305190268673243	0.0703536331551059	-4.33794610152402	1.43820411410325e-05	0.000133468237501763
B9J08_00003	107.383539154439	-1.19100498508764	0.274554997542478	-4.33794684397747	1.43819925696604e-05	0.000133468237501763
B9J08_04889	23.5496833445774	-2.78947821673829	0.643425364405419	-4.33535631489444	1.45524205590094e-05	0.000134823179416886
B9J08_02167	1381.63230556595	0.390151994791954	0.0900869478056073	4.33083819904563	1.48542805985386e-05	0.000137389675569426
B9J08_04721	62906.6279345386	-0.21791769715868	0.0503816592938563	-4.32533783549391	1.52298272891695e-05	0.000140628004568274
B9J08_00569	4261.78458931215	-0.310880278669368	0.0719505416550232	-4.32074966384446	1.5550000681854e-05	0.000143345089618891
B9J08_00165	3661.83197746835	-0.32041014988702	0.0742104022958548	-4.31759079555505	1.5774152736383e-05	0.000145169448893402
B9J08_03631	7824.0484762971	-0.334230503448143	0.0774625184935626	-4.31473840443128	1.59792007958195e-05	0.000146812225251956
B9J08_00715	4301.49991378369	-0.273012791999486	0.0634402199054415	-4.30346541053003	1.68147109891696e-05	0.000154232448559033
B9J08_00151	3095.98007712294	0.292154529710737	0.0679240894712603	4.30119169774593	1.69882012677031e-05	0.000155565796708056
B9J08_03672	4987.50444300214	0.272939329948781	0.0634957573818133	4.29854436269717	1.71923492768296e-05	0.000157175014628338
B9J08_05086	1083.06757717234	0.40278097659619	0.09371756962051	4.29781713532659	1.72488370729117e-05	0.00015743121757471
B9J08_03991	1230.84598935752	-0.399300042681096	0.0931359505055585	-4.28728155469101	1.80872980310094e-05	0.000164811936424239
B9J08_00503	305.980778493391	-0.692587773883242	0.161849394539444	-4.27921139806581	1.87556660696248e-05	0.000170621034590616
B9J08_00828	5320.20629107857	-0.255470384088034	0.0600436859207145	-4.25474186287253	2.09290323850691e-05	0.000190079602827286
B9J08_04793	369.633282019573	-0.648497556529264	0.152731178406707	-4.2460063707646	2.17614445248254e-05	0.000196670832788904
B9J08_03145	32157.7170487979	-0.239437745495653	0.0563868977175247	-4.24633656377299	2.17294150907026e-05	0.000196670832788904
B9J08_01480	9092.58579711953	-0.280706123919446	0.0661074360850068	-4.24621102470968	2.17415873598193e-05	0.000196670832788904
B9J08_05255	1792.86158894937	-0.33319295575421	0.0785298404659726	-4.24288339027741	2.20666111007831e-05	0.000199103468186674
B9J08_05186	12675.0884446343	-0.223785902856997	0.0527679387027542	-4.24094456517622	2.22581109347226e-05	0.000200504253387542
B9J08_04048	7834.1517143582	-0.241922564950652	0.0571173392670969	-4.23553631970414	2.28006844466761e-05	0.000205057862885472
B9J08_02419	25039.9802508532	-0.211117659020604	0.049926860565466	-4.22853863891119	2.35214124902318e-05	0.000211196318966676
B9J08_04559	440.693725888286	0.578097596872048	0.136916967938545	4.22224948139027	2.4187616951285e-05	0.000216475257860125
B9J08_00898	2477.17484513572	0.302568436516446	0.0716548949822089	4.22257874485156	2.41522975736255e-05	0.000216475257860125
B9J08_04612	4868.58854048574	-0.258231821264768	0.0612251409104171	-4.21774155885743	2.46761410263994e-05	0.000220490688234273
B9J08_02583	4727.11399815779	0.262384272540076	0.0622761175353975	4.21324069200264	2.51732556641938e-05	0.000224569801739768
B9J08_00873	218.737055424052	0.792852233686309	0.189625216340736	4.18115400992682	2.9003332468234e-05	0.000258321146347508
B9J08_04682	1687.23671951799	-0.340358691220338	0.0814612978288647	-4.17816435892501	2.9387126697878e-05	0.000261318645925986
B9J08_00166	1928.12500165966	-0.401626644844402	0.0961339331172072	-4.17778230663605	2.9436518819149e-05	0.000261337697574178
B9J08_02465	26135.1368258279	0.207515751877261	0.0498040250659832	4.16664620183473	3.0911367400062e-05	0.000273991623541255
B9J08_05392	815.538630721506	-0.504425148812518	0.121427250768996	-4.15413464126055	3.26520879385435e-05	0.000288496323303649
B9J08_02813	1805.33241617799	-0.327307470329328	0.078790596776965	-4.15414381561098	3.26507780537943e-05	0.000288496323303649
B9J08_00546	1489.81887410209	-0.372307296436458	0.0898529643647509	-4.14351712343186	3.42019520234213e-05	0.000301708128614901
B9J08_02701	1889.94799833591	-0.332482198811993	0.0803750725290584	-4.13663326638727	3.52438703893592e-05	0.000310404215164882
B9J08_00816	3048.80867268295	-0.364778978923902	0.0881910538771944	-4.1362356258023	3.53049676855807e-05	0.000310447974990376
B9J08_00746	2937.62074903833	-0.28726322242187	0.069473926894342	-4.13483496994129	3.55209799143397e-05	0.000311851650644782
B9J08_01010	2624.21431889576	-0.297743146894035	0.0720206315885589	-4.1341368483824	3.56291138525499e-05	0.000312305275306582
B9J08_05336	1856.00725530635	-0.337752265384403	0.0818371182433183	-4.12712803962864	3.67321895424087e-05	0.000320956935796308
B9J08_03322	1860.18510238581	0.34778803660734	0.0842681933624787	4.12715667359016	3.67276177497713e-05	0.000320956935796308
B9J08_00528	1167.20858725699	0.40140622679865	0.0976907805436119	4.10894686852718	3.97467498203645e-05	0.000346672980905315
B9J08_00392	66941.9645868391	-0.210252769459891	0.0511734007248198	-4.10863390905963	3.98006405487027e-05	0.000346672980905315
B9J08_02512	45678.9574608809	-0.22295284544111	0.0543467062544384	-4.10241688608134	4.0885674455534e-05	0.000355563939329494
B9J08_05387	90.9919180069905	1.23696341270697	0.302599450508861	4.08779133811001	4.35499588198209e-05	0.000378139438355462
B9J08_03820	646.87280554914	0.476358292491834	0.116670065624705	4.08295212607617	4.4467186128832e-05	0.000385498442756379
B9J08_00436	5236.02273313593	0.280585010784743	0.0688049900821991	4.07797472900638	4.54297029536641e-05	0.000393226427287505
B9J08_03546	54714.4377322114	0.23817634185882	0.058431086238724	4.07619226665983	4.57791709887294e-05	0.00039563217927916
B9J08_00811	1344.60435823037	0.356633206005892	0.0875655978408845	4.07275476670564	4.64603356819759e-05	0.000400892537686441
B9J08_03850	2296.05571343658	0.321730407981959	0.07901652258798	4.07168523043686	4.66742246951664e-05	0.000402110804967236
B9J08_05551	808.236073125067	-0.445024557113566	0.109373084505873	-4.06886720918682	4.72422608432782e-05	0.000406371609213331
B9J08_04114	3008.06169796441	0.289736586772426	0.0713176469834041	4.06262123089744	4.85247321466966e-05	0.000416755114135681
B9J08_02304	60194.2691248356	-0.214731474742902	0.0529980489216353	-4.05168641321894	5.0849788701006e-05	0.00043604679272134
B9J08_03243	432.786149279978	-0.554117496685475	0.136958563525973	-4.0458769602997	5.2127608575725e-05	0.000446312388594946
B9J08_02246	1156.75362652528	0.431045619651728	0.106556704334145	4.04522289184204	5.22733653232534e-05	0.000446868599077148
B9J08_00577	63361.0197805193	-0.203412545221608	0.0504007361576168	-4.03590424920545	5.4392397307654e-05	0.000464265971463942
B9J08_04533	44935.1664235005	-0.194207125975803	0.0481717974054115	-4.03155241107916	5.54096363841738e-05	0.000472147988931226
B9J08_04264	1538.36824685594	0.354880698991853	0.0880329370869045	4.03122638793161	5.54865653236841e-05	0.000472147988931226
B9J08_03169	2695.11577624631	-0.282191848624629	0.0700170055178204	-4.03033301035428	5.56978869466388e-05	0.000473218145471366
B9J08_00848	538.768707374123	-0.534200114462907	0.13278343232364	-4.02309313078211	5.74387702855749e-05	0.000487260488419501
B9J08_01144	111.801100457753	1.12492664708826	0.279696738423312	4.02195125130748	5.77180051423154e-05	0.000488879458563777
B9J08_03457	16642.3419868617	0.211740189952687	0.0529369958517132	3.99985277868455	6.33819005947508e-05	0.000535214186548957
B9J08_00849	1551.26306231308	-0.34415295067239	0.0860413091482912	-3.99985720904416	6.33807140746986e-05	0.000535214186548957
B9J08_03180	1320.4903843812	-0.380259487162057	0.095098279431071	-3.99859481619408	6.37196546704544e-05	0.000537246051802261
B9J08_04900	41163.9292366948	-0.199943318155664	0.0500465704577669	-3.99514524825214	6.46546023703946e-05	0.000544299247657006
B9J08_04234	3864.5309768684	-0.255483775108393	0.0639684698128194	-3.99390161834376	6.49948405458155e-05	0.00054633201072782
B9J08_00985	65572.3796197222	-0.200702227514634	0.0502929659699559	-3.99066198709636	6.58891288870057e-05	0.000553008758534186
B9J08_05228	167.28900511558	0.861676043424735	0.215951534711201	3.9901362339336	6.60353548910725e-05	0.000553396284700791
B9J08_03251	2792.66181696214	-0.275584938024356	0.0690797113463651	-3.98937593474552	6.62473576956518e-05	0.000554333033910212
B9J08_05586	90.6739180071764	1.17834330997899	0.29612271058267	3.97923991598079	6.91359464798642e-05	0.000577629788489621
B9J08_03761	2127.55473053948	0.298435084619962	0.0752390917300279	3.9664897297113	7.29389170607257e-05	0.000607567997383846
B9J08_00376	394.116018782868	0.580903511900453	0.146448367800363	3.96660967018995	7.29022381744897e-05	0.000607567997383846
B9J08_03149	2263.17122105597	-0.307293746073278	0.0775937785833029	-3.96028846234592	7.48592807997862e-05	0.000621691714870296
B9J08_01996	2928.2307163744	0.270855197041996	0.0683890392848485	3.96050595057859	7.47911291282449e-05	0.000621691714870296
B9J08_02513	3469.88151344851	-0.280542834401432	0.0708750635573057	-3.9582727735348	7.54937134674298e-05	0.000626020583490786
B9J08_03725	2496.72453609034	0.314114390045343	0.079419670451583	3.95512079386981	7.64959920539621e-05	0.000631783202070754
B9J08_03527	4518.48376686934	0.241810468561449	0.0611374920803772	3.95519116557057	7.64734783154817e-05	0.000631783202070754
B9J08_02040	2956.50623784	-0.303502866649784	0.0767388289711425	-3.95501039980576	7.65313226156943e-05	0.000631783202070754
B9J08_05220	195.874935452416	0.790698659933902	0.200002140468406	3.95345098848483	7.70320485372808e-05	0.000634969091594188
B9J08_04404	2310.75188434564	-0.319013240409043	0.0807006304758933	-3.95304520581581	7.71628520750957e-05	0.00063510079587404
B9J08_00029	1586.32645131824	0.374974666340171	0.0950290946072673	3.94589328552326	7.95030190192237e-05	0.000653389596129757
B9J08_01520	8595.80012622515	-0.221437105130307	0.056295647747997	-3.93346757677525	8.37291377089671e-05	0.00068710068348412
B9J08_02087	93.570862545181	1.14051463215561	0.290657126927946	3.92391765586518	8.71205241372376e-05	0.000713872028152683
B9J08_01924	56478.5845699569	-0.203667803446524	0.0519523522868009	-3.92028068954769	8.84458929871748e-05	0.000723660109633231
B9J08_00688	2149.0589597957	-0.294759315232154	0.075227890059366	-3.91821856228515	8.92058037707239e-05	0.000728799557837332
B9J08_03828	866.51084671421	-0.405446662316419	0.103495841948084	-3.91751644012715	8.94659460594641e-05	0.000729610294382331
B9J08_03062	16727.9068221778	-0.223172769463035	0.0569760971363526	-3.91695431382301	8.96747350612126e-05	0.000729610294382331
B9J08_01279	6728.68936778529	0.246361613735747	0.0628973428211748	3.91688428613249	8.97007774688095e-05	0.000729610294382331
B9J08_05573	361.786062542782	-0.596152992301415	0.152326782986811	-3.91364526061732	9.09131674287433e-05	0.000738385798896299
B9J08_05111	14372.516119699	-0.212926118968954	0.0545780511457954	-3.90131407221119	9.56719284715001e-05	0.000774760521780186
B9J08_02719	1445.33567708001	-0.332978452642647	0.0853481337293376	-3.90141457221096	9.56322106548076e-05	0.000774760521780186
B9J08_03513	2499.12567838713	-0.278209215559948	0.0713582439451999	-3.89876768511289	9.66834785325075e-05	0.000781807485034063
B9J08_04214	744.991109241533	0.430027358361446	0.110387889374049	3.89560268612711	9.79548502344022e-05	0.000790931790724786
B9J08_04391	5046.0404487377	-0.24582544965391	0.0631622610827494	-3.89196721966384	9.94346821689029e-05	0.000801710243551315
B9J08_01963	72.2838089880342	1.27668620868219	0.328211388198072	3.88982909974995	0.000100314842910699	0.000807629397582352
B9J08_01323	347.01065697372	0.619358626632412	0.159412100286053	3.88526733868396	0.000102217343903427	0.000821750187688744
B9J08_04219	64668.9366561103	-0.196568356476513	0.0506254588308846	-3.8827965418181	0.000103261967022969	0.000828705833959385
B9J08_00245	1645.4444083457	-0.337863012306018	0.0870217192674294	-3.88251364314832	0.000103382213963474	0.000828705833959385
B9J08_02675	754.899453644322	-0.425421852542567	0.109615133399798	-3.88105035634935	0.00010400630100691	0.000832501954948223
B9J08_04815	1122.12117136611	-0.389042285732736	0.100488422297939	-3.8715135220181	0.000108161655909846	0.000864511732423927
B9J08_05432	46737.4700495856	-0.185461518276174	0.0479725026724454	-3.86599630922945	0.000110636610740905	0.000883017451670919
B9J08_04156	1538.87209623946	0.319543881483187	0.0826880301060451	3.86445149404794	0.000111339111840259	0.000887343843787423
B9J08_00707	1319.00817852771	-0.356511374438991	0.0922932224500805	-3.86281207844726	0.000112089233429563	0.000892036762732248
B9J08_02195	5712.59352215341	0.229608691789496	0.0594674192466986	3.86108384554191	0.000112885153964915	0.000897080153132108
B9J08_02629	922.250545501054	-0.397779787109078	0.103069711690037	-3.85932763938768	0.000113699416381313	0.000902254622675815
B9J08_00769	1297.91921567728	-0.344026379971569	0.0892093256230278	-3.85639480591214	0.000115071583471305	0.000911835140658724
B9J08_04869	6208.54769538814	0.22213422325853	0.0576590229955372	3.85254920597116	0.000116894476590378	0.000924954721060629
B9J08_01134	66322.5896650972	-0.198541532754586	0.0515408874657952	-3.85211707668688	0.000117101008211746	0.000925265252027378
B9J08_03541	722.201678107088	0.424997073304856	0.110380028345693	3.8503077021672	0.000117969522358433	0.000930798043030661
B9J08_02880	1243.29402628413	0.358371931420801	0.0932925321066525	3.84137854690351	0.000122345267680624	0.000963948255757165
B9J08_00702	628.760140901305	-0.45781135033198	0.119394711059044	-3.83443576579854	0.000125852854412726	0.000990173737918619
B9J08_04028	54063.1573785176	-0.194535606343765	0.0508066175309634	-3.82894228739411	0.000128695179403473	0.00101109806431905
B9J08_04496	67.5837391435937	1.3376855657155	0.349492731418666	3.82750611231756	0.000129448170572114	0.00101557139210548
B9J08_01307	152.655094459082	-0.884742850408761	0.231278692473676	-3.82544038512956	0.000130538521835	0.00102267502021159
B9J08_01111	19333.4174671887	-0.1975844245022	0.0517555945573358	-3.81764379662014	0.000134732260729836	0.00105403696477613
B9J08_04549	8437.77133091224	0.230518220726302	0.0604091427072287	3.81594921556002	0.000135660406306966	0.00105979902158733
B9J08_04848	58.5074768837648	1.48059930543639	0.388409971234837	3.81194978267228	0.000137874891895661	0.00107557972789126
B9J08_05538	1281.40998612277	-0.351542424515615	0.0924779585186823	-3.80136445642446	0.000143901452227143	0.00111943591036333
B9J08_04108	23400.0152748232	0.191417450526056	0.0503505865905558	3.80169256184913	0.00014371098322609	0.00111943591036333
B9J08_01440	77636.5061740668	-0.194482535831509	0.0511720173908322	-3.80056417057248	0.000144367024995624	0.00112148035849831
B9J08_04083	2854.52245763693	-0.34631570687788	0.0912780153417799	-3.79407577587156	0.000148194415065569	0.00114959790985647
B9J08_02687	3599.00507326962	-0.254731380023884	0.0671833463137612	-3.79158517699061	0.000149688791576806	0.00115956401430156
B9J08_05178	4475.78645495564	0.243757167793036	0.0643371783348126	3.78874507869332	0.000151410180078236	0.00117125833008773
B9J08_03031	2435.53261389959	-0.288145026768672	0.0760795718650104	-3.78741651280495	0.000152221808162233	0.00117589220802418
B9J08_05373	25891.7774130592	0.191429952298402	0.0506147380509166	3.78209904209778	0.0001555114597759	0.00119962884800628
B9J08_03385	5862.63292246501	-0.237997764127352	0.0630826125330868	-3.77279498376073	0.000161428932798661	0.00124354237786824
B9J08_04689	2743.79301608853	0.266645494825181	0.0707137187054503	3.77077460649272	0.000162741611901946	0.00125191078641122
B9J08_04609	2067.04540506104	-0.311584809584055	0.0826568720582385	-3.76961771992192	0.000163497779312178	0.00125598085746619
B9J08_02425	2145.99311722774	-0.323107538034753	0.0857800246103956	-3.76669905962694	0.000165420198706321	0.00126898629548497
B9J08_02563	54032.3055752595	-0.20008551774272	0.0531701789610036	-3.76311537129616	0.000167809737408754	0.00128553415181138
B9J08_01358	1656.68861648296	0.31233706621391	0.0831329462139235	3.75707923799768	0.000171908075820597	0.00131510866855286
B9J08_02895	1966.69126718121	0.300914918788587	0.0801598416089028	3.75393604514266	0.000174079296672069	0.0013298792678083
B9J08_05389	2181.24246939528	-0.276675543499413	0.0737886740652489	-3.74956654262087	0.000177140489355724	0.00135139868500208
B9J08_05191	3842.18511935927	-0.237287772333456	0.063379630387169	-3.74391221412825	0.000181176975982643	0.0013802890553168
B9J08_01887	2116.61431117142	-0.278534414688861	0.0745074724843685	-3.73834201324299	0.000185237840174005	0.00140928541128256
B9J08_02432	3110.34640235958	0.271702527183009	0.0726873657631198	3.73796084547152	0.000185518829188364	0.00140948440142973
B9J08_02669	68596.2124036534	-0.176305406159231	0.047320400518181	-3.72578009122075	0.000194712105941784	0.00147346828253477
B9J08_01807	341.203511487495	0.595847460947682	0.159897748916197	3.72642807660769	0.000194212456630583	0.00147346828253477
B9J08_00275	2339.17908795282	-0.269161478476565	0.072243679040252	-3.72574434265171	0.000194739706116962	0.00147346828253477
B9J08_03830	3748.07211386933	-0.259400291474124	0.0697108202114801	-3.72109079605128	0.000198364096029942	0.00149884127751586
B9J08_04380	589.918329581172	0.444867892096415	0.119655464151885	3.71790703625303	0.000200880160791193	0.00151578194998102
B9J08_03718	51.0615476336404	1.47154893494704	0.395942095542903	3.71657611431616	0.000201940823909218	0.0015196390435944
B9J08_03190	5676.37735044682	0.220394767740246	0.0592992420770252	3.71665404178303	0.000201878575773136	0.0015196390435944
B9J08_03047	53117.841043076	-0.182465331247114	0.0491660193387516	-3.71120814133714	0.00020627240352706	0.00154802261045884
B9J08_00819	79509.6206359938	-0.191727453315315	0.051660179761376	-3.71131990250373	0.00020618133723131	0.00154802261045884
B9J08_00858	880.869971243352	0.39337495185568	0.106043195052736	3.70957279870767	0.000207609257364244	0.00155594417680438
B9J08_01313	693.934949864849	-0.976482752607517	0.26382439386577	-3.70126029022296	0.000214531266877631	0.0016056460583223
B9J08_02277	209.943946926978	0.710634008884899	0.192050752079896	3.70024069777797	0.000215395070651578	0.00160993261591064
B9J08_02437	208.805196304172	0.713794256857818	0.193110197068625	3.69630536187666	0.00021875983067768	0.00163287533532827
B9J08_02441	458.519055070122	-0.560908277283055	0.151885723521274	-3.69296247388577	0.000221656741757147	0.00165226878525442
B9J08_04272	1638.17471551894	0.298672233135744	0.0808919842085715	3.69223522031119	0.000222291723530153	0.00165254774575978
B9J08_03250	2588.74606244577	-0.297188016214517	0.0804891654368261	-3.69227354516146	0.000222258218645743	0.00165254774575978
B9J08_00380	30730.7825453122	0.185842619829294	0.0504180718719992	3.68603187168897	0.00022777783785171	0.0016910593572588
B9J08_03239	1298.11228044439	-0.342268738017815	0.0931476451520904	-3.67447547878384	0.000238338531406825	0.00176700327285214
B9J08_02922	15331.1264001037	-0.210778543455421	0.0573680339752559	-3.67414618995545	0.000238646075722391	0.00176700327285214
B9J08_04445	1514.25782266274	-0.306179726395862	0.0833788633443763	-3.67215040017109	0.000240518055648384	0.00177848310934654
B9J08_03163	1784.14517011079	0.295449763481622	0.0804907184345654	3.6706066143739	0.000241975512163153	0.00178687123868411
B9J08_01899	3530.18913141137	-0.237069223640907	0.0646817153691151	-3.66516599456336	0.000247178209993142	0.00182285690596276
B9J08_02185	14018.2702368593	-0.188093641127754	0.0513584508481244	-3.66236983440133	0.000249892736157746	0.00184042173593674
B9J08_04936	2068.55190293758	0.287538210452823	0.0785247119574454	3.66175441189326	0.000250493933755552	0.00184239620691749
B9J08_01874	1091.00861548712	0.370561852174271	0.101238222696912	3.66029590704752	0.000251924147992763	0.00185045479754046
B9J08_02812	3322.66764965256	-0.253731917880051	0.0693519925462972	-3.65861035226446	0.000253586546672025	0.00186019521172808
B9J08_03539	1665.5181426348	0.295605757251395	0.0809587038258668	3.65131534080894	0.000260900656807003	0.0019113132884762
B9J08_02542	1974.90103065878	-0.277943720156706	0.0761402774020927	-3.65041643713616	0.000261815478660989	0.00191547805882795
B9J08_04229	4564.94765426624	-0.235663520812572	0.0647015480180397	-3.64231657559206	0.000270195497460335	0.00197417608514282
B9J08_01345	4589.13378196211	-0.239170611932932	0.0656839783064402	-3.64123212539155	0.00027133635185214	0.00197989625606093
B9J08_00333	3371.82185940147	-0.265950042540907	0.0730667806392629	-3.63982154700268	0.000272827053546375	0.00198815076833333
B9J08_03332	4178.33275931512	-0.273958535097149	0.075293756928579	-3.63852922569684	0.000274199515392506	0.00199552305215257
B9J08_05127	2957.3850201596	0.253837478126577	0.0697748178699083	3.63795257194142	0.000274814014628729	0.0019973670366774
B9J08_04457	447.808981253239	0.505430902644499	0.139324112330383	3.62773459805691	0.000285918943441293	0.00207535128106797
B9J08_05529	7534.18797983824	-0.573804246941136	0.158274137647612	-3.62538223533828	0.000288534361589806	0.00209159050321522
B9J08_04526	385.094863165595	-0.526004332136087	0.145204066424844	-3.62251791624816	0.00029174924680797	0.00211212707342262
B9J08_05352	9724.62408241957	0.193742600909407	0.0534942024052621	3.62174950178057	0.000292617399125635	0.00211564292099854
B9J08_00309	2468.71161385096	-0.261292337870439	0.0721772046852519	-3.62015042020364	0.000294431800073087	0.00212598209687238
B9J08_02420	4014.63756278886	-0.239569149251645	0.0661832922139849	-3.61978289742773	0.000294850297181705	0.00212622815347068
B9J08_05239	193.967902783607	0.727679666009818	0.201249705961357	3.61580486557105	0.000299415864587387	0.00215634003519901
B9J08_01428	1013.51475704775	-0.348540975460978	0.0964647325940053	-3.61314405885408	0.00030250652260883	0.00217576537912801
B9J08_01953	317.993294459931	0.57435816288797	0.159030467318484	3.61162343651877	0.000304286190197896	0.00218572327010982
B9J08_02708	1093.77241595022	0.352403880380969	0.0976087917682755	3.61037027502174	0.000305760198054418	0.00219346258811801
B9J08_01361	2679.99720926786	-0.251511286156854	0.0697419721563018	-3.60631164248096	0.000310580111850831	0.00222515362519035
B9J08_01147	2582.02540941013	0.829064793208235	0.230189383474992	3.60166390253313	0.000316186977487923	0.00226239349610052
B9J08_01371	9671.31919572507	-0.200367166538444	0.0556510109336893	-3.60042276279923	0.000317700195096419	0.00227028395229754
B9J08_00999	1265.81524889486	-0.320092736551021	0.0892051175253015	-3.58827772924835	0.000332869601445966	0.00237561518141631
B9J08_02346	706.108823608968	-0.409456587420263	0.114313907468854	-3.58186152924416	0.00034115461408929	0.0024316058898555
B9J08_05433	2906.47094518542	0.669076787262416	0.186917839535488	3.57952343620678	0.000344221378128794	0.00245030687571475
B9J08_02124	873.944067854985	-0.365145056465693	0.102019089927456	-3.57918362852817	0.000344669227940618	0.00245034125930534
B9J08_02764	495.797474936144	-0.460251003337693	0.128699572012319	-3.57616576451115	0.000348670609090734	0.00247560608328735
B9J08_01140	3979.28978692262	-0.743448210013749	0.207921661636961	-3.57561691341154	0.000349402983465278	0.00247762551480315
B9J08_05201	1247.27242047942	-0.348610585331075	0.0976684895807075	-3.56932503848136	0.000357902149106399	0.00253464377299295
B9J08_05421	4463.21917920725	-0.219121066540278	0.0614021049825237	-3.56862466852959	0.000358860086200197	0.00253817792426252
B9J08_03087	744.913807261439	-0.406629414607291	0.114075774122392	-3.5645553820307	0.000364473491190381	0.00257285469433897
B9J08_01608	381.471169014777	0.516766470561155	0.14498004185074	3.56439730575589	0.000364693198402052	0.00257285469433897
B9J08_00950	5118.24936773914	-0.215137668890846	0.0604128127061011	-3.56112651032252	0.000369267097974088	0.00260180422789131
B9J08_04908	442.493632530189	0.482545497373358	0.135731119174112	3.55515743412063	0.000377752830824891	0.00265820726118635
B9J08_02417	4786.37877569988	-0.219968773326753	0.0619129170912205	-3.55287367582208	0.000381047400743183	0.00267798370204643
B9J08_02174	1920.36243633434	-0.33597220209496	0.0947129740898977	-3.54726694334473	0.000389249971616298	0.00273215938199206
B9J08_03776	11.8681259894224	4.43014940310217	1.25304954511413	3.53549420322297	0.00040701317500916	0.00285155919284531
B9J08_00921	1016.33326297388	-0.351901964098531	0.0995391170229688	-3.53531329816125	0.000407291947631133	0.00285155919284531
B9J08_02058	2263.31607283464	-0.265273730942512	0.0752427445107086	-3.52557223513768	0.000422568917211704	0.00295477709367628
B9J08_01296	6147.33460517618	0.244612868619419	0.0694030261041833	3.52452742121391	0.000424238902983767	0.00296270880353942
B9J08_03371	1748.86948870218	0.304407955949048	0.0864276121306382	3.52211461643676	0.000428119003551637	0.00298603557206066
B9J08_03310	2376.77527347865	-0.263190875888514	0.0748305888791179	-3.51715628369135	0.00043619687404709	0.00303854522714667
B9J08_01425	3143.45071067646	0.236140565193529	0.0673046907965423	3.50853057043776	0.000450589446412991	0.00313485563284308
B9J08_02316	1985.2812366755	-0.312794743109043	0.0891759175084962	-3.5076145202458	0.000452143697337325	0.00313777514425689
B9J08_01910	545.529839829356	-0.437325523734626	0.124669617316356	-3.50787572103384	0.000451700012068446	0.00313777514425689
B9J08_05248	163.199596888266	0.779951038613166	0.222477328247801	3.50575514707923	0.000455313868928273	0.00315581580080486
B9J08_04736	1004.12333076655	0.342907245758234	0.0978889443283629	3.50302322811829	0.000460009346955141	0.0031843700851175
B9J08_02431	2066.15923983512	-0.261385574772736	0.0747040213362616	-3.49894918770402	0.000467095585960618	0.00322938210743523
B9J08_00030	884.610839415418	0.374773220427739	0.10730757054145	3.49251426098565	0.000478496044684701	0.00330407193901509
B9J08_01876	323.352461836602	0.545272710926821	0.156162455222952	3.49170170351342	0.000479953929344906	0.00331000646285122
B9J08_05488	14449.4252506495	-0.214441134574284	0.0614285766017388	-3.49090189676011	0.000481392981909647	0.00331579649183345
B9J08_03919	3329.16960001035	-0.243062435086823	0.0696345735196194	-3.49054245328781	0.000482041020508022	0.00331613045327098
B9J08_03216	1206.88121470697	0.332076102565911	0.0955514780937201	3.47536332447102	0.000510161883323135	0.00350522407038541
B9J08_05221	288.55105044041	0.575032519236224	0.165795567940073	3.46832262394415	0.000523718132168656	0.00359390197149484
B9J08_01884	36.2268902031346	-1.63624996265716	0.472154319016614	-3.46549824232271	0.000529249986375122	0.00362736266993904
B9J08_04952	1466.61269126393	0.291839903926025	0.0842592995072853	3.4635928097265	0.000533012686459889	0.00364863015941788
B9J08_02244	2409.8013791947	-0.973826266896497	0.281618020275389	-3.45796858434062	0.000544264846422205	0.00372104927757876
B9J08_05342	257.861151379593	-0.610435927202467	0.177077928145558	-3.44727281144091	0.00056627644991164	0.00386675931414973
B9J08_00894	1713.96749021533	0.291361570185582	0.0845387904842794	3.44648378000822	0.000567932656990114	0.00387328671493504
B9J08_02611	1533.21341928352	0.294568323869051	0.0856483579823273	3.43927578774869	0.000583272710204707	0.00397300660116039
B9J08_04146	2054.12376166176	-0.287910883138671	0.0837482837906544	-3.43781233605171	0.000586433968303388	0.00398962641904802
B9J08_04022	179.080418473386	0.708683122672516	0.206600367800519	3.43021229931584	0.000603109169910787	0.00409349213180879
B9J08_01216	377.543047184397	-0.501084431971894	0.146081097032013	-3.43017982581336	0.000603181357335773	0.00409349213180879
B9J08_04311	2837.72365732797	0.254497569773647	0.0742030793871151	3.42974404668493	0.000604150856970852	0.00409504704645317
B9J08_04507	933.620119871103	0.345306669461373	0.10092669356984	3.42136116073617	0.000623085293009327	0.00421821879514637
B9J08_03976	1636.07175263517	-0.279387376036491	0.0817466264355303	-3.41772362015246	0.000631471954543619	0.00426976941391291
B9J08_03279	5392.06624314277	-0.204648333957337	0.059975334547027	-3.41220829367565	0.000644388538262117	0.00435178633104734
B9J08_03346	3174.24066268317	-0.258400957187999	0.0757646917044868	-3.41057227812486	0.000648266993790954	0.00437263993007045
B9J08_02175	1831.71504485485	0.273790425498815	0.0803704827742493	3.40660421647408	0.000657764333219137	0.00443129662245438
B9J08_01064	2877.88942669316	-0.251133547962791	0.0737639520867105	-3.40455657348158	0.000662715712777471	0.00445922215008782
B9J08_04041	1617.32895590557	-0.284471243570732	0.0837431320926564	-3.39695013145654	0.000681413837506194	0.00457946529191587
B9J08_00506	773.546084727073	0.36431314686791	0.107292391309364	3.39551707648551	0.000684991007525107	0.00459791900803564
B9J08_02624	3716.03933829739	-0.219587424457141	0.0647577075090349	-3.39090793827907	0.000696614968538572	0.00467027562543859
B9J08_00341	12391.126204833	-0.179448877247852	0.0529522048514639	-3.38888395207005	0.000701777037162239	0.00469918740017475
B9J08_01697	894.097228131584	0.346021794475134	0.102153566751937	3.3872708068568	0.000705916709833652	0.00472119144146304
B9J08_04263	7078.89780371824	-0.204326669792311	0.060344798000423	-3.38598647377822	0.000709228793344392	0.00473189922314575
B9J08_01429	1345.97989620344	-0.295531786843274	0.0872758856746834	-3.38617917834548	0.000708730920970613	0.00473189922314575
B9J08_02128	200.05800461652	0.664117317152778	0.196196080812102	3.38496729600225	0.000711867354390534	0.00474378112907716
B9J08_01056	1555.77582194283	0.277752981838428	0.0821519372560282	3.38096691466697	0.000722312395837685	0.00480759309431797
B9J08_05527	3699.42155323368	-0.217336679923944	0.0642975199199394	-3.38017205320769	0.000724404670309837	0.00481572383591792
B9J08_01231	377.162800404378	-0.498877361360271	0.14787186975228	-3.37371375770122	0.000741614414447369	0.00492421287672077
B9J08_04506	122.989453127681	0.8433464509453	0.250466968262394	3.36709649498289	0.000759641029275173	0.00503785915218343
B9J08_04607	3659.36781016423	0.219150363806896	0.0651182895260638	3.36541953730495	0.000764273544043134	0.00506251134383542
B9J08_04560	17204.9237567555	0.18094748566473	0.0538226934149934	3.36191807179838	0.000774030855324214	0.00512101035980649
B9J08_03287	1767.52254769236	0.28627389875473	0.0852146761683906	3.3594436032243	0.000780995902373084	0.00515615169688758
B9J08_02913	37930.3652629159	-0.177305890009039	0.0527795223387444	-3.35936897782197	0.000781206856263206	0.00515615169688758
B9J08_00817	957.583602435319	-0.3587973142285	0.106946085364638	-3.35493639627074	0.000793832341506206	0.00523323799865414
B9J08_04980	1351.78218469538	-0.317231587137882	0.0946212419937255	-3.352646619867	0.000800428329588077	0.00526417252194014
B9J08_04847	40.9129958993659	1.47864460522342	0.441024538197076	3.35274905851764	0.000800132158697911	0.00526417252194014
B9J08_05188	72808.9911095189	-0.165487113175233	0.0493663301102363	-3.35222636168612	0.000801644446287868	0.00526590906462969
B9J08_00353	852.219649376027	-0.355847831693049	0.106226758034221	-3.34988884418757	0.000808439956929058	0.00530424840068164
B9J08_04592	7721.61139055464	0.19021672562345	0.0568324461776447	3.34697410399824	0.000816988420434774	0.00535398454197243
B9J08_00843	1154.91673539244	-0.317342932719135	0.0948539603768011	-3.34559496997818	0.000821062359716132	0.0053743146882721
B9J08_05200	7017.04298831008	-0.187567614677356	0.0561401706116922	-3.34105886451103	0.000834595263424141	0.00545233341667313
B9J08_05007	786.135151175268	0.355768196790279	0.106487461014987	3.34093980079221	0.000834953246053542	0.00545233341667313
B9J08_02590	85285.4275821503	-0.171756138588874	0.0514360224291882	-3.33921890685326	0.000840143299641689	0.00547975541311107
B9J08_05126	3205.99422423111	0.22332876685285	0.0669165267720969	3.33742316921886	0.000845590966887575	0.00550879109288007
B9J08_00881	130071.96740779	-0.159401806825432	0.0478700965528984	-3.32988270974735	0.000868825741056499	0.00565350020445117
B9J08_04565	667.12633893278	0.392616285302561	0.117924251030967	3.32939392762782	0.000870352092038858	0.00565677722804574
B9J08_00206	2002.55772383216	-0.256821774973694	0.0772048949165896	-3.32649601105161	0.000879452785809221	0.00570921755670281
B9J08_00188	1134.74632209679	-0.319990913343529	0.0962509528109402	-3.32454800704226	0.000885619847281466	0.00574251274948861
B9J08_00319	5400.80676552617	-0.20342267166795	0.0612174338156993	-3.32295326655431	0.000890698351955363	0.00576867984152823
B9J08_04867	44.3940191509254	-1.38752304960639	0.417695375636988	-3.32185398866437	0.000894214742323773	0.00578468039741847
B9J08_04470	3041.54189906581	-0.231232996183684	0.0696932476420889	-3.31786800022845	0.000907073400467731	0.00586100815185399
B9J08_03294	4521.79318125237	-0.209852856662246	0.0633084363840321	-3.31476922584643	0.000917188102656074	0.00591944853651195
B9J08_00241	820.522776021449	-0.346777648724249	0.104708012388846	-3.31185399104367	0.000926799031946819	0.00597450518146603
B9J08_04566	3882.07946281518	-0.233295133284335	0.0704627319561039	-3.31090105092251	0.000929960860609425	0.00598790863798688
B9J08_04996	2411.6691172773	0.244447784738144	0.073854745004164	3.3098453555606	0.000933475295273398	0.00600354867227577
B9J08_00622	12345.6383671779	-0.179176518827415	0.0541506301095894	-3.3088538113924	0.000936787371382336	0.00601785244032021
B9J08_04329	4655.79849261675	0.201529183778612	0.0609305269349579	3.3075240592247	0.000941246263040171	0.0060394815323378
B9J08_00676	849.367506028823	-0.344855874858229	0.104485849866306	-3.30050313319446	0.000965116359804317	0.00618546765478294
B9J08_04933	63.6912519867518	1.14651192720679	0.347813843584345	3.29633782080544	0.000979541514305429	0.00627065291160107
B9J08_02424	1176.98105240212	-0.34197050582525	0.103764357778177	-3.29564518248453	0.000981959504784288	0.0062788647641178
B9J08_04212	1240.8189749351	-0.308845158299879	0.0938914777268325	-3.2893843592326	0.00100406806617298	0.00641281809931031
B9J08_03357	1587.15750777468	-0.31597744812973	0.0961249667402836	-3.28715274340179	0.00101205923344413	0.00645640094599708
B9J08_04270	48870.3057780715	-0.16088921776312	0.0489746003612198	-3.28515631728399	0.00101925806260297	0.00648736058027277
B9J08_03374	8733.12888806308	0.178450268094061	0.0543161510035254	3.28539973464758	0.00101837780410479	0.00648736058027277
B9J08_03720	825.980424875744	0.364556898690904	0.111270876625023	3.27630112881595	0.0010517635494968	0.00668655654283539
B9J08_04206	209.314695775854	0.634657613100122	0.194165362717909	3.26864485104986	0.00108063848223471	0.00686224046525855
B9J08_04422	37.9503996418763	1.59415821917681	0.487809394172373	3.26799409404875	0.00108312625797238	0.00687015061106108
B9J08_03528	72675.6180000709	-0.15890332268003	0.0486578443737603	-3.26572877868223	0.00109182769472652	0.00691741005673809
B9J08_00468	11211.2580517359	-0.18067987413926	0.0553398108583829	-3.26491672697667	0.00109496262391896	0.00692933440834758
B9J08_03644	2215.70520869624	-0.244060874993885	0.0747748359007263	-3.26394397331622	0.00109872890154826	0.00694522234795818
B9J08_00294	3888.12573312907	-0.211317595187208	0.0648907515823755	-3.25651329402389	0.00112789648647391	0.00712145601220002
B9J08_01992	164.688156164477	0.732742103444264	0.225157134293101	3.25435880921459	0.00113648637249332	0.00716750983610097
B9J08_01772	579.916246515728	-0.409536601075589	0.12587443440032	-3.25353280057756	0.00113979565863595	0.00718019338031369
B9J08_02399	1044.10259447118	0.348914525973359	0.107444199131816	3.24740217520073	0.00116463692471205	0.00732000776202537
B9J08_01321	3005.35479189463	0.218608245324349	0.0673138732159379	3.24759570175185	0.00116384516814348	0.00732000776202537
B9J08_02934	21381.3386891328	0.162053677381024	0.0499495189919275	3.24434910789059	0.0011771936958173	0.00739053159088025
B9J08_04273	5703.25893911031	-0.206118586926871	0.0635442237145171	-3.24370296587291	0.00117986716158302	0.00739891754049399
B9J08_00574	994.16130223878	-0.313539704638507	0.0966915763033147	-3.24267859337565	0.00118411708665775	0.00741715923703739
B9J08_02952	4626.62638418325	0.217333486281525	0.0670323722303504	3.24221684314973	0.00118603742086541	0.00742078390815223
B9J08_01552	264.536394672527	0.568357247669787	0.175348423334509	3.24130229894078	0.00118984933793087	0.00743622224643574
B9J08_02917	4176.4723068539	-0.210692843138913	0.0650488779595306	-3.2389927351244	0.00119952628778561	0.00748823916223725
B9J08_05354	605.763255940335	-0.38836408222323	0.119967398335876	-3.23724684881402	0.00120688965682875	0.00752571216676414
B9J08_03046	2759.5235226364	0.236798090647422	0.0732205103634819	3.23404042763301	0.0012205217734409	0.00760214631633066
B9J08_00149	14392.4964500257	-0.634042279055276	0.196084686674717	-3.23351246753441	0.00122277998783695	0.00760764467123301
B9J08_00298	3041.5162947064	0.221488525851781	0.0686788955467595	3.22498671663965	0.00125978513877339	0.00782906921635466
B9J08_03155	2688.51737990322	0.233601698738427	0.0724717414002833	3.22334877325735	0.00126701180316073	0.00786514285441303
B9J08_02138	968.562918107335	0.328061419792699	0.101934571571368	3.2183528584609	0.00128929101910816	0.00799447155458208
B9J08_00933	2607.68440618824	0.238391260895267	0.0741648537695738	3.21434276181458	0.00130743500068588	0.0080978980837554
B9J08_04066	2467.15686300795	0.228753858591103	0.0711834351685293	3.21358273943257	0.00131090022883218	0.008110278708804
B9J08_04995	2051.9076315753	-0.25311457363731	0.0788648221682142	-3.20947371310153	0.00132978205352031	0.00821790451175514
B9J08_04927	322.492606203419	0.524815874022425	0.163611165708945	3.20770206451583	0.00133800030556063	0.00825946393979449
B9J08_02131	1790.73156501503	-0.258374717665656	0.0805694573427228	-3.20685686843581	0.0013419374542701	0.00826531855185738
B9J08_01160	3369.23473579407	-0.219943964631081	0.0685844024755905	-3.20690939473243	0.00134169246163488	0.00826531855185738
B9J08_00301	2044.89620756	-0.245352120410065	0.0766319976796462	-3.20169286772007	0.0013662258117618	0.00840555613443218
B9J08_01124	2399.05734055628	-0.234174336739762	0.0731946143427672	-3.19933835081273	0.00137743407785823	0.00846509764959322
B9J08_00983	6880.1372261279	-0.181159331029282	0.0566565412138833	-3.19750071479638	0.00138624067788116	0.00850976380617168
B9J08_03241	614.463677939828	0.388041741950692	0.121425153688452	3.19572782214726	0.00139478618977628	0.00855272995083434
B9J08_00054	1081.67296495143	-0.308094610031389	0.0964293054785004	-3.19503089338418	0.00139815873397362	0.00856391578915626
B9J08_03728	2021.35824724172	-0.245571967593833	0.0769664481384355	-3.19063661547868	0.00141959707274485	0.00868560996609708
B9J08_00398	8349.19434807652	-0.174721773836571	0.0548200106094936	-3.1871897121872	0.00143662510791783	0.00878008118441271
B9J08_03769	33.2666588078828	1.59355102934234	0.501137440917534	3.17986823420078	0.00147342033675611	0.00899501973796696
B9J08_05286	24989.693503885	-0.156664490139419	0.0492729749868103	-3.17952163800452	0.00147518355229425	0.00899585471636109
B9J08_00254	2030.46573969606	-0.249013876371994	0.0783961043545865	-3.17635523374608	0.00149138204211984	0.00908461902529167
B9J08_04977	1736.86569573335	0.30224292797947	0.0952188613329168	3.17419179087563	0.00150254371262777	0.00914254045604422
B9J08_03112	509.2498668282	-0.458489292191943	0.144733004196639	-3.16782820018733	0.00153582248745197	0.00933476283307346
B9J08_02267	856.469822147062	-0.32399481253178	0.102378134506197	-3.16468759754718	0.00155249544001609	0.00942574344536662
B9J08_05472	1304.78689408883	0.276947582648042	0.087616528140186	3.16090569355735	0.00157279411404428	0.00953851342629265
B9J08_01430	3412.86617285057	-0.224829527243754	0.0711431438220727	-3.16024166441178	0.00157638328722717	0.00954980937749558
B9J08_00303	1392.07710551347	0.270725793646113	0.0857287820604127	3.15793351007056	0.00158891793894515	0.00961521347954662
B9J08_02217	275.038977589444	-0.541657294323415	0.171593381049183	-3.15663279674036	0.00159602194553055	0.0096476474106333
B9J08_01175	2843.00628197156	-0.260796024395175	0.0826867310685172	-3.1540250899394	0.00161035240505183	0.00972364536281841
B9J08_04915	15.6757086642177	2.46004358736202	0.780074236683551	3.15360189027749	0.00161268920635689	0.00972713631446014
B9J08_00845	2990.7755347191	-0.220436386828882	0.0699233882115365	-3.15254155250607	0.00161855783634677	0.00975189912073419
B9J08_05584	1329.03572684266	-0.307522007264642	0.0975662819475106	-3.15192914115641	0.00162195628531864	0.00975940696748153
B9J08_01077	4337.30691309312	-0.207432911617516	0.0658165864951969	-3.15168140226558	0.00162333292534497	0.00975940696748153
B9J08_02357	2569.4284080291	0.229603200064827	0.0729801897644781	3.14610308366974	0.00165461676661975	0.00993668331832123
B9J08_01848	23112.1048571758	0.159413688900096	0.0507131035913614	3.14344178547279	0.00166973624338648	0.0100166064665625
B9J08_03841	62742.2309003691	-0.165416686023616	0.0527015871062454	-3.13874202099719	0.00169674754373675	0.0101566132731688
B9J08_02476	1900.82014790136	0.25082125404995	0.0799112126202791	3.13874919207894	0.00169670602443377	0.0101566132731688
B9J08_04081	166.627801823997	0.720292312592393	0.229653298209543	3.13643356402038	0.00171016178117426	0.0102258430396484
B9J08_01259	797.187697284893	-0.335074712354085	0.106893476128716	-3.13466007926062	0.00172053351858552	0.0102767504225664
B9J08_02109	7746.42488810235	0.18270700036632	0.0583411262268324	3.13170163455448	0.00173796398631247	0.0103696643023671
B9J08_00402	118.003148442761	-0.848146065744644	0.271182220532649	-3.12758728827701	0.0017624747623767	0.0105045774899844
B9J08_03733	890.5493480887	0.328279933548513	0.105029274807289	3.12560411514647	0.00177440245939855	0.0105642841796915
B9J08_01043	540.649886803623	0.390878826398365	0.125070856287526	3.12525905715215	0.00177648535677394	0.0105653123745341
B9J08_04090	29148.1658190891	-0.155796833440943	0.0499585213564322	-3.11852371148858	0.00181759516280549	0.0107981942486328
B9J08_03380	1603.37186936308	0.267117430845099	0.085669595616179	3.1179957010869	0.00182085459476428	0.0108059514631344
B9J08_04251	17861.0614185451	0.16277075862821	0.0522230980761106	3.11683459282683	0.00182804106958615	0.0108369722999796
B9J08_00718	830.209904750459	-0.336131996838164	0.107933020252698	-3.11426471761093	0.00184403963151485	0.0109201104945488
B9J08_03069	546.988132698138	0.391054036283434	0.125599937170477	3.11348910750375	0.0018488933451347	0.0109345325687002
B9J08_01053	4755.39528130552	0.207146977326954	0.0665373384895134	3.11324411269624	0.00185042894310312	0.0109345325687002
B9J08_00547	271.72470648444	-0.541443190607304	0.174026228126063	-3.11127349272368	0.0018628232358512	0.0109960248852647
B9J08_04632	1411.63025041238	0.281309766317178	0.0905379460122333	3.10709242596654	0.00188937317142198	0.0111292176744102
B9J08_01442	3086.29583824639	0.210168337605803	0.067641613178846	3.10708641809167	0.00188941157047029	0.0111292176744102
B9J08_01794	1188.56546019204	-0.288858579576616	0.0930640112051074	-3.1038698615729	0.00191007327155552	0.0112389524095464
B9J08_02761	5784.03593014081	-0.190575712273398	0.0614301226615204	-3.10231697441774	0.00192012240385097	0.0112860754683313
B9J08_01048	1528.49753567223	0.259959188580195	0.0839129480072009	3.09796276681743	0.00194855908103022	0.0114410618653696
B9J08_04550	4414.58122748098	0.202023918920803	0.0653065487123524	3.0934710669007	0.00197829842131332	0.0116033600936203
B9J08_03516	4004.63573454015	-0.196112158361037	0.0634249925359263	-3.09203281734643	0.00198790870904753	0.0116473761332012
B9J08_05360	38363.9920105011	-0.16412461171332	0.0531176320862656	-3.08983298515215	0.0020026907594373	0.0117215688787806
B9J08_02151	11358.7093054274	0.174136112898361	0.0564699018565801	3.0836978137597	0.00204445142997114	0.0119533412887636
B9J08_03309	2563.87240025998	-0.226521851611706	0.0735194191723133	-3.08111590327977	0.00206226356356988	0.0120447516051795
B9J08_04647	11043.687924411	-0.168404055837551	0.0547310500371624	-3.07693814979257	0.00209138690714486	0.0122019630626774
B9J08_01670	538.335899900072	-0.384236530494099	0.12493575212355	-3.07547298481962	0.00210168967087759	0.0122491523389083
B9J08_04596	42.6297569291849	1.39472387818248	0.453865214724763	3.07299134838584	0.00211924631714108	0.012338475136955
B9J08_01445	10134.4173025338	0.414004257053164	0.134921712948396	3.06847762310512	0.00215152440992931	0.0125132297700515
B9J08_03838	729.445621410543	-0.354023824925225	0.115553855499909	-3.06371278910293	0.00218608675050504	0.01268756119312
B9J08_01591	165.456042920704	0.668944065200152	0.218324570324051	3.06398892349708	0.00218406996416921	0.01268756119312
B9J08_03361	4336.64833613387	0.196225100413438	0.0640960857888733	3.06142095883649	0.00220289144989256	0.012771690366201
B9J08_02740	1928.70091514953	0.796277672337563	0.260195427092638	3.06030617538125	0.00221110825653252	0.012805905515059
B9J08_04660	6906.30047725069	-0.188178362210388	0.0615091660485205	-3.05935479700613	0.00221814284727801	0.0128198692060373
B9J08_02822	1481.00701546399	0.288273902599787	0.0942270757326463	3.05935316742416	0.00221815491415254	0.0128198692060373
B9J08_04663	2374.62816566192	-0.228356218177294	0.0746775273788171	-3.05789741830779	0.00222895863878188	0.0128688624541781
B9J08_00678	23003.5871492874	-0.156206911811034	0.0511059292681138	-3.05653207070233	0.00223913525570304	0.0129141367041642
B9J08_05434	5359.86657848313	0.183423266015067	0.0601019985359716	3.05186633528145	0.00227423348082604	0.0131029014400508
B9J08_00964	1483.27150205479	0.257751224321535	0.0845462218010219	3.04864272856743	0.00229877685673287	0.0132305252805302
B9J08_03466	7497.04532879956	-0.169649773003824	0.0556804225325682	-3.04684780192883	0.00231254770053752	0.0132959473302214
B9J08_01349	1414.3162254303	-0.258857954512078	0.08503509355324	-3.04413088403329	0.00233353593282837	0.0134026866505438
B9J08_00152	455.46562726861	-0.435145203279028	0.143041425913783	-3.04209218063381	0.00234939934720153	0.0134798006113814
B9J08_01562	30.4724636968881	1.57266433375943	0.517528991678957	3.03879465507319	0.00237526696556076	0.0136140949083073
B9J08_00771	497.024858130233	-0.393116677553306	0.129425919880844	-3.03738754891779	0.00238638425003025	0.0136636555765189
B9J08_03011	789.621955505674	0.326646022152054	0.107735198958048	3.03193408757011	0.00242992257024388	0.0138985540186338
B9J08_01570	3368.1402614451	0.205102910499428	0.0676767848566306	3.03062432611015	0.00244048689489433	0.0139445589004758
B9J08_02209	1151.11334113496	0.291807554419445	0.0963414023487111	3.02889045940226	0.00245453663681682	0.0140103634037501
B9J08_04130	3248.43494230501	-0.206702229857248	0.0682984570420239	-3.02645533749122	0.00247439372787667	0.0140946155601296
B9J08_00638	3652.04559328078	-0.197345291734753	0.0652042332880646	-3.02657176970251	0.00247344095074915	0.0140946155601296
B9J08_04830	1367.12294188605	-0.281935902582276	0.093203873091075	-3.02493762578707	0.00248684407933677	0.0141509615255264
B9J08_00387	46192.1229143751	-0.153460871032105	0.0507686786172394	-3.02274700094311	0.00250491567141047	0.0142391455072675
B9J08_02839	2991.65665096394	0.222669285423027	0.0737458082638788	3.01941616296708	0.00253262376720784	0.0143818706944831
B9J08_00963	3945.13115906015	-0.198538682719965	0.0657983308903918	-3.01738174864488	0.00254968497219633	0.0144639052115056
B9J08_01151	7709.50721871371	0.177360457826635	0.0588179500079197	3.01541379464524	0.00256628877741281	0.0145282939896318
B9J08_00295	2494.24874545346	0.234207212537831	0.0776662530055373	3.01555957026964	0.0025650554727197	0.0145282939896318
B9J08_02017	8417.86168940359	0.16423059026134	0.0545346894649254	3.01148850158882	0.00259970248476947	0.0147024074061963
B9J08_00601	7162.19244556526	-0.170746177905385	0.0567638056955962	-3.00801145753044	0.00262963223690589	0.0148564820248483
B9J08_04392	8105.66582524502	-0.194633601121529	0.0647506508834324	-3.00589412563464	0.00264801180539469	0.0149450543833041
B9J08_01229	18374.7002125351	-0.173617709026837	0.0578070109836666	-3.00340228758572	0.00266979265643177	0.0150526230201062
B9J08_00923	49.8837294272744	1.17858052958658	0.392713290253465	3.00112208788732	0.00268986693990233	0.0151503605342157
B9J08_04368	871.586670379602	-0.320254769283871	0.106771275311182	-2.9994468863512	0.00270470276452153	0.0152184242020026
B9J08_00683	666.446184808698	-0.346739984465523	0.115640364735164	-2.99843385360826	0.00271371056700422	0.0152535905956304
B9J08_04924	15768.8016049829	0.166370189256045	0.0556771943666713	2.98812092003752	0.00280698473846489	0.0157618604958876
B9J08_04729	11287.0437694683	-0.208903713995947	0.0700227481468947	-2.98336925534121	0.00285093811846931	0.0159696535363798
B9J08_04618	827.8271199139	0.311144919021885	0.104289315022284	2.9834784028968	0.00284992148111785	0.0159696535363798
B9J08_00394	9822.71766167434	-0.166447044357235	0.0557950731586574	-2.98318534118471	0.00285265190633578	0.0159696535363798
B9J08_00703	3651.66750787679	-0.202329625026443	0.0678662204527257	-2.98130091342544	0.00287026605108071	0.0160520136789964
B9J08_03398	8882.82550488454	0.170933799481219	0.057430628572989	2.97635257925096	0.00291699288287708	0.0162968561971648
B9J08_00631	111209.510253229	-0.144828854267639	0.0486949987293638	-2.97420388226246	0.00293749825216295	0.0163948565415876
B9J08_05030	2042.747485454	-0.223184802686256	0.0750511556069434	-2.97376903635056	0.00294166402878415	0.0164015561927471
B9J08_03505	641.799934432971	0.358213390540639	0.120504072214123	2.97262477490497	0.00295265169990938	0.0164462402338356
B9J08_03131	746.198480185717	-0.321459712489324	0.108252035062442	-2.96954890782329	0.00298237333817767	0.0165783989281012
B9J08_01819	3858.07032037771	-0.198502261460477	0.0668400013304963	-2.96981235052592	0.00297981708381542	0.0165783989281012
B9J08_04250	5535.58340422106	-0.17776510840392	0.0599278376047628	-2.96631941863679	0.0030138729335115	0.0167198908678557
B9J08_02337	4001.11836873853	-0.202523792673054	0.0682702107551554	-2.96650311216097	0.00301207312639799	0.0167198908678557
B9J08_03602	755.599060982106	0.328986306066393	0.110988297689714	2.96415309464541	0.00303517244503231	0.0168110171132064
B9J08_02927	2597.37033203193	0.218227365917453	0.0736251991872526	2.96403090689684	0.00303637788755979	0.0168110171132064
B9J08_03986	7086.06183913668	0.166612801870415	0.0563302785182969	2.95778409503686	0.00309859071276507	0.0171383052323036
B9J08_03033	1646.154236059	0.246379152215691	0.0833987706055212	2.95423002553685	0.00313450274552251	0.0173196150704146
B9J08_01907	1384.92469259889	-0.256852496770711	0.0869707244650945	-2.95332134290543	0.00314374521777475	0.0173533481033055
B9J08_05256	549.99016468777	0.363648580568455	0.123335979268459	2.94843875019569	0.0031938342181064	0.0175976172691628
B9J08_03210	4820.9366197163	-0.186078010096055	0.0631117821702326	-2.94838782391128	0.00319436046614345	0.0175976172691628
B9J08_04302	3620.52737630503	0.190664873593964	0.0647007001402779	2.94687496704955	0.00321002969842782	0.017666342549258
B9J08_04277	159.25468627101	-0.643269019905656	0.218687791038341	-2.94149489027889	0.00326632231438206	0.0179582790465678
B9J08_05436	2993.99213355247	-0.208634409052887	0.0710223177528715	-2.93758941772147	0.00330774768600172	0.0181499528286463
B9J08_04968	1176.19898825963	0.290708073796032	0.0989536790741006	2.93781976088366	0.00330529121751571	0.0181499528286463
B9J08_02722	26193.9542484019	0.155738779721581	0.0530731045351527	2.93442000586999	0.00334171678698313	0.0183181720007965
B9J08_03384	1592.41642501784	-0.241799378622097	0.0824129835860361	-2.93399617512533	0.00334628332025659	0.0183250426181576
B9J08_04047	408.655084776321	0.412790987840121	0.14079538135421	2.93185034814196	0.00336949071515812	0.0184338804604743
B9J08_02989	4908.69811910522	-0.177299054345901	0.0604972581041229	-2.9306957026176	0.00338203891184524	0.0184842462662214
B9J08_02140	1550.85590029806	0.253212658467761	0.0864779567510128	2.92806014365963	0.00341084059706507	0.0186232570013494
B9J08_04148	4907.40520083837	-0.190487004442263	0.0650914269895999	-2.92645304077752	0.00342851261124388	0.0187012852591616
B9J08_05121	544.599942943549	-0.388590282254974	0.1328001171593	-2.92612906198601	0.00343208522358739	0.018702328444987
B9J08_02768	2237.91030565394	-0.219281107534439	0.0750191542510973	-2.92300159503906	0.00346674740497169	0.0188726180087583
B9J08_05162	4390.6276410203	0.185289001433305	0.0633991457185819	2.92257883498575	0.00347145728365905	0.0188796757481988
B9J08_04564	3835.93740901555	-0.192057602213399	0.0657719492707747	-2.9200533714262	0.0034997144379538	0.0190146567350908
B9J08_00020	27.8571289171488	1.60593504656299	0.550514325191766	2.91715396507363	0.00353241358141265	0.0191734833354204
B9J08_03751	1251.73697743569	0.257636421158669	0.0885370167772664	2.90992886971568	0.00361511021142447	0.0196031123327341
B9J08_03982	100477.718975039	-0.14877245099376	0.0511595948703344	-2.90800682395606	0.0036374040028121	0.019704683192511
B9J08_01933	3316.95563502858	-0.206487552897313	0.0711093691465386	-2.90380234525487	0.00368660820335269	0.019951692732626
B9J08_02013	611.307065823451	-0.341714058319175	0.117793518930931	-2.90095806136449	0.00372023664996831	0.020114006755596
B9J08_04471	3607.46473327131	-0.228825963541796	0.0789702074426473	-2.89762393885039	0.00376001141773337	0.0203092022963704
B9J08_02750	263.99879701952	0.508224651770261	0.175459035324596	2.89654306391264	0.0037729885495828	0.0203594143099926
B9J08_05508	106.201320137606	-0.818417171351347	0.282650027307082	-2.89551421292518	0.0037853788748571	0.020406365065141
B9J08_02744	4649.68220042504	0.180477283666936	0.0623574534237066	2.89423755714699	0.00380080488751877	0.0204496613160178
B9J08_02206	1263.98725914272	-0.263387580489391	0.0909956885137489	-2.89450615508663	0.00379755464354593	0.0204496613160178
B9J08_00331	1106.13736290535	0.273258629082398	0.094435768987752	2.89359245984261	0.00380862139547539	0.0204718026611996
B9J08_02114	581.611156590694	-0.365168801957126	0.126285942641784	-2.89160293155466	0.00383282017009174	0.0205818721949295
B9J08_05446	7548.49421705395	0.163590644452855	0.056585705149822	2.89102422634332	0.00383988518310411	0.0205998108125595
B9J08_03028	1356.53784443906	-0.249346931725298	0.0863153507643906	-2.88879011111157	0.00386727110312678	0.0207266244877851
B9J08_03419	1742.37160451105	-0.231488584786297	0.0801860547174699	-2.8868933083431	0.00389066136722773	0.0208317986661535
B9J08_03935	1751.64730615426	-0.229514683371591	0.0795552822905996	-2.88497101340448	0.00391449702270522	0.0209391518690354
B9J08_02802	1041.01641488374	-0.272701132444278	0.0947113999775066	-2.87928520229923	0.00398577706276226	0.0212998385837083
B9J08_03843	101.642690776891	0.792313495724866	0.275459999166266	2.87632867974645	0.0040233053114592	0.0214796348240162
B9J08_00115	2054.62844077811	0.220515128124885	0.0766828122903284	2.87567867607664	0.00403159894524244	0.0215031569586653
B9J08_02732	38658.0926487144	-0.149986180651786	0.0521791360655558	-2.87444737420239	0.00404735213281034	0.0215663821257938
B9J08_03628	848.193813270987	0.303731078070962	0.10570246611557	2.87345309180277	0.00406011366369562	0.0216135598401352
B9J08_01600	4080.64226513642	0.181866182973359	0.0633652197567115	2.87012628807456	0.00410307889689578	0.0218212782487794
B9J08_02047	1640.31670250564	-0.235459875873749	0.082100769228454	-2.86793751248003	0.00413157124733586	0.0219306339433922
B9J08_00473	269.094120718681	-0.501525278324192	0.174855176793285	-2.86823237105012	0.00412772249558606	0.0219306339433922
B9J08_01409	145.685341759246	0.66083144939873	0.23050305113435	2.86690977037679	0.00414501170433857	0.0219808818185011
B9J08_02713	1549.44924065049	-0.235354451034246	0.0821758165626857	-2.86403544106814	0.00418281208392871	0.022160089689856
B9J08_01025	2748.06366517204	0.215390724247969	0.075434463323705	2.8553358075033	0.00429913458697138	0.0227545582780275
B9J08_03890	1721.92092804555	-0.238807143804383	0.0836642866000512	-2.85434984877092	0.00431250119488892	0.0228034838517501
B9J08_03866	1326.34045631829	-0.258174035755385	0.0904940441636104	-2.85293952924254	0.00433168634997495	0.0228830536788075
B9J08_04465	2728.09975667777	-0.19698534480411	0.0690843089780966	-2.85137606090212	0.00435304526584322	0.022973944050934
B9J08_01998	3938.60864296823	-0.18861540061675	0.0662133049597334	-2.84860272012481	0.00439116755377467	0.0231530483698072
B9J08_04057	956.396414465937	-0.279078046809337	0.0980504939804023	-2.8462686466946	0.00442348591567818	0.023301238666301
B9J08_02179	2038.74981844093	-0.239656909444206	0.0842178988727611	-2.84567666317925	0.00443171691443947	0.0233223846372642
B9J08_01997	1529.227276122	-0.244899282161549	0.0861975904093742	-2.84113837751683	0.00449528020913889	0.0236344057383529
B9J08_04112	1567.11743633391	-0.261394491885483	0.0920227363263703	-2.84054248244058	0.0045036873898115	0.0236561205631979
B9J08_05537	3041.04395213293	-0.203757886224097	0.0717825127139897	-2.83854491184991	0.00453197411540189	0.0237595723528795
B9J08_05458	1474.10846293323	0.24964250038468	0.0879381293541982	2.83884251595991	0.00452774969619275	0.0237595723528795
B9J08_00927	12631.7142919133	-0.167803269836367	0.0591369006380705	-2.83753913420921	0.00454627732522992	0.0237962722254573
B9J08_00760	2144.08150936023	-0.218059552746095	0.0768505969555318	-2.8374477412618	0.0045475790530299	0.0237962722254573
B9J08_00598	3960.50292318342	0.183470616706619	0.0647051797597033	2.83548577390523	0.00457560528551615	0.0239202956844894
B9J08_01880	2272.22343496025	-0.208211924553976	0.0734798295695529	-2.83359291622868	0.00460279247839786	0.0240397027365615
B9J08_00154	4691.11091985872	0.171219432393088	0.0604397794448358	2.83289307085182	0.00461288137306486	0.024069666862662
B9J08_04333	2154.14225583856	-0.223966710029057	0.0790963631980885	-2.83156773552478	0.00463204215181491	0.0241468662975384
B9J08_03224	894.394661594173	-0.297158060554809	0.104972487122717	-2.83081851921276	0.00464290565991827	0.0241579597413057
B9J08_02758	8086.76513494451	0.180803725705705	0.063867574346036	2.83091580597857	0.004641493716354	0.0241579597413057
B9J08_01110	62998.0751015107	-0.14880800208855	0.0526340864841674	-2.82721734200349	0.00469544474021815	0.0244083692275814
B9J08_00407	987.86691989206	-0.280571822194789	0.0992576969593416	-2.82670090874382	0.00470302316859857	0.0244243005258206
B9J08_00401	3478.4473799293	-0.184908444521902	0.065421733371905	-2.82640699033068	0.00470734123314496	0.0244243005258206
B9J08_03839	97674.431179422	-0.136994595189074	0.0485256940819454	-2.82313520251212	0.00475565119237826	0.0246518338753928
B9J08_01578	3573.85465191476	0.210757619518562	0.0746876743400713	2.82185275389526	0.00477470943149563	0.0247274511850209
B9J08_01286	11591.1614713493	0.168969755988083	0.0599725234436846	2.81745283149122	0.00484062241909258	0.0250453532273162
B9J08_05134	2796.72159806159	0.213650545877803	0.0758422967429981	2.81703686534952	0.00484689619440222	0.0250543764964848
B9J08_02343	968.15868130506	-0.286928460956885	0.10190209918586	-2.81572669502671	0.00486670483828989	0.0251332814757996
B9J08_00293	4530.4892998726	-0.172134845183299	0.0611415656400695	-2.81534899182381	0.00487242896915713	0.0251393699891867
B9J08_00139	2253.12348667055	-0.211137278912126	0.0751175514231184	-2.81075827036537	0.00494249035675776	0.025477086825002
B9J08_03301	116.511020948802	0.72551786327738	0.258241373004483	2.80945634247687	0.00496252492179478	0.0255565412871946
B9J08_03816	1291.48885416399	-0.245449775940529	0.0874575412732544	-2.80650213082986	0.00500825812413367	0.0257680704042636
B9J08_03240	3854.65697488004	0.183331107827236	0.0653907924734176	2.80362266448694	0.0050532006176723	0.0259510237849076
B9J08_01169	1320.01588481125	0.263349400893741	0.0939246058780367	2.80383823207847	0.00504982347172847	0.0259510237849076
B9J08_04037	1433.64888650729	-0.240229608155228	0.085702270980506	-2.80307167367678	0.00506184188444646	0.0259712870713111
B9J08_03544	70.2134041950009	0.945177803330677	0.337811917384258	2.79794096859984	0.00514295110887575	0.026362986638732
B9J08_03536	4804.17250067389	0.16872139778849	0.0604490981077783	2.79113176325091	0.00525240854424378	0.0268991404242707
B9J08_01839	2406.94484345267	0.199842686055413	0.071655201662857	2.78894876321313	0.00528794300791136	0.0270560710238277
B9J08_04141	1336.09157166251	-0.272091869176915	0.0976600987833681	-2.78611093544432	0.00533446121364203	0.0272688585699206
B9J08_04459	14211.6568283085	-0.144405208595729	0.0518399742227336	-2.78559568674327	0.00534294680071191	0.0272870163940329
B9J08_00594	5460.53038742014	0.202401335953268	0.072708290856833	2.7837449287841	0.00537352739981686	0.0274178782734198
B9J08_05454	3785.09366756317	0.181718054564515	0.0653370534478779	2.78124042905423	0.0054151615996252	0.0276048468272138
B9J08_02634	23.6717748017427	-1.671320405419	0.600999778554227	-2.78090020172645	0.00542083986977689	0.0276083474399042
B9J08_02528	1092.28921399552	-0.264890502224199	0.0953986512221721	-2.77666925926762	0.00549190319771761	0.0279445414779909
B9J08_02717	740.043787524752	0.320341724497913	0.115483398981062	2.77392012466178	0.00553852749921966	0.0281558783071544
B9J08_05264	497.289870413287	0.385819733927306	0.139190591192473	2.7718808478498	0.00557334331545721	0.0282736504799022
B9J08_01295	600.866765582665	-0.330511545895595	0.119239042689881	-2.77183998160062	0.00557404302363992	0.0282736504799022
B9J08_00542	915.574311352609	0.284732189037171	0.102729633328123	2.77166558287737	0.00557702995363828	0.0282736504799022
B9J08_05133	724.335757616378	-0.306124378739075	0.110547549166922	-2.7691647715938	0.00562002052114538	0.0284655068703801
B9J08_05574	225.80455865528	-0.519349567919636	0.18759165455858	-2.76851104672919	0.0056313076569075	0.0284754661182072
B9J08_00663	5026.61893102712	-0.170670306313774	0.0616482232549714	-2.76845458478013	0.0056322834809833	0.0284754661182072
B9J08_04826	1784.85599097421	0.222627102171355	0.0804633549425368	2.76681356787006	0.00566071168069669	0.0285930559871538
B9J08_05333	5199.7652297171	-0.168845789175715	0.0610803724516536	-2.76432153895852	0.00570412997599831	0.028786079285809
B9J08_02648	849.968860410097	-0.300097481549041	0.108712441056459	-2.76047045428026	0.00577181784972031	0.0291011162505041
B9J08_03280	3745.49966199628	0.18855415218604	0.0683855444681141	2.75722235821281	0.00582946951228338	0.0293650235632417
B9J08_02202	4909.69000897728	-0.165390691576937	0.0599977752132656	-2.75661374091033	0.00584032965928255	0.0293929602779725
B9J08_03381	2786.3047483892	-0.190043503448036	0.0690628319563195	-2.75174790932746	0.00592781332050588	0.0297816464175674
B9J08_02486	6863.62299640834	0.161231806089384	0.0585931137695595	2.75171936967699	0.00592832990521456	0.0297816464175674
B9J08_05075	2004.50251579603	0.217779215159418	0.0791852649830939	2.75024924404703	0.00595499499067974	0.0298884548942374
B9J08_00649	628.405484958235	0.401617606089119	0.146091843460731	2.749076174106	0.00597634956539985	0.0299684401144393
B9J08_00914	1656.76251027927	0.23297244602266	0.0848238584721337	2.74654384060112	0.00602268360881875	0.0301734266670077
B9J08_00722	1819.20118424323	0.216707930291017	0.0789205068648469	2.74590140002691	0.00603448967804776	0.0302052148500291
B9J08_03983	1788.6328546608	-0.217861525306961	0.0794003889306799	-2.74383448546031	0.00607261474632098	0.0303685643416829
B9J08_04254	2041.08393951087	-0.216190076793333	0.0788334162464018	-2.74236595452884	0.00609983408329543	0.0304496230277139
B9J08_03684	5506.00113901643	-0.160812858188721	0.0586398973110467	-2.74237960096882	0.00609958064043865	0.0304496230277139
B9J08_03564	2878.7096090902	-0.196196844020309	0.0715666929841161	-2.74145466053397	0.00611678019428704	0.0305066828265119
B9J08_05211	468.509323468589	-0.378261660209402	0.138005390066557	-2.74091946718151	0.00612675221810002	0.0305288887552353
B9J08_03442	3044.29356635052	0.199046461363405	0.0727183624108426	2.73722419983603	0.0061960049972592	0.0308184385250365
B9J08_03253	2027.49159663479	-0.212360142355518	0.0775810684051399	-2.7372675669603	0.00619518818599075	0.0308184385250365
B9J08_04738	460.13121723469	0.376909951106398	0.137848607808834	2.73423110394478	0.00625261420885097	0.0310720657584499
B9J08_05477	5622.62829938005	0.171354340088958	0.0627859398446324	2.72918332532705	0.00634913967801215	0.0315234215072578
B9J08_02421	784.689924245384	-0.649319084953189	0.238144561928488	-2.72657531918857	0.00639953452619224	0.0317451349456227
B9J08_01414	1834.79908664672	-0.213754994441401	0.0784096857450295	-2.72612997246901	0.00640817590755242	0.0317595169755129
B9J08_02068	3491.79345007338	0.186578799617798	0.0684552299876623	2.72555945910087	0.00641926132641332	0.0317859752877279
B9J08_00004	483.704212977343	0.357879017340119	0.131337013938882	2.72489077227428	0.00643227627554928	0.0318219320930797
B9J08_02429	682.759334721364	-0.309358999042062	0.113558829795321	-2.72421791946652	0.00644539626752416	0.0318583438388526
B9J08_03477	74376.3714006578	0.129451809982921	0.0475451300559881	2.72271439431297	0.00647480062951061	0.0319751091801993
B9J08_00693	7451.25551798275	-0.17271937659413	0.0635077470648207	-2.71965838148595	0.00653493910383198	0.0322433079244377
B9J08_04994	1557.18573881738	0.232442783264062	0.0856140185461719	2.71500844384152	0.00662740806650894	0.0326704046487174
B9J08_04866	143.340762838827	-0.750622901963926	0.276533235028238	-2.71440393733244	0.00663951533932774	0.0327009433141779
B9J08_02828	4388.34090454991	0.174163675176601	0.0642016756765146	2.71275902601264	0.00667256095462554	0.0328344614235177
B9J08_02878	3170.31130797508	-0.185218976530822	0.0683057866481299	-2.71161471992055	0.00669563674140335	0.0329187260592906
B9J08_03909	506.590261928341	0.348870151361403	0.128690773852313	2.71091812503802	0.00670971920040502	0.0329586650954175
B9J08_00364	122.682531303781	0.705408350307867	0.260422893258125	2.70870329978511	0.00675467148936892	0.0331500337246668
B9J08_01421	407.329594940802	0.409399976416297	0.151459875622018	2.70302596469835	0.00687113787082299	0.0336917230173067
B9J08_01174	82190.4309311801	-0.129053777739483	0.0477687660119356	-2.70163515857282	0.0068999429786811	0.0338029978875865
B9J08_00155	1131.48901665608	0.265051769542229	0.0981619294543323	2.70014832650105	0.00693085682343731	0.0339243974251608
B9J08_05412	27.3021984257664	-1.4840500121987	0.550205275919942	-2.69726605168839	0.00699113895311067	0.0341420243091169
B9J08_05116	1020.19452257052	-0.265982019325261	0.0985957532488014	-2.69770259428992	0.00698197860822425	0.0341420243091169
B9J08_04376	35.0407900859742	-1.28092466761188	0.474920035682487	-2.69713756289755	0.00699383719801653	0.0341420243091169
B9J08_00075	4719.68748533867	0.162694162562401	0.0604018463298249	2.6935296261311	0.00706998618737474	0.034483327691684
B9J08_03778	8.00680297092157	3.19324516166134	1.18584712124767	2.69279665518911	0.00708554692611892	0.0345287753730077
B9J08_00590	1844.94986591291	-0.219439376298074	0.0815524094267936	-2.69077735214011	0.00712857525790867	0.0347078783023705
B9J08_04697	29383.1178687316	-0.131420036657252	0.0488544797283833	-2.6900304207088	0.00714455058771434	0.0347550653479754
B9J08_00512	20229.1287717336	0.165836750840397	0.0616999388576525	2.68779441132022	0.00719256652525298	0.0349578958270424
B9J08_01006	1353.08606346545	-0.262557702756602	0.0977108265518295	-2.68708915912538	0.0072077710423911	0.0350010374323662
B9J08_02061	137895.766605017	-0.12791206511055	0.0476933554721739	-2.6819682499626	0.00731904057943147	0.0355101872323118
B9J08_02282	1486.6289285533	0.224455281577602	0.0837753580558413	2.6792518323585	0.00737868762910414	0.0357682044492331
B9J08_03092	4368.68498503502	0.166028289266071	0.0619835614142693	2.67858582949785	0.00739337810926594	0.0358080335572241
B9J08_00087	1174.49026276458	0.244232895873325	0.0911980484034109	2.67804958712461	0.00740522543417162	0.0358340348874919
B9J08_03349	4264.11354006498	-0.167177279890247	0.0625199683823235	-2.67398215667546	0.00749564395843491	0.0362082154883
B9J08_00372	11125.0674761047	-0.148039864752832	0.0553608249766825	-2.67409065553459	0.00749321924594197	0.0362082154883
B9J08_05536	3268.12304598769	-0.176768456434216	0.0662076993449968	-2.66990785336169	0.00758720655774887	0.036533438886461
B9J08_02083	931.717833382245	0.27727889387748	0.103837268610488	2.67032152894547	0.00757786442556226	0.036533438886461
B9J08_01217	2137.62101229875	0.212032084776142	0.0794196217730989	2.66976951088882	0.00759033308116081	0.036533438886461
B9J08_00674	681.965346732707	0.299793928846866	0.112282970774997	2.66998572247986	0.00758544723282601	0.036533438886461
B9J08_00269	16368.9014146069	0.140267505288238	0.0525441107825544	2.66951906120769	0.00759599615249144	0.036533438886461
B9J08_04280	3004.8409520961	-0.183172958229707	0.0686272672573452	-2.66909882252526	0.00760550693751414	0.0365474012783586
B9J08_02440	631.367985935343	-0.331125992102961	0.124095797640548	-2.66830947057604	0.00762340030632574	0.0366015860193469
B9J08_03305	2123.8228174731	0.200141111912381	0.0751087294446742	2.66468509575584	0.0077060445520929	0.036966290041306
B9J08_03579	11777.8793287688	-0.139782370018956	0.0525001713221368	-2.66251264517334	0.00775596553854636	0.0371611929171331
B9J08_00479	197.219389124533	0.529300962013678	0.19881097002781	2.66233277740981	0.00776011170119124	0.0371611929171331
B9J08_04897	1695.11212989442	0.230665342914205	0.0866686244481381	2.66146306558994	0.00778018760904996	0.037192927973773
B9J08_00220	2151.80134434857	-0.198618198726315	0.0746245207318689	-2.66156749522003	0.00777777456195296	0.037192927973773
B9J08_02580	1721.90616056243	0.222072924301489	0.0835450034539802	2.65812334814033	0.00785771280598243	0.0375310963125119
B9J08_05109	2752.00180219867	0.189829270515624	0.0714482141222414	2.65687915153266	0.00788677092409916	0.0376373856610806
B9J08_02051	1959.13825958469	0.220624717883679	0.0830798646500726	2.65557387235689	0.0079173590429444	0.0377507869539013
B9J08_01447	9000.87720636766	0.162472987109264	0.0612358225246919	2.65323433916073	0.00797245003104628	0.0379807244803764
B9J08_04269	1121.14452421184	0.251008283300933	0.0946679409835703	2.65146025880605	0.00801445440687138	0.0381479753222079
B9J08_04649	5886.35644147544	-0.153098337035849	0.05777812925495	-2.64976279104317	0.0080548302438351	0.038274283572725
B9J08_01153	1712.80941866749	0.227525529006727	0.0858661285618201	2.64977043704629	0.00805464796903932	0.038274283572725
B9J08_04474	154.976511143067	0.608886848044225	0.229819777105025	2.64941014091215	0.00806324116410243	0.038281362127597
B9J08_02534	1823.45866382387	0.209227515301212	0.0790506549574222	2.64675245782474	0.00812688185980291	0.0385504147226157
B9J08_02307	90.5827119433723	0.770103145984675	0.291034043191566	2.64609300527009	0.00814274252484379	0.0385925526177472
B9J08_02826	4091.41237564338	-0.168504191108646	0.0636876704193561	-2.64578983654321	0.00815004340692439	0.0385940839757695
B9J08_04920	368.590203105659	0.393164700296232	0.148842656945087	2.6414786484313	0.00825450099051584	0.0390552993828427
B9J08_02829	758.70734788295	0.297203924252117	0.112542373711008	2.64081798216993	0.00827061397371791	0.0390980905031058
B9J08_04863	898.949011733396	-0.303120428974458	0.114854839674975	-2.63916113445678	0.00831114667162861	0.0392561505045071
B9J08_03314	3936.66713294047	0.170216538269477	0.0645186284658119	2.63825413399285	0.00833341048905746	0.0393046463203845
B9J08_01507	5080.62073676074	-0.159565709037591	0.0604836206265921	-2.63816397537942	0.00833562649318587	0.0393046463203845
B9J08_04754	581.414763453899	0.31742295211723	0.120404970823405	2.63629441497716	0.00838169728674493	0.0394650036129256
B9J08_00036	2327.75094008584	0.195363737163805	0.0741079443151003	2.63620505155474	0.00838390512478532	0.0394650036129256
B9J08_02247	4130.51789774047	-0.172243688881757	0.0653634575212319	-2.635167957965	0.00840956592881869	0.0395521336329049
B9J08_03289	3645.49623445592	-0.41739411322025	0.158472709648905	-2.63385483939148	0.00844215718694666	0.0396716834333067
B9J08_01643	33283.9277667171	-0.13591851803755	0.0516226998385361	-2.63292153379563	0.00846539021479447	0.0397470910679356
B9J08_00714	123856.258383113	0.128348587461307	0.0487739400218224	2.6314992679263	0.0085009050290112	0.0398799878841908
B9J08_01861	1684.0983067479	-0.218792025094455	0.0831571369158048	-2.63106731675934	0.00851171744771552	0.0398968722061988
B9J08_02963	5009.81840945349	-0.161889588734945	0.0615413629484664	-2.63058179050257	0.00852388561323474	0.0399200773300604
B9J08_03553	8293.83581806877	0.161419634281403	0.0614167696636671	2.62826643546015	0.00858212679565272	0.0401588352849029
B9J08_04038	898.049667425542	0.269601319826397	0.102603359875455	2.62760712859357	0.0085987761588649	0.040202731136671
B9J08_04024	7188.86923751179	0.166920000253107	0.0635730129265968	2.62564243173181	0.00864856166856626	0.0404013467811149
B9J08_01651	2684.25236470432	0.196441435084227	0.0748927047353573	2.62297156683522	0.00871665466831362	0.0406850776121879
B9J08_03274	991.800012108503	0.281481497705941	0.107399094031719	2.62089266435348	0.00876998691097466	0.0408994920780783
B9J08_01044	995.101202659116	0.275829117944135	0.10529413489474	2.61960571896882	0.00880314819028593	0.0410195557207005
B9J08_03995	580.534592306466	0.33032639563403	0.126125264310455	2.6190343183023	0.00881790759818812	0.0410537432033489
B9J08_04172	2061.8921668841	0.20034226816547	0.0765088493485453	2.61855027060709	0.0088304279518058	0.0410774575285432
B9J08_04296	2166.68138083464	0.196226135096304	0.0749485106940687	2.61814588814549	0.00884089986220279	0.0410916110402047
B9J08_04218	1345.98592797014	0.228731774827895	0.0873867350823922	2.6174656212094	0.00885854112349426	0.0411390352258999
B9J08_03136	2746.75674960366	-0.202899131264812	0.0775445905415584	-2.61654784489541	0.00888239151008487	0.0412151908072814
B9J08_00886	477.925065195855	-0.348317238482641	0.133143501010019	-2.6161039467967	0.00889394772207913	0.041234220327594
B9J08_04153	1397.58345582019	-0.228250584776995	0.0873156395227334	-2.61408593036265	0.00894665319042304	0.0414438348377134
B9J08_03865	841.476097991501	0.280757207497229	0.107465661610443	2.61252946559765	0.00898749445781486	0.0415981856453339
B9J08_04582	1960.63193539766	0.215881638177759	0.0826741984217459	2.61123352023907	0.00902162669476004	0.0417212518801988
B9J08_04399	2469.97745975836	0.192172664273221	0.0736732210604911	2.60844661746815	0.00909541970948576	0.0420273737787517
B9J08_04930	51.0787927403472	-1.00205649723769	0.384232387383947	-2.60794386454563	0.00910878908046136	0.042054017031746
B9J08_02227	5311.751191461	-0.155333997201542	0.0595889793757605	-2.60675713577884	0.00914041656598608	0.0421648407226597
B9J08_05577	1306.31535620514	0.228702026384668	0.0878559808266868	2.6031469256012	0.009237235785077	0.0425759592727174
B9J08_01225	113904.182616554	0.12172962475456	0.0468146922420579	2.6002440457186	0.00931574841942837	0.0429020853520885
B9J08_04202	2438.22166770049	0.190707459873769	0.0734022881048654	2.59811328498802	0.0093737563197907	0.0431161337598514
B9J08_00478	2081.58646054142	0.206705835796679	0.0795645329297308	2.59796454758599	0.00937781755796441	0.0431161337598514
B9J08_02062	2222.45043705223	-0.200556594677838	0.0772729897797063	-2.59542946700515	0.00944727909768874	0.0433994191771731
B9J08_01012	8223.39964256493	-0.153032102370701	0.0590600122247952	-2.5911288637772	0.00956616630689878	0.0439091002850267
B9J08_00877	420.040307065725	-0.361863212175153	0.139687079064988	-2.59052744604102	0.00958289797522927	0.0439494267835764
B9J08_05378	2307.31233010337	-0.187596740615896	0.0724748574098084	-2.58843890585576	0.00964120477670938	0.044180201839254
B9J08_04894	176.197860346995	0.566521962403883	0.219070017137093	2.58603148804867	0.00970880606516629	0.0444531509490354
B9J08_03771	16.7322873265989	1.81521160650664	0.702630136145979	2.5834525351607	0.00978169255713911	0.0447128442425921
B9J08_01206	2569.68746525693	-0.202501997667553	0.0783824492864721	-2.58351199166345	0.0097800067181701	0.0447128442425921
B9J08_04981	2095.61515843092	-0.21451881210377	0.0830686701391702	-2.58242742714399	0.00981079938237175	0.0448088615886855
B9J08_03524	4083.66627933647	-0.182786895418684	0.0707921836177626	-2.58202086837198	0.00982236453405002	0.0448246685130616
B9J08_03276	2942.46719837802	-0.175155021165315	0.0678592301898873	-2.58115249281766	0.00984710742511295	0.0449005368246494
B9J08_02102	17781.536418918	-0.154350845762272	0.0598530413308005	-2.57883045423195	0.00991354300110093	0.0451398601772162
B9J08_01059	2760.12748986476	0.184840541207165	0.071678410250623	2.57874777859708	0.00991591576845374	0.0451398601772162
B9J08_03102	3647.65368074172	-0.215871980500829	0.0837717253733737	-2.57690741761232	0.00996886475330211	0.0453435780843042
B9J08_03514	529.916853802816	-0.363786063437422	0.141419316758383	-2.57239302081309	0.0100998164344678	0.045863780541085
B9J08_02335	1058.43859649354	-0.260020047486369	0.101072208299507	-2.57261666546211	0.0100932931599342	0.045863780541085
B9J08_04423	1249.90071986798	0.235257596500319	0.0915927255346869	2.56851835259805	0.0102134303792897	0.0463416599079992
B9J08_02797	3314.93984717906	0.169619600011272	0.0661856222415128	2.56278621046012	0.0103835964865037	0.0470751411203704
B9J08_01000	2089.27977392892	-0.193412230524987	0.0755138831007498	-2.56128042398427	0.010428714087201	0.0472409644687213
B9J08_02245	6779.57197943133	0.158272732857421	0.0618663445064527	2.55830102974506	0.0105184994264348	0.0476086909391251
B9J08_02052	3400.93780428782	0.169851856305999	0.066415750733884	2.55740324289287	0.0105456891132347	0.0476927281155363
B9J08_04546	6272.87900854674	-0.147591294090675	0.0577712951613569	-2.55475134629487	0.0106263678504494	0.0480183338078722
B9J08_04658	102.698006676024	-0.723576869945148	0.283376526345544	-2.55341146028035	0.0106673396075753	0.0481641268322441
B9J08_01477	4937.28501524112	0.156253022395819	0.0612756858299189	2.5500003839945	0.0107722800432106	0.048598271548938
B9J08_05008	232.646206245046	0.466725278701497	0.183109228586832	2.54888998388289	0.0108066385365608	0.0487135433950431
B9J08_03972	2400.95309240535	-0.19869541090644	0.0779658162819747	-2.5484939474991	0.0108189164181714	0.0487197404813001
B9J08_02434	4919.30601908852	-0.160104232780873	0.0628284122930281	-2.54827755369906	0.0108256302750891	0.0487197404813001
B9J08_04535	1755.28349918714	0.22459213437134	0.0881511482888258	2.54780724620248	0.0108402348581949	0.0487458040655903
B9J08_02322	1061.96296895684	0.246641166744485	0.0969025843490089	2.54524859580804	0.0109199965332044	0.0490645823112539
B9J08_05031	2675.75834937355	0.179683191873733	0.070680670223255	2.54218290950238	0.0110162507338005	0.0494568853966319
B9J08_03953	4235.25914925999	0.190838385255362	0.0751060403483308	2.54091927054444	0.0110561444546116	0.049595729909535
B9J08_02211	678.869034987917	-0.286283159220889	0.112727815306123	-2.53959644692359	0.0110980441219782	0.0497433403878944
B9J08_02686	6491.48959200219	-0.161742060888368	0.0637427819040486	-2.53741766607922	0.0111673632884104	0.0500070455952626
B9J08_01574	1960.34941256807	-0.196106160903063	0.0772929756681115	-2.53717959760178	0.0111749608309066	0.0500070455952626
B9J08_04007	5192.4554753691	0.150117345723473	0.0592375532842205	2.5341584417441	0.0112717753327108	0.0503995063583052
B9J08_02367	1487.42340641348	-0.23212621134156	0.0916706491759995	-2.53217593011584	0.0113357099756478	0.0506444360866783
B9J08_01091	2078.84701351377	0.190260856599531	0.0751808897846138	2.53070769905238	0.0113832667334958	0.0508158581944838
B9J08_04379	5329.29918617564	-0.155162852387317	0.0613197022309696	-2.53039148498917	0.0113935322200686	0.0508206667009672
B9J08_03950	433.589279972908	-0.3506621772322	0.13860977793443	-2.52985166312063	0.0114110758397915	0.0508579052940265
B9J08_05379	1299.06637336918	-0.223667093711584	0.0884646129578124	-2.52832275226533	0.0114608939722076	0.0509977510541272
B9J08_04460	3229.55439440651	-0.178974245834655	0.0707816267565963	-2.52854100754297	0.0114537705365269	0.0509977510541272
B9J08_05307	57.7789728727574	-0.905784545858207	0.35863673905068	-2.52563233832607	0.0115490274850368	0.0513486101444842
B9J08_00736	3169.68638922052	-0.178202113258695	0.0705919104949563	-2.52439850415194	0.0115896466242314	0.0514878196615455
B9J08_02494	2415.26848607817	0.182796840695595	0.0724631473896342	2.52261801040323	0.0116484858293174	0.0517076846885669
B9J08_01517	1870.05038582212	0.196301786916506	0.0779026990028501	2.51983293812868	0.0117410544797333	0.0520768021871732
B9J08_01400	1242.35983664232	-0.240398835784246	0.0954323294678959	-2.51905027493977	0.0117671853720553	0.0521508832474663
B9J08_04374	297.31813114556	0.407552343953215	0.161994467806241	2.51584112391222	0.0118748699324873	0.0525203992791579
B9J08_03726	459.414793170845	0.361925264615957	0.143841515498454	2.51613912271279	0.011864833768399	0.0525203992791579
B9J08_02078	821.59776475386	-0.267704898472408	0.106412957910292	-2.51571710559994	0.0118790489058446	0.0525203992791579
B9J08_02099	12909.8741075641	-0.139281744636149	0.0553987632114868	-2.51416704204092	0.0119313906163909	0.0527096817086724
B9J08_00536	384.047632802696	0.368030858387578	0.14653463074775	2.51156232836945	0.0120198058004076	0.053057897751041
B9J08_02156	67.1279444781016	0.85024801890861	0.338773378241805	2.50978404301218	0.0120805015893099	0.0532832968823551
B9J08_03177	8545.83000332526	-0.154376189211767	0.0615250477954965	-2.50916000463582	0.0121018653418887	0.0533349937896304
B9J08_04321	2519.18114647781	0.18250560796347	0.0727512887434962	2.50862371121618	0.0121202519203943	0.0533734979074051
B9J08_00173	2575.5512516377	0.18876292489737	0.0754086631280999	2.50319946100503	0.0123076159936759	0.0541554686245196
B9J08_02898	186.757391075994	0.517801505769558	0.206923980570989	2.50237553105604	0.0123362994833353	0.0542007114367223
B9J08_01501	694.61142499566	-0.285727395768638	0.114184028594579	-2.50234117052516	0.0123374969623637	0.0542007114367223
B9J08_04517	811.104959433013	0.263926328674821	0.10579635190007	2.49466379449561	0.0126076523490946	0.0553435913832083
B9J08_01885	1891.38464505162	0.1965913673434	0.0788303451258003	2.49385394710212	0.0126364527975842	0.0554260272985237
B9J08_01026	3859.8398957619	0.159336566520159	0.063934875937456	2.49216979283778	0.0126965326149916	0.0556454214687152
B9J08_05346	2160.95055494606	0.186632312730839	0.0749110609957944	2.49138525405903	0.0127246061458443	0.0556564210690304
B9J08_04306	1974.6534283669	0.206716698746379	0.0829614042557402	2.4917213082501	0.0127125742365876	0.0556564210690304
B9J08_01113	337.001925400351	0.388896779493092	0.156104692593051	2.49125617579547	0.0127292302752348	0.0556564210690304
B9J08_01308	2047.4991758841	0.198697901429486	0.0798197607467962	2.48933221010014	0.0127983313764439	0.055914352956644
B9J08_01532	456.041424256995	-0.345919485020847	0.138980597303041	-2.48897681930799	0.012811131842522	0.0559261012004649
B9J08_04019	815.615631640385	-0.260907847381714	0.104936644344008	-2.48633686556999	0.0129065728700224	0.0562983080000739
B9J08_03552	1291.41995286055	-0.226471209299711	0.0911022464130533	-2.48590148120937	0.012922373402565	0.0563228111029054
B9J08_02924	7236.93929578723	0.14251074749094	0.057361320769334	2.48443978589711	0.0129755450219106	0.0565100311151085
B9J08_00653	3013.75120708392	-0.194607520955728	0.0784596831547858	-2.48035058428422	0.013125326039083	0.0571173708278271
B9J08_00787	2035.40903681773	0.187557336889524	0.075629951854565	2.47993463291096	0.0131406470227032	0.0571390870146003
B9J08_01974	2985.61556494142	0.167135240763192	0.067538029335106	2.47468341034813	0.0133354328732829	0.0579405178492757
B9J08_01718	3042.08193087142	-0.166834675428034	0.0674279924608365	-2.47426431277684	0.0133510880555729	0.0579630047373422
B9J08_04949	16.9335827546625	1.70577904592699	0.690265964368271	2.4711910103928	0.0134663869194381	0.058417714550127
B9J08_00290	2538.02203428298	-0.176497049710843	0.0715148125991064	-2.46797891648321	0.0135878322497529	0.0588983543678551
B9J08_04143	3054.5236583407	0.165472254990114	0.0672039499195255	2.46224001994319	0.0138072232439101	0.059779517046263
B9J08_02254	501.323179941865	0.315584100277992	0.128176959203917	2.46209694970162	0.013812732378435	0.059779517046263
B9J08_02170	344.536256275239	-0.379626529783455	0.154218287417664	-2.46161811378003	0.0138311847967798	0.0598125747544872
B9J08_01293	833.201032530887	-0.255897096272633	0.104001843345335	-2.46050539145671	0.0138741487414706	0.0599514974133391
B9J08_00850	225.024947504399	0.462095680500083	0.187999347389976	2.4579642797458	0.0139727071116072	0.0603302443671345
B9J08_02034	40167.3240392239	-0.126350536171036	0.0514146472122678	-2.45748134085978	0.0139915078868605	0.0603642980672587
B9J08_01587	1135.62544777437	-0.229100968496478	0.0932745816639524	-2.45619936760347	0.0140415233642577	0.0605328649475522
B9J08_00250	2788.57264318755	-0.176535766530958	0.0720910971434287	-2.44878734720504	0.0143338046458872	0.0617447612900328
B9J08_03699	4976.00545444668	-0.612580141888116	0.250349789698248	-2.44689697014114	0.0144092022400322	0.062021243260403
B9J08_05130	71.5008847481203	-1.71557162391716	0.702314097517158	-2.44274126061558	0.0145761833066304	0.0626911896337271
B9J08_02464	5123.89662146152	-0.146624293264102	0.0600809548599674	-2.44044545573292	0.0146691609849254	0.0630046981785717
B9J08_01513	2359.031691694	0.17579121554014	0.0720343902475507	2.44037903195991	0.0146718588418008	0.0630046981785717
B9J08_02774	31965.7075372717	-0.120560578810043	0.0494271566333981	-2.43915667057772	0.0147215842084254	0.0631691871658655
B9J08_00123	10253.1508285966	-0.134920873122848	0.0553293082181672	-2.43850641672305	0.0147480968568366	0.0632338943528396
B9J08_04710	907.856030489327	-0.254930698631757	0.104583223527044	-2.43758692870885	0.0147856587494143	0.0633458393051979
B9J08_04890	198.962635616409	-0.478816651174081	0.196582003153367	-2.43570949269717	0.0148626155645785	0.0636262590461949
B9J08_01541	484.226698510583	0.321424311139314	0.132058899746231	2.43394660834653	0.0149351979342195	0.0638875326946387
B9J08_02188	1943.72332778052	0.191979065667526	0.0789415335103754	2.43191457184315	0.0150192492604146	0.064147851474404
B9J08_00501	1009.48443278532	0.233961520081038	0.0962025213251897	2.43196869331716	0.0150170052387664	0.064147851474404
B9J08_01725	3879.72689623554	-0.441658635125283	0.181718374784245	-2.43045666487864	0.0150798092493833	0.0643568093814345
B9J08_01843	1389.18331126557	-0.216033868210958	0.088925631820607	-2.4293768150759	0.0151248036676226	0.0644990663728763
B9J08_03461	2088.69782131797	0.180921870929915	0.0746444346314271	2.42378245375233	0.0153598035758716	0.0654507500602048
B9J08_00057	385.398781593241	0.361881823684022	0.149359880577585	2.42288506314144	0.0153977975202797	0.0655621386333077
B9J08_02312	3998.31221260552	-0.159576594755939	0.0658717101608723	-2.42253608364228	0.0154125950253418	0.0655746639116656
B9J08_04578	2732.73625331644	-0.167678767592485	0.0692372983824915	-2.42179824328453	0.0154439223076666	0.0656574437230624
B9J08_03453	3127.9609793149	-0.160579015077493	0.0664372536639656	-2.41700260353459	0.0156489051936163	0.0664777992518368
B9J08_03977	228.411352285332	-0.469109797133443	0.194178228974923	-2.41587226132352	0.015697567254056	0.0666333418896267
B9J08_05189	394.498599055805	-0.353335291272104	0.146293816431221	-2.4152441975442	0.0157246633503054	0.0666460635942828
B9J08_04138	3373.48473385524	-0.17862247060043	0.0739552357550748	-2.41527822576338	0.0157231942422618	0.0666460635942828
B9J08_01118	2260.54856446321	-0.178882407792023	0.0741060066054251	-2.41387191114583	0.015784010094339	0.0668463704684448
B9J08_04510	412.648931463119	0.344818769769726	0.143298743948577	2.40629303696803	0.0161153322996575	0.0681973243683285
B9J08_00777	2114.91483512398	0.202296939198498	0.0842551750252938	2.40100313289679	0.0163501965174105	0.0691383309921997
B9J08_03454	146.067201127746	-0.5434067505115	0.226423177187063	-2.39996080464217	0.0163968274550212	0.0692825459539513
B9J08_01660	2642.909148717	0.171648995526647	0.071555664823009	2.39881770298991	0.016448101009147	0.069446142505032
B9J08_05250	27.7680303658036	1.25357706713933	0.524005656447206	2.39229682297451	0.0167432954794354	0.070606271117856
B9J08_04152	5289.72996103255	0.141115247582148	0.0589901101557457	2.39218484606276	0.0167484049370145	0.070606271117856
B9J08_00357	5629.01143584143	-0.155330243289069	0.0649941552323696	-2.38991095020355	0.0168524583667832	0.0709908204315902
B9J08_01299	15413.5862742458	0.12610803888031	0.052803079138645	2.38827055045763	0.0169278749439491	0.0712542437709151
B9J08_05575	263.558107916972	-0.411182381085626	0.172284800407213	-2.38664339578276	0.0170029750474413	0.07140733104586
B9J08_03719	2719.76988389555	0.168763369830731	0.0707092070074126	2.38672411943525	0.0169992424267203	0.07140733104586
B9J08_03635	10953.6869965334	0.142064076114919	0.0595190591235131	2.38686696676622	0.0169926390006661	0.07140733104586
B9J08_05300	7677.20616647316	0.137537562794859	0.0576540545597052	2.38556618168854	0.0170528537589097	0.0714853465007774
B9J08_05089	1066.24879029295	0.249592652854063	0.104633236653692	2.38540506665342	0.0170603249649297	0.0714853465007774
B9J08_03178	612.353900501387	0.289148310603595	0.121201938256352	2.38567398148388	0.0170478564836153	0.0714853465007774
B9J08_00408	1910.30821502425	0.184604431611906	0.0774287297065043	2.38418520246495	0.0171169856073031	0.0716684688826596
B9J08_03781	1085.71472022092	0.245573700764513	0.103053607435478	2.3829704449528	0.0171735730483938	0.0718510079657083
B9J08_04258	2120.80422709668	-0.183685996169392	0.0771520947211395	-2.38082966941224	0.0172736970108716	0.0721905810048107
B9J08_02090	3582.4731274974	0.154470338598373	0.0648850373507708	2.38067734727964	0.017280840580432	0.0721905810048107
B9J08_03905	2721.56570720451	-0.164639034807573	0.0693154183279353	-2.37521519423942	0.0175387216533739	0.0731573676205214
B9J08_03232	55.4131004010523	0.873214978269669	0.367604035349821	2.37542272200221	0.0175288624664161	0.0731573676205214
B9J08_01181	1859.72795116299	-0.187242314459059	0.078871144348484	-2.37402811897528	0.0175952104717284	0.073337685847121
B9J08_04594	748.124987596915	-0.270931322026727	0.114270677038723	-2.37096102909162	0.017741901669253	0.0738934172685532
B9J08_00744	5153.15290233876	0.141398254121655	0.0596500202812192	2.37046447687754	0.0177657510406033	0.0739370722389591
B9J08_04499	3476.82471849443	0.160821740479435	0.0678811347023541	2.36916694431535	0.0178282041128645	0.0741412007129727
B9J08_02716	1089.93682827341	0.227879712388559	0.0962219873652766	2.36827068976953	0.0178714550477296	0.0742094728746189
B9J08_00369	24485.7857076548	-0.134189126585999	0.056656316205159	-2.36847602481045	0.0178615379980405	0.0742094728746189
B9J08_03897	917.394823368727	-0.253810224190994	0.107190543520223	-2.36784156377666	0.0178921960875683	0.0742398623858516
B9J08_03683	4542.33179020685	-0.146148184770451	0.0617449155362771	-2.36696711787684	0.0179345261515485	0.0743530304990138
B9J08_03624	2225.4616739014	0.194479726857182	0.0821725744532477	2.36672305998922	0.0179463561229766	0.0743530304990138
B9J08_03617	597.546886703542	0.298231771630543	0.126362080357959	2.36013660732484	0.0182682065222276	0.0756298280497312
B9J08_02390	1001.97310136281	0.263333843055802	0.111780287391618	2.35581647892191	0.018482046059556	0.0764578883735258
B9J08_01294	4318.96011284729	-0.147519982661625	0.0626426426906711	-2.3549450713642	0.0185254438826187	0.0765801420887625
B9J08_02667	125.054391074748	-0.576596431703194	0.244987796364603	-2.35357205648347	0.0185940036961902	0.076806149696511
B9J08_01605	6108.63736881257	0.136493931594603	0.0580076465304131	2.3530334319466	0.0186209598209502	0.0768600960967729
B9J08_00162	1478.85508695709	-0.206886732459188	0.0879654604009069	-2.35190870958092	0.0186773581942041	0.0770353975929478
B9J08_04817	638.443520734307	0.28905481359671	0.122982007262212	2.35038295464157	0.0187541048899493	0.0772943026425556
B9J08_02700	791.042331062293	0.281479097142658	0.119838328881528	2.34882361736642	0.0188328256959025	0.077560952288933
B9J08_01327	626.716614549468	-0.276758897449323	0.117857217731465	-2.34825581985069	0.0188615617958963	0.0776215017061772
B9J08_05334	996.858069795552	0.229091522206852	0.0976167698339173	2.34684596301047	0.018933080204066	0.0778000494863962
B9J08_00433	1311.98325544704	-0.210964382929277	0.0898874280055225	-2.34698430704142	0.0189260518897961	0.0778000494863962
B9J08_03637	2170.06867494255	-0.175168185802541	0.0746835417404393	-2.3454723988765	0.0190029855236117	0.0780293340245704
B9J08_04283	2114.62140451586	-0.177663369055646	0.0757599959592884	-2.34508155400533	0.0190229181391174	0.0780532345901025
B9J08_05167	3634.30732666733	0.17864350571971	0.0762720083276792	2.34218961368138	0.0191709724669228	0.078602408239103
B9J08_04056	34.1995595243044	1.11146427017484	0.474920348000416	2.34031722341336	0.0192673667242821	0.0789391150755587
B9J08_02762	1045.9542083084	0.232798769223112	0.0994907023308332	2.3399047726992	0.0192886573241656	0.0789678487490449
B9J08_01930	3921.47611896154	-0.15762529051507	0.0673955537455759	-2.3388084488499	0.0193453492671703	0.0791413659739045
B9J08_05094	984.583665662822	-0.236123427298261	0.101036926644124	-2.33700128399533	0.0194391173181726	0.0794661920819016
B9J08_03765	61.6217254237657	0.820222274697527	0.351035366673812	2.33658016418525	0.0194610248525668	0.0794969929538752
B9J08_02022	5520.01791589355	-0.144943339780887	0.0620703146891989	-2.33514749371987	0.019535716969343	0.0797432107434954
B9J08_04883	15326.9605702108	0.121915591686602	0.0522319912780923	2.33411724698571	0.019589583443958	0.0798452365722415
B9J08_02480	3872.47535197793	0.152271261610341	0.0652332914931296	2.33425691276636	0.019582273422008	0.0798452365722415
B9J08_05471	853.792865326787	-0.284791477264831	0.122033250334029	-2.33372033019936	0.0196103708406175	0.079871105389879
B9J08_01142	1347.30320135991	0.214352255630015	0.091869111000435	2.33323533117677	0.019635797448329	0.0799158172823457
B9J08_01482	3755.77042508718	0.154382479850556	0.0662440193288915	2.3305119679419	0.0197791082254681	0.0804398879375472
B9J08_01275	2796.90497172114	0.162979876924902	0.0699481260567919	2.33001062519639	0.0198055895520831	0.0804884025074002
B9J08_05558	7882.87790906258	-0.134123694366285	0.0576070977277756	-2.32824946328822	0.0198988610789521	0.0808080768191512
B9J08_01590	3534.85206669238	0.188571989637328	0.0810957146938265	2.32530153226066	0.020055842426642	0.0813858139851483
B9J08_04979	13067.4121865433	-0.121131216256312	0.0521108505118246	-2.32449125405899	0.0200991797743081	0.081442170938973
B9J08_01412	765.321808915976	-0.251621831562315	0.108245198723842	-2.32455420220771	0.0200958100968075	0.081442170938973
B9J08_01255	3446.59585055878	-0.156689454762663	0.0674564373037565	-2.32282434450384	0.0201885907099961	0.081744579221807
B9J08_04050	660.643574158699	-0.268375774067432	0.115553433232466	-2.32252531629694	0.0202046668693044	0.0817498262283266
B9J08_00200	3853.50075149508	0.163667083057145	0.0705362641582721	2.32032536752872	0.0203232828326026	0.082169647183571
B9J08_03488	969.036118041756	-0.244319501489547	0.105362100046517	-2.31885565475328	0.0204028642998122	0.0824311486064727
B9J08_01401	926.764355951585	-0.230425544945661	0.0995924602173721	-2.31368463478792	0.0206850273376783	0.0835101359158383
B9J08_03137	1177.94096701697	-0.208738486587504	0.090399015488263	-2.3090792024677	0.020939186609022	0.084474574131656
B9J08_05230	2336.48155999516	0.169837230713588	0.0736489504797192	2.30603735161652	0.021108545343686	0.0849016973345216
B9J08_04645	5933.38284860228	-0.138228959593388	0.0599626461417752	-2.30525116030671	0.021152511105943	0.0849016973345216
B9J08_04395	1129.07925956619	-0.224037745912304	0.0971510146603792	-2.30607726224472	0.0211063155676332	0.0849016973345216
B9J08_03227	2814.96013948401	0.165025765323454	0.071542730309066	2.3066741318166	0.0210729933989902	0.0849016973345216
B9J08_03103	3482.30295349985	0.15767455179216	0.0683920397440789	2.30545180962833	0.0211412827244397	0.0849016973345216
B9J08_02626	1266.5480917575	-0.229174002413509	0.099392044942457	-2.30575799648945	0.0211241584459284	0.0849016973345216
B9J08_00552	1929.95163254893	-0.202277224552995	0.0876945187056559	-2.30661194722936	0.0210764629138266	0.0849016973345216
B9J08_00038	6167.0633959675	-0.134189166877659	0.0583175720551648	-2.30100743478696	0.0213912108400551	0.0857975251315043
B9J08_02871	519.51684828493	0.299180773421348	0.130395835929576	2.29440435186081	0.0217672834230558	0.0871996883202294
B9J08_02661	740.237729700275	-0.270498129061313	0.117913339275754	-2.29404179987408	0.0217880978590774	0.0871996883202294
B9J08_02203	224.294847208358	0.430412006612985	0.187601184993299	2.29429257937982	0.021773698535936	0.0871996883202294
B9J08_01810	74406.0990910992	-0.113984445804593	0.0496947878678857	-2.29369015735859	0.021808302517321	0.0872174412315997
B9J08_01103	5550.81516668335	0.140095789198145	0.0611305946915692	2.29174589098944	0.0219203106347155	0.0876020506651817
B9J08_01860	1337.70507664249	-0.21544993128005	0.0940295408512361	-2.2913004714222	0.0219460413679516	0.0876415558167078
B9J08_02845	2745.70485327466	0.169492164851813	0.0740689679550715	2.2883019641184	0.0221199422175554	0.0882722946647179
B9J08_03801	46665.9158955768	0.11410376057974	0.0498845151366583	2.2873583168475	0.0221749171809852	0.0884278781024003
B9J08_03418	1580.13204244271	-0.18689920161866	0.0817889531716397	-2.28513991646817	0.0223046249082698	0.0888810377288476
B9J08_04034	146.547282988933	0.526619859743034	0.230893603949747	2.28079015933959	0.0225608669762349	0.0898374047844172
B9J08_04424	2954.46837694259	0.154415760216175	0.0677504552067463	2.27918409913206	0.0226561239119025	0.0901518139257069
B9J08_03334	1089.88234829641	0.213934523060122	0.0939838699274275	2.27628978488882	0.022828671109166	0.0907730984218529
B9J08_03809	1215.3011421873	0.212755725406759	0.0934892334869321	2.27572435318445	0.0228625128214138	0.0908423551833619
B9J08_02549	1243.34317040836	0.208400695691905	0.0916401437226724	2.27412013148497	0.0229587646033143	0.0911593158800657
B9J08_03179	623.893116669284	0.289739628286971	0.127489021126074	2.27266336918884	0.0230464737016164	0.0914419268605742
B9J08_01439	517.793987053275	0.286829103512733	0.126405859589915	2.26911240066926	0.0232614914566099	0.0922288955172109
B9J08_00011	175.785445464699	0.471523775858584	0.207870507925704	2.26835341176495	0.0233076749018384	0.0923458093711091
B9J08_01257	8298.14554564356	-0.144703808676331	0.0638196140450495	-2.26738771209406	0.023366551473784	0.0925128104520397
B9J08_01284	4859.87838569717	0.137180962888409	0.0605141598733454	2.26692336430887	0.0233949076645598	0.0925588228130761
B9J08_03572	1759.13745573182	0.18310416416033	0.080786386414137	2.26652252053556	0.0234194098909101	0.092589532599445
B9J08_02597	1406.60333604659	0.19863386760216	0.087692204783956	2.2651257097655	0.0235049663431861	0.0928614063172587
B9J08_04901	9863.34504023459	0.12163996909527	0.0537312271275992	2.26385987437814	0.0235827345495231	0.093102144749045
B9J08_05315	468.422436681998	0.30173116304371	0.133346147957372	2.26276624908706	0.0236501024908421	0.0932077958488036
B9J08_05097	4827.04340894848	0.136404695423007	0.060286571157939	2.26260496828811	0.0236600515949594	0.0932077958488036
B9J08_02400	3921.92413805019	0.163517342817313	0.0722613709662667	2.26285968050132	0.0236443405462428	0.0932077958488036
B9J08_03913	2930.08770370579	-0.15638814030873	0.0692980754142377	-2.2567457952317	0.0240239635153095	0.0945740513901615
B9J08_03353	1063.96639700473	0.21878895065713	0.0969729607022113	2.25618511668419	0.0240590402564827	0.0945775065093148
B9J08_02787	234.857911323968	0.415543989175012	0.184159912241463	2.25643020849276	0.0240437015511745	0.0945775065093148
B9J08_01283	517.230559903573	-0.319305293704086	0.141541630409144	-2.25591080716743	0.0240762175702982	0.094577812060596
B9J08_02855	1506.93984906221	-0.205582118576819	0.091144243811517	-2.25556886512719	0.0240976449346411	0.0945948006625266
B9J08_04043	2081.26406629384	-0.201753578060946	0.0894583268674714	-2.25528002954755	0.0241157573301812	0.0945987615554839
B9J08_03151	9045.90469625783	-0.135117192999031	0.0599354453087901	-2.25437872869554	0.0241723523013131	0.0947535652576633
B9J08_02333	4950.94108829793	0.141958780259655	0.0630086254988948	2.25300550735145	0.0242588017202927	0.0950250937074639
B9J08_01027	3249.15651340352	-0.148433089440931	0.0659584762784955	-2.25040203800651	0.0244234357575992	0.0956022810865403
B9J08_03949	2043.83343062384	-0.176707626625179	0.0785763911142976	-2.24886411960736	0.0245211424098337	0.0959168590302619
B9J08_00596	258.125957497069	0.408402128758884	0.181764058024373	2.2468805615251	0.0246476613225057	0.0962755754059175
B9J08_00005	21.628481675506	1.38185800423556	0.614970546441097	2.24703119886396	0.0246380332937554	0.0962755754059175
B9J08_01553	2143.39573090936	-0.185005409118797	0.0825893591078396	-2.24006350354686	0.0250868004811029	0.0979217314474101
B9J08_03928	6686.15637979338	-0.131404080567009	0.0587722170816976	-2.23581969664931	0.0253635841856508	0.0989322878214631
B9J08_04835	2367.79080080952	0.169868548729121	0.0760174423885405	2.23459963123843	0.0254436450801276	0.0991746306823014
B9J08_01547	240.848497855464	-0.400148644807001	0.17911767953367	-2.23399859717243	0.0254831653640331	0.0992587236820189
B9J08_01443	1686.06460315436	-0.181942040946868	0.0814881602427674	-2.23274203767555	0.0255659605674101	0.0995111385632268
B9J08_04719	1680.91344527543	-0.205066037088982	0.0918772913337759	-2.2319556237679	0.0256178960045076	0.0996431665266748
B9J08_03598	735.170653318593	-0.264323200325953	0.118483827210913	-2.23087999896755	0.0256890789383231	0.0998026385983755
B9J08_00116	5960.70622997311	0.135170423968746	0.0605930502101158	2.23079088278312	0.0256949841555029	0.0998026385983755
B9J08_05460	5767.77251158347	0.129335015919783	0.057999602234391	2.22992936049988	0.0257521328505083	0.0998983036266063
B9J08_02982	5890.32981104589	0.140446655031963	0.0629840909188613	2.22987508405722	0.0257557369321173	0.0998983036266063
B9J08_04880	1187.20877694219	0.22185129385601	0.099535165376509	2.22887351436871	0.025822321821597	0.100086378412931
B9J08_02503	8754.11741441406	-0.122133961917195	0.0548102940951668	-2.22830334946086	0.0258602931413971	0.100163362300467
B9J08_01918	407.03800150206	0.319113464769359	0.143268839162499	2.22737523829179	0.0259222059046424	0.100332904729585
B9J08_05455	1690.48532235894	0.18267990560188	0.082078058478291	2.22568502458179	0.0260352865410638	0.100700118782254
B9J08_00222	707.890374816416	-0.257296339349765	0.115659304451132	-2.22460562572791	0.0261077246500782	0.100909730985033
B9J08_04222	1300.95370838699	-0.200707503785732	0.0903956011005166	-2.22032379166938	0.0263967960398768	0.101955235437524
B9J08_00976	7360.88399276342	-0.124701058681682	0.0561702764895171	-2.22005420793958	0.0264150881182375	0.101955235437524
B9J08_04991	7738.67022757926	0.124532241767304	0.0561015995791787	2.21976276436727	0.026434875772633	0.101960458785518
B9J08_05039	1960.32601797793	-0.193864650976609	0.087416406470619	-2.21771471516353	0.026574290277691	0.102426759251504
B9J08_00758	661.742501629935	0.255904020968153	0.115489881639773	2.21581334515822	0.026704288115097	0.102856140365322
B9J08_05142	2698.51172800082	0.161781926155298	0.0731650533463749	2.21119125533056	0.0270225956885494	0.103940171640289
B9J08_01434	1265.11647560694	0.201676069407128	0.0912074066269043	2.21118083350522	0.0270233170889054	0.103940171640289
B9J08_04167	4685.8251751409	0.146544200699388	0.0662892845696267	2.21067705966061	0.0270582082220186	0.104002049809579
B9J08_03170	2163.16915292311	-0.162944298537105	0.0737208423597429	-2.21028807215699	0.0270851759071845	0.104033408293498
B9J08_00832	398.78457554812	-0.343229722654292	0.155517122622595	-2.20702207490833	0.0273125171554942	0.104833818450408
B9J08_01645	2508.89391762238	-0.156623331220015	0.0710124014835638	-2.205577166071	0.0274136193150436	0.105148910146676
B9J08_00329	3243.43170876617	-0.157331109893396	0.0713475281727361	-2.20513749982325	0.0274444473378198	0.105194205284464
B9J08_04778	6474.13713718116	0.127802608937522	0.0579816836769262	2.20418933761286	0.0275110313167948	0.105376394884482
B9J08_00695	1691.46802458042	-0.1828761127414	0.0830222859642495	-2.2027352128096	0.0276134168552609	0.105695369291659
B9J08_01163	2181.60042656721	-0.172489263066116	0.0783566898003962	-2.20133422564825	0.0277123716267555	0.106000779714789
B9J08_02423	7395.20734244794	-0.122221851431299	0.0555787477562959	-2.19907530063871	0.0278725684626898	0.106539859134165
B9J08_01852	919.065586087425	0.220507111993672	0.100445760914925	2.19528539567177	0.0281431318541371	0.107499766771569
B9J08_02592	646.054986064634	0.257060673023048	0.117113292673545	2.19497434624786	0.0281654380148718	0.107510723022951
B9J08_05082	2880.46744212272	-0.15701829196836	0.0715560125655629	-2.19434099719422	0.0282109042179667	0.107610007744534
B9J08_04636	52.2655470826038	0.831998544889829	0.379369930146242	2.19310619734439	0.0282997286235574	0.107874430749067
B9J08_02558	738.121141577008	-0.241284052322603	0.110088081150022	-2.19173637874381	0.028398547337042	0.108176560138553
B9J08_00472	523.219694918873	-0.281434828107511	0.128449509303642	-2.19101520615566	0.028450692075288	0.108300604176475
B9J08_05519	40.8004054859781	0.934373946850646	0.426917128076018	2.18865415651412	0.0286219863745715	0.108848166856052
B9J08_02521	30.5621362092048	1.08716038590534	0.496762683983836	2.18849044212973	0.0286338967231163	0.108848166856052
B9J08_01168	870.057803611633	0.249147383821939	0.113864944845948	2.18809559130792	0.0286626399897489	0.108882597378641
B9J08_02674	698.307305142124	0.252941211286257	0.115673129701679	2.18668944065569	0.0287652029817401	0.109197211868226
B9J08_01561	1013.0623285554	0.227002479378473	0.10383391370994	2.18620748527888	0.0288004288876009	0.109255947995419
B9J08_02292	3637.51936972013	0.140027143063755	0.0641055743125864	2.18432085766778	0.0289386791639333	0.109630023599805
B9J08_01964	12.734541786494	1.76998996024693	0.810315660151604	2.18432155182066	0.0289386281921963	0.109630023599805
B9J08_04462	3818.16680364134	-0.139196048379546	0.063781620200749	-2.18238495575111	0.0290811336968658	0.11009428506322
B9J08_00361	9791.57321635862	0.119310288561899	0.0547682609214599	2.17845676591768	0.0293720476391665	0.111119559160212
B9J08_03469	842.425770720213	0.224398085342123	0.103097711074429	2.17655739398641	0.0295136070107397	0.111578783579222
B9J08_04309	2847.69722360087	0.170660502394634	0.0784302711222525	2.17595196284121	0.0295588526969247	0.111673507012767
B9J08_04733	3743.44566659829	0.147231101104072	0.067709907447786	2.17443955624379	0.0296721401182663	0.111922114061214
B9J08_03360	660.695298109878	0.255318560956377	0.117408342733105	2.17462026132822	0.0296585847205298	0.111922114061214
B9J08_01736	6385.55428061488	0.130095329211271	0.0598342095358509	2.17426335570326	0.0296853627423251	0.111922114061214
B9J08_04605	2543.73191260723	0.155562070248172	0.0716804646523936	2.17021570664411	0.0299905087597769	0.11279761160987
B9J08_04454	761.825500302377	0.253923310839004	0.116971593753186	2.1708117560131	0.029945404925015	0.11279761160987
B9J08_02879	5719.67018795863	0.128268019853482	0.0591069183823669	2.17010162877562	0.0299991478354941	0.11279761160987
B9J08_00179	1175.53494033662	0.207531850042911	0.0956129357920918	2.17054155197351	0.0299658443874706	0.11279761160987
B9J08_04646	1206.20292697816	0.194587556486553	0.0897128568555124	2.16900412390107	0.0300823708210382	0.113033690904322
B9J08_05466	462.640538892704	0.290957684758495	0.134221093470891	2.16774932489726	0.0301777643516801	0.113084833759582
B9J08_04785	50.5207595220811	-0.871376734255135	0.401910654563243	-2.1680856786493	0.0301521682782739	0.113084833759582
B9J08_03123	697.910722441646	-0.259679320742899	0.119788513660847	-2.16781486644138	0.0301727752630998	0.113084833759582
B9J08_00533	2353.61119236947	0.162415296834808	0.07490098373535	2.16840004943961	0.0301282619488356	0.113084833759582
B9J08_01227	871.688428265964	-0.222742419101546	0.102793346390774	-2.16689529937843	0.0302428384654532	0.113251956365891
B9J08_00190	699.794869475927	0.251632784660614	0.116321468077877	2.16325317087768	0.0305217127274475	0.114218939848114
B9J08_00608	10767.694556587	-0.122643156617999	0.0567148285879454	-2.16245309509877	0.0305832687905564	0.114371913239058
B9J08_00517	878.815190355042	0.226828004454151	0.10497814192951	2.16071650998033	0.0307172447755943	0.114795324901224
B9J08_04873	401.811485367074	-0.320771960333411	0.148502080750851	-2.16005027479438	0.0307687778206982	0.114910270173047
B9J08_04661	4324.45172199028	-0.137425219894394	0.0636608232286888	-2.15870943736812	0.0308727161653065	0.115172240616324
B9J08_04570	4729.34844926706	0.137711271617695	0.0637963233284735	2.15860827760637	0.0308805700296525	0.115172240616324
B9J08_05022	3065.03154116736	0.147403920745547	0.068297622441528	2.1582584499445	0.030907743251885	0.115195908306049
B9J08_04071	19298.0395664941	0.120417838751946	0.0558762838710491	2.15507958671419	0.0311556068270104	0.116041522801478
B9J08_04947	9.67945724548193	2.05066578267179	0.952165381327326	2.15368655790988	0.0312647610074393	0.116250737373119
B9J08_02838	1766.48003689671	0.1920457042151	0.0891758293736189	2.15356230005429	0.0312745134565677	0.116250737373119
B9J08_01226	35554.3912377354	0.103824252181147	0.0482105616250936	2.15355823872225	0.0312748322565902	0.116250737373119
B9J08_00724	1394.65427789527	0.208617416585796	0.0970211384203597	2.15022643500561	0.0315373081137082	0.117147650219557
B9J08_00522	260.083312793826	-0.371479148112363	0.172804869303744	-2.14970301247359	0.0315787140214838	0.117222729699884
B9J08_02569	3451.76349003455	0.144278626719078	0.0671818737631406	2.14758265343645	0.0317469246648423	0.117765675491391
B9J08_01107	5155.16068470774	-0.14494662978045	0.0675010784486523	-2.14732317040993	0.0317675624359348	0.117765675491391
B9J08_01894	89.8076278943779	-0.631849374313583	0.294697956977569	-2.14405753196883	0.0320282772831614	0.118652646787117
B9J08_00288	750.122784256464	-0.23487567199111	0.10956247240685	-2.14376023862368	0.0320521027573383	0.118661432631083
B9J08_00513	355.481428979601	0.324952280975649	0.151605638805032	2.14340497844902	0.032080593689699	0.118687467356338
B9J08_02526	160.177495239654	0.470078278894167	0.219372601975843	2.14283039294912	0.0321267198796536	0.118778668218158
B9J08_00106	1125.70475579443	-0.200956884201257	0.0938423752256245	-2.14143007056352	0.032239372140935	0.11911554262626
B9J08_00150	978.188549556525	-0.216016075579	0.100888815796535	-2.14113005364882	0.0322635516940643	0.119125303351048
B9J08_02696	1517.21163282804	-0.182010131330133	0.0850940215727854	-2.13892971522624	0.0324413610375625	0.119701913207978
B9J08_04205	490.840334300485	-0.281261569810687	0.131570942225953	-2.13771798736276	0.0325396387258561	0.119904558156369
B9J08_04101	5140.39978767742	0.133455118326376	0.0624252944519949	2.1378372260463	0.0325299565240963	0.119904558156369
B9J08_05285	1216.85659639576	-0.192385640767748	0.0900116551501672	-2.13734144146988	0.032570230524709	0.119937380181202
B9J08_01198	346.722305536141	-0.330105937115481	0.154535808551258	-2.13611291913608	0.032670210980179	0.120225506940366
B9J08_05567	116.983370079225	0.546276857639831	0.255860090127963	2.13506083487512	0.032756041241728	0.120376471712307
B9J08_01929	14424.9857032207	0.112178140331665	0.0525536833579144	2.13454382574254	0.0327982901591841	0.120376471712307
B9J08_01867	536.919923500046	0.26817332043843	0.125621193757148	2.13477767897083	0.0327791743809299	0.120376471712307
B9J08_00585	1867.71442487493	0.171717148827921	0.0804399738413813	2.13472407594921	0.0327835551900298	0.120376471712307
B9J08_04731	3449.7867400823	-0.153702693771474	0.0721173216750549	-2.13128677273991	0.0330655241000895	0.121276799600527
B9J08_04008	5496.50871539325	0.129446411523728	0.060781368276887	2.12970545404705	0.0331959384338794	0.121674443656585
B9J08_05362	498.281926954777	-0.296544561714181	0.139328247043572	-2.12838794721535	0.0333049316280945	0.121916249252046
B9J08_03678	3513.14743304342	-0.144427238824723	0.0678579810504574	-2.12837512388309	0.0333059939648964	0.121916249252046
B9J08_02502	881.67396583839	0.218338113872294	0.102647047571378	2.12707641416056	0.0334137346149315	0.122148953175932
B9J08_01749	89.6865578821115	0.622167838467	0.29247381703574	2.12725995363534	0.0333984901546502	0.122148953175932
B9J08_00308	402.483862033782	0.301050597068405	0.141612388620085	2.12587754505051	0.0335134570491618	0.122432583182902
B9J08_00444	1547.02652238953	0.176588405796346	0.0830794092988769	2.1255375704595	0.0335417825711771	0.122455181122892
B9J08_04797	2848.18791965009	-0.167260855247323	0.0787405105795934	-2.12420333594675	0.0336531444083807	0.122699763825151
B9J08_03648	893.979912648591	-0.228161303169715	0.107403482011463	-2.1243380465576	0.0336418864586771	0.122699763825151
B9J08_04709	7856.71528916892	-0.136349253141533	0.0642947373807294	-2.12069072362989	0.03394783767508	0.123577972819955
B9J08_02455	1605.46413096459	-0.193358943140042	0.0911742265642102	-2.12076318523928	0.0339417362391831	0.123577972819955
B9J08_01094	1846.04795770355	0.17449292238113	0.08228725692805	2.1205339550169	0.0339610411654912	0.123577972819955
B9J08_01556	68.2588078231263	0.711019477401344	0.335352328499993	2.12021631274094	0.033987807345191	0.123586664942308
B9J08_01099	32857.3124418773	-0.106494747434895	0.0502339539669335	-2.11997541553259	0.0340081186118592	0.123586664942308
B9J08_01869	201.578927744361	-0.428122773606302	0.202025756737656	-2.11914946153251	0.0340778377851632	0.123758713584857
B9J08_05492	178.642541853012	0.446941292131894	0.210985637574495	2.11834936856347	0.0341454904760721	0.123841775621741
B9J08_02430	221.554169618855	-0.397558417022239	0.187658197264451	-2.11852411894373	0.0341307044863759	0.123841775621741
B9J08_04567	4225.65031269381	0.139982849650456	0.0660991242915722	2.117771621799	0.0341944137980154	0.123912822764499
B9J08_00911	9598.81454149278	-0.118378766334093	0.0559026153892428	-2.11758905213713	0.0342098861618858	0.123912822764499
B9J08_01554	1644.67499255097	0.192250659532223	0.0908216617203064	2.11679301931599	0.0342774180711496	0.124076177586079
B9J08_05161	781.310848309998	-0.225568844809366	0.106609690108023	-2.11583810609341	0.0343585789601845	0.124288620162708
B9J08_03370	1995.43852162916	0.162582740116897	0.0768649002143313	2.11517532272271	0.0344150073601574	0.124411376280412
B9J08_03921	4570.22399481095	-0.129260366774573	0.0611497474448902	-2.11383320742355	0.0345295156240495	0.124743795503996
B9J08_04162	2626.75276521121	0.156158854607929	0.0738922694167046	2.11333141938426	0.0345724113153072	0.124817236935355
B9J08_03827	420.494326557807	-0.303531256574688	0.143654059482056	-2.11293198165836	0.0346065900531926	0.124833222868973
B9J08_01708	3486.77484092158	-0.139888758893175	0.0662116246413078	-2.11275224933693	0.0346219786441881	0.124833222868973
B9J08_02376	243.884661229808	0.376651131096455	0.178663264206645	2.1081621494434	0.0350169660776767	0.126175139658391
B9J08_03412	11910.3360870988	-0.110454710625192	0.0524384473010679	-2.10636882497745	0.0351723271041275	0.126652435685501
B9J08_02964	1240.50990278962	0.192253307656907	0.0913052719038725	2.10561015424513	0.0352382298910029	0.126724739614523
B9J08_02107	6702.13749655773	-0.119506052374196	0.0567530117938592	-2.1057217687102	0.0352285277679268	0.126724739614523
B9J08_04825	2039.97981416809	0.164395953991534	0.0781976382627115	2.10231354352713	0.0355258189643935	0.127675961463327
B9J08_01030	4859.74441863968	0.130324282037738	0.0620186616549585	2.10137204770394	0.0356083196923152	0.127889361180646
B9J08_03649	524.602884895068	0.282451138362366	0.134517773765719	2.09973099059974	0.0357525118122888	0.128323908393101
B9J08_00091	13.7488518177531	1.59998195779359	0.762166979315869	2.09925383966353	0.0357945302009634	0.128391405020446
B9J08_00159	1453.76303801964	0.18498060847699	0.0881462721032183	2.09856417138526	0.0358553375062178	0.12852616445035
B9J08_02491	813.127101131693	0.219953826223582	0.104892777789177	2.09693966409838	0.0359989167792238	0.128957259524538
B9J08_01724	4573.40884229265	-0.127459737008856	0.0608153299406629	-2.09584881202185	0.0360956047315366	0.12914982961755
B9J08_01250	1095.31855856901	0.206430020482061	0.0984967058488887	2.0958063389324	0.0360993738182484	0.12914982961755
B9J08_02029	1121.37004050183	-0.201944623109434	0.0964234244577025	-2.09435232408718	0.0362286064479358	0.129528391896272
B9J08_03448	630.021450541659	0.261878909767735	0.125091809002611	2.09349366561857	0.0363051089347917	0.12971806041236
B9J08_03689	1275.54482977748	-0.239109963529304	0.114279897486327	-2.09231867361372	0.0364100183585047	0.1299250397038
B9J08_01221	5556.10724066324	-0.123317072917436	0.0589331457494306	-2.09249092932779	0.0363946223266044	0.1299250397038
B9J08_04235	1899.58930815465	-0.161792459282575	0.0773776064960208	-2.09094680759989	0.0365328325158844	0.130279237037625
B9J08_04300	2243.49103294837	0.167242330511314	0.0800925393310445	2.08811372330268	0.0367875774185719	0.131103151225593
B9J08_04534	1430.32716703933	0.175889668157135	0.0844477196688295	2.08282318157203	0.0372673437358747	0.13255670623995
B9J08_04353	1953.71518147743	-0.159357356605438	0.0765077549996352	-2.08289155270858	0.0372611097744255	0.13255670623995
B9J08_01531	3715.70160011654	-0.133080345865287	0.0638796434885746	-2.08329819325134	0.0372240513334159	0.13255670623995
B9J08_03819	4421.907433776	-0.129750228321441	0.0623103085981284	-2.08232363537577	0.0373129184368792	0.132633516628778
B9J08_05043	1251.61123112545	0.191265289564739	0.0919167144416716	2.08085428995738	0.0374472451418525	0.13302550602414
B9J08_05482	385.001074605801	-0.30946564056325	0.148767908626558	-2.08019083833517	0.0375080322407048	0.133155921902014
B9J08_04040	710.072253020317	-0.235717729576303	0.113443085320529	-2.07785012995981	0.037723164974926	0.13378118458679
B9J08_00346	1032.28027044735	0.204509259737769	0.0984283059638658	2.07774844578598	0.0377325344341697	0.13378118458679
B9J08_01931	362.254243648756	-0.324685081041167	0.156374240989307	-2.07633353797298	0.0378631135038166	0.134158155534663
B9J08_02535	1124.95774333787	-0.195019023626471	0.09397646061267	-2.07519013117821	0.0379689169119694	0.134446913854099
B9J08_03582	970.203984465464	-0.206021178601699	0.0992999712868406	-2.07473553045228	0.038011052504402	0.134510000896895
B9J08_00956	1874.54205094941	0.167119048563355	0.0806128045142639	2.07310798291089	0.0381622312481588	0.134958632374403
B9J08_00797	3393.58457421774	-0.140281623286253	0.0676784926297483	-2.07276518485271	0.0381941379840896	0.13498516114377
B9J08_04452	9190.59089473834	0.116420548592368	0.0561831483553411	2.07216135087417	0.0382503964193079	0.135011450284105
B9J08_03429	1535.79890030622	-0.173027188459489	0.0834953503852017	-2.07229729154062	0.0382377248609271	0.135011450284105
B9J08_04308	1333.71707637708	-0.194356960080783	0.0938342717231797	-2.07127903815522	0.0383327270335291	0.135215760983705
B9J08_03315	658.355466041707	0.253849486286672	0.122598906246069	2.07056893131796	0.0383990980906623	0.135363551013036
B9J08_01240	524.50202757623	-0.25928122851987	0.12538892889421	-2.06781596115734	0.0386573322222202	0.136187072943376
B9J08_04911	8659.1713635224	-0.116064264337948	0.0561451856255958	-2.06721668197737	0.0387137409781058	0.136298982399684
B9J08_01328	791.487585083324	-0.222287681499658	0.107588299939958	-2.0660953061226	0.038819481371586	0.136584320271146
B9J08_04032	1475.10236734548	-0.175852541069248	0.0851439998253159	-2.06535447512487	0.0388894727162142	0.136656717657802
B9J08_00146	1995.63145648656	-0.160158936735965	0.0775383645783043	-2.06554442574325	0.038871516577049	0.136656717657802
B9J08_02551	649.338722729409	-0.242356381476757	0.117403574537839	-2.06430155496369	0.038989133685743	0.136919935502123
B9J08_03192	71.3496267950492	-0.691765922052108	0.33519068569311	-2.06379816498083	0.0390368571386896	0.137000543676454
B9J08_00691	883.711381064251	0.232796213745344	0.112926623811025	2.06148210128829	0.0392570693227955	0.137686018024339
B9J08_00646	747.081341859665	-0.237781316385729	0.11536346815996	-2.06114916774197	0.0392888113156281	0.137710022425057
B9J08_01183	2173.45864677655	-0.153683039077025	0.0745930864815868	-2.06028529353001	0.0393712750131273	0.137911666939587
B9J08_04334	998.041429787539	0.201801722993038	0.0979860917771724	2.05949353967449	0.039446983258997	0.13808940785159
B9J08_01210	9997.99901835436	0.109777707725363	0.0533115509904285	2.05917302509305	0.0394776662864032	0.138109406850156
B9J08_04449	794.773442758949	0.222493621122087	0.108076877119769	2.05866071496055	0.0395267520729474	0.138193720426973
B9J08_03132	2200.6053991664	-0.156158175914503	0.0758702495082694	-2.05822673480839	0.0395683733785139	0.1382518465929
B9J08_01747	10798.4352853768	-0.109958122927018	0.053450663996563	-2.0571890918715	0.039668040403236	0.138512582998926
B9J08_04434	1343.5844072845	0.188222983712159	0.0915197183956678	2.05663858031571	0.0397210042408228	0.138610015429647
B9J08_01735	2892.35326437655	-0.143899192958405	0.0699954596659117	-2.05583610201626	0.0397983168873814	0.138792238779386
B9J08_04893	871.460629504914	0.215037962756693	0.104655154718734	2.05472882185898	0.0399052044848677	0.13901383511458
B9J08_01375	757.115182078087	-0.228771195375939	0.111342755813113	-2.05465720428124	0.0399121262270751	0.13901383511458
B9J08_05210	2816.19110397842	0.148950485868527	0.0725314463175861	2.05359872759648	0.0400145454082347	0.13927601374017
B9J08_03114	10990.8900361777	0.132739616310175	0.0646451055359755	2.05335910908683	0.0400377620406565	0.13927601374017
B9J08_00326	8346.64538678401	0.817870450543445	0.398447242530564	2.05264427317679	0.0401070903802832	0.139429488933593
B9J08_02724	8218.57406204272	0.113836892838692	0.055522093314322	2.05029900789651	0.0403352613550181	0.140134629745355
B9J08_01356	1871.23635762796	0.163252049997869	0.0796841142885433	2.04874022200609	0.0404875238797121	0.140575326163646
B9J08_02359	1823.83504914566	0.166782561507109	0.0814610764029445	2.04738961074028	0.0406198456351465	0.140946277420323
B9J08_00122	1086.14413737437	-0.213576845711767	0.104354280603489	-2.04665150750535	0.0406923136894587	0.14110920816075
B9J08_04821	2852.68001502843	0.140908843512981	0.0688890304195685	2.04544675189615	0.0408108337615411	0.141431529783887
B9J08_01712	3133.98416674625	-0.139291776517987	0.0681104504960725	-2.04508670113729	0.0408463111550691	0.141465840324788
B9J08_03679	11719.3681732532	-0.109844838259423	0.0537259055436365	-2.04454140228881	0.0409000916268881	0.141480623280711
B9J08_01243	7155.06501122735	0.128045310837074	0.0626283996931785	2.044524711862	0.0409017386776094	0.141480623280711
B9J08_05427	157.984283566739	-0.4663891232775	0.228218448183486	-2.04360833661671	0.0409922550475812	0.141705101667607
B9J08_01005	1277.41060216129	0.180725348564565	0.0885519061470857	2.04089732709286	0.0412610335599307	0.142545144672065
B9J08_03709	1033.72029756252	0.194915904852047	0.0956398693421267	2.03801935524176	0.0415479972469553	0.143446924327659
B9J08_03573	1552.27519134176	-0.171256006104783	0.0841177822821109	-2.03590728926295	0.0417596657379158	0.143997949623698
B9J08_03093	2269.68408219784	-0.155783871196532	0.0765124466041118	-2.03605920488445	0.041744410544389	0.143997949623698
B9J08_00887	1172.37381752169	-0.20120726737472	0.0988420504668373	-2.0356444086743	0.0417860750557543	0.143999240581543
B9J08_00780	560.090290389573	-0.250785757577272	0.123263278323063	-2.0345536885688	0.0418958012520919	0.144287469941046
B9J08_00527	3655.42211564472	0.144250011509605	0.070910835475059	2.03424498587865	0.0419269009148114	0.144304722439217
B9J08_05185	16888.3302983322	-0.103072699542083	0.0506948248433193	-2.03319963843738	0.0420323575847935	0.14437439328456
B9J08_04403	1690.66364216045	0.162651177300639	0.0799996116343662	2.03314958632583	0.0420374125645064	0.14437439328456
B9J08_03750	1393.3715389796	-0.174497260239443	0.0858190575481282	-2.03331596995904	0.0420206107472374	0.14437439328456
B9J08_03495	916.045607951146	0.208990761374053	0.102798709219294	2.03300958700002	0.0420515544352605	0.14437439328456
B9J08_02676	883.027140019709	0.219613528646097	0.108069513317271	2.0321506214371	0.0421384100062023	0.144493208768943
B9J08_01213	1115.34858995411	-0.188336013619992	0.0926666068693323	-2.03240433617648	0.0421127394838634	0.144493208768943
B9J08_05098	2619.44840606457	-0.144921870946035	0.071404237694612	-2.0295976208842	0.0423974569464329	0.145157332760075
B9J08_02901	767.000890673747	-0.226968203091616	0.111836400547237	-2.02946627378043	0.0424108207811032	0.145157332760075
B9J08_00471	2805.23662722483	0.152663257409673	0.0752055964722918	2.02994543718457	0.0423620857828211	0.145157332760075
B9J08_01775	1430.60929261473	-0.186089742895075	0.0918925763347993	-2.02507917741994	0.0428592346655816	0.146601377201813
B9J08_00677	5237.16274384562	-0.128637011312624	0.0635592233760501	-2.02389211950465	0.0429812529546137	0.146927880155728
B9J08_02971	1608.7787267523	0.167387719657076	0.0828119478799361	2.02129914755491	0.0432488073606391	0.14775117573298
B9J08_03904	2815.87133736909	0.14481408828237	0.0716686221019984	2.0206065644219	0.043320508867563	0.147904774411414
B9J08_04366	1009.92639821274	-0.195692184920015	0.0968613095989872	-2.02033387459033	0.0433487673508013	0.147909952015597
B9J08_00447	133.843117963868	0.495656872578016	0.245602672454907	2.01812491543234	0.0435782534166731	0.148601306811109
B9J08_05579	2036.45319537586	-0.165668238976593	0.082114446845894	-2.01752852683166	0.0436403871358677	0.148721491835172
B9J08_05356	2782.20405724598	0.143730776184056	0.0713077410065806	2.01564057639678	0.0438375735546526	0.149117847066903
B9J08_04909	1614.59071144828	0.168203886259158	0.0834289268150882	2.01613388401801	0.0437859777185489	0.149117847066903
B9J08_00399	1477.81717471741	0.17863824938198	0.0886245587461389	2.01567434477932	0.0438340400291965	0.149117847066903
B9J08_02041	22528.3484934353	-0.105349723775322	0.052309894646654	-2.01395404228864	0.0440143588171101	0.149627178007029
B9J08_01264	1359.67754474811	0.176081906200774	0.0874490785318884	2.01353643922693	0.0440582254995793	0.149684302971851
B9J08_05118	856.574139969536	0.207970333105402	0.103367156674256	2.01195756753556	0.0442244101406783	0.150145692490723
B9J08_01659	728.369584693964	-0.230396130263118	0.114526323380933	-2.01173078347047	0.044248323767832	0.150145692490723
B9J08_02442	13334.0040325351	-0.131584796629533	0.0654570568718154	-2.01024615095688	0.0444051430658293	0.150493165623224
B9J08_02054	1575.46969851759	-0.169080854194256	0.084099507760979	-2.01048565795182	0.04437981265349	0.150493165623224
B9J08_01203	434.051032771345	-0.275676030171429	0.137175499209242	-2.00965939078467	0.0444672507544453	0.15061136798704
B9J08_01994	40.6664656037602	0.868820035187805	0.433187617701917	2.00564374345911	0.0448942712949616	0.151964635576764
B9J08_04525	2848.90612888409	0.150556019479983	0.0751030459292732	2.00465929999385	0.0449994824076231	0.152150160813801
B9J08_00001	15.5761858088655	1.41479140604	0.705766736198665	2.00461616207675	0.0450040974672532	0.152150160813801
B9J08_00866	8838.99324184199	0.132949684772613	0.0663946716077834	2.00241497627992	0.0452401190918731	0.152854672386775
B9J08_00810	1644.56035554041	-0.162672435369085	0.0812934293888556	-2.00105268767743	0.045386712243429	0.153256352514289
B9J08_01814	900.669446627954	0.204642393087878	0.10230639446468	2.00028936762625	0.0454690264611309	0.15344062559885
B9J08_02610	21.043515814828	1.21963552474422	0.610152657805348	1.99890225690586	0.0456189305116018	0.15375886938432
B9J08_01911	309.52296264322	-0.321546368923997	0.160851668530796	-1.99902414355394	0.0456057416426842	0.15375886938432
B9J08_05036	421.560413699953	-0.282533121937218	0.141421754696604	-1.99780523543456	0.0457377795357353	0.153958538234853
B9J08_02176	6267.79431070368	0.128482465963023	0.0643250136189279	1.99739508372552	0.0457822814667964	0.153958538234853
B9J08_01871	1164.60564866958	-0.186443667876105	0.0933465230610364	-1.99732846775874	0.0457895128179956	0.153958538234853
B9J08_01208	2989.28690635368	-0.135672047303489	0.0679180977675868	-1.99758314444779	0.0457618721363148	0.153958538234853
B9J08_05587	137.490948622766	0.502262173556053	0.25169122277015	1.99554902244139	0.0459830330732027	0.154421466865746
B9J08_03963	174.631449656703	-0.420862603505504	0.21088156782952	-1.9957296782132	0.0459633548254552	0.154421466865746
B9J08_05402	7690.52544763531	0.1142006959039	0.0572705687379058	1.99405555803942	0.0461459832740288	0.154826322714515
B9J08_04344	1019.56935911966	0.19811123043412	0.099357104726978	1.99393119373302	0.04615957442709	0.154826322714515
B9J08_00191	497.431893594657	-0.262210039227845	0.131646102179091	-1.99177974043725	0.0463952300721582	0.155522434866125
B9J08_02910	1464.21109994555	-0.171593834176711	0.0861855117925353	-1.9909823659198	0.0464828259511911	0.15562609708858
B9J08_02780	1157.35723219865	0.184928559024008	0.0928948415865589	1.99073011876222	0.0465105656278112	0.15562609708858
B9J08_02738	6460.93703985537	0.113394931658786	0.056947276153685	1.9912266102555	0.0464559796188484	0.15562609708858
B9J08_03996	1056.47582268035	0.191539664482771	0.0962618349569806	1.98977782387351	0.0466154153458277	0.155694361278848
B9J08_00062	5599.56428993548	-0.124199916192986	0.0624140618066362	-1.98993484157092	0.0465981136752961	0.155694361278848
B9J08_00047	1767.43496664553	0.164227352478952	0.0825244994095502	1.99004360709816	0.0465861320466404	0.155694361278848
B9J08_00795	815.558367130717	-0.217950953310396	0.109565018832069	-1.98923849631652	0.0466748846582804	0.15570493790407
B9J08_00681	2384.17357158768	-0.142725500007552	0.0717439165864578	-1.98937424660327	0.0466599100527613	0.15570493790407
B9J08_03161	1151.08912892601	0.183829657325078	0.0924379644588091	1.98868136486274	0.0467363841615647	0.155722253492539
B9J08_03111	515.994518711427	-0.251348529560249	0.126382347769451	-1.988794590355	0.0467238801362933	0.155722253492539
B9J08_03716	84.9113157683224	0.649608876755825	0.32705532678131	1.98623542734773	0.0470071888122402	0.156451773215778
B9J08_02966	852.407149933643	0.205029334900155	0.103227300499914	1.98619293449727	0.0470119050957554	0.156451773215778
B9J08_04673	97.4339877971137	-0.559988863392071	0.282076342883996	-1.98523866860528	0.0471179240065741	0.156710305279832
B9J08_02999	1132.44706010553	0.186423019988272	0.0939506969806846	1.98426436396314	0.0472263766381075	0.156976616096979
B9J08_01348	5107.21059890092	0.117810439251896	0.0593955169649249	1.98349042607823	0.0473126754283286	0.157169013690141
B9J08_05236	261.390633791271	0.348504461357339	0.175845302295906	1.98188098747665	0.0474925623355604	0.157671886121239
B9J08_01269	371.915446158774	0.32648529122293	0.16487475133911	1.98020187185256	0.0476808496260759	0.158202027163663
B9J08_04727	2330.04808215418	0.148071776391679	0.0748274351048815	1.9788434039485	0.0478336399786851	0.158613826572007
B9J08_04513	11621.1930334576	-0.103477494316814	0.0523751958929642	-1.97569655926985	0.0481891548563254	0.159511395200095
B9J08_01863	7514.06768951672	0.11099972858415	0.0561745901563023	1.97597754207552	0.0481573208178648	0.159511395200095
B9J08_01478	5208.7470915002	0.125881378849579	0.0637154153160049	1.97568168119526	0.0481908409653513	0.159511395200095
B9J08_04239	1971.00737074104	0.160355552634458	0.0812005718830779	1.97480816841237	0.0482899217225302	0.159743754214901
B9J08_01182	1407.99126261606	-0.167791246695271	0.0851621236625695	-1.97025672304856	0.0488089555928519	0.161364216009602
B9J08_01285	1817.80546449645	-0.16410011823975	0.0833213302154166	-1.96948509841946	0.0488974121203291	0.161560087477623
B9J08_03086	5803.47228553788	0.115160235180395	0.0585113291416384	1.96816987188287	0.0490484955536042	0.161905941896245
B9J08_01201	1244.29647022375	0.175056700823515	0.0889486665602019	1.9680643633374	0.0490606325471175	0.161905941896245
B9J08_03473	239.189716268831	-0.363331248715255	0.18466588292135	-1.96750608703395	0.0491248948600074	0.162021343751163
B9J08_03468	901.079839759172	0.213042525859383	0.1083277409392	1.96664791504287	0.0492238154400709	0.162154212745105
B9J08_00280	3774.12827112395	0.125536788955077	0.0638275296345123	1.96681259127406	0.049204820435691	0.162154212745105
B9J08_05044	14.0935694584967	1.48357577199442	0.755346301078819	1.96410013509765	0.0495184805649486	0.162930824512035
B9J08_00354	479.467903134773	-0.296390151783699	0.150903198420307	-1.96410781803424	0.0495175897706334	0.162930824512035
B9J08_03290	686.136720618858	0.222434853459021	0.113394760711663	1.96159727365732	0.0498093899439459	0.163790568240169
B9J08_00508	729.285978489958	-0.235366948456527	0.120030985514247	-1.96088491190961	0.0498924497788511	0.163966214929783
B9J08_00276	7111.19894637678	0.109722343182196	0.0559751918451304	1.96019592904246	0.0499728941366432	0.164133062630507
B9J08_01961	31.3336890642765	1.0394188656532	0.530646073775958	1.95877990438511	0.0501385679912092	0.164481862134863
B9J08_00283	2693.59217850544	-0.135714367958165	0.0692823379038771	-1.95885953136362	0.0501292394908749	0.164481862134863
B9J08_03356	3155.66610485518	0.131444557240025	0.0671422738089694	1.95770190348342	0.0502650017662475	0.164798888422712
B9J08_03140	3231.72524516867	0.13038561645994	0.0666241722216754	1.95703169153253	0.0503437424774161	0.164959265191107
B9J08_03860	6829.70951217736	0.110751897840975	0.056599505216245	1.95676441724773	0.0503751723586841	0.16496452238951
B9J08_02426	2150.92447184224	-0.161539694059831	0.0826755254648509	-1.9538998168026	0.0507130662541591	0.165972762989204
B9J08_00531	497.81575245793	0.260622180094908	0.133413119626138	1.95349738335514	0.0507606870375427	0.166030372563364
B9J08_00538	405.55865516799	0.277851796801266	0.142278520118737	1.95287241228956	0.0508347154094758	0.166174238138186
B9J08_01301	2150.62128630226	-0.144879760357587	0.074221019990049	-1.95200443724717	0.0509376778015029	0.166412460673428
B9J08_01052	699.988248931031	0.222312705567497	0.113930514490124	1.95130081315282	0.0510212724058955	0.166587165098588
B9J08_02415	2830.80279768248	-0.142701951011979	0.0731731413779706	-1.95019577299356	0.05115278942882	0.166918040313158
B9J08_01657	23541.6049028323	-0.108522877351125	0.055666505810049	-1.94951840019271	0.0512335476008962	0.167082990436649
B9J08_05447	639.209789001992	0.246683750901146	0.12660543829998	1.94844513958913	0.0513617230983774	0.167402292549868
B9J08_04495	21.3158330235907	-1.18124708631911	0.607251554167342	-1.94523518007102	0.0517466795234127	0.168557646904591
B9J08_00630	2096.41598623599	-0.144567940493233	0.0743359777205208	-1.94479100062102	0.0518001376868874	0.168632467066612
B9J08_00541	2028.10277296431	0.148079872554092	0.0761590891984526	1.94434931027379	0.0518533420916878	0.168706373593603
B9J08_03736	1462.92953137809	0.164456854612508	0.0846325685383762	1.94318638146892	0.0519936429378857	0.16906339746587
B9J08_00515	9.44182675548022	1.80774214372988	0.930772788557455	1.94219487930194	0.0521135127736144	0.169353607021658
B9J08_05213	4646.40319140809	-0.118683038354421	0.0611344180374676	-1.94134567996842	0.0522163622748001	0.169588197147339
B9J08_04406	4876.64502664479	0.123339813502437	0.0635637182090655	1.94041218760621	0.0523296166063231	0.169856284888247
B9J08_04295	1560.47760809176	0.165588118543189	0.0853733774070081	1.93957558635365	0.0524312902532009	0.170086490551586
B9J08_04776	1262.4374752872	0.174008965680378	0.0897707212414564	1.93837103316065	0.0525779718235633	0.170462345929735
B9J08_01419	1245.83443308027	0.172390438014438	0.0890174347831928	1.93659184219704	0.0527952559585859	0.171066526483268
B9J08_04626	251.301738792497	-0.362692854936069	0.187478334896957	-1.93458542895324	0.0530411895082573	0.171762774689796
B9J08_03650	1787.99381410509	0.153469383490673	0.0794116331581372	1.9325806231067	0.0532878813484467	0.172460662222504
B9J08_03081	1014.560858822	-0.1857686208534	0.0961494279891879	-1.93208243396195	0.053349332091085	0.172513476469603
B9J08_00336	1124.42918401637	0.189004241756688	0.0978311848668989	1.93194268283505	0.0533665807701122	0.172513476469603
B9J08_05029	2030.29299427663	0.145996673047846	0.0756107046502355	1.93089951645347	0.0534954800087715	0.172829147154506
B9J08_04181	1580.31296715819	0.164807982548745	0.085440659206728	1.92891749758137	0.0537411052358652	0.173521338622049
B9J08_04554	7344.5319991065	0.11007507443444	0.057104225377253	1.92761697943087	0.0539027853224644	0.17393872036266
B9J08_01915	228.612898388402	-0.377433227697766	0.19582789343934	-1.92737214841501	0.0539332680206041	0.17393872036266
B9J08_00907	1800.41406371623	0.1591894918762	0.0826504401640481	1.92605739981825	0.054097207064876	0.174365764729504
B9J08_05184	4550.30838963654	0.146022897257803	0.0758582326647026	1.92494462536759	0.054236286242359	0.174629875879263
B9J08_02991	20389.5138143195	0.0969982150374199	0.0504039251002335	1.92441788699052	0.0543022241625852	0.174629875879263
B9J08_02453	4077.36343429054	0.123892975555921	0.0643643151119522	1.92487056438692	0.0542455532714387	0.174629875879263
B9J08_01410	2940.69128662772	0.134112430231273	0.0696907985976646	1.92439221432265	0.0543054396153197	0.174629875879263
B9J08_04305	958.240298973488	0.215873672716053	0.112205506136809	1.92391336351039	0.0543654438890101	0.174721249360903
B9J08_04910	356.284674736239	0.290758320479718	0.151163509098398	1.92346897881587	0.0544211787278871	0.174798803451767
B9J08_00160	410.592357752872	-0.267985072829238	0.139395465266671	-1.92248056503538	0.0545453167696809	0.175095848550845
B9J08_04614	2784.44923030335	-0.133265236460391	0.0693781875477335	-1.92085208868712	0.054750357431536	0.175652103801523
B9J08_00284	1195.89205575348	0.187213110530177	0.0974932363950503	1.92026767653476	0.0548240970359748	0.17578671345274
B9J08_00112	10393.2639133325	0.120003604543488	0.0625500738603723	1.9185205889823	0.0550450340143324	0.17639286392426
B9J08_02751	528.634304657667	0.255855863318978	0.133453643709113	1.91718904188682	0.0552139197006178	0.17683160964917
B9J08_00411	1884.28689051322	-0.149034532693613	0.0777563637789505	-1.91668598492203	0.0552778368289304	0.176933863137045
B9J08_00456	1326.73271486428	0.177193018048456	0.092636571334597	1.91277608287603	0.0557767242593934	0.178427450479297
B9J08_02324	742.44147568323	-0.207477396559874	0.10849191340853	-1.91237660062838	0.0558279070759359	0.178487950310406
B9J08_00289	993.640078317607	0.189596687139651	0.0992674706753831	1.90995787290335	0.056138637625942	0.179377703471453
B9J08_05283	4642.45064777544	-0.119362625240721	0.0625602916658703	-1.90796145705695	0.056396198052871	0.180096634775075
B9J08_05103	1583.57702604678	0.168638386870551	0.0884411514378015	1.90678642384197	0.0565482500910985	0.180305234535395
B9J08_04260	4145.61273587111	-0.121995767164282	0.0639910835601851	-1.90644946728464	0.0565919159561465	0.180305234535395
B9J08_03712	2183.05436954545	-0.152170337111205	0.0797957350177031	-1.90699837625965	0.0565207977584017	0.180305234535395
B9J08_02776	1231.21518656519	0.178377299760673	0.0935567997890264	1.90662036498597	0.0565697659871452	0.180305234535395
B9J08_04807	3490.45596160947	-0.125519600554138	0.0658642478168758	-1.90573193674242	0.0566849935358686	0.180497811886522
B9J08_02794	2771.28482702794	-0.144643522065275	0.0759358749326061	-1.90481142402913	0.0568045883480348	0.180774555899298
B9J08_02957	3111.17398614562	0.12893578694928	0.0677673225734932	1.90262477626219	0.057089523842034	0.18157685817728
B9J08_04572	416.071698551636	-0.266477638386975	0.140086751673117	-1.90223297495528	0.0571407036813893	0.181635190840094
B9J08_02642	399.483354628945	-0.28731594144466	0.151131962690528	-1.90109316606306	0.0572898105758238	0.182004561915498
B9J08_02950	1258.0975518828	-0.172075234698181	0.090565444755679	-1.90000982341988	0.0574318305006352	0.182246388123358
B9J08_00644	496.973393294779	0.246166935474557	0.129560709372873	1.90001225422512	0.0574315115087935	0.182246388123358
B9J08_01836	2011.08413529395	0.144132498486158	0.0758739204836795	1.89963162002629	0.0574814796573013	0.182299348614985
B9J08_05429	184.692048265313	0.416007672051757	0.219187839225285	1.89795051368784	0.0577026012153703	0.182895752047114
B9J08_02327	397.960100206096	-0.270545036527243	0.142586294527615	-1.89741263298519	0.0577734996103241	0.183015593553667
B9J08_00836	1159.58965505995	0.176214633343078	0.0929368349963802	1.89606880146006	0.0579509473832406	0.183472633071954
B9J08_02877	13.0576320061985	1.48616666244409	0.784252332644379	1.8950108282534	0.0580909671300093	0.183810720363891
B9J08_00110	18.8947673603991	1.31776429029612	0.695920049503999	1.89355701310133	0.058283833894024	0.184315543320667
B9J08_02544	5908.37242631746	0.110573991505347	0.0584377286912039	1.89216785083557	0.0584686203598766	0.184794250977416
B9J08_05443	646.324364970941	0.219971624442187	0.116269729984256	1.89190793228791	0.058503248729131	0.184798097499043
B9J08_03116	10330.6349763567	0.103503879082642	0.0547657256429814	1.8899389694457	0.058766122911044	0.18552250332248
B9J08_03620	14.7839016833464	1.41523739541777	0.749069917585787	1.8893261659459	0.0588481375205987	0.185675441315705
B9J08_01534	4418.71059566434	-0.117871000697871	0.0624257392161698	-1.88817949419395	0.0590018577192509	0.18605431872587
B9J08_04362	831.509105058899	-0.214272739933331	0.113578483904252	-1.88656101549979	0.0592193944246832	0.18663388636064
B9J08_04523	1158.29730370535	0.175556091437514	0.0930855761129411	1.88596449383856	0.0592997394879724	0.186674364887863
B9J08_03247	3388.97270986906	0.124009432803841	0.0657489417352898	1.88610538102822	0.0592807553411396	0.186674364887863
B9J08_01073	1557.7836978565	0.157491200548163	0.0836385107993379	1.88299862160398	0.0597005547615755	0.187829219787414
B9J08_05512	1995.9739684798	-0.143315164153225	0.0762042461287975	-1.88067163489812	0.0600166005003445	0.188716212261174
B9J08_03693	2589.1855383154	-0.137316965593655	0.0730557177845093	-1.87961968970993	0.0601599278536406	0.188952050515892
B9J08_02586	604.865195084553	0.226769291370254	0.12063656587365	1.87977243655762	0.0601390985262213	0.188952050515892
B9J08_03432	2356.3414301056	-0.354184376759055	0.188514235305534	-1.87882032455009	0.0602690308830356	0.189187292743513
B9J08_03366	257.091380422319	0.32896920808048	0.175157222821635	1.87813669788241	0.0603624671810248	0.189265763026218
B9J08_02988	565.79853416751	0.239111781234659	0.127297621469918	1.87836802034172	0.0603308372025873	0.189265763026218
B9J08_03520	1927.51520425787	0.14528783924579	0.0773702862816431	1.87782475971349	0.0604051419493721	0.189292260692338
B9J08_02135	861.896461967563	-0.194042889164337	0.103375530506987	-1.87706789230188	0.0605087893170616	0.189509690664025
B9J08_05474	3543.57241802949	0.123467268185276	0.06595113406765	1.87210227588548	0.0611924552065638	0.191542427700908
B9J08_03690	3020.13052676946	-0.511874628181971	0.273497111895332	-1.87159061620317	0.0612632626293579	0.191655602716617
B9J08_01972	4182.43624053913	0.116482738949993	0.0622465046219564	1.87131373331613	0.061301608109411	0.191667153450058
B9J08_02427	18035.6199079595	0.0954033112245767	0.0510125265975994	1.87019380508525	0.0614569096776408	0.192044162388153
B9J08_00749	353.685275213097	-0.28879361378659	0.154572193740487	-1.86834130252074	0.0617145130670184	0.19274024380219
B9J08_03503	791.573001009976	0.199120844961439	0.10670145907148	1.86614922320833	0.0620204908636987	0.193534144501646
B9J08_00521	3087.62318767414	0.148798677854068	0.0797412419245283	1.86601906695784	0.0620386979210665	0.193534144501646
B9J08_03471	273.471690385434	0.313189560895884	0.167996224586985	1.86426547183339	0.0622844330978313	0.194191206011333
B9J08_05435	490.862256008736	-0.259393041739396	0.139211386920786	-1.86330333657975	0.0624196009867181	0.194455630968501
B9J08_03846	16.2639010965534	1.29419840342274	0.694624947327024	1.86316142027857	0.0624395589586073	0.194455630968501
B9J08_00563	180.333748978094	-0.383684108227256	0.206036654903845	-1.862212859194	0.0625730925728478	0.194761831750378
B9J08_05524	891.689723066513	0.187246146308924	0.100620963937846	1.86090590848033	0.0627574652551482	0.195169854384678
B9J08_03267	468.778070384864	-0.25996082181475	0.139705033127064	-1.86078350934079	0.0627747551889971	0.195169854384678
B9J08_03153	3416.35418239086	-0.122666860766934	0.0659320073224868	-1.86050547751331	0.0628140442166114	0.19518229132701
B9J08_05026	1110.44192722613	0.205643947581166	0.110605273879796	1.85925987403328	0.0629903116653777	0.195604642308919
B9J08_02786	353.353196794137	0.281953468111189	0.151665720858238	1.85904544887062	0.0630206965457412	0.195604642308919
B9J08_05237	8.43871984125327	1.8489942757045	0.994884915161256	1.85850066427513	0.0630979491416106	0.195614812497563
B9J08_03642	3682.33652506846	-0.119308630188814	0.0641907027391691	-1.85865904403026	0.063075482204304	0.195614812497563
B9J08_02279	60.3247012929478	0.656308496527786	0.353181714462588	1.85827428106363	0.0631300741833575	0.195614812497563
B9J08_04330	5680.00382367571	-0.113341380117159	0.0610173195830964	-1.85752800830272	0.0632360702023965	0.195833541035529
B9J08_03760	5488.29464707165	-0.109272151365002	0.0588451291636722	-1.85694471093898	0.0633190205617258	0.19598069542636
B9J08_05155	3000.57582845529	0.13399326823274	0.0721788944086659	1.85640510748322	0.0633958372833865	0.196108711417456
B9J08_02694	1157.58116096914	-0.171629962716774	0.0924768655636399	-1.85592322653564	0.0634645018331107	0.196211380457761
B9J08_01859	585.669223371611	0.228348147073003	0.123063000281355	1.85553859853033	0.0635193526291583	0.196271251056913
B9J08_04104	4446.62940276198	-0.116638703506988	0.0628797456283765	-1.85494871745077	0.0636035501202681	0.196421683816417
B9J08_00086	2381.06259131087	-0.134062163299347	0.0722875120372871	-1.85456878402726	0.0636578292437316	0.19647960577404
B9J08_04125	957.354332063557	-0.184979465885291	0.0998009501422326	-1.8534840161508	0.0638130150462713	0.196848737434984
B9J08_02392	141209.017905575	0.0882049005874845	0.0476016815067522	1.85297867208689	0.0638854156745922	0.196962226363528
B9J08_02856	710.301420128495	0.206338885045171	0.111411781224529	1.85203829233584	0.0640203244325261	0.19726819745755
B9J08_04577	11693.6111991771	0.0980068241161447	0.0529297076532553	1.85164113805788	0.0640773715935769	0.19731943257285
B9J08_01585	1000.69011609746	0.195549816915095	0.105621194089866	1.85142592450445	0.0641083023564294	0.19731943257285
B9J08_04059	1415.52541314781	-0.161285829421263	0.0871289798560243	-1.8511157790184	0.0641528985393686	0.197346875317713
B9J08_04067	6987.95936509133	-0.109044449124781	0.0589775491482173	-1.8489145564652	0.0644701514455222	0.198102448691768
B9J08_03362	660.820284982388	-0.217855559099569	0.117813929442377	-1.84914941833022	0.0644362402049213	0.198102448691768
B9J08_01491	2010.03109177128	0.145169052464386	0.0786016291343553	1.8468962292912	0.064762181347872	0.198889297631916
B9J08_03313	413.050967207599	0.258054950283332	0.139974455009205	1.84358603336846	0.065243493000495	0.20025624849375
B9J08_04976	15444.034141777	0.106872184354666	0.058052117321555	1.84096961981065	0.0656260108520687	0.201302567309589
B9J08_04687	1617.10429270375	0.164387267021577	0.08931509327429	1.84053177346787	0.0656902039140556	0.201302567309589
B9J08_01336	1380.44113079441	0.165613228589766	0.0899912133922293	1.84032665353601	0.0657202945386543	0.201302567309589
B9J08_00717	523.864674009834	-0.238125926133837	0.129397927055304	-1.84026074878358	0.065729965026418	0.201302567309589
B9J08_03355	2717.89790897509	0.126826355022154	0.0689416940843959	1.83961761756098	0.065824396022888	0.20148020719568
B9J08_03185	5100.52764515429	-0.109588585033162	0.0596010085015996	-1.83870353519641	0.0659588031692827	0.201779944872402
B9J08_04405	1769.84585881321	0.151014566344995	0.082180120912412	1.83760457721822	0.0661206938532533	0.201940120211123
B9J08_03724	1221.56576087922	0.165912775271309	0.0902864926165463	1.83762565654149	0.0661175855201308	0.201940120211123
B9J08_02866	2198.16719698456	-0.135471790929716	0.0737063223705853	-1.83799417163405	0.066063264150982	0.201940120211123
B9J08_02984	2052.10269730747	-0.138785230566493	0.075537044781314	-1.83731347934365	0.0661636311297553	0.2019597371847
B9J08_04317	3414.93159126732	0.119384774194771	0.0650004470757334	1.83667620094479	0.0662577106395053	0.202135354410978
B9J08_04185	766.453985551688	-0.202410831690416	0.110265815653318	-1.8356625803849	0.06640757545326	0.202480870910684
B9J08_00791	1146.28339939052	0.169718324022018	0.0925252487632826	1.83429200451249	0.0666106603853168	0.202988188755475
B9J08_03365	55.8233448201627	0.673594072073523	0.367318474669888	1.83381484603759	0.0666814832116523	0.203011516281262
B9J08_01604	983.856868039589	-0.178461560559755	0.0973207694699005	-1.83374588519822	0.066691723934741	0.203011516281262
B9J08_03981	1605.61433137772	-0.155066180408601	0.0846002928878828	-1.83292722891757	0.0668133938252124	0.203158263467427
B9J08_01722	338.601174101479	-0.280253393706307	0.152896415764841	-1.83296248185009	0.0668081507198766	0.203158263467427
B9J08_04487	1563.25812979115	-0.154386422090927	0.0842499739243448	-1.83248035458816	0.0668798860144468	0.203185446114863
B9J08_00475	6996.04162651108	0.140660593650181	0.0767641529551297	1.83237342216751	0.066895804985566	0.203185446114863
B9J08_01314	868.994134339888	-0.196147110108573	0.107098797597948	-1.83145949821879	0.0670319876535792	0.203487334638829
B9J08_00352	1264.58689632685	0.162526598264742	0.088758833049328	1.83110336944625	0.0670851157122682	0.203536903458341
B9J08_04672	2997.94060275088	0.126726687247445	0.0692521345835626	1.82993185711165	0.0672601290527447	0.203955563286627
B9J08_00597	2486.41932177048	-0.130713682762449	0.0714404867585057	-1.8296863402444	0.0672968546371533	0.203955563286627
B9J08_05037	235.394333071453	-0.334713358636287	0.183015137944017	-1.82888345956756	0.0674170686018333	0.204101150227222
B9J08_04964	1299.40222134381	0.162470909084271	0.088860566953643	1.82838028896473	0.0674924975168303	0.204101150227222
B9J08_03942	4820.84360732917	0.123547240045326	0.0675584369036072	1.8287462781533	0.0674376262075109	0.204101150227222
B9J08_00470	5688.97157853263	-0.125854826187367	0.0688339703166068	-1.82838249208187	0.067492167102335	0.204101150227222
B9J08_03244	209.091342706606	-0.350639176985915	0.191948859061588	-1.82673228015078	0.0677400322688283	0.204535905621537
B9J08_00762	1180.04261582251	0.166752015393373	0.091273442959493	1.82694998661743	0.0677072895025437	0.204535905621537
B9J08_00337	647.292845929667	-0.214819015952475	0.117600495597467	-1.82668461438951	0.0677472028744631	0.204535905621537
B9J08_03670	17935.275459506	-0.0982271670936289	0.0537851561947919	-1.82628766081636	0.0678069428968138	0.204604583285476
B9J08_03915	1219.26417500057	-0.168147945192506	0.0921430138642517	-1.82485831687932	0.068022412815172	0.20514283821195
B9J08_01353	1721.25599035347	0.150800645805613	0.0827511940556104	1.82233800402049	0.0684037151005792	0.206099363721778
B9J08_00613	1365.34757211774	0.162927044638373	0.0894088647379715	1.82226947088367	0.068414108080489	0.206099363721778
B9J08_03593	1087.57211255955	0.183020278942171	0.100483682585389	1.82139302853121	0.0685471341476106	0.206387696772147
B9J08_03601	52508.0526276037	-0.125964241140484	0.0692023542666848	-1.82023057561101	0.0687238986950092	0.206807336062076
B9J08_00989	2999.32962415818	-0.122905032120394	0.0675332807244647	-1.81991798416911	0.0687714957317068	0.206838033111512
B9J08_03660	4169.14301771455	0.113254263769619	0.0622541883150658	1.81922320144058	0.0688773845117723	0.207043920507942
B9J08_01934	2521.89210321084	-0.134216126134436	0.0738097722400543	-1.8184059110482	0.069002115582532	0.207232993332938
B9J08_01015	1516.82989315736	-0.151390828105123	0.0832586220573545	-1.81832012546202	0.0690152185353955	0.207232993332938
B9J08_05554	1249.88364051998	0.16241133967425	0.0894680879325717	1.81529910191724	0.0694779569481397	0.20850926743362
B9J08_04988	4686.00607376828	-0.11503650081458	0.0633857831497225	-1.81486281462918	0.0695449943142412	0.208597268737564
B9J08_05010	603.752604531545	-0.217986393392094	0.120171773599795	-1.81395669600458	0.0696843929309889	0.208788936782936
B9J08_04282	689.532927646013	-0.206016139691957	0.113566836475701	-1.81405193703741	0.0696697301308424	0.208788936782936
B9J08_05481	402.285248165541	-0.258477302532781	0.142535516393615	-1.81342383339033	0.0697664763567878	0.208921700449049
B9J08_02759	294.405216506981	-0.310327017812566	0.171214383429121	-1.81250553602604	0.0699081193158027	0.209119420192377
B9J08_02728	723.607554195449	0.201244620764454	0.111018143978886	1.81271829587358	0.0698752811402944	0.209119420192377
B9J08_03567	921.552618848941	0.18596595732008	0.102630234163429	1.81199973707501	0.069986237129778	0.209239933818812
B9J08_00324	1169.86004063481	-0.164550574846525	0.0908577079325787	-1.81107996878625	0.0701284737750746	0.209551911642322
B9J08_01952	1596.21691623248	0.151218747237615	0.0835917928309121	1.8090142837766	0.0704487843034947	0.210395370400988
B9J08_02207	1455.22346265345	-0.157266926705902	0.0869895272035279	-1.80788345173951	0.0706246418146541	0.210806742513142
B9J08_01126	1027.97552730383	0.178438234957741	0.0987289291528068	1.80735511353076	0.070706927862373	0.210938521039259
B9J08_00048	583.05593956158	-0.239150970246588	0.132429035938171	-1.80588017236826	0.0709370588312587	0.211510982423553
B9J08_04351	2074.97531830425	0.135878295762496	0.075301583756023	1.80445468720474	0.0711600565661999	0.212061569433002
B9J08_02118	5842.26947110356	0.113306189369533	0.0628152222308778	1.80380145680414	0.0712624374013539	0.212252310859929
B9J08_00618	12667.965992109	0.0950154515053141	0.0526866279473946	1.80340733895863	0.0713242658884663	0.212322128433319
B9J08_03651	4416.76789539299	-0.118751430457802	0.0658629666574875	-1.80300761542302	0.0713870186889737	0.212382919966893
B9J08_00872	2349.03310421663	0.150696320311811	0.083590696112713	1.80278819677029	0.0714214845667006	0.212382919966893
B9J08_01106	11306.306256879	-0.100069358547318	0.0555237923672695	-1.80227888407543	0.071501539034393	0.212506723481584
B9J08_02406	1075.7283982886	-0.174727036389888	0.0969789522303529	-1.80170059968126	0.0715925236963912	0.21266286174261
B9J08_01817	4802.17630520551	0.109349738313424	0.0607138788434238	1.80106658306955	0.0716923860145462	0.212731001634364
B9J08_01698	2332.80254436547	-0.132608250274922	0.0736259509848532	-1.80110746959592	0.0716859426426498	0.212731001634364
B9J08_03248	243.206553956855	-0.325352036725588	0.180692445260192	-1.80058461357967	0.0717683761142174	0.212842299349993
B9J08_01023	864.071993391961	-0.190550970996107	0.105920789471906	-1.79899500321085	0.0720194711309062	0.213472505265296
B9J08_02056	795.721035909167	0.195592225932729	0.108749017625006	1.79856545102026	0.0720874465911044	0.213559543168398
B9J08_05206	197.905851358819	0.365653107256286	0.203464094308498	1.79713825429008	0.0723136739859978	0.214115059323637
B9J08_03074	613.507063282304	-0.214797387910872	0.119592115677132	-1.79608318403506	0.0724812884271472	0.214496525570118
B9J08_03626	2637.7575279091	0.131385570943776	0.0731741388922893	1.79551919479602	0.0725710173262713	0.214647217557009
B9J08_04343	991.022854891514	-0.173169344790136	0.0965008310286217	-1.79448552871814	0.072735706362651	0.214941252168526
B9J08_03858	654.378571252688	-0.204939614069539	0.114210186031533	-1.79440749718205	0.0727481511588286	0.214941252168526
B9J08_05301	17921.0653237129	-0.0918763322230123	0.0512142196581798	-1.79396138096459	0.0728193331077842	0.215036695899175
B9J08_02409	1268.32797712209	0.1589102104546	0.0886427415901191	1.79270414705126	0.0730202430726914	0.215514922323936
B9J08_01850	3550.16445345316	0.119324738139951	0.0666202706344015	1.79111758333708	0.073274428079533	0.216034574471161
B9J08_01637	1262.39043704549	-0.164264567043692	0.0917052031933067	-1.79122406716047	0.0732573455672568	0.216034574471161
B9J08_04388	476.542773390153	-0.248326756727712	0.138686952517059	-1.79055601280997	0.0733645711273567	0.216185105437086
B9J08_02356	600.609059714026	0.212869195726634	0.118923319194637	1.78997018556335	0.0734587045006886	0.216347228217949
B9J08_00227	513.128825826251	-0.22726943519847	0.127012599650815	-1.78934559109318	0.0735591759495234	0.216527835112727
B9J08_04602	1492.9967552163	0.1566940819007	0.0876585343539545	1.7875507850495	0.0738485116835165	0.217263892617835
B9J08_04686	2176.83750840081	-0.13194149132462	0.0738513280873383	-1.78658251302647	0.0740049901165377	0.217608506291637
B9J08_02125	1438.17158247988	0.153327756163384	0.0858921590421123	1.78511936215515	0.0742419579900906	0.218189303742397
B9J08_04289	8330.53971301803	0.124703566175867	0.0699137073949694	1.78367834895908	0.0744759462521613	0.218588566126721
B9J08_02180	12.4683734519708	1.40636545499709	0.78851913989549	1.78355271779894	0.0744963744619181	0.218588566126721
B9J08_00050	487.783181290742	-0.250803555154376	0.140589642540994	-1.78394048538281	0.0744333363911886	0.218588566126721
B9J08_03034	1081.17595192568	0.168665577155916	0.0946180981081564	1.78259318807187	0.0746525495051218	0.218698755991964
B9J08_02106	306.957257604652	0.299255046797605	0.167870582854378	1.78265328986912	0.0746427593667834	0.218698755991964
B9J08_00696	582.982885660497	0.213989481521436	0.120015811659822	1.78301074301757	0.0745845545589711	0.218698755991964
B9J08_00990	1136.50591654244	0.172049276008109	0.0965525850178824	1.78192304200083	0.0747617824159237	0.218902815533337
B9J08_03854	528.363442408201	-0.229192970311353	0.128647872781027	-1.78155274049082	0.0748221970444013	0.218963794630997
B9J08_01300	1807.32197048918	-0.377785955134092	0.212234579661392	-1.7800395945695	0.0750694810542484	0.21957128488157
B9J08_05215	4775.95730012826	0.107791105145385	0.0606404146570649	1.77754564765047	0.075478507353893	0.220185455788176
B9J08_03610	526.445304286277	-0.227349008703528	0.127880983449329	-1.77781717477651	0.0754338867777894	0.220185455788176
B9J08_02389	6643.24723736939	-0.105563466493295	0.0593611565835611	-1.7783256352948	0.075350388393744	0.220185455788176
B9J08_01228	1020.75737601321	-0.177566942153042	0.0998902138702357	-1.77762100283131	0.0754661219324796	0.220185455788176
B9J08_00592	1418.60748957141	0.155191523215295	0.0872755022549562	1.77817966331419	0.075374351899907	0.220185455788176
B9J08_05371	1345.16262654529	0.168417459733078	0.0948175729812091	1.77622622513713	0.0756956373898962	0.220532509874047
B9J08_05093	3150.62196482883	-0.130849028356907	0.0736722715759646	-1.77609602035939	0.0757170920721056	0.220532509874047
B9J08_03172	384.471670085192	-0.257484762986593	0.144966411474478	-1.77616842665603	0.0757051606065381	0.220532509874047
B9J08_02293	551.96148659222	0.217585016580732	0.122599006910699	1.77476981309661	0.0759359026139094	0.221053409135544
B9J08_04668	910.539589552293	-0.193621974411543	0.109128240922588	-1.77426093167664	0.0760199996471584	0.221065519478671
B9J08_01403	765.509011662107	0.193060692303089	0.108803952569609	1.77439043107901	0.0759985915525481	0.221065519478671
B9J08_03872	4254.9191651934	-0.110932966592023	0.0625544408781075	-1.77338275324345	0.0761653048753222	0.221371676965532
B9J08_02216	2860.43441910789	0.124300125226174	0.0701276561372386	1.77248366868159	0.0763143038949823	0.221688243089888
B9J08_01811	1731.81490256767	-0.146365143432117	0.0826586672998528	-1.7707174360937	0.0766077015116239	0.222423725491229
B9J08_03415	3284.2114983566	0.124949208281465	0.0706066300913422	1.7696526249705	0.0767850264643147	0.2228216061774
B9J08_00129	1121.53589295276	-0.18333391063045	0.103635450637942	-1.76902700284422	0.0768893684209859	0.22300739210093
B9J08_05077	779.080123222977	-0.19950090596422	0.112916784904774	-1.76679584113615	0.0772624254737281	0.223971947219701
B9J08_05175	897.333933210702	0.18099455690701	0.10252133251432	1.76543312955602	0.0774909995690872	0.224516877221908
B9J08_03121	887.013331916392	-0.187091141465895	0.106240132300151	-1.76102135243321	0.0782347890722736	0.226553203329186
B9J08_02383	4690.37820760454	0.111250960540456	0.063192239074407	1.76051619898231	0.0783203233816933	0.226682212780819
B9J08_04367	318.753071469352	0.277884168598194	0.157952804369082	1.75928607097644	0.0785289312559358	0.226902913624182
B9J08_04244	629.951635470655	0.206582327681108	0.117452559120953	1.7588576121902	0.0786016963485686	0.226902913624182
B9J08_03562	313.961383007549	0.281451454483839	0.159985819487955	1.75922750769188	0.0785388738144078	0.226902913624182
B9J08_03021	48.692735985537	-0.68354505257357	0.388603069376354	-1.75898006588201	0.078580894458734	0.226902913624182
B9J08_00286	1440.26507799474	0.153791931696948	0.0874148097449332	1.75933497019208	0.0785206301956676	0.226902913624182
B9J08_02619	1891.41867882725	0.150480794570492	0.0855694770105133	1.75858027684338	0.0786488254136361	0.226913625633976
B9J08_02187	3180.30276861659	-0.121325320566012	0.068999409127472	-1.75835303664516	0.078687458681245	0.226913625633976
B9J08_00496	1979.59086259953	0.136563187687806	0.0777027317388839	1.75750819349208	0.0788312265071508	0.227209751855681
B9J08_05438	4656.84414929061	0.108693556425887	0.0619267849383013	1.7551945661991	0.0792260330406254	0.228223399962963
B9J08_02995	7673.97959040742	-0.10424134473505	0.05940615460891	-1.75472298150427	0.0793067030787948	0.228223399962963
B9J08_01125	3660.3158530822	0.128851769619149	0.0734302154173827	1.75475134979172	0.0793018484663644	0.228223399962963
B9J08_00422	21.1730729431317	1.06206883575586	0.605409134033327	1.7542993259454	0.0793792312266321	0.228313327048623
B9J08_04769	616.18225882005	0.207356494984215	0.118253661905373	1.75348899681552	0.0795181065862992	0.228593891646996
B9J08_04935	1618.34937794958	0.141882335872907	0.0809859242653568	1.75193821839976	0.0797844319271706	0.22924035999438
B9J08_05319	75.4090183663828	0.547090252071992	0.312462425364414	1.75089933272438	0.0799632517689244	0.229613460387077
B9J08_02993	1430.37043918196	-0.150198062146531	0.0857930653740691	-1.7507016620941	0.079997312993292	0.229613460387077
B9J08_02886	17.3329107088453	-1.22669541348564	0.70104487475144	-1.74981011582258	0.0801510845673981	0.229935502459688
B9J08_03245	1408.10675390005	0.151732623076926	0.0867976107127408	1.74811981379406	0.0804432827195683	0.230415223574279
B9J08_02684	1063.66470045971	0.167327571659995	0.0956988358083441	1.74848074427051	0.0803808170524642	0.230415223574279
B9J08_02603	19453.1825620195	-0.087346663330433	0.0499644402457027	-1.74817656118834	0.0804334589261341	0.230415223574279
B9J08_04245	7853.17554556305	0.0990911268251863	0.056695712432433	1.74777108486427	0.080503674132557	0.230468851773899
B9J08_03186	1351.1598011927	0.1516135022308	0.0868052730193979	1.74659323053935	0.0807079222901665	0.23093404976043
B9J08_02436	1731.19986490026	0.143051120783335	0.0819160887072073	1.7463128799355	0.0807565989910091	0.23095385161286
B9J08_04671	1465.39893787512	-0.157100088151709	0.090011202851948	-1.74533928193483	0.0809258279972102	0.231318219458692
B9J08_02620	4136.0371231809	0.115412119309968	0.0661853656162729	1.74377097165406	0.0811990341438263	0.231859503278009
B9J08_01288	541.113989262416	-0.22105011979599	0.126762503620749	-1.74381314254674	0.0811916780172462	0.231859503278009
B9J08_04304	431.377772848866	0.239786784938783	0.137676031828113	1.74167414440121	0.0815654792430734	0.232785689212301
B9J08_03554	1079.27880289512	0.176201969891265	0.101312434641763	1.73919391547848	0.0820006593583979	0.23390698654528
B9J08_04864	62.1598069773806	0.61467389422755	0.353673738527572	1.73796871881578	0.0822163257923487	0.234280524450016
B9J08_02353	6490.88468859711	0.104919826884568	0.0603634410050759	1.73813528747881	0.082186978394533	0.234280524450016
B9J08_02868	6521.03433780478	0.116646675850798	0.0671646176024972	1.73672805734044	0.0824351828977815	0.234783211435443
B9J08_05581	1157.80407174814	-0.158945194325326	0.0915745400462323	-1.73569197557619	0.0826183131150466	0.235170392584708
B9J08_05495	1840.12648233814	0.149463790456985	0.0861225467279101	1.73547806161831	0.0826561640182016	0.235170392584708
B9J08_03173	192.177300023372	-0.347812635928209	0.200501156361038	-1.73471635895162	0.0827910572796449	0.235433078567463
B9J08_00226	1694.97523153406	-0.138080297809479	0.0796522745840552	-1.73353866578871	0.0829999712424815	0.235905879209746
B9J08_03735	647.7946925763	0.201467056324329	0.116315898629267	1.73206808956069	0.0832614399601341	0.236527490713663
B9J08_03078	3196.12122684821	0.12129006626294	0.0700430279478537	1.73165081260107	0.0833357532836217	0.236592367955822
B9J08_00219	1053.27276416177	0.163723272163576	0.0945579525180793	1.73145957377062	0.083369829171198	0.236592367955822
B9J08_04828	1904.9734137127	0.145592557861042	0.0841390735611587	1.73037985443487	0.0835624307367845	0.237017335592387
B9J08_00704	2439.80366571396	0.123667133551213	0.0714943198947524	1.72974767412663	0.0836753669322796	0.23721601973472
B9J08_03768	363.974069588862	0.258928036613514	0.149713384841569	1.72949156742078	0.0837211544178923	0.237224234162583
B9J08_02191	446.960006312227	-0.247662635645949	0.143369770946074	-1.72743971069817	0.0840887240014997	0.238143744215205
B9J08_04932	720.267421661679	0.19794696063259	0.114641800906985	1.72665606320329	0.0842294508534798	0.238176427745704
B9J08_04123	1493.36469106586	0.145240646439899	0.0841131605223458	1.72672915317828	0.084216317353945	0.238176427745704
B9J08_01136	1207.16143514378	0.159244028584419	0.0922202070661402	1.72678021065611	0.0842071438456581	0.238176427745704
B9J08_01663	1100.5047513092	-0.163015630222334	0.0944388987555323	-1.72614920727021	0.084320573143125	0.238312258586931
B9J08_02844	3260.41219915612	0.122900724986662	0.0712205684228223	1.7256352723419	0.0844130495282747	0.238451775761434
B9J08_01881	5248.14409741234	-0.106779833086801	0.061926108704029	-1.72431039704347	0.0846518233547719	0.238882262742471
B9J08_01393	1199.37525091776	0.161178664234684	0.0934672506954774	1.72443998336717	0.0846284447564592	0.238882262742471
B9J08_05204	76.2450236176157	-0.550572087174647	0.319474367057037	-1.72336858273312	0.0848218925796184	0.238909418030742
B9J08_05072	735.135775994546	-0.190880382760345	0.110764431107981	-1.72330034877587	0.0848342247355591	0.238909418030742
B9J08_05058	1832.73712380354	-0.141021814010895	0.0818002088287779	-1.72397865518997	0.0847116965312436	0.238909418030742
B9J08_04087	1330.74141401109	-0.158319500378226	0.0918556217975365	-1.72356898010212	0.0847856824620444	0.238909418030742
B9J08_04886	4983.87431868587	0.11766238760742	0.0683294773995617	1.72198576786092	0.0850720966689374	0.23945738762132
B9J08_04551	877.819925656858	0.18215315165078	0.105894251948417	1.7201420124249	0.085406630574625	0.240276741458927
B9J08_03748	1852.48923829328	0.136005379340792	0.0791805461978731	1.7176615453108	0.0858583673521689	0.241424824516953
B9J08_04461	3687.89835686106	0.123969458828254	0.0722029619752741	1.71695807812852	0.0859868319571895	0.241540460921897
B9J08_00751	310.568677555579	0.297784757506768	0.173422366854343	1.71710698514959	0.0859596261518184	0.241540460921897
B9J08_00133	849.202868205507	-0.178820959515379	0.104213413483723	-1.71591116284957	0.0861783032944841	0.241955429198879
B9J08_01622	1221.47944989832	-0.15572526405605	0.0908353653636885	-1.71436822467278	0.0864611204343959	0.242626310057151
B9J08_04247	2285.34836658953	-0.12547310511122	0.0733341986246459	-1.71097669933563	0.0870854142675371	0.244136848538642
B9J08_00267	2503.05120705134	-0.121191377841814	0.0708322037751187	-1.71096438318619	0.0870876879708444	0.244136848538642
B9J08_05547	527.547047343093	0.216598087526902	0.126740460633421	1.70898927181101	0.0874529367298776	0.245036571961982
B9J08_01088	1141.86469107599	-0.171195540582964	0.10024690471691	-1.70773891788887	0.0876847974298021	0.245561830169233
B9J08_02001	453.262410148111	0.23037598026021	0.134972753821996	1.70683322179255	0.0878530556233365	0.245908527658236
B9J08_01986	1858.29900102547	-0.136161458651183	0.0797945487095163	-1.70640051047678	0.0879335356386659	0.246009299755924
B9J08_02295	3264.69396174363	-0.114962494020422	0.0674405302815825	-1.7046499121585	0.0882597366115041	0.246795213673596
B9J08_00589	2291.04127380839	-0.123715147572096	0.0725851334674886	-1.70441441190584	0.0883036933393684	0.246795213673596
B9J08_05183	44.8022651844456	0.69730042104699	0.409954792960414	1.70092027955464	0.0889579579924103	0.248330241818696
B9J08_03627	2354.2630168269	0.125190552123307	0.0736078722506273	1.70077667368303	0.0889849310479068	0.248330241818696
B9J08_00558	6203.32383942887	-0.103441144201749	0.060820457596068	-1.70076234691855	0.0889876223620785	0.248330241818696
B9J08_02588	1781.71207914645	-0.136546959412967	0.0803394575110055	-1.69962511128808	0.089201463865423	0.248801460736084
B9J08_04808	1025.08529356249	0.163351030249344	0.0962682164604862	1.69683241525921	0.0897283484501255	0.250144906893974
B9J08_04409	359.06047835451	0.253204494407031	0.149315886837034	1.6957639255318	0.0899305968119006	0.250582433736334
B9J08_05543	982.856607054776	-0.193091037210321	0.113933757961888	-1.69476580659186	0.0901198564255297	0.250604789285875
B9J08_03096	656.789462104143	0.195875279876227	0.115543169837144	1.69525624190775	0.0900268218804685	0.250604789285875
B9J08_02560	5003.75990968742	0.103710522740479	0.0611834523865573	1.69507470884832	0.0900612493038538	0.250604789285875
B9J08_00161	1350.44853856501	-0.149796077414763	0.0883764700021667	-1.69497692554467	0.0900797981248861	0.250604789285875
B9J08_02410	261.440870354265	-0.295619989452461	0.17453459637384	-1.69376155555581	0.0903106021623521	0.250715309275148
B9J08_01898	4032.06723938244	-0.107731386634932	0.0636017553008998	-1.69384297847213	0.0902951247398591	0.250715309275148
B9J08_01797	4664.32742711477	-0.10242171667525	0.0604756666807258	-1.69360210968775	0.0903409169020736	0.250715309275148
B9J08_00948	2376.49268207521	-0.121465552913013	0.0717097558886942	-1.69384976155194	0.0902938354621674	0.250715309275148
B9J08_00755	2950.94448979265	0.121546890229698	0.0718050510658614	1.69273454200614	0.0905060072263538	0.251047505500984
B9J08_03072	2270.69042593035	-0.13124939364332	0.0775522795568943	-1.69239891326511	0.0905699394300096	0.251098914780643
B9J08_04480	650.374150757005	-0.200404084865859	0.118431850713585	-1.69214686470209	0.0906179747544574	0.251106221626705
B9J08_03924	13.4775032029752	1.27261008228783	0.752205099107962	1.69183921220026	0.0906766348292667	0.251142948042401
B9J08_00202	954.811005932235	-0.174062322818897	0.102960344525022	-1.69057634394955	0.0909177458993416	0.251684710995625
B9J08_02076	45.9763819220156	-0.697408821811775	0.412609976369553	-1.69023741972526	0.0909825421342485	0.251738089316923
B9J08_03318	4772.35681658541	0.103892411408547	0.0614993475391097	1.68932542483443	0.09115708362313	0.252094914759766
B9J08_04745	1193.61065614628	0.164972786285689	0.0976755293403374	1.68898789082435	0.0912217505455051	0.252147677294947
B9J08_04511	834.35063885536	0.185808691638624	0.110045163950899	1.68847666692133	0.091319764314945	0.252200214589122
B9J08_00565	2310.83490952233	0.122352125362901	0.0724657511267768	1.68841312565503	0.0913319525984473	0.252200214589122
B9J08_02653	3553.84151746009	-0.115477371706616	0.0684252113864499	-1.6876436238454	0.0914796598228437	0.252230308315129
B9J08_02284	979.988306421531	-0.170035363399769	0.100746544336363	-1.68775380356542	0.0914584988617738	0.252230308315129
B9J08_01664	2057.60902417515	-0.1280246564885	0.0758553809506137	-1.68774653668737	0.091459894406884	0.252230308315129
B9J08_04963	1883.60678286363	-0.137075938948155	0.0812625246492862	-1.68682845554884	0.091636342181464	0.252410661656214
B9J08_04082	595.205875810025	0.218624183869828	0.129599337681044	1.68692361999474	0.0916180396447362	0.252410661656214
B9J08_03851	914.842236750762	-0.172516815414264	0.102379114357834	-1.68507821635656	0.0919734818515885	0.253213204639689
B9J08_04664	1139.77815765801	-0.156902521322449	0.0931626719392972	-1.68417798734544	0.0921472760751925	0.253452566759688
B9J08_00750	655.693664686609	-0.19216953750898	0.114104549231705	-1.68415316306761	0.0921520722751278	0.253452566759688
B9J08_02801	1673.85697678627	0.137132242535531	0.0815248217177248	1.68209190337569	0.0925510201690726	0.25391849829124
B9J08_02672	7145.65857931841	0.107363547996134	0.0638182684995323	1.68233251262404	0.0925043799174563	0.25391849829124
B9J08_02449	512.88080837248	0.213255389554237	0.126757638717751	1.68238688974862	0.0924938419453278	0.25391849829124
B9J08_01951	1485.19747644513	0.177055170669102	0.10522944461918	1.682563006104	0.0924597182315517	0.25391849829124
B9J08_01485	1205.61649051672	0.154552288804421	0.0918691856223017	1.68230824903386	0.0925090823719046	0.25391849829124
B9J08_05493	3687.03845557249	0.118044457724329	0.0701932265643835	1.68170724587015	0.0926256222880567	0.253997182387328
B9J08_02757	520.860695122386	-0.236879190334305	0.140904906000402	-1.68112805336693	0.0927380444304376	0.254179446850719
B9J08_01730	7649.90628180486	-0.0937588716870919	0.0558080609062592	-1.68002382029683	0.0929526812351085	0.254531377653825
B9J08_00871	3788.60907278313	-0.108134991427439	0.0643662966583816	-1.67999398817919	0.0929584854204895	0.254531377653825
B9J08_05199	2166.20986106592	-0.124120649913132	0.0739123679508821	-1.6792947290718	0.0930946177542823	0.254651993471284
B9J08_03970	4997.64509067391	0.100598393984841	0.0599020917670027	1.67938031907353	0.093077946434544	0.254651993471284
B9J08_03591	10.0448704831483	1.4924599978424	0.888889550678013	1.67901624752367	0.0931488772969693	0.254674463830715
B9J08_01022	4.42519974558655	-2.54347983768152	1.51593543192183	-1.67782860939994	0.0933805625248011	0.255181764488476
B9J08_03600	2135.11773517694	-0.14799881152417	0.0882559610261891	-1.67692708575518	0.0935567408612943	0.255534737839479
B9J08_00895	1354.52401145202	0.144503769582356	0.0861836920300166	1.67669504727213	0.0936021296081693	0.255534737839479
B9J08_02951	716.576463647699	0.199272361813555	0.11893229563559	1.67551093459197	0.093834027491086	0.256041443538824
B9J08_05263	484.038776092368	-0.218329045554281	0.130411825931841	-1.67415066842472	0.0941009919002412	0.256390436551839
B9J08_03785	2335.16729610082	0.135069428647973	0.0806699996460824	1.67434522425379	0.0940627712971538	0.256390436551839
B9J08_02753	751.724004110374	0.183317893082426	0.109473336025648	1.67454377237101	0.0940237792410305	0.256390436551839
B9J08_01717	931.13012743317	-0.18668705864825	0.111574158669709	-1.67321054332031	0.0942858555055686	0.256767635057262
B9J08_05249	31.0605660688594	0.826679919990664	0.494218280408834	1.67270202815405	0.0943859697862465	0.256779763549272
B9J08_05229	15.6608123387031	1.17933930070683	0.705000523405755	1.6728204611957	0.0943626455894911	0.256779763549272
B9J08_01539	11076.0221527935	0.0901666471738251	0.053911923379662	1.67248062249324	0.0944295857998952	0.256779763549272
B9J08_04358	2335.90122799015	-0.122435175534596	0.0732604899888421	-1.67123063950627	0.0946761305104382	0.257131237239746
B9J08_04171	231.291006382874	0.307182612375544	0.183818587487038	1.67111833778619	0.0946983059586625	0.257131237239746
B9J08_00943	2304.38042506768	0.126930542663008	0.0759404854800874	1.67144760611639	0.0946332993926127	0.257131237239746
B9J08_02612	7196.55168782793	-0.0937552391360462	0.0561708977125537	-1.66910701010735	0.0950961742788927	0.2580848576725
B9J08_01031	1069.11147161317	-0.15857612889641	0.0950479881771741	-1.66837964629842	0.0952403861169642	0.258349473081378
B9J08_04887	5118.88982570153	0.10261276364446	0.061523909022076	1.66785182013777	0.095345145968939	0.258380206934935
B9J08_00249	4403.37719793507	-0.103003277106877	0.0617496009531557	-1.66808004451749	0.0952998380085933	0.258380206934935
B9J08_00022	263.647287389204	0.29377200184901	0.176176823788241	1.66748381275232	0.0954182405103828	0.258451659286448
B9J08_00307	2209.01566066082	0.128783852386549	0.0772545917468067	1.66700579829124	0.0955132519241095	0.258582377088717
B9J08_04046	4656.24959107064	0.12337867607648	0.0740410623006643	1.66635475292705	0.0956427772504007	0.258679804876267
B9J08_00368	297.064412474263	0.271369519605845	0.162835826679294	1.66652219686462	0.0956094508913048	0.258679804876267
B9J08_02002	1159.16852383142	0.157021190836017	0.094278895061472	1.66549672366902	0.095813696738915	0.259015423588924
B9J08_04561	351.816803466203	0.254527868723401	0.153090376176697	1.66259875427849	0.0963927806482206	0.260453575850175
B9J08_00543	1194.59088579141	-0.149426628081596	0.0899404075094731	-1.66139594226163	0.0966339522215104	0.260977729363855
B9J08_02968	2626.95015907505	0.125798367419646	0.0757297444394371	1.66114871178854	0.0966835832776964	0.2609843333865
B9J08_00668	4151.48948565768	-0.109103120349149	0.0656886626948511	-1.66091249042433	0.0967310233212074	0.260985019507121
B9J08_00805	8309.85665789758	0.0929552834197507	0.0559991494238502	1.65994098796366	0.0969263247277863	0.261384447620373
B9J08_00905	996.146110453237	0.164711272299897	0.0992718389851904	1.6591943292646	0.097076639934378	0.261662229764642
B9J08_03979	834.094496028856	0.172062779889669	0.103773602447564	1.65805923502185	0.0973055108826107	0.262151378807462
B9J08_04498	266.042145325367	0.283528189480604	0.171030181458336	1.65776699213568	0.0973645060756078	0.262182611053645
B9J08_04802	15.4845595879519	1.18063096691895	0.712619154739738	1.65674885254823	0.0975702616884755	0.262608816252534
B9J08_00088	1829.51197626606	0.130046512293668	0.0785576869938441	1.65542695145618	0.0978379227288702	0.263201143294446
B9J08_01261	1885.29793717139	-0.133395070050092	0.080620998063884	-1.654594624894	0.0980067545721667	0.263527155828223
B9J08_00599	2492.82536701577	0.118443822543008	0.0716181893896594	1.6538231914602	0.098163442408277	0.263820213780457
B9J08_04563	3758.51089680454	-0.108349143535386	0.0655418831257845	-1.65312832601175	0.0983047495550821	0.264071670611539
B9J08_03925	788.534375902248	-0.180728523662382	0.109423964584541	-1.65163567549913	0.0986088427923547	0.264759956060444
B9J08_02816	1399.6638417426	0.143728952504748	0.0870450865145181	1.65120121376151	0.0986974953693508	0.264869406544337
B9J08_03721	3945.38246733585	-0.118018608268242	0.0715374819219785	-1.64974507205828	0.0989950874076583	0.265410483980493
B9J08_01029	1967.52743908585	0.134853562310874	0.0817408990923287	1.64976852234709	0.0989902891987061	0.265410483980493
B9J08_04600	131.705653937325	-0.406152551568887	0.246506334261522	-1.64763535503308	0.0994275208232259	0.26631167926066
B9J08_03345	1317.96296773873	0.150813372471075	0.0915235180209636	1.64781004633728	0.0993916568220156	0.26631167926066
B9J08_01824	1291.22857736425	0.154857386161619	0.094008436587423	1.64727115760094	0.0995023234990615	0.266383035466268
B9J08_00890	1863.66123560182	0.133886526417381	0.0813206795917671	1.6464019618318	0.0996810294557166	0.266732353129932
B9J08_04073	362.271782267964	-0.249796888019655	0.151783479218425	-1.64574490785116	0.0998162890671074	0.266965132896601
B9J08_05207	630.660136583194	0.19798168919286	0.120762861721299	1.63942528663961	0.101124718934332	0.269942480900477
B9J08_02874	1596.69091036995	0.136206026487914	0.0830744266780837	1.63956625323118	0.101095384607866	0.269942480900477
B9J08_01661	835.489834031471	0.173867368099079	0.106025725373712	1.63986020832438	0.101034236071585	0.269942480900477
B9J08_00899	11952.9627464788	-0.0887461036576991	0.0541127930908034	-1.64002075274103	0.101000852066258	0.269942480900477
B9J08_03252	1211.20603599741	-0.155755668951426	0.0950339377822313	-1.63894785995649	0.101224119018185	0.270043058963678
B9J08_02143	1959.21826074746	-0.130209765913125	0.0794597236101259	-1.63868888535287	0.101278069996439	0.270043058963678
B9J08_01500	1506.29212064096	-0.13592919260498	0.0829574507552798	-1.63854109989426	0.101308867718248	0.270043058963678
B9J08_03975	4527.62653970623	-0.100025959670957	0.0611040168921594	-1.636978463257	0.101634969678205	0.270754177278087
B9J08_02640	646.752378016684	-0.210778756347825	0.128775384854173	-1.63679383747534	0.101673553825092	0.270754177278087
B9J08_01003	180.258748433151	-0.333558750976271	0.20390193854441	-1.63587827245508	0.10186506616539	0.271133628951285
B9J08_05514	1134.30998615509	0.15028905322217	0.0918924662755951	1.63548829750023	0.101946725919302	0.27122046227016
B9J08_02737	609.634880763148	-0.226265013638377	0.138406587306713	-1.63478500583912	0.102094125101783	0.271482022085558
B9J08_00124	1949.02840629416	-0.13386063903022	0.081918471864362	-1.63407148575552	0.102243841289805	0.271749488790922
B9J08_04410	11471.0985531309	-0.092256542487611	0.0565423179723048	-1.6316370781403	0.102755962447161	0.272848405326571
B9J08_02545	5022.98130158292	0.0981081929958979	0.0601201684292916	1.63186823255967	0.102707247482947	0.272848405326571
B9J08_01498	4913.55994107509	0.0979479065829763	0.0600549986009271	1.63097009182953	0.102896630447594	0.27309081718121
B9J08_04794	4776.51932073268	-0.0996706128708441	0.0611335933099513	-1.63037386605933	0.103022504588352	0.27329375197994
B9J08_02472	1677.3712754824	0.133240576524452	0.0818658782595698	1.62754714610146	0.103620944023599	0.274749492518949
B9J08_04354	694.774784100249	0.193602312825173	0.118978439671004	1.62720500756706	0.103693564573195	0.274810304578025
B9J08_05511	3792.19410158173	-0.103649522352913	0.0637150292444378	-1.62676724129356	0.103786541548186	0.274924981466962
B9J08_02147	6787.39047194462	0.102827251262472	0.0632680792991501	1.62526272966617	0.104106589252399	0.275640758810444
B9J08_04279	869.179340893117	0.169828616314806	0.104536654792146	1.62458437810625	0.104251148013964	0.275798101973665
B9J08_02130	1235.96708374438	0.154036530446857	0.0948336050325701	1.62428213494525	0.104315608267747	0.275798101973665
B9J08_00775	1168.21008698076	0.150364305367957	0.0925649803741074	1.62441891912308	0.104286431998824	0.275798101973665
B9J08_04466	741.109329383045	0.186072908335588	0.114790416900985	1.62097946291186	0.1050220432441	0.277533168267135
B9J08_04653	2207.52747526887	-0.127197389226462	0.078505053670387	-1.62024459929058	0.105179744418183	0.277684566289723
B9J08_03220	2097.16286219685	0.121392648447532	0.0749211284949134	1.62027255710348	0.105173741255711	0.277684566289723
B9J08_02481	1822.23470472196	0.131192029831536	0.0811129023298396	1.6174002663356	0.105791908293015	0.279167483191158
B9J08_04165	4284.67359456666	-0.101656857603204	0.0628838203903531	-1.61658208696873	0.105968521142724	0.279375718708753
B9J08_04150	8922.26174298772	-0.0884049703566887	0.0546896757742997	-1.61648371662559	0.105989771181167	0.279375718708753
B9J08_02129	202.735461371354	0.330960429405466	0.2047600622439	1.61633292048545	0.106022352842103	0.279375718708753
B9J08_04806	2517.84781826202	-0.114803600171163	0.0711509188689634	-1.61352238307131	0.106631064392587	0.280845912931143
B9J08_03881	1082.87391056309	-0.151861091987689	0.0942056858573174	-1.61201620269179	0.106958413948333	0.281574006448467
B9J08_04898	2619.24039867786	-0.12512899796535	0.0776709117281965	-1.61101492413569	0.10717646964663	0.281745747916116
B9J08_02028	1159.48309098955	0.148679169472371	0.0922826388814494	1.61112828235624	0.107151765139775	0.281745747916116
B9J08_00651	1964.4095333801	0.126264680996077	0.0783545362540015	1.61145336355212	0.107080944209603	0.281745747916116
B9J08_03403	582.290596474795	-0.20934058877094	0.130063255598474	-1.60952905421042	0.107500707234294	0.281945256078612
B9J08_02909	3277.19213578531	-0.105726817330654	0.0656687249762576	-1.61000259056163	0.107397290753123	0.281945256078612
B9J08_02636	647.149763827152	-0.190317642697289	0.118246500702388	-1.60949915275967	0.107507240113866	0.281945256078612
B9J08_02221	3447.8952973057	0.104877588271442	0.0651378652715907	1.61008635812914	0.107379004804078	0.281945256078612
B9J08_01625	339.270130540632	-0.244918463977009	0.152131584803627	-1.60991200014877	0.107417068863518	0.281945256078612
B9J08_05141	10.015490082104	1.44697602851794	0.899430483901717	1.60876916495089	0.107666825664452	0.282096263737605
B9J08_02645	1627.19180172493	-0.129958264899688	0.0807718402633732	-1.60895510707608	0.107626158319556	0.282096263737605
B9J08_02614	89.8267989928977	-0.460271934080549	0.286164554373865	-1.60841700009855	0.107743880876115	0.282164491063347
B9J08_04489	14343.7409117647	0.083791776201829	0.0521076544681211	1.60805119818034	0.107823966164948	0.282240585356521
B9J08_04621	1147.5930420963	-0.147722767083095	0.091899690508431	-1.6074348701919	0.107959005905699	0.282460388677588
B9J08_03036	2927.14380013555	0.111095866559527	0.0691252540810141	1.60716756902368	0.108017614189031	0.282480105947769
B9J08_04798	106.561730230287	0.430491723512971	0.267959899663202	1.60655278664477	0.10815250655974	0.282665494047007
B9J08_02805	844.815928011825	0.180892026988716	0.112608577864047	1.60637875390904	0.108190716126833	0.282665494047007
B9J08_04796	1609.75033405213	0.138052733725801	0.0860158460870196	1.60496861922554	0.108500710852473	0.28328974961166
B9J08_00619	674.823185568184	-0.180928348462124	0.112756505338123	-1.60459343715535	0.108583306667279	0.28328974961166
B9J08_00440	1401.48357153667	-0.148219840461763	0.0923711546304356	-1.6046117541214	0.108579273057751	0.28328974961166
B9J08_05311	4711.35821308062	0.0982306545733862	0.0612714121779652	1.6032053298865	0.108889329151925	0.283436935029157
B9J08_05027	13582.6587830861	-0.0889478241757182	0.0554720218138835	-1.60347182718796	0.108830524235093	0.283436935029157
B9J08_04103	5510.50896225901	0.0962692272968272	0.0600490942913541	1.60317534232466	0.108895947737653	0.283436935029157
B9J08_02691	5692.73143711566	-0.0984042566727255	0.0613456732133518	-1.60409449465962	0.108693225227867	0.283436935029157
B9J08_02658	5671.54750099809	-0.0976484980889579	0.0608949477787783	-1.60355664387298	0.10881181397621	0.283436935029157
B9J08_04855	29.6081633194001	0.798525220515109	0.498640741656533	1.60140388421197	0.109287493002908	0.284322259548017
B9J08_02323	487.545235167943	0.209782865556782	0.131050867860086	1.60077433276331	0.109426910510938	0.284551124605546
B9J08_03308	4561.64094934309	0.104094168764573	0.0650855809309667	1.59934300770827	0.109744408286614	0.285242632628413
B9J08_04598	453.935938112187	-0.215240165875959	0.134616449030532	-1.5989143037575	0.109839645334044	0.285356072495348
B9J08_01060	81.5779653782692	0.537224455689493	0.336063884989392	1.59857836466554	0.109914320202583	0.285416011756098
B9J08_01070	1125.39881095561	0.147699008778863	0.0924211158612116	1.5981089105293	0.110018740917782	0.2855530999607
B9J08_03578	477.027925494007	0.21054700228339	0.131865350784797	1.5966817744792	0.11033666028607	0.286155955631945
B9J08_02540	227.986997214128	0.297028784739571	0.186038105358111	1.59660185835483	0.110354484426494	0.286155955631945
B9J08_05073	2086.12725772033	0.127153191706661	0.0796606110857086	1.59618649635833	0.110447161571521	0.286262066847274
B9J08_01557	1871.17313175115	0.130732522815372	0.081927505201017	1.59570979849328	0.110553599959486	0.286403728981694
B9J08_01360	1996.33240594622	0.126142748622	0.0790723778452445	1.59528209546042	0.110649167584002	0.286517109507075
B9J08_04599	9166.49541386351	-0.0869582753443393	0.0545299821031208	-1.59468739930803	0.110782157207288	0.286593129800518
B9J08_00234	2101.55127297054	0.120244821716211	0.0753993048983654	1.59477361068906	0.110762870267818	0.286593129800518
B9J08_04587	336.401506349406	0.253237717068007	0.158845626502487	1.5942378940099	0.110882762084237	0.286702758267451
B9J08_04500	3119.67316761433	0.107008583121124	0.0671306375903844	1.59403495873323	0.110928205151391	0.286702758267451
B9J08_02300	238.152848962703	0.306225704310692	0.192162241360172	1.59357895777626	0.111030370570819	0.286832778901074
B9J08_05409	16395.3795078841	0.0836148708549153	0.052491668261006	1.59291700235463	0.111178811534346	0.287082169279396
B9J08_04383	6612.52312186621	0.0928984364279305	0.0583501864016999	1.59208465570941	0.111365684347407	0.287212450168636
B9J08_04149	339.498208145893	-0.248214011576444	0.155913473955228	-1.59199846735325	0.111385048926365	0.287212450168636
B9J08_01123	734.626188048041	-0.174077965214683	0.109339817876237	-1.5920820849704	0.111366261896016	0.287212450168636
B9J08_03685	1680.40541825481	-0.132830642666947	0.0834644989713131	-1.59146276924997	0.111505467796262	0.287255119879425
B9J08_00395	1528.46559796734	-0.137077444862949	0.0861227418751435	-1.59165212205711	0.111462891695638	0.287255119879425
B9J08_01195	33.1842369652223	0.765559500058107	0.481334716465983	1.59049300594592	0.111723720899472	0.287683380025595
B9J08_05202	68.3637519238935	-0.548569839208564	0.345099385155773	-1.58959958436596	0.111925090826861	0.288067788442703
B9J08_00734	1895.86936693136	0.130248311589004	0.081949914876901	1.58936481855598	0.111978052594103	0.288070050650226
B9J08_02373	807.996496443627	-0.169122443442869	0.106581294317594	-1.58679292201982	0.112559552421569	0.289296879388337
B9J08_00064	2722.87628143844	0.109760146807492	0.0691680067202871	1.58686294447313	0.112543689044001	0.289296879388337
B9J08_05571	484.594864872302	0.214298117453968	0.135129137589311	1.58587645327294	0.112767338232916	0.289696306440436
B9J08_04375	1129.0053938083	-0.148090472906809	0.0934821866218132	-1.58415713472682	0.113157965182798	0.290564858600769
B9J08_01506	1892.51719474204	0.130703028763536	0.0825399879394122	1.58351160481726	0.113304903746117	0.290807156668109
B9J08_03967	14810.9476454373	0.0922297174038353	0.0582785334932996	1.58256757463602	0.113520058954953	0.291224232875623
B9J08_01273	3159.77971380011	-0.108857050791985	0.0688076834068473	-1.58204789642943	0.113638636788229	0.291393277735603
B9J08_04129	4684.8620808723	-0.103980739707902	0.0657589248393726	-1.5812414810901	0.113822834121511	0.291730350104762
B9J08_04792	538.598032804432	0.201507879262271	0.127497701264596	1.58048244998615	0.11399642290051	0.292039932868328
B9J08_05583	569.691171925575	0.191998319499607	0.121726670219389	1.577290491505	0.114728699264171	0.293779831310246
B9J08_05317	6205.04039284814	-0.0953977316336188	0.0605052381892184	-1.57668549845686	0.114867908774816	0.293864201403103
B9J08_00738	2891.45360693739	-0.108189377497988	0.068611404263967	-1.57684248935868	0.114831772248753	0.293864201403103
B9J08_04268	9297.68795374119	-0.101422005907606	0.0644096612805111	-1.57463964087471	0.11533964735441	0.294662166058772
B9J08_03537	175.631266608963	0.329863154115065	0.209477057913917	1.57469823855661	0.115326114604723	0.294662166058772
B9J08_01975	879.393973525515	0.171402489252619	0.108850123375051	1.57466508937284	0.115333770037556	0.294662166058772
B9J08_00017	33.7942797272042	-0.771250683796949	0.48992848893722	-1.57421072914129	0.115438739727366	0.294779164096058
B9J08_03753	4999.82139471562	-0.0949746096493389	0.0603426468336629	-1.57392183858193	0.115505520436174	0.294813582617664
B9J08_04364	361.396621261921	-0.237110924782271	0.150713649820371	-1.57325448003464	0.115659904941869	0.29484199542739
B9J08_03569	1278.21748423047	-0.138637834407236	0.0881257179684383	-1.57318246708512	0.115676573870446	0.29484199542739
B9J08_01687	1337.01169211105	0.137748874678315	0.0875597962179005	1.57319775317332	0.115673035422376	0.29484199542739
B9J08_04412	1079.10725935533	0.15112081862006	0.0961346941016088	1.57196962066925	0.115957596814255	0.295422140939496
B9J08_03714	172.136198863898	-0.384169361319905	0.244495382505127	-1.57127450581546	0.116118900334852	0.295696886626181
B9J08_05437	6.85154400971097	1.71306515008101	1.09097954985955	1.57020830528083	0.11636665800727	0.296191433703733
B9J08_01571	1867.69737831946	0.138454158188723	0.0882560346985047	1.56877836922656	0.116699590288339	0.296902223498068
B9J08_03105	545.985188423677	0.209865075441762	0.133809075677627	1.56839193738525	0.116789691577159	0.296994843270468
B9J08_01291	790.807890981227	0.172750410189165	0.11018560584282	1.56781286328447	0.116924812019851	0.297201808493472
B9J08_01246	7487.36997276048	-0.088694252686019	0.0565871126054057	-1.5673931501772	0.117022824073216	0.297314304064748
B9J08_03836	3468.22151528761	-0.113918573352995	0.0727303068141408	-1.56631503898519	0.117274881950702	0.297681217103869
B9J08_00344	344.042029922712	0.263462324074328	0.168186931518914	1.56648511091184	0.117235091557861	0.297681217103869
B9J08_02073	1807.41078449676	-0.127399342571864	0.0813597248220977	-1.56587725499856	0.117377355601039	0.297804657719885
B9J08_00282	388.28378092144	-0.232034457683608	0.148292007427615	-1.5647131744229	0.117650177998194	0.298359988311788
B9J08_04274	1567.89417516496	0.129698936247729	0.0829218825732397	1.5641098853873	0.117791764855752	0.298445373988622
B9J08_01267	1320.89401630308	0.136972309919655	0.087563682674824	1.56425935656812	0.1177566727749	0.298445373988622
B9J08_00031	2879.79287962578	0.109214917563148	0.0698808057886952	1.56287433051919	0.118082156464635	0.299044142585118
B9J08_01505	451.523950350204	0.210473362415303	0.134720482493423	1.56229667916738	0.118218113976821	0.299251436341327
B9J08_03079	52.1694837209362	0.595292077166621	0.381227975429659	1.56151204930778	0.118402983103787	0.299445313007336
B9J08_00244	2002.97474427187	0.124245698926092	0.0795608341908939	1.5616439946819	0.118371879188849	0.299445313007336
B9J08_01390	1249.32077139906	0.140272520198037	0.0899356466421621	1.55969880058968	0.118831075728522	0.300390621505693
B9J08_02414	186.133868288811	-0.315766234266695	0.202589822622977	-1.55864806128164	0.11907970107173	0.300841230744901
B9J08_01351	97.1093459693685	-0.438052879907498	0.281075939562339	-1.55848586894199	0.119118115228952	0.300841230744901
B9J08_05194	2230.99464208915	0.11572522331755	0.0743029684517248	1.55747779300013	0.11935708899966	0.300895195650465
B9J08_04281	1285.44152643841	0.142951723286191	0.0917807057053456	1.55753567362105	0.119343357702867	0.300895195650465
B9J08_03433	5063.15641219011	-0.105342373035447	0.0676121575179344	-1.55803892232702	0.119224021765059	0.300895195650465
B9J08_00010	295.933335713297	0.257387071154045	0.165218432511276	1.55785929718513	0.119266605742635	0.300895195650465
B9J08_04844	21.39768090528	0.913463282806437	0.587081585542553	1.55593925154756	0.119722538540306	0.301678979802475
B9J08_05423	73.3984761708547	0.496141200602726	0.318917666663415	1.55570309350831	0.119778710636746	0.3016830822094
B9J08_04993	4966.447155845	0.0946993470622986	0.0608964925858236	1.55508705084838	0.119925338519688	0.301914905485842
B9J08_03470	459.510713349216	0.20938708053826	0.134686688408868	1.55462342278863	0.120035781999117	0.302055464166113
B9J08_05284	716.170179583089	0.180932116070491	0.116471398205943	1.55344675909676	0.12031643934909	0.302624022755714
B9J08_05156	893.47157411579	-0.171929232062786	0.110782501273608	-1.55195297168962	0.120673476699868	0.303166121421492
B9J08_04030	23.1714445239869	0.886040745783113	0.570914259162476	1.55196814856739	0.120669845035933	0.303166121421492
B9J08_02890	2469.54380821579	-0.109943264202409	0.0708462518521686	-1.55185717420623	0.120696401983389	0.303166121421492
B9J08_00221	507.946684076518	0.208846670346522	0.134795907271684	1.54935468423078	0.121296480882634	0.30453510474891
B9J08_04397	3275.00525369057	0.105118974894996	0.067875400457649	1.54870504168274	0.121452641363086	0.304762578825009
B9J08_00530	1387.06166604484	0.13691121509181	0.0884142696280918	1.5485194377301	0.121497285537723	0.304762578825009
B9J08_01179	606.018399334602	0.195286932941017	0.126145115585892	1.54811331405096	0.121595017103792	0.304869464914359
B9J08_00980	14317.9329332693	0.0799819057715726	0.0516803077729095	1.54762827889927	0.121711818850593	0.305024046244962
B9J08_00986	4448.54629107957	0.095073963972618	0.0615260839674675	1.5452627217895	0.122282728500958	0.306316019628079
B9J08_03960	1807.40936268317	0.121735776935317	0.0788195241849693	1.54448758977071	0.122470255423176	0.306645390433323
B9J08_00495	1367.76187702989	0.134347607950425	0.0869979887061224	1.54426107946299	0.122525097244195	0.306645390433323
B9J08_00561	1035.20556817745	-0.152472064937579	0.0987738373061655	-1.54364828881729	0.122673559979959	0.306878091474062
B9J08_04871	3186.66601754786	0.108476082896929	0.0703353723387555	1.54226926352898	0.123008174800221	0.307576046482831
B9J08_00094	17275.6062551785	0.0786983016209492	0.0510720662510543	1.54092652594263	0.123334669103275	0.308253074925538
B9J08_02741	23.7609634134523	-0.866343176894102	0.562339066271891	-1.54060642209628	0.123412603971296	0.308308542260722
B9J08_00656	4214.7898013035	-0.0964266598796023	0.0626672151109447	-1.53870982951597	0.123875151564985	0.309324362666336
B9J08_03088	870.694766912331	-0.163159188633299	0.106066742034713	-1.53826907005308	0.123982839015621	0.309453557127887
B9J08_00579	750.397450160026	-0.166089812175027	0.107989517553545	-1.53801791079096	0.124044235538366	0.309467147840641
B9J08_04286	146.751689404194	0.346443743725946	0.225427381606471	1.53683080226134	0.124334748363472	0.309772744683947
B9J08_00404	1414.74279920783	0.134322912773044	0.0874005067254129	1.53686652178171	0.124325999235187	0.309772744683947
B9J08_00085	2822.57358193042	-0.105526896551479	0.068651298260896	-1.53714349509378	0.124258173777339	0.309772744683947
B9J08_04903	4460.32007224296	-0.264756899418647	0.172377673838413	-1.5359117774546	0.124560019209921	0.310194266659195
B9J08_02403	961.097470652121	0.150438631038595	0.0979928166075939	1.53520060190756	0.124734560541551	0.31048913337323
B9J08_02401	1375.66626129575	0.131685200925309	0.0858177422302454	1.53447524373228	0.124912779076225	0.310682922707177
B9J08_01441	3425.10673077974	0.100311251383607	0.0653788928598068	1.53430636396223	0.124954300856745	0.310682922707177
B9J08_01143	1497.51677608157	-0.128183819100481	0.083557484231211	-1.53407944578352	0.125010109247046	0.310682922707177
B9J08_00936	5133.53346534715	-0.100800623769641	0.0657122635301007	-1.53396973950635	0.125037097441001	0.310682922707177
B9J08_02007	614.995567043775	-0.19870170104897	0.129719129515445	-1.53178410764244	0.125575719067575	0.311881141518974
B9J08_02026	1985.4538522553	-0.126030305209232	0.0823065359198074	-1.53123082876463	0.12571235408661	0.311952039924468
B9J08_00136	774.633311208617	0.176606582932735	0.115337792133281	1.53121175346112	0.125717066894167	0.311952039924468
B9J08_00659	485.067298971336	0.202308923845528	0.132150524246529	1.53089762601409	0.125794696060176	0.3120046923358
B9J08_00180	1857.65817510252	-0.122885853490999	0.0803095475254708	-1.53015248220674	0.125978990083951	0.312321736510236
B9J08_02320	889.275467920584	0.161230664692883	0.105469598474559	1.52869326350734	0.126340503096965	0.313077653507756
B9J08_03399	2926.64151232135	0.103522334392555	0.0677414522764372	1.52819774176238	0.126463449322801	0.313241687372542
B9J08_01711	7367.89346268016	-0.0889259631208449	0.0581987592581708	-1.52797008483235	0.126519965574084	0.313241687372542
B9J08_05557	3285.6428902663	0.105332590495363	0.0689563506055279	1.52752559511058	0.12663036764132	0.313374748735635
B9J08_00384	94.6240083343176	0.428299599766786	0.280672896497267	1.52597420382184	0.127016288981205	0.314189219300109
B9J08_03003	10037.4676605028	0.0885579608901556	0.0580826674088671	1.52468825625312	0.12733687229475	0.314700733093057
B9J08_01644	731.979905091779	-0.170360497750807	0.111722463761948	-1.5248544653813	0.127295401410309	0.314700733093057
B9J08_00493	553.230887828816	-0.190368874193603	0.124906157825887	-1.5240951887974	0.127484934390368	0.314925936629354
B9J08_04990	506.721431373108	0.207471823748338	0.136199797622634	1.52329024983706	0.127686105408035	0.315282075451715
B9J08_03731	1.33998230737176	-3.94400261623262	2.59065585787554	-1.52239542131501	0.127910031409096	0.31565977994978
B9J08_02461	469.227849866746	0.200667643744744	0.131844756918566	1.52199942140048	0.128009225669778	0.31565977994978
B9J08_01868	680.504870163923	-0.174645445723094	0.114747698585036	-1.52199519360007	0.128010285016698	0.31565977994978
B9J08_02882	1445.66157220467	0.141270325300799	0.0928520870911794	1.5214555722595	0.128145552241542	0.315852517579309
B9J08_00287	2882.79156201046	-0.104060264239637	0.0684561534993997	-1.52010095397121	0.128485604896287	0.316549612775662
B9J08_05259	880.669504297829	-0.157429410939136	0.103598731165754	-1.51960751997296	0.128609646784609	0.316714139076434
B9J08_03545	2990.13036371442	0.105654516334613	0.0695382462485308	1.51937274858791	0.128668697445068	0.316718542754194
B9J08_04211	1758.7652364306	-0.121923543301718	0.0802854273057585	-1.51862607441056	0.128856644065142	0.317040079325756
B9J08_04923	2212.59691693366	0.112991532602399	0.0744195511053238	1.51830440958299	0.128937676572752	0.317098394452597
B9J08_03396	1215.63737760212	0.138818919996975	0.0914526719412887	1.51793181161611	0.129031589435245	0.317188320518374
B9J08_00366	806.554455840219	-0.165475595310956	0.109139913988135	-1.51617853876031	0.129474213206925	0.318134994778988
B9J08_05332	29354.168350739	-0.0787726710455389	0.0519649193833374	-1.51588171367004	0.129549264968062	0.318178057077422
B9J08_03633	213.748527035066	0.286358928435932	0.189060909666678	1.51463847783656	0.129863982324448	0.318809447952295
B9J08_03888	5153.98170653501	0.0921503388801995	0.0608892030004034	1.51341016698131	0.130175504062321	0.319432436986999
B9J08_03808	2284.83070638596	-0.120428133237514	0.0796518061671566	-1.51193223396322	0.130551102829636	0.320152512641869
B9J08_00856	2569.43146394432	-0.109112054688313	0.0721735979825688	-1.51180012827773	0.130584716781786	0.320152512641869
B9J08_02069	576.262549011381	0.18476313390991	0.122258617552348	1.51124834886015	0.130725188231374	0.320354903016273
B9J08_04756	801.678505436112	0.158827303392293	0.105146747683294	1.51052987269456	0.130908272815598	0.320661495546091
B9J08_04987	1625.82783621892	-0.127482462118185	0.0844141683270195	-1.51020219288686	0.130991839323124	0.320724153738909
B9J08_04639	521.641891547769	-0.192146644448505	0.127270098308331	-1.50975482067281	0.131105997163366	0.320861624031228
B9J08_01671	982.976197784446	-0.154317862706641	0.102242474714239	-1.50933223337902	0.131213901370748	0.320983674693325
B9J08_02854	57.2548640808545	0.542725185847889	0.359658943580389	1.50899955509262	0.131298896480388	0.321049600545104
B9J08_03091	2065.67393867628	-0.117941665582532	0.0782000251618709	-1.50820495694724	0.131502079024455	0.321404330130032
B9J08_00449	1268.34138290639	-0.133750600808735	0.0887014708210615	-1.50787353998393	0.131586895919436	0.321469576559365
B9J08_05272	1838.37465439211	-0.130266038312825	0.0864117486809468	-1.50750378624785	0.13168157407541	0.321558846009312
B9J08_01744	5700.36381982109	-0.0950542324862465	0.0630698446847474	-1.5071264716343	0.131778242668638	0.321652895057475
B9J08_04692	626.852248678988	0.175898873225449	0.11685780521749	1.50523854951815	0.132262757504573	0.322448812106423
B9J08_02388	491.772596265709	0.216733813837299	0.14401418065028	1.50494772708258	0.132337516449391	0.322448812106423
B9J08_02021	1860.25395042203	0.128096449777941	0.0851134939962715	1.50500753480468	0.132322139576851	0.322448812106423
B9J08_01619	238.771199648773	0.273401240230798	0.181623309740567	1.50532021810046	0.132241769626959	0.322448812106423
B9J08_02259	689.517074003842	-0.174028442733674	0.115658554293201	-1.50467420068646	0.132407859131875	0.32247814568842
B9J08_01621	596.297379796075	0.185307291093527	0.123250440017051	1.50350206512764	0.132709624802714	0.323070833971748
B9J08_00650	3363.21536370522	-0.110867389588378	0.0738121979470884	-1.50201989199471	0.133091971624087	0.323859082733314
B9J08_01973	783.1596871909	-0.172375654535302	0.1148439510033	-1.5009554532859	0.133367083819082	0.324243226638832
B9J08_01354	1700.06353131033	0.121358153405968	0.0808505903421869	1.50101752989483	0.13335102757724	0.324243226638832
B9J08_05192	1391.88040418827	-0.13327757178317	0.0889123065710333	-1.49897777847763	0.133879396949538	0.325345757701184
B9J08_02200	1005.07771479716	-0.151813031547434	0.101313394788496	-1.49844975449063	0.13401643777774	0.325535756411366
B9J08_00108	483.354573724869	-0.195755988947879	0.130693837216846	-1.49782111472542	0.134179733394823	0.325789335121495
B9J08_04676	3451.12476185176	-0.0977988172051476	0.0653460223511153	-1.4966299965384	0.134489560475137	0.325964754627227
B9J08_03494	1105.3854712402	-0.156688828977757	0.104700669321993	-1.49654085300908	0.134512770224943	0.325964754627227
B9J08_03219	4529.71036113463	-0.102617060521964	0.0685508756280602	-1.49694747998171	0.13440692442241	0.325964754627227
B9J08_01274	795.627114116385	0.159417825033986	0.106529502649396	1.4964664348303	0.134532148397757	0.325964754627227
B9J08_00609	2252.15144803094	-0.113397856402176	0.0757799001045644	-1.49641074012641	0.134546652470432	0.325964754627227
B9J08_01781	1163.03213022091	-0.143362338665776	0.0959056420195678	-1.49482695331444	0.134959610053895	0.326679038603104
B9J08_01381	2335.8074029325	-0.107626642754743	0.0719929094638951	-1.49496170603743	0.134924436463184	0.326679038603104
B9J08_03452	5500.52128252609	0.0882178877278494	0.0590818858532895	1.49314610482999	0.135398946237032	0.327312749841357
B9J08_02605	660.207228946741	0.186062138201165	0.124600108174351	1.49327429106893	0.135365402354811	0.327312749841357
B9J08_00839	1579.85246090865	-0.127628082786431	0.0854686819015081	-1.49327309076214	0.135365716422317	0.327312749841357
B9J08_03623	2683.85651263366	0.10823523559007	0.0726164267007198	1.49050621887729	0.136091182522345	0.328842433609039
B9J08_05295	1162.68320677589	-0.142375271376918	0.0955378929950052	-1.49024922900866	0.136158716607329	0.328861948277352
B9J08_04959	907.656024444951	-0.154645220774598	0.103814144828823	-1.48963535777893	0.136320139862617	0.328964525994824
B9J08_01496	1803.15585694511	0.116258928373486	0.0780369439027817	1.48979345626759	0.136278552250962	0.328964525994824
B9J08_05251	63.0978516437703	-0.525958514508118	0.353148065587911	-1.48934275948112	0.136397133323523	0.329006779072135
B9J08_02136	1189.4935681732	0.141041555503164	0.094800744582667	1.48776843603981	0.136811972445422	0.329863565647614
B9J08_02707	1218.61286208968	0.134908937222096	0.0907261117790149	1.48699128152542	0.13701711362983	0.330214228970193
B9J08_00972	1167.10077719793	0.14100462794944	0.0948794437308527	1.48614517966011	0.137240724172948	0.33060907900722
B9J08_00405	2110.70286123794	0.113706680711236	0.0765541889948132	1.48530971595741	0.137461799294698	0.330997480147572
B9J08_00423	3.05322010000862	-2.59787380733495	1.74961196175433	-1.48482855863084	0.137589244662712	0.331160188089408
B9J08_00145	1234.41263493655	0.131999600640447	0.088951775637658	1.48394565138466	0.137823339494848	0.33157933481775
B9J08_01925	2371.30368734467	-0.109720667931348	0.0739775580739506	-1.4831615261167	0.138031500499464	0.331791494681676
B9J08_00935	894.554984028053	0.151383050911777	0.102062625650148	1.48323688468187	0.138011484612698	0.331791494681676
B9J08_05181	2529.31003106169	0.109956100872334	0.0741589263074523	1.48270891108202	0.138151766045	0.331932620885705
B9J08_03632	328.78023064855	0.230668079809166	0.155595141284887	1.48248896401478	0.138210237913538	0.331932620885705
B9J08_01741	909.47301658887	-0.154767385755351	0.104672568391242	-1.47858591925313	0.139251018299182	0.334287058252073
B9J08_03425	1066.31953931512	0.146951540427582	0.0994224131545965	1.47805244074171	0.139393742435986	0.334339457681457
B9J08_00090	286.077785538936	0.245993395656614	0.16642978886388	1.47806109312442	0.139391426723324	0.334339457681457
B9J08_04913	1094.20613281168	0.139001283589775	0.0941360426456437	1.47660003207291	0.139782883128259	0.33503316117411
B9J08_02196	902.846811443144	-0.153034468398697	0.103645311834991	-1.47652089312381	0.139804110647233	0.33503316117411
B9J08_04635	5192.545122088	0.0918990338030782	0.0622595565232334	1.47606309673575	0.139926954510937	0.335182323689907
B9J08_04714	4574.08210790398	0.0899336858628604	0.0609614569671194	1.47525486327152	0.140144036459292	0.335556998119629
B9J08_01394	1366.28508372192	0.127789114053148	0.0867142667000766	1.47368038635602	0.140567666173985	0.336425686546219
B9J08_04907	3025.75286923995	-0.109563057796714	0.0743843115116944	-1.47293233707607	0.140769281532217	0.336466439641345
B9J08_04346	1715.67485430734	0.118852946744954	0.0807033160928035	1.47271453639255	0.140828025270243	0.336466439641345
B9J08_02536	975.585700634289	-0.143384424303754	0.0973522275338924	-1.47284174112848	0.140793714173998	0.336466439641345
B9J08_02234	4653.71109362281	-0.0921735503424044	0.0625596127390864	-1.47337149810737	0.140650891263366	0.336466439641345
B9J08_05125	833.161793743673	-0.152365750929367	0.103514774020201	-1.47192275084939	0.141041739160695	0.336672951504884
B9J08_05124	2730.67587511985	0.109442077929982	0.07437487374335	1.47149262138771	0.141157941518681	0.336672951504884
B9J08_04320	3719.71101137309	0.0949465251998545	0.0645057235264368	1.47190853786706	0.141045577718063	0.336672951504884
B9J08_00723	32.64334978983	0.728764687093787	0.495205441644456	1.47164111257287	0.141117817315465	0.336672951504884
B9J08_04593	12.0907802429737	1.17440927827072	0.798645230576794	1.47050183649446	0.141425888658523	0.337021365863976
B9J08_03762	4094.48729523274	0.105146835712906	0.0715008044268627	1.47056856990272	0.141407829057488	0.337021365863976
B9J08_03605	625.776497957751	0.172390416662916	0.117262816783486	1.47012003797604	0.141529246231562	0.337122420717816
B9J08_05002	18.8713741226077	0.953725259062792	0.649392221503196	1.46864287480243	0.141929679276301	0.337930717209307
B9J08_05227	518.35828393747	0.185395803644356	0.126460073604139	1.46604219308542	0.142636792503604	0.339322193263412
B9J08_02596	5923.90517151945	0.0870102069464281	0.0593413740938337	1.46626545601797	0.142575982441053	0.339322193263412
B9J08_00053	1764.07351659054	0.117931325301526	0.0804551732569873	1.46580164490894	0.142702332822001	0.339332159431853
B9J08_01446	963.078662269684	0.147474838055394	0.100665652937674	1.46499658773088	0.142921848728494	0.339708098546327
B9J08_03130	1267.03163053493	-0.13741441964095	0.0938860793099007	-1.46362933302785	0.143295253367792	0.340449332636279
B9J08_04827	405.748426032556	-0.205838060161847	0.140679138131637	-1.46317402065144	0.143419767615439	0.340598855595103
B9J08_01803	896.428283197418	0.16218366895794	0.110909314452099	1.46230882193386	0.143656602133677	0.341014878283849
B9J08_04463	10048.1222504961	0.0869601736628941	0.0595650083993462	1.45992044657965	0.144311939112964	0.342333670075565
B9J08_04197	4694.55148141707	0.0890420080488752	0.0610005320123661	1.45969231925427	0.144374653772813	0.342333670075565
B9J08_01693	1452.35764042624	-0.123326508562822	0.0844928972206908	-1.45960799806284	0.14439783986373	0.342333670075565
B9J08_02820	1350.16853764585	0.134254555616536	0.0920336828586884	1.45875457165694	0.144632670130205	0.34274348692809
B9J08_00633	213.895327077389	0.280702508289837	0.192656308629651	1.45701176507767	0.14511313263557	0.343734790838261
B9J08_03752	1607.09891326836	0.118704842173557	0.0815019138504175	1.45646692900266	0.145263585353501	0.343796701151139
B9J08_03164	860.305107051424	0.152896042864712	0.104967978057088	1.45659700886643	0.145227653845945	0.343796701151139
B9J08_05277	402.003011069416	0.217081032064085	0.149087854548431	1.4560611440925	0.145375717653513	0.343914924868083
B9J08_04675	3341.63601608504	0.0955234141604433	0.0656416689801661	1.45522525012742	0.145606912741374	0.344282741637237
B9J08_02105	39.8809388906326	0.645302327016045	0.443491809976953	1.45504902796194	0.145655688922642	0.344282741637237
B9J08_01270	2.4442878333388	3.04944209042222	2.09675130419059	1.45436518118652	0.145845087973425	0.344583161717647
B9J08_02189	6584.76743883152	0.0884218075782099	0.060830781531636	1.45357013919383	0.146065520717429	0.344809387574947
B9J08_00420	4132.29452642751	-0.0948067317301424	0.0652200844060068	-1.45364319279248	0.146045255299611	0.344809387574947
B9J08_01310	1075.86891691201	-0.140600522838183	0.0968520227436202	-1.45170455768767	0.146583771498441	0.345885170715818
B9J08_04378	887.370077712951	0.1467931718626	0.101134422226698	1.45146596609368	0.146650152576191	0.345894240468619
B9J08_04737	4.77598525328978	-1.92067077461379	1.32511086013166	-1.44944157685264	0.147214304785039	0.347076862645376
B9J08_05005	1803.22581409023	-0.113777353007249	0.0785295913212505	-1.44884687533654	0.147380349778339	0.347320287440986
B9J08_03200	2519.54600401744	0.115423595832348	0.0796916653183233	1.44837725967071	0.14751157102761	0.347481473319299
B9J08_02533	805.483256258655	-0.151560451311103	0.104697806108532	-1.44759911352863	0.147729199233793	0.347845977421076
B9J08_03522	1566.62357191031	-0.120684525051285	0.0834247508483673	-1.4466273357009	0.148001325875926	0.348190273679177
B9J08_00888	685.777787095332	-0.163825899585721	0.113238160908076	-1.44673755094549	0.147970443093525	0.348190273679177
B9J08_01841	476.060142699437	0.198981238152604	0.137729244472236	1.44472758066073	0.148534419671482	0.349295865307385
B9J08_04536	155364.663097605	0.0699579628759999	0.0484408523221869	1.44419347559576	0.148684559660966	0.349500339772546
B9J08_04324	662.303258316738	0.166215696693722	0.115255050634677	1.44215542640794	0.149258531845165	0.350700484127275
B9J08_03369	998.860485506467	-0.139046982286473	0.0964516854237146	-1.44162314712942	0.14940871485465	0.350755348837466
B9J08_01936	2010.00125922334	-0.129633615672428	0.0899140182953805	-1.44175088745965	0.149372662309801	0.350755348837466
B9J08_00570	1569.2336353891	-0.118082094887922	0.0819834654547717	-1.44031597387238	0.149778024098598	0.351473165587333
B9J08_03030	1356.56091008668	0.126964841301985	0.088212124379213	1.43931281777298	0.150061912825157	0.351990008412191
B9J08_00900	2548.72965719583	0.101008315446234	0.0702033436846702	1.43879636132332	0.150208227640569	0.352183852089863
B9J08_02974	132.57275708714	0.348759295188666	0.242510458608609	1.43812063689811	0.150399828160425	0.352483665065809
B9J08_03150	1258.13235239613	0.127512339319937	0.0887889483595079	1.43612850107918	0.150965779401588	0.35366019731901
B9J08_04652	1009.41322235678	-0.139618759671718	0.0972574355701325	-1.43555871952884	0.151127948282573	0.353740449407917
B9J08_02122	341.971525377528	0.23602610961132	0.164406616718979	1.43562415139751	0.151109318589845	0.353740449407917
B9J08_00243	1668.24745478152	-0.118106428775448	0.0823040796657266	-1.43500090463475	0.151286839812538	0.353962568106238
B9J08_02680	64.3455800391794	0.488512407103087	0.340502587767895	1.43468045369477	0.151378176629219	0.35402650948677
B9J08_01597	967.519351069909	-0.15260295430358	0.106421161068684	-1.43395310454366	0.151585645847774	0.354361879621319
B9J08_05534	88.5100849821992	-0.452653062692203	0.315802441215549	-1.43334250663138	0.151759980076186	0.354619539417569
B9J08_05152	3455.66989995164	0.0976301473935097	0.0681431404905338	1.43272157242404	0.151937422002757	0.354884240328231
B9J08_05502	79.9699510881416	0.450883703362249	0.315251743766477	1.43023381242973	0.152649923996115	0.356282033447311
B9J08_04221	4327.58578759244	0.108607092073978	0.0759631727282231	1.4297334902341	0.152793524378417	0.356282033447311
B9J08_01965	1263.44332534361	0.127111668206938	0.0888899415272513	1.42998933313472	0.152720080584243	0.356282033447311
B9J08_01602	250.515163742013	-0.255684827689567	0.178816727754074	-1.42987085660805	0.15275408782494	0.356282033447311
B9J08_03480	6801.92143269525	-0.0823021661681458	0.0575991396134028	-1.42887839506885	0.153039188122621	0.356704487781801
B9J08_05556	340.738621824576	0.218661657459126	0.153163026582302	1.42763996206113	0.153395515080094	0.356813478248514
B9J08_04547	690.742713367507	-0.174903291504773	0.122460071078524	-1.42824750928506	0.153220630377538	0.356813478248514
B9J08_02835	5068.31084996527	-0.0921897016274847	0.0645769362597248	-1.42759484991209	0.153408506829681	0.356813478248514
B9J08_01802	3118.75318831317	-0.10212819591427	0.0715068880604243	-1.42822878584746	0.153226017722246	0.356813478248514
B9J08_01080	799.402617788932	0.157278247619264	0.110160567703439	1.42771820169509	0.15337298500214	0.356813478248514
B9J08_02321	805.853410081825	-0.171383033223448	0.120114602840066	-1.42682928778982	0.153629107002957	0.357026298669478
B9J08_01763	291.325635229271	0.232816398579728	0.163168938210113	1.4268426401104	0.15362525740618	0.357026298669478
B9J08_02173	3486.42595829081	0.107497718022059	0.075365616161991	1.42634962064137	0.153767448098792	0.357197713328189
B9J08_05381	4491.99166643817	-0.0899918218473472	0.0631391934697916	-1.42529254654485	0.154072653775266	0.357658134528717
B9J08_01759	1139.03138516951	0.134189526760492	0.0941783057358906	1.42484541118001	0.154201892236816	0.357658134528717
B9J08_01638	3847.57825181725	0.100312961409398	0.070406529011373	1.42476788471129	0.154224308597178	0.357658134528717
B9J08_01121	694.147036899935	-0.16240235536311	0.113975160676151	-1.42489253272088	0.154188268507248	0.357658134528717
B9J08_01872	888.210126296251	0.150266417421382	0.105529925904532	1.42392232471878	0.154468958521946	0.358075360261896
B9J08_04884	4394.38435142642	0.0887631780584311	0.0623628681029253	1.42333380036233	0.154639413046867	0.35832031569427
B9J08_03742	2514.13491240332	0.109183554466524	0.0767286147903325	1.42298352140043	0.154740932276656	0.358405400511802
B9J08_01798	325.069045377962	-0.235383284421098	0.165451674395484	-1.42267091149803	0.154831576852813	0.358465237159025
B9J08_04145	429.850878979168	0.198645237857679	0.139686595606058	1.42207802399233	0.155003601674131	0.358713356008209
B9J08_04012	4736.4932740111	-0.0861466415434578	0.0606849165598986	-1.41957254663813	0.155732162578117	0.360248678887313
B9J08_03588	5047.61666587115	0.0851937923267652	0.0600283605464014	1.41922570517166	0.155833224106141	0.360331756910982
B9J08_03333	522.018752727029	-0.18015614353614	0.127002785844246	-1.41852119493726	0.15603865518461	0.360599623599285
B9J08_02823	6371.54989003509	-0.0835080944223844	0.0588756296857091	-1.41838133822379	0.156079461019108	0.360599623599285
B9J08_04777	1472.41847474267	-0.123123382727558	0.0868399362103453	-1.41781982001146	0.156243376058843	0.360726623850123
B9J08_02379	1223.95733878567	0.132514060341346	0.0934681101415293	1.41774622532426	0.156264869055305	0.360726623850123
B9J08_02397	54.1133879860234	0.521915914203373	0.368233499673135	1.4173504438533	0.156380493712545	0.360842933134788
B9J08_00486	139.382705050951	0.330812806507988	0.233466704521008	1.4169592498712	0.156494841923919	0.360956201284902
B9J08_00903	1323.2762221706	-0.122853670985692	0.0868291233555072	-1.41489014558731	0.157100707737186	0.362202590452011
B9J08_05016	690.491416708344	0.160228966170394	0.113305034838032	1.41413809544685	0.157321359686533	0.362560183510922
B9J08_02499	1641.77576167777	0.114449816678357	0.0809464403153624	1.41389561088131	0.15739255484951	0.362573186535876
B9J08_00463	678.672462120359	-0.160662971467009	0.113872730365959	-1.41089943966986	0.158274267424728	0.364452528362269
B9J08_04182	924.882940274249	-0.140169897802482	0.0994321198548496	-1.40970440947152	0.15862698218354	0.365112708471561
B9J08_02907	463.798404777656	0.191206147108344	0.135795186527794	1.4080480464542	0.15911684342552	0.366008586539233
B9J08_00824	6195.83399011371	0.0851090290479981	0.0604492884280646	1.40794095780431	0.159148553720278	0.366008586539233
B9J08_03594	100.963014328542	0.386588845439415	0.274807320606733	1.40676327175668	0.159497596862825	0.366633668294124
B9J08_01550	2374.74959677357	-0.102716601087465	0.0730259475945828	-1.40657676443606	0.15955292706273	0.366633668294124
B9J08_03490	3087.38644699575	-0.0982196801846777	0.06987752953214	-1.4055974909574	0.159843681522311	0.367149253529859
B9J08_03852	7471.41105237008	-0.0790913882070739	0.056345414568783	-1.40368810509902	0.160411746056817	0.368301107281136
B9J08_03075	5329.16521578916	0.0898291668025538	0.064008582171209	1.40339254136704	0.16049981592183	0.3683504074123
B9J08_04437	394.441557943942	-0.201040238672108	0.143406634110874	-1.40188938899908	0.160948279585308	0.369226434834648
B9J08_03744	630.365933643278	0.163713328093744	0.116822669773863	1.40138321107237	0.161099510021363	0.36942014507801
B9J08_00292	3795.8562586109	0.0911189591390162	0.0650518452772194	1.4007129044643	0.161299942227786	0.369726473461203
B9J08_03325	1288.17388556966	0.127094128717915	0.0907511205286344	1.40046897468129	0.161372927784552	0.369740540006776
B9J08_00868	9608.97317887871	-0.0750256043991931	0.0536011985321705	-1.39970012711869	0.161603135731574	0.369970493430171
B9J08_00583	2028.94526389808	-0.112485771717439	0.0803649476868364	-1.39968698985246	0.161607071438672	0.369970493430171
B9J08_02071	3005.24492709285	0.0950276435890821	0.0679079622956315	1.39935937372686	0.161705243204567	0.370042077022945
B9J08_05151	1255.37096990267	0.126702367233796	0.0906230919685437	1.39812452302748	0.162075676926147	0.370102525846475
B9J08_04543	50.4924373358041	0.545590027422693	0.390130252433756	1.39848172249942	0.161968457525169	0.370102525846475
B9J08_04144	412.746499953112	0.200615075893526	0.143425336314718	1.39874223793568	0.161890293224497	0.370102525846475
B9J08_03934	896.647188356498	-0.141348700466668	0.101094379669141	-1.39818554631099	0.162057355973006	0.370102525846475
B9J08_02904	6480.07180371919	0.081081693318997	0.0579691085597549	1.39870519546488	0.161901405603844	0.370102525846475
B9J08_02810	1460.3761841081	0.117078876675208	0.0837514133272455	1.39793314553082	0.16213314411969	0.370102525846475
B9J08_04801	3.97701506242837	2.02556520706143	1.44958331509704	1.39734307505176	0.162310428392144	0.370201641004928
B9J08_01538	1176.12285336721	0.134331947736895	0.0961243301406997	1.397481236439	0.162268905256547	0.370201641004928
B9J08_02249	4132.48354259531	0.0937502415228668	0.0671183756045174	1.39678948839991	0.16247688419972	0.370428543490787
B9J08_04740	905.385955352865	0.141600190452096	0.101408021984647	1.39634111464608	0.162611798328258	0.370583377236751
B9J08_01926	2314.36414165419	-0.103401922049892	0.0740886510386459	-1.39565129881979	0.162819526551252	0.370903954429562
B9J08_02937	1751.46522878841	0.110137311043266	0.0790076319285981	1.39400850721359	0.163315035690019	0.371698220697214
B9J08_01413	676.156588998351	-0.159605899494587	0.114504869898079	-1.39387870259712	0.163354236587085	0.371698220697214
B9J08_00697	3664.99476930435	0.0903175582741825	0.0647982478330164	1.39382716808838	0.163369801937249	0.371698220697214
B9J08_05480	2031.22290181978	-0.104587750029739	0.0750624129952803	-1.39334383023784	0.163515842480614	0.371877518404719
B9J08_01903	2198.39038908598	-0.102147771887309	0.0733557783889673	-1.39249796172392	0.163771658443452	0.372306223941937
B9J08_03052	2556.06153400091	-0.0981938709965064	0.0705289008378872	-1.39225012484184	0.163846668838739	0.372323716247768
B9J08_02594	3733.67876796248	0.0898187833606661	0.0646255295870876	1.38983438796627	0.164579173159235	0.373834663960464
B9J08_03729	8.98730560981094	1.29420252750773	0.931363900973441	1.38957772161349	0.164657144723055	0.373858237874885
B9J08_01581	2002.61657271911	-0.107110646678175	0.0771155817853562	-1.38896244051309	0.164844171578802	0.374129303652997
B9J08_04571	3847.97789403334	0.0886081387615991	0.0638322568345182	1.38814046621148	0.165094276430188	0.374543249768404
B9J08_05463	11084.311968636	0.0745266265177169	0.0536975901542528	1.38789517934846	0.165168965988936	0.374559061453385
B9J08_02250	2087.63749408709	-0.105197320556555	0.075858833213419	-1.38675110201862	0.165517672182405	0.3750422961249
B9J08_01692	3048.66087535015	0.100462503304928	0.0724334769777584	1.38696232041678	0.165453252736607	0.3750422961249
B9J08_00978	2332.40100528254	-0.119510557031208	0.0862095967276452	-1.38627904047351	0.165661714337981	0.375214963965345
B9J08_01968	1996.24727965191	0.108506735564658	0.0783319587199007	1.38521667704821	0.165986222756302	0.375796069613224
B9J08_02814	698.419645895678	-0.154407653386988	0.111503931145855	-1.3847731806425	0.166121834079407	0.375949207975941
B9J08_03702	2702.99191325715	0.100380448472532	0.0725129114142104	1.38431138006769	0.166263130948858	0.376115082731342
B9J08_02009	38.1927081017836	0.606771728170788	0.438979741150141	1.38223173256476	0.166900559632064	0.377388702843374
B9J08_00072	3032.73275484839	-0.0957075571686716	0.0692514508578541	-1.38202963234837	0.166962602758585	0.377388702843374
B9J08_02141	4217.32109544528	0.0860161439653261	0.0622680101137094	1.38138578394025	0.167160374565347	0.377681385506918
B9J08_03238	1496.45883248666	-0.139759923875369	0.101193361360898	-1.38111751596951	0.167242830742123	0.377713391929228
B9J08_05274	1956.28220116713	0.116181439539514	0.0841414284535407	1.38078758198958	0.167344282790171	0.377788256372422
B9J08_00451	4.70708824883182	1.81731986625597	1.31888094197893	1.37792564014849	0.16822624769431	0.379624388411762
B9J08_05369	2416.93592104477	0.0995903723319204	0.0722953207499966	1.37754935310838	0.168342467189673	0.379731723501665
B9J08_05570	1332.37306348256	-0.121723392163599	0.0884862652138471	-1.37561905081458	0.168939605434408	0.380923341890627
B9J08_02570	1223.39834759398	0.123384765942144	0.0897324576322064	1.37502938399248	0.169122335128215	0.381138181884736
B9J08_00006	172.094048883867	0.298926332135407	0.217422011804423	1.37486692195774	0.169172705935098	0.381138181884736
B9J08_02837	2362.21538594735	0.10195281050705	0.0741855698808911	1.37429436305121	0.169350315611225	0.381382978683098
B9J08_00239	9862.21514751846	0.0831472346927376	0.0605155622897438	1.37398103143511	0.169447571307233	0.381446689825115
B9J08_04879	205.741822167642	-0.288090073477101	0.209777168925292	-1.37331471748338	0.169654529205118	0.38175720139687
B9J08_04595	8836.25258768852	0.0785398412810316	0.0572133220702158	1.3727544291982	0.169828702044397	0.381993717367856
B9J08_03479	1210.97277077514	0.129835432685524	0.0946565698618393	1.37164734444775	0.170173247677664	0.38245763222477
B9J08_00727	217.100799248549	-0.267437765126001	0.194966247561736	-1.3717131476376	0.170152753852812	0.38245763222477
B9J08_03557	652.030302457213	0.157765680432729	0.115039563400316	1.37140367860867	0.170249151368422	0.382472809187142
B9J08_03556	2916.58287228511	-0.105227543314155	0.0767679106170353	-1.37072303347024	0.170461311723918	0.382638601925726
B9J08_00442	52.1236212983539	0.516434070574435	0.376737654090304	1.37080555916677	0.170435577520292	0.382638601925726
B9J08_04929	5.49246195086843	1.64378793857598	1.19951471498788	1.37037746851867	0.170569101765436	0.382725234022161
B9J08_00127	1749.06430900329	0.110754032901182	0.0808463488906056	1.3699324016604	0.170708004077578	0.382881577677649
B9J08_00869	3053.26166761957	-0.0967216393598463	0.0706253149832134	-1.36950382993457	0.170841838436502	0.383026432262787
B9J08_03035	1271.36799238605	-0.123721641140195	0.090480513919741	-1.36738437681664	0.17150485670878	0.384357116068177
B9J08_01138	551.900801904613	0.176050130817011	0.128804079188348	1.36680555403509	0.171686261453089	0.384607821829499
B9J08_02348	971.36987708288	0.143821890741977	0.10526195639129	1.36632355765219	0.171837430076152	0.384790617713036
B9J08_01684	5123.64835658182	0.0835273500750972	0.0611793593320829	1.36528644606605	0.172163037307047	0.385363722924029
B9J08_04943	1714.94559752816	0.109032821385591	0.0798890628275357	1.36480285944737	0.172315019847968	0.385547886237504
B9J08_00883	533.614364612375	0.173573263418109	0.127395694558884	1.36247354370269	0.173048487943834	0.387032424916032
B9J08_04443	1441.44895009079	0.119298120894582	0.0876531778312072	1.36102448132928	0.173505953009586	0.38789871709621
B9J08_03108	626.507050730242	-0.166872585701497	0.12268360241204	-1.3601865483298	0.17377089824165	0.388334076030127
B9J08_00247	248.494422560953	-0.254234350092993	0.186943812326168	-1.35995060189219	0.173845556429772	0.388344011556166
B9J08_03390	1911.14840863034	0.104142243739199	0.0766146587515553	1.35929919203725	0.174051799980127	0.388647761683522
B9J08_00698	424.08193395622	0.18744759002629	0.137935266578342	1.35895333134276	0.174161377542521	0.388735504111254
B9J08_05159	1308.80990145786	-0.125923046146597	0.0927120812834145	-1.35821615051073	0.174395107317854	0.388943281683488
B9J08_01380	1595.94125985306	0.110514956386019	0.081359671775696	1.35835056821151	0.17435247153271	0.388943281683488
B9J08_00097	1926.87236644572	0.107381431414137	0.0790793158746032	1.35789530076882	0.174496908721653	0.389013463175922
B9J08_03295	721.820572639885	-0.148522358967355	0.109430486864924	-1.35723017618193	0.174708085319545	0.389251803245847
B9J08_02623	2131.96143167776	-0.102305365213129	0.0753844303717314	-1.35711531822482	0.174744571950721	0.389251803245847
B9J08_05182	68.6861713114815	-0.442842710597515	0.326594792633756	-1.35593928802815	0.175118485769309	0.389927675036252
B9J08_00662	883.724446715112	0.152532110609063	0.11251242746042	1.35569122497798	0.175197432560239	0.389946478668282
B9J08_02902	911.567488165252	-0.147395085231997	0.108791503359864	-1.35484004430419	0.175468525202567	0.390255399981685
B9J08_01789	32.9433435732762	-0.645337444416852	0.476329752638767	-1.35481237701785	0.175477342208362	0.390255399981685
B9J08_00071	675.79335053839	0.159410792092588	0.117746213708985	1.35385068505539	0.175784019468763	0.390780310161466
B9J08_03427	4224.88522900334	-0.0864517129842091	0.0638863818069962	-1.35321034841798	0.175988440197488	0.390920507121408
B9J08_02892	6655.41371079474	0.0902511854013078	0.0666927868327729	1.35323757916438	0.175979743461192	0.390920507121408
B9J08_03907	6001.91187074436	-0.0816139636982807	0.060336889295824	-1.35263790776714	0.176171335866194	0.391169674297839
B9J08_04822	873.094369764536	-0.141715296645123	0.104853592302658	-1.35155404343291	0.176518020297227	0.391782171052954
B9J08_05329	8.86461387480748	1.2610504670246	0.933504374171728	1.35087794113819	0.17673453549062	0.392105381387332
B9J08_04484	22.372259331643	0.821442832231804	0.608393328560919	1.35018382626717	0.176957024854346	0.392299304933866
B9J08_04131	2929.20052168462	-0.106978000265553	0.0792455222383408	-1.34995640439851	0.177029967301565	0.392299304933866
B9J08_02765	1676.23806846665	-0.114615249636184	0.0849038595229781	-1.3499415725049	0.177034725206098	0.392299304933866
B9J08_03739	226.031675623298	0.253215567902418	0.187767003097384	1.34856265331715	0.177477483210032	0.39312293137152
B9J08_05171	1060.62973514478	0.135150214521102	0.100261179384294	1.34798149544083	0.177664334361338	0.393156674807814
B9J08_04824	1344.739643673	0.116166112955335	0.0861786839155662	1.34796805517648	0.177668657344253	0.393156674807814
B9J08_03320	768.49550561081	-0.145022126693034	0.10759498692329	-1.34785207787075	0.177705964024505	0.393156674807814
B9J08_05034	2.21100442372668	2.91643991349247	2.16539984714103	1.34683666729867	0.17803284253274	0.393722371870686
B9J08_01189	3106.30937036489	-0.0908981549893644	0.0676272021261271	-1.34410639700628	0.178913983805947	0.395196982600118
B9J08_00938	1395.94788525717	0.115997286831149	0.0862978093608796	1.3441510009376	0.178899562745502	0.395196982600118
B9J08_00776	11873.1041259869	-0.0733657836019656	0.054578378332647	-1.34422798630645	0.17887467435776	0.395196982600118
B9J08_02468	4090.98157757037	0.0889475965618759	0.0662160563814183	1.34329347627589	0.179176963681877	0.395491730542569
B9J08_02394	1890.2070868273	0.10557490477729	0.0785965069184403	1.34325186851936	0.179190431520462	0.395491730542569
B9J08_03687	4.66215765036573	1.7847623885681	1.3289392449202	1.34299772949761	0.179272709045425	0.395515498097426
B9J08_04210	423.207846626005	-0.184646965505255	0.137551604997519	-1.3423832132572	0.179471774794266	0.39579680477954
B9J08_01072	1533.79061618508	0.120237679325602	0.0896003478929737	1.34193317496071	0.179617663935631	0.395960661310471
B9J08_04960	837.340194833343	0.155998625603619	0.116416231871731	1.34000751523637	0.18024290166188	0.396987902884549
B9J08_03957	1499.91472579719	0.113798046067089	0.0849357594586201	1.3398131339784	0.180306104568277	0.396987902884549
B9J08_02479	1033.705658456	-0.13265989245591	0.099006083532038	-1.33991657606557	0.180272468409423	0.396987902884549
B9J08_00615	1053.71318088023	-0.130443354699912	0.09737380903753	-1.33961437874568	0.180370746691172	0.396987902884549
B9J08_05442	863.701029804787	-0.137426535438489	0.10271241036686	-1.33797400866789	0.180904909641158	0.397973766260291
B9J08_02942	2927.90690379041	0.0953459251580056	0.0712708401065303	1.33779712734534	0.180962578583372	0.397973766260291
B9J08_01101	5606.91504397309	0.0780441195956148	0.0583908285938645	1.33658181387437	0.181359178568665	0.398687447004485
B9J08_00480	712.726180753275	0.15214196378075	0.113856603537393	1.33625946193612	0.181464481632469	0.398760448116481
B9J08_02885	2888.18931084062	0.0923829264821297	0.0691656103173641	1.33567716757264	0.181654815378346	0.398891288416501
B9J08_02565	302.078494637199	-0.214241360061348	0.160403996583136	-1.33563604788556	0.18166826171057	0.398891288416501
B9J08_01737	5263.19116913603	0.0814586683196869	0.0610007005241676	1.33537266981736	0.181754405099844	0.398922069288585
B9J08_01178	169.062230093651	0.284919651620855	0.213630980521653	1.33370006038041	0.182302174998894	0.399965620753226
B9J08_00089	2130.00751962085	0.0987137910172261	0.0740936302814464	1.33228444391589	0.18276673694921	0.400825861247454
B9J08_04021	22162.5717186845	0.069108744115107	0.0519532723334077	1.33020964823168	0.183449206150275	0.401844577907791
B9J08_02923	9550.1297521771	0.072156176922799	0.0542294599663024	1.33057155589667	0.183330026957193	0.401844577907791
B9J08_00606	170.022979109163	0.285051927968908	0.214289395967112	1.33021947578151	0.183445969098708	0.401844577907791
B9J08_03328	825.721422310599	-0.149477865736438	0.112449021143714	-1.32929450355464	0.183750826936095	0.402027620167539
B9J08_02375	2318.55303596429	0.102556554444367	0.0771380823799482	1.32951910755596	0.183676766143381	0.402027620167539
B9J08_02006	1505.80203418807	0.11644202493813	0.0875903543608887	1.32939323956114	0.183718267058861	0.402027620167539
B9J08_05338	2544.78673716977	0.100310413349302	0.0755072518420894	1.32848714397769	0.184017227857894	0.402451280064061
B9J08_01904	1186.1710496038	-0.120524540276831	0.0907922659638616	-1.32747584827108	0.184351324038816	0.403022598125964
B9J08_00028	9484.40841463688	0.0741110507346595	0.0558689492127268	1.32651592304831	0.184668864429428	0.403557285325628
B9J08_01676	748.318798250559	0.148115337984557	0.111729265828945	1.3256628591055	0.184951394966545	0.404015073285925
B9J08_05520	350.284408526546	-0.201028277380279	0.151742355356378	-1.32480003297793	0.185237483887346	0.404480269791121
B9J08_05399	84.3770448967651	0.389645762816608	0.294482666969465	1.32315347054708	0.185784345912397	0.405354326327996
B9J08_04637	817.282861330882	-0.144389858393682	0.109114432135273	-1.32328836404223	0.185739499778135	0.405354326327996
B9J08_04241	1834.16551203147	0.109631637307217	0.0829278525385409	1.32201225464347	0.186164070237393	0.406022662651033
B9J08_02231	220.820223592438	-0.244646029246733	0.185147634593542	-1.32135649361013	0.186382525296111	0.406178781486521
B9J08_01377	1727.2896474278	-0.106234222241566	0.0803959135830534	-1.3213883331498	0.18637191414942	0.406178781486521
B9J08_04450	6961.23434541356	0.0769003687009627	0.0582332730569363	1.32055721178123	0.186649047824535	0.406599402724498
B9J08_00204	852.978992232348	0.140736996926067	0.106639871306289	1.31974087367234	0.186921548349	0.407032710204063
B9J08_02281	7988.6909694811	0.0738202281864324	0.0559524747246663	1.3193380373199	0.187056126741242	0.407165461238019
B9J08_04039	102.950129198296	0.368213977258774	0.279283137751962	1.31842538086132	0.187361289028339	0.407669272075431
B9J08_04720	518.156827677583	-0.165806355485951	0.125853739945147	-1.31745274759588	0.187686910015154	0.408217184150145
B9J08_04712	433.154091364728	-0.19341466834404	0.146869130661214	-1.31691845300149	0.187865960367625	0.408285511510152
B9J08_03835	761.533458233748	-0.142871281648453	0.108478969397145	-1.3170412886704	0.187824785086868	0.408285511510152
B9J08_04018	1184.81037345261	-0.120337002578237	0.0914193137380358	-1.31631925090869	0.188066912148379	0.408561701136169
B9J08_03955	2.19372408307717	2.83048272513102	2.15241082660957	1.31502903169723	0.188500145668165	0.409182712571156
B9J08_01146	3236.33100076716	-0.0875251206123672	0.0665576460517264	-1.31502728543533	0.188500732531424	0.409182712571156
B9J08_02980	596.559083880207	0.16570675451881	0.126051130374068	1.3145995123333	0.188644534111831	0.4093342166232
B9J08_02997	6960.98433088532	-0.0761154941409594	0.0579243467655491	-1.31405010830834	0.18882934219581	0.40949858526761
B9J08_00851	1108.45084664585	-0.13328014092752	0.101435934907438	-1.31393416986929	0.188868358527874	0.40949858526761
B9J08_05288	3411.3808507607	0.0859482291384806	0.0655316771122838	1.31155241138136	0.189671198734847	0.410917117196412
B9J08_01164	1454.68804626982	-0.111188490621704	0.0847635233639454	-1.31174927856997	0.189604743802367	0.410917117196412
B9J08_03225	41162.2390342787	0.0630082310063005	0.0480756973242883	1.31060461965402	0.189991377672143	0.411449612335404
B9J08_04236	5934.80853560958	0.0783554790320009	0.0598002430849837	1.3102869652327	0.190098775357407	0.411521067123998
B9J08_05513	1543.71274312634	0.112841693206877	0.086391547679969	1.30616589512774	0.191496148040192	0.414383879033764
B9J08_03499	719.580889176688	0.146653318036318	0.112322913016808	1.30564026606372	0.19167492035109	0.414541904478913
B9J08_01001	1027.12499202333	-0.124562761554623	0.0954130672888629	-1.30551050389681	0.191719072800047	0.414541904478913
B9J08_00847	12113.9007561222	0.0731399820754762	0.0560446324530677	1.30503098823468	0.191882296124389	0.414732700220398
B9J08_02663	8564.02116776661	0.0783466298405604	0.0600982477024847	1.30364249933565	0.192355503086521	0.41480308146229
B9J08_02286	1649.0355751388	0.107801142450883	0.0826615558131371	1.30412670546119	0.192190384846859	0.41480308146229
B9J08_01339	46.9673171252255	0.519784211271428	0.398557232614343	1.30416454335026	0.19217748620918	0.41480308146229
B9J08_00774	1322.42379267041	0.118164653264796	0.0906054179726393	1.30416763046642	0.192176433863737	0.41480308146229
B9J08_00670	888.350595726508	0.138589832395347	0.10631192284708	1.30361514196951	0.192364835283091	0.41480308146229
B9J08_00540	1303.88793610928	0.114363690421213	0.0877206885653638	1.30372540721676	0.192327223425689	0.41480308146229
B9J08_02693	1950.100992855	0.102142240206843	0.0783969957654143	1.30288462216692	0.192614154700299	0.415178834624846
B9J08_02747	5797.82864942683	-0.197726441634156	0.15184860578867	-1.30212879207686	0.192872362169306	0.415573445718128
B9J08_04226	1159.71046360908	0.132606993597929	0.101872940506604	1.30169005565646	0.193022360385592	0.415639744583194
B9J08_02992	19.0631421900271	0.812723878771295	0.624404092057634	1.3015992193342	0.193053426836779	0.415639744583194
B9J08_00197	1239.89694900761	-0.116509147308196	0.089538047309154	-1.30122501896783	0.193181443865556	0.415753527634393
B9J08_01764	4133.1816746513	0.0891727986472017	0.068600092020806	1.29989328032032	0.19363754851102	0.416573038045295
B9J08_03410	576.778358796272	0.16782897198201	0.129200247413118	1.29898336374989	0.193949638511469	0.417082212522137
B9J08_04695	658.250171495722	0.161346967057834	0.124294460339304	1.29810263962997	0.194252067390311	0.417570223371867
B9J08_01036	1706.81953328561	0.103203623879255	0.0795199542244402	1.29783303933965	0.194344713674789	0.417607075110822
B9J08_03730	1098.16396504062	0.125817949084898	0.0969814208332817	1.29734074840158	0.194513969725275	0.417684946616489
B9J08_00014	2900.73335027685	0.0950782254855468	0.0732899703071733	1.29728836138225	0.194531987431581	0.417684946616489
B9J08_03263	765.18962255801	0.141293792525148	0.108947545993882	1.29689743110948	0.194666480528612	0.417811526505143
B9J08_04077	58.7832078992678	-0.480125350845535	0.370957851530578	-1.2942854528204	0.195566839396885	0.419581143795256
B9J08_04438	643.151921954716	0.16235807422083	0.125595440982587	1.29270674915134	0.196112502611432	0.420580816483641
B9J08_00135	113.163348194206	0.34327889958653	0.265593447337465	1.29249762382261	0.196184868292857	0.420580816483641
B9J08_01391	11.3943707945067	1.06212393089857	0.822290298125663	1.29166540493009	0.196473042978887	0.421035412908262
B9J08_01653	5480.39899872259	0.0863716703857983	0.0668954387250428	1.29114438939264	0.196653614188735	0.421259155723429
B9J08_00102	1677.79424864484	0.105487821257745	0.0817262728603203	1.29074552852833	0.196791931700649	0.421392247091092
B9J08_04483	250.442719729383	-0.230419961797456	0.178599463150019	-1.29014924084015	0.196998845996905	0.42150894282742
B9J08_04448	13544.9630587958	-0.0673497749715599	0.0522009125817395	-1.29020301831121	0.196980178459445	0.42150894282742
B9J08_02377	4006.031267117	0.0815095072691854	0.0631893770104563	1.28992421076881	0.197076973747535	0.421513047872241
B9J08_02785	1027.66938292982	-0.122678605627943	0.0953118188661339	-1.28712899499112	0.198049330769025	0.422449228107782
B9J08_01857	8689.07752114571	0.0724227507088536	0.0562261599734166	1.28806147784402	0.197724563546342	0.422449228107782
B9J08_00507	203.424009505718	-0.25468812009483	0.197748595744309	-1.28793895671525	0.19776721323026	0.422449228107782
B9J08_00454	2340.03736445964	0.0959931011508132	0.0745518845315587	1.28760126929022	0.197884797281561	0.422449228107782
B9J08_00291	5383.02836584188	-0.0784256117408414	0.0609205286477689	-1.28734292826452	0.197974787138544	0.422449228107782
B9J08_00237	1071.28425318653	-0.136386158640961	0.105888301330819	-1.28801913834523	0.197739301192124	0.422449228107782
B9J08_00213	2471.39178440888	-0.0982120753199189	0.0762816926974815	-1.28749208161136	0.197922827788543	0.422449228107782
B9J08_03555	1537.9194960197	0.106751500619395	0.0830255361562859	1.28576707313817	0.198524364842062	0.423299252868714
B9J08_04052	2080.52867453334	0.0981074365619006	0.0763181088249704	1.28550665199137	0.198615293724924	0.423329938185956
B9J08_02094	506.888035111129	-0.170831471738555	0.133093073722344	-1.28354892528021	0.199299830363345	0.424625331949021
B9J08_03965	1263.05244005088	0.113317377729062	0.088314341284296	1.28311411353087	0.199452099856977	0.424786124108179
B9J08_04491	1773.63945351919	0.105090659649432	0.0820026893407721	1.28155137952506	0.200000065292245	0.425622114578234
B9J08_01470	41821.2392504321	0.0795797313860386	0.0621058020954385	1.28135743684218	0.200068147003139	0.425622114578234
B9J08_00737	373.550882978375	0.189227853409381	0.147680056986079	1.28133654110939	0.200075483258616	0.425622114578234
B9J08_05582	1342.62094469862	0.113726377236452	0.0887774080002866	1.28102835843196	0.200183705524614	0.425688610248611
B9J08_03450	1597.19042113504	0.121850209035431	0.0951814785242507	1.28018823540743	0.200478942458588	0.426152586755745
B9J08_00593	1990.8716720161	-0.102035155510746	0.0798496710890334	-1.27784064879836	0.201305618529388	0.427745438373432
B9J08_05569	726.664537401456	0.145621745082507	0.114057144155073	1.27674374245701	0.201692732861829	0.428230768939007
B9J08_04975	728.609870036956	-0.13923413087356	0.109090613046113	-1.2763163299367	0.201843719874162	0.428230768939007
B9J08_04442	576.446268176426	-0.154581150062248	0.121101777463372	-1.2764564922179	0.201794197309604	0.428230768939007
B9J08_04026	1276.87118658377	-0.113969839695098	0.0892844421567038	-1.27648039167975	0.201785753962992	0.428230768939007
B9J08_03722	259.429736277221	-0.226791497317807	0.177787607003558	-1.27563164351084	0.202085762733025	0.428579890213329
B9J08_04597	4073.07718738963	-0.0836717766973176	0.065700806643402	-1.27352738835392	0.202830960118453	0.429995416027276
B9J08_02798	1195.55494369938	-0.115955461205964	0.0911090115465119	-1.27271121964448	0.203120534839889	0.430444321149205
B9J08_02888	360.189942885404	-0.189239735829775	0.14894314416995	-1.2705501611665	0.203888726975001	0.431906759440341
B9J08_05530	1904.36353237685	-0.108036330562148	0.0850691099648183	-1.26998308324641	0.204090656091887	0.432003604609348
B9J08_04176	2.92379726948062	2.16820633035944	1.70711371284394	1.27010070509441	0.204048760515671	0.432003604609348
B9J08_01707	4092.51378179015	-0.0881313430166589	0.069446041624678	-1.26906215177772	0.20441889786651	0.432532870734379
B9J08_05324	580.201367116745	0.167745297921558	0.13221352774022	1.26874534541694	0.204531903879123	0.432606485795576
B9J08_01085	8735.05893341666	-0.0692650966243934	0.0546209413754671	-1.26810514209672	0.204760405469868	0.43292423648847
B9J08_02587	416.355748328973	-0.186902647786508	0.147642075982684	-1.26591722950596	0.205542717212507	0.433914797290982
B9J08_02538	676.273488154779	0.149976847177598	0.118469410212464	1.26595419786955	0.205529480760484	0.433914797290982
B9J08_00652	1061.86780314568	0.119189947431917	0.0941528771540506	1.26591933284101	0.205541964100788	0.433914797290982
B9J08_00637	15106.0029516964	0.0650291545370378	0.0513573203519048	1.26621003766264	0.205437894787656	0.433914797290982
B9J08_05187	15196.2282029436	0.0668673752904239	0.052844853538123	1.26535264672812	0.205744941975947	0.434175991632568
B9J08_05045	209.517443698509	0.241107054809351	0.190675194938734	1.26449093122376	0.206053873693799	0.434662080625629
B9J08_02775	187.099966763107	-0.256272667325915	0.20271274171531	-1.26421588084396	0.206152552299465	0.434704447872031
B9J08_00114	4628.26441693495	0.0841142927044104	0.0665920885376926	1.263127415756	0.206543392767307	0.43536261638566
B9J08_01047	1065.532898603	0.130400588674241	0.10348377166862	1.26010664833337	0.207630892259576	0.437430418270049
B9J08_00783	928.403143488493	0.134374762996754	0.106649735533845	1.25996339629094	0.207682567054267	0.437430418270049
B9J08_04876	3396.48791231536	0.0821372611725185	0.0652034718759041	1.25970686543874	0.207775127815708	0.437458786428886
B9J08_04381	13042.5819337954	0.0663341359309966	0.0526684413592268	1.25946647022574	0.207861893712619	0.437474936881468
B9J08_05450	1574.27211920429	-0.111475412981111	0.0886841960652644	-1.25699299229227	0.208756173133042	0.439189955724176
B9J08_02448	6110.44944462802	-0.0743911513191791	0.0592006839114035	-1.25659276893674	0.208901134498085	0.439327823159281
B9J08_02861	1813.59477875701	-0.0988667931875114	0.0787516749028313	-1.25542464092985	0.209324648890971	0.439883979109408
B9J08_00460	11324.8338790502	-0.0703582689839231	0.0560364296821444	-1.25558086735748	0.209267971721255	0.439883979109408
B9J08_04477	1860.8974074064	0.102207683030447	0.0814374779146786	1.25504479813986	0.209462497908017	0.440006485351022
B9J08_00497	1085.89400236316	-0.117599967948843	0.0937686874287642	-1.25414966524069	0.209787611214719	0.44052212514374
B9J08_02688	2021.77543306619	0.0980061910260101	0.0781947570319984	1.25336013239231	0.21007467356153	0.440957502644715
B9J08_04430	14.3656263320217	0.893424477243089	0.713783082317746	1.25167505279338	0.210688294047591	0.441910107841192
B9J08_02471	4451.61291114482	0.0913948245063485	0.0730175148734816	1.25168358118884	0.210685185177552	0.441910107841192
B9J08_04768	2785.10021896272	-0.0856797188625133	0.0684936109639337	-1.25091548914875	0.21096531214841	0.442323404659915
B9J08_02172	2743.48632416203	-0.0872034894683335	0.0697379682725943	-1.25044493879531	0.211137057201578	0.44251574967106
B9J08_05138	3092.86370725568	-0.0875328258479196	0.0700341210520469	-1.24985970456984	0.211350801491621	0.442628278322663
B9J08_02450	7057.64614177601	-0.0731461236891831	0.0585232596950044	-1.24986414069186	0.211349180704658	0.442628278322663
B9J08_03549	432.024428624995	0.170778565909868	0.136673490326768	1.24953687435332	0.211468775258129	0.44270771989126
B9J08_03504	1312.17764960394	0.109371015152826	0.0876049201080896	1.24845744985419	0.21186358146381	0.443366427951697
B9J08_01681	1010.54806437965	0.120266990764485	0.0963813064962234	1.24782486497211	0.212095200721936	0.443683265958029
B9J08_01970	467.942936906087	0.167514579689751	0.134309185141277	1.24723100295445	0.212312808156672	0.443970564050872
B9J08_04255	1549.47770157985	0.105166227167743	0.0843631808897627	1.24658916435552	0.212548176839313	0.444294771768043
B9J08_00215	9457.27996732161	0.0693632301575776	0.0556685710007547	1.24600342546313	0.212763137608392	0.444576091466572
B9J08_03847	1768.96817348147	-0.101282470115586	0.0813382186536061	-1.24520147837164	0.213057699330252	0.444860590361146
B9J08_03107	1320.82519894276	-0.111233220412633	0.0893299748486797	-1.2451948027642	0.213060152570362	0.444860590361146
B9J08_01715	726.659466062446	0.140955967848637	0.113271457325682	1.24440853129801	0.213349244628026	0.445262372534513
B9J08_01459	84.7942084392535	-0.377061141807387	0.303059350194225	-1.24418250605281	0.213432400737402	0.445262372534513
B9J08_00647	2236.22977478462	0.0907964338819834	0.0729866145797918	1.2440148704626	0.213494090031012	0.445262372534513
B9J08_04789	1675.30734237843	0.107306641313595	0.0862811448259472	1.24368587748878	0.213615195664377	0.445347021190979
B9J08_01389	4851.73018665542	-0.0767498872876179	0.0617251412594744	-1.24341371638153	0.213715418373141	0.445388085539503
B9J08_02554	1403.10251614853	0.106013182082828	0.0852823462762307	1.24308472634477	0.2138366134925	0.445472809501702
B9J08_05355	27963.6760961662	-0.0627988740496036	0.0505683006798353	-1.24186245543832	0.214287314504625	0.445962651857961
B9J08_04407	3352.85230629009	0.0819547878170172	0.066009185618446	1.24156641305563	0.214396580355339	0.445962651857961
B9J08_03923	1213.30415598734	0.112429962825971	0.0905662403254196	1.24141139592404	0.214453811425475	0.445962651857961
B9J08_01173	1580.94352354403	-0.101163386711231	0.0814674491142954	-1.24176450608271	0.214323462043042	0.445962651857961
B9J08_00477	3259.750159975	-0.0843976182296083	0.0679883404912433	-1.24135429133586	0.214474896753241	0.445962651857961
B9J08_00743	13.6528334862678	0.91301880104469	0.735834201303858	1.24079418899919	0.214681788466221	0.446225092824753
B9J08_02789	695.741658017366	0.143605757492095	0.11580070738217	1.24011122849329	0.214934256396024	0.446582033105337
B9J08_04386	254.0004803935	0.217180877255116	0.175235942723174	1.23936262093333	0.215211237623449	0.446989618961808
B9J08_04540	2137.58814985002	-0.0932035332356715	0.0752188650467184	-1.23909784038596	0.215309266709041	0.447025358171062
B9J08_05414	4181.79443357053	-0.0776538759969721	0.062718780542484	-1.23812796303288	0.215668616884264	0.447435528877294
B9J08_04494	318.020774040069	-0.213078084542872	0.172090434555487	-1.23817506239238	0.21565115608257	0.447435528877294
B9J08_04256	2720.89067407533	0.0867312545057476	0.0700786021021527	1.23762820467395	0.215853951379925	0.447596386842231
B9J08_00008	88.1838573224218	0.397140803267955	0.320926396015332	1.23748251374431	0.215908002186779	0.447596386842231
B9J08_04011	24571.9826838915	-0.0617690475296258	0.0499541870744875	-1.236513916992	0.216267595875875	0.448024211876286
B9J08_01757	2402.80020521691	0.0963594531639499	0.0779298106819446	1.23649027658007	0.216276377817697	0.448024211876286
B9J08_04015	5399.81233627255	0.0772536289085839	0.062523489810725	1.23559368075024	0.216609634816046	0.448546570635549
B9J08_05120	274.408688739591	-0.213431433980242	0.173063708109731	-1.2332535591166	0.217481178612094	0.450182784020768
B9J08_03863	486.562498322371	0.164759425488717	0.133716345819846	1.23215620707056	0.217890738580226	0.450861831308354
B9J08_05505	4539.15864591784	0.0764226678586866	0.0620830204967251	1.23097534957594	0.218332083935769	0.451078695400136
B9J08_04875	105.448569272136	-0.330283498642982	0.268197339012202	-1.23149431630996	0.218138041120685	0.451078695400136
B9J08_03511	3059.04623623018	-0.0831426243893629	0.0675406166707233	-1.23100185470179	0.218322170605725	0.451078695400136
B9J08_03408	1206.24496162769	-0.111925687814515	0.0908947492994876	-1.23137682514237	0.21818196047196	0.451078695400136
B9J08_01771	1033.39463766008	0.124334202783766	0.10102025198801	1.23078492022098	0.218403316991785	0.451078695400136
B9J08_02546	3353.69041891778	0.0804327759972968	0.0654405816388759	1.22909628831163	0.219035706631206	0.452215936311011
B9J08_03363	1218.35500373593	0.110718419942912	0.0901051605999111	1.22876890963581	0.219158461387551	0.452300541020353
B9J08_01453	31.0365726892386	-0.597087188634828	0.486491841617064	-1.2273323775588	0.219697691124159	0.453244285567969
B9J08_02008	4519.17811912083	0.075867240956235	0.0618482587321022	1.22666737126515	0.219947636104624	0.453590743957747
B9J08_03547	2686.75659110552	0.0855527211548463	0.0697607841678878	1.22637269886407	0.220058454987787	0.453650135869345
B9J08_04217	461.673758780101	0.164348018264894	0.134116574253823	1.22541169262091	0.220420143628933	0.4542264584246
B9J08_01831	42.8185043733443	0.543988008738794	0.444639153524675	1.22343703748663	0.221164671481199	0.455588091307427
B9J08_00765	2227.30865537717	-0.0944800044741308	0.0772386034689903	-1.22322258858632	0.221245636096863	0.455588091307427
B9J08_02091	1804.77336516988	-0.0997604508381738	0.0815959931752916	-1.22261457892742	0.221475304028901	0.455721691437444
B9J08_00147	2724.74435848717	-0.0863166424025511	0.0705958682960814	-1.22268688644123	0.221447981836248	0.455721691437444
B9J08_02018	1139.39012304879	-0.12049933998853	0.098651182780251	-1.22146878113917	0.221908578830377	0.456290071735693
B9J08_01908	1475.28224965793	0.115803597752417	0.0948253939186678	1.22122980951434	0.221999020618468	0.456290071735693
B9J08_01061	4387.30962832881	-0.203927189586067	0.166977610775574	-1.22128462995051	0.221978270808337	0.456290071735693
B9J08_00462	1681.3601175799	-0.106327266645018	0.0870852769555399	-1.22095571561771	0.222102787371139	0.456333773012544
B9J08_04276	2788.2261310317	0.0854971824103205	0.0700619670418125	1.22030805043336	0.222348119134573	0.456668194182445
B9J08_02222	892.226305949394	0.125259940371172	0.102879054033512	1.21754560778106	0.22339669487086	0.458651491956468
B9J08_02514	1067.6586621606	-0.116720369302862	0.0958981254804436	-1.21712878868174	0.223555218876475	0.458806647720142
B9J08_02748	4831.79761660355	0.0778367340974859	0.063989843334926	1.21639200912065	0.223835626535243	0.459041472141799
B9J08_01626	6223.04029969395	-0.0722377099681675	0.0593804189321003	-1.21652408769243	0.223785340845313	0.459041472141799
B9J08_01466	333.013582415782	0.189957501950046	0.156353647652705	1.21492210000743	0.224395803926312	0.459849274366962
B9J08_00505	297.391555654709	0.198531521745984	0.163408972011938	1.21493648299483	0.224390317768639	0.459849274366962
B9J08_00095	1074.45778445778	0.114771978364294	0.0945173110821646	1.21429584750376	0.22463477077307	0.460168487831797
B9J08_03275	9.36542774959713	-1.10771370388124	0.912563393699015	-1.21384849702462	0.224805583089437	0.460347900802546
B9J08_02493	400.552658850083	-0.172071941438252	0.14183794714744	-1.21315871315723	0.225069145836736	0.460717041311245
B9J08_02042	333.400504590961	-0.186987844756575	0.154173250676476	-1.21284233118337	0.225190107513877	0.460794111971607
B9J08_00716	771.79467194564	0.131135104604918	0.10815189590754	1.2125086065715	0.225317750078091	0.460884791302486
B9J08_03682	12320.486123171	-0.0656203048144392	0.0541874987502639	-1.21098604526602	0.225900752981677	0.46156522524627
B9J08_02978	103.269777844861	0.324057687090552	0.267557461983427	1.21117043302879	0.22583009194283	0.46156522524627
B9J08_01038	2074.30524767795	0.0928650382056955	0.0766686183184719	1.21125227299579	0.225798734304163	0.46156522524627
B9J08_01405	366.847845030035	-0.17727479445003	0.146496853682797	-1.2100928449554	0.226243268394099	0.46209435653167
B9J08_03122	817.543509981364	0.127533066867486	0.105447640716885	1.20944447879965	0.226492129302548	0.462261242499037
B9J08_01890	18.5214311714273	0.801934684278557	0.663034350239598	1.20949191243073	0.22647391634156	0.462261242499037
B9J08_05212	912.390825648369	0.121029310499675	0.100135805302838	1.20865169190629	0.226796688194503	0.462712092365842
B9J08_05254	123.477326578241	-0.312554547579506	0.258649770230178	-1.20840837129435	0.22689022137026	0.462732232447976
B9J08_02086	1952.50870698741	0.093761079605064	0.0777109881603741	1.20653567564431	0.227611011899146	0.464031148844148
B9J08_03202	1215.79354964976	0.113650592632829	0.0943226170345481	1.20491347892947	0.22823670458005	0.464963982700647
B9J08_00236	819.089364299397	-0.129422504209906	0.107409027156014	-1.20494997149464	0.228222615684152	0.464963982700647
B9J08_03759	541.368441933736	0.149836481308035	0.124576960605806	1.20276237740426	0.229068287637674	0.466341606110318
B9J08_02025	358.817568334796	0.199743887122604	0.166075683693667	1.20272807361154	0.229081566407835	0.466341606110318
B9J08_02654	2816.3549845174	0.0830772806021798	0.0690979420276007	1.20231193816156	0.229242693311573	0.466497916374655
B9J08_03786	500.597192354654	0.160816575410627	0.133848759932074	1.20147975589941	0.229565154675907	0.466810614158986
B9J08_00078	1568.4839052829	-0.100094296969513	0.0832959520304685	-1.20167060378756	0.229491174741095	0.466810614158986
B9J08_02665	383.154497697982	-0.178843101155337	0.148967602433221	-1.20055030915537	0.229925686279669	0.467371911360841
B9J08_05267	335.702220724883	0.191006356184042	0.159377240277303	1.19845440824366	0.230740161938489	0.468346724309178
B9J08_03688	1143.79911016116	-0.113054105528365	0.094343482934846	-1.19832448423004	0.230790718350592	0.468346724309178
B9J08_02818	3330.94671876281	-0.0805877811956009	0.0672415040285251	-1.19848272818844	0.230729143043649	0.468346724309178
B9J08_00327	2913.69205453057	-0.0814976708954841	0.0680152147855153	-1.19822706070231	0.230828633242961	0.468346724309178
B9J08_00093	2086.09435583773	0.0946714845634321	0.0789818131815852	1.1986491668123	0.230664391658112	0.468346724309178
B9J08_04075	1636.75778241985	-0.0969878926688684	0.080974623664803	-1.19775663386042	0.231011774339499	0.468525338800521
B9J08_00023	586.053727140099	0.14467787092775	0.120809951774282	1.19756583628195	0.231086082850809	0.468525338800521
B9J08_03855	2153.37449752901	0.0979611309254724	0.0819187052174238	1.19583348718061	0.231761545113211	0.469722647864115
B9J08_05087	267.363736140015	0.204231215589938	0.170967732408606	1.1945600068078	0.232258982616209	0.470558400311448
B9J08_02739	4197.30765319913	-0.0771294279812679	0.0645907481263817	-1.19412501354455	0.232429069974796	0.470718688017131
B9J08_02093	3153.661881152	0.0804656122381847	0.0674082938931462	1.19370492250904	0.232593414274239	0.470718688017131
B9J08_01678	1696.91946720941	-0.0975394402723243	0.0817034826246469	-1.19382230890241	0.232547483109203	0.470718688017131
B9J08_02070	3095.93158647555	0.0849018700366762	0.0711800698005032	1.19277587496937	0.232957160793158	0.471282390763335
B9J08_04332	1180.64977986255	0.110983503225488	0.0931564395772068	1.19136694928648	0.233509561843143	0.47222719800893
B9J08_04420	2193.87402817076	-0.0878136747685214	0.0737516353481917	-1.19066749305206	0.233784144098293	0.472367892828033
B9J08_03006	2049.04851793336	0.0902227219629811	0.0758108906389182	1.19010238769922	0.234006151934336	0.472367892828033
B9J08_02632	4433.43484864183	-0.0783906402908838	0.0658391721662318	-1.19063830409292	0.23379560764342	0.472367892828033
B9J08_01318	1708.08421540228	-0.0997858036899558	0.0838200441217419	-1.19047663044683	0.233859109864275	0.472367892828033
B9J08_00952	6415.81166479833	0.0713424698437667	0.0599379953513731	1.19027120319152	0.233939815273324	0.472367892828033
B9J08_02935	229.101522359613	0.239735150963237	0.201541632852037	1.18950684069946	0.234240280749036	0.472668001759547
B9J08_03343	1814.4061792358	0.0932718929867755	0.0785039715335141	1.18811687058351	0.234787368599216	0.473599174224021
B9J08_04369	17.4025429456793	0.778915112492434	0.655775998916838	1.18777618238391	0.234921600359825	0.473697182497336
B9J08_01658	3636.66666783585	0.0762013656175447	0.0641839658471415	1.1872336745134	0.235135461572983	0.473955626078779
B9J08_05411	8013.20854131715	-0.0664228293435375	0.0559748496558648	-1.18665489504496	0.235363773274445	0.474077101258165
B9J08_03493	15019.2180344968	-0.0606193954361728	0.0510846355938402	-1.18664633174915	0.235367152423598	0.474077101258165
B9J08_05588	1276.56925830978	0.111910112171526	0.0944262947816887	1.18515835478094	0.235954842211969	0.474914931686462
B9J08_03777	3.49834818280932	1.79471805152118	1.5140668494416	1.18536249055521	0.23587415558522	0.474914931686462
B9J08_02524	1133.87321070493	0.114430145854857	0.0965822071012407	1.18479530846616	0.236098387993429	0.475030987265062
B9J08_04585	2125.51695506389	0.109045150668508	0.0920819786969044	1.18421815225582	0.23632671835036	0.475249887985087
B9J08_01793	2625.99032605387	0.0953269315039999	0.080521526376664	1.18386890802441	0.236464959633874	0.475249887985087
B9J08_00673	86.4868507087517	0.345506348254416	0.291811135346186	1.18400673039611	0.236410398600021	0.475249887985087
B9J08_02806	2109.25003612315	0.091417776725189	0.0772383833180505	1.18357962450807	0.236579509966434	0.47530739906442
B9J08_00481	651.729513154489	-0.147125919977209	0.124350257994388	-1.18315733598114	0.236746797980795	0.475470784180021
B9J08_03194	685.479184305283	-0.133583871479463	0.112944499893479	-1.18273905861242	0.236912579406073	0.475631026023589
B9J08_01096	1145.88890720821	-0.110260716115093	0.0933044830721474	-1.18173010004069	0.237312810984125	0.476261668197822
B9J08_04613	2205.00424894076	0.09591050148077	0.0812985668770482	1.17973176114925	0.238106917424272	0.477682031292583
B9J08_04287	2099.40588806743	0.0904340665604758	0.0766943579424858	1.17914888378482	0.238338896163769	0.477974051733795
B9J08_03235	1443.59996055508	-0.102829559367427	0.0872327109569558	-1.1787958695697	0.238479469461177	0.47808261891619
B9J08_04786	3808.55156502173	0.0820631599592002	0.0697593955647859	1.17637429760967	0.23944533787352	0.47913896628527
B9J08_03586	486.562959851905	-0.159297890449915	0.135462555584354	-1.17595515426932	0.23961279709728	0.47913896628527
B9J08_03575	274.723138745774	0.198690637982276	0.168938668181579	1.17611107108243	0.239550494424762	0.47913896628527
B9J08_02055	1970.40461638144	0.104619598070412	0.0889595705995059	1.17603533116641	0.239580757849346	0.47913896628527
B9J08_02039	1896.21244003619	0.0937708971934884	0.079680555883875	1.17683537913752	0.239261218548074	0.47913896628527
B9J08_02004	3181.34148744602	-0.0779093155828547	0.0662081325766127	-1.17673331886686	0.239301964702816	0.47913896628527
B9J08_00910	84.8979627905349	-0.346914579364071	0.294967165269871	-1.17611253119198	0.239549911034767	0.47913896628527
B9J08_01701	1158.60239632741	-0.107782594941162	0.0917312970700263	-1.17498169527552	0.240002039135009	0.479743866445874
B9J08_02736	3396.23306160722	-0.0776266826457564	0.0661224417916176	-1.17398390837401	0.240401471105937	0.480260377550932
B9J08_02689	2377.80192915086	-0.0842517200136189	0.0717706306253155	-1.17390246232421	0.240434096083625	0.480260377550932
B9J08_05580	7532.65931441558	0.0687882247902071	0.0586651602724037	1.17255666686664	0.240973635264037	0.481164323698697
B9J08_05486	3899.37343986063	0.079172151005352	0.0675527265429329	1.17200526251201	0.241194943335201	0.481165924504128
B9J08_03502	1180.00267287911	-0.120921255656808	0.103183545057371	-1.17190445036148	0.241235420113894	0.481165924504128
B9J08_02032	148.142489095928	0.283480279004787	0.24181314503371	1.17231128591156	0.241072102105384	0.481165924504128
B9J08_00208	802.196511969499	0.132722344909888	0.113333927578383	1.17107337357647	0.24156928544586	0.481658153497135
B9J08_02484	2011.44957608083	0.0887484387866356	0.0758460455217536	1.1701129330623	0.241955524521403	0.482254416622659
B9J08_02517	1503.58200953901	-0.101522363950185	0.086793637962494	-1.16969822136106	0.24212243418061	0.482413250523399
B9J08_05320	389.160983943338	-0.170855825623489	0.146234520788957	-1.16836862255024	0.242658105966225	0.482434920200667
B9J08_05099	2503.72924562236	0.0851019827670011	0.0727914623298397	1.16912038916568	0.242355130231177	0.482434920200667
B9J08_04588	15.6184094098053	0.825206228643896	0.706286130916598	1.16837382545367	0.242656008185875	0.482434920200667
B9J08_03255	5700.4904616773	-0.0693584480373006	0.0593590014158199	-1.16845712331703	0.242622424709011	0.482434920200667
B9J08_02038	6.36334976944763	1.31551199558434	1.12614418315267	1.16815592111974	0.242743876861048	0.482434920200667
B9J08_00641	558.491893601625	0.14880689432932	0.127300088925473	1.16894572176174	0.24242550065946	0.482434920200667
B9J08_00469	948.135266903835	-0.128486602361175	0.109884147365106	-1.16929152604933	0.242286196123466	0.482434920200667
B9J08_04843	426.691861551687	0.162281534788027	0.139195556376271	1.16585284051275	0.243673948872661	0.483935587509762
B9J08_01916	767.853797192908	-0.124745270316629	0.106989627795936	-1.16595667156221	0.243631964110311	0.483935587509762
B9J08_01202	2015.26436997605	0.0972029128949313	0.0833959731862715	1.1655588295351	0.243792861703093	0.483997960545516
B9J08_04813	1373.71153413231	0.104869886256489	0.0900158522160337	1.1650157575002	0.244012614526693	0.484260412969909
B9J08_04921	518.818004819864	-0.150036212458031	0.128843349164811	-1.16448550453397	0.244227314337302	0.484338929938908
B9J08_01873	1504.45530537895	0.0987652659532048	0.0848138313759959	1.16449480410052	0.244223547793644	0.484338929938908
B9J08_02347	14.506960538329	-0.825796391813233	0.709409565787203	-1.16406154024281	0.244399073188523	0.484505832905277
B9J08_01411	414.79223038498	0.167572302500313	0.144112625370414	1.16278710536013	0.244915890125079	0.485356427188037
B9J08_04961	1323.17898281702	-0.101167221657588	0.0871344534566189	-1.16104729695648	0.245622665693676	0.486447219586898
B9J08_03585	2686.7262416213	0.0808499942004194	0.0696382842580744	1.16099922710323	0.245642213759936	0.486447219586898
B9J08_05370	655.395392650069	-0.135955421489765	0.117185476130481	-1.16017296664293	0.2459783910481	0.486938611627431
B9J08_05555	1686.39472952621	0.0928125686247296	0.0800409059028537	1.15956419505518	0.246226285789558	0.486958343599702
B9J08_04703	574.816965782653	-0.14741485760801	0.127108001069526	-1.15976064738345	0.246146270320437	0.486958343599702
B9J08_03767	12.1477565149948	0.899590055826043	0.77592134483742	1.15938305062936	0.24630008247018	0.486958343599702
B9J08_03175	1249.80335048675	-0.106805358253663	0.0921304677901754	-1.15928379411802	0.246340525292346	0.486958343599702
B9J08_03500	12970.0276971743	0.0599986048437745	0.0517913318508425	1.15846808142661	0.246673069942213	0.487267410660849
B9J08_01454	6487.66391287452	0.0668214209797613	0.0576735797707883	1.15861406982763	0.246613531207212	0.487267410660849
B9J08_04010	1619.99720775617	-0.0964019043889679	0.0832995539950659	-1.15729196334806	0.247153095872663	0.487867156770771
B9J08_03199	6280.67695672806	0.0707149250764598	0.0610987749768096	1.15738695421144	0.247114301622342	0.487867156770771
B9J08_03269	640.0681712398	-0.139434678463071	0.120565901258399	-1.15650177212404	0.24747597513314	0.488330224210274
B9J08_02030	11911.9323470119	-0.0604458158380909	0.0523254613165442	-1.15518935365753	0.248012893497149	0.489215161887564
B9J08_05548	1647.67009700537	0.0927467558433599	0.0803852980220771	1.15377759522503	0.248591361913993	0.490054004542584
B9J08_03372	10999.8158475854	0.0616949863325953	0.0534748771070626	1.15371908586298	0.248615356490054	0.490054004542584
B9J08_04764	341.412337730112	0.181853843655863	0.15765965199897	1.15345836014564	0.248722299293115	0.490090145133672
B9J08_02215	2196.08637359674	0.0881352254061572	0.0764867503522015	1.15229402478622	0.249200271508803	0.49085708750541
B9J08_04986	8309.80982545003	0.0657720151625117	0.057098598472106	1.15190244458702	0.249361163587859	0.490999144109807
B9J08_05269	418.363878625018	0.165100969494434	0.143417304858786	1.15119280519877	0.249652924486082	0.491129791556394
B9J08_04529	1384.93295554242	-0.0983576198642775	0.0854582802731309	-1.15094312160178	0.249755636020693	0.491129791556394
B9J08_03348	1974.75957462508	-0.097154946729306	0.0843771685078204	-1.15143644243409	0.249552728678716	0.491129791556394
B9J08_03201	1951.36275750435	0.0939995245987008	0.0816764052197849	1.1508773475737	0.249782698182632	0.491129791556394
B9J08_03940	13667.0323565777	-0.0618924607241916	0.0538201328969206	-1.14998714036496	0.250149167843981	0.491500904918315
B9J08_00251	362.888534021194	0.182820504880101	0.158972428300901	1.15001391646393	0.250138139510854	0.491500904918315
B9J08_01074	1433.63464629077	0.0980267108477178	0.0852692144392716	1.14961433024028	0.250302753284001	0.491548168324343
B9J08_00176	1627.79000300343	0.0958170731835696	0.0833556289011486	1.14949733385371	0.250350965498043	0.491548168324343
B9J08_04097	2756.96517487446	0.0811495133890769	0.0706227003189544	1.14905707403682	0.250532447166754	0.491729937998338
B9J08_02831	898.80321286867	-0.119554201615423	0.104140229548713	-1.14801169666618	0.250963735246007	0.492401709700483
B9J08_02097	1028.95926772607	0.114676967747116	0.099927179503461	1.14760536939946	0.251131512183783	0.492556168045569
B9J08_00664	1516.42206207124	-0.0996638775741746	0.08686697528112	-1.14731608015176	0.251251010542381	0.492615859379621
B9J08_05559	99.7040834728631	0.312006746176028	0.272304381884769	1.1458014153737	0.25187732941416	0.492970102261047
B9J08_05091	1518.46225654718	0.0954030444891139	0.0832564293554801	1.145894019569	0.251839006055462	0.492970102261047
B9J08_05054	6828.30500817044	0.0737795172523172	0.0643515772127107	1.14650674385871	0.251585538441979	0.492970102261047
B9J08_02723	2714.61512163411	0.0867347692120803	0.0756798017579863	1.14607553399051	0.251763899848745	0.492970102261047
B9J08_01634	1414.04291168837	0.0972499982717346	0.0848421572540741	1.1462461754774	0.251693306842141	0.492970102261047
B9J08_02756	2874.54571647988	0.0798036800234816	0.0697097481369351	1.14479943130362	0.252292250983962	0.493607513332965
B9J08_02976	26371.1727453509	-0.0733342306081779	0.0641104248033725	-1.14387372776105	0.25267600800314	0.494008837138695
B9J08_01606	2295.96429247845	0.0861698144850008	0.0753219915257897	1.14401933272698	0.252615619480919	0.494008837138695
B9J08_01334	26.6930151805165	0.627042544705051	0.54855216150268	1.14308645323237	0.253002698200627	0.494472764575147
B9J08_05491	65467.1787154087	-0.263452350090832	0.230625389750192	-1.14233888287927	0.253313184865227	0.494618593500962
B9J08_04194	33.813102183228	0.53180600594073	0.4654305132778	1.14261096075433	0.253200152691041	0.494618593500962
B9J08_03891	6341.51769719016	0.0721316465180137	0.063148136473722	1.14226088917177	0.253345593091344	0.494618593500962
B9J08_02772	1111.64963013746	0.111162106656365	0.0974463049294352	1.14075240448431	0.253972972121263	0.495668492873221
B9J08_02616	610.719473278988	0.135230616395927	0.118599796776027	1.14022637535633	0.254192001794344	0.495920974223815
B9J08_05062	704.925626251526	0.13610662956124	0.11944284987581	1.13951257612118	0.254489425928844	0.49615122129448
B9J08_01238	1670.47236373616	0.0911936162657615	0.080026217793524	1.13954674830504	0.254475181630684	0.49615122129448
B9J08_01331	1.00562522713763	-3.54298234061665	3.11109604057539	-1.13882126890605	0.254777708841784	0.496538233828015
B9J08_00879	3597.09485002941	0.0749585195510777	0.0658453997404469	1.13840176909174	0.254952755689124	0.496550444069691
B9J08_00864	637.62400254675	0.131337828047872	0.115372980523921	1.13837596507824	0.254963525792428	0.496550444069691
B9J08_04099	3026.29912655503	0.0782176177652167	0.0687299871757006	1.13804208293044	0.255102910367146	0.49664702472393
B9J08_01862	17898.3982309424	0.0577793013275698	0.0507937077655974	1.13752871899428	0.255317325897329	0.496889560006378
B9J08_03025	54.8416417616056	0.415854259272326	0.365715188899641	1.1370986819649	0.255497034873387	0.496889627244974
B9J08_00876	1081.48608792951	0.113457419536794	0.0997727534101413	1.13715834893719	0.255472095279503	0.496889627244974
B9J08_03758	529.32803610736	0.146707616669671	0.129176258059309	1.13571656954417	0.256075203675978	0.49783899878096
B9J08_02368	1253.67282344174	0.100616433423883	0.0886262351913265	1.13528949082258	0.256254044013688	0.497862004966944
B9J08_02092	1050.56323147654	-0.109079082098273	0.0961109684355437	-1.13492855054755	0.25640525632826	0.497862004966944
B9J08_01906	2206.99930663711	0.0843455511410735	0.0743244769200239	1.13482872179286	0.256447089522839	0.497862004966944
B9J08_00228	2967.58385689403	0.0769396173021843	0.067784060417383	1.13506946660359	0.256346213585292	0.497862004966944
B9J08_02053	653.827280153317	0.133223357599481	0.117418492718324	1.13460285952632	0.256541754495846	0.497871033023342
B9J08_00443	8017.17048300471	-0.0685421731054468	0.060468301061617	-1.13352238945167	0.256994944341433	0.498575600544534
B9J08_02825	1820.71159495066	-0.090332059149022	0.0798007174462313	-1.13197051404815	0.2576468310781	0.499665014969484
B9J08_05398	22.9890601627785	0.647869140650707	0.573153951371924	1.13035797642142	0.258325414068017	0.5001155509904
B9J08_04447	498.787302440301	-0.152061160547795	0.134517404271157	-1.13041997332385	0.258299301846732	0.5001155509904
B9J08_04031	379.771401456323	0.167788495070405	0.148340297525903	1.13110528877769	0.258010778548903	0.5001155509904
B9J08_02153	851.188566471374	0.117981987450615	0.104319531817551	1.13096737873555	0.258068821812554	0.5001155509904
B9J08_02059	830.310072963447	-0.118563094687549	0.10489114936085	-1.13034412731683	0.258331247365679	0.5001155509904
B9J08_04670	967.524432757468	-0.114380716134354	0.101242978137649	-1.12976443639225	0.258575497388438	0.500238221775253
B9J08_02369	555.447997595749	0.144705432432277	0.128069478801572	1.12989787876376	0.258519257900878	0.500238221775253
B9J08_03608	20751.6979064096	-0.0635082336644234	0.0562381077185374	-1.12927401437957	0.258782259327928	0.500463173546424
B9J08_05504	3647.98480612364	0.0744179950956406	0.0659330972022391	1.12868950881187	0.259028836508119	0.500764940484588
B9J08_00077	8961.0392363474	0.0621188490840018	0.0550870039636925	1.12764980148392	0.259467845463049	0.501438383387884
B9J08_04464	1839.88278531341	-0.0913225720991912	0.0811736193885305	-1.12502772190166	0.26057728720972	0.503406558001035
B9J08_03990	1855.37878973955	0.0894262862107818	0.0795098479172537	1.12471962345907	0.260707863493938	0.503482958444473
B9J08_05468	835.545238365039	0.127423311993748	0.113439845017157	1.12326768407059	0.261323824250537	0.504496360184893
B9J08_04603	1081.53023474367	-0.104687125758653	0.0933151398289588	-1.12186646186822	0.261919222428523	0.50546937168603
B9J08_02341	6296.87187187281	-0.0679688744218237	0.060606152963833	-1.12148471892589	0.262081592486741	0.505606309049237
B9J08_04705	878.069261171436	-0.116575732303184	0.104048406273395	-1.12039901886505	0.262543762860979	0.506144842239133
B9J08_00409	2700.73964463737	0.0785405242379871	0.0700972702655053	1.12045053880845	0.262521818684669	0.506144842239133
B9J08_03521	9319.49648104761	-0.0629145742173803	0.0561656021512235	-1.12016201745662	0.262644726507047	0.506163060038493
B9J08_02003	1833.49199470398	0.0971844792256533	0.0868410318205192	1.11910783633377	0.263094137145473	0.506852550523028
B9J08_05589	22.2538066961203	0.639969208670263	0.572081167829375	1.11866854680512	0.263281568369142	0.507036059885898
B9J08_05163	421.27896477351	0.159398371943874	0.142516577455687	1.11845495302774	0.263372735500305	0.507036059885898
B9J08_00643	1182.02000664064	-0.101457372870494	0.0908696562454281	-1.11651542508833	0.264201571249878	0.508454728804132
B9J08_01654	640.032002101439	0.132477353295828	0.118808522984577	1.11504924030598	0.264829321553735	0.509485557396072
B9J08_00082	1934.04079751851	0.0876629298015456	0.0786450964817903	1.11466491520985	0.264994041097977	0.509625188217284
B9J08_01481	797.281614286796	0.129112815986891	0.115866505759671	1.11432389490277	0.26514025955526	0.509729153840856
B9J08_03857	170.54441833017	-0.247969965119439	0.222662751282248	-1.11365715051778	0.265426298494012	0.510101757112709
B9J08_00557	1518.94587141023	0.0952457095503728	0.0856760787118179	1.11169548119427	0.266269103379794	0.511543734211059
B9J08_04918	6623.472062459	0.0693235704570782	0.0624337671835266	1.11035379706143	0.266846599491805	0.512181294052297
B9J08_01019	439.890695659105	-0.150732317819336	0.13573784441537	-1.11046641759009	0.266798091558483	0.512181294052297
B9J08_00796	383.560845673654	-0.162875829084561	0.146698093921406	-1.11027910950105	0.26687877227603	0.512181294052297
B9J08_03655	185.65756627143	0.225604632709915	0.203242918091773	1.11002456975177	0.266988439122765	0.512214032878257
B9J08_01679	1976.99199536388	0.0896212574258148	0.0807769733537765	1.10949016414991	0.267218785242934	0.512478190422561
B9J08_03183	671.302573677844	-0.145182459622831	0.130972145154323	-1.10849875331708	0.267646477244641	0.513104047246286
B9J08_00134	2013.98104670952	-0.0850115832785304	0.0767042283276999	-1.10830374194418	0.267730659980615	0.513104047246286
B9J08_01039	5.67646768162488	1.38509349939463	1.25090052517124	1.10727709479938	0.268174144290918	0.513775958459669
B9J08_03101	557.10838768906	0.136429975217167	0.123277227731443	1.10669243401852	0.268426927649953	0.514082180343452
B9J08_05174	330.552819371685	0.172838876041902	0.156231685344024	1.10629848011503	0.268597349435693	0.514230508732716
B9J08_04522	8.74276469632679	1.01942659886492	0.92206578246752	1.10558988116537	0.268904071526771	0.514486157532888
B9J08_03715	423.25655830063	0.154365473285989	0.139626473223914	1.10556021162576	0.268916919440893	0.514486157532888
B9J08_03629	353.718025264642	0.167583571317159	0.151631685138665	1.10520153597123	0.269072271473733	0.514605371203741
B9J08_04029	1742.2163217509	-0.091590161601462	0.0830007020944414	-1.10348658855014	0.269815912533009	0.515498682612449
B9J08_03571	635.543623701916	-0.131435127145315	0.119124052462981	-1.10334667456146	0.269876644632694	0.515498682612449
B9J08_03129	2815.33085995012	0.0791337575315262	0.0717268907054661	1.10326485301691	0.269912165041702	0.515498682612449
B9J08_00568	852.104032993668	-0.119837702346989	0.108598251341531	-1.10349569046108	0.269811962015109	0.515498682612449
B9J08_03162	1511.50916821907	-0.0947094801702331	0.0859013804890276	-1.1025373472587	0.270228131210744	0.515745960568193
B9J08_01703	41.3522178261935	0.464214923992309	0.420974564402663	1.10271489834784	0.270150994843556	0.515745960568193
B9J08_02559	719.155502765115	-0.126204034027218	0.114570807900328	-1.10153743645599	0.270662820512687	0.516397399191332
B9J08_05095	1322.02487243452	-0.0959171210368222	0.0870993165200106	-1.10123850414814	0.270792867791845	0.516467362674722
B9J08_04766	1158.778909191	0.101405898659668	0.0921441177006218	1.10051407718872	0.271108199551499	0.516890538338276
B9J08_03065	3116.99782196203	0.0768417422755897	0.0698423454617635	1.10021709276156	0.271237544925098	0.516958945892735
B9J08_01847	1357.2055243046	0.100986534481287	0.0919617146189613	1.09813670721255	0.272144798758862	0.518330882209114
B9J08_00778	852.017623519305	-0.115631504791605	0.105292444763843	-1.09819375028238	0.272119894674865	0.518330882209114
B9J08_05180	192.889930854567	0.221048894247945	0.201407881019619	1.09751859325908	0.272414757383993	0.518379076845111
B9J08_02447	923.779304685698	-0.123316128835014	0.112365754551173	-1.09745295021228	0.272443437464414	0.518379076845111
B9J08_01815	1484.09941244469	0.102475857258026	0.0933776078800101	1.09743502307006	0.272451270364986	0.518379076845111
B9J08_00627	2302.5848940525	-0.0844690687814869	0.0769870499838091	-1.09718542013561	0.272560345306162	0.518408277128055
B9J08_00104	1447.48374072235	-0.0965254021883188	0.0880362810296844	-1.09642753032437	0.272891721556401	0.518860127854402
B9J08_03574	2819.57615360705	0.0805983993145417	0.0735904549906388	1.09522898485672	0.273416330368263	0.51967894270339
B9J08_03565	1021.05504164945	-0.107349657107512	0.0980555925235835	-1.09478362574469	0.273611441674072	0.519808807836875
B9J08_02271	25.6821016922153	0.581799193754831	0.531496246667688	1.09464403070111	0.273672617685949	0.519808807836875
B9J08_01277	11956.0686573504	0.0577193001904088	0.0527519740437113	1.09416379645966	0.273883146530843	0.520030100742221
B9J08_05393	471.303382256685	-0.152787063240099	0.139776268090255	-1.09308300563184	0.274357356826663	0.52035875979037
B9J08_04515	958.917791117387	0.107650351068685	0.09849146511223	1.09299167136988	0.274397456545426	0.52035875979037
B9J08_04479	2287.40151150311	0.0798263137975632	0.0730400382751461	1.09291171914304	0.274432562341079	0.52035875979037
B9J08_03389	1944.27897630056	-0.0880032146769092	0.0805122183694385	-1.09304173278517	0.274375476908085	0.52035875979037
B9J08_05051	7457.93511516302	0.0609314003919286	0.0558192979884762	1.09158306513471	0.275016403036437	0.52128708882609
B9J08_01948	7493.9159279498	0.0605395620140755	0.0555855775307188	1.08912355872562	0.276099402210781	0.523005854389368
B9J08_01079	5114.66700944326	-0.0673578366551952	0.0618475693749031	-1.08909432231508	0.276112293403897	0.523005854389368
B9J08_04341	1980.33704996499	0.0906923911763286	0.0833019626962015	1.08871853964689	0.276278023577705	0.523140619105883
B9J08_05297	3269.71211697009	0.0741534360496047	0.0682622552594882	1.08630217047067	0.277345327082521	0.524211836403657
B9J08_05084	98.7812647079797	-0.300347186071581	0.276410055254082	-1.08660007247383	0.277213593020024	0.524211836403657
B9J08_03184	1579.10276377333	0.0915085526404658	0.0842181298741558	1.08656595411468	0.277228678202304	0.524211836403657
B9J08_02933	11134.2070560309	0.0584208224795132	0.0537976527690883	1.08593627179737	0.277507188029273	0.524211836403657
B9J08_02803	355.483113875466	-0.16160105890504	0.148727244674187	-1.08655989196233	0.277231358597016	0.524211836403657
B9J08_02760	1662.79659128642	-0.0876320164090173	0.0806459618853937	-1.08662621612166	0.277202034176317	0.524211836403657
B9J08_01461	813.587098702388	0.114354959501756	0.105297069823433	1.08602223873382	0.27746915344195	0.524211836403657
B9J08_01635	11.3070916539827	0.893221953435374	0.822844381979969	1.08552962503804	0.277687149994873	0.524372696012851
B9J08_04725	43.2599392476627	0.461809727558689	0.425568809958629	1.08515877280476	0.27785134032813	0.524503673499962
B9J08_00636	1832.04381379292	-0.0894873964045544	0.0825252376327592	-1.08436399544558	0.278203440968845	0.524989161377919
B9J08_05318	2415.86847762494	0.0863556205409624	0.0799157690085435	1.08058298896843	0.279882652836558	0.527125004996107
B9J08_04488	8724.40719903873	0.0587404295214923	0.0543618735680635	1.08054461088334	0.279899732460668	0.527125004996107
B9J08_04240	683.504007970562	0.122524993781624	0.113424895591257	1.08023016589903	0.280039698430959	0.527125004996107
B9J08_04195	1613.33305917532	-0.096812552131338	0.0895654704566839	-1.08091379007671	0.279735463844564	0.527125004996107
B9J08_04023	714.04683719793	0.122111651163115	0.112947349064445	1.08113782372565	0.279635810609623	0.527125004996107
B9J08_03694	1618.06386731811	-0.0884269038371276	0.081808747781922	-1.08089790193156	0.279742532025593	0.527125004996107
B9J08_02382	2178.04517612007	0.0832492617997513	0.0770684947834155	1.08019836164837	0.280053857809076	0.527125004996107
B9J08_01673	1202.8289245068	0.103116282670007	0.0954692097146689	1.0800998874736	0.280097701985818	0.527125004996107
B9J08_05394	1265.49974129389	-0.0954580766019576	0.0884015561335638	-1.07982348701795	0.280220790135817	0.527177275592246
B9J08_04962	2395.15861410643	-0.0810955558342174	0.0752001256554133	-1.07839654691295	0.28085682736042	0.527530490294189
B9J08_04116	2517.88998878964	-0.0759981963705977	0.0704584895656545	-1.07862369515857	0.280755513880078	0.527530490294189
B9J08_03667	1215.90118119235	-0.0980992507615654	0.0909071784792105	-1.07911445941532	0.280536706173988	0.527530490294189
B9J08_02193	913.782736411006	-0.11272965016109	0.104501479115924	-1.07873736443518	0.280704824016837	0.527530490294189
B9J08_00313	7847.87617308746	-0.0599775581925523	0.0556206566245397	-1.07833243676757	0.280885426490035	0.527530490294189
B9J08_04748	710.465684441981	0.122777270601865	0.114027416318542	1.07673465352298	0.281598826202217	0.527795021255325
B9J08_04193	2283.98839191264	0.085515700067342	0.0793976293508231	1.0770560880286	0.28145520911574	0.527795021255325
B9J08_02165	1055.30492385131	-0.101803153840031	0.094483867714306	-1.07746598761025	0.281272137909264	0.527795021255325
B9J08_02115	3381.77979043226	-0.0773407074498449	0.0718208541597842	-1.07685585690446	0.281544666636507	0.527795021255325
B9J08_01559	384.605493807358	0.158541507609195	0.147194496702372	1.07708855399511	0.281440706070972	0.527795021255325
B9J08_00605	20513.4917281212	0.0572764061767409	0.0531447420909201	1.07774360968301	0.281148190998474	0.527795021255325
B9J08_02928	1334.02122843835	-0.09297508683282	0.0864403828674728	-1.07559781375987	0.282107165599269	0.528568676466652
B9J08_02352	379.404969319635	-0.163586224801938	0.152355585987861	-1.07371333805228	0.282951181461764	0.529821316191144
B9J08_01093	306.637984524596	-0.172913211429318	0.161073837985076	-1.07350277110389	0.283045596009378	0.529821316191144
B9J08_00259	44.768403405236	0.445342212912173	0.414864698486025	1.07346374501704	0.28306309697068	0.529821316191144
B9J08_05518	2099.42772282076	0.0844962622904799	0.0787903102690149	1.07241946378918	0.283531669507979	0.530518830868956
B9J08_03097	1628.17648097849	0.0969752052798857	0.0904523315356646	1.07211393707026	0.283668859661303	0.530596030702289
B9J08_00855	2882.83220817047	0.0748851351927866	0.0698997686720331	1.07132164548562	0.284024830433053	0.530902783753029
B9J08_00143	80.1374827044847	-0.325514531913768	0.303805881738281	-1.07145566126395	0.28396459689149	0.530902783753029
B9J08_00685	18151.6903855015	0.0537343248562136	0.0501850425756499	1.07072390693329	0.284293590009162	0.531225623763742
B9J08_05115	2129.37691460461	-0.0815422189083517	0.0761783661953403	-1.0704117583627	0.284434008919014	0.531308511763278
B9J08_00854	1129.49231928284	-0.104261719610821	0.0974315289470134	-1.07010246824231	0.284573188248387	0.531389029102575
B9J08_04992	8699.71992218574	-0.0622299251598421	0.0581996227673786	-1.06924963085366	0.284957200370813	0.531926518815716
B9J08_01888	1217.34736544207	-0.099327270972109	0.092938589656708	-1.06874088943031	0.285186441197098	0.53217483342144
B9J08_05592	20.65506909163	-0.663760162107434	0.621722773147759	-1.0676143625025	0.285694502237203	0.532889434051375
B9J08_02660	146.845663966718	0.245352286479318	0.229891791398873	1.06725118363892	0.2858584253897	0.532889434051375
B9J08_02393	1559.98277580179	0.100131696921384	0.0938137714227987	1.06734539506052	0.285815896344848	0.532889434051375
B9J08_05150	5743.05417781369	0.0620175246696502	0.058126334300769	1.06694367390771	0.285997271599959	0.532968635181729
B9J08_01260	534.817581909665	0.133297691615195	0.125053506002742	1.06592526572003	0.286457426651401	0.533646354600505
B9J08_03291	243.366532437188	0.194141254066794	0.18221672730241	1.06544144953605	0.286676208080052	0.533694414975013
B9J08_01563	1755.76545114131	-0.0837904954965337	0.0786302527737913	-1.06562668363267	0.286592431990743	0.533694414975013
B9J08_03927	7932.43390835701	0.0604873212600826	0.0568049191074049	1.06482540967473	0.28695494425067	0.534033578953719
B9J08_05386	882.201093754404	-0.10827247191117	0.10181778793288	-1.06339446288643	0.287603102756555	0.535059791909353
B9J08_03947	1602.02929138483	0.369583822839404	0.347793200911606	1.0626539618103	0.287938906032174	0.535332151267873
B9J08_02199	1271.61147535156	0.0973591524257469	0.0916196597879421	1.06264477134153	0.287943075397201	0.535332151267873
B9J08_00412	684.696552481527	-0.12010854685007	0.113058745900773	-1.06235520209541	0.288074462769141	0.535396456174771
B9J08_02474	921.78067725169	0.11440201025085	0.107768083755917	1.06155743206827	0.288436647145969	0.535889518093501
B9J08_04974	881.002696328347	-0.107120925969096	0.100976155226846	-1.06085368103435	0.288756402019471	0.536275232809942
B9J08_04583	1835.44815610634	0.0868179358705317	0.0818679942588286	1.06046247567827	0.28893425255296	0.536275232809942
B9J08_02169	3933.41744982013	0.170187608388732	0.160484619982054	1.06046055009983	0.288935128145657	0.536275232809942
B9J08_04327	1154.77770415721	0.096847999351275	0.0913685779122346	1.05997052339267	0.289158009603392	0.536508873235947
B9J08_03261	2547.8037027492	-0.0743737853630923	0.0701969063881462	-1.05950232267859	0.289371072004454	0.536544216981775
B9J08_02870	1061.37324675125	0.105047220644727	0.0991422446258449	1.05956064482065	0.289344525794629	0.536544216981775
B9J08_02024	659.492981667664	0.122191270171159	0.115360409897265	1.0592132108405	0.289502689875125	0.536608370542665
B9J08_05448	1337.21154517589	0.09512755056489	0.0898332981107123	1.05893418771793	0.289629753094438	0.536664041663429
B9J08_02827	1607.11964626036	0.0900267748954333	0.0850542108263542	1.05846346724951	0.289844197704603	0.536819265480104
B9J08_02126	0.879572622700718	3.18689940677017	3.01248145926487	1.05789843020241	0.290101750952817	0.536819265480104
B9J08_01130	985.120958520779	0.109185593309631	0.103183210266602	1.05817209047402	0.289976992836379	0.536819265480104
B9J08_00720	1753.2633347328	0.0835208034663665	0.0789374164421225	1.05806355503926	0.290026468390495	0.536819265480104
B9J08_01302	2490.14605155561	-0.0779758790802878	0.0737387632653657	-1.05746117275759	0.290301165838534	0.53682906996086
B9J08_00532	1434.63236473404	0.0892005838110176	0.0843379707826444	1.05765627253358	0.290212177572292	0.53682906996086
B9J08_04220	917.304983072577	0.107839070632932	0.102004939026543	1.05719459922299	0.290422784162804	0.536874471659248
B9J08_01922	2479.59428650192	-0.078436481914827	0.0743004565767557	-1.05566621698749	0.291120736731736	0.537984896379295
B9J08_00034	642.662830721474	-0.123279400365988	0.116802927353722	-1.05544786555437	0.291220541320034	0.537989583848066
B9J08_04373	9.22227413246861	0.939421770950096	0.89112284286856	1.05420007855041	0.291791324097843	0.538864044602727
B9J08_04238	5776.73205118613	0.0630815804410865	0.0599281016714169	1.05262103556959	0.292514712286647	0.540019650753486
B9J08_01271	767.622296560258	-0.112685737722352	0.107108840936042	-1.05206756732285	0.292768550920848	0.540193358196523
B9J08_01090	1779.15186164268	-0.08369732052163	0.0795609469691907	-1.05198999898834	0.292804138107607	0.540193358196523
B9J08_02260	1755.65164123653	0.0849888639854645	0.0809043656466982	1.05048551219848	0.293494948481578	0.541287282444684
B9J08_04168	2971.3976604521	-0.072164526409556	0.0687119465155837	-1.05024715597584	0.293604494006782	0.541308818783837
B9J08_02487	1599.26818586331	-0.0880832514555587	0.0838970608781029	-1.04989674886869	0.293765586507252	0.541425344542355
B9J08_03538	2999.38559043223	-0.0773586828705665	0.0737780003161417	-1.04853320148393	0.294393013662541	0.54240098553215
B9J08_04762	1467.08229899243	-0.0878842842632179	0.083864558745324	-1.0479311592171	0.294670325031463	0.542731124791549
B9J08_04337	1110.67576853373	0.10038949390904	0.0958503300531892	1.04735678899939	0.294935053291872	0.543037876084336
B9J08_05335	1620.7143821731	0.0871885797450165	0.0832853153728823	1.04686617748469	0.295161303164891	0.543092870194615
B9J08_03387	6780.40033618109	-0.0622652184761472	0.0594721950125201	-1.04696351737209	0.295116404765485	0.543092870194615
B9J08_02235	1897.23207373534	-0.0856578007352796	0.0818450064509696	-1.04658554565078	0.295290771294017	0.543150401073232
B9J08_04690	1684.06427689935	0.0837683502680924	0.080126310598152	1.0454537297768	0.295813315038157	0.543388723173712
B9J08_02456	25770.2820344507	-0.0565653293991496	0.0540854229956057	-1.04585165958202	0.295629525830571	0.543388723173712
B9J08_01242	798.799190791972	-0.110917010447087	0.106082975990261	-1.04556842803194	0.295760332268973	0.543388723173712
B9J08_00153	2523.17035297722	0.074854760619344	0.0715854013270439	1.04567075453505	0.295713069767784	0.543388723173712
B9J08_02255	1872.48439523535	-0.082124361502897	0.0786438017388621	-1.04425726741431	0.296366377859951	0.544043291053232
B9J08_00175	1721.39101686077	-0.0830355958488971	0.0795016438208579	-1.04445130764846	0.296276636097612	0.544043291053232
B9J08_05565	1654.48741127813	-0.0885144107934851	0.0848985350027645	-1.04259055578053	0.297137965151495	0.544740382801929
B9J08_04080	180.940153135613	0.212349600377512	0.203700580413066	1.04245947629068	0.297198703992296	0.544740382801929
B9J08_01258	681.752976064572	-0.119702069937171	0.114836066904515	-1.042373473455	0.297238559988469	0.544740382801929
B9J08_01177	865.216959665054	-0.110233580340493	0.105707932416991	-1.04281275605363	0.297035022260081	0.544740382801929
B9J08_00435	2076.03347020577	-0.0812347727692824	0.0779206799542167	-1.04253162083561	0.297165273051643	0.544740382801929
B9J08_04836	689.784259973479	0.121907667775805	0.117149673907796	1.04061465738056	0.29805442579677	0.545873850689382
B9J08_03746	772.241227655698	0.111468907789719	0.107111684920497	1.04067924869687	0.298024437248445	0.545873850689382
B9J08_01161	5600.33996997665	-0.0606221618739181	0.0583761119887173	-1.03847549637487	0.299048737415276	0.547151361774361
B9J08_00655	1908.07227254993	0.083073772826846	0.0799863354894686	1.03859955976835	0.298991010633491	0.547151361774361
B9J08_00059	7186.54502978301	-0.0656659737088058	0.0632131123109184	-1.03880304747254	0.298896343769891	0.547151361774361
B9J08_03413	4393.68286578513	0.0698490001893152	0.0673113223951714	1.03770060821634	0.299409461715226	0.547630202627949
B9J08_02161	491.975193587142	0.135229113483678	0.130420400405068	1.03687086578231	0.299796043377234	0.548077278645209
B9J08_00305	552.013900565188	-0.127804513163011	0.123274109035269	-1.03675065399537	0.299852078318641	0.548077278645209
B9J08_01579	2891.95324180324	-0.0744231931895694	0.0720562244794119	-1.03284891384829	0.301674609039228	0.550979626483016
B9J08_00772	1269.17789449494	-0.0964966562530506	0.0934166567463285	-1.0329705602191	0.301617676011738	0.550979626483016
B9J08_00266	2501.44254089319	0.0801242605223157	0.0775862750839904	1.0327117835671	0.301738797435736	0.550979626483016
B9J08_03143	866.979716672077	0.109159076523516	0.105728128764426	1.03245066189277	0.301861049271001	0.551020945055415
B9J08_04160	9.11686273811466	0.932938072159653	0.90430913030232	1.03165835763238	0.302232191694106	0.551152737309627
B9J08_03077	834.503464416346	0.115753673370377	0.112180730237067	1.0318498830036	0.302142446843422	0.551152737309627
B9J08_02340	21259.9507183019	0.0537452245355	0.052087615984287	1.03182346743827	0.302154823579868	0.551152737309627
B9J08_04544	3099.53454135988	0.0689224942630237	0.0668686252563703	1.03071498776562	0.302674494222777	0.551595593919664
B9J08_03090	697.813600914827	-0.118673471190693	0.115132967612437	-1.03075143159841	0.30265739940403	0.551595593919664
B9J08_03242	306.705186891787	-0.177451564473309	0.17225976824269	-1.03013934294458	0.302944598856716	0.551905986915842
B9J08_04137	0.809519435986375	-3.21532174103877	3.12219248168049	-1.02982816078916	0.303090678771352	0.551990301048518
B9J08_01384	1639.13275948088	0.090036957076054	0.0874650941185328	1.02940444966578	0.303289659044533	0.55217087036712
B9J08_04204	86.7313459352916	-0.304289817398259	0.295688789404507	-1.02908810987077	0.30343827293923	0.552259653710721
B9J08_02496	2089.05305767438	0.0777122447691922	0.0756076054110468	1.02783634459395	0.304026816786176	0.553148790672481
B9J08_04401	281.986627934326	-0.186243379576215	0.181302344240812	-1.02725301405281	0.304301340763375	0.553466200513722
B9J08_03833	1562.04206956076	0.0876734251220599	0.0853922770311587	1.02671375176082	0.304555271945365	0.553745959608748
B9J08_00167	3477.92057881578	0.0697002774345727	0.0679149181436519	1.02628817555437	0.304755769202019	0.553928412571925
B9J08_04325	2101.9655727314	-0.0785646404232974	0.0765876943907211	-1.02581284171437	0.30497981179991	0.554153527945238
B9J08_01603	719.576111708589	-0.12319039627702	0.120131437988808	-1.02546342855313	0.305144572961645	0.554270815451841
B9J08_00325	1859.24909102506	0.079301673956775	0.077427503747614	1.02420548407798	0.305738229015727	0.555024193970992
B9J08_00312	5494.49957883104	-0.0615682458420169	0.060115886790718	-1.02415932175059	0.305760028752416	0.555024193970992
B9J08_05197	1146.56553996869	0.0956878171134626	0.0935335514560949	1.02303200962469	0.306292711504474	0.555689564861683
B9J08_04266	2320.09517500634	-0.0776441311783545	0.0759015528640044	-1.02295840135804	0.306327514601929	0.555689564861683
B9J08_05299	4264.83209571063	-0.0658569237707452	0.0644501483509465	-1.02182734184161	0.306862626112092	0.556313400981223
B9J08_00044	7257.45871970485	-0.0606191294762337	0.0593254586355269	-1.02180633526417	0.306872570311646	0.556313400981223
B9J08_05497	601.428088726121	0.128506730264653	0.125811709441828	1.02142106513601	0.307054989284716	0.556330107858577
B9J08_05028	1279.23354536058	-0.0922674778226939	0.0903376827450005	-1.02136201659213	0.307082954129856	0.556330107858577
B9J08_05361	10014.2384171288	-0.0564093942973138	0.0552564573926348	-1.02086519764535	0.307318309789661	0.556504504253465
B9J08_01192	5740.5989635911	-0.0631506073158883	0.0618678353259795	-1.02073406937789	0.307380448471223	0.556504504253465
B9J08_03657	1423.36984239556	-0.0881047619976362	0.086479044662213	-1.01879897426912	0.308298412797998	0.557801282690785
B9J08_01576	779.036240689849	-0.112541422064963	0.110458446532691	-1.01885754867696	0.308270599868314	0.557801282690785
B9J08_03066	2968.9918608543	0.081856003863586	0.0803984798232834	1.01812875123393	0.308616773452415	0.558194693906248
B9J08_04624	1622.24937921473	-0.0868345737645812	0.0853942151661494	-1.01686716829272	0.309216623746752	0.558912741400146
B9J08_04473	168.858013762923	-0.215626051078306	0.21206025138947	-1.01681503094272	0.309241430286522	0.558912741400146
B9J08_00942	2196.12441479819	-0.0806878137406259	0.079365865691546	-1.01665638039176	0.309316923056563	0.558912741400146
B9J08_00437	1362.27711380819	0.0873100239663197	0.0860031911463172	1.01519516662794	0.310012804131216	0.559987204327158
B9J08_04126	666.953582667983	-0.120818826339328	0.119046630229253	-1.0148865709736	0.310159900291246	0.560069999513836
B9J08_03887	445.947292176036	0.137509449340004	0.135593370102472	1.01413106876896	0.310520214796253	0.560354749767724
B9J08_00258	5115.51328932288	0.0606915537099854	0.0598344263036332	1.01432498745793	0.310427704648577	0.560354749767724
B9J08_00323	2814.8261287419	0.0803950988461498	0.0793600843348364	1.0130420036721	0.311040098278245	0.561109844610886
B9J08_00761	1740.83403844345	-0.0809890409617746	0.0800023611581543	-1.01233313353927	0.311378797659283	0.561537701289042
B9J08_01087	384.657271525391	-0.146115501059842	0.144519700651122	-1.01104209600165	0.311996282303705	0.562467873996674
B9J08_05400	7998.76755473215	0.057684463269172	0.0571666082404618	1.00905869780715	0.312946484367746	0.563342623433102
B9J08_04271	3457.63229858577	-0.0653332932577941	0.0647495217072778	-1.00901584343982	0.312967035953462	0.563342623433102
B9J08_03978	360.334494170703	-0.152643208459008	0.151168320913776	-1.00975659143607	0.312611921954692	0.563342623433102
B9J08_02998	499.507414181293	0.134668581156846	0.13345265086859	1.00911132360685	0.312921247930921	0.563342623433102
B9J08_02190	1002.25380472183	-0.0996372586681291	0.0987518123377394	-1.0089663805598	0.312990757875596	0.563342623433102
B9J08_04657	1201.61711639349	-0.0949900997174585	0.0942922127156852	-1.0074013217176	0.31374195643585	0.564510982773809
B9J08_04562	331.082432875767	0.164121948310993	0.163098300500164	1.00627626288986	0.314282695626906	0.565300029109728
B9J08_03057	3.2028538340816	1.56923373889393	1.55998651433886	1.00592775929155	0.314450321839297	0.565417662579048
B9J08_03898	4819.70168434131	-0.0616071161218157	0.0613088821008277	-1.0048644504804	0.314962124349945	0.566153886831182
B9J08_04299	652.410814462579	0.121910938995482	0.1213776236403	1.0043938523361	0.315188812053395	0.566377296773011
B9J08_04115	2080.1686309308	0.0862815169069529	0.0859482905465669	1.00387705628893	0.31543787681413	0.5666407589019
B9J08_05325	7877.51023575398	-0.0558616362965183	0.055703301075734	-1.00284247464201	0.315936871604862	0.566984697224689
B9J08_03659	16719.9424667201	0.0575342220019941	0.0573526142798488	1.00316651166517	0.315780527806346	0.566984697224689
B9J08_01133	699.594956155742	0.115845403554812	0.115500125524493	1.00298941692705	0.315865967499099	0.566984697224689
B9J08_03622	2.417480132045	1.88512962463893	1.88067511193138	1.00236857109412	0.316165615621192	0.567211164450475
B9J08_01340	542.366163715655	0.124615479952191	0.124453968065287	1.00129776406019	0.316682873568051	0.567954920137773
B9J08_05038	49.941933532174	0.384167680044534	0.384310291165866	0.999628916725337	0.317490123760613	0.569033659922213
B9J08_04166	3417.48134659057	-0.0649840524704373	0.0650017464087411	-0.999727792878171	0.317442258101127	0.569033659922213
B9J08_00015	1570.88616846207	0.0855238638127648	0.0857680876369914	0.997152509389504	0.318690488540128	0.571000029839796
B9J08_05112	1085.68303232742	0.0984033373279501	0.0987079875438952	0.996913621445179	0.318806439317768	0.571022803065601
B9J08_02305	378.601543274704	-0.146638813808169	0.147203177355024	-0.996166091269252	0.319169451893707	0.571487937333794
B9J08_05004	1.56289579981682	-2.38338778297126	2.3978277055601	-0.993977914862127	0.320233619609252	0.572099247785095
B9J08_03197	9046.8560647877	0.0586112406592181	0.0589664978658327	0.993975270374323	0.320234907095038	0.572099247785095
B9J08_02906	4062.61917407055	0.0633731304311636	0.0637565826892104	0.99398568364437	0.320229837347546	0.572099247785095
B9J08_01988	984.081046351961	-0.0965628536674948	0.0971391486855727	-0.994067324802863	0.320190091799742	0.572099247785095
B9J08_00747	6668.39827003548	0.0570639010269793	0.0573823890681218	0.994449724971117	0.320003970006593	0.572099247785095
B9J08_00525	3862.12443230696	0.0642195360265509	0.0645689601325773	0.994588357853231	0.31993651209383	0.572099247785095
B9J08_00265	853.519083176863	0.115489328222163	0.116131563561526	0.994469760677748	0.319994220179307	0.572099247785095
B9J08_03264	342.925872601489	0.153809029932233	0.155070980430052	0.991862110535971	0.321264794275588	0.573676293863715
B9J08_00629	24231.8566367523	0.0489904522637781	0.0493985584995716	0.991738499094118	0.321325105476368	0.573676293863715
B9J08_04190	1128.56602797308	0.0913871640969851	0.0922125601374764	0.991048984658264	0.321661661796351	0.573906661740521
B9J08_00781	597.384040090287	-0.126903385147638	0.128026197623021	-0.991229822518913	0.321573371445836	0.573906661740521
B9J08_04224	1058.5134270304	0.107001281673102	0.108018656989214	0.990581485231633	0.321889982070524	0.574128826453425
B9J08_05179	201.471876620333	0.192473449059479	0.194419047779602	0.989992756664829	0.322177659436804	0.574271554735728
B9J08_04967	1113.87141273293	0.0913904828914002	0.0923018671969874	0.990126046923382	0.322112513561996	0.574271554735728
B9J08_02510	1671.26189424842	0.0821245775907529	0.08301851238872	0.989232102909994	0.322549594967067	0.574749294382361
B9J08_05238	2.72321010016407	-1.71942726928089	1.73917309708646	-0.988646427524295	0.322836162406363	0.574784728504782
B9J08_01431	2932.51911800098	0.0712901991881346	0.0721311006743398	0.988342040002942	0.322985162934887	0.574784728504782
B9J08_01114	1179.81920871961	0.0902029959764044	0.0912666438921279	0.988345710213901	0.322983366065391	0.574784728504782
B9J08_00429	1101.23429384326	-0.0977482188265244	0.098864855191177	-0.988705426589729	0.322807287001018	0.574784728504782
B9J08_04528	1350.41971393237	-0.0853096378884127	0.0863886359534941	-0.987509953674205	0.323392705733725	0.575324881123587
B9J08_00246	1961.21643249716	0.0757424124278835	0.0767502729567232	0.986868313427264	0.323707199809131	0.575699203261834
B9J08_00391	2819.29059298965	-0.0684957991678883	0.069430003687322	-0.986544656923239	0.323865912657434	0.575796323660644
B9J08_03680	6691.85002458044	0.0593640284924033	0.0601874300907506	0.986319376037392	0.323976414543678	0.575807695643021
B9J08_01866	3650.41001556663	0.0633494785948226	0.0642906862228205	0.985360124719531	0.324447209066964	0.576459207629096
B9J08_04091	965.281903699985	0.0970601812444287	0.0985286839113302	0.985095683727766	0.324577073329227	0.576504750348092
B9J08_00065	31.9891647350737	0.492380108363303	0.500139607187829	0.984485334268654	0.324876938862126	0.576852118409765
B9J08_04051	765.050101087752	0.108375844682812	0.110110340085993	0.984247661011429	0.324993756820066	0.57687434819377
B9J08_01184	2846.85967682587	0.0716094402049935	0.0730122109027963	0.980787176823473	0.326697703111533	0.579712863622037
B9J08_00120	1065.96570757889	-0.0927983903689272	0.0947298896429935	-0.979610455777521	0.327278441780389	0.580557107596964
B9J08_03844	851.534010291409	0.100730741149462	0.10295452453496	0.978400333588617	0.327876363283402	0.581017499476421
B9J08_02959	724.899353894994	-0.107102045340816	0.109524961547467	-0.977877954281665	0.32813468984317	0.581017499476421
B9J08_01610	585.050532711385	0.123741600411079	0.126508696497591	0.9781272263242	0.328011403584913	0.581017499476421
B9J08_00815	630.243743729426	0.114761286670177	0.11727387650001	0.97857502536097	0.327790004311737	0.581017499476421
B9J08_00386	3520.8396594788	-0.063063217937073	0.0644943421475687	-0.977810081274708	0.328168264032605	0.581017499476421
B9J08_00140	973.335007003579	0.0955651524302739	0.0976881438779518	0.978267665210936	0.327941957829501	0.581017499476421
B9J08_01223	0.837169693802952	-3.25812557408649	3.33615782481559	-0.976610144115886	0.328762195126584	0.581696641473173
B9J08_00450	1520.50858629655	0.0818215948444771	0.0837714940540992	0.976723595160391	0.328706010623214	0.581696641473173
B9J08_01792	5916.25803559063	0.0579282325234304	0.0593677004931031	0.975753348071146	0.329186708346683	0.582261491482412
B9J08_02600	25.6575173914139	-0.537604682007872	0.551502919279922	-0.974799340518094	0.32965980431478	0.58291188544279
B9J08_05050	1.65457640757026	2.45452581285986	2.52041695614578	0.973857046499689	0.330127523590844	0.583552359533703
B9J08_05416	3530.8886909036	-0.0632586383834688	0.0650352149819541	-0.972682851913717	0.330710950499432	0.584117807151657
B9J08_04237	616.438086403723	0.114838409397863	0.118027254131309	0.972982132331078	0.330562182490897	0.584117807151657
B9J08_00439	1197.28310325523	0.089000025124428	0.0915096137256263	0.97257568359186	0.330764232869099	0.584117807151657
B9J08_00381	2224.88620080882	-0.0743121545432839	0.0764610478273525	-0.971895581539494	0.331102498151767	0.584392069076483
B9J08_00225	174.06519906391	-0.203388134313265	0.209281804138397	-0.971838594141539	0.331130852374923	0.584392069076483
B9J08_03249	1068.61823710487	-0.0935211889529942	0.0963432912414642	-0.970707848443781	0.331693782445985	0.585198823192582
B9J08_05293	438.512811660276	0.140455650511591	0.144796615861513	0.970020256867924	0.332036395082981	0.585616486353306
B9J08_05441	433.900771699412	0.132296243167593	0.136593396823829	0.968540546203869	0.332774479529197	0.586731159157152
B9J08_02296	2123.08241872741	0.082961919257977	0.0858072325639452	0.966840635445878	0.333623707046655	0.588041020928951
B9J08_04816	6139.20242269865	-0.0555205431369421	0.0574586874116239	-0.966268907940809	0.333909639919016	0.588357508248512
B9J08_00248	1084.10094766056	-0.0991053937840086	0.102756370804995	-0.964469579916217	0.334810552568162	0.589757059316721
B9J08_02184	911.733029792327	-0.0983399135892	0.102022665442644	-0.963902610880964	0.33509475475883	0.589932424144837
B9J08_02104	4264.76150218484	-0.0742668686152795	0.0770526751277389	-0.963845427717584	0.335123427348233	0.589932424144837
B9J08_01476	1275.41068379736	-0.0889450227650362	0.0923766420230337	-0.962851872693729	0.335621864635084	0.590621868691265
B9J08_03476	544.047343579611	-0.124107675624844	0.129017044264838	-0.961947906433845	0.336075772350643	0.591031126207613
B9J08_02232	2687.60179471448	0.0688123439071607	0.0715807187949217	0.96132513148279	0.336388715476689	0.591031126207613
B9J08_02015	1080.90016220882	0.0931084346233866	0.0968240380311556	0.961625196765978	0.336237909895855	0.591031126207613
B9J08_01086	2905.14572538179	0.0651942348573138	0.0678156593406332	0.961344850012412	0.336378804083241	0.591031126207613
B9J08_00066	2426.60549895368	-0.0688305966933146	0.0715441445500486	-0.962071698895838	0.336013589224012	0.591031126207613
B9J08_05561	1960.3300124017	0.0745236548487733	0.0776268520531547	0.960024178202454	0.337043046459248	0.591950720356119
B9J08_00342	1220.79847662507	0.0969389909958541	0.100992943234949	0.9598590544127	0.337126156051668	0.591950720356119
B9J08_04502	1324.74033945015	0.0858181206578582	0.0894881197797045	0.95898897942117	0.337564297074208	0.59253193497856
B9J08_02936	2871.17725297624	0.0652971247148716	0.0681548597199571	0.958069974513517	0.338027474749285	0.593156714098443
B9J08_03481	2351.32079610172	-0.0701269665250391	0.0733167324974841	-0.956493342463749	0.338823046300493	0.593799198063379
B9J08_03458	734.657728812459	0.10478651273167	0.109533385418309	0.956662777576801	0.338737491433061	0.593799198063379
B9J08_01324	13.0572291128713	-0.722850244152875	0.755260529243157	-0.957087278051244	0.338523204299629	0.593799198063379
B9J08_01165	1176.72748053306	-0.0916039458348476	0.0957704077214727	-0.956495310130219	0.338822052663903	0.593799198063379
B9J08_03335	6049.35467333648	-0.0556727644792136	0.0582355267381272	-0.955993147096654	0.339075696729853	0.594053746788982
B9J08_02238	713.856048313506	-0.10588925399804	0.110819323622385	-0.955512545437072	0.339318564143454	0.594291000087854
B9J08_03482	1967.32068680766	-0.185797114313031	0.195004925105146	-0.952781650067813	0.340700713520303	0.596031681564035
B9J08_02329	527.359554184688	0.12296851050385	0.129074066498514	0.952697267853306	0.340743478051976	0.596031681564035
B9J08_02031	1447.51589428982	0.0801790975981672	0.0841335115565076	0.952998348872145	0.340590907279811	0.596031681564035
B9J08_01416	1218.61003566432	-0.0923980358013314	0.0969548476573892	-0.953000680562562	0.340589725882246	0.596031681564035
B9J08_03893	3794.27705196686	-0.0658543357863322	0.0691508626795078	-0.9523284776872	0.340930419618061	0.59617013939535
B9J08_05395	527.326707293554	-0.123142878241706	0.129380994494774	-0.951784910315244	0.34120607633992	0.596326914221314
B9J08_00306	1358.29767237981	0.0915749668920562	0.0962198348378558	0.951726502611163	0.341235704847308	0.596326914221314
B9J08_02166	2202.25212068069	-0.0740236072745916	0.0778479521048312	-0.950874175532714	0.341668252640593	0.596894221527202
B9J08_00740	1949.26551227235	-0.0735257852523099	0.0773693251207122	-0.950322174034664	0.341948575206532	0.597195317166824
B9J08_04121	3252.644339396	-0.0640384016165893	0.0674172406978965	-0.949881676462434	0.342172378328671	0.597235797793569
B9J08_01234	380.829720058171	-0.143683226991344	0.15126914784985	-0.949851500016144	0.342187713470949	0.597235797793569
B9J08_05327	5116.18076388394	0.0575910944080317	0.0607026014303073	0.948741784553535	0.342751956751061	0.597654814877087
B9J08_04774	3045.2492901878	0.0638381472814867	0.0672841092462597	0.948784906222644	0.342730020110168	0.597654814877087
B9J08_01141	3856.81097065264	-0.0667628155291016	0.0703640465158741	-0.948820012988307	0.34271216143383	0.597654814877087
B9J08_05476	1509.34261959591	0.0802195279125021	0.0846308269319689	0.947875978772926	0.343192595064622	0.597987966857995
B9J08_04791	182.059642735543	-0.195261789380323	0.206012996208298	-0.947812967988171	0.343224677540967	0.597987966857995
B9J08_00726	1027.00636848773	-0.0927940449427223	0.0979119893227725	-0.947729134956307	0.343267364811813	0.597987966857995
B9J08_03580	2770.39898010525	-0.0694931868844382	0.0733440748593397	-0.947495581854611	0.343386306519738	0.598006820327668
B9J08_04253	2115.42344435035	0.0708364731937474	0.0747862800445154	0.947185408227058	0.343544309495967	0.598093665666413
B9J08_00262	225.982711216986	-0.174517134814263	0.184428990053542	-0.946256522706098	0.344017763067188	0.598729467440093
B9J08_00757	2937.03851557611	-0.065102241596219	0.0688411040323885	-0.945688517220607	0.344307480975006	0.599045195744812
B9J08_03646	1593.05205172481	-0.0777822508606017	0.0822687585875719	-0.945465231225113	0.344421413259401	0.59905498010621
B9J08_03115	1356.52800667086	-0.0844537664991786	0.0893461482967019	-0.945242387156114	0.344535144032926	0.599064407936533
B9J08_04634	607.464754651968	0.11434639928974	0.121099577722988	0.944234500563692	0.345049828595903	0.599770773715883
B9J08_03125	995.397358384071	-0.0930473428157964	0.0985703792350899	-0.94396859926732	0.345185694710915	0.5998184346359
B9J08_04292	1671.99494788646	0.0846987032573339	0.0898138829533425	0.943046892887752	0.345656917937019	0.600448622207804
B9J08_04318	613.766785501473	0.122519194885169	0.130121774587982	0.941573347528611	0.346411120543568	0.601218863405224
B9J08_02574	4930.10974806722	-0.0579276604347138	0.0615198287501984	-0.941609585259565	0.346392560477814	0.601218863405224
B9J08_01268	335.749035877585	-0.145991492005373	0.155055496598827	-0.941543480932476	0.346426417948373	0.601218863405224
B9J08_02843	422.29244221205	-0.134623594754546	0.143046346565015	-0.941118721220605	0.346644022656372	0.601407807187074
B9J08_02889	94.2384198666308	0.262137024525943	0.278636013097262	0.940786589687674	0.346814234495005	0.601514434302877
B9J08_05494	9375.61569173415	0.0536150907243754	0.0570606853567018	0.93961526030073	0.347414945740285	0.602367418460663
B9J08_03292	2380.72283473361	-0.0682713997329455	0.0727192546120791	-0.938835252054485	0.347815336550306	0.602872650097068
B9J08_05074	1114.50465711746	-0.0982429971450844	0.104847787225068	-0.937005918247888	0.348755513646759	0.603844407670756
B9J08_01468	248030.32222176	-0.0439303936231735	0.0468859254071174	-0.936963347565807	0.348777411844719	0.603844407670756
B9J08_01342	449.963126692895	0.126786003895577	0.135291163701116	0.9371344027735	0.348689426988928	0.603844407670756
B9J08_00665	2030.9732857575	-0.0710285845859304	0.075812763695661	-0.936894806672186	0.348812670856638	0.603844407670756
B9J08_03266	3453.30112698058	0.0741413905735979	0.0791914285136128	0.936229993134335	0.349154783718397	0.60423074732512
B9J08_01796	695.587554014891	0.104323393328559	0.111452255549998	0.936036626748745	0.349254329994288	0.60423074732512
B9J08_00201	568.153328902883	-0.116716159274058	0.124831306571348	-0.934991089012975	0.349792891746365	0.604784146373599
B9J08_00073	308.22516114891	-0.15279612212608	0.163388051309066	-0.935173171488833	0.349699062265599	0.604784146373599
B9J08_02958	1661.8094984066	0.0773186918904989	0.0827956207281556	0.933850017796966	0.350381264403923	0.605454407762731
B9J08_02734	2421.72540095999	0.0668308599561405	0.0715675819785137	0.933814698059865	0.350399486394594	0.605454407762731
B9J08_03931	1348.37642879443	0.0836263686354737	0.089661529419721	0.932689517752974	0.350980298593363	0.606079310496376
B9J08_02883	445.181726484217	0.126695508183425	0.135833898349792	0.932723787821839	0.350962599557933	0.606079310496376
B9J08_01987	2106.25236397754	-0.0779510587806952	0.083696060334369	-0.931358757739345	0.351668017121278	0.606942292607287
B9J08_00425	2830.59764629074	-0.0673699327368235	0.0723398359283862	-0.931297837107583	0.351699520485691	0.606942292607287
B9J08_03426	12808.7576781204	0.0523586501854531	0.0562399179347672	0.930987314849641	0.351860125975077	0.607030055136667
B9J08_01004	14831.9996802595	0.0477603835378761	0.0513271118644836	0.930509857324049	0.352107162792808	0.607266828003437
B9J08_05585	1636.80866332531	0.0755038315345534	0.0813591536642957	0.928031181913438	0.35339139504666	0.609267326261191
B9J08_05170	258.654615675538	0.165833047208501	0.178885490194209	0.927034646736651	0.353908545801462	0.609267326261191
B9J08_04845	49.0442473689587	0.357815413474814	0.385977359148657	0.927037311888036	0.353907162086817	0.609267326261191
B9J08_04290	903.980362936371	-0.0941553866228157	0.101593560695537	-0.926784984975453	0.354038182354632	0.609267326261191
B9J08_04164	607.438025276068	0.113284277847626	0.122135986102534	0.92752579696309	0.353653604231324	0.609267326261191
B9J08_02198	768.666111933679	-0.0996935112987446	0.10749831742059	-0.927396015964525	0.353720958426104	0.609267326261191
B9J08_00192	1085.79693382327	0.0887517039934813	0.0957595207479873	0.926818589945237	0.354020731269411	0.609267326261191
B9J08_01326	2362.19350878008	0.0710029551882958	0.0766915806770674	0.925824641524534	0.354537119097656	0.609936175965516
B9J08_02365	643.641862456029	-0.107409010770941	0.116093677445419	-0.925192595621231	0.354865734332285	0.610311684263641
B9J08_01343	306.395308052116	-0.148882836507097	0.160966546001416	-0.924930305119346	0.355002161646853	0.610356529707412
B9J08_02965	3757.52457823695	0.0622570303637603	0.0673662631300457	0.924157396760713	0.355404373306373	0.610858169284508
B9J08_05328	1922.85669032448	-0.0777245429926944	0.0841712018698001	-0.923410160079718	0.35579349899027	0.611124442288611
B9J08_03330	683.140069902134	0.11011553713386	0.119255957719957	0.923354599964215	0.355822442810979	0.611124442288611
B9J08_00067	1928.47799718105	-0.0748477814546012	0.0810722266291379	-0.92322345847228	0.355890766337302	0.611124442288611
B9J08_02706	4004.02910706078	-0.0604226042810796	0.0655037726471311	-0.92242937832873	0.356304651577091	0.611645260047452
B9J08_04691	2116.71154741637	0.0683297867211489	0.0741842783468481	0.921081774249705	0.357007734965826	0.612472016779152
B9J08_04425	276.689441641374	0.15759076678155	0.171062268447744	0.921247965501468	0.356920981052113	0.612472016779152
B9J08_04159	9.21341000038919	-0.817935599188107	0.888471992927422	-0.920609322183691	0.357254433400463	0.612705200352856
B9J08_05424	4405.12753710583	0.0594408973435339	0.0646178241924202	0.919883918816728	0.357633423313894	0.613165054044994
B9J08_04065	5.09239876430953	1.11498998698868	1.21327653687712	0.918990809678541	0.358100379249752	0.613221834153273
B9J08_03416	954.444766844298	0.0899689779477625	0.0979017217448661	0.918972377035651	0.358110020668066	0.613221834153273
B9J08_02568	510.20434002129	0.117575928207713	0.127935219498477	0.919027056573051	0.358081420346559	0.613221834153273
B9J08_01315	0.756880887697256	2.94068292289186	3.19813356877279	0.919499720588681	0.357834251704049	0.613221834153273
B9J08_04231	1673.59100359396	0.0742064977359665	0.0808100290268737	0.918283270400619	0.358470583463677	0.613434874828089
B9J08_01249	1393.18246042352	0.0782375201761364	0.0851967872129468	0.918315381782931	0.358453776683656	0.613434874828089
B9J08_00560	3090.82532894845	0.0627587375405841	0.0683572829844405	0.91809877163885	0.358567157895355	0.613434874828089
B9J08_00920	0.834642024234629	3.06885198484165	3.34613282584884	0.917133940749392	0.359072457532676	0.614109388563151
B9J08_04840	3034.44588398733	-0.0649367630359928	0.0708411623129619	-0.916652986989616	0.359324508915227	0.614350497313793
B9J08_02678	2537.05041271514	0.074390611347897	0.0811844005558953	0.916316568682171	0.359500880283826	0.614406171837611
B9J08_00158	735.531674631312	-0.100628614086114	0.10983652466921	-0.91616713465009	0.35957924032514	0.614406171837611
B9J08_02918	86.1170990905913	-0.271096408030845	0.295985623173024	-0.915910729462596	0.359713718772197	0.614446132961402
B9J08_01042	899.437517655441	0.0932769225938447	0.101905290844913	0.915329536086603	0.360018657866488	0.614694418561275
B9J08_00393	1164.60686009455	-0.0921795452645085	0.100719545672035	-0.915210097994931	0.360081344447393	0.614694418561275
B9J08_05396	874.750842037267	0.0938797173104656	0.102814747049835	0.913095835026093	0.361192140660552	0.614995026398759
B9J08_04833	1146.35589484131	-0.0880999605218158	0.0964582250741096	-0.913348347993423	0.361059361944188	0.614995026398759
B9J08_04467	1114.25211846505	-0.0852121099813982	0.0933699649885071	-0.912628702301505	0.361437853444571	0.614995026398759
B9J08_03509	1205.45808957655	-0.0859295574698134	0.0940677084337399	-0.913486241990695	0.360986866166302	0.614995026398759
B9J08_02601	5396.81060855518	-0.0541960769133083	0.0593954383635138	-0.912461939949256	0.361525596167043	0.614995026398759
B9J08_02446	1672.86071628524	-0.073543918597879	0.0805074145635993	-0.913504911274733	0.360977051761623	0.614995026398759
B9J08_02270	3853.12891451631	0.0580309881998559	0.0636217488135438	0.912125008853926	0.361702914640239	0.614995026398759
B9J08_02239	385.424362861573	0.134329090429118	0.147198418047563	0.91257156300221	0.361467916026708	0.614995026398759
B9J08_01677	6292.91665101814	-0.0529587803318953	0.0580317483480239	-0.912582885049312	0.361461959056793	0.614995026398759
B9J08_01209	660.356081793049	0.104785038060634	0.114869616387606	0.912208479107793	0.361658981238512	0.614995026398759
B9J08_00889	11802.5298996685	-0.0534008877934178	0.0584312735581861	-0.913909359518597	0.360764475232833	0.614995026398759
B9J08_00121	3693.56050593579	0.0644044000997043	0.0705781612336418	0.91252589999476	0.361491941737952	0.614995026398759
B9J08_00032	2799.62215411518	0.0629586131460697	0.0689363389606323	0.913286288412033	0.361091991852452	0.614995026398759
B9J08_05384	2396.30414253971	0.0669221576653232	0.0733940622233076	0.911819779939513	0.361863596093965	0.615079148738697
B9J08_02274	471.795977003842	-0.120030194891674	0.131719137580453	-0.911258584716745	0.36215914243303	0.615392386112776
B9J08_05540	492.338932821526	0.123140757049322	0.135267579008973	0.910349382693941	0.362638282998238	0.616017304442032
B9J08_02396	20.1612013138474	0.582517241302143	0.640240551847702	0.909841214557602	0.362906255478348	0.616283235815395
B9J08_05242	438.850681475075	-0.128163405331117	0.14090409135224	-0.909579020035169	0.363044567073871	0.616328882899196
B9J08_00634	1359.97825987558	-0.0818880308761588	0.0902377639816705	-0.9074696364683	0.364158499124586	0.618030272678147
B9J08_00375	5729.08294652604	0.0528987218217334	0.058325772959	0.906952778129807	0.364431769417207	0.618304330259685
B9J08_05024	1297.97314756789	0.0813724434452338	0.0898039258546611	0.906112318262424	0.36487640597075	0.618571312662203
B9J08_04811	2407.26469810247	0.065232546020533	0.071998919460393	0.906021180726439	0.364924641695312	0.618571312662203
B9J08_02595	1856.72627106811	-0.0712268710272058	0.0786138760103541	-0.90603433696393	0.364917678339761	0.618571312662203
B9J08_04787	260.143191911958	0.16052404362964	0.177238687278162	0.905694157944818	0.365097755537437	0.618675148859548
B9J08_04688	5219.8951908146	0.0561615167536532	0.0620633009171457	0.904907021117498	0.365514647104376	0.618684664256679
B9J08_04186	1238.54125909081	-0.0827883842338771	0.091495176467024	-0.904838784192247	0.365550801444735	0.618684664256679
B9J08_02994	2940.87329102691	-0.0660190387927052	0.0729485139277506	-0.905008686785471	0.365460785172607	0.618684664256679
B9J08_01923	515.461644411696	-0.114464476577509	0.126495703568616	-0.904888255872025	0.365524589373664	0.618684664256679
B9J08_05397	1675.71329370119	-0.0740866737438162	0.0820031768810121	-0.903461018971461	0.366281267798485	0.619073084268981
B9J08_03918	1843.50538490046	-0.0782166242032618	0.0865317687324393	-0.903906453653013	0.366045006800863	0.619073084268981
B9J08_03158	2070.28614225279	-0.0716014765044936	0.0791975987809484	-0.904086457248977	0.365949558888381	0.619073084268981
B9J08_02178	0.754218920353219	-3.1281472894815	3.46282813925407	-0.903350430251308	0.366339939398368	0.619073084268981
B9J08_01224	0.754218920353219	-3.1281472894815	3.46282813925407	-0.903350430251308	0.366339939398368	0.619073084268981
B9J08_03270	1954.7414341203	0.0702652319607246	0.07781951551439	0.902925590017732	0.366565388110077	0.619264863053402
B9J08_00837	1074.45297755135	0.0883083386497028	0.0978499604763876	0.902487218387918	0.3667981081627	0.619468804961188
B9J08_04062	1983.1338615447	-0.0691530239051159	0.0767037383617114	-0.901560020178043	0.367290636845031	0.620111267518274
B9J08_00892	1229.13294461364	-0.0870611284688888	0.0966778800979008	-0.900527901322685	0.367839383922585	0.620848224740866
B9J08_00205	2361.49226838487	-0.0676970680375039	0.0752659673639426	-0.899437958595021	0.36841942819435	0.621637540373077
B9J08_03543	438.192037413226	0.128484632261127	0.143136928277966	0.89763441067853	0.369380487435414	0.62306906862009
B9J08_03948	370.809147087711	0.132148255038091	0.14747202335118	0.896090336561002	0.370204517736442	0.624078386955276
B9J08_01199	1736.72996913613	0.0711662688930345	0.0794047169601805	0.896247371912712	0.370120660122403	0.624078386955276
B9J08_03587	684.682738277778	-0.102778296236093	0.114868285229456	-0.894749112261821	0.370921218582138	0.624724584552777
B9J08_02852	2997.83643116753	-0.0630469432434153	0.0704674764466162	-0.894695630134812	0.370949815304544	0.624724584552777
B9J08_01611	346.341110981748	0.143663908847499	0.160603094463552	0.89452765108522	0.37103964206398	0.624724584552777
B9J08_01369	1806.57695785107	0.0710789061730829	0.0794207236016252	0.894966741043749	0.370804867281467	0.624724584552777
B9J08_02920	1661.05957647878	0.0717290426453743	0.0802412435494558	0.89391738552961	0.371366095031421	0.625083261282603
B9J08_00975	879.737015881008	0.0908979098920993	0.101708852593561	0.893706964283005	0.371478698216582	0.625083261282603
B9J08_04611	884.290346663566	-0.0899805647399661	0.100837587669696	-0.892331588045392	0.372215227884664	0.625181422845453
B9J08_03743	4056.05288597733	0.0604227068708426	0.0677025094823695	0.892473666527493	0.372139101339894	0.625181422845453
B9J08_00818	421.298581553235	0.12647261055434	0.141662620447826	0.892773338192766	0.371978567025859	0.625181422845453
B9J08_00657	1139.46061718067	-0.0822971130781588	0.0921588660518163	-0.892991815154141	0.371861555836224	0.625181422845453
B9J08_00178	5172.53045692793	0.0538861962127906	0.0603827465815008	0.892410485834036	0.372172952761269	0.625181422845453
B9J08_00055	807.182370601965	0.0965037315166442	0.108035770968456	0.893257211491746	0.371719446423807	0.625181422845453
B9J08_01765	380.963653650362	0.135727057447547	0.152335367866206	0.890975348329839	0.372942395429999	0.625832642331105
B9J08_01474	1482.36099066706	0.0750256677935228	0.0842061286946244	0.890976333392611	0.372941866955242	0.625832642331105
B9J08_00584	1151.04060747193	-0.0822438989689333	0.0922949474037614	-0.891098605963143	0.372876272740747	0.625832642331105
B9J08_04208	2613.98298994354	0.0669227194219926	0.0751378054179714	0.890666410200824	0.373108160037382	0.625920907845544
B9J08_03221	1002.33939352407	-0.0928796522378084	0.104342933005988	-0.890138407672309	0.373391571987285	0.62620642348747
B9J08_05444	821.478804224339	0.0983064779987958	0.110489419787556	0.889736575572711	0.373607349666588	0.62637837253892
B9J08_02210	3406.53506786776	0.0586797069294392	0.0660722975400029	0.888113613635307	0.374479640443129	0.627650573118468
B9J08_02715	5757.78109105617	-0.0553569941145733	0.0623620267372882	-0.88767150477285	0.374717478068427	0.62785894310708
B9J08_01467	10287.5624160577	-0.0554602899822529	0.0625027387733211	-0.88732575677029	0.374903542297164	0.62791412931944
B9J08_01455	2794.87766408059	-0.0627016387323897	0.0706745460643138	-0.887188418236619	0.374977466849053	0.62791412931944
B9J08_04782	1382.4041822014	0.0759347808642455	0.0856386682971919	0.886688015753923	0.37524689228721	0.628175109334309
B9J08_05218	4068.44953406026	0.0568150942949205	0.0641009775512542	0.886337408029261	0.375435736849894	0.628231697548511
B9J08_00024	937.647362611005	0.0941499431981598	0.106239639441604	0.886203527167561	0.3755078633331	0.628231697548511
B9J08_02954	52589.9717673205	-0.043771093783483	0.0494386502107924	-0.885361829193465	0.375961512624588	0.628800461544178
B9J08_05107	455.514285349165	-0.118432756727968	0.134031462141047	-0.883619075969908	0.376901877902697	0.628835343811942
B9J08_03899	3049.16349208105	0.0622787928109387	0.0704779940082925	0.883662960151943	0.376878180822077	0.628835343811942
B9J08_03581	869.48657929413	0.0953274513809664	0.107769567962582	0.884548886881173	0.376399984555853	0.628835343811942
B9J08_03570	1146.48907462382	-0.082474949600966	0.0932730634669183	-0.88423116530549	0.376571437909362	0.628835343811942
B9J08_03139	2085.53741569693	0.0670095637194514	0.0758184670617634	0.883815860651257	0.376795623046939	0.628835343811942
B9J08_01977	917.015168111814	0.0883637489625463	0.10002382579621	0.88342700610732	0.377005604787633	0.628835343811942
B9J08_01746	5812.17871735164	0.0544291865828231	0.0615350246341225	0.884523682349205	0.376413584018032	0.628835343811942
B9J08_00080	871.09700470903	0.096221094672604	0.108726908980076	0.884979583943071	0.376167642714828	0.628835343811942
B9J08_00070	2133.87883373776	0.0660442219530021	0.0746995255966595	0.884131745489366	0.376625098114902	0.628835343811942
B9J08_03386	9285.23125043831	-0.0480602349520944	0.0544762042977289	-0.882224368816716	0.377655486394671	0.629729422746134
B9J08_05172	1.93699384160469	-1.84657244152544	2.09422545801357	-0.881744816184672	0.37791481963769	0.629971931107915
B9J08_04259	399.088211573028	0.130450134596974	0.148233170862478	0.880033354464214	0.378841240773297	0.630969226191241
B9J08_01488	1139.84587489485	-0.0831065200798206	0.0943971304560766	-0.880392440726686	0.378646750156606	0.630969226191241
B9J08_01127	49.7492149273231	0.369757274440783	0.420175208630025	0.880007356089311	0.378855324567187	0.630969226191241
B9J08_04983	5922.42240964473	-0.056861971101776	0.0646739923365973	-0.879209231522875	0.379287839974525	0.631039175079261
B9J08_03098	815.186312771498	0.0952440746168943	0.108370154992934	0.878877349793445	0.379467780928155	0.631039175079261
B9J08_02916	75.6609799208233	0.27832553655387	0.316527854478875	0.879308195520739	0.379234193442264	0.631039175079261
B9J08_02649	965.889858944792	0.0874390061077728	0.0993984345425959	0.879681923665527	0.379031644506869	0.631039175079261
B9J08_01362	3568.38404833937	0.0574758757742692	0.0653845228591261	0.879044049890882	0.379377392245704	0.631039175079261
B9J08_00924	701.528362223896	0.100138340152703	0.114036620758809	0.878124408513463	0.379876208251708	0.631528496495401
B9J08_03603	1324.02558350506	0.0871272297866052	0.0992932456655772	0.877473882564505	0.380229298668127	0.631546021301325
B9J08_01760	2866.38624027074	0.0630223047870271	0.0718210601880686	0.877490594290847	0.380220225406939	0.631546021301325
B9J08_01704	1145.95008936568	0.0801508799143288	0.0913088220761849	0.877799955052028	0.380052288871941	0.631546021301325
B9J08_04706	740.063691396164	0.0956462685932872	0.10905705955657	0.877029593335715	0.380470564438171	0.631757037498506
B9J08_04874	1225.24973308017	-0.0793671071192895	0.0905803242231902	-0.876206922418699	0.38091755394456	0.632087539732746
B9J08_04606	1586.06863967182	-0.0729207022653754	0.0832796992711289	-0.875611978712503	0.381241011127905	0.632087539732746
B9J08_03367	126.593778405502	0.214267522776785	0.244633540181744	0.875871405930686	0.381099945802377	0.632087539732746
B9J08_03159	564.52454185551	-0.107878227615051	0.123131414168849	-0.876122704699217	0.380963330936306	0.632087539732746
B9J08_03054	843.184281813363	0.0918783999188115	0.104926092953572	0.875648728857809	0.381221026036444	0.632087539732746
B9J08_03042	822.902866160599	-0.0962357049556278	0.110000246030336	-0.874868088286707	0.381645684329069	0.632189961073399
B9J08_01691	311.263357789598	0.139095361580983	0.158959975429196	0.875033864376375	0.381555480032295	0.632189961073399
B9J08_01237	2821.56056386029	-0.0601104047466379	0.0686809541491248	-0.875212138377141	0.381458489806332	0.632189961073399
B9J08_05483	7716.61637072716	0.0498245972860059	0.0569778618607562	0.874455370188661	0.381870314836688	0.632372668072372
B9J08_01937	3476.39540774428	0.0603213972256406	0.0690387974161281	0.873731865027373	0.382264293398377	0.632835620109674
B9J08_03048	9047.9682185818	0.0534629909066039	0.0612420606381508	0.872978315058509	0.382674897468286	0.633325810262444
B9J08_02489	625.041453592514	-0.105995098253811	0.121504601048556	-0.872354605003425	0.383014957060451	0.633698991175997
B9J08_02840	6053.97091367473	-0.0506341720595583	0.0581698773607027	-0.870453477932975	0.384052632455856	0.634846117786413
B9J08_02711	2497.77451625736	-0.0615140956131394	0.0706429683412096	-0.8707745025099	0.383877289821528	0.634846117786413
B9J08_00026	1067.61018617106	-0.0825521129113679	0.0948322310463511	-0.870506915217664	0.384023441775907	0.634846117786413
B9J08_04151	232.976073686801	0.158144589901753	0.181809984829777	0.869834459586027	0.38439087671416	0.635215398597556
B9J08_00500	8.08611492272878	0.831615292043187	0.95644137520892	0.869489038846248	0.384579700848685	0.635337612124874
B9J08_04326	4699.31833627665	-0.0532990102611694	0.0613295628935957	-0.869059027106406	0.384814845881229	0.635536253379839
B9J08_05408	908.513801750052	-0.090826834174611	0.104610132816951	-0.868241266202597	0.385262267828108	0.636085254733512
B9J08_04154	1073.21475652382	-0.0853401971170902	0.0983473406186129	-0.867742804027982	0.385535147590238	0.636345837457955
B9J08_01800	1806.61217867625	-0.0698134995955375	0.0806572819588841	-0.865557304932811	0.386732977679124	0.638132487930559
B9J08_05467	98.0995822704891	0.241306028220189	0.279222791578889	0.864206058737911	0.387474704507357	0.638445146915436
B9J08_04743	2307.14118255721	-0.0629060894831502	0.0728158005200217	-0.863907133258163	0.387638907932534	0.638445146915436
B9J08_03806	1191.59778063062	0.078492443492446	0.0908680143064997	0.86380718332514	0.387693821115311	0.638445146915436
B9J08_03344	2212.29980767297	0.0638868219780758	0.0739527412962755	0.863887137356101	0.387649893439689	0.638445146915436
B9J08_02875	3213.42132858649	0.061902118749485	0.0716634991483863	0.863788671849676	0.387703991968025	0.638445146915436
B9J08_02520	27.561231675094	0.444455126479147	0.514570219896362	0.863740475631613	0.38773047342053	0.638445146915436
B9J08_02362	3157.26183699642	0.0583040108494755	0.0674078137013338	0.86494439810502	0.387069307421874	0.638445146915436
B9J08_00370	1581.48241413656	0.0717854448442952	0.083173364889124	0.863082128996348	0.388092312904198	0.638850768652714
B9J08_04314	8.72632691220006	0.790505754173794	0.916977935096468	0.862077181923283	0.388645046952798	0.639570292977068
B9J08_02788	477.768719160744	0.117889450473659	0.136809507513615	0.861705100882169	0.388849817927711	0.639716937227295
B9J08_03512	1715.95456266911	0.0699279477792076	0.0812057901411592	0.861120218861888	0.389171834467665	0.640056323651696
B9J08_01497	299.866548593116	0.138901505396275	0.161372377517294	0.860751434249577	0.389374958373073	0.640200028169282
B9J08_05190	1299.14131601837	0.0804356253499093	0.0935365914063949	0.8599375296929	0.389823479341721	0.640533241625674
B9J08_01020	3227.69300165195	-0.058979575324752	0.0685693348186812	-0.860145070397903	0.389709079394553	0.640533241625674
B9J08_00270	1436.99012283832	-0.082077288962	0.095466093170107	-0.859753303361329	0.389925045119082	0.640533241625674
B9J08_05305	15.8885125747334	-0.583500653038686	0.679338123868737	-0.858925228155503	0.390381769741086	0.640902810459468
B9J08_03550	2350.84229103232	0.0621075017166477	0.07229915920499	0.859034909943476	0.39032125611256	0.640902810459468
B9J08_01516	2692.39767820591	0.0631803232324006	0.0735764483505393	0.858703085685672	0.390504347635513	0.640913812098524
B9J08_03009	1897.69459216212	0.0727687275683858	0.0847965636610422	0.858156562325623	0.390806017970231	0.641133756889159
B9J08_02884	3606.3979354572	0.0577798326025962	0.0673392965689967	0.858040335235671	0.39087019132711	0.641133756889159
B9J08_02869	518.520289176939	0.115142378439155	0.134240260657252	0.857733573187414	0.391039596953136	0.641221467758018
B9J08_05108	9.19546643117481	0.762117951927711	0.889020550632284	0.857255719663265	0.391303574582213	0.641404243317509
B9J08_04677	5505.52142231619	0.0577985863589893	0.0675332659181355	0.855853564509279	0.392078782617338	0.641404243317509
B9J08_04476	1144.23762431844	-0.0789170554857035	0.0920948612077787	-0.856910520855835	0.391494337886123	0.641404243317509
B9J08_03519	507.042919072588	0.109644108545561	0.127993115651378	0.856640671551462	0.391643500951593	0.641404243317509
B9J08_02482	2269.43698311419	-0.0621969292283816	0.0726300670648854	-0.856352358491102	0.391802908227549	0.641404243317509
B9J08_02010	1263.84323406955	0.0776993688773778	0.0907646745322941	0.85605296639644	0.391968482722563	0.641404243317509
B9J08_01683	663.286519930126	0.0979872831091526	0.114390605831201	0.856602536520758	0.391664583416794	0.641404243317509
B9J08_00382	3198.86414429842	0.0580565417563706	0.0678145321390702	0.856107679653551	0.391938221172617	0.641404243317509
B9J08_04433	443.175685340505	0.120403061311888	0.140768231253238	0.855328366634701	0.392369387859372	0.641508125388237
B9J08_00482	1712.16914307576	-0.0703780035966355	0.0823028627168143	-0.855110032305807	0.3924902361804	0.641508125388237
B9J08_00042	3.01179402540935	-1.46753405721988	1.71615041763992	-0.855131369683812	0.392478424920428	0.641508125388237
B9J08_05049	1044.99271339033	0.0822841468488568	0.0963183792653831	0.854293308052264	0.392942494126509	0.641729852251504
B9J08_04665	5080.71159720416	0.0548847645976911	0.0642946301459987	0.853644611891539	0.393301932087532	0.641729852251504
B9J08_04347	1387.10816907365	-0.07573637421897	0.0886297417972712	-0.854525497684591	0.392813887884164	0.641729852251504
B9J08_02576	142.942090373649	-0.194548701702766	0.227890986453211	-0.853691954783428	0.393275692990065	0.641729852251504
B9J08_02523	4245.46859197536	0.0533114979371431	0.0624307665037143	0.85392989583063	0.393143833743365	0.641729852251504
B9J08_01518	3012.0162382167	0.0626535643719737	0.0734164941940069	0.853399022383286	0.393438063457756	0.641729852251504
B9J08_00648	7244.10351662141	0.0517552469209649	0.060638047073664	0.853511110905201	0.39337592874557	0.641729852251504
B9J08_03002	6902.58400060917	0.0499403252625517	0.0585822478582682	0.852482229486578	0.393946497949201	0.641831275446907
B9J08_02617	1641.66912540191	0.0727751974777885	0.0853718142294831	0.852449934848119	0.393964415140526	0.641831275446907
B9J08_01245	4258.84634700973	-0.0539996932621979	0.0633333745550098	-0.852626180771326	0.393866639214882	0.641831275446907
B9J08_00961	3574.71958598864	-0.0609210246072894	0.071421909320696	-0.852973900960055	0.393673777622812	0.641831275446907
B9J08_04441	695.480136717789	-0.0952150850318243	0.111731784315704	-0.852175463006923	0.394116713098463	0.641888693672793
B9J08_01944	1391.0520858764	0.0775609291437551	0.0910373566888107	0.851968158619526	0.394231765034619	0.641888693672793
B9J08_04922	722.531543578557	0.0969488698020948	0.113878502394896	0.851336009547312	0.394582727136824	0.642271060563206
B9J08_04805	1376.07889763712	0.072969712042496	0.0857748216073805	0.850712489691932	0.39492908347209	0.64255365756836
B9J08_02067	2354.65365810386	0.0638804735701026	0.0751000252785376	0.850605220613136	0.394988688434718	0.64255365756836
B9J08_05149	306.050938614286	0.135658701797912	0.159626279887882	0.849851928474411	0.395407414718299	0.642823730329594
B9J08_02608	21472.4731965822	0.0425993225289207	0.050135761998693	0.849679367195641	0.39550337268335	0.642823730329594
B9J08_01150	644.051802030473	0.101437487651952	0.11935095087697	0.849909338020408	0.395375493507697	0.642823730329594
B9J08_05473	385.396990202776	-0.123067147662586	0.144996131809855	-0.848761591957319	0.39601396601675	0.643086684098251
B9J08_03922	1320.37561549509	-0.0772454172831323	0.0910047347480896	-0.848806575800209	0.39598893051681	0.643086684098251
B9J08_00040	630.684747119691	-0.101177260317855	0.119163419326183	-0.849063084040121	0.395846190592629	0.643086684098251
B9J08_02121	1818.18124784771	0.0687535522199357	0.0810543868319413	0.848239742563098	0.396304468168244	0.643369537258162
B9J08_02944	197.271096152279	0.165964117394205	0.195715128324723	0.847988189849302	0.396444548010511	0.643408097137951
B9J08_05470	16.1721848152754	0.586888840349935	0.692642229078822	0.847318883704891	0.396817403886421	0.643490820641425
B9J08_04586	2162.08336269786	0.0629744024839951	0.0742988638672499	0.847582307537188	0.396670630962791	0.643490820641425
B9J08_00169	594.588608310509	0.102025854589713	0.120417143969863	0.847270174546308	0.396844546954963	0.643490820641425
B9J08_03842	15975.120754878	-0.0513085982328827	0.0606400723289404	-0.846117035523319	0.39748745820461	0.643967896150532
B9J08_03576	0.679119751159882	2.80741330919094	3.3180005884421	0.846115976883869	0.397488048717758	0.643967896150532
B9J08_00974	210.191114573863	0.163368192026311	0.192986817783492	0.846525135253488	0.397259858014662	0.643967896150532
B9J08_05081	154.393321855716	-0.186645395100884	0.22071630205046	-0.845634841499893	0.397756482626776	0.64421408650328
B9J08_00566	1313.67356849105	0.0750978556124494	0.088836981341774	0.845344522947404	0.397918509308223	0.644287843964807
B9J08_01896	816.803058264291	-0.0890669265713761	0.105426266036457	-0.844826720322012	0.398207593488751	0.644567222588903
B9J08_05177	2462.06465742079	-0.0647630468728023	0.0768324304429832	-0.842912901484517	0.399277157513395	0.646109408486421
B9J08_03910	2685.1105902392	0.0588810041890042	0.0698726237163543	0.842690614109895	0.399401497826916	0.646121580719706
B9J08_03156	1252.75295299273	0.0761402905252083	0.0903892957056775	0.842359595024766	0.3995867022867	0.646232178464251
B9J08_04724	3648.8324805403	-0.0563546343187669	0.0670018344819698	-0.84109091571115	0.400297003875552	0.646578710231496
B9J08_03937	3096.59504200979	0.0588621582366621	0.0699938606778795	0.840961731023142	0.400369373675119	0.646578710231496
B9J08_02985	504.734435209282	-0.108509589571613	0.128999062270409	-0.841165723702345	0.400255099722692	0.646578710231496
B9J08_00252	790.452828458214	0.0953209757190547	0.113351453061566	0.840932984487479	0.400385478673454	0.646578710231496
B9J08_00189	303.802908790419	0.13601282169337	0.161661006491417	0.841345879537074	0.400154195153579	0.646578710231496
B9J08_04017	3015.28419262247	0.0563536146871494	0.0671400237033248	0.839344575393093	0.401275976138794	0.647449656949729
B9J08_01705	2651.03416782753	0.0592460318632359	0.0705803299627219	0.839412792410117	0.401237707741869	0.647449656949729
B9J08_01503	3628.67254219608	-0.0547734213744065	0.0652418692196869	-0.83954402333216	0.40116409595331	0.647449656949729
B9J08_03749	56.0148791727842	0.33065854010339	0.394117786928511	0.838984057736446	0.40147825580062	0.647587119519752
B9J08_01788	2007.13756653727	0.0631700299008747	0.0754206802576469	0.837569081650783	0.402272763540892	0.648679491295824
B9J08_04749	625.493275529834	0.099966588052599	0.11943028778114	0.837028779799905	0.402576391113577	0.648979894855492
B9J08_01734	2663.74659145004	0.0590821552143434	0.0706146560484426	0.836684033040001	0.402770196490083	0.649103134261845
B9J08_03141	1779.43043255356	-0.0655250392320872	0.0783990373145959	-0.835788824410579	0.403273714636249	0.649725288567752
B9J08_04651	2195.35321058309	-0.0663839408151706	0.0795248240626616	-0.83475746847127	0.403854277263755	0.650092551672244
B9J08_02014	6986.43980608501	-0.0476095490811963	0.0570213886161315	-0.834941944358884	0.403750396847353	0.650092551672244
B9J08_01667	2578.88542305829	0.0589270500146841	0.0705743682418779	0.834963903789047	0.403738032314481	0.650092551672244
B9J08_04556	7.36122201658004	0.826058381001373	0.990863045756022	0.833675637152353	0.40446379043207	0.650222463813565
B9J08_04288	8.54315438130873	0.766938185485183	0.919627497977261	0.833966129951615	0.404300070243738	0.650222463813565
B9J08_03875	7371.24860286104	-0.0464224231479121	0.0557328449412236	-0.832945513491543	0.4048754592974	0.650222463813565
B9J08_03606	2202.14976648861	0.0620773130199365	0.0744729758396419	0.833554887797202	0.404531855790463	0.650222463813565
B9J08_03529	891.882600012147	0.0898020498294626	0.107803521675997	0.833015920383027	0.40483575055565	0.650222463813565
B9J08_03032	3130.69173099903	-0.0566488851837124	0.0679430643351274	-0.833769947500356	0.404410633276867	0.650222463813565
B9J08_01472	712.38217875765	-0.0917590483321728	0.110121724528473	-0.83325110213333	0.404703127419457	0.650222463813565
B9J08_00414	3184.27589195038	0.0563931673264844	0.0676988442737978	0.833000443824575	0.40484447897115	0.650222463813565
B9J08_01154	385.39578077964	0.124818436500917	0.14989341223869	0.832714624590416	0.405005694534584	0.650242814650445
B9J08_02705	490.040673988601	0.109557206993813	0.131613004967516	0.832419311608711	0.405172305328478	0.650321538239063
B9J08_01021	11.572927649457	-0.660759759549717	0.794131932721663	-0.832052877265809	0.405379098587651	0.650464692279749
B9J08_05088	2290.99560763719	0.0618357863959788	0.0743645585016008	0.831522268698035	0.405678653560471	0.650603775986508
B9J08_01567	1626.02757091753	0.0671358226641203	0.080742302894565	0.831482633729034	0.405701034781679	0.650603775986508
B9J08_00229	6235.5482561924	-0.132036514002041	0.158837602511245	-0.831267356813029	0.405822611031464	0.65061010481595
B9J08_00610	2603.82588549217	0.0582232056179762	0.070138819854352	0.830113847636453	0.406474418500129	0.651466244197106
B9J08_00555	1461.31184054677	-0.0742210717931628	0.0894723601074665	-0.829541902147376	0.40679783636298	0.651795722167915
B9J08_05358	5108.48790370591	-0.0498715007413366	0.0601651728260154	-0.828909789481601	0.407155455492968	0.651802264640118
B9J08_04331	2022.26377241311	-0.0636204613454518	0.0767368445659474	-0.829073200824365	0.407062987201143	0.651802264640118
B9J08_01865	273.75066668591	-0.139199054463244	0.167912873137013	-0.828995727740662	0.407106824724347	0.651802264640118
B9J08_02478	2889.74937583222	0.0583043494051658	0.0703611514844378	0.828644048243885	0.407305855145404	0.651854364817486
B9J08_04421	19.0578632855212	0.534735724634668	0.646097044342489	0.827639948699735	0.407874437117102	0.652009685460893
B9J08_03703	2735.53754304822	-0.0598396430506604	0.0722931404323622	-0.82773611289783	0.40781996265338	0.652009685460893
B9J08_03368	6012.09524610098	0.0513186042325565	0.0619771928670655	0.828024017522535	0.407656898254791	0.652009685460893
B9J08_02548	3863.29185028389	0.0530149294729503	0.064025894537338	0.828023253029813	0.407657331199307	0.652009685460893
B9J08_05147	11358.1610940739	-0.0525639285735289	0.0635771746878947	-0.82677358394061	0.408365405209207	0.652042382368354
B9J08_05013	1218.43898759001	-0.0752266019927945	0.0909883558123819	-0.826771748111503	0.408366445945395	0.652042382368354
B9J08_03845	3765.10548695509	-0.0544513557420918	0.0658161605359519	-0.82732501104114	0.408052871285522	0.652042382368354
B9J08_01821	5538.97295140021	0.0496183574276273	0.0599971682416125	0.82701165541365	0.408230455271232	0.652042382368354
B9J08_05140	775.214779526297	0.0938174145589683	0.113571280166175	0.826066364856475	0.408766446403183	0.652492702757866
B9J08_04610	4096.48404861056	0.0515267500288	0.0624040417121938	0.8256957180184	0.408976721905887	0.652571449595612
B9J08_00253	8280.46406571842	-0.0451089663132909	0.0546402140151593	-0.825563499820405	0.409051747558848	0.652571449595612
B9J08_01639	285.31929909594	-0.141906131330915	0.171991128761354	-0.825078202305519	0.409327194088841	0.652822580883904
B9J08_05165	2575.88895608898	-0.0664296138910613	0.0805400327933501	-0.82480241920818	0.409483772993451	0.652881607533499
B9J08_01306	1264.84699802677	0.0747909967975938	0.0907000322145281	0.824597246235751	0.409600285326567	0.652881607533499
B9J08_04293	2399.16093423286	0.0647260161229394	0.0785420722259519	0.824093562705271	0.409886397550769	0.653149428076434
B9J08_03465	775.712291976167	0.0908775276962432	0.110313021615605	0.823815052523114	0.41004465338305	0.653213415282733
B9J08_05339	6705.38523738317	0.0475886970802602	0.0578231242516949	0.823004597142039	0.410505379176216	0.653602602114484
B9J08_02876	80.3760730885756	-0.269001980434529	0.326950017644399	-0.822761785953178	0.410643471767824	0.653602602114484
B9J08_00713	3833.27054222912	0.052541300793906	0.0638549608301525	0.822822535803606	0.410608919271592	0.653602602114484
B9J08_04359	737.250467087976	0.0898266691331118	0.109288842325361	0.821919852217769	0.411122513510239	0.653800638937646
B9J08_01188	651.092121826334	-0.0948683182973969	0.115410158154042	-0.822010122980447	0.411071135562147	0.653800638937646
B9J08_00645	6957.04593165714	-0.0465124078660595	0.0565637185532256	-0.822301097872341	0.410905552044872	0.653800638937646
B9J08_05523	457.366616027073	-0.110063460653005	0.13398807841481	-0.821442190642234	0.411394439864855	0.654045026413484
B9J08_04892	4252.30395621253	0.0574787369625973	0.0700949775468028	0.8200122030743	0.41220915056671	0.654587657704414
B9J08_02391	7011.0813230728	-0.0462913364929044	0.0564491021237813	-0.820054434017338	0.412185076516027	0.654587657704414
B9J08_02036	3638.6399469779	0.065174699289893	0.079434188293302	0.820486753754474	0.411938677517323	0.654587657704414
B9J08_01176	2498.16251584982	-0.0579386454663426	0.0706224141834461	-0.820400238879449	0.411987979349623	0.654587657704414
B9J08_04548	415.596661000993	-0.115565510132465	0.141158280567991	-0.818694515599463	0.4129607264847	0.654927428586951
B9J08_03681	2120.04000016733	-0.0614685466546981	0.07511881482457	-0.818284297991784	0.413194869934265	0.654927428586951
B9J08_03497	842.21325565449	0.0850999081032637	0.103948980356099	0.818669964936033	0.41297473726731	0.654927428586951
B9J08_02860	1967.49262628254	0.0649138652443156	0.0793389323593442	0.81818425474023	0.413251984409412	0.654927428586951
B9J08_01569	3347.301736093	0.0609855255639657	0.0744493182701513	0.819154922851945	0.412698029498071	0.654927428586951
B9J08_00413	2663.0720427454	0.0658163911625284	0.0804325605584825	0.818280441472124	0.413197071526328	0.654927428586951
B9J08_00061	1064.06181817985	0.0799216642543383	0.09767333917155	0.818254653032459	0.413211793689755	0.654927428586951
B9J08_05104	1182.88441488109	0.0800324342582317	0.0979433728361118	0.817129652989893	0.413854338625873	0.655037221819115
B9J08_04971	19401.2995633421	0.0413366598578667	0.0505940398670443	0.817026273578765	0.413913413534227	0.655037221819115
B9J08_03911	995.233380181178	0.0815744489498475	0.0998229334503722	0.817191462224489	0.413819020873441	0.655037221819115
B9J08_01801	19119.635732994	0.0419343998496641	0.0512788848725036	0.817771290345471	0.413487794364325	0.655037221819115
B9J08_00987	69.6549054362541	-0.282318003295431	0.345362505948385	-0.817454119752143	0.413668958447351	0.655037221819115
B9J08_03231	674.904395745404	-0.0926885739850036	0.113488779605091	-0.81672015777713	0.41408836895235	0.65512665007879
B9J08_02899	466.851176954156	0.109578137444121	0.134216453561821	0.816428496925296	0.414255103579752	0.65520302484976
B9J08_05057	390.638340455706	0.119056752110038	0.145949522492212	0.815739236943315	0.414649292676043	0.655408071362997
B9J08_02842	542.4973868905	-0.100962010051845	0.123763044245346	-0.815768638105727	0.414632473568137	0.655408071362997
B9J08_00915	1661.13723138752	0.065656851475542	0.0805032364973955	0.815580271454878	0.414740236805368	0.655408071362997
B9J08_02366	370.106726705001	0.12239884968399	0.150114058931001	0.815372327919332	0.414859219067966	0.65540883766493
B9J08_04999	2727.33319492392	-0.0585854849786496	0.0720265022825803	-0.81338789365062	0.415995698174416	0.657016620960221
B9J08_00700	969.111559309461	0.079746967217117	0.0980713574003258	0.813152477247675	0.416130642234507	0.657042130230961
B9J08_04765	1082.9285579132	0.0773489452012243	0.0952214335880926	0.812306035380848	0.416616048276008	0.657407748433183
B9J08_04680	715.136787064142	0.0923079765883625	0.113668463478576	0.812080798521225	0.416745270311649	0.657407748433183
B9J08_03237	490.078747757654	0.110899035381395	0.136588653091561	0.811919825485462	0.416837637634275	0.657407748433183
B9J08_01266	628.606178899389	0.0975471394744405	0.120079220664414	0.812356533750799	0.416587079787184	0.657407748433183
B9J08_04427	604.238703243056	0.105448238256625	0.129960891927242	0.81138438412426	0.417144964058763	0.657517468284132
B9J08_01065	2079.21255267161	-0.074481757017611	0.0917839703499036	-0.811489813893078	0.417084440142491	0.657517468284132
B9J08_00499	4858.45499028121	0.0488618952837892	0.0602474781419966	0.81101976033963	0.41735432302897	0.657660045775849
B9J08_05056	68.4591343040161	-0.268065315834405	0.330935888254354	-0.810021896532337	0.417927591090115	0.658188356013504
B9J08_03467	1369.1633411484	-0.0724617685554063	0.0894563538795989	-0.810023720091857	0.417926543040902	0.658188356013504
B9J08_05549	921.30220504314	0.0814950278711659	0.100658076934428	0.809622340830674	0.418157263938274	0.658242608187155
B9J08_04078	623.744636252481	0.097058799232459	0.119892594997952	0.809547906058056	0.418200058790393	0.658242608187155
B9J08_01417	1684.66949899733	0.0646217351935936	0.0798557086553788	0.809231253240414	0.418382141104711	0.658341855604596
B9J08_00157	2122.03603518864	0.061148288771262	0.0755930879030041	0.808913757428765	0.418564755009297	0.658441882808993
B9J08_02299	2805.57939346509	0.0578472182460175	0.0715916581061518	0.808016182000495	0.419081266735536	0.659066956586365
B9J08_01544	386.927135375458	-0.115933810120662	0.143525006554891	-0.807760354125632	0.419228552072643	0.659111177235301
B9J08_01618	1469.95057113418	0.0692141153425503	0.0858313955791248	0.806396247847844	0.420014409731163	0.660159050930111
B9J08_03486	671.170418710438	0.0937565131415142	0.116347234073726	0.805833622844044	0.42033878832613	0.660293620628182
B9J08_02280	44.3929256158225	-0.327954350977796	0.406925757270864	-0.805931659812574	0.420282255024785	0.660293620628182
B9J08_04432	1077.68431813214	-0.0767240673454419	0.0953043073773019	-0.805043019112427	0.420794855479388	0.660822358221606
B9J08_04004	5332.64814270903	0.0475996864891604	0.0591850411490016	0.804251979302094	0.421251464794442	0.661163976100471
B9J08_00383	3846.28483376535	0.0538197517693245	0.0669143209910721	0.804308419665579	0.421218876280448	0.661163976100471
B9J08_03705	2397.33776299135	-0.0584970221866461	0.0728198129880195	-0.803311898044427	0.421794482674518	0.661828449268868
B9J08_03673	2559.20538431464	-0.0571359784005605	0.0711468329407165	-0.803071282852034	0.421933534850064	0.661858871598328
B9J08_05383	1207.81866319809	-0.076889941794163	0.0957995672076371	-0.802612621699124	0.422198670810471	0.661899333404964
B9J08_02089	631.327709904518	0.0959775672961801	0.119555006449729	0.802790030683801	0.422096105307035	0.661899333404964
B9J08_04779	252.038857524485	-0.145434295291243	0.181302038303085	-0.80216580382907	0.422457054456889	0.662116737943058
B9J08_05323	962.445933047569	0.0791141115767812	0.098757746591188	0.801092717356924	0.423077971956979	0.662902057477068
B9J08_05578	4480.50282165636	-0.0509508046806855	0.0636597346706194	-0.800361562050313	0.423501344521319	0.663377495482134
B9J08_03434	567.678256607495	-0.10074011748185	0.125908000932479	-0.800108942527602	0.42364768045743	0.663404025372729
B9J08_01551	878.577300105393	0.0816096871436625	0.102022535173765	0.799918243598484	0.423758166993645	0.663404025372729
B9J08_05422	794.54274420558	-0.0892257880101616	0.111609181582164	-0.799448457065117	0.424030422318644	0.663428879482602
B9J08_04956	3.05672462387543	-1.26464461425006	1.58224962061699	-0.799269974706597	0.424133884984719	0.663428879482602
B9J08_01577	3372.89621268408	0.0557422435083365	0.0697304349837607	0.799396182188138	0.424060723494435	0.663428879482602
B9J08_04912	3800.40817595034	-0.0533733390816372	0.0668027941545278	-0.798968662271436	0.424308583290702	0.663514496517069
B9J08_04642	1830.42626414863	0.0635313449860408	0.0796263854157195	0.797868001345929	0.424947094245555	0.664143332088102
B9J08_03930	2666.88250932502	-0.0564518638831591	0.0707539641659493	-0.79786149862578	0.424950868244403	0.664143332088102
B9J08_01566	13885.9604259428	0.0418176055716506	0.0524418263879982	0.79740940489481	0.425213298935969	0.664365750399674
B9J08_02152	510.85838396749	0.108388987363654	0.136086012100104	0.796474124643492	0.425756509358992	0.665026617696861
B9J08_05068	162.9501991165	0.176332724748982	0.221764988200848	0.795133290333825	0.426535971538035	0.666056030089461
B9J08_01617	637.258212546999	-0.0996270079702521	0.125396370023086	-0.794496746212908	0.426906302433524	0.666400044871344
B9J08_00403	2299.45015952426	-0.0577747933356259	0.0727330342876138	-0.794340479556547	0.426997244444773	0.666400044871344
B9J08_04361	891.376006489983	-0.0810272423637273	0.102147879898283	-0.79323469507554	0.427641096879516	0.666464611676698
B9J08_03636	1867.30765306381	0.0721433942688096	0.0909453471314674	0.793260969849525	0.42762579161431	0.666464611676698
B9J08_03420	2807.78795809215	-0.0545605251674793	0.068734192476726	-0.793790153073436	0.427317606086213	0.666464611676698
B9J08_01378	667.319496798021	-0.0966908861695871	0.12183153343667	-0.793644169469875	0.427402611036375	0.666464611676698
B9J08_01058	866.421656919763	-0.0833516807543321	0.105034708100249	-0.793563216025492	0.427449753750205	0.666464611676698
B9J08_02864	159.450970293776	-0.179854066384348	0.226886736826609	-0.792704187560312	0.427950189971424	0.666475471653054
B9J08_02363	1498.63189584007	-0.0693422844018868	0.0874484151051514	-0.792950727792001	0.427806530437911	0.666475471653054
B9J08_01945	3578.13281170499	-0.0518798549530043	0.065460508229077	-0.792536696651551	0.42804780330885	0.666475471653054
B9J08_00767	1112.40875071104	-0.0795876932983861	0.100439345799092	-0.792395576307162	0.428130057997342	0.666475471653054
B9J08_03068	508.181561714485	0.100982014471908	0.127474961924733	0.79217136406389	0.428260763303247	0.666491356733331
B9J08_00658	1828.80528686156	-0.0629751181245049	0.0796114693397712	-0.791030722668054	0.428926063612968	0.667338975483355
B9J08_05000	1811.02978153761	0.0632518508079729	0.0799840471496648	0.790805830187825	0.429057307222226	0.667355446075965
B9J08_02497	1198.46560794578	-0.0807264639813322	0.102151354258886	-0.790263277144072	0.429374028475434	0.667460751915402
B9J08_01438	1133.10095205582	-0.0738266561230171	0.0934432141879108	-0.790069741977781	0.429487039607108	0.667460751915402
B9J08_00595	1526.75807638215	-0.0653529680880045	0.0826862194699147	-0.790373154160024	0.429309875600254	0.667460751915402
B9J08_03647	871.364860870041	0.0812253488743533	0.102941519673384	0.789043615560248	0.430086515036493	0.667835188285412
B9J08_02755	209.341683548261	-0.151342045611747	0.191805946596869	-0.789037296793684	0.430090208040614	0.667835188285412
B9J08_01251	645.642297832685	0.0935167342582549	0.11847344779511	0.789347621755587	0.429908860321282	0.667835188285412
B9J08_02990	1734.28916364121	0.0672232988609852	0.0853609519733726	0.787518148602124	0.430978608654805	0.668089317396224
B9J08_02811	25.7874680563871	0.433959368864764	0.550984961442957	0.787606557769347	0.43092687766163	0.668089317396224
B9J08_02100	5681.32616477307	-0.0523557804219435	0.0664442232969484	-0.787965873089648	0.430716668000874	0.668089317396224
B9J08_01979	81407.9840189481	0.037347866959481	0.0474031917900262	0.787876629171185	0.430768872672002	0.668089317396224
B9J08_01849	1386.67303503794	0.0677680782864146	0.0859519685425895	0.78844125894377	0.430438645232269	0.668089317396224
B9J08_01510	336.298103354062	0.121371235598561	0.154030372451354	0.787969500215892	0.43071454633244	0.668089317396224
B9J08_05516	2420.59544622767	0.0631048654729596	0.0802448089794975	0.786404332884422	0.43163064585336	0.668441911110737
B9J08_05041	20.1076395053288	0.493809774919782	0.628450640164965	0.785757453903077	0.432009596617372	0.668441911110737
B9J08_04944	1265.0337686481	0.0739806185106848	0.0940267457821062	0.786803987475272	0.431396618911802	0.668441911110737
B9J08_04349	836.302981265729	-0.0847817453058014	0.107859275001779	-0.786040378116789	0.431843831942937	0.668441911110737
B9J08_02289	4207.96159192423	0.0501451950709716	0.0637551469705652	0.786527793499133	0.431558342796476	0.668441911110737
B9J08_02204	3462.75103787777	-0.0579420291800948	0.0737665089767821	-0.785478803101987	0.432172893533176	0.668441911110737
B9J08_01239	882.862441660756	-0.0811916856850025	0.103358894762525	-0.785531674574758	0.432141906670392	0.668441911110737
B9J08_00310	948.004441562119	0.080266348449211	0.102109690969979	0.786079633448408	0.431820835242338	0.668441911110737
B9J08_04187	4115.30837768068	-0.0489582585259059	0.0623830569247441	-0.78480056828518	0.432570506879897	0.668656508993576
B9J08_03849	1386.3394047622	0.0676096541257136	0.0861682699984857	0.784623552578017	0.432674316703672	0.668656508993576
B9J08_02579	294.712575144627	-0.128952027854155	0.164309870567509	-0.784809989861035	0.432564982056143	0.668656508993576
B9J08_02402	7988.1286366117	0.0438398224781455	0.0559103809752853	0.784108813308294	0.432976264453538	0.668936234271654
B9J08_05464	722.972065949221	-0.0868560841958137	0.110995737741652	-0.782517292672762	0.433910626646362	0.669975566623112
B9J08_01675	1635.67462617837	0.0632550030079195	0.0808531732632808	0.782344099246957	0.43401237664267	0.669975566623112
B9J08_00281	1469.8767966194	-0.0657691654672161	0.0840659427025883	-0.782352084005015	0.434007685346746	0.669975566623112
B9J08_04674	20.9888785277597	0.476755893749465	0.609563791448548	0.782126334335768	0.434140331659516	0.669986097770308
B9J08_04453	1260.15053065562	-0.0732799372768108	0.0937280047448792	-0.78183609558609	0.434310904972886	0.670035619168655
B9J08_04042	17.8189096185892	0.495800146619695	0.634291710856762	0.781659507973073	0.434414704454673	0.670035619168655
B9J08_03956	3031.70923071031	0.0534121960377661	0.0683607213745223	0.781328736207173	0.434609173057056	0.670148685859653
B9J08_02416	715.088332435723	0.0858031874510347	0.109968223112146	0.78025437733528	0.435241160967819	0.67093613748969
B9J08_03326	253.821198759176	-0.13625162941205	0.174681513209435	-0.780000281132729	0.435390709693932	0.670979664340245
B9J08_04576	421.987401621799	-0.113453967310577	0.145705455064102	-0.778652846323866	0.436184239889966	0.67132631011756
B9J08_04248	5343.91244524147	-0.051100800103018	0.0656030263217598	-0.778939676538495	0.436015250270182	0.67132631011756
B9J08_03257	2161.22093653956	-0.0589420874629473	0.0757439041730901	-0.778175987974594	0.436465270508542	0.67132631011756
B9J08_00804	1638.36845729547	0.0689691316208295	0.0886161384763485	0.778290871241668	0.43639755592604	0.67132631011756
B9J08_00396	1586.35123547348	-0.0639146216636712	0.0820066744572213	-0.779383167122722	0.435754036541928	0.67132631011756
B9J08_00356	2.9737738504257	-1.2210187601269	1.5687519688006	-0.77833767505034	0.436369970525277	0.67132631011756
B9J08_00240	1351.25052757118	0.0683315699221002	0.087703927638767	0.779116417722394	0.435911139781921	0.67132631011756
B9J08_05012	374.652481946397	-0.114727811596889	0.147660669586563	-0.776969330547648	0.437176865104855	0.671860305889123
B9J08_03234	194.564088671911	-0.177517427994572	0.228415188091559	-0.777169983650191	0.437058488917755	0.671860305889123
B9J08_01374	1308.13363289748	0.0720957744912382	0.0927834874917316	0.777032384104585	0.437139664390785	0.671860305889123
B9J08_03026	3.48191039868259	1.14488118086308	1.47449011982903	0.776459038596904	0.437477997251909	0.672136334111197
B9J08_05419	1016.19704526755	0.0753751171898717	0.0971738165181289	0.775673117416456	0.437942016422117	0.672662397342607
B9J08_04648	969.076900796681	0.0765034829696011	0.0987601492558265	0.774639199576621	0.438552887348997	0.672818869818515
B9J08_03867	834.725753961892	0.0815662564922495	0.105244176356732	0.775019191710671	0.438328319236773	0.672818869818515
B9J08_02961	392.369836403626	0.111707666371954	0.14418585804683	0.774747731054687	0.438488740567654	0.672818869818515
B9J08_02313	1651.81814900078	0.062593281745722	0.0808421349531961	0.774265570571097	0.438773759435072	0.672818869818515
B9J08_01706	1487.63877691682	-0.0654103915225323	0.08446262534613	-0.774430006816375	0.438676544502558	0.672818869818515
B9J08_00224	1943.74010581604	-0.059118264828697	0.0762863903504857	-0.774951659884385	0.438368224428323	0.672818869818515
B9J08_03853	696.970387750261	-0.0890007906000319	0.115285062648289	-0.772006264779982	0.440110717031592	0.673934766307236
B9J08_03837	1334.0529128572	0.0669099672388625	0.0866525901588262	0.772163499281702	0.440017596988484	0.673934766307236
B9J08_03189	11391.4059751795	0.0416233918563056	0.0539109015724748	0.772077458217787	0.44006855226414	0.673934766307236
B9J08_00825	8431.46274549629	-0.0433892592631604	0.056172026449279	-0.772435356277187	0.439856619968917	0.673934766307236
B9J08_00256	1895.04540258152	0.062141204411385	0.0804664967559553	0.772261834634747	0.439959364929042	0.673934766307236
B9J08_02815	4.47278295473903	-1.00215820204116	1.29995525962818	-0.770917456288309	0.440755859501928	0.674735859093596
B9J08_01596	6707.00156658448	0.0550690059134001	0.0714683047605796	0.770537458498316	0.440981143917921	0.674893942172114
B9J08_00617	1434.63173664018	-0.0681875541825931	0.0886751852648558	-0.768958688712406	0.441917835209125	0.675953414419709
B9J08_00233	781.081030158123	0.0831032808345273	0.108062885149593	0.769027041240718	0.441877257771555	0.675953414419709
B9J08_04856	2.69653669664598	1.27403605481294	1.65888031833156	0.768009627176914	0.442481465385315	0.676441399957484
B9J08_03664	2617.68861520235	0.0544023964507802	0.0708345629310838	0.76802050015766	0.442475005794597	0.676441399957484
B9J08_04519	8.94490268091318	0.686829068280722	0.896313764757911	0.766281959829358	0.443508550091288	0.677049667745724
B9J08_04307	2865.10374342486	-0.0520789326682442	0.0679788421393008	-0.766105026642335	0.44361381231432	0.677049667745724
B9J08_04133	1350.43848488256	-0.0738170220916202	0.0962663472729921	-0.766799864985943	0.443200516670034	0.677049667745724
B9J08_03271	4940.59599872905	0.0481805442846293	0.0628721490129351	0.766325710844031	0.443482523658472	0.677049667745724
B9J08_02695	1871.7834660533	-0.0610920704908019	0.079697091642741	-0.766553323735576	0.443347136268899	0.677049667745724
B9J08_01347	787.07778225205	-0.0897087835999592	0.117049092883007	-0.76642015235116	0.44342634563816	0.677049667745724
B9J08_04919	5.95118652249393	0.844111136100534	1.10390218413217	0.764661170377275	0.444473333731503	0.678129600388253
B9J08_04198	1112.48531615045	-0.0725151074490036	0.0948524180513242	-0.7645045739347	0.444566612006473	0.678129600388253
B9J08_04504	127.968321394173	0.186600630232742	0.244319143159619	0.763757713863756	0.445011640487031	0.678247281216249
B9J08_04191	4.061641592266	1.04008236780967	1.36170181445926	0.763810664541627	0.444980080617009	0.678247281216249
B9J08_00212	114.886704268667	0.195493968990577	0.255845335422845	0.764109959900098	0.444801717425494	0.678247281216249
B9J08_01858	3934.77850734592	0.0491887166717867	0.0644392901179436	0.763334241916015	0.445264085811083	0.678445085019587
B9J08_01548	73.0422137173723	0.242142609054278	0.317535987140754	0.762567453329135	0.445721400964189	0.678954852308712
B9J08_02302	1000.43755323717	-0.0783314169864622	0.10281980358728	-0.76183200369537	0.446160276775732	0.679062325494379
B9J08_01985	3706.12162996127	0.0486498984838126	0.0638461395222106	0.761986532747034	0.446068041939202	0.679062325494379
B9J08_01609	13.1361014014829	0.565590996636963	0.742260370601424	0.761984633746089	0.446069175343279	0.679062325494379
B9J08_03566	733.599060390599	0.0855539670331256	0.112362981219983	0.761407058661334	0.446413972678849	0.679197947941785
B9J08_02730	1296.61745620156	0.0696950535158335	0.0915508631111037	0.761271397641041	0.446494980784005	0.679197947941785
B9J08_05065	694.43902518887	0.0867481656555697	0.114038494009287	0.760691961159232	0.446841077454814	0.679350742001807
B9J08_01352	3.4809335443841	-1.10668393977705	1.45479615112679	-0.760714096555648	0.446827853207353	0.679350742001807
B9J08_05407	562.159110143345	-0.0923907488601357	0.121538153365461	-0.760178975093689	0.447147610717655	0.67957297750084
B9J08_04857	1.28650120255987	1.95319046289946	2.5698652585079	0.760036136693609	0.447232984650707	0.67957297750084
B9J08_03147	1814.30240726755	0.0593372537854229	0.0781203330251363	0.759562222633259	0.44751630755299	0.679816725370939
B9J08_05503	19243.1413832588	0.051541741581691	0.0679280118657215	0.758770059155824	0.447990119166554	0.680349629080233
B9J08_02921	2737.92376333228	0.0521185346999983	0.0687861889402668	0.757688941674868	0.448637220646285	0.681145338291134
B9J08_00710	5040.99430422699	0.047523981069572	0.062784384618741	0.756939505868569	0.449086105716118	0.681639750470869
B9J08_04538	220955.819327074	0.0372320888687725	0.0492230601409952	0.756395249749293	0.449412255203108	0.681760609854193
B9J08_01636	5058.20875770028	0.0450972105787543	0.0596201459427462	0.75640892630591	0.449404057780742	0.681760609854193
B9J08_04102	2445.91450586652	-0.056891764253684	0.0752563232455375	-0.75597320995957	0.449665258102186	0.681957373886261
B9J08_00802	1431.51028360667	0.0639572823390877	0.0846942044196138	0.755155358945391	0.45015577029037	0.682327093854764
B9J08_00554	17.1337670306519	0.49247887947153	0.651986737014918	0.755351070063657	0.450038363514332	0.682327093854764
B9J08_00731	181.989741463576	0.153387218466284	0.203370263554138	0.754226383865856	0.450713297545127	0.68298499964989
B9J08_03063	1.98374385089204	1.55370149965772	2.062056782347	0.753471734124276	0.451166490579157	0.683484486275902
B9J08_05079	1026.16767508829	-0.0718414202394993	0.0954805151670671	-0.752419696456337	0.451798705373568	0.684254830071524
B9J08_01902	4248.41566977918	0.047930850065429	0.0637406329992464	0.751966960635545	0.452070927948046	0.684296296449015
B9J08_01555	4054.86834726192	0.0472381865824455	0.0628198582484166	0.751962642062093	0.452073525081306	0.684296296449015
B9J08_03792	6004.7497083236	0.0434247668570118	0.0577871227522488	0.751460962041443	0.452375286238278	0.684565720433356
B9J08_05321	975.338266330583	0.0775179346183359	0.103218982357567	0.751004639338544	0.452649863730471	0.684676565512766
B9J08_01762	315.880386800224	0.120831851451592	0.160910080285825	0.75092779294472	0.452696112833156	0.684676565512766
B9J08_02303	2566.28818888907	-0.0552714924542934	0.0736617556694956	-0.750341774397622	0.453048889008375	0.685022800739564
B9J08_03676	9232.63383579096	-0.0477627742669849	0.0637118853301822	-0.749668198005095	0.453454565618335	0.685121927056055
B9J08_03405	6.7372684832776	-0.787550044073394	1.05060473796004	-0.749615926540158	0.453486055858293	0.685121927056055
B9J08_00932	670.047997537661	-0.0850012981320421	0.113343590665835	-0.749943579806353	0.453288685937146	0.685121927056055
B9J08_02330	1.39191259691382	2.00475045882482	2.67629082566908	0.74907795505506	0.453810221226182	0.685424449372478
B9J08_03229	621.360753568998	0.0888877193353173	0.119170008581304	0.745890013716612	0.45573385823014	0.687961588965064
B9J08_00076	8126.03740759903	-0.0452211037931798	0.0606277040222733	-0.745881845972042	0.455738792617609	0.687961588965064
B9J08_00255	1216.92214227219	-0.0699586414539002	0.0938204540696528	-0.745665133979873	0.455869726023803	0.687971474662388
B9J08_00126	1608.93248820114	-0.0631659568388749	0.0848968355102039	-0.74403193545751	0.456857155011242	0.689273574568243
B9J08_04177	974.573212256155	-0.0764811355216779	0.10287487253787	-0.743438447454931	0.457216274303046	0.689439262042025
B9J08_01582	2080.91965643043	-0.0558931252895271	0.0751689525512526	-0.743566637454704	0.457138693177642	0.689439262042025
B9J08_02515	1.28383923521584	-2.01423408063966	2.71104503261429	-0.742973302327373	0.457497844171197	0.689675817964265
B9J08_04575	790.427691455634	0.0787810315982448	0.106098952586354	0.742524121848659	0.457769842407735	0.689897819715853
B9J08_01917	1952.0188508688	-0.0566914349939237	0.0764354192248284	-0.741690639874305	0.45827479221233	0.690470682573248
B9J08_02145	2444.20578992929	0.0528611006883511	0.0713422737292939	0.740950602288496	0.458723392149486	0.690958355658717
B9J08_05562	11.1860756753671	0.597688862861043	0.807889506607981	0.73981510834385	0.459412190298347	0.691751530733139
B9J08_04135	511.550261915856	0.0970339103906612	0.131185365775301	0.739670235450379	0.459500112803029	0.691751530733139
B9J08_00959	1079.25641581395	0.0714118941769388	0.0966203341627909	0.739097983832476	0.459847501041189	0.692086130138454
B9J08_05231	4.55843136905733	0.93286544975155	1.26399728640167	0.738028047834832	0.460497405309081	0.69212259477297
B9J08_04966	998.345277833692	0.0714704633530685	0.0967350871255959	0.738826680956776	0.460012248179102	0.69212259477297
B9J08_04426	795.587338577651	0.0777879304427684	0.105387579374027	0.73811288678236	0.460445853393776	0.69212259477297
B9J08_02567	622.953222753458	0.090885233273715	0.123132892264791	0.738106866508674	0.460449511473241	0.69212259477297
B9J08_01089	3199.46154755106	-0.0487488702557317	0.0660220213801513	-0.738372882814936	0.460287888354336	0.69212259477297
B9J08_04870	2847.33005935123	-0.0534496527914846	0.0724577111560833	-0.737666867179218	0.460716910849619	0.692264393890042
B9J08_02591	689.432383426934	-0.0833001183556547	0.113128758917344	-0.736330170620157	0.461529789469762	0.693109222252852
B9J08_00144	16248.0327418466	-0.0417810578572773	0.056734021260178	-0.736437448452182	0.461464521584005	0.693109222252852
B9J08_05032	857.166821030399	0.0759979162289345	0.103419148963111	0.734853428894903	0.462428763692271	0.693894056424837
B9J08_03802	1643.15747460083	0.0603691163535327	0.0821163607257832	0.735165511719734	0.462238700273105	0.693894056424837
B9J08_00371	7681.39865068712	0.0411965982266625	0.0560477734360894	0.735026490813921	0.462323360837764	0.693894056424837
B9J08_04885	1822.63314991187	-0.0583493861571374	0.079549106676201	-0.733501463374622	0.463252635631741	0.694188655561951
B9J08_03213	1191.76249617219	0.0667520254527448	0.0909223536278758	0.734165172691695	0.462848076768182	0.694188655561951
B9J08_01856	1501.15668687133	0.0647469120993869	0.0882022114254503	0.734073568598809	0.462903901610596	0.694188655561951
B9J08_01298	786.948236858717	-0.0778004353714292	0.106049255771224	-0.733625472481062	0.463177031875456	0.694188655561951
B9J08_01041	8555.12074759728	0.0490182053386183	0.0667975179805834	0.733832735414912	0.46305068670032	0.694188655561951
B9J08_04834	2719.58334173018	0.0526457194705568	0.0718214083015088	0.73300873257105	0.463553103286725	0.694450762264051
B9J08_04711	928.102593311431	0.073958201681804	0.101002949838547	0.732238036612061	0.464023291972641	0.694590751799913
B9J08_02912	1187.14117542835	0.0663646647837661	0.0905894609856843	0.732587036744303	0.463810339952202	0.694590751799913
B9J08_00278	1321.80589193298	0.063654327772503	0.0869135065870379	0.732387062403903	0.463932353131753	0.694590751799913
B9J08_04411	4447.605906829	-0.0474150759910727	0.0647726649199038	-0.732022930501702	0.464154571988412	0.694599279672053
B9J08_01427	504.510672870287	0.0991772073744734	0.13555676371638	0.731628615610639	0.464395277434189	0.694771511898431
B9J08_00373	4043.52068158001	0.0470570504572179	0.0643851961025211	0.730867548842882	0.464860059141225	0.695278795865364
B9J08_01521	2166.71644147126	0.0633090159294627	0.0866599518783736	0.730545246763076	0.465056966226132	0.695385260934505
B9J08_05261	4.0115307135452	0.989277172026591	1.35490134015437	0.730147017135488	0.465300324491513	0.695451916953855
B9J08_00013	72.3743608267421	0.23890866999106	0.327244893186367	0.730060804508873	0.465353018377548	0.695451916953855
B9J08_03740	5.90107564377313	0.809877111170744	1.11198483063396	0.728316689993891	0.466419747913157	0.696857813535297
B9J08_04810	1904.3536610755	0.0567499808917682	0.0779551899778441	0.727982074162058	0.466624559606305	0.696975543932615
B9J08_04508	1193.2600420098	0.0720579392816134	0.0991291725873334	0.726909520183173	0.467281384796536	0.697309560860343
B9J08_01897	5308.35043408899	-0.0473083996886145	0.0650864086269379	-0.726855278799858	0.467314615484421	0.697309560860343
B9J08_01013	2462.33959881185	0.0545862336649175	0.0751055628459582	0.726793483684744	0.467352475521478	0.697309560860343
B9J08_00105	1041.47180183094	0.0709198432999821	0.0975783469256407	0.726798982913969	0.467349106237654	0.697309560860343
B9J08_04009	1353.6547053025	0.0667370853990646	0.0919525587105295	0.725777361010212	0.467975267607739	0.697867344376035
B9J08_02662	8155.38515402883	0.0412668610272798	0.0568604590510928	0.725756733518434	0.467987915169903	0.697867344376035
B9J08_01075	2116.80720768103	-0.0637596718479653	0.0878757643956604	-0.725566056653431	0.468104835949212	0.697867344376035
B9J08_01290	443.570297898152	0.098107798915829	0.135268551716652	0.72528165394523	0.468279258355777	0.697939255717004
B9J08_04751	1334.07444086122	0.0626304328352378	0.0863882767992015	0.72498763901512	0.468459613704905	0.698006151202943
B9J08_04643	3065.80072563862	-0.0552897527773723	0.0762830808695723	-0.72479706046359	0.468576539399119	0.698006151202943
B9J08_01444	545.649170744542	-0.0925809470486607	0.127799246404	-0.724424827639381	0.468804962054494	0.698158385870599
B9J08_04485	1010.64928961183	0.0707308723453778	0.0976715685591366	0.724170537944753	0.468961043698064	0.698202835180079
B9J08_05507	1917.28393634159	0.0584687677147864	0.0810845744908116	0.721083733644209	0.470857998411175	0.698219996952222
B9J08_04803	11356.8787913895	0.0387457247347978	0.0536162530264255	0.72264887133574	0.469895634947621	0.698219996952222
B9J08_03989	5363.79121641823	0.0491281173418234	0.0680479104929848	0.721963642761495	0.470316830803406	0.698219996952222
B9J08_03971	1394.14222668467	-0.0637673659101981	0.0884560135354697	-0.720893508100817	0.470975037361663	0.698219996952222
B9J08_03817	441.192145028143	-0.0996448664896903	0.137933181951739	-0.72241403467771	0.470039960711864	0.698219996952222
B9J08_03558	1830.83449332639	0.0573790306661297	0.0792984422033822	0.723583327387009	0.469321580194738	0.698219996952222
B9J08_03212	1226.63826297286	0.0668735132481535	0.0924594930999468	0.723273630495298	0.469511790116541	0.698219996952222
B9J08_03157	849.741980288661	0.0789978720751803	0.109649961758088	0.720455080955403	0.471244846975709	0.698219996952222
B9J08_02846	255.713414220634	-0.126697137878133	0.175775123589539	-0.720791061276624	0.471038075866214	0.698219996952222
B9J08_02745	3658.05255269903	-0.050682446403239	0.0701949649276421	-0.722023957921814	0.470279747952966	0.698219996952222
B9J08_02651	10371.0319372522	-0.0388414742623075	0.0539029725384418	-0.72058130439109	0.471167159888974	0.698219996952222
B9J08_02589	2466.45820381123	-0.0580911558523887	0.0805372864008541	-0.721295172067937	0.47072792677472	0.698219996952222
B9J08_02371	2453.22300992861	0.0515100256478381	0.0711924782827218	0.723531851824007	0.469353192550358	0.698219996952222
B9J08_02057	1373.87485972721	-0.0624385025416362	0.0865438705009985	-0.721466490696367	0.470622550381092	0.698219996952222
B9J08_01806	823.262590671703	0.0871406123896725	0.120772878456827	0.721524679241815	0.470586762145328	0.698219996952222
B9J08_01784	5091.87667162087	0.0445733746544017	0.0617202346580866	0.722184141089647	0.470181272286461	0.698219996952222
B9J08_01649	9996.13490265198	0.0413680817935958	0.0573921816427672	0.720796467558733	0.47103474910756	0.698219996952222
B9J08_00705	4921.31552522827	0.0436575272566766	0.0603754463592388	0.723100695552804	0.469618021999422	0.698219996952222
B9J08_04303	1.2087400660225	1.86100812324348	2.5863667585705	0.719545330172769	0.471804982733797	0.698736045410616
B9J08_03211	1634.86923452231	0.0608350779523463	0.0845784509548644	0.719273967133911	0.471972132644018	0.698736045410616
B9J08_00806	1118.46443201087	-0.0684750213194883	0.0951921164572719	-0.719335002391969	0.471934534267395	0.698736045410616
B9J08_02098	588.166426224359	0.0908260810142252	0.126385390800169	0.718643827733483	0.472360401783143	0.699123730870367
B9J08_04139	523.552151444997	-0.0903281464876091	0.125768545985023	-0.718209356561741	0.472628209662075	0.699150102743118
B9J08_00457	461.200620823233	0.0996136050274225	0.138715752699987	0.718113142080309	0.472687527539695	0.699150102743118
B9J08_00223	2401.3965367698	-0.0545021557939118	0.0759083207351298	-0.717999756365162	0.472757437038377	0.699150102743118
B9J08_03089	400.487309646568	-0.103007520909568	0.143506737610224	-0.717788743754626	0.472887554873846	0.699155591020381
B9J08_03104	6.39785606390681	0.812757765340604	1.13287660894777	0.71742832266217	0.473109848842805	0.699297320670646
B9J08_05545	344.427382265733	0.117813514344419	0.164270348856645	0.717192817598706	0.473255130429054	0.699325174032354
B9J08_04527	284.238764040987	0.119506760841559	0.166760395987748	0.716637545345834	0.473597771511207	0.699473817756963
B9J08_02841	3892.7741192605	0.05574659377924	0.0777910191284276	0.716619918389374	0.473608650786445	0.699473817756963
B9J08_01420	3089.88038126571	-0.0506409870069842	0.0707113357909543	-0.716165045399445	0.47388944379852	0.699701685437698
B9J08_02154	992.095288894335	0.0706267259391893	0.0986550268796814	0.715895866363959	0.474055651057336	0.699760289831365
B9J08_04928	7.61262832336444	0.692723346428867	0.970134784634745	0.71404856046851	0.475197152270579	0.701099964228085
B9J08_03773	7.57979778529316	0.702240399523199	0.983506706827417	0.714016889410421	0.475216735832777	0.701099964228085
B9J08_03472	2505.9579157991	0.0533469572807692	0.074810973309492	0.713090004324279	0.475790064397482	0.70175862564866
B9J08_04315	3129.68564634613	0.0494642102512947	0.0695388301307349	0.711317837218438	0.4768873006514	0.702714430988065
B9J08_03641	1212.2452657036	-0.0637163077656652	0.0895298982438406	-0.711676311662162	0.476665239684009	0.702714430988065
B9J08_01647	474.27144514296	-0.0977097026637651	0.137382727846994	-0.711222612878863	0.476946297944169	0.702714430988065
B9J08_01355	315.020605531105	-0.115201947799046	0.161900017502498	-0.711562293668488	0.476735863251526	0.702714430988065
B9J08_02498	182.85635450915	0.147264677682009	0.20738270853405	0.710110687255444	0.477635499433259	0.70354246268052
B9J08_05017	595.587638307379	-0.0909692323834679	0.128202107064648	-0.709576733692803	0.477966651759169	0.703842798423846
B9J08_00264	0.53046287138539	-2.60952890838159	3.67999879169232	-0.709111349240836	0.478255380605793	0.704080519065915
B9J08_01669	1236.15793581796	-0.0675214599937876	0.095330031844951	-0.708291591715898	0.478764197564125	0.704642037447359
B9J08_02485	851.324469369231	-0.072767292217435	0.102972366130517	-0.706668157214168	0.479772722369079	0.705916790452332
B9J08_00998	720.84333290294	-0.0774126585936501	0.109574134482591	-0.70648660798639	0.479885578033045	0.705916790452332
B9J08_01528	1311.78128748337	-0.0615628046241055	0.0872013652501923	-0.705984412600349	0.480197830985155	0.706188301829006
B9J08_03686	727.902902996658	0.0772059673580553	0.109453622022376	0.705376084697059	0.480576222867419	0.706548817504327
B9J08_03004	3900.12425712821	0.0460710084474738	0.0653323028978445	0.705179618718046	0.480698463255972	0.706548817504327
B9J08_01769	36.9786534577307	0.319812902611908	0.453755914215964	0.704812637350428	0.480926843037486	0.706696697353967
B9J08_05294	1551.31220783405	-0.0610834480334129	0.0867137950524889	-0.704425956636292	0.481167546033501	0.706862602154394
B9J08_05246	0.601358614622508	2.65463270087675	3.77262390136517	0.703656863308356	0.481646490093833	0.707194561563592
B9J08_01263	6539.69301393923	0.0413094203211279	0.0587071356543299	0.70365245826946	0.481649234028214	0.707194561563592
B9J08_05015	776.482717574838	0.174132739654421	0.247863452738213	0.70253495515668	0.482345610451927	0.707431939907347
B9J08_05003	96.2258572295783	-0.204948414017467	0.29213803696265	-0.701546488599393	0.482962033102539	0.707431939907347
B9J08_03803	2420.36202041199	-0.0510150410562797	0.0726918311583789	-0.7017988162264	0.482804637131183	0.707431939907347
B9J08_03695	1209.54428874473	0.067219497536694	0.0957968797717567	0.701687755351213	0.482873910829716	0.707431939907347
B9J08_03560	11.020013513825	-0.594804131773733	0.847589560819057	-0.701759624315042	0.482829082285111	0.707431939907347
B9J08_03379	1887.7191569368	0.0539861730329683	0.076930677007376	0.701750915669079	0.482834514216389	0.707431939907347
B9J08_02577	4149.27010858005	0.0517192555717165	0.0737023952233284	0.701731000939658	0.482846935955489	0.707431939907347
B9J08_00483	563.078145335808	0.0853939268842225	0.121487625855169	0.702902260893836	0.482116662087337	0.707431939907347
B9J08_00063	4793.94744924519	-0.0434336495586006	0.0618169759542082	-0.7026168603067	0.482294552358828	0.707431939907347
B9J08_03653	2570.40701601712	0.0500290787400903	0.0714216337912356	0.700475137355784	0.483630626780503	0.708223721663479
B9J08_03609	986.933785727637	0.0692859466223161	0.0989492970926174	0.700216663059909	0.483792006922012	0.708272522574284
B9J08_05413	2065.08407219309	-0.0594149436776303	0.0850503992735271	-0.698585123469536	0.484811343384811	0.708482211747177
B9J08_05069	581.745607532772	-0.0839946659490455	0.120346942106402	-0.697937683159275	0.485216166714574	0.708482211747177
B9J08_04014	133.200520509729	0.166413576146475	0.238207760068141	0.698606863600374	0.484797753165493	0.708482211747177
B9J08_03428	5391.5308999533	-0.0410837832282849	0.0588576152346985	-0.698019841008859	0.48516478595049	0.708482211747177
B9J08_03364	1053.87589742905	0.0680727399119335	0.0973796899329894	0.699044533400926	0.484524200350549	0.708482211747177
B9J08_02618	469.976703768023	-0.0989922702923315	0.141754091350132	-0.698338011619159	0.484965832777006	0.708482211747177
B9J08_01778	1761.19988927557	-0.0553269629297175	0.0792441852509484	-0.698183251610318	0.485062599220782	0.708482211747177
B9J08_01102	958.053257025101	0.0690667611541381	0.0987323223296754	0.699535466445512	0.484217456467167	0.708482211747177
B9J08_00958	2904.08976739803	0.0505689819468095	0.0723577730153063	0.69887421681859	0.484630641846132	0.708482211747177
B9J08_00564	549.291586176034	0.0872791142439448	0.124751817253453	0.69962198680139	0.484163407892984	0.708482211747177
B9J08_05100	462.664692180589	-0.093211796263288	0.13386322286395	-0.696321172231321	0.486227716858604	0.70977184004881
B9J08_03532	1829.30893852544	-0.0580750717916125	0.0834436954664045	-0.695979144583718	0.486441890629288	0.709897123237623
B9J08_04951	3119.6865173083	0.0466356573601228	0.067033914718292	0.695702429973063	0.486615203443044	0.709962724938928
B9J08_03876	10776.6234866102	0.0368812486810245	0.0530401131977215	0.69534634180624	0.48683827886264	0.710100875630079
B9J08_04360	5621.82735292912	0.0445141450653078	0.064046114096166	0.69503272280453	0.487034794750277	0.710200224034743
B9J08_02112	551.209188723953	0.102834508710645	0.14812654962909	0.694234146195557	0.487535381912355	0.710583062594773
B9J08_02012	7100.04704392428	-0.0434687161201706	0.0626166309488874	-0.694204007169487	0.487554279975983	0.710583062594773
B9J08_02082	1788.23203541704	-0.05464965876002	0.078805619577965	-0.693474133604817	0.488012053067559	0.71087560324379
B9J08_01383	1531.57755880582	0.0577428787348749	0.0832467309771605	0.693635390328026	0.487910893697764	0.71087560324379
B9J08_02214	1161.79694720869	0.0669187539227492	0.0965464876586276	0.693124685792433	0.488231307059579	0.711007730212357
B9J08_00995	397.067698661823	-0.10491633181857	0.151565051970435	-0.692219812249566	0.488799298534476	0.711647517818949
B9J08_05546	4217.50731488066	-0.0543720809418378	0.0786109129296993	-0.691660723880183	0.489150417647311	0.711971305265074
B9J08_04323	5278.3258216662	0.0424800056525882	0.0615770561939823	0.689867432421032	0.490277558048389	0.712744752822903
B9J08_03533	4853.60703109791	-0.0431641888070123	0.0625758206436183	-0.689790215502581	0.49032612267061	0.712744752822903
B9J08_03451	230.118798763301	0.126682800256742	0.183599085451928	0.6899969024623	0.490196135278524	0.712744752822903
B9J08_01341	558.483756713626	-0.0862410733500423	0.124913099873396	-0.690408559530193	0.489937295467013	0.712744752822903
B9J08_01159	7979.1016509288	-0.0429164196410631	0.062174995784399	-0.690252071586497	0.490035682561754	0.712744752822903
B9J08_00721	1368.15017969585	-0.0614163098058587	0.0890877729177574	-0.689391010622255	0.490577238877259	0.71289602693296
B9J08_00502	507.341210126018	-0.0879224079788745	0.12756891052592	-0.689215010274856	0.490687972253441	0.71289602693296
B9J08_00455	3421.03744350259	0.054381160538397	0.0789644681252012	0.688678868224296	0.491025377204506	0.713198886900767
B9J08_05292	242.014061590427	0.129958927909893	0.189424244269036	0.68607336094378	0.492666848426609	0.713335167185228
B9J08_05052	988.888975566569	0.0672870013584581	0.0978935973271561	0.687348337333931	0.491863245193435	0.713335167185228
B9J08_05042	1469.57286989466	-0.0578151759021651	0.0842245467616251	-0.686440926370259	0.492435103909664	0.713335167185228
B9J08_04982	1720.42786105103	-0.0604172247488445	0.0879326061629285	-0.68708556911072	0.49202880747348	0.713335167185228
B9J08_04666	3534.32832142539	-0.0443268639993832	0.0644478345772109	-0.687794466488677	0.491582221236598	0.713335167185228
B9J08_04584	1860.45859036647	0.0545209386601735	0.0794458407011154	0.686265488275059	0.492545707718989	0.713335167185228
B9J08_04557	600.213882031312	0.0834001155360496	0.121375063838609	0.687127264023074	0.492002534779478	0.713335167185228
B9J08_03518	93.5946489664529	0.19452198857521	0.282832238495097	0.68776455474181	0.49160106043263	0.713335167185228
B9J08_03110	6008.03283033856	0.0471678919402268	0.0687182031397767	0.686395886171306	0.492463497940299	0.713335167185228
B9J08_01545	4086.68468855287	-0.0491875808001481	0.0716682580744854	-0.686323096467993	0.49250938753878	0.713335167185228
B9J08_00862	743.185115616551	0.0805402625654735	0.117307522967153	0.686573721175799	0.492351393141968	0.713335167185228
B9J08_00365	951.226220118697	0.0683448306875051	0.0993982682949493	0.687585728201041	0.491713698122877	0.713335167185228
B9J08_04486	633.969855098992	0.0820129903286698	0.119676755347774	0.68528754886732	0.493162487241646	0.713771570368787
B9J08_02065	1590.04679747804	0.0569954419942358	0.0831823981996455	0.685186328211425	0.49322635001799	0.713771570368787
B9J08_01589	1280.52480159453	-0.0615484127507102	0.0898579650051486	-0.684952221510732	0.493374071066477	0.713798584114225
B9J08_00625	2580.89725044094	-0.0502067508134528	0.0733699724617084	-0.684295620250582	0.493788512058721	0.714211365114223
B9J08_01900	1764.56522769679	0.0535572998550834	0.0785289588077216	0.682007003126307	0.495234522627858	0.716115593373773
B9J08_01615	436.495015592453	0.0937518659745175	0.137572716392185	0.681471358806746	0.495573283627664	0.71641814734569
B9J08_02490	776.991828975551	-0.0727816796274014	0.106838488121189	-0.681230901965251	0.495725397528042	0.716450790103894
B9J08_03337	7938.45315507511	-0.0420138767201458	0.0617514807571832	-0.680370352337803	0.496269988591441	0.716676059242627
B9J08_01685	5.85096476505234	0.77444279970802	1.13820543992538	0.680406869043601	0.496246872842316	0.716676059242627
B9J08_01046	602.842408164245	-0.0803476419365889	0.118074210603995	-0.680484260920142	0.496197884253749	0.716676059242627
B9J08_04284	2299.97399919463	0.0495427656553177	0.0729132907360853	0.679475101934998	0.49683687822262	0.716971666292917
B9J08_04110	702.847290110865	0.0754741398198339	0.111109293957111	0.679278367559132	0.496961500420757	0.716971666292917
B9J08_03401	2746.75752804478	-0.0470696030607496	0.0692986446828419	-0.679228335217411	0.496993196269579	0.716971666292917
B9J08_02962	1068.79526445336	0.0644935599698807	0.0949295084428562	0.679383692465902	0.496894779854462	0.716971666292917
B9J08_01049	314.764834223387	-0.106493803112957	0.157036238886428	-0.67814794768471	0.497677892244003	0.717585094369546
B9J08_00390	427.600404078554	0.0937794790799395	0.138257551998203	0.678295526895761	0.497584334265027	0.717585094369546
B9J08_00195	588.512300382488	0.089033422109947	0.131335065612551	0.677910516088694	0.497828431876994	0.717615078632174
B9J08_01033	368.872674876917	-0.105934546094969	0.156482549176321	-0.676973545309547	0.498422739382409	0.718284567880174
B9J08_05372	1641.15475610715	0.0544485974774738	0.0804696739864759	0.676634995273183	0.498637569708152	0.718406980478194
B9J08_04829	705.390834582317	0.0823373429483539	0.12177297039387	0.676154508525474	0.498942551891534	0.718659180862519
B9J08_04667	3739.40087534437	-0.0458475435082982	0.0678675856946287	-0.675544047118311	0.499330176587153	0.719030254283662
B9J08_05457	1519.30381610925	0.0582919571885669	0.0863991603423081	0.674681987158414	0.49987783111518	0.71913352236843
B9J08_04728	1511.23078477851	0.0576456257746846	0.0853784593978461	0.675177628891941	0.499562917969377	0.71913352236843
B9J08_03568	345.10125118236	0.105747305166218	0.156800203632062	0.674407958132237	0.500051984637314	0.71913352236843
B9J08_01932	673.809798493581	-0.0782944283808136	0.116071948564159	-0.674533591874146	0.499972136695589	0.71913352236843
B9J08_01366	468.453448552403	-0.0898790110812928	0.133257564182766	-0.674475866585869	0.500008823813454	0.71913352236843
B9J08_03669	2856.45145673946	0.0506125754901792	0.0750995179995706	0.673940084282146	0.500349406649122	0.719282284851799
B9J08_02891	2671.50310400229	0.0479191253926114	0.0711139179077039	0.673836104133706	0.50041551837095	0.719282284851799
B9J08_02621	360.368446010277	-0.100351130773024	0.149026810142167	-0.673376358772571	0.500707885042349	0.719328652511489
B9J08_01864	309.169857217068	0.108784539026123	0.161548612934961	0.673385781838432	0.500701891706783	0.719328652511489
B9J08_05139	10737.4672782864	-0.0377700608105866	0.0561770556215428	-0.672339630347279	0.501367505741389	0.719455197322383
B9J08_05117	690.38881501757	-0.0787384953694463	0.117127453665239	-0.672246283048962	0.501426920738165	0.719455197322383
B9J08_04072	28.9259693509114	-0.345707115538623	0.514436376099305	-0.672011412101015	0.50157643118335	0.719455197322383
B9J08_04000	302.469458880536	-0.112562492918469	0.167419904456936	-0.672336382484454	0.50136957292403	0.719455197322383
B9J08_03449	468.48969180087	-0.0892080303451986	0.132659852490227	-0.672456878781548	0.501292883097829	0.719455197322383
B9J08_01211	344.621697508807	0.102394499070708	0.152336224086162	0.672161199248268	0.501481079316219	0.719455197322383
B9J08_03951	327.556961123627	-0.10464109774149	0.156022319080537	-0.670680312651135	0.502424207231804	0.720413644007176
B9J08_01071	2307.92276073198	0.0495969200289602	0.0739641695913082	0.670553327415286	0.502505123590614	0.720413644007176
B9J08_04278	1968.58870981336	0.0515047180962001	0.0768569218187332	0.670137664603246	0.502770036594533	0.720606652605432
B9J08_00785	1164.6990771187	0.0608005083794692	0.0907636221109474	0.669877501199192	0.502935883229566	0.720657608845266
B9J08_03397	4714.76633138163	0.0405042907072896	0.0605036490768505	0.669452030171633	0.503207170975135	0.720859586289425
B9J08_04601	2895.24639603711	0.0456764138504782	0.0684445722537223	0.667348956191251	0.504549262196401	0.722277967799336
B9J08_02970	10.3219283089701	-0.561150451599415	0.840943628159781	-0.667286644203926	0.504589055790388	0.722277967799336
B9J08_00217	1420.90116140552	0.0571917709666489	0.0857046840258642	0.667312080042082	0.50457281179122	0.722277967799336
B9J08_05291	2380.93343277421	0.0483635211598309	0.0726588900855346	0.665624276711314	0.505651285214415	0.723611192372815
B9J08_05510	815.685208443651	0.0696757888412308	0.104752029389345	0.665149775592968	0.505954700567714	0.723670920310324
B9J08_01875	508.182478331498	0.0878132277400183	0.13198969199522	0.665303679496416	0.505856277643031	0.723670920310324
B9J08_02467	401.586697333813	0.0953124764755047	0.143344094046015	0.664920847348678	0.50610112087079	0.723693200500605
B9J08_01197	486.779364853859	-0.08631079437642	0.129975018915592	-0.664056794117274	0.506653961800743	0.724296475244225
B9J08_03300	117.973686730864	0.165728514372195	0.249758918527186	0.663553939733107	0.506975845562606	0.724569354472035
B9J08_01016	1909.62452646683	0.0508120296660723	0.0766205678147756	0.663164358020767	0.5072252958371	0.724738597591062
B9J08_00209	5830.71965941264	0.0387776100482181	0.058550828024093	0.662289695241569	0.507785579664759	0.725351766819676
B9J08_03373	1121.83159933558	0.0612667927903451	0.0926140079983671	0.661528359634596	0.508273533656397	0.725673958351454
B9J08_02578	970.088434676053	-0.0646645167828122	0.0977283521544324	-0.661676119133043	0.50817881264709	0.725673958351454
B9J08_05302	200.553224511537	0.132154956568566	0.199978637687035	0.660845368770776	0.508711484241519	0.725796008765549
B9J08_04054	16.6229328415264	-0.443307820325231	0.670671258668757	-0.660991230196998	0.508617937690609	0.725796008765549
B9J08_02522	5.01968361025115	-0.784343863229139	1.18736256285599	-0.660576548196482	0.508883912853517	0.725796008765549
B9J08_02108	1344.83049467349	-0.0590443132945789	0.0893625010564184	-0.660728074937178	0.508786715836288	0.725796008765549
B9J08_04455	1304.33262496847	0.0576608591880202	0.0873353313674122	0.660223740898697	0.509110259232928	0.725872982116601
B9J08_03440	584.535223162104	0.0802087383791385	0.12156044150375	0.659825987689132	0.50936550425875	0.725872982116601
B9J08_00994	196.127927894805	0.129178869678843	0.195822180703082	0.659674349529953	0.50946283069547	0.725872982116601
B9J08_00969	684.470413563384	0.0752297539704161	0.114033180327432	0.659718107961238	0.509434744072854	0.725872982116601
B9J08_03498	1554.89778599578	-0.0590651476854902	0.0896203909204589	-0.659059250677812	0.509857721522718	0.726061549367186
B9J08_01035	1423.47768880092	0.0575105831948334	0.0872482329728393	0.65916043494814	0.50979275064932	0.726061549367186
B9J08_01812	779.958705890571	-0.0763303660056917	0.115880453650389	-0.658699233573769	0.51008892524997	0.726203821250343
B9J08_03342	1638.18937624577	0.0548752246497762	0.0835262316689623	0.656981927153878	0.511192537310251	0.727400546401594
B9J08_02893	651.604542232237	0.0770007984989095	0.117191932018272	0.657048631017568	0.511149647383684	0.727400546401594
B9J08_03484	704.888934454342	0.0730895724618421	0.111447816456475	0.655818792918088	0.511940723202993	0.727716304301145
B9J08_02532	578.81930209981	-0.0823459050294791	0.125528077769355	-0.655995905400392	0.511826758765804	0.727716304301145
B9J08_01668	443.913322822298	0.0913302992772445	0.139220423413785	0.656012221754251	0.511816260544001	0.727716304301145
B9J08_00846	3567.83176265348	0.0433121544373052	0.0660247362913636	0.655998900869076	0.511824831421476	0.727716304301145
B9J08_02223	8717.34630446862	-0.0360981908270844	0.0550723001985957	-0.655469096023065	0.512165777325678	0.727849155803784
B9J08_03747	1121.99112997879	-0.0609916368030639	0.0931003035437881	-0.655117485995924	0.51239211469704	0.727983762237177
B9J08_00616	370.839928142384	-0.0981480083219826	0.150125666729522	-0.653772339268365	0.513258489757157	0.729027402888247
B9J08_03671	5091.08898152532	-0.0394336231893402	0.0603588757383131	-0.653319378583282	0.513550401901488	0.729067575184069
B9J08_02306	1338.61971619742	0.0571619581234124	0.0874852023794709	0.653390019896963	0.513504871165292	0.729067575184069
B9J08_04722	3344.90027441734	0.0462674295387332	0.0708444046336895	0.653085162871579	0.51370137694953	0.729094769286079
B9J08_05312	524.840427028196	-0.0821005093776624	0.125846311881161	-0.652387091448428	0.514151489576143	0.729546405553013
B9J08_04400	456.486649260556	0.0973234588618689	0.149409207134166	0.651388630785484	0.514795647866036	0.729736481866579
B9J08_03323	5604.06470806176	0.0434144335975361	0.0666236735814765	0.651636742072515	0.514635539377449	0.729736481866579
B9J08_02931	2149.00357300825	-0.0493078084664788	0.0756996111700895	-0.651361449607568	0.514813189702295	0.729736481866579
B9J08_01117	2084.70386290881	0.049923239175796	0.0765964403307142	0.651769703138246	0.514549749034402	0.729736481866579
B9J08_05453	4833.13339486702	0.0426914138907395	0.0658261049172491	0.648548382809638	0.516630328247167	0.732124608130945
B9J08_04370	8470.92367175677	0.037772679616363	0.0583590650359159	0.6472461406487	0.517472653286705	0.732168967778006
B9J08_04184	1145.654248096	0.0623494530608261	0.0961793442867991	0.648262405230223	0.5168152452853	0.732168967778006
B9J08_03901	1846.90360414673	0.0501568135782266	0.0775140363921903	0.647067497871651	0.517588259629724	0.732168967778006
B9J08_03790	2697.29654433899	0.0507297088626132	0.078366701752773	0.647337551893565	0.517413502861435	0.732168967778006
B9J08_02043	7852.87879474681	-0.035818571143275	0.0552959017510613	-0.647761769118587	0.517139046023757	0.732168967778006
B9J08_01583	13632.0007406885	-0.0350794762432	0.0542106006650829	-0.647096247096091	0.517569654041767	0.732168967778006
B9J08_00784	1973.2080148086	-0.0510649365900939	0.078832055302503	-0.647768682348088	0.517134573979429	0.732168967778006
B9J08_05425	203.038151346136	-0.124953677059115	0.193449024276285	-0.645925599917501	0.518327539638132	0.732682143926564
B9J08_03892	683.227880519324	0.0732117420787442	0.11329017905024	0.646232027281706	0.518129100891556	0.732682143926564
B9J08_03789	1319.51795877981	0.0572244458250517	0.088597363397833	0.645893327187335	0.518348441364065	0.732682143926564
B9J08_03341	922.554041696851	-0.0696630186875917	0.107928199211651	-0.645457064941669	0.518631033306263	0.732707086900878
B9J08_00752	460.934963802527	-0.0884628305268782	0.137034877495428	-0.645549747215484	0.518570991051715	0.732707086900878
B9J08_03864	1.86876006571161	-1.33599315237993	2.07331819693522	-0.644374391907038	0.519332686155377	0.733143559119175
B9J08_00770	3218.36839286506	0.0449753389742115	0.0697709937569874	0.644613707680025	0.519177549517758	0.733143559119175
B9J08_00753	1118.12762036122	-0.0610097285054821	0.094681682221182	-0.644366756844896	0.519337635984258	0.733143559119175
B9J08_01139	6781.92115523891	0.0388158446114636	0.0602751523506625	0.643977544604863	0.519589995460183	0.733312647331022
B9J08_04117	4670.15964725729	-0.0397501785013697	0.0618009392904835	-0.643196995995993	0.52009628228816	0.733772899482521
B9J08_01680	5081.13455518483	0.0386533691137201	0.0601079582746116	0.643065747419448	0.520181438956963	0.733772899482521
B9J08_03094	296.283546770832	0.108340362707993	0.168547461432286	0.642788457253141	0.520361373926582	0.733839561241184
B9J08_05061	534.892908590022	-0.0828161841194696	0.129055242406806	-0.64171111978867	0.521060767886902	0.733934720646556
B9J08_04679	4010.83847762256	0.041500594559754	0.0647178792128402	0.64125393267708	0.521357714232565	0.733934720646556
B9J08_01877	188.480111638675	-0.12993706220214	0.202562528537201	-0.641466430837314	0.521219684303975	0.733934720646556
B9J08_01156	485.830213941583	0.0834483462543642	0.129965953667109	0.642078512870427	0.520822206537186	0.733934720646556
B9J08_00993	1292.30021590263	-0.0583307830710928	0.0909600549275726	-0.641279110017458	0.521341359101573	0.733934720646556
B9J08_00901	0.982322049710633	-1.78190806252874	2.77818399168273	-0.641393107102835	0.521267310213392	0.733934720646556
B9J08_00897	1801.9928888385	-0.0513549241509103	0.080055113898511	-0.641494611025287	0.521201381043815	0.733934720646556
B9J08_05525	577.631497531082	-0.0792107354669654	0.123762212671646	-0.640023588436639	0.52215726408024	0.734331857728691
B9J08_03818	2030.53347373634	-0.0528718757379707	0.0826381360973829	-0.639799954777115	0.522302662016709	0.734331857728691
B9J08_02291	343.15087533266	-0.100493186428819	0.157038278470186	-0.639927967931067	0.522219430279967	0.734331857728691
B9J08_01594	529.591459664538	-0.0799629046231521	0.124880951482623	-0.640313063552199	0.521969089483259	0.734331857728691
B9J08_01462	2482.27618396887	0.0458877942709357	0.071745164234408	0.639594246672983	0.522436423822527	0.734331857728691
B9J08_00708	541.552495847698	-0.081581038098131	0.127523887016027	-0.639731426065126	0.522347220893494	0.734331857728691
B9J08_01893	3.20369639060438	0.971575002368062	1.51973728847212	0.639304575690737	0.522624812376319	0.734410019627393
B9J08_00332	1.03762256534379	-1.86406480103439	2.91788292910047	-0.638841532140923	0.522926026855882	0.734646648346426
B9J08_02511	2984.37602126925	-0.0431850460559505	0.0676416815363109	-0.638438387028688	0.523188349371265	0.734828532344455
B9J08_04215	956.783240997102	-0.063786842214762	0.1000161419504	-0.63776547436108	0.523626357362309	0.735035554188566
B9J08_02819	924.431198315542	0.0697427554545737	0.109383330011039	0.637599490228861	0.523734427600279	0.735035554188566
B9J08_01640	1674.08303574386	-0.05325097806414	0.0834888107373584	-0.637821734359811	0.523589729761125	0.735035554188566
B9J08_00464	3162.55877148394	0.0461870107743418	0.0725264524723945	0.636829862758307	0.524235672074232	0.73555238514525
B9J08_02949	0.55642801615642	2.48297699026593	3.91600726522224	0.634058320656618	0.526042761936373	0.737900714245519
B9J08_04755	18766.5315648328	0.033588129378313	0.0531330774937402	0.632151024609297	0.527288196293482	0.739410614587173
B9J08_02718	1278.50411359951	0.0628214786752373	0.0994009892822806	0.632000537709296	0.527386525862665	0.739410614587173
B9J08_02628	1630.51750922218	-0.0513601712476795	0.0813140364280339	-0.631627373376493	0.527630395326973	0.739565057413454
B9J08_04948	1.96128322998782	1.3953184323801	2.21333476032772	0.630414547943711	0.528423395047369	0.739862576489893
B9J08_02720	1354.67521356871	0.054868644481561	0.0869836152545384	0.630792871979395	0.528175964682114	0.739862576489893
B9J08_02364	763.407409906659	0.0686726542484215	0.108969473852262	0.630200842683027	0.528563188015633	0.739862576489893
B9J08_01748	2267.79438423577	-0.0463893828587535	0.0735546222653292	-0.63067937037887	0.528250190464262	0.739862576489893
B9J08_01524	621.824187822723	-0.0751559064656534	0.119252215342614	-0.630226501450969	0.528546402617421	0.739862576489893
B9J08_00056	1899.50820084583	-0.0514817066007828	0.0817072158133755	-0.630075398950936	0.528645254436459	0.739862576489893
B9J08_04941	1038.46747487659	-0.0610604057739833	0.0970643750002259	-0.629071230035131	0.529302424525079	0.740441261687026
B9J08_04262	301.043213163103	0.104657433830584	0.166389392142069	0.628991022103281	0.529354933860917	0.740441261687026
B9J08_03745	586.970089341848	-0.0773690684009642	0.123096149381536	-0.628525496448787	0.529659749573967	0.740441261687026
B9J08_01316	200.326797931338	0.127904610087247	0.203533270414355	0.6284211413046	0.52972809121236	0.740441261687026
B9J08_00827	927.621849333559	0.0678018591100917	0.107829618663663	0.628786969205336	0.529488532119407	0.740441261687026
B9J08_01415	2789.00146584005	-0.0502242990114348	0.0800229837147943	-0.627623423670837	0.530250660367846	0.740797272668491
B9J08_00733	1615.84858803498	0.0513051630723581	0.0817188710908782	0.627825156998344	0.530118484096814	0.740797272668491
B9J08_05343	81.3347142880551	0.191462646683258	0.305232931282793	0.627267332782879	0.530484013009837	0.740936130292275
B9J08_04275	498.935671082429	-0.0808778382220943	0.129119877284518	-0.626377904959423	0.531067098428053	0.741376103333055
B9J08_01287	1453.87113434402	0.0572493752446514	0.0913919721207863	0.626415799070284	0.531042249419538	0.741376103333055
B9J08_04530	4224.36045898928	0.0396904216575868	0.0634209177890055	0.62582540652648	0.531429465458719	0.741694769985409
B9J08_05564	502.386344242616	-0.0833109791506358	0.133210327435844	-0.625409311382106	0.531702452424485	0.741888563158383
B9J08_04389	1235.58173291923	-0.0590400653963648	0.0945039404943062	-0.624736546302235	0.532143982773028	0.74231736915955
B9J08_04954	15.340096777476	0.442066539218322	0.708110889987929	0.624289988289627	0.532437157729273	0.742470922635463
B9J08_03938	805.946268481693	0.0732970813025098	0.117471073999908	0.623958552575823	0.532654805267608	0.742470922635463
B9J08_02288	1446.56796544637	-0.0538777426067634	0.0863591046667874	-0.623880282393479	0.532706210380747	0.742470922635463
B9J08_01818	308.875992145013	-0.101598841277178	0.162883608526399	-0.623751169294062	0.532791012825918	0.742470922635463
B9J08_05020	8033.11978190814	-0.0346096117204427	0.055570261785704	-0.622808146089144	0.533410604548232	0.742959973245095
B9J08_04622	796.009862031925	-0.0655200399171895	0.105186585890772	-0.622893493142054	0.533354514242481	0.742959973245095
B9J08_04837	161.436364240951	0.133425295832858	0.214661187385913	0.621562274287567	0.534229734052239	0.743352115482499
B9J08_03692	4772.58434849052	0.0388032236705191	0.062367202411358	0.622173549080862	0.533827756844594	0.743352115482499
B9J08_03165	1242.82090834126	-0.0551036513898801	0.0886386868451288	-0.621665926596569	0.534161561043672	0.743352115482499
B9J08_02466	1511.2066781406	-0.0536247776345538	0.0862242293787721	-0.62192237635418	0.533992910728393	0.743352115482499
B9J08_05367	2643.67534110341	0.0458914692124291	0.073889044318403	0.621086246760391	0.534542877819673	0.743600768918665
B9J08_03443	4916.59663100714	0.0377498151080768	0.060834472529836	0.620533285458545	0.534906746952275	0.74369174674946
B9J08_02996	944.805889459135	-0.0673811661903045	0.108613799886488	-0.620373895957276	0.53501165436921	0.74369174674946
B9J08_01726	1337.36341844634	0.0536927459811751	0.086518727720311	0.620591025734307	0.534868745860017	0.74369174674946
B9J08_03061	727.586724160771	0.0705393025163174	0.11394461813106	0.619066557712997	0.535872513171477	0.744701223706392
B9J08_03084	372.288028048865	-0.0927618549358548	0.150122967005677	-0.617905819383032	0.536637422730207	0.744831120011567
B9J08_02345	1.84110980789503	-1.30823576387955	2.11721880285143	-0.617902959352922	0.536639308126215	0.744831120011567
B9J08_01980	1290.77554182528	-0.0559082879335563	0.0904640562994766	-0.618016593778139	0.536564400327742	0.744831120011567
B9J08_00940	1977.87296530157	0.047941441140135	0.0775018953306722	0.618584112499268	0.536190370812035	0.744831120011567
B9J08_00712	928.128234513475	0.0625921981876581	0.101277149456863	0.61802883003059	0.536556334505414	0.744831120011567
B9J08_04178	3297.18622857258	0.0434033565568627	0.0702866402357742	0.617519295434632	0.536892258187164	0.744934361542248
B9J08_00679	3976.61793392904	-0.0419057957762646	0.0678766521917446	-0.617381594747557	0.536983059025302	0.744934361542248
B9J08_01475	4078.13032960025	-0.0396399767385267	0.0642394780477417	-0.617065672748258	0.537191409468117	0.745036531035144
B9J08_04537	1436.02693103798	0.0520789172983553	0.0844954414827572	0.616351798208935	0.537662359045386	0.745502759558795
B9J08_03023	65.1911565848948	0.210141311464282	0.341521238591649	0.615309643203608	0.538350250358097	0.746181026993725
B9J08_01879	650.288534727179	0.0705263113695486	0.114639281214483	0.615201967618743	0.538421348532264	0.746181026993725
B9J08_00430	845.376697495864	0.0660195599064605	0.107416267028779	0.614614170950222	0.538809553612707	0.746531974206384
B9J08_00058	1861.35938984558	-0.0508114022059998	0.0827071270951987	-0.614353369420197	0.53898184259393	0.746583664259211
B9J08_02192	4232.8532599123	-0.0401478617444653	0.0656646170328583	-0.61140784121798	0.540929612850314	0.748344594466005
B9J08_01193	120.07001273483	-0.152384696346269	0.24918578240877	-0.611530460820167	0.5408484588747	0.748344594466005
B9J08_00754	1182.77730095584	0.0593387038375694	0.0969876959394091	0.611816821327934	0.540658959095884	0.748344594466005
B9J08_00466	1035.94044402092	0.0580777419433484	0.0949882176594822	0.611420483238753	0.540921245633955	0.748344594466005
B9J08_00260	508.926210789889	0.0805243450663014	0.131527344851701	0.612225124418758	0.540388820924039	0.748344594466005
B9J08_03286	721.373570016269	0.0672809702976847	0.110281097127759	0.610086153021681	0.541804738774626	0.74884752181634
B9J08_02224	13.2492751324997	0.47154598656899	0.772461722133241	0.610445764570395	0.541566560179663	0.74884752181634
B9J08_01787	4151.01455292143	-0.0388418416165729	0.0636487407292099	-0.61025310432807	0.541694156772089	0.74884752181634
B9J08_01543	596.378072238663	-0.07431396974712	0.121858836362589	-0.609836528604297	0.541970101216925	0.74884752181634
B9J08_01105	2192.60903013644	-0.0484349459702558	0.0793989676432342	-0.610019845445472	0.541848661439834	0.74884752181634
B9J08_04127	3040.41835599722	-0.0407856843558113	0.0669422922716694	-0.609266324348325	0.542347924585886	0.749182410310823
B9J08_05216	699.759763157587	-0.0686567981989941	0.113028589304609	-0.607428603872652	0.543566510587916	0.750568461070442
B9J08_00316	4736.32881544537	-0.037678632204826	0.0620383821401608	-0.607343887848335	0.543622718323665	0.750568461070442
B9J08_05415	177.037530079975	-0.125247176257823	0.206370422599086	-0.606904684694761	0.543914168993632	0.750783446145191
B9J08_04965	723.010730825078	0.0700314376560325	0.115534156056565	0.606153539752744	0.544412801060253	0.751284232201661
B9J08_05517	7.51745254840185	-0.58696511384623	0.971043421178927	-0.604468452228023	0.545532237497197	0.751921048186225
B9J08_04891	1257.14076947504	0.0537898931578032	0.0889694466702493	0.604588374671663	0.54545253295491	0.751921048186225
B9J08_04581	869.920918566563	0.0632953480182089	0.104718081241223	0.604435712228196	0.545553998620741	0.751921048186225
B9J08_03265	2587.94101196148	-0.042959913170714	0.0710417758943505	-0.604713390535193	0.545369449304252	0.751921048186225
B9J08_00083	104.707176287896	0.160571964218903	0.265325704392491	0.605188119962067	0.545054008528964	0.751921048186225
B9J08_04783	308.888047664424	0.0980242852022509	0.162430330556165	0.603485105685703	0.546186020986442	0.752229801313747
B9J08_02241	571.48281296013	0.0771285987351044	0.127759069112218	0.603703512173824	0.54604077866177	0.752229801313747
B9J08_00438	680.521001975484	0.0678131695258579	0.112343226088312	0.603624908123524	0.54609304887314	0.752229801313747
B9J08_03968	843.717826288449	-0.0671296718711438	0.111317018270778	-0.603049496958778	0.546475761965739	0.752441483553026
B9J08_02670	266.872601187428	0.102444362955925	0.170037238181237	0.60248192720428	0.54685338976187	0.752774041506447
B9J08_04865	36.4299503516065	0.282847112327719	0.470140237406541	0.601622855954647	0.547425211302074	0.753208179904064
B9J08_03783	803.854537064563	0.0654361728826947	0.108790894657458	0.601485750151506	0.54751650007131	0.753208179904064
B9J08_00328	870.891302570438	-0.064412796014194	0.107105741051128	-0.601394429299976	0.547577308153	0.753208179904064
B9J08_03662	1230.16449332557	-0.0569379227078773	0.0948598210332389	-0.600232238345951	0.548351471223237	0.75408552643852
B9J08_01530	0.478666879619046	2.29050790665558	3.8235037207658	0.599059939242538	0.54913291487145	0.754508124942954
B9J08_00417	0.478666879619046	2.29050790665558	3.8235037207658	0.599059939242538	0.54913291487145	0.754508124942954
B9J08_00363	10721.1807513265	-0.0318554552129882	0.0531580262515577	-0.59925955606854	0.548999813357	0.754508124942954
B9J08_00125	1144.75729632278	-0.0554012972251758	0.0924969498655215	-0.598952693096605	0.549204431571205	0.754508124942954
B9J08_05375	8222.31020209979	-0.0344766645734536	0.0576117982972377	-0.598430626927796	0.549552635088347	0.754799012831797
B9J08_02697	5737.1837133893	0.0346917820492737	0.0581321019742715	0.596774946562706	0.550657646928128	0.755665386255169
B9J08_01509	9821.80779695495	0.0328194391915097	0.054979642397667	0.596938025790113	0.55054875826135	0.755665386255169
B9J08_00117	418.641302357118	-0.0872954430139157	0.146305199080101	-0.596666718358532	0.550729917193019	0.755665386255169
B9J08_00100	22.3761848053902	-0.337992939216968	0.565988364994732	-0.597172945808019	0.550391919837778	0.755665386255169
B9J08_03871	39784.5310933667	0.0295880884179284	0.0496114269888184	0.596396641132637	0.550910283814031	0.755725391809377
B9J08_00101	3665.64967390041	-0.0387734187980008	0.0650767488033156	-0.595810631462053	0.551301740611353	0.756074864200692
B9J08_01460	3039.28357104511	-0.0484399624832164	0.0813950333061105	-0.595121846084188	0.55176202675077	0.756518534942615
B9J08_02683	2165.5638646382	-0.0471904219723487	0.0794362994092642	-0.594066218130564	0.552467824464076	0.757298522208378
B9J08_04213	2836.66459937277	-0.0406000184290741	0.0683794758778701	-0.593745680379127	0.552682225136377	0.75740470446712
B9J08_03230	525.14393408502	0.0771488907147447	0.130153716911274	0.592752113006015	0.553347059789341	0.75795839492321
B9J08_01745	2703.46619778632	-0.0449631988243105	0.0758575162375232	-0.592732283555433	0.55336033243535	0.75795839492321
B9J08_00271	2029.71805908406	-0.0448168398351579	0.0757295956528403	-0.591800860004684	0.553983947249911	0.758624712116677
B9J08_03941	735.339045647244	0.0645440746233716	0.109262743569491	0.590723539559682	0.554705673050499	0.759098237484209
B9J08_03338	785.851317917279	-0.064186491579224	0.108612464737496	-0.59096800477142	0.554541858942357	0.759098237484209
B9J08_02488	1946.49427698716	-0.0493653593878678	0.083586072386469	-0.590593121299226	0.554793074921441	0.759098237484209
B9J08_02072	2013.2011097268	0.0458422057322392	0.0776374200618279	0.590465341271412	0.554878715268244	0.759098237484209
B9J08_05531	2595.61810925125	0.042852021113324	0.0727627633565482	0.588927895760951	0.555909643726394	0.760320533988795
B9J08_05296	1343.7274882095	0.0558144077458761	0.0949404902156681	0.587888345837349	0.556607239415037	0.760710314110346
B9J08_02859	1362.99626078827	-0.0547012516877392	0.0930281787300237	-0.588007337502406	0.556527367781607	0.760710314110346
B9J08_01396	547.959579893283	-0.0756761268892373	0.128659691165977	-0.588188314486247	0.556405900008938	0.760710314110346
B9J08_03821	3598.49726863115	-0.0378638282421662	0.0645198224851368	-0.586855741131166	0.55730059667262	0.761281699233456
B9J08_02796	999.997646976653	0.0623783444729699	0.10629037811822	0.586867274134545	0.557292850350102	0.761281699233456
B9J08_01575	1102.86026505467	-0.0554977804387838	0.0947024455281703	-0.586022674802789	0.557860277360542	0.761858072612631
B9J08_05233	1.48948174366903	-1.34258944971701	2.29301609527291	-0.585512440355207	0.558203204205942	0.762067305120089
B9J08_01826	456.301055623028	0.084364261920315	0.144117630958115	0.58538473994784	0.558289047251238	0.762067305120089
B9J08_04589	3542.18313419363	0.0419119197380148	0.0716345421877768	0.585079745859901	0.558494097004464	0.76215910449832
B9J08_02725	682.71638564751	0.0668043024937252	0.114286513631344	0.584533558432073	0.558861394237752	0.76247221794006
B9J08_02977	58.1519417059179	-0.211163269315047	0.361733540345466	-0.583753635655073	0.55938607587353	0.762999848497286
B9J08_02311	3435.07448105422	0.0390162057243831	0.066865435372013	0.583503352775799	0.559554500668799	0.763041406114183
B9J08_03661	1040.87905126253	-0.0569234395162362	0.0976532778455762	-0.582913761545741	0.559951356073162	0.763083359160029
B9J08_02692	2834.91073904989	-0.0402576507977389	0.069071203976549	-0.582842754723186	0.559999160157396	0.763083359160029
B9J08_00642	1040.43827531779	-0.0590245120962515	0.101268612589764	-0.582850999799491	0.55999360920444	0.763083359160029
B9J08_03351	645.537357476069	0.0687655705467608	0.118256777849386	0.581493693615952	0.560907767314136	0.764133216998641
B9J08_02080	880.256643783943	0.0604044717749048	0.104048163001886	0.580543375607793	0.561548244837029	0.76481737064605
B9J08_01593	502.203144434522	-0.0769016850526339	0.132666757157453	-0.579660547226345	0.562143553663041	0.765439683729759
B9J08_03525	3691.76627343634	0.0443511346079892	0.0766029574990316	0.578974181363036	0.562606594450478	0.765881632760422
B9J08_03621	268.553108955359	-0.103390207646343	0.178804640292546	-0.578230002740333	0.563108845217988	0.766376728075958
B9J08_03804	7990.03033305601	0.0327214027824777	0.0567663100932173	0.576422929881211	0.564329349309996	0.767848863722901
B9J08_02261	1289.56708766821	0.0511904797671511	0.0888936608492334	0.575861982486826	0.564708474210535	0.768175742955846
B9J08_02972	5700.63684362375	-0.035705663096664	0.0621175937063921	-0.574807570065126	0.565421446466859	0.768956483995131
B9J08_04189	633.04562851651	-0.0667867573315148	0.116284419368858	-0.574339689650638	0.565737956186807	0.769197796378867
B9J08_03053	513.42838952034	0.0728220095795394	0.127061921825763	0.573122211069643	0.566561949377715	0.769939592630992
B9J08_00216	1321.20662365342	-0.0500219503057337	0.0872520524488401	-0.573303995743411	0.566438880412511	0.769939592630992
B9J08_03884	1455.54728085517	-0.0487111909453574	0.0852574370552823	-0.571342426277396	0.567767547847513	0.771388432116088
B9J08_03073	3093.40850259346	-0.0402970238759177	0.0705842942154191	-0.57090637972427	0.568063106147787	0.771600451891801
B9J08_02501	5576.49043054768	0.036047084061915	0.0631966563811973	0.570395431120308	0.568409527708816	0.771881438192355
B9J08_03961	840.213054952967	-0.058957418176369	0.103512008897506	-0.56957080443436	0.568968834997195	0.772261748802327
B9J08_02657	943.443152209568	-0.0578696383521621	0.101577101142905	-0.569711457612358	0.568873417662487	0.772261748802327
B9J08_00182	2060.88723526614	0.043466542356276	0.0763542183022726	0.569274931009047	0.569169576733813	0.772344683246988
B9J08_05298	155.11224376605	-0.130271750155173	0.229110173687806	-0.56859871413954	0.569628497658526	0.77239892634207
B9J08_04451	298.048537110594	0.0929102714577535	0.16330830984492	0.568925558938075	0.569406659323413	0.77239892634207
B9J08_00782	565.942072236668	0.0714541103369298	0.125636183791417	0.568738305960954	0.569533747898391	0.77239892634207
B9J08_05252	16.4296233154949	0.409582798998129	0.721083728728927	0.568010041940776	0.570028149269351	0.772650916374114
B9J08_02622	343.772375913646	0.0895425086879498	0.157669281091769	0.567913470955913	0.570093724411997	0.772650916374114
B9J08_03168	462.347124593608	0.0757439539837617	0.133545975612463	0.567175114310917	0.570595213744792	0.772951782322421
B9J08_01558	763.400579666129	-0.0614325743552157	0.108276529506016	-0.567367412268254	0.570464585386278	0.772951782322421
B9J08_05500	635.334627487999	0.0659388745875021	0.116371974903079	0.566621599765919	0.570971296718995	0.773271851653467
B9J08_04147	807.62415491155	0.0601997824834203	0.106632916057411	0.564551591658703	0.572378799351123	0.774384454397601
B9J08_03665	2936.12948992064	0.0423132233770482	0.07497240831151	0.56438394243969	0.572492864587198	0.774384454397601
B9J08_02525	2184.16270415623	0.0431975017316911	0.0764568694297811	0.564991766650402	0.572079364318872	0.774384454397601
B9J08_01773	5449.04120335806	0.0357763665115115	0.0633533547812449	0.564711476370036	0.572270026990542	0.774384454397601
B9J08_01719	8703.19653127646	0.0337937364740556	0.0598335216336644	0.564796046620162	0.572212496343778	0.774384454397601
B9J08_02361	2754.53765271377	0.0387494774114303	0.0687039827335752	0.564006275468711	0.572749861317165	0.774423209794143
B9J08_02064	4082.36351183054	0.0368357688465247	0.065319715452496	0.563930332386607	0.572801546061804	0.774423209794143
B9J08_04973	2682.27566458549	0.0393583833307367	0.0699418748532529	0.562729886971369	0.573618829652121	0.77477063414063
B9J08_04617	1414.826366139	0.0603648418283872	0.107239296193214	0.562898526670926	0.573503983524166	0.77477063414063
B9J08_03496	658.39094298683	0.0656067811606382	0.116505326669005	0.563122588781101	0.573351410780058	0.77477063414063
B9J08_01938	980.627270161318	0.0545609607303672	0.0968770063516272	0.563198252971725	0.573299892390505	0.77477063414063
B9J08_05033	595.38200578079	-0.0700917068925563	0.125131591704228	-0.560143972740561	0.575381239063374	0.77652143679627
B9J08_04070	54.3158032660567	-0.209018302654558	0.373062176013897	-0.560277390991178	0.575290246336564	0.77652143679627
B9J08_03780	8.57669317812708	-0.508509030528538	0.908045220993629	-0.560004082144831	0.57547665330463	0.77652143679627
B9J08_03327	5284.83327588551	-0.0386655163750538	0.0690322932135636	-0.56010766229995	0.575406004363914	0.77652143679627
B9J08_04931	7.81910403168276	0.542667217080775	0.970301206311829	0.559277071439996	0.575972640964306	0.776811674511967
B9J08_02117	74.5528562452558	-0.175785974350692	0.314261645536444	-0.559361846561409	0.575914794540188	0.776811674511967
B9J08_00982	7798.26775051171	-0.0345282900909758	0.0617842296078339	-0.558852806130931	0.576262180203122	0.777012705681001
B9J08_00917	1766.10951992222	-0.0487541600147288	0.0874091842438478	-0.557769305782765	0.577001924911795	0.777820532948364
B9J08_05023	5250.46906271638	0.0331277757175398	0.0594448499918158	0.557285883000811	0.577332119363042	0.777969491170824
B9J08_04044	25940.3063904284	-0.0282051001724537	0.0506197390175225	-0.557195685317346	0.577393737345188	0.777969491170824
B9J08_04418	17118.2486889982	-0.106585408906833	0.191395818149178	-0.55688473205699	0.577606186855196	0.777978993254036
B9J08_02824	1595.46370711097	0.0459270503840195	0.0824878338598214	0.556773626303089	0.577682105459108	0.777978993254036
B9J08_04555	580.32651957518	0.0670869981053743	0.120814608657019	0.555288792068416	0.57869714378435	0.778676810796413
B9J08_02867	769.800740354989	0.0595279939370842	0.107298691117897	0.554787698870216	0.579039882029201	0.778676810796413
B9J08_02714	19.6548391462296	0.336397463107515	0.606417954799774	0.554728731966036	0.579080220541342	0.778676810796413
B9J08_02077	4945.67730831214	0.0335632722083066	0.0603883293227458	0.555790706328824	0.578353939537182	0.778676810796413
B9J08_01780	727.825696147441	0.0617648238435159	0.111177042373542	0.555553759345326	0.578515949729429	0.778676810796413
B9J08_01560	118.268258612133	0.141199729732517	0.25460913988622	0.554574473625012	0.579185752959039	0.778676810796413
B9J08_01493	635.227201491001	-0.0659738588951816	0.118853984128822	-0.555083276162409	0.578837701235803	0.778676810796413
B9J08_00891	2360.45063512321	0.039843401638284	0.0718826575214911	0.554283926222008	0.579384549027232	0.778754785095898
B9J08_01845	1044.34331042698	-0.0546536518169284	0.0986704783575179	-0.553900748498442	0.579646772842465	0.778917954468337
B9J08_04984	21181.0624040943	0.0285120568452183	0.0515534223827904	0.553058468815374	0.580223374069067	0.779496259088654
B9J08_04950	438.946134898674	0.0766778666367031	0.138848023535415	0.552243126580375	0.58078179058115	0.779496259088654
B9J08_04322	903.476523244638	-0.0566768639725378	0.10261520951394	-0.552324204579426	0.580726250126596	0.779496259088654
B9J08_02778	1434.4266476759	0.0476370875842301	0.0862067348077184	0.552591252765614	0.580543333036785	0.779496259088654
B9J08_01186	49.9538899381354	0.213762834140095	0.386806192578665	0.552635501295968	0.580513027208895	0.779496259088654
B9J08_02858	754.637828945151	0.0597557763004012	0.108275741792144	0.551885171242823	0.581027028651529	0.779636219182825
B9J08_03559	2246.30919118154	0.0408295075335174	0.0741096053420333	0.550934083983846	0.581678861489594	0.780262703796477
B9J08_02679	1713.51245282134	-0.0440498080145142	0.0800771048008862	-0.55009241560425	0.582255988460513	0.780262703796477
B9J08_02641	450.043013702017	-0.0772482310188501	0.140320735235189	-0.550511874737372	0.581968334417121	0.780262703796477
B9J08_01751	1012.4375666084	-0.0532582652812322	0.0968159425705153	-0.550098091979447	0.582252095308512	0.780262703796477
B9J08_01344	2478.57513045217	0.0410914040549604	0.0746905057736376	0.550155654046512	0.582212616949371	0.780262703796477
B9J08_01207	921.143655168461	0.0564827069229883	0.102701539762949	0.549969426489213	0.582340343748302	0.780262703796477
B9J08_01641	3736.6555337933	0.0368032035368056	0.0669539286533677	0.549679522576521	0.582539204472451	0.780340116235681
B9J08_03491	439.802078951688	-0.0755127960607931	0.137565108229545	-0.548924047911846	0.583057574150417	0.780541341923325
B9J08_03312	8871.53186753537	-0.0309860710132727	0.0564276969527129	-0.549128755675417	0.582917092473098	0.780541341923325
B9J08_02242	1162.45345046286	-0.0500578245165371	0.0912059913181617	-0.548843598902578	0.583112786987377	0.780541341923325
B9J08_04436	21.2737343637689	-0.318730430376295	0.583381289668243	-0.546350107590099	0.584825298769263	0.781604141511488
B9J08_04227	5900.26236586114	0.034782292873329	0.0635657638530043	0.547185949873315	0.584250987846373	0.781604141511488
B9J08_03798	8.81786386552013	0.501072654981827	0.916774320219167	0.54656052632674	0.584680694408206	0.781604141511488
B9J08_03051	696.068831460473	-0.0616306003973821	0.112827812098253	-0.546235890346901	0.584903798320155	0.781604141511488
B9J08_02731	6406.91586802256	0.0375943632096968	0.0688488864185666	0.546041703291205	0.585037270992146	0.781604141511488
B9J08_02690	948.857700533561	0.054458424922177	0.0996283357162633	0.546615825012594	0.584642694700237	0.781604141511488
B9J08_02046	3630.43038985789	0.0369752914872475	0.0676609693535214	0.546478890866247	0.584736794109257	0.781604141511488
B9J08_00997	960.861155020287	0.0574840002806112	0.105196989005638	0.546441498221307	0.584762491084777	0.781604141511488
B9J08_04298	1304.76164344321	0.0486488632914529	0.0894325884383089	0.543972439364327	0.586460438634396	0.783316272901919
B9J08_05144	13.4332808632562	0.395136239988924	0.728039300983993	0.54274026066295	0.587308649888028	0.783503169930217
B9J08_04169	1.00828719448166	1.50737077060242	2.77576761715399	0.543046457234751	0.587097816259468	0.783503169930217
B9J08_04157	2390.79306239375	0.0399797503346007	0.0735706591969192	0.543419765039633	0.586840820179882	0.783503169930217
B9J08_02339	3205.43468088438	0.0360259921774029	0.0663371134410369	0.543074461770548	0.587078535304764	0.783503169930217
B9J08_00853	2518.62760286917	0.0400151291627194	0.073706096847591	0.542901209997084	0.587197822814334	0.783503169930217
B9J08_03599	1604.12585492705	0.0448088276579817	0.0827663522095618	0.541389422896482	0.588239196058675	0.784555339619129
B9J08_04252	2047.84711964408	-0.0413249740047474	0.0764071987881738	-0.540851839357624	0.588609708505625	0.784671076824443
B9J08_03526	8591.91497569145	0.032169118753092	0.0594598874072689	0.541022194218944	0.588492285141642	0.784671076824443
B9J08_04701	271.342758641118	0.0937106600771378	0.173340716292763	0.540615396551528	0.588772703349382	0.784699234271188
B9J08_04616	4830.42348387399	0.0347305623522811	0.0642895633327554	0.540220846928446	0.589044737520976	0.78487266760504
B9J08_00509	3809.70552276505	-0.0349337160237246	0.0647005987726598	-0.539928790249254	0.589246142183434	0.784951929772778
B9J08_03395	156.217330650919	-0.117641289637256	0.218416586643499	-0.538609688234304	0.590156201183016	0.785974945519687
B9J08_03966	6.13002132965332	0.600936304434574	1.11760746904695	0.537698897938673	0.590784940217184	0.78662289464161
B9J08_04192	527.136362907598	0.068001013512509	0.126750132495358	0.536496587212635	0.591615393936464	0.786850168417019
B9J08_03944	248.272890401676	-0.0962428077076652	0.179504161091596	-0.536159201671961	0.591848527413613	0.786850168417019
B9J08_03936	1738.11758504408	0.0430922413330947	0.0802564848064652	0.536931581753296	0.591314874894879	0.786850168417019
B9J08_03903	824.469909264486	0.060992007763567	0.113788882690153	0.536010252685653	0.591951464614575	0.786850168417019
B9J08_02929	4099.30031173457	0.0335516534734055	0.0625688554356304	0.536235691700046	0.591795669090962	0.786850168417019
B9J08_01620	343.104414385345	-0.0833966630621493	0.155335243577251	-0.536881786396882	0.591349272811134	0.786850168417019
B9J08_00079	1881.21244530991	-0.0431582371311961	0.0804932338309493	-0.536172235567481	0.591839520205842	0.786850168417019
B9J08_04623	31.6734688394586	-0.264735023144733	0.494349429954069	-0.535522056067365	0.59228891017175	0.78696611688032
B9J08_03932	4370.98428818152	-0.0332129798142911	0.062049419619206	-0.535266566844901	0.59246554161809	0.78696611688032
B9J08_02833	1737.55458887574	-0.0423349550175074	0.0790641834963677	-0.535450480171624	0.592338391443087	0.78696611688032
B9J08_00732	4.79255733519223	0.657540923420074	1.2298161297135	0.534666042779304	0.592880806621818	0.787328629393823
B9J08_03282	4521.55606097397	0.0368191898746233	0.0690573366987991	0.533168402297559	0.593917012281906	0.788515361241292
B9J08_02784	2149.25955255629	0.0394363217633518	0.0740493965486931	0.532567766942158	0.594332819801294	0.788878048073184
B9J08_00465	2375.86660302251	-0.0380771122240123	0.0715979009149863	-0.531818834594386	0.594851476621623	0.789377043472696
B9J08_03772	1.03593745229824	1.46292112852678	2.75243362964743	0.531500964371725	0.59507167320642	0.789479833174553
B9J08_03766	2313.56688641751	-0.0421162044689772	0.0793274322175838	-0.53091601847717	0.595476976946473	0.789828095801186
B9J08_00766	658.317281105126	-0.0649924762662418	0.122555650718386	-0.530309911336397	0.595897075925345	0.790195810823084
B9J08_01978	8738.75004298175	0.0290152236871228	0.0547563840126667	0.529896635986971	0.596183598686426	0.790386261825173
B9J08_01533	3155.96908534921	-0.0390149819294731	0.0736603875991589	-0.529660285549714	0.596347488059242	0.790414080147536
B9J08_05391	1130.19141898581	0.0501289275180797	0.0948033847996231	0.528767275810168	0.596966901209508	0.790666650045448
B9J08_03969	926.778480020898	0.0543950627875677	0.102810322217866	0.529081726563395	0.596748757174257	0.790666650045448
B9J08_03193	3320.96911816083	0.0346039603184355	0.0654343820198053	0.52883452476042	0.596920245521006	0.790666650045448
B9J08_03812	226.535966255554	-0.0970527206874977	0.184086758418901	-0.527211851200337	0.598046479674128	0.791906889891693
B9J08_00170	561.108834023056	-0.0659176629319309	0.125227381656884	-0.526383783320981	0.598621580737363	0.792478689099654
B9J08_04174	44.0183709506298	0.22103407304555	0.420275296033455	0.525926874911903	0.598939015358332	0.79267490947365
B9J08_04098	677.129617266206	-0.0622460558671845	0.118423264671921	-0.525623542296611	0.599149796173579	0.79267490947365
B9J08_01983	581.926602350116	0.0632098559254615	0.120280497385391	0.52552040687802	0.59922147092654	0.79267490947365
B9J08_01426	9.13410740523964	0.491192115684622	0.934988791225322	0.525345458998396	0.599343061185826	0.79267490947365
B9J08_04107	2619.30061370436	-0.0368614161764546	0.0702147663159384	-0.524980970677776	0.599596419551342	0.792820415141877
B9J08_04773	1072.95588661812	0.0503803752755421	0.096202708449624	0.52368978054213	0.600494324721654	0.793628222230697
B9J08_00893	1415.37982480453	0.0491033269567268	0.0937581669605885	0.523723197120178	0.600471078873788	0.793628222230697
B9J08_05309	1385.20629200339	0.0445647202520359	0.0854837238283342	0.521324039901788	0.60214105699243	0.79561447353682
B9J08_05331	6787.32695014088	0.0314041194981091	0.060307827145853	0.520730409042246	0.602554587640314	0.795970724680816
B9J08_02044	499.158725379858	0.0702129432827069	0.134919649184979	0.520405617023526	0.602780895922705	0.796079545212149
B9J08_03962	2.04675231634822	-0.982377995868191	1.89122225146028	-0.519440798197917	0.603453387028885	0.796397204403904
B9J08_02903	3576.76518581457	-0.0351327144366935	0.0675930762345293	-0.519767946568857	0.603225322617769	0.796397204403904
B9J08_02358	1168.47875710757	0.0473553368037278	0.091163389720587	0.519455638374906	0.603443040681107	0.796397204403904
B9J08_01148	4833.86532843134	-0.031246722031466	0.0605217336298276	-0.516289275891897	0.60565238514321	0.799108621714479
B9J08_00272	917.712062421223	0.0519309921646315	0.100685348938817	0.515775062727231	0.606011521426673	0.799391777965878
B9J08_04580	1509.97058625345	0.0435861736412125	0.0846854765164214	0.514682982657135	0.606774566891029	0.799635484744885
B9J08_03506	14124.6345159568	0.0291735363442712	0.0566475980465459	0.515000412202827	0.606552731960763	0.799635484744885
B9J08_02445	1359.22460131017	0.0443051690005695	0.0860775608223745	0.514712180239348	0.606754160711929	0.799635484744885
B9J08_01305	4744.55354260249	0.0319234883430988	0.0619624811074938	0.515206747252701	0.606408554616333	0.799635484744885
B9J08_01289	3430.90732867134	-0.0386544296534054	0.0751743885636742	-0.514196794838768	0.607114408430074	0.799892756795316
B9J08_01525	5762.48992246265	-0.0308707412993795	0.0601363542513222	-0.513345740421248	0.607709493422246	0.800486117675266
B9J08_03296	5244.62553693687	-0.0320315188004147	0.0624508468251034	-0.51290767745905	0.608015902719556	0.800684245217986
B9J08_03099	2352.40764575285	-0.0377687298698585	0.0736639203931116	-0.512716804485881	0.608149433042986	0.800684245217986
B9J08_04398	38.5767187805715	-0.224308427568754	0.438112599731016	-0.511988077280752	0.608659353923258	0.80082375815373
B9J08_03805	1158.87062796854	-0.047385346673896	0.092626778604921	-0.511572866805697	0.608949979155875	0.80082375815373
B9J08_02181	2371.84846205722	-0.0378568778018015	0.0739593131906601	-0.511860861987862	0.608748391294782	0.80082375815373
B9J08_01180	437.433285441309	0.071349866956555	0.13948299789131	0.511530925168049	0.608979339503632	0.80082375815373
B9J08_01024	1676.74484372412	0.0483564615534578	0.0944103658562262	0.512194409108613	0.608514955600225	0.80082375815373
B9J08_04638	1167.00994781504	0.0508621834069165	0.0996343822179745	0.510488269959291	0.609709430393732	0.801027878636863
B9J08_01909	693.314785126026	0.0593091169915857	0.116182595247509	0.510481943231143	0.609713861699727	0.801027878636863
B9J08_01452	3073.32293187064	0.0344517692500899	0.0674640888031086	0.510668266055384	0.609583365257859	0.801027878636863
B9J08_01432	1931.01985385757	-0.0416679062018622	0.0815695977563833	-0.510826427345003	0.609472602283368	0.801027878636863
B9J08_04654	1184.02184299004	0.0467346664656038	0.0919406750549681	0.508313283948185	0.611233655506978	0.801043322360766
B9J08_04049	1324.2015353414	-0.04710172590555	0.0926849084901614	-0.508191966446726	0.611318724224335	0.801043322360766
B9J08_03590	7346.49687535641	0.0283160028696311	0.0556475860615195	0.508845124716232	0.610860786797848	0.801043322360766
B9J08_03501	3434.31423036195	-0.0330937546096137	0.065054965306289	-0.508704515540099	0.610959356800176	0.801043322360766
B9J08_03382	3802.17835253101	0.0336233575107074	0.0661128242964277	0.508575421917412	0.611049860364646	0.801043322360766
B9J08_02495	2605.63830107425	0.0379528298310517	0.0745321807635683	0.509213999137447	0.610602231559298	0.801043322360766
B9J08_02385	548.587954567466	-0.0625111273286759	0.122809916543335	-0.509007163982706	0.61074720259606	0.801043322360766
B9J08_01512	2334.81379331538	-0.0415938170275481	0.0816460235891159	-0.509440817802337	0.610443271605686	0.801043322360766
B9J08_00335	1211.9993951619	-0.0494019692824374	0.097105240928538	-0.508746683598607	0.610929795360261	0.801043322360766
B9J08_00185	3239.17236860597	-0.0340180873067197	0.0668960365083449	-0.508521716417028	0.611087513387825	0.801043322360766
B9J08_00035	2295.62440900328	0.037514086277289	0.0736059118832368	0.509661320911269	0.610288755351797	0.801043322360766
B9J08_04532	157.565620089608	0.113312494476819	0.223383747577527	0.507254872861746	0.611975997738303	0.801714647913442
B9J08_02939	4.84785785082538	0.630395392623447	1.24407802890846	0.506716924481455	0.612353453696862	0.802019169405007
B9J08_02120	1079.43392429999	0.048552907471806	0.0959374285430102	0.506089314766645	0.612793951331399	0.802382069897682
B9J08_00614	5893.63286693083	-0.0301241827845087	0.0595446901017756	-0.505908801154553	0.612920673534208	0.802382069897682
B9J08_01402	2169.56201560149	0.0378981675753912	0.0750663324969003	0.50486238390501	0.613655495892085	0.803153939370356
B9J08_04693	817.404835146908	-0.0536963917570702	0.106529652830243	-0.504051128774786	0.614225448326671	0.803519620315709
B9J08_01840	2779.57823797979	0.0376844706513307	0.0747564199250376	0.504096781107482	0.61419336879845	0.803519620315709
B9J08_01325	766.847761686072	0.057345255682196	0.113829973795131	0.503779925183895	0.614416036132742	0.80357888291563
B9J08_01527	4413.98832620132	0.0316453907603077	0.0628790870888627	0.503273699180546	0.614771855152669	0.803854168049507
B9J08_05281	982.553054867881	0.0518873981750423	0.10329266692614	0.502333802767866	0.615432735287169	0.804469173777119
B9J08_01720	2281.21316310295	-0.0367018127481342	0.0730833577919187	-0.50219111240935	0.615533094092346	0.804469173777119
B9J08_04627	3571.58200305074	-0.0323803132644102	0.064543796506333	-0.501679712336615	0.615892837587918	0.804749181360448
B9J08_03611	1.99145180071507	-0.937304204902351	1.87015931070082	-0.501189497354163	0.616237765119981	0.805009702144217
B9J08_03049	755.262909444777	-0.0555239911860227	0.110869041006107	-0.500806994289455	0.616506962721259	0.805171194996761
B9J08_02257	67.1298805697272	0.165516321190611	0.330667305654611	0.500552423418285	0.616686152924442	0.805215087777405
B9J08_05011	422.590821133156	-0.0688428498027821	0.137743061493932	-0.499791779390752	0.617221699596888	0.805534030313918
B9J08_02237	1274.14638319957	0.0463790474412351	0.0927873414183363	0.499842400184017	0.6171860526853	0.805534030313918
B9J08_01999	740.334591294661	0.0557590968526453	0.111925460250444	0.498180634932202	0.618356730319497	0.806565877461058
B9J08_01483	6251.35506984666	-0.0301855421620723	0.0605611493370264	-0.49843080081073	0.618180431822677	0.806565877461058
B9J08_01292	17315.3502921152	0.028089547766921	0.0563992135863525	0.49804857161551	0.618449807686195	0.806565877461058
B9J08_04937	16.165041469766	-0.329533311174976	0.663044448690091	-0.497000332068236	0.61918881715748	0.807339308745409
B9J08_01870	322.324663080246	0.0780357531317559	0.157106344068293	0.496706569009297	0.619395989390198	0.807419094347675
B9J08_04629	1018.03849515406	0.0478432338541305	0.0963814375354966	0.496394690487057	0.619615970381742	0.807515535386761
B9J08_00113	1099.45355909265	-0.0463571344354838	0.0934744723365443	-0.49593363061286	0.619941237620349	0.80774911313973
B9J08_04390	3761.83347224103	-0.0325554949956326	0.0657646202338379	-0.495030532828681	0.620578568025653	0.80838908613987
B9J08_03507	1192.16474453984	0.0457182278844531	0.092477226275327	0.494372828055406	0.621042900072841	0.808803456628887
B9J08_05280	522.334313092515	0.0637065985398228	0.128923664756203	0.494142007677902	0.621205892423234	0.808825280365562
B9J08_01912	1068.09537537991	0.050568357078074	0.102531658961308	0.493197492270722	0.621873049628072	0.809312902939498
B9J08_01272	463.977411123597	-0.0700846583162617	0.142045073439125	-0.493397318325843	0.621731876817788	0.809312902939498
B9J08_00962	1836.95095239121	0.0389171920434517	0.0789759796273151	0.492772514213822	0.622173333741639	0.809513222518232
B9J08_00103	2999.66156930011	-0.036070488738432	0.0732668241195457	-0.492316804664246	0.622495402215256	0.809741784960626
B9J08_03634	1186.05975477773	0.0473755737978996	0.0963098352286322	0.491907951928623	0.622784416575772	0.809873441241198
B9J08_00534	889.096046763244	0.0515309409224051	0.104788935726571	0.491759369108073	0.622889462853021	0.809873441241198
B9J08_03987	1333.58847239976	0.0453623877594415	0.0923281914029179	0.491316758946151	0.623202428425976	0.810089925176045
B9J08_01068	1180.29979262435	-0.0448356685145545	0.0913150308783144	-0.490999872455851	0.623426537760568	0.810190831850023
B9J08_00046	170.421232545131	-0.103214905353849	0.210534952266321	-0.490250688746849	0.623956516171923	0.810689098178742
B9J08_02336	1525.46869650728	0.0405332811861297	0.0828088698963843	0.489479946252708	0.624501948608819	0.811207204733532
B9J08_00467	21.6573691228588	-0.28447189801074	0.581890855033192	-0.488875010751825	0.624930188347238	0.811572874324624
B9J08_01449	0.930526057944288	1.38384281088506	2.83982835898011	0.487298046203767	0.626047132103013	0.812832555789146
B9J08_02666	265.353865080176	-0.0834996960046542	0.171544116182826	-0.486753482793096	0.626433038938919	0.813142721983374
B9J08_02604	893.728671001475	0.0496279766294037	0.102105560840363	0.486045776752499	0.626934710247812	0.813439291606804
B9J08_00939	432.29681748438	-0.0664391187780538	0.136701437070862	-0.486016242416045	0.626955649994541	0.813439291606804
B9J08_01795	279.617350826913	-0.0841009516555031	0.173336544984459	-0.485188808067239	0.627542420326882	0.814009645128514
B9J08_01522	15181.9118950736	-0.0260073313079081	0.0537953829130055	-0.483449134472479	0.628776867978369	0.81541966161509
B9J08_03988	518.452203288828	0.064912557544691	0.134472250350245	0.482720839248398	0.629293964509841	0.815576325556092
B9J08_02163	2554.62218562229	0.0341567037314683	0.0707682214083953	0.482655958447139	0.629340039319002	0.815576325556092
B9J08_01549	651.504685588302	-0.0595655909259015	0.123348723316751	-0.482903992228124	0.629163907031958	0.815576325556092
B9J08_03278	195.48161236485	0.0961515532509851	0.199461479047757	0.482055751867576	0.629766341715579	0.815937605066495
B9J08_04972	2.55391201030662	-0.886609270773683	1.84178064347315	-0.481387006599088	0.630241469654311	0.815979767944288
B9J08_04124	2093.33514165099	-0.0393848015059826	0.0818145575897884	-0.481391119945362	0.630238546749828	0.815979767944288
B9J08_00977	5144.4066238147	0.0294019470995398	0.0610584882756091	0.48153742304958	0.630134588928755	0.815979767944288
B9J08_03916	5756.17046467969	0.0286999202953759	0.0597337297369801	0.480464227192033	0.630897334084258	0.816064816375125
B9J08_02809	16.2954768281171	-0.331345971560582	0.689356566415591	-0.480659774205768	0.630758324962123	0.816064816375125
B9J08_01152	1050.66303458952	0.0539562152702371	0.112177074551702	0.480991463593295	0.630522565759284	0.816064816375125
B9J08_00730	622.80755728101	-0.0562828379061941	0.117042568785245	-0.480874937130476	0.630605386512375	0.816064816375125
B9J08_02349	1503.7100880074	0.0419814681370412	0.0877002399219648	0.478692739887554	0.632157231453288	0.81734511412641
B9J08_01155	21613.3485780652	0.0261030647378755	0.0545339692682496	0.47865697450842	0.632182679123627	0.81734511412641
B9J08_03856	1378.11083374053	0.046272511124063	0.0967364653460072	0.478335764683518	0.632411244853236	0.817383918412327
B9J08_01756	112.740912997574	-0.121905548796636	0.254926160989382	-0.478199445374747	0.632508257241866	0.817383918412327
B9J08_05279	249.604033797491	0.0841136626376962	0.176050209866539	0.477782234406091	0.632805207022031	0.817576640980811
B9J08_04717	986.6093249494	0.0466702861891916	0.0977841303620622	0.477278736502406	0.633163650328147	0.817733407526884
B9J08_02571	8108.61822759338	-0.0302799702167433	0.0634538876415061	-0.477196454657204	0.633222235479596	0.817733407526884
B9J08_03998	959.609817155177	0.0471168210845594	0.0990393198614951	0.47573853647674	0.634260662882424	0.818312543673834
B9J08_03784	0.958176315760866	1.33859295013766	2.81373084832332	0.475735961360809	0.634262497691146	0.818312543673834
B9J08_03134	835.818964958882	-0.0496554152498053	0.104305544587693	-0.476057293464953	0.634033561110522	0.818312543673834
B9J08_01055	1369.08974240305	-0.0418059799140757	0.087846144911588	-0.475899994884818	0.634145625834299	0.818312543673834
B9J08_05420	343.999562729564	-0.0715273639168719	0.151093238387696	-0.473398840875571	0.635928656681644	0.81933725050447
B9J08_02248	1521.69835694754	0.0395839108930412	0.0836205909762751	0.473375163113496	0.635945546269334	0.81933725050447
B9J08_01832	5670.89522167241	-0.0277110789278847	0.0585169309967911	-0.473556600728159	0.635816129812839	0.81933725050447
B9J08_01367	82671.4563207697	-0.0256158007383929	0.054025625420068	-0.474141678864819	0.635398878988618	0.81933725050447
B9J08_01333	311.235681518487	-0.0762475302569986	0.161026308743621	-0.473509769005489	0.635849533043338	0.81933725050447
B9J08_01116	910.514930937044	0.0473137146908257	0.0997722399699286	0.4742172242007	0.635345011962933	0.81933725050447
B9J08_02422	642.368151212485	0.0562002519113254	0.118825896964781	0.472962993310985	0.636239581490496	0.819491751767124
B9J08_01713	2266.14003390536	-0.0358748337406299	0.0758787291246689	-0.472791705323471	0.636361792413632	0.819491751767124
B9J08_02742	88.3838613101181	0.13860134894303	0.293390889344728	0.47241190499333	0.636632808472569	0.81964992170898
B9J08_05257	7.03891996655851	0.477228395094981	1.01165584977259	0.471729981299725	0.637119534265019	0.81981145594923
B9J08_03167	4298.82493220832	-0.0302358275456552	0.0640668058435059	-0.471942172667565	0.636968065027732	0.81981145594923
B9J08_02582	388.847153145489	-0.0673160697755465	0.142760345167664	-0.471531990879454	0.637260880069174	0.81981145594923
B9J08_01098	140.430670559833	-0.110407652096762	0.23420949104749	-0.471405542119449	0.637351159027606	0.81981145594923
B9J08_02285	316.966463504789	-0.0752674280369893	0.159833802210644	-0.470910577086785	0.637704594454182	0.82002521289485
B9J08_00709	1494.11845884453	-0.0422447598064951	0.0897378219425551	-0.470757579045519	0.637813861123421	0.82002521289485
B9J08_03645	7.90107795083401	-0.449036092599503	0.954545918905674	-0.470418534829937	0.638056024500988	0.820145914830343
B9J08_01949	4686.50709977386	0.0283674424702729	0.0606111056022552	0.468023841314279	0.639767540374591	0.822154801536214
B9J08_04896	6.90067803413328	0.477738991068258	1.02408071158619	0.466505213566901	0.640853916641826	0.823297345863583
B9J08_03198	2316.19553237905	0.0339115260974554	0.0727145749159122	0.466364908777519	0.640954324948217	0.823297345863583
B9J08_02332	908.31446736212	0.0473056710503178	0.1014921217179	0.466101902784192	0.641142561357871	0.823347923582629
B9J08_05092	8017.66510419951	0.0262082492937502	0.0563890326299395	0.464775650005299	0.642092127082286	0.824375941247012
B9J08_05019	322.654745387475	0.0726466532830024	0.15662213313502	0.46383389006952	0.64276676056544	0.824378344094759
B9J08_03738	0.400905743081672	2.07028621153614	4.45922519394596	0.464270388126362	0.642454036766078	0.824378344094759
B9J08_02509	1018.7809816734	-0.0445487205411137	0.0960655052421706	-0.463732745992553	0.642839233064671	0.824378344094759
B9J08_01689	0.400905743081672	2.07028621153614	4.45922519394596	0.464270388126362	0.642454036766078	0.824378344094759
B9J08_00279	4737.96908026051	-0.0283983506274263	0.0612383815966674	-0.463734505827824	0.642837972065476	0.824378344094759
B9J08_03336	1052.06484933888	0.0444207517573701	0.0959122060619027	0.463139714758521	0.643264224550281	0.824732133979509
B9J08_05265	106.782430775242	0.121451482967361	0.262767507767496	0.462201297257896	0.643936973054719	0.825212094060624
B9J08_01190	1017.01828058392	0.0457771513583678	0.0989993640335907	0.462398438669116	0.643795618775614	0.825212094060624
B9J08_02256	340.596335934877	-0.0713074499443377	0.154416573843692	-0.461786245927972	0.644234615142919	0.825288324439995
B9J08_00840	1915.96940792	-0.0375035726123328	0.0812289202689033	-0.461702217488298	0.64429488066026	0.825288324439995
B9J08_02607	3838.63772808064	0.0336364937699707	0.072987906866688	0.460850231414467	0.644906060301221	0.825879930429742
B9J08_04862	2.35093146919746	0.857605228705223	1.86806276472227	0.459088016152779	0.646170962033188	0.826351812949264
B9J08_04608	870.952405256545	0.0479867114852728	0.104438108881678	0.459475109221278	0.645893022379598	0.826351812949264
B9J08_04119	1070.33334350148	-0.0462906175677131	0.100708625945528	-0.459648983720135	0.645768193507375	0.826351812949264
B9J08_01100	679.680218191363	0.0535917506392218	0.116576173917498	0.459714441109976	0.645721202586836	0.826351812949264
B9J08_01054	1377.56670323966	-0.0418010996323483	0.0908527784408371	-0.460097097190803	0.645446527579092	0.826351812949264
B9J08_00069	566.419708178722	-0.0557700694171174	0.121462476175945	-0.45915472146584	0.64612306291775	0.826351812949264
B9J08_03082	3888.52894910644	0.0288812789866605	0.0630050434142907	0.458396303241173	0.646667747088859	0.826644511952047
B9J08_01458	1953.63490018848	-0.0355066657720159	0.0774657415719075	-0.458353138452265	0.64669875306753	0.826644511952047
B9J08_00859	2884.06938454216	-0.0328330091972589	0.0717572865077443	-0.457556448901052	0.647271138393365	0.827184996870079
B9J08_02315	488.821115121567	0.0592348710163528	0.129590250453409	0.457093576168749	0.647603787332422	0.827418929945859
B9J08_03597	1825.86524465554	-0.0366970260604832	0.080335623981364	-0.456796427808864	0.647817373601	0.827500668218737
B9J08_03124	1459.0256186875	-0.0430835881559567	0.0944818384016207	-0.455998622431733	0.648390968820639	0.828042126194171
B9J08_03795	2034.53944840148	0.0354742295710188	0.0778988688704519	0.455388249988758	0.6488299470034	0.828082130856633
B9J08_02557	998.103316870321	-0.0438587912458487	0.0962490115687979	-0.455680432775134	0.648619794712299	0.828082130856633
B9J08_01901	1142.54383825589	-0.046608018189325	0.102360839070353	-0.455330560130432	0.648871443705053	0.828082130856633
B9J08_02712	1262.27363248112	-0.0424711596659518	0.0933279729390412	-0.455074275466077	0.649055804157397	0.828126332824582
B9J08_04188	487.602049375789	0.0587875888846697	0.129349883088397	0.454485056198269	0.649479745350181	0.828476123508269
B9J08_04134	3129.53573269209	-0.0309698621265286	0.0683210830377288	-0.453298758590026	0.650333626616335	0.82899176971997
B9J08_01572	1085.56604693847	-0.0425707686923872	0.0938569605184713	-0.453570715024477	0.650137835374166	0.82899176971997
B9J08_00231	3767.00978405119	-0.0289182253882746	0.0637717053125729	-0.453464828116699	0.650214064306437	0.82899176971997
B9J08_00906	6763.478335736	-0.0261579417417209	0.0577345593898972	-0.453072510090001	0.650496529462761	0.829008365082611
B9J08_04868	14.6886272841327	0.321974139793534	0.711616269490678	0.452454719766284	0.650941434254037	0.829384260045861
B9J08_02240	2657.70982991696	0.0316688341469488	0.0703316016450934	0.45027887046787	0.652509372549493	0.831002541413371
B9J08_01612	682.186511151429	0.0519489508950103	0.115371560918253	0.450275184642939	0.652512029896632	0.831002541413371
B9J08_01007	1047.97286569837	0.0430468758843433	0.0957444382540676	0.449601842877954	0.652997559044683	0.831429442697086
B9J08_04085	496.044021312796	0.0595463452651803	0.132560740424266	0.449200457651337	0.653287057388487	0.831606608611213
B9J08_01754	1238.87665771316	0.0421905950265862	0.0940010499894881	0.448831103815375	0.653553499272019	0.831754349855853
B9J08_04630	2225.76461333755	-0.0328611211886512	0.0732509709767492	-0.448610042303491	0.653712988210163	0.831765939220247
B9J08_04704	6758.53483164032	0.0254590333026613	0.0569633763409015	0.446936873093684	0.654920639726238	0.832153930237956
B9J08_03793	1374.63714253986	-0.0387082142146157	0.0865322440722627	-0.447327058596685	0.654638932755565	0.832153930237956
B9J08_02297	17701.2434098206	0.0268106534744284	0.0598860629999615	0.447694373805231	0.654373782655599	0.832153930237956
B9J08_02005	1662.48506095055	-0.0367327922601307	0.082032628113206	-0.447782706771737	0.65431002513601	0.832153930237956
B9J08_01537	1018.69686667456	0.0429956189475117	0.0961880156561291	0.446995591438548	0.654878242987708	0.832153930237956
B9J08_00624	1356.28866909954	0.0388695829914595	0.0868498581461298	0.447549182245746	0.654478585403188	0.832153930237956
B9J08_02318	559.56163018598	0.0571221831361759	0.128009414223913	0.446234235837205	0.655428055161583	0.832607389319871
B9J08_03284	3942.71810414713	0.032367025645577	0.072633936073883	0.445618500044572	0.65587284479449	0.832981103228088
B9J08_05572	3123.1867811504	0.0307749909514592	0.0691727946590569	0.444900211176155	0.656391870024686	0.83325761604465
B9J08_03462	27.2224382468767	0.242091813376253	0.543993477740826	0.445027051393422	0.656300205036986	0.83325761604465
B9J08_01157	4829.51021164071	0.0268158880051264	0.0603537456026084	0.444311910344259	0.656817091349265	0.833606088171818
B9J08_00822	11.7094844688367	-0.378996098743226	0.854095427293141	-0.443739758617333	0.657230746798311	0.833939724831717
B9J08_01278	585.009112134042	-0.0534212853779465	0.120552443679231	-0.443137308108751	0.657666421247087	0.834301141265513
B9J08_01716	2296.07762158081	0.0322609742193456	0.0728638499834428	0.442756925782489	0.657941562451634	0.834458789708779
B9J08_04849	129.370002973653	-0.105813265858685	0.239322801583243	-0.442136165708723	0.65839067513173	0.834645616354251
B9J08_01437	464.721287236421	-0.0587737489620785	0.132875318045518	-0.442322545876766	0.658255818295065	0.834645616354251
B9J08_04753	336.277816974572	-0.152721092727992	0.346002155549465	-0.441387691604017	0.658932351347348	0.834791924405018
B9J08_03005	2054.02649681042	-0.0331321516953373	0.0750698381862233	-0.441351047182857	0.658958875782374	0.834791924405018
B9J08_00299	961.806982978959	0.0432636266719449	0.0979690714974875	0.441604947466043	0.658775103234848	0.834791924405018
B9J08_05040	5946.7790719315	-0.0269782532836612	0.0611822710646721	-0.440948869896381	0.659250013089448	0.834944844512074
B9J08_00902	1574.00557739149	-0.0363222249676828	0.0824068132702993	-0.440767256082865	0.659381500782632	0.834944844512074
B9J08_05090	812.585724291641	-0.0471843618803658	0.10736699686972	-0.439468023284843	0.660322447049822	0.835753650945667
B9J08_00801	1826.62945148972	-0.0353132304960308	0.0803509429413908	-0.439487443498812	0.660308378345357	0.835753650945667
B9J08_05080	1637.79347636111	-0.0357463332576548	0.0814114634416327	-0.439082307902287	0.660601898074757	0.835916059998051
B9J08_03259	588.851365224151	-0.0534732683272277	0.12201557235841	-0.438249538920773	0.661205401066849	0.836297066842154
B9J08_01921	11.4486944558414	0.346166127943152	0.789552153719933	0.438433517421501	0.661072053913195	0.836297066842154
B9J08_05351	1822.37523256872	-0.0367260655086078	0.0840672123032752	-0.436865509184691	0.662208886759764	0.837019721644946
B9J08_02283	610.556091277352	-0.0550110223969392	0.125930791421897	-0.436835358340913	0.662230754279205	0.837019721644946
B9J08_02027	313.943070768999	0.0709765406531683	0.162474935539388	0.436846092091306	0.662222969372998	0.837019721644946
B9J08_03407	903.682089939495	-0.0444280362036448	0.101870037319204	-0.436124667986841	0.662746280443157	0.837377459673559
B9J08_03394	1155.49160033431	-0.0396378207557848	0.091021939191532	-0.435475459080006	0.663217348388243	0.837377459673559
B9J08_03196	390.010085175769	-0.0626253902717428	0.143833544806266	-0.435401841455657	0.663270773970324	0.837377459673559
B9J08_02439	1690.31500228537	-0.0351069000185493	0.0805811922265643	-0.435671141720536	0.663075346442202	0.837377459673559
B9J08_02045	6.81417770663454	-0.482071230735408	1.10611684157084	-0.435823063728783	0.662965108828203	0.837377459673559
B9J08_01185	2498.19083980726	-0.0331978912653414	0.0764109038320327	-0.434465365549364	0.663950540086464	0.838044371797863
B9J08_01494	135.915073875745	0.104321858007093	0.240355343222319	0.434031782312404	0.664265361808951	0.838250448588937
B9J08_02276	1.53790750934428	0.982393470252257	2.26796384117342	0.433160993318119	0.664897814485801	0.838857165127957
B9J08_04335	4581.95988569963	-0.0263849950881439	0.0610161537755914	-0.432426389660419	0.665431541528313	0.839147710030347
B9J08_03446	232.323852000872	-0.0791649598455513	0.183031072623429	-0.432521968597247	0.665362088952382	0.839147710030347
B9J08_05214	1645.14818985565	-0.0363931070787053	0.0842347546994239	-0.432043842337612	0.665709548838787	0.839197330129813
B9J08_03171	1738.87842150062	-0.0342817775716604	0.0793642899085577	-0.431954694121995	0.665774341820579	0.839197330129813
B9J08_05353	661.508620540675	-0.0546891347941475	0.127106579720644	-0.430262028247035	0.667005045456456	0.839409535021538
B9J08_04475	2221.70513065912	0.0315214639566447	0.0732391459302731	0.430390927642091	0.666911293697695	0.839409535021538
B9J08_03954	4801.20255838315	-0.0270318146094454	0.062716681333537	-0.431014748144693	0.666457646935769	0.839409535021538
B9J08_03674	2379.32263270352	0.0317340104714591	0.0737236815239228	0.430445276409069	0.666871766036803	0.839409535021538
B9J08_02575	257.788550274069	0.0760116515348175	0.176265789239172	0.43123315002254	0.666298852333413	0.839409535021538
B9J08_01404	1373.20181054043	0.0395154160503099	0.0916626569827608	0.431096123012686	0.666398479534785	0.839409535021538
B9J08_00773	938.858470964306	-0.0434285486392731	0.100841487555091	-0.430661523269848	0.666714499640401	0.839409535021538
B9J08_05113	1924.56746966502	0.0341294690605708	0.0794817367742925	0.429400142041305	0.667632050441531	0.839714931927719
B9J08_04058	2452.46559923618	-0.0309519764563422	0.0720983089719643	-0.429302391383105	0.667703176752506	0.839714931927719
B9J08_01282	2099.79953941746	0.0328107883369015	0.0763691137807175	0.42963426852265	0.667461705130441	0.839714931927719
B9J08_02158	404.7815646091	-0.0611142133680294	0.142942073167762	-0.427545312682736	0.668982188419478	0.840941019124576
B9J08_00277	1178.31177706708	0.039647089147851	0.0927279169231264	0.427563677298169	0.668968815483479	0.840941019124576
B9J08_05552	1001.09806443744	-0.0420288057337773	0.0987358401312398	-0.425669196493519	0.670348910779942	0.84246758135057
B9J08_00494	3576.75806062737	0.0287295307648713	0.0675418765747699	0.4253587880856	0.670575144005932	0.842560454678966
B9J08_04620	3302.27660089735	0.0282950458952268	0.0665934071414944	0.424892599880149	0.670914969468034	0.842795979134157
B9J08_04016	1270.94792990646	0.040200726270999	0.0946991715076436	0.424509799093165	0.671194060442874	0.842945166464773
B9J08_02704	242.009941717627	-0.0764788681547271	0.180242203722654	-0.424311657176631	0.671338538831554	0.842945166464773
B9J08_04408	1665.95472100925	0.0347408981212949	0.0819277512346199	0.424043106246209	0.671534376481674	0.842999690494811
B9J08_02986	1089.51336849487	0.0411704121365033	0.0972126777246399	0.423508672944085	0.671924172110226	0.843297616505936
B9J08_05465	301.080352698171	-0.0685675417820181	0.16230103808124	-0.422471369207735	0.672680994344026	0.843481881595286
B9J08_04752	164.410127941948	0.097129666581105	0.229617152353914	0.423007016616061	0.672290141727439	0.843481881595286
B9J08_03487	435.485724434035	0.0575309669243751	0.136176778760043	0.422472667133288	0.672680047163329	0.843481881595286
B9J08_01040	1799.29705520692	-0.0350998625924901	0.0830061663829763	-0.422858495000784	0.672398506503673	0.843481881595286
B9J08_05048	1594.07819816064	0.0355715007654168	0.0842876432886485	0.422025096176908	0.673006699582857	0.843699015274883
B9J08_04092	883.465087416763	-0.0448501938533121	0.106480921776921	-0.421204034533752	0.673606098526815	0.84406781398999
B9J08_00604	1668.34987463254	-0.0339280864718331	0.0805469461484919	-0.421221264047493	0.673593518348472	0.84406781398999
B9J08_05560	5259.80276787734	0.0248763462914455	0.0591616441026085	0.420480983393575	0.674134118638722	0.844346877307692
B9J08_01990	7971.16012567107	-0.0231120008167928	0.0549446419681393	-0.420641576483376	0.674016828987771	0.844346877307692
B9J08_05594	5.61851455530534	0.471978886988894	1.12700429995576	0.418790670991601	0.67536912336946	0.844675399760839
B9J08_05176	1737.72376591543	0.0357563464329861	0.0853269941214774	0.4190508150572	0.675178995484101	0.844675399760839
B9J08_04707	4178.3288949199	0.0282460245104838	0.0672964013774551	0.419725630677579	0.674685898986917	0.844675399760839
B9J08_04053	2036.5429698143	0.0320813563291428	0.0765596610237983	0.419037335068273	0.675188846907606	0.844675399760839
B9J08_02941	3718.54714309145	-0.0276367654253445	0.0659640709061077	-0.418966947395988	0.675240288415248	0.844675399760839
B9J08_02817	4.03736156054052	-0.551195961417092	1.3154239444908	-0.419025336831967	0.675197615485886	0.844675399760839
B9J08_02149	1098.79673130462	0.0393489391118138	0.0939880609698888	0.418658909501497	0.675465429966044	0.844675399760839
B9J08_05349	2389.9546933741	0.0312745363026437	0.0751189064389701	0.416333753847342	0.677165796528336	0.845211389906345
B9J08_05146	509.874831049826	0.0573574153671137	0.137651057406685	0.416687066904639	0.67690731539817	0.845211389906345
B9J08_04694	2764.04381149529	-0.0304614995445585	0.0730450431114728	-0.417023500117205	0.676661218800483	0.845211389906345
B9J08_04079	674.260457283794	-0.0491307257900254	0.117980186636169	-0.416432006007383	0.677093912181663	0.845211389906345
B9J08_03652	918.322797931276	0.042520683160696	0.102248491186424	0.415856338487875	0.677515130352873	0.845211389906345
B9J08_03297	7447.48016807615	0.0233906369949124	0.0560768344052214	0.417117643016141	0.676592360653641	0.845211389906345
B9J08_01782	2742.02790823332	0.0328416077586553	0.0790286723477802	0.415565728019949	0.677727809480138	0.845211389906345
B9J08_01573	510.730992514191	0.0558134587594509	0.134165012989041	0.416006062355539	0.677405567105927	0.845211389906345
B9J08_01564	15.4064754690232	-0.281717942646974	0.677620953240405	-0.415745618992136	0.677596155807296	0.845211389906345
B9J08_01297	819.96150774881	-0.0448997769940021	0.10779891443412	-0.416514185042578	0.677033789693496	0.845211389906345
B9J08_00880	492.6295590662	0.0544356993385364	0.130357688924344	0.417587177156303	0.676248973638651	0.845211389906345
B9J08_00207	857.881060216726	0.0437641084850109	0.104990755351338	0.416837733365761	0.676797100539155	0.845211389906345
B9J08_02905	501.844678086634	-0.0560075984822288	0.135431889756523	-0.413548083711439	0.679205101122226	0.846862807553434
B9J08_00807	499.606329594837	-0.0538017400213433	0.130342496185481	-0.412772055130676	0.679773627297853	0.847380647415917
B9J08_03010	479.541085111281	0.0537768901284839	0.13046405131632	0.412196996689132	0.680195038282037	0.847714906881015
B9J08_01241	1347.66724115347	0.0385007036011784	0.0935029645147965	0.411759175775499	0.680515946649492	0.847866422277692
B9J08_00137	753.318422518823	0.0471461018241346	0.114539912685333	0.411612866806138	0.680623199224906	0.847866422277692
B9J08_04723	853.63510621476	-0.0429847358788914	0.104511511755422	-0.411291877391308	0.680858524866422	0.847968588389142
B9J08_05544	2856.60574741997	0.0283392676718173	0.0691146395664542	0.410032778143463	0.681781902862317	0.84800993386676
B9J08_04545	1489.81203851063	0.034201375186418	0.0832650377818235	0.410753133578521	0.681253561713488	0.84800993386676
B9J08_03596	2930.06318741069	-0.0280867501630697	0.0684701561989564	-0.410204265949926	0.681656111810687	0.84800993386676
B9J08_02647	622.245122291942	0.0480152016143828	0.117023905623187	0.410302504934248	0.681584054783305	0.84800993386676
B9J08_02508	877.583848478387	-0.0420232356103335	0.102475672734942	-0.410080114516824	0.681747179438558	0.84800993386676
B9J08_01332	2346.85634981587	0.0308079992954036	0.075142883688464	0.409992241223147	0.681811639107843	0.84800993386676
B9J08_03656	4777.22311470125	0.0269721383441087	0.0659753637622023	0.408821366128809	0.682670758864634	0.848887582572007
B9J08_00930	3.24427990868088	0.618266882204414	1.5146821718273	0.408182583583554	0.683139633669935	0.849279683935359
B9J08_05059	604.197457425194	0.0483954968888961	0.118870496906332	0.407127909350213	0.683914045973255	0.849981079752992
B9J08_00572	873.53099887838	-0.0412892617256528	0.101448897629088	-0.406995666691344	0.684011170851667	0.849981079752992
B9J08_04233	3047.39735321742	-0.03064109545171	0.0754130475786977	-0.406310266399648	0.684514642976808	0.850415653707261
B9J08_03414	1131.05271999923	0.0381301684844904	0.0939420907769444	0.40589014114053	0.684823322271377	0.850443744016699
B9J08_01733	885.820528823296	0.0411159883554132	0.101305603359229	0.40586094936542	0.684844772346841	0.850443744016699
B9J08_03807	254.427942506107	-0.0711569490835258	0.175641561889794	-0.405125918478072	0.685384955734133	0.850923499475979
B9J08_03710	3036.87442314239	-0.029029891453614	0.071693928817102	-0.404914222620886	0.685540563516499	0.850925685998598
B9J08_02609	3561.81003093538	-0.02664443269719	0.0659304321605977	-0.404129501719141	0.686117491688098	0.851450717192477
B9J08_01002	1479.8361578373	0.0386772968195233	0.0959251193273305	0.403203009709507	0.686798885767185	0.852105122740759
B9J08_05266	271.722368813012	-0.0686948882258101	0.171877928415072	-0.399672540036188	0.689397720025211	0.853860371784115
B9J08_04895	478.44202185596	0.0523079547575469	0.130811381809139	0.399873115275759	0.689249974861159	0.853860371784115
B9J08_04492	51.7662383361397	-0.153490530983136	0.383981203988898	-0.399734490617343	0.689352085517143	0.853860371784115
B9J08_04350	4507.16549990942	-0.0253040019784693	0.063278910284036	-0.399880495174283	0.689244539000809	0.853860371784115
B9J08_04232	28138.680913972	0.020197241668168	0.0504499015040593	0.40034253915328	0.688904240183526	0.853860371784115
B9J08_03133	3750.95868973266	-0.0263013361609278	0.0658531306002998	-0.399393862086309	0.689603015866867	0.853860371784115
B9J08_01489	5363.13472375607	-0.0238435241630865	0.0595441191347799	-0.400434577075798	0.688836461086652	0.853860371784115
B9J08_00931	2484.87996023062	-0.02875202021948	0.0717815174260404	-0.400549072386279	0.688752147277459	0.853860371784115
B9J08_00863	8112.6940390074	-0.0245252440273223	0.0613892648771471	-0.399503790710029	0.689522031167155	0.853860371784115
B9J08_03787	2294.07270888451	0.0313493478748116	0.0785869309770888	0.398912993357014	0.689957314881468	0.854107857790824
B9J08_03825	393.04011689004	-0.0574290980551507	0.144218766894178	-0.398208217223838	0.690476709304942	0.854559561236436
B9J08_00934	7820.26527730801	0.0223804297179966	0.0562562703459073	0.397829958871861	0.690755532111498	0.854713388838635
B9J08_05462	300.765902252406	-0.0639940723724414	0.161221828276406	-0.3969318116324	0.691417744844789	0.85534143295382
B9J08_01823	1731.71713549489	-0.0321388977177392	0.081034638774954	-0.396606910373155	0.691657355898499	0.855446519560509
B9J08_01215	2478.22510507825	0.031908075131589	0.0806192116736559	0.395787486247719	0.692261809142974	0.856002697601116
B9J08_03757	3.87413133764274	0.561242218981964	1.41889610429934	0.395548495257241	0.692438139263046	0.856029358127829
B9J08_00302	5252.01854442922	0.0266527035187116	0.0674430089106632	0.395188529533379	0.692703757300641	0.856166364610021
B9J08_05322	4202.03779411272	0.0248999111454533	0.0630427569428372	0.394968626896041	0.692866041642772	0.856175620269475
B9J08_00263	894.14175609068	0.0433875964465662	0.109917092330335	0.394730205527755	0.693042008414086	0.856201775416196
B9J08_00857	1218.05989923203	0.0375528580327231	0.0953719819880771	0.393751469246154	0.69376453768004	0.856903005339057
B9J08_05066	1.4601463728069	0.892369476459899	2.27466392514507	0.392308273145444	0.69483045152609	0.856910954899662
B9J08_04541	1.4601463728069	0.892369476459899	2.27466392514507	0.392308273145444	0.69483045152609	0.856910954899662
B9J08_03643	1619.4686458552	-0.0338118987027683	0.0860606624091945	-0.392884481204689	0.694404804048025	0.856910954899662
B9J08_03208	6320.0686513455	-0.0246227481512855	0.0626881526604215	-0.392781524200684	0.694480851782415	0.856910954899662
B9J08_03113	75.0776822129816	0.124797479121244	0.317429007804749	0.393150833896085	0.694208080675149	0.856910954899662
B9J08_02585	421.62581509762	-0.0543599965819832	0.13854472343728	-0.392364250570627	0.694789096528958	0.856910954899662
B9J08_01423	0.758566000742804	-1.28099123571747	3.26554888187706	-0.392274402268678	0.694855475090397	0.856910954899662
B9J08_03321	5756.83130697113	0.0239504808250729	0.0611277650889636	0.391810182986668	0.695198470509359	0.856951803072713
B9J08_00792	1724.49133596575	-0.0316251222223115	0.080674245202959	-0.39201014081693	0.69505072099726	0.856951803072713
B9J08_05506	4747.55347613527	0.0241086546929679	0.061633732879486	0.391160060678268	0.695678928042571	0.856971080401662
B9J08_04619	2559.32532648142	0.0274665596056294	0.0701949417258421	0.391289727298365	0.69558309122926	0.856971080401662
B9J08_02350	4805.57896038868	0.0238630777686615	0.0609785285106074	0.391335743113421	0.695549082033149	0.856971080401662
B9J08_00524	5659.31755642021	0.0240919374353442	0.0616298753007452	0.390913291934778	0.695861328656046	0.857004900644977
B9J08_02564	3.30476070456874	0.574673079630302	1.47381754928165	0.38992145256406	0.696594630140783	0.857581460135578
B9J08_01682	385.291874513612	-0.0582271617975285	0.149353771917723	-0.389860671410461	0.696639577000389	0.857581460135578
B9J08_01330	4373.8171316793	-0.0241051105240838	0.0619137022262046	-0.389334019083767	0.697029074015163	0.857870006314612
B9J08_03485	402.094663254007	-0.0552638578812826	0.142162975262478	-0.388735940418017	0.69747149276011	0.858032657129931
B9J08_01451	768.01379469013	-0.0434640540235987	0.111759384334648	-0.388907421800497	0.697344631734568	0.858032657129931
B9J08_05006	1980.55442238089	0.0306550536948247	0.0789940545523168	0.388067859898522	0.697965815843305	0.85825898786779
B9J08_04456	2335.9963488523	0.0286204742687665	0.0737114858297479	0.388276995729966	0.697811059224589	0.85825898786779
B9J08_04732	195.641392450721	0.077531885330746	0.199922280755014	0.38781012820554	0.698156549770892	0.85830270655319
B9J08_00632	515.696218958103	0.0496396159664644	0.128158055946053	0.387331218471039	0.698511016773363	0.85854765194966
B9J08_04770	1411.82803327867	0.0337232646346354	0.0872663487201046	0.386440651284705	0.699170348511242	0.858929609527082
B9J08_03630	478.221772876736	0.0530294147800952	0.137281526862385	0.386282233247986	0.699287657150687	0.858929609527082
B9J08_00347	12265.3775074573	-0.0204866959257499	0.0530297288043773	-0.386324734967509	0.699256183900304	0.858929609527082
B9J08_04970	1473.05952920227	0.0335296818948002	0.0871311673643926	0.384818462887972	0.700371919161523	0.859001053875155
B9J08_04003	5665.05136726075	0.0258062881545364	0.0669894655637309	0.385229049632966	0.70006772255725	0.859001053875155
B9J08_03619	78.024406083429	-0.118093694274356	0.306751318501875	-0.384981863651336	0.700250852606882	0.859001053875155
B9J08_02848	23062.6323342925	0.021056271861596	0.0547291339850136	0.384736068861638	0.70043296925998	0.859001053875155
B9J08_01828	853.065136753381	0.0409666750753222	0.106405091861881	0.385006716863691	0.700232439083528	0.859001053875155
B9J08_01422	6190.65682932873	0.0251168148980998	0.0652784246862034	0.384764415177565	0.700411965754634	0.859001053875155
B9J08_00096	2118.17628166717	0.0292592675569765	0.075945807082993	0.385265081520592	0.70004102945177	0.859001053875155
B9J08_02518	1366.13302165413	-0.0336867433239316	0.0877828850757675	-0.383750696902429	0.701163233409742	0.859706017288691
B9J08_01456	3132.03853066805	0.0272095816250697	0.071157687438292	0.382384287694367	0.702176343110243	0.860566663802959
B9J08_01120	711.405586081831	-0.0434750919384451	0.113649844434178	-0.382535428489954	0.702064255287181	0.860566663802959
B9J08_00186	1523.96543938641	-0.0317675402888305	0.0831361727605308	-0.382114538521459	0.702376408422765	0.860621159722267
B9J08_05363	1999.15938321092	0.0290019006217017	0.0759410626551192	0.381900115796532	0.70253545439014	0.860625381668187
B9J08_01776	6557.88651148716	-0.0217740244657539	0.0570992157899341	-0.381336663989567	0.702953451343405	0.860946753627187
B9J08_01187	488.39869863825	-0.0493376695327272	0.129550858646958	-0.380836298948652	0.703324722657114	0.861210768434027
B9J08_05390	1350.54590734179	-0.0340391217927297	0.0895065442996894	-0.380297575546639	0.703724535006515	0.861423723628273
B9J08_04759	554.66687929664	0.0484411275962065	0.127697403098662	0.379343090938034	0.704433104677396	0.861423723628273
B9J08_04179	351.436843809426	-0.0574136493966659	0.151272786845743	-0.379537196304926	0.704288988123442	0.861423723628273
B9J08_04086	566.546030995807	0.0485875209601551	0.127975967314649	0.379661290941407	0.704196857690176	0.861423723628273
B9J08_02625	966.909582481906	0.0370220745703094	0.097460634644043	0.379866955571608	0.704044177559372	0.861423723628273
B9J08_01891	917.429078598213	0.0408177703185073	0.107422835501552	0.379972937112775	0.703965504246129	0.861423723628273
B9J08_00996	19236.3278148492	-0.0190774866243447	0.0504381680684551	-0.37823512143527	0.705255936927369	0.862239298661645
B9J08_05070	607.535003637652	0.0447484841474444	0.118594002098363	0.377325019441789	0.705932081150381	0.862571701546133
B9J08_04285	2163.41976561257	-0.0291572243976241	0.0772363284631889	-0.37750660832513	0.705797154331769	0.862571701546133
B9J08_03402	2254.01812892097	0.0286957172310926	0.0760676500847847	0.377239433571413	0.705995677616949	0.862571701546133
B9J08_04301	1939.00821101456	-0.0291762864765257	0.0775732182427985	-0.376112879385847	0.706832979767863	0.862998860629077
B9J08_03902	903.964904905609	0.0380949840714593	0.101505469956777	0.375299814755609	0.707437503903857	0.862998860629077
B9J08_03868	5032.53667275103	-0.0228816840876405	0.0609302537669664	-0.375538959268965	0.707259677677891	0.862998860629077
B9J08_02529	1590.63895201799	0.0315788549823328	0.0840361441458348	0.375777057637621	0.70708264522284	0.862998860629077
B9J08_02500	734.640764154222	0.0416038715416255	0.110532562692452	0.376394706937041	0.706623480436165	0.862998860629077
B9J08_01656	2577.19561616801	0.0276953469605101	0.0737796924232547	0.375378997267015	0.707378622561571	0.862998860629077
B9J08_01616	426.212489095207	0.0544313278983015	0.144927540296589	0.375576151964697	0.707232022878229	0.862998860629077
B9J08_04775	389.919397589752	-0.0544051342787792	0.145626355284349	-0.3735940116921	0.708706389843406	0.863404194322441
B9J08_03347	1.21042517906805	-0.926075539489758	2.47537372478127	-0.374115443748434	0.708318429184555	0.863404194322441
B9J08_02865	923.218166851434	0.0392629390000879	0.104996555519336	0.373945019490256	0.708445221483172	0.863404194322441
B9J08_01045	832.205946313053	0.0387541105611726	0.103472390337431	0.374535762001754	0.708005755225624	0.863404194322441
B9J08_01009	2130.05775043786	-0.0296255567805057	0.079294846171366	-0.373612639546348	0.708692528874117	0.863404194322441
B9J08_00459	2390.99236802087	-0.0279320784202759	0.0746638317155211	-0.374104540022815	0.708326541100095	0.863404194322441
B9J08_04469	7161.39016740484	-0.0221999076990533	0.0595659579139786	-0.372694546961085	0.709375795430271	0.863649025869432
B9J08_02334	4562.9068340927	0.0231515738521243	0.062108384630229	0.372760843643905	0.709326448007411	0.863649025869432
B9J08_00826	368.855572111119	-0.0568705002444551	0.152556958473012	-0.372782079648734	0.709310641409405	0.863649025869432
B9J08_03861	447.093445030056	-0.0503496891881419	0.135173972280559	-0.372480650961705	0.709535015574411	0.863652766536547
B9J08_00196	843.660719745617	0.0385919055484942	0.103902565205856	0.371423992006687	0.71032175856189	0.864420164269706
B9J08_03354	2095.20797036025	0.0316220554467838	0.0854909165746754	0.369887898197492	0.711466018807242	0.865622206340267
B9J08_05350	1280.15917655802	-0.0324755476811482	0.0880711261935554	-0.368742277801423	0.712319832816996	0.866279902223132
B9J08_02119	1367.66510374276	-0.0318808661746752	0.08641722978347	-0.368917937482571	0.712188892802277	0.866279902223132
B9J08_05076	5211.10666244768	-0.0241716697572643	0.0660033632473776	-0.366218758681584	0.714201845641975	0.86645766389036
B9J08_04440	3.18375408261083	-0.559637953162158	1.5324732300657	-0.365186120176575	0.714972478393709	0.86645766389036
B9J08_04396	522.933753672065	0.0463465442261057	0.126709804336997	0.365769203643015	0.714537301753704	0.86645766389036
B9J08_04365	1518.79523418336	0.0307028585786698	0.0839680253569871	0.365649405808195	0.714626703714187	0.86645766389036
B9J08_03741	5.54846136859099	-0.41342831632629	1.12604805818753	-0.367149797311261	0.713507284146055	0.86645766389036
B9J08_03285	8124.15466626308	0.0206588579221825	0.0563359005416492	0.3667085770096	0.713836408095913	0.86645766389036
B9J08_03067	701.627106705805	-0.0413898397927948	0.112489712795752	-0.3679433324534	0.712915488600804	0.86645766389036
B9J08_02779	2186.87953736878	-0.0300374806189145	0.0819037840330137	-0.366741060544981	0.71381217550502	0.86645766389036
B9J08_02655	5542.39152804563	0.0214475363267222	0.0585223919774568	0.366484273831184	0.714003745270721	0.86645766389036
B9J08_02531	603.134737138936	-0.0434770596596865	0.118742655895652	-0.366145251946301	0.714256692289012	0.86645766389036
B9J08_02506	949.81551849698	-0.0373253372495868	0.102014378165918	-0.365883103153169	0.714452305189936	0.86645766389036
B9J08_01882	1888.68601819269	0.0283958262716453	0.0774242890277645	0.366756048111239	0.713800994936281	0.86645766389036
B9J08_01205	377.521366386469	-0.0544958049309715	0.148077495897011	-0.36802219406029	0.712856685329085	0.86645766389036
B9J08_00991	3822.90655420483	-0.0234152579210975	0.064117089471008	-0.365195271873425	0.714965647429506	0.86645766389036
B9J08_00379	1923.12130965995	-0.0287188346257855	0.0785550585984073	-0.365588609291264	0.714672076047364	0.86645766389036
B9J08_00238	1524.29575812187	-0.0313505746797979	0.0856370884483388	-0.366086414751365	0.714300594402729	0.86645766389036
B9J08_00041	10.9630278851463	-0.297768340706052	0.81619868681242	-0.364823351859283	0.715243272506319	0.86659595623931
B9J08_02771	1213.64890323398	-0.033311951778395	0.0915173300487346	-0.363996106099858	0.715860917110574	0.867145021487247
B9J08_01786	9.90377789876345	-0.311140066495889	0.855258624377879	-0.363796467673406	0.716010000566309	0.867145021487247
B9J08_00909	1001.50397936158	-0.0356149707797416	0.0981583377999986	-0.362831844731402	0.716730501936357	0.867827584546846
B9J08_01633	857.787732715329	0.0405056050371034	0.112167802493173	0.361116150417307	0.718012620451678	0.869189714098978
B9J08_03775	3.22699956803137	0.53098247968404	1.47297052015223	0.360484118602157	0.718485130965259	0.869571391546794
B9J08_03914	4896.89044072602	0.0225927265746553	0.062735602298328	0.360126080677757	0.718752849898914	0.869705100151147
B9J08_01395	4288.7311779652	0.0239181688510629	0.0664705985737987	0.359830802855007	0.718973666630824	0.869782010090789
B9J08_04760	1710.99775618045	-0.0294387060933155	0.0819567277284404	-0.359198163582851	0.719446850333341	0.87016412184424
B9J08_00348	21412.9745152716	-0.0182166216723522	0.0508912715776875	-0.35795178834437	0.720379393454283	0.871101535897603
B9J08_00119	1847.8096935041	-0.0283302040124641	0.0792406963695743	-0.357520886494151	0.72070189287355	0.871301020652154
B9J08_04604	1210.48432818857	-0.0327491251371052	0.0917775730603151	-0.356831457240461	0.721217985009681	0.871600886981122
B9J08_04573	1.18277492125147	-0.888895481925145	2.49298948372062	-0.35655805519024	0.721422683167524	0.871600886981122
B9J08_00725	1.18277492125147	-0.888895481925145	2.49298948372062	-0.35655805519024	0.721422683167524	0.871600886981122
B9J08_05235	4.98867248300113	0.432676407958468	1.21442297834111	0.356281473321181	0.721629782384638	0.871660695865786
B9J08_02584	1205.07407387165	-0.032493084566387	0.0912940190434741	-0.355916903503983	0.721902796473666	0.8718000801956
B9J08_05241	5.59087365414641	0.423692773013248	1.19476625788341	0.354623986254718	0.722871304160533	0.872588647601901
B9J08_01119	533.124690885831	-0.0510582720739522	0.143952101071799	-0.354689314666453	0.722822356821114	0.872588647601901
B9J08_04352	507.300977660305	-0.0451638054559934	0.127623732440328	-0.3538824996919	0.723426942707263	0.872687986938685
B9J08_03540	1375.79087035945	-0.0303196138640012	0.0856318107618731	-0.354069516856471	0.723286786223347	0.872687986938685
B9J08_02264	1183.72447057874	0.0326026296314036	0.0920920763858909	0.354022093006022	0.72332232625479	0.872687986938685
B9J08_05485	803.254821246245	0.0377773546764765	0.107317540751522	0.352014725756198	0.724827218863389	0.872976791889679
B9J08_05452	2139.92348958181	-0.0272507928817395	0.0777652996125148	-0.350423556747334	0.726020850056867	0.872976791889679
B9J08_05348	1940.87428610063	-0.0272867910798039	0.0778718781980045	-0.350406227655404	0.726033853316313	0.872976791889679
B9J08_05169	506.37193837056	0.045325031708565	0.128764853784609	0.351998471449222	0.724839408818279	0.872976791889679
B9J08_05154	1908.47670021667	0.0275955437880762	0.0783363690244194	0.352269886027957	0.724635869974032	0.872976791889679
B9J08_04297	975.67688672087	-0.0360802084098637	0.102957321709835	-0.350438490538329	0.7260096442267	0.872976791889679
B9J08_03510	341.455260536714	-0.0542946795853067	0.154152313907887	-0.352214496227091	0.724677406236643	0.872976791889679
B9J08_03358	1383.22498252751	-0.033324685098977	0.0945636426037527	-0.352404837434366	0.724534674645042	0.872976791889679
B9J08_03204	3260.13878990109	0.0236052765805447	0.0671616793529008	0.351469421372132	0.725236209202486	0.872976791889679
B9J08_01956	11.0322385153379	0.285074466469033	0.813077868661086	0.350611518843172	0.725879813701231	0.872976791889679
B9J08_01463	1515.06558288842	-0.0292923255134257	0.0834578734585417	-0.350983368009932	0.725600826048473	0.872976791889679
B9J08_00838	2236.78834716949	-0.0258287365219058	0.0733358723421009	-0.35219784938834	0.72468988969438	0.872976791889679
B9J08_00686	998.747166888664	-0.0342531511092627	0.0976982940626943	-0.350601322550033	0.725887464197004	0.872976791889679
B9J08_00273	18093.4350779556	-0.0212861769623012	0.0605623047692274	-0.351475675230857	0.725231518225654	0.872976791889679
B9J08_00025	580.110343332278	-0.0446807586118888	0.12684030438839	-0.352259944718159	0.724643324804032	0.872976791889679
B9J08_04094	1065.66337560327	-0.0331468418534007	0.0947385209589044	-0.349877130420677	0.726430910878442	0.873074612791974
B9J08_02953	100.546988694577	0.0945951757620662	0.270332694101896	0.349921329628042	0.72639773905687	0.873074612791974
B9J08_04641	595.552292457393	0.0456537216078265	0.130598307782505	0.349573607675355	0.726658720725808	0.873158675718976
B9J08_04784	1933.59925567593	-0.0283961012000842	0.0814722811099491	-0.348536960217953	0.727436961534406	0.873334889135402
B9J08_04106	2671.20084104298	0.0305902875985247	0.0876800766624036	0.348885274317302	0.727175440797998	0.873334889135402
B9J08_03834	2165.90017035334	0.0262714122348474	0.0753009614050738	0.348885482265266	0.727175284676268	0.873334889135402
B9J08_01833	674.159409930039	-0.0402742406054715	0.115492885131343	-0.34871620498241	0.727302377247645	0.873334889135402
B9J08_04702	8051.52637225276	0.0196588279332802	0.0564484093165294	0.348261858417393	0.727643535551279	0.873393314916259
B9J08_04158	367.977522890478	0.0544179040033689	0.156363867452625	0.348020964752977	0.727824438923509	0.873420909456699
B9J08_00808	254.19612986482	0.0624287858056925	0.179515736923022	0.3477621899659	0.728018787339225	0.873464623161227
B9J08_02344	4.86079111108531	0.423930513145414	1.22111508363595	0.347166715755515	0.728466074560621	0.87373838058422
B9J08_01303	721.195509924795	0.0398422512658331	0.114945938415995	0.346617303881082	0.728878844334766	0.87373838058422
B9J08_01244	2912.84273996337	-0.0239403816284744	0.0689941133292882	-0.346991655856408	0.728597587449565	0.87373838058422
B9J08_00966	0.703265485109649	-1.16245120183029	3.35176074320223	-0.346818072915221	0.728727998669224	0.87373838058422
B9J08_03445	3794.62866276257	-0.024332362009396	0.0708493227796132	-0.343438173503581	0.731268845609566	0.876033784939682
B9J08_02473	817.068874450106	-0.035920592155242	0.104518711591726	-0.343676185902062	0.731089822366995	0.876033784939682
B9J08_00431	9.00188830959188	0.313155295256145	0.911736185391091	0.343471390380119	0.731243860347594	0.876033784939682
B9J08_01392	2284.02753089809	-0.025022293140086	0.0730079018046296	-0.342734040036461	0.731798551809431	0.876478516686437
B9J08_03713	2469.11747730016	0.0256192339176092	0.0748157480097014	0.342431033561104	0.732026537170901	0.876561761656691
B9J08_02975	53.4778539664576	-0.127228791859977	0.371855949964904	-0.342145370732899	0.732241494648654	0.876591143999565
B9J08_02631	1295.82333914559	0.0314238440297692	0.091888710016751	0.341977202901648	0.732368048530462	0.876591143999565
B9J08_04804	972.953675827935	-0.034156198287498	0.100053399024762	-0.341379689450079	0.73281776321646	0.876939646981878
B9J08_02460	15.9758367454396	-0.230259046263343	0.67617904064332	-0.340529700601594	0.733457659943088	0.876957157480317
B9J08_01435	1779.89608165943	-0.0270937364222959	0.0797028754293872	-0.339934240469148	0.733906050295744	0.876957157480317
B9J08_01386	599.674489834817	-0.0404298892969756	0.118829074894209	-0.340235664823356	0.733679061912045	0.876957157480317
B9J08_01222	436.520175118134	-0.0476256295069342	0.140049570030472	-0.340062661360345	0.733809339769084	0.876957157480317
B9J08_01050	584.225541539379	0.0408825719459409	0.120283136051665	0.339886149363288	0.733942267578446	0.876957157480317
B9J08_00878	1528.27480316161	0.0285583667145735	0.0837283718873383	0.341083506950315	0.733040717102253	0.876957157480317
B9J08_00098	1.41003549408611	0.752699791599363	2.2107083695561	0.340479007527574	0.733495829044848	0.876957157480317
B9J08_05131	498.952333224696	-0.0433719970769257	0.127957677033224	-0.338955802281907	0.734643025881189	0.877225944764433
B9J08_02243	3.17857380235612	-0.51777859702318	1.52660027011388	-0.33917103721235	0.734480886429856	0.877225944764433
B9J08_01014	737.713968557332	-0.0395544239917711	0.116691754033233	-0.338965030729645	0.73463607372104	0.877225944764433
B9J08_02598	968.431070127668	0.0333260127450096	0.0984634000141859	0.338460917866012	0.735015874016869	0.877481717933802
B9J08_02682	319.609415582262	-0.123731769498839	0.366524889578507	-0.337580811063409	0.735679104676811	0.877907981386098
B9J08_02079	5648.73815428463	-0.0246845156130804	0.0731250379023258	-0.337565850510079	0.735690380351576	0.877907981386098
B9J08_03994	1.98976668766952	0.668111381258304	1.9814492097668	0.337183198017442	0.735978802472446	0.878062717099892
B9J08_03044	1107.44093899458	-0.0355220605146814	0.105553868938504	-0.336530161062848	0.736471111261688	0.878081853069281
B9J08_01406	3.75661988289399	0.463996673548903	1.37741151215505	0.336861329714713	0.736221437678199	0.878081853069281
B9J08_01129	72.0500056511016	-0.106877177817871	0.3174815601499	-0.3366405839993	0.736387858470141	0.878081853069281
B9J08_00580	1799.82886673894	0.0264796527017013	0.0788422746000135	0.335856021861865	0.736979442028985	0.878498554711706
B9J08_04781	9427.34260711869	0.0190826923334949	0.0569416288463835	0.335127264886924	0.737529086479212	0.878964313147279
B9J08_04851	1761.58931109996	-0.0263883576005	0.078828519189883	-0.334756479909707	0.737808792165982	0.879108235560114
B9J08_02201	720.415124312186	0.0372141736993397	0.111258659781906	0.334483390077576	0.738014822660739	0.879164329988488
B9J08_05314	748.429624047992	-0.0392411231753769	0.117791797106655	-0.33313969341894	0.739028837991363	0.8792360729039
B9J08_04428	0.279056564600984	-1.66252976295637	4.98847178029773	-0.333274364610548	0.738927188414806	0.8792360729039
B9J08_03755	0.279056564600984	-1.66252976295637	4.98847178029773	-0.333274364610548	0.738927188414806	0.8792360729039
B9J08_03754	0.279056564600984	-1.66252976295637	4.98847178029773	-0.333274364610548	0.738927188414806	0.8792360729039
B9J08_03625	1421.64598707738	-0.0283963857974975	0.0852283851379117	-0.333179911264869	0.738998481154907	0.8792360729039
B9J08_02769	233.285523483842	-0.0605956546958384	0.181361271827808	-0.334115735322867	0.738292226646152	0.8792360729039
B9J08_02370	670.791388821099	0.0374544888317507	0.112855658497922	0.331879582559349	0.739980188191357	0.88017858513686
B9J08_02627	2559.31735674683	0.0235006659037172	0.0708752284643345	0.331577991533997	0.740207940467199	0.880260184632138
B9J08_00922	1.63463409957671	-0.716290712651676	2.16187337727078	-0.331328707861672	0.740396209031664	0.880294804848266
B9J08_00164	2197.72929888259	-0.0247429659395393	0.0748898358613537	-0.330391509808445	0.741104155894485	0.880947149420244
B9J08_03324	1.76769575174724	-0.655033298613242	1.9910449959237	-0.328989701365013	0.742163472273927	0.881739606110279
B9J08_01508	5261.78147441157	0.0202401757861659	0.0615434013515554	0.328876456966484	0.742249069978207	0.881739606110279
B9J08_01145	714.247246928403	0.0366157086989121	0.111279180906974	0.329043657586963	0.742122689667694	0.881739606110279
B9J08_04020	2401.2497646795	0.0241349483336851	0.0734874552465446	0.328422698169562	0.742592083250048	0.881957657817482
B9J08_05364	5948.10632871372	0.0201698541998673	0.0615538828583267	0.327678015801059	0.743155127310294	0.882247479964206
B9J08_00199	1291.61736015511	-0.0288977404340387	0.08815577685065	-0.327803139696632	0.74306051324804	0.882247479964206
B9J08_00051	2104.38540472933	-0.0251276169450202	0.076798590054386	-0.327188519049968	0.743525303910966	0.882497522732093
B9J08_02763	304.489432222326	0.053361678892412	0.163349088111812	0.326672646350411	0.743915491204338	0.882579556910804
B9J08_02096	2612.66322629277	0.0229628336711945	0.0703379718647727	0.326464256253242	0.744073128525598	0.882579556910804
B9J08_01457	2445.04541449608	0.0233605263629111	0.0715495722239953	0.326494284127625	0.744050413187424	0.882579556910804
B9J08_00315	607.043402705002	0.0400213870579269	0.122872985308404	0.325713475240107	0.744641147979369	0.883063934278278
B9J08_03447	868.072407759806	0.0332522204062335	0.102266585948238	0.325152346662517	0.745065772551435	0.883188767248604
B9J08_01830	13915.2722761625	0.0170998254273897	0.0525852608105869	0.325182858538699	0.745042681211485	0.883188767248604
B9J08_00908	2118.4013532967	0.0254898312616652	0.0787614682536681	0.323633266708155	0.746215699104252	0.884172885978067
B9J08_00544	116.553156378492	0.0818346204548712	0.252740075447962	0.323789649543413	0.746097292894834	0.884172885978067
B9J08_03283	2040.06158246317	0.025960264389943	0.0803016632855466	0.323284267445747	0.746479967612921	0.884296573327708
B9J08_03038	807.655058225455	0.0343360370832039	0.106282775788826	0.323063044113812	0.746647497335312	0.884305633353664
B9J08_02492	1043.75470911487	-0.0305022232509024	0.0950910982800558	-0.320768439976046	0.748385877809542	0.88617475704658
B9J08_03174	2581.50437250141	0.022664089920987	0.0708188324366313	0.320029138312423	0.748946242036565	0.886648472753476
B9J08_05247	0.251406306784406	-1.58651918672938	4.99367969683985	-0.31770543628046	0.750708387163696	0.886968971453066
B9J08_05096	0.251406306784406	-1.58651918672938	4.99367969683985	-0.31770543628046	0.750708387163696	0.886968971453066
B9J08_04957	1.15512466343489	-0.857449512173926	2.69107990610927	-0.318626552198376	0.750009716341257	0.886968971453066
B9J08_03880	0.251406306784406	-1.58651918672938	4.99367969683985	-0.31770543628046	0.750708387163696	0.886968971453066
B9J08_03878	0.251406306784406	-1.58651918672938	4.99367969683985	-0.31770543628046	0.750708387163696	0.886968971453066
B9J08_03640	279.09647985244	-0.0533380032561281	0.167963279115593	-0.317557525293495	0.750820597422392	0.886968971453066
B9J08_02543	0.251406306784406	-1.58651918672938	4.99367969683985	-0.31770543628046	0.750708387163696	0.886968971453066
B9J08_02354	1353.78362757578	0.0282573130541591	0.0884739236295097	0.319385779390641	0.749433993007177	0.886968971453066
B9J08_02085	0.251406306784406	-1.58651918672938	4.99367969683985	-0.31770543628046	0.750708387163696	0.886968971453066
B9J08_01628	0.251406306784406	-1.58651918672938	4.99367969683985	-0.31770543628046	0.750708387163696	0.886968971453066
B9J08_02969	439.245223342435	-0.045222361081799	0.142648333681982	-0.31701990422557	0.751228499259265	0.887071910632578
B9J08_02783	977.642406504461	-0.0332952615462128	0.105024751230494	-0.317022998446729	0.751226151424384	0.887071910632578
B9J08_05173	667.523009961756	0.0363786231597375	0.114895612055316	0.31662325922615	0.751529484839309	0.887237904086706
B9J08_02253	563.008618534006	0.0406107892734266	0.128387136493045	0.316315094975474	0.751763354790334	0.887324608481719
B9J08_03064	2085.13697396362	-0.0235737349894746	0.074599683186699	-0.316003151521128	0.752000116048383	0.887414687830937
B9J08_03152	79.8232566168596	-0.0955670710975122	0.302834820657712	-0.315574909417467	0.752325184565825	0.88741961949959
B9J08_02673	3290.06721458894	-0.0222779722244841	0.0705649367465632	-0.315708810233847	0.752223538879314	0.88741961949959
B9J08_03831	1096.05929888214	0.0309300883471439	0.0981255056951283	0.315209466978365	0.752602618077687	0.887557586479251
B9J08_04788	1.26053605778884	-0.727936116726971	2.31737195839351	-0.314121396908421	0.753428839054165	0.888342551440757
B9J08_01388	163.963407352343	0.0710133979213592	0.226698307944306	0.313250674719661	0.754090221410313	0.888391121459357
B9J08_01034	1250.82825091315	0.0281894658275499	0.0899985509025709	0.313221330175268	0.754112514057437	0.888391121459357
B9J08_00742	475.906448047881	-0.0409515289380817	0.130736815034051	-0.313236397317892	0.754101067730643	0.888391121459357
B9J08_00009	28.1952958866697	0.15988278507939	0.509873684842276	0.313573321849014	0.753845124336832	0.888391121459357
B9J08_01650	864.750285843317	0.0334840605664554	0.107042946102695	0.312809594518554	0.754425325576819	0.888570373885304
B9J08_04841	645.590793718263	0.0374793971729231	0.120201831118261	0.311803878728344	0.755189576108526	0.888902648532934
B9J08_02075	7.47858981689543	-0.310845384716759	0.995989598717003	-0.312097019002185	0.754966791962508	0.888902648532934
B9J08_02074	1234.89300102444	0.0296584287180855	0.0950544561568402	0.31201513234844	0.755029023080853	0.888902648532934
B9J08_05310	928.69888402762	0.03111784685019	0.100098310913743	0.310872846565863	0.755897287696837	0.889026260469431
B9J08_04713	5538.15619228908	0.018519822838132	0.0595455548903294	0.311019401401862	0.755785872407405	0.889026260469431
B9J08_03889	1141.93246824653	-0.0302925790274511	0.0975265637516652	-0.310608493339169	0.756098269616381	0.889026260469431
B9J08_03228	2316.44764579862	-0.0224192053297762	0.0721721856563964	-0.310634978362877	0.756078132893722	0.889026260469431
B9J08_03119	2.5383524562272	-0.562555184727276	1.8085384841559	-0.311055136319003	0.755758706444173	0.889026260469431
B9J08_02638	1426.84267735251	-0.0269204449139814	0.0867360617371906	-0.310371999544435	0.756278084611665	0.889048689901619
B9J08_01791	767.382212021596	0.0338101153618951	0.109015899530765	0.310139305435475	0.756455023447804	0.889067729428348
B9J08_02160	2642.46075316648	0.0223114623936227	0.0720228646478856	0.309783046018813	0.756725945145657	0.889197196218531
B9J08_04216	553.953979262748	0.0434293408928978	0.140345338981988	0.309446264535167	0.756982082112789	0.889218877239298
B9J08_04013	1473.61389790724	0.0259209598510075	0.0837954795075003	0.309336016732113	0.757065936163417	0.889218877239298
B9J08_05501	2505.2730148491	-0.0249657811348408	0.0808421638405278	-0.308821287664803	0.757457474921743	0.889466515652839
B9J08_00680	686.488285546733	0.0349440615357405	0.11322093591144	0.308636042039728	0.757598400875162	0.889466515652839
B9J08_02142	1311.6412727874	-0.0277859991193182	0.0901428679965102	-0.308244010168325	0.757896666413442	0.889627856946679
B9J08_04940	848.054001407172	-0.031514503286622	0.102561338996751	-0.307274686493908	0.758634301536482	0.889738405809644
B9J08_02800	2.64376385058115	-0.50349071025164	1.63702430346719	-0.307564590938116	0.758413667233563	0.889738405809644
B9J08_02438	17292.6724229781	-0.0158697364328542	0.0516204234885322	-0.307431349074068	0.758515069673087	0.889738405809644
B9J08_01387	80.3908783933906	-0.0936842266964108	0.304596024332338	-0.307568777044162	0.758410481505125	0.889738405809644
B9J08_05456	300.458863747701	0.0494377007531204	0.161202445448209	0.306680836110539	0.759086317894221	0.890079801626656
B9J08_00426	0.781026621647023	-0.991137218645802	3.23436701397126	-0.306439316986742	0.759270176637353	0.890106686515726
B9J08_05368	1758.7181700273	0.025830264862756	0.0848434601080318	0.304446150945118	0.760788011998832	0.89070993669838
B9J08_04917	6104.22890826312	-0.0179775247271876	0.0595780279398177	-0.301747562798611	0.762844507347718	0.89070993669838
B9J08_04384	746.409823118926	0.0328818082627864	0.108912359556298	0.301910714236152	0.762720127886232	0.89070993669838
B9J08_04261	2726.30884175165	-0.0212601258643903	0.0701928935980281	-0.302881456720392	0.761980203395243	0.89070993669838
B9J08_04196	2885.47078358494	0.0207368421982104	0.0683762196613871	0.303275646136968	0.76167980430728	0.89070993669838
B9J08_04060	4536.94616282388	-0.019552154864959	0.0639996002468098	-0.305504327988887	0.759982074178719	0.89070993669838
B9J08_03964	302.168806167508	0.0525045708714729	0.172510456865588	0.304355873988451	0.760856781537866	0.89070993669838
B9J08_03756	2573.20964195992	-0.0243942380848692	0.0804571628178018	-0.303195355522428	0.761740988293781	0.89070993669838
B9J08_03697	4685.29066512358	0.0198446454398178	0.0656813542572736	0.302135144200688	0.762549042388704	0.89070993669838
B9J08_03675	2323.63451472134	-0.023572321121455	0.0775158523144571	-0.304096780434403	0.761054159607501	0.89070993669838
B9J08_03273	2535.30750378804	0.0219806778404193	0.0720113030139064	0.305239273842532	0.760183922555849	0.89070993669838
B9J08_03117	2445.10073293226	0.0220804441342058	0.0724815096790045	0.304635544044163	0.760643745709069	0.89070993669838
B9J08_02309	9536.06502389058	0.0162719262306883	0.0537219074690508	0.302891818204008	0.761972306782329	0.89070993669838
B9J08_01335	2.80447576056825	-0.491359643534307	1.62187181222405	-0.302958371821329	0.761921586050497	0.89070993669838
B9J08_00177	1323.26581421966	-0.0269003400587042	0.0887357678553838	-0.303151037161754	0.761774760923646	0.89070993669838
B9J08_00168	418.996525829902	0.0422270271740359	0.139492240345516	0.302719542459433	0.76210360344527	0.89070993669838
B9J08_00141	304.728801419442	0.0523358791510051	0.173289748812966	0.30201370542404	0.762641615100353	0.89070993669838
B9J08_00039	2326.75294290029	0.0225350466672764	0.0741867272000761	0.303761164803793	0.761309855490567	0.89070993669838
B9J08_00007	538.783690167397	-0.037405214704725	0.123947966238608	-0.301781593033301	0.762818563691911	0.89070993669838
B9J08_03076	467.378647272254	0.0396445291851073	0.131932645323922	0.300490671492048	0.763802910925547	0.891640755662559
B9J08_03260	540.773177013742	0.0390915530998134	0.130187746981457	0.300270601544255	0.763970755738899	0.891648501791907
B9J08_04568	1913.06753257848	0.0236817472777832	0.0790192258847296	0.299696017173457	0.764409036883857	0.891971810760466
B9J08_02452	2667.95499031277	0.022813891990078	0.0762216899551249	0.299309710969536	0.764703745754034	0.892127487400456
B9J08_02599	1.71239523611409	-0.600551547977922	2.00805946447212	-0.299070599553084	0.764886178372618	0.892152140990922
B9J08_03895	6816.4964905526	-0.0183123365605908	0.0613200064082168	-0.298635594371644	0.765218103689934	0.89235111353764
B9J08_01067	4334.39105463563	-0.0185210512107235	0.0621026314727871	-0.298232953604217	0.76552537217258	0.892521254950788
B9J08_05541	279.024211661556	0.0526785198523137	0.17818770600434	0.295634985339733	0.767508852816985	0.893022107349243
B9J08_04839	3428.12455607503	-0.0190320757109044	0.0650361036901266	-0.292638621181633	0.769798389974415	0.893022107349243
B9J08_04772	349.566335679943	-0.0441966001280495	0.149867765361179	-0.294903977660149	0.768067233277521	0.893022107349243
B9J08_04761	816.637067313789	-0.0312811694814374	0.10531555904787	-0.297023248646658	0.766448759808844	0.893022107349243
B9J08_04678	3781.9435106991	-0.0185730480757977	0.0633664134955494	-0.293105559415986	0.769441467501016	0.893022107349243
B9J08_04377	0.27821400807821	1.45137450557494	4.97107719260557	0.291963783570661	0.770314314620004	0.893022107349243
B9J08_04342	400.828973232831	-0.0419464914002419	0.142976261983716	-0.293380808941691	0.769231092656297	0.893022107349243
B9J08_04203	773.462983878376	-0.0324407970461948	0.110200031543759	-0.294381014158902	0.768466773008127	0.893022107349243
B9J08_04089	10935.1050361422	-0.0182617783409937	0.0622299388033567	-0.293456472755018	0.7691732653312	0.893022107349243
B9J08_04005	430.11595421817	0.0402660927260251	0.136821806689309	0.29429587066819	0.768531827746672	0.893022107349243
B9J08_03378	5966.08507888631	-0.0191937610872649	0.0650253682992326	-0.295173431374343	0.767861396944183	0.893022107349243
B9J08_03209	0.27821400807821	1.45137450557494	4.97107719260557	0.291963783570661	0.770314314620004	0.893022107349243
B9J08_02987	839.354470950493	0.0312043159050465	0.106146020969081	0.2939753710988	0.768776723272526	0.893022107349243
B9J08_02914	0.27821400807821	1.45137450557494	4.97107719260557	0.291963783570661	0.770314314620004	0.893022107349243
B9J08_02727	1373.07207838315	0.0252688878390194	0.086092136873176	0.293509822810455	0.769132492437721	0.893022107349243
B9J08_02462	2546.1570195986	-0.0251364059141585	0.0854966736280648	-0.294004489853127	0.768754472515028	0.893022107349243
B9J08_02263	0.27821400807821	1.45137450557494	4.97107719260557	0.291963783570661	0.770314314620004	0.893022107349243
B9J08_01957	4.86598074799767	0.356305543685552	1.21032595119634	0.294388088872559	0.768461367575524	0.893022107349243
B9J08_01809	1867.47147744935	0.0246493283261031	0.0831347441792909	0.296498516588246	0.766849399658635	0.893022107349243
B9J08_01122	4664.14906093025	-0.0183607506796373	0.0619778724609439	-0.296246869254951	0.767041557840108	0.893022107349243
B9J08_00955	0.27821400807821	1.45137450557494	4.97107719260557	0.291963783570661	0.770314314620004	0.893022107349243
B9J08_00809	0.27821400807821	1.45137450557494	4.97107719260557	0.291963783570661	0.770314314620004	0.893022107349243
B9J08_00654	1674.49908577403	-0.0234149913999819	0.0799953631188953	-0.292704357941107	0.769748138563686	0.893022107349243
B9J08_00511	3718.21574234947	0.0200424329816367	0.0675628221565133	0.296648842394523	0.766734617546594	0.893022107349243
B9J08_00187	0.27821400807821	1.45137450557494	4.97107719260557	0.291963783570661	0.770314314620004	0.893022107349243
B9J08_00131	0.27821400807821	1.45137450557494	4.97107719260557	0.291963783570661	0.770314314620004	0.893022107349243
B9J08_00107	8.88427823059195	-0.281293558195452	0.94794460636701	-0.296740501824792	0.766664632986603	0.893022107349243
B9J08_04872	508.072629139628	-0.0373091922135351	0.128483354658273	-0.290381523060058	0.771524377496539	0.893114552518492
B9J08_04558	704.306916252778	0.0325610816520423	0.112058098989077	0.290573211091294	0.771377750883388	0.893114552518492
B9J08_04310	7955.07626125088	-0.0159729088678159	0.054978982812766	-0.290527544356586	0.7714126816852	0.893114552518492
B9J08_02919	394.915521025987	0.0438357222401065	0.150355327641936	0.291547515659034	0.770632609112897	0.893114552518492
B9J08_01158	640.624662695881	-0.0341470628264109	0.117575974011309	-0.290425515191789	0.771490726174645	0.893114552518492
B9J08_00944	403.749255829016	-0.0410416440765243	0.141066421811797	-0.290938435592275	0.771098404814473	0.893114552518492
B9J08_00446	5.2521244633405	-0.35286033846399	1.21099027893495	-0.291381644099014	0.770759451668751	0.893114552518492
B9J08_05101	1602.10337025322	-0.0240790355786492	0.0830962490385405	-0.289772833999778	0.7719900319354	0.893466596910378
B9J08_04230	997.458268049407	-0.0287612987177394	0.0994122040660883	-0.289313560522399	0.772341436038345	0.893499368903594
B9J08_00474	678.630481287301	-0.0327284988828035	0.11306358963217	-0.28946983718878	0.772221858764238	0.893499368903594
B9J08_02132	21332.6399667974	-0.015329180526516	0.053086907148043	-0.288756330892807	0.772767852062367	0.893618856315483
B9J08_01081	748.196475760482	0.0312236024427986	0.108112082473389	0.288807705193212	0.772728535369815	0.893618856315483
B9J08_03704	3877.41197110655	-0.0189520535347023	0.0657365870780875	-0.28830297368784	0.773114831078566	0.893833221299237
B9J08_03409	791.305188278069	-0.0320465954189574	0.111256108513191	-0.288043468778686	0.773313464766093	0.893851667698965
B9J08_00669	365.584236861212	0.0446330829193203	0.15505142106973	0.287859876493797	0.773454001375384	0.893851667698965
B9J08_05083	1629.70034434752	0.0237993311370341	0.0829244871592742	0.287000040064431	0.774112289556971	0.894061050090145
B9J08_04478	608.862258633161	-0.0344079075285918	0.119892433444875	-0.286989816954647	0.774120117317249	0.894061050090145
B9J08_01196	765.876185305662	0.0311765023071543	0.108590669640713	0.287101114767098	0.774034898633664	0.894061050090145
B9J08_01721	6530.14840373709	-0.0167845316355982	0.0585555366173542	-0.286642947963758	0.774385725967269	0.894181096101246
B9J08_01699	7.06222314398551	0.287994897797256	1.01032791768248	0.28505091540761	0.775605134404039	0.895402212145426
B9J08_03277	520.630252400929	0.0361969763322374	0.127186885864728	0.284596765508792	0.77595308957297	0.895616973795512
B9J08_05380	796.790312803486	0.0309504184844031	0.109518786307618	0.282603738845947	0.777480613938266	0.896444710379935
B9J08_05001	1445.36062033508	-0.0239121848901817	0.084514831826309	-0.282934774565072	0.77722683699649	0.896444710379935
B9J08_03815	5191.57221627275	0.0173484608422309	0.06125902808212	0.28319843434301	0.777024728463425	0.896444710379935
B9J08_01309	4266.78670385107	0.017644676670123	0.0623011153829585	0.283216063816242	0.777011215120107	0.896444710379935
B9J08_00675	3152.52557142743	0.0191305678749643	0.0676661261131327	0.282720010348744	0.777391475755874	0.896444710379935
B9J08_04655	1553.78664197977	0.0249953687869728	0.0885305476423291	0.282336091356356	0.777685813873052	0.896494421953282
B9J08_05347	395.922945365088	0.0404993806809833	0.143569050889706	0.282089910255771	0.777874569651592	0.896525160396532
B9J08_05405	741.497056520552	0.0308798005978417	0.109834657545566	0.281148057342747	0.778596842595714	0.896796988004351
B9J08_04742	79.7705636817307	-0.0857285139251013	0.304859236464787	-0.281206877374711	0.778551730033923	0.896796988004351
B9J08_01686	1350.29834140413	-0.0242407897805994	0.086094800537485	-0.281559276858365	0.778281469656971	0.896796988004351
B9J08_04246	644.141161053065	-0.0326286961134209	0.116162048417069	-0.280889469134278	0.778795178035953	0.89683866952256
B9J08_01115	125.138515647426	0.0683254849207597	0.244188929747118	0.279805824905812	0.779626482513137	0.89760909133642
B9J08_03037	793.615047862036	0.030335245835797	0.108569164877242	0.279409405700934	0.779930653707289	0.897708662681957
B9J08_03001	257.448054772597	0.0482352132818433	0.172718880446412	0.279270066811306	0.780037575998822	0.897708662681957
B9J08_05449	2755.74271197654	0.0213834433828746	0.0772363675845675	0.276857185955326	0.781889768629212	0.898448665083191
B9J08_04860	13.0711392274297	-0.210432949149551	0.760097444435975	-0.276849962711953	0.781895315249412	0.898448665083191
B9J08_03483	3.75830499593954	-0.37513276769986	1.35554439965765	-0.276739565147849	0.781980089262427	0.898448665083191
B9J08_03206	768.564055911502	0.0306647320690556	0.110453159747743	0.277626571653441	0.781299032464048	0.898448665083191
B9J08_01935	1533.6106852814	0.0234614175723638	0.0844680526321869	0.27775492439166	0.781200495198009	0.898448665083191
B9J08_01742	5822.85534352367	-0.0179633132970709	0.0647358510473443	-0.277486323365603	0.781406706038578	0.898448665083191
B9J08_01135	5200.60358298243	0.0165752503304763	0.0598557257606069	0.276920045991406	0.781841499819051	0.898448665083191
B9J08_00367	2994.37003970446	0.0188965009973629	0.0680375725736669	0.277736260753614	0.781214823181057	0.898448665083191
B9J08_05047	0.730073186403452	0.862110852142886	3.11979405009378	0.276335821628024	0.782290144949663	0.898618232962946
B9J08_01844	1518.08542910523	-0.023520301951796	0.0853123186716606	-0.275696433035866	0.782781235521756	0.898995642373512
B9J08_00799	2312.75054988416	0.0202064925586073	0.073389404554825	0.275332558986934	0.783060752297639	0.899129960755292
B9J08_01076	7919.33458606621	-0.0158678363042897	0.0576949921793565	-0.275029698504184	0.78329342169802	0.89921044321539
B9J08_03474	4302.3897265543	-0.017843442340139	0.0649430763870473	-0.27475511375217	0.783504385315748	0.899265979493962
B9J08_02395	1279.60043573777	0.0240554083152846	0.0877881501515873	0.274016575970073	0.784071883240012	0.899543992159408
B9J08_01108	1207.84756482183	-0.0248262642294317	0.0905713984711703	-0.274107109402028	0.784002310494958	0.899543992159408
B9J08_00603	1812.29087741153	0.0215261868347386	0.0786721504756333	0.273618894419389	0.784377512294484	0.899708009228701
B9J08_03551	2313.44576380307	0.0198646217652538	0.0726930462967384	0.273267152461392	0.784647863245069	0.899792461138586
B9J08_00607	957.359074619347	-0.0272335644708103	0.0997201926532104	-0.273099798006994	0.784776501994674	0.899792461138586
B9J08_02615	2631.61875825423	0.0202411892966635	0.0742170665894052	0.272729578610871	0.785061095885876	0.899932211677674
B9J08_03535	625.033995221354	0.0318640085574716	0.116929360882222	0.272506480126637	0.785232609330488	0.899942304642961
B9J08_03929	5685.96861713433	0.0161051447350815	0.0592057164179027	0.272020097204864	0.785606566476353	0.900124321053002
B9J08_03604	1823.17515444297	0.0219879041759087	0.0808745756175011	0.271876594195698	0.785716908704374	0.900124321053002
B9J08_03663	6922.21225034258	-0.0155142076546723	0.0572066678065014	-0.271195793244738	0.786240448293461	0.900351122051995
B9J08_02272	418.990423874959	0.0387503881828117	0.142819758722555	0.27132371969686	0.786142064781862	0.900351122051995
B9J08_03707	921.868342597349	0.0270785295438126	0.100301349165477	0.269971737859063	0.787181996467569	0.901242728723271
B9J08_03791	463.569280860162	0.0360223320669188	0.133586494755919	0.269655492740764	0.787425304083931	0.901334717899053
B9J08_03706	1272.07411555108	0.0242622851206349	0.0901345238802075	0.269178601895989	0.787792245972457	0.901568159005516
B9J08_02851	1.81780663046804	-0.524130171029986	1.95036447185344	-0.268734474296439	0.788134020668872	0.901772707554723
B9J08_02433	8041.4738990557	0.0156178983340382	0.0582862161276135	0.267951831009993	0.788736396538848	0.902275286299145
B9J08_02273	1826.42316088943	0.0211330958533331	0.0791117089896234	0.267129810785721	0.78936921562301	0.902812475519204
B9J08_04812	2343.59408714017	-0.0192580498612288	0.0722195961977822	-0.266659616989388	0.789731249281585	0.902853150015801
B9J08_01662	22926.3193164393	-0.015725111471323	0.0589507141292971	-0.266750143803737	0.789661543100271	0.902853150015801
B9J08_04945	590.91612121099	0.0315519942826653	0.119493371044224	0.264048072348617	0.791742876416447	0.903167419603732
B9J08_04481	90.4252277013869	-0.077121675077237	0.291522870546543	-0.264547597698425	0.791357993062333	0.903167419603732
B9J08_04393	2825.26716383758	-0.0199339341404448	0.0753759632537589	-0.264460091519305	0.791425412739037	0.903167419603732
B9J08_03993	5216.28549949678	0.0171291977839628	0.0644812158661426	0.265646321240616	0.79051160769704	0.903167419603732
B9J08_03952	3297.14439542362	-0.0184532409910839	0.069849403813255	-0.264186091558052	0.791636527792314	0.903167419603732
B9J08_03530	384.438068065629	0.0400144220671069	0.151024169867556	0.2649537627136	0.791045081157107	0.903167419603732
B9J08_03392	2407.85258191713	-0.0192712865672052	0.0729081914402132	-0.264322652729745	0.791531306453672	0.903167419603732
B9J08_02183	278.379384956479	-0.0451024839985949	0.170353373857388	-0.264758384159463	0.791195597738878	0.903167419603732
B9J08_01927	778.757448319887	-0.029026523014838	0.109961077730945	-0.263970885096822	0.791802353581359	0.903167419603732
B9J08_01774	3572.6288036071	-0.0183049405657034	0.0691311881623281	-0.264785562816037	0.79117465926067	0.903167419603732
B9J08_00397	6326.79984792759	-0.0152642827974283	0.0576031441343805	-0.264990444997564	0.791016822567956	0.903167419603732
B9J08_02016	1663.77897237514	-0.0217413793312459	0.0825153942984956	-0.263482705452481	0.792178551802591	0.903223988872424
B9J08_00300	4030.1346215832	-0.0176595982064211	0.0669953551315267	-0.263594366680368	0.792092499790659	0.903223988872424
B9J08_03464	1256.24971691099	0.0243650019667693	0.0927530985543045	0.262686663265532	0.792792097059809	0.903471420011833
B9J08_03127	1394.40203937223	-0.0227088275021622	0.0865581401450183	-0.262353459352478	0.793048950308706	0.903471420011833
B9J08_01889	704.534304480172	0.0297345020512703	0.113272087890469	0.262505111409466	0.792932045163688	0.903471420011833
B9J08_00626	3914.56350872662	0.0172521321916359	0.0656360872926357	0.262845225900166	0.792669875512183	0.903471420011833
B9J08_02088	1143.49794593267	0.0253603105085022	0.0968364586490127	0.26188804157349	0.793407759392386	0.903694052141533
B9J08_00362	352.100458393347	-0.0394194973096948	0.150966247645065	-0.261114639362128	0.794004102620287	0.904187089065844
B9J08_03917	916.251669504828	0.028519484395519	0.109541119884578	0.260354143042993	0.794590612014362	0.904524544766117
B9J08_00510	2198.89717435939	0.0195539691803264	0.0751190768077735	0.260306303156044	0.794627510941704	0.904524544766117
B9J08_05326	3017.41365717773	0.0182027170125205	0.0701414113419995	0.259514553018711	0.795238254868694	0.905033495407149
B9J08_05374	4037.94583237968	0.0169876868131291	0.0656180839690594	0.258887272922191	0.795722218247975	0.905165048630429
B9J08_04345	736.181861601364	0.0283043779782589	0.109428760484066	0.25865574875428	0.795900865207109	0.905165048630429
B9J08_03040	581.992073156101	0.0333131419295456	0.12886282318804	0.258516312970532	0.796008460773533	0.905165048630429
B9J08_01739	3523.65450906556	0.0171042175780215	0.066023107602317	0.259064109509157	0.795585776125919	0.905165048630429
B9J08_03070	343.456310252352	-0.039096083253056	0.151791977067434	-0.257563568301687	0.796743749502619	0.905734503972458
B9J08_03039	798.259076764784	0.0275090728627574	0.106854974053341	0.257443072785973	0.796836755800033	0.905734503972458
B9J08_05123	5318.02974305672	0.016059043062489	0.0624368045113381	0.257204755883572	0.79702071282261	0.905757460986615
B9J08_05219	314.508032331292	0.0405267720038901	0.157793531596036	0.256834178143892	0.797306784495868	0.905766040099894
B9J08_00350	4046.47284970817	0.0161355682415105	0.062840378120403	0.256770705780836	0.797355785435976	0.905766040099894
B9J08_04313	1466.42846957658	-0.0235479649584176	0.0919396329161554	-0.256124200320575	0.797854935922782	0.906146950839611
B9J08_03800	514.05479951217	-0.0322818313755233	0.126322773806662	-0.255550368336044	0.798298046310009	0.906464071882706
B9J08_05357	3311.89484909291	0.0167734393647092	0.0657043856538382	0.255286450026024	0.79850186462542	0.906509403375041
B9J08_02979	566.527110708303	-0.0314905819088766	0.123782821573826	-0.254401875062245	0.799185102519155	0.907047507563935
B9J08_02275	905.267582107525	0.0256374536724152	0.100836336999556	0.254248165247496	0.799303842319042	0.907047507563935
B9J08_04518	697.175725717621	0.0287903013025123	0.113367265057997	0.25395603649593	0.79952952260647	0.907117495289515
B9J08_01954	35.185637076462	-0.11523429476769	0.456778825503438	-0.252275911959545	0.800827805588664	0.908404141245057
B9J08_01694	649.312128629681	-0.028782091326727	0.114359545895031	-0.251680706682289	0.801287870894762	0.908553344386824
B9J08_00973	1142.26243115952	0.0242444193643163	0.0962854911553062	0.251797223791595	0.801197803293209	0.908553344386824
B9J08_03007	10203.0844129631	0.0145158298271451	0.0577393854043289	0.251402569069549	0.80150288164922	0.908610870752579
B9J08_05382	391.0459341848	0.0400815088762504	0.159703136108941	0.250975089486715	0.801833368626037	0.908613063280191
B9J08_00084	7.28766430599888	-0.247556045088161	0.985961353778659	-0.251080880745895	0.8017515774781	0.908613063280191
B9J08_03794	1437.39297580085	-0.0209475761150822	0.0841791849369451	-0.248845081248685	0.803480617903323	0.910293178538156
B9J08_05205	74.144296939191	-0.0799363077203843	0.323543703005252	-0.247064946645204	0.804857961425868	0.911484424961836
B9J08_02637	958.416411492323	0.0244004099377326	0.0988442974205664	0.246857032469084	0.805018870453613	0.911484424961836
B9J08_00556	2163.18152118909	-0.018289980099249	0.074094335692499	-0.246847210765945	0.805026471874629	0.911484424961836
B9J08_00587	506.100607676327	0.0313673460789912	0.127236302503897	0.246528274255929	0.80527332000162	0.911577309236381
B9J08_04881	0.200452871540836	1.21186835191969	4.98571022235491	0.243068348915651	0.807952449915088	0.911624847099215
B9J08_04509	10189.7755477356	0.0130380204103364	0.0535327393276129	0.243552274254928	0.807577594901252	0.911624847099215
B9J08_04291	2000.10413361631	-0.0186072208342913	0.0762607802682606	-0.243994629596461	0.807234979208074	0.911624847099215
B9J08_03577	0.200452871540836	1.21186835191969	4.98571022235491	0.243068348915651	0.807952449915088	0.911624847099215
B9J08_03311	10082.9742608695	-0.0130923588420454	0.0532841446062266	-0.24570834229955	0.805908013921656	0.911624847099215
B9J08_03207	0.200452871540836	1.21186835191969	4.98571022235491	0.243068348915651	0.807952449915088	0.911624847099215
B9J08_03142	125.516745768121	-0.0609487042535918	0.249440616599438	-0.244341539419243	0.806966314413599	0.911624847099215
B9J08_03055	0.200452871540836	1.21186835191969	4.98571022235491	0.243068348915651	0.807952449915088	0.911624847099215
B9J08_02516	579.872982398163	-0.0303768908428286	0.124746521860009	-0.243508920248035	0.807611175692067	0.911624847099215
B9J08_02384	0.200452871540836	1.21186835191969	4.98571022235491	0.243068348915651	0.807952449915088	0.911624847099215
B9J08_02262	0.200452871540836	1.21186835191969	4.98571022235491	0.243068348915651	0.807952449915088	0.911624847099215
B9J08_01627	0.200452871540836	1.21186835191969	4.98571022235491	0.243068348915651	0.807952449915088	0.911624847099215
B9J08_01484	1098.89125919413	0.0233273722325841	0.0957647398921959	0.243590409777588	0.807548056494245	0.911624847099215
B9J08_01214	909.863489817247	-0.0247846383017294	0.101818188683384	-0.243420538336232	0.807679634925855	0.911624847099215
B9J08_00600	2544.09608818944	0.017951019457164	0.073542321869126	0.244091007748018	0.807160336731917	0.911624847099215
B9J08_00582	1755.38625325096	-0.0195862173575851	0.0805525798686894	-0.243148231745191	0.807890568570341	0.911624847099215
B9J08_02699	457.286856808518	-0.032252464659609	0.132862561432005	-0.242750586109352	0.808198617206455	0.911716612638977
B9J08_03896	1241.39401886727	0.0225414133878775	0.0930462197771949	0.242260388889031	0.808578404743294	0.911959044990856
B9J08_03045	5408.55845056147	0.0153599198737876	0.0636315864542656	0.24138829046526	0.80925418732575	0.912535149867222
B9J08_05018	1302.60222619787	-0.0218650110597768	0.0906641811373395	-0.241164821492793	0.809427374689504	0.912544396536414
B9J08_05459	2797.59175839257	0.0172218366726629	0.0715250527665842	0.240780481894434	0.8097252578303	0.912605360438051
B9J08_01943	1460.53741633538	-0.0201519261262875	0.0837964291326907	-0.240486692987563	0.809952978077101	0.912605360438051
B9J08_00183	4521.68612347468	0.0153386924006662	0.0637899060298621	0.240456419444883	0.809976444474849	0.912605360438051
B9J08_05535	2870.2995832679	-0.0163287922973481	0.0680225000787594	-0.24004986994659	0.810291595995998	0.912774504573089
B9J08_02847	1254.10327520857	-0.023065495090895	0.0963005951117715	-0.239515602828041	0.810705799203054	0.913055136508266
B9J08_05009	3.02136641623583	0.371834359953391	1.56520060290409	0.237563389167808	0.812219748842333	0.913292874475235
B9J08_04180	10168.4340585383	0.0130602906211785	0.054981907538121	0.237537968505791	0.812239467312992	0.913292874475235
B9J08_03638	1878.12087573094	-0.0183070233323484	0.0770941602832757	-0.237463165369217	0.812297491805405	0.913292874475235
B9J08_03148	1076.82550375352	-0.0223887748914336	0.0942613148787949	-0.237518168723001	0.812254825824609	0.913292874475235
B9J08_03085	674.289944736968	0.0326510313979186	0.137274719607205	0.237851743506346	0.811996084542434	0.913292874475235
B9J08_02566	1487.73642202872	0.0204599729892748	0.0861924915348358	0.237375351668604	0.812365609855225	0.913292874475235
B9J08_01984	2664.34271329127	0.0168454992013666	0.070784394064173	0.237983236617022	0.811894095973209	0.913292874475235
B9J08_01813	8806.75262340447	-0.0134268216076021	0.0565751573982925	-0.237327163105821	0.812402990854846	0.913292874475235
B9J08_00951	1060.84874897309	-0.0261812462150078	0.109758026154724	-0.238536051824589	0.811465356867618	0.913292874475235
B9J08_03080	1668.46193773223	0.0194136862688936	0.0820376813365615	0.236643527128082	0.81293334934889	0.91370338452524
B9J08_04458	12194.1587330039	0.0123880333751623	0.0524382140284044	0.23624056624911	0.813246002897162	0.913869086148761
B9J08_02011	5271.86412832487	-0.014857739749956	0.0629963079723448	-0.235850960606747	0.813548322545031	0.913902504378944
B9J08_01598	361.571834728401	0.0350335529583125	0.148588059564995	0.235776367635976	0.813606207116601	0.913902504378944
B9J08_03316	3057.34019928613	0.015832772619512	0.0675908621329623	0.234244276813134	0.814795343104206	0.914866634735965
B9J08_01878	68.3409153832911	-0.0794857835978904	0.339130687499586	-0.234380982104391	0.814689221579967	0.914866634735965
B9J08_04916	1657.62042840807	-0.0187636621740519	0.080464639803451	-0.233191402085257	0.815612781977812	0.91498826995186
B9J08_04771	1542.32699835492	0.0196537992609503	0.0844912862068429	0.232613327874261	0.816061677033543	0.91498826995186
B9J08_04514	1214.49429635187	-0.0242517303508132	0.104233420298764	-0.232667509914772	0.816019600198083	0.91498826995186
B9J08_04444	18359.4459155548	0.0120772406831762	0.0516772334026357	0.23370524867456	0.815213812733037	0.91498826995186
B9J08_02148	4182.39174170196	0.0146765746684484	0.0629568728021141	0.233121087741759	0.815667380321155	0.91498826995186
B9J08_01338	1855.451768973	0.0180957422028251	0.0777522704085573	0.232735868775782	0.815966514645834	0.91498826995186
B9J08_00960	314.423269750573	0.0386456269751228	0.1657172205038	0.233202239680556	0.815604366779413	0.91498826995186
B9J08_05166	2800.19640969979	-0.0169902050405983	0.0733882661687993	-0.231511192831827	0.81691769098837	0.91557684880581
B9J08_00268	2709.37269583952	0.0161469595739141	0.0696861798179843	0.231709639071749	0.816763544220722	0.91557684880581
B9J08_04877	500.185800453182	0.0301526089864974	0.130554027813276	0.230958856586355	0.817346765597632	0.915872155697023
B9J08_04696	970.464917389738	-0.022620939057059	0.0983292471564555	-0.23005300773905	0.818050579923369	0.916475138253221
B9J08_01592	20.3709478312348	-0.145236770797164	0.631963208766714	-0.229818395726859	0.81823288956507	0.916493744873309
B9J08_02853	1766.27833163123	-0.0180505366935358	0.0786449529180083	-0.229519327354096	0.818465300475243	0.916568450481589
B9J08_00576	431.904838824105	-0.0314905296909702	0.13759466840834	-0.228864461503085	0.818974263094984	0.916952762991571
B9J08_01629	9284.05978638163	-0.0136743462944903	0.0598850159729378	-0.228343368910009	0.819379311472005	0.917220597399648
B9J08_01732	3229.73284809506	-0.0158953625989163	0.0698211850369963	-0.227658161208433	0.819912000843006	0.917631176985566
B9J08_01364	949.14500667408	0.0225952915279922	0.0999495621645767	0.226066938550335	0.821149358181886	0.918830082966622
B9J08_04175	6.80128947655681	0.231076853472435	1.02499947813428	0.225440947436427	0.821636259946048	0.919003064461394
B9J08_02981	552.444013888564	-0.0293563171074185	0.13009681213255	-0.225649780545804	0.821473819945974	0.919003064461394
B9J08_02556	1610.42913947118	-0.019846537018858	0.0883311750214479	-0.224683267419901	0.822225682480993	0.919476395026763
B9J08_02194	494.261422424753	0.0287569736783336	0.128402236932543	0.223960067716276	0.822788375331494	0.919919649071861
B9J08_01950	302.003620482908	0.0361420625908219	0.162510500825291	0.222398321384025	0.824003818445575	0.921092384766063
B9J08_01368	845.112216331065	-0.0228064270709715	0.103171232444515	-0.221054130406329	0.825050285357599	0.922075798810442
B9J08_04744	1974.57831997976	-0.0171421867425862	0.0777919214550135	-0.220359472062911	0.825591206234461	0.922307606884025
B9J08_01753	1542.26665536302	0.0181733269064569	0.082413635677233	0.220513592891732	0.825471187312724	0.922307606884025
B9J08_02793	83.54185632477	-0.0653778137426289	0.297292333505265	-0.219910863397596	0.825940575640202	0.922511575901849
B9J08_05275	595.589338323955	0.0263547890100878	0.120143095866556	0.219361660526547	0.826368333160289	0.922569127241112
B9J08_02159	2765.51742243494	-0.0150448760747897	0.0687690312266726	-0.218774000541024	0.826826100837858	0.922569127241112
B9J08_01758	1641.52015252062	0.0177062901894654	0.0808964993365403	0.218875851670724	0.826746757958388	0.922569127241112
B9J08_00945	812.304200294757	-0.0228660786179774	0.104492822268899	-0.21882918004774	0.826783115322427	0.922569127241112
B9J08_00763	3126.17662630578	-0.0148076977780266	0.0674434998533537	-0.219557078298485	0.826216122250194	0.922569127241112
B9J08_05217	788.938265820355	0.0253315624079285	0.116099559881754	0.218188272494128	0.827282422165984	0.922719633033873
B9J08_02205	934.132399037661	0.0215171435070108	0.0987212991070208	0.217958471997869	0.827461468061473	0.922719633033873
B9J08_00163	2395.84026636495	0.0156109209615567	0.0716187565686649	0.217972521578054	0.827450521266863	0.922719633033873
B9J08_01710	3223.22684876942	0.0145791664072797	0.0670222573850517	0.21752723611681	0.827797483764128	0.922908260975488
B9J08_04739	4.61022736082368	0.267066709538333	1.23268553745022	0.216654370822549	0.828477710141357	0.923266528649616
B9J08_02454	4009.31165054745	0.01429203347843	0.0660224557929409	0.216472309410188	0.828619607343463	0.923266528649616
B9J08_01790	484.80426903722	0.0281280556403669	0.129786862416175	0.216724983690347	0.828422676545618	0.923266528649616
B9J08_04382	2146.33221456866	-0.0159590716406319	0.0739147174974622	-0.215911961527552	0.829056373056262	0.923443238843506
B9J08_03423	380.300386123396	0.0320089274918362	0.148446324456749	0.215626271711174	0.82927907563473	0.923443238843506
B9J08_01696	91.7851336034369	-0.0607853527385799	0.281704143187908	-0.215777276296691	0.82916136195619	0.923443238843506
B9J08_05055	748.442843031577	-0.0235898868358408	0.109968187395397	-0.214515555767251	0.830145037550369	0.924221457868577
B9J08_05515	6907.4139258382	-0.0127808075776552	0.0597983415312315	-0.213731806775612	0.830756206205783	0.924285952554924
B9J08_05403	410.025621370358	0.0301077501170518	0.140562295305694	0.21419506597821	0.830394943578572	0.924285952554924
B9J08_03406	16642.9717210164	0.011027547649897	0.0517546356102854	0.213073621712555	0.83126953902927	0.924285952554924
B9J08_02555	1039.18686504085	0.0217822884179007	0.102052963148573	0.213441018720731	0.830982989233239	0.924285952554924
B9J08_00418	1744.73964730471	0.0183958412996338	0.0863892545031955	0.212941313192526	0.831372738014961	0.924285952554924
B9J08_00334	1683.52536275301	0.0171088805297381	0.0802357359411555	0.213232674057925	0.831145484046306	0.924285952554924
B9J08_00045	1281.73529279096	0.018805867707023	0.0882764364364764	0.213033834012496	0.831300572630328	0.924285952554924
B9J08_02635	60.3344252453323	-0.0779615194250526	0.366611993332936	-0.21265403435466	0.831596821912362	0.924349280948005
B9J08_02236	396.288305008686	0.0301615652984283	0.142036889361259	0.212350224185175	0.83183381551083	0.924426930598834
B9J08_04490	102.3550979931	-0.056621315327173	0.267312661695543	-0.211816810202811	0.832249953434236	0.924703594303889
B9J08_05148	836.128631206939	-0.0220457727599605	0.104451545548654	-0.211062197731593	0.832838737571986	0.925171933623349
B9J08_05484	1062.78929316151	-0.0213442064509758	0.102105988071042	-0.209039713088376	0.834417236830787	0.926185364218791
B9J08_03912	1619.62082229838	-0.0169524979279283	0.0809465411795846	-0.209428317515361	0.83411388868747	0.926185364218791
B9J08_03430	4.33803618952295	-0.269904494488954	1.29003428728025	-0.209222729310543	0.834274369633735	0.926185364218791
B9J08_02900	1948.58479640372	-0.0165290142585594	0.0790831220375685	-0.209008114913663	0.83444190373675	0.926185364218791
B9J08_00358	816.564591892538	-0.0221843495680671	0.106236406883596	-0.208820593794881	0.834588294208363	0.926185364218791
B9J08_00174	2276.8652029991	-0.0154610722846842	0.074219756942969	-0.208314779265103	0.834983192584967	0.926437720799891
B9J08_05528	812.864716016401	0.0219867506459372	0.106389510597601	0.206662767056972	0.836273237206388	0.926673023523261
B9J08_02208	66.6986906714579	0.0707036902412987	0.341827620080074	0.206840191043474	0.836134666899028	0.926673023523261
B9J08_02157	2139.06468366514	0.0155062816800235	0.0749717147201219	0.206828425065509	0.836143856114596	0.926673023523261
B9J08_02060	86.2393698757144	0.060304381363129	0.291356083799774	0.206978280929158	0.836026820525267	0.926673023523261
B9J08_01370	1073.04886911924	0.0198806958247244	0.0958369171922661	0.207442981339228	0.83566391830423	0.926673023523261
B9J08_01171	2671.07220026946	-0.0148507957036718	0.0717209941285017	-0.207063439152333	0.835960314616053	0.926673023523261
B9J08_00667	1825.39433038672	-0.0176075880093648	0.0852496944156398	-0.206541362172139	0.836368058837122	0.926673023523261
B9J08_04818	881.142570132937	0.0210693439512091	0.102157383197545	0.206243966825841	0.836600345462606	0.926744744793446
B9J08_05282	1102.65431797357	-0.0192080698784931	0.0933621420508341	-0.20573724484636	0.836996163681042	0.926897514913821
B9J08_05137	3524.36546190058	0.0150202810644117	0.0731949248095231	0.205209324328146	0.837408584708798	0.926897514913821
B9J08_04904	4394.56622675542	0.0145143415815352	0.070685166672094	0.205337870233322	0.837308158210361	0.926897514913821
B9J08_03298	1952.35872439366	0.0158934572645875	0.0773322273458303	0.205521783221268	0.837164480783825	0.926897514913821
B9J08_05566	880.989007722478	-0.0210250673549844	0.103370524811592	-0.203395188263827	0.838826160419694	0.927227332623761
B9J08_04989	990.809685563917	0.020094528945421	0.0988290033233844	0.203326232883969	0.83888005287458	0.927227332623761
B9J08_02754	668.247176031851	-0.0237153914828672	0.116391255015322	-0.203755784571145	0.838544346717203	0.927227332623761
B9J08_02268	3110.56332191746	0.0136469435243782	0.0667791493368201	0.20435934958599	0.838072694138799	0.927227332623761
B9J08_01914	799.132738139758	-0.0223923729335073	0.109698840346283	-0.204125885586593	0.8382551264139	0.927227332623761
B9J08_01465	9.89351596250521	0.188785154471833	0.92273038248163	0.204594059170466	0.837889297318345	0.927227332623761
B9J08_00953	5611.34828750549	0.0129626168253077	0.063689360613118	0.203528763682357	0.838721765970024	0.927227332623761
B9J08_05160	766.938130523046	-0.0219488220486303	0.109387305478654	-0.20065236960164	0.840970405708013	0.928482669699483
B9J08_04955	2200.69937402728	0.0147967541776676	0.0733812537234358	0.201642155548808	0.840196486719324	0.928482669699483
B9J08_04394	1442.17928722309	0.0173161037477955	0.0865131232290915	0.200155804130913	0.841358730886605	0.928482669699483
B9J08_02504	1056.51134495922	0.0191439632463296	0.0951562854713114	0.201184432026839	0.840554364065602	0.928482669699483
B9J08_01816	6998.73679687611	0.0112577582701129	0.0561974281310894	0.200325150892179	0.841226293632892	0.928482669699483
B9J08_01729	2841.42292600546	0.013827939168902	0.068711600750887	0.201246063514588	0.840506174729016	0.928482669699483
B9J08_00311	3946.13526551364	-0.0135029216533947	0.0672185335187215	-0.200880931888136	0.84079167794287	0.928482669699483
B9J08_00109	1443.39504011256	-0.0177330937423597	0.0884476593851233	-0.200492515750421	0.841095410736186	0.928482669699483
B9J08_00406	327.875480393999	0.0317678091441487	0.159036047391268	0.199752255323549	0.841674343411525	0.928645679914052
B9J08_02643	23.9521575199003	-0.1085673001037	0.54595815065803	-0.198856450760642	0.842375036358824	0.929149848215006
B9J08_01385	869.076374326774	-0.0213705235478531	0.107530846065944	-0.19873854182034	0.842467273331813	0.929149848215006
B9J08_05105	194.712487762324	0.0386350117601026	0.198957014026712	0.194187734215369	0.846028886745403	0.931035768521454
B9J08_03832	15392.7330211811	-0.0102199534106429	0.0525960510183052	-0.194310280197385	0.845932936610224	0.931035768521454
B9J08_03391	2603.37987215136	-0.0136683371519408	0.0703630138109485	-0.194254572276636	0.845976554097631	0.931035768521454
B9J08_03262	1274.60383855036	0.0172358361980265	0.0881717291724925	0.195480301450226	0.845016957372903	0.931035768521454
B9J08_01529	728.337854383828	-0.0232205534094461	0.119430984020207	-0.194426543496597	0.845841907754985	0.931035768521454
B9J08_01262	1157.69071529821	0.0187565143882041	0.0956662830236495	0.196061912257711	0.844561707254341	0.931035768521454
B9J08_01018	2.19709430916826	-0.777469700220126	3.97015396036915	-0.195828602109888	0.844744322242777	0.931035768521454
B9J08_00912	406.420007669184	-0.0282044465095783	0.14483229123366	-0.194738661311901	0.845597543935419	0.931035768521454
B9J08_00870	740.256578690346	0.0239672396939905	0.122917052938967	0.194987100007118	0.845403046497655	0.931035768521454
B9J08_00830	737.36985945474	0.0222262211611212	0.11421914230861	0.194592786391863	0.845711750732773	0.931035768521454
B9J08_00504	1160.87957401504	0.017930322743984	0.0913673094205337	0.196244399202527	0.84441887809145	0.931035768521454
B9J08_00813	1217.03417121827	-0.0180987074949654	0.0933544232510646	-0.193870915428305	0.846276957725348	0.931123503715715
B9J08_03383	1298.44662383221	-0.0171158925569573	0.0885923153967645	-0.193198388373789	0.846803600851357	0.93114725970355
B9J08_00756	1849.19994604092	0.0152534209897321	0.0789029679597955	0.193318722782448	0.846709364234694	0.93114725970355
B9J08_00033	2476.70900000086	-0.0139011888800941	0.0719470510394402	-0.193214157901673	0.846791251250068	0.93114725970355
B9J08_02790	0.652312049866078	0.666527736299145	3.45561270106351	0.192882650331159	0.847050872917568	0.931234024668469
B9J08_03822	513.013421611944	0.0259017576985467	0.134494123326827	0.192586538785819	0.847282788064218	0.93130387535437
B9J08_00992	996.479294799031	-0.0190050711745252	0.0991115846173027	-0.191754286321917	0.847934680597973	0.931725775911676
B9J08_00790	1044.76886166849	-0.0198190304392364	0.103403787004035	-0.191666388760628	0.848003535696868	0.931725775911676
B9J08_01995	76.8798213084614	0.0594455804803343	0.310624136364973	0.191374634231539	0.848232091726305	0.931791797286632
B9J08_02331	790.215262808054	0.0204670185387333	0.107401443504652	0.190565581531004	0.848865957924161	0.932302941477072
B9J08_04656	10813.8846625296	-0.010563809525316	0.0557393983893876	-0.189521412691229	0.849684174298114	0.933016312893164
B9J08_03548	4984.63899647457	0.0124210727981853	0.0657970618804678	0.188778532706376	0.850266397727284	0.933458846615924
B9J08_03417	567.045774282157	0.0240136101873082	0.127400170015374	0.188489624342027	0.850492848321866	0.933458846615924
B9J08_02581	505.123065559421	-0.0250887591463172	0.133347339554	-0.188145929496834	0.850762257420154	0.933458846615924
B9J08_01248	443.344228524336	0.0255875319199075	0.135986609158852	0.188162143891812	0.850749547191143	0.933458846615924
B9J08_05196	784.579632032954	0.020005528969445	0.107783261861632	0.185608865643047	0.852751500604404	0.934158952236673
B9J08_03654	1775.82492546494	0.0162928764276482	0.0871417498374655	0.186969810200474	0.851684303481396	0.934158952236673
B9J08_03534	1313.36410230939	-0.0169121722403121	0.0908936815366811	-0.186065433310533	0.85239344874448	0.934158952236673
B9J08_03236	6798.63860922497	-0.0105056016733078	0.0564066658291601	-0.18624752090695	0.852250659546975	0.934158952236673
B9J08_02887	1989.08665950702	-0.0147021552465458	0.0791889942509163	-0.18565907277419	0.852712125421857	0.934158952236673
B9J08_02671	3310.11699473364	-0.0123725409241127	0.0664910768635374	-0.186078215419874	0.852383425129862	0.934158952236673
B9J08_01236	1066.09818137651	0.0182039378966787	0.0974870130081006	0.186731928027849	0.85187082143483	0.934158952236673
B9J08_01191	4835.26938856026	-0.0112121937903737	0.0603714293827153	-0.185720197534098	0.852664188532209	0.934158952236673
B9J08_01514	4030.25378296414	0.0115999632923768	0.0628372998920174	0.184603146734674	0.853540317629323	0.934837920159958
B9J08_04552	1536.12981463058	0.0152051850044677	0.0828873076066812	0.183444069345571	0.854449600161656	0.935093141767733
B9J08_03723	3628.26845413681	-0.0127243506753769	0.0692814916819765	-0.183661615338561	0.854278923122185	0.935093141767733
B9J08_02258	3594.50101471053	0.0120694748255663	0.0657932223413239	0.183445564695889	0.85444842695216	0.935093141767733
B9J08_01546	1852.15730095402	0.0153402866554379	0.0835944348156512	0.183508467869512	0.85439907519571	0.935093141767733
B9J08_04718	506.728746882605	0.0241515242046148	0.131985308187606	0.18298645914654	0.854808643266437	0.935301010070556
B9J08_04628	1214.32116092796	0.0173212564362317	0.0949935024627515	0.1823414863877	0.855314742947824	0.935354930658265
B9J08_01886	1259.97088945466	-0.0162055127211319	0.0887046533901252	-0.182690671816953	0.855040735392579	0.935354930658265
B9J08_01738	285.749193152929	-0.0307319188743141	0.168599985228193	-0.182277114868781	0.855365257506691	0.935354930658265
B9J08_02338	1221.51400144014	-0.0163331947546077	0.0899272017012943	-0.181626854228832	0.855875572737823	0.93572796853388
B9J08_05143	1529.60472137488	0.016248007084824	0.0895848568990659	0.181370017737824	0.856077150951691	0.935763383777432
B9J08_01568	446.135771024644	0.0243925328616754	0.134827711057797	0.180916316611048	0.856433261383958	0.935967668191004
B9J08_04170	6.7840091359073	0.18444147443271	1.02435220152892	0.180056697449782	0.857108057357247	0.936335110654342
B9J08_03050	817.252370923724	-0.0189010302447708	0.104913674409613	-0.18015792842195	0.857028586205558	0.936335110654342
B9J08_01702	992.119532595774	0.0176676139198565	0.0982459117447617	0.179830525322582	0.857285618519887	0.936344146136157
B9J08_01648	1693.13012799006	0.0151507056751677	0.0844045246193752	0.179501107831485	0.857544247533854	0.936391167581424
B9J08_00954	0.679962307682656	0.610858854601232	3.40606550261913	0.179344423685189	0.857667267215241	0.936391167581424
B9J08_02932	701.189228989087	-0.019879775152209	0.111021538305288	-0.179062328406433	0.857888761458856	0.936448142812104
B9J08_03154	2733.09655043569	0.0126668415870279	0.0711641246690535	0.177994764158692	0.858727087679067	0.937178279785501
B9J08_03254	275.436980096448	0.0296081387648341	0.167323093624535	0.176951896617889	0.859546174151014	0.937594332352452
B9J08_02664	1689.67613915818	0.0153571204556069	0.0866673644150766	0.177196117122668	0.859354345492831	0.937594332352452
B9J08_01960	4.53764650454101	0.225428280585942	1.27460053598856	0.176861906315695	0.859616861211225	0.937594332352452
B9J08_03012	2.4744657607237	0.315453343380243	1.80222215591887	0.175035770337319	0.861051526771703	0.938973973693669
B9J08_01218	3708.78517112505	-0.0112585346335048	0.0644503190396795	-0.174685475592035	0.861326781086979	0.9390889860422
B9J08_05226	1290.71101695417	0.0152221000210255	0.0875424281824402	0.173882542865984	0.861957772400062	0.939591730221668
B9J08_01363	7308.92217001233	-0.0103313274610354	0.0596830037139433	-0.173103342964318	0.862570197315784	0.939888841874232
B9J08_00885	3155.14316671266	-0.0127091940130829	0.0734134789344694	-0.173117991376316	0.862558683393582	0.939888841874232
B9J08_00415	1634.45425911481	-0.0148581899641535	0.0864322920832749	-0.171905541389994	0.863511790043174	0.940729507726767
B9J08_05060	738.095453641291	0.0188950723101049	0.110276118089901	0.171343284814405	0.863953847316299	0.941025744290361
B9J08_03424	1307.71577178718	0.0154095719099037	0.090314359161993	0.170621505294238	0.864521387102705	0.941273187414382
B9J08_00602	891.743095180465	-0.0173662430686123	0.101752692392914	-0.170671091449386	0.86448239495705	0.941273187414382
B9J08_00829	2623.85461572184	0.0120051225150129	0.0704550734509141	0.17039401035295	0.864700282309868	0.941282672988759
B9J08_05440	3934.43724611417	-0.0116750653920541	0.069008275048217	-0.169183556376341	0.865652263454078	0.94213354371596
B9J08_03441	262.445296475259	0.0292705066337667	0.173269324612581	0.168930690410514	0.865851158655162	0.942164619028468
B9J08_01487	2796.04220503385	0.012068312209373	0.0717008154306654	0.168314853002517	0.866335589551853	0.942506322936919
B9J08_01028	2013.14419766942	0.0126526200367518	0.0754029799516411	0.167800000011491	0.866740622490145	0.942761530578759
B9J08_04076	487.886942638428	0.022032573838546	0.131523729631653	0.167517860847245	0.866962595173222	0.94281756073596
B9J08_00573	12383.479446587	0.00863400484134454	0.0519958323706091	0.166051863153266	0.868116135773713	0.943886445245608
B9J08_00694	1602.45899011212	-0.0142849195630582	0.0863529590771805	-0.165424783536261	0.868609647958416	0.944237414083726
B9J08_03128	204.435477938102	-0.0325431064113825	0.197214262432007	-0.165013959994919	0.868932994199404	0.944403299453115
B9J08_02926	146.453577461543	-0.0381507552480312	0.231680779060064	-0.164669487916995	0.869204134196439	0.944512390224068
B9J08_04446	2431.60125188108	0.0116986821724316	0.0711911083444973	0.164327855605521	0.869473054154644	0.944619026228508
B9J08_02908	690.265259163279	0.018972407715672	0.115834479448365	0.163788949594489	0.869897291143467	0.944708799786868
B9J08_01755	215.492748981324	-0.0307185990429929	0.187493190818376	-0.163838478127719	0.869858299782293	0.944708799786868
B9J08_02911	1222.33725327983	0.0146956159109118	0.0902789067533096	0.162780171353515	0.870691520989066	0.945200157525127
B9J08_02505	1462.93410128591	-0.0137288790906037	0.0842668071913894	-0.16292155296002	0.870580200747285	0.945200157525127
B9J08_03438	2977.14774457722	0.0109378461467731	0.0674655254364334	0.162124967915336	0.871207444743222	0.94557464224387
B9J08_02630	6.11007902165977	-0.176021890440154	1.0898074271103	-0.161516508386154	0.871686610247311	0.94572519601187
B9J08_01752	10916.3850139043	-0.00900548094623009	0.0557564589530022	-0.161514578137412	0.871688130404721	0.94572519601187
B9J08_00988	1416.69023584957	0.0138159006100104	0.0856981709006208	0.16121581668332	0.8719234241522	0.945794951752465
B9J08_02746	10429.6333855563	0.00858817897418979	0.0533667136396001	0.16092763425884	0.872150396976043	0.945855656014606
B9J08_04906	3073.89629136777	-0.0108037811813656	0.0672506036231775	-0.160649579324254	0.872369403354939	0.945907698481899
B9J08_04633	745.179806027467	-0.0173820042438141	0.10842399186653	-0.160315110563458	0.872632856315897	0.946007904406748
B9J08_03933	242.315965805394	-0.0286853774052058	0.179176752924794	-0.160095419394312	0.872805909430025	0.946010089174499
B9J08_05198	91.5916353927898	-0.046271964601715	0.290014676965885	-0.15955042374341	0.873235234669989	0.946104619580746
B9J08_03508	2320.86541204038	-0.0116165459301841	0.0727461744112114	-0.159686004442232	0.873128426258169	0.946104619580746
B9J08_05053	4573.31285888632	0.00964759797415859	0.0608554476732618	0.158533021167758	0.874036802529866	0.9464169057934
B9J08_04524	1507.76406602326	0.014082612783649	0.0887433392505297	0.15868923687774	0.873913718448563	0.9464169057934
B9J08_01069	622.129877514761	0.0190258312484823	0.119993103021885	0.158557706812635	0.874017352235066	0.9464169057934
B9J08_03376	978.383043415957	0.0157186187051717	0.0994923721755996	0.157988179007623	0.874466113515613	0.946696432541565
B9J08_00027	692.238679087521	0.0176621018309409	0.112042813369676	0.157637079074999	0.874742783975007	0.94681063369193
B9J08_04482	2495.9126993032	-0.0112531392649568	0.0715907109835332	-0.15718714216353	0.87509736140026	0.946823847007989
B9J08_03205	2273.05879125602	-0.011688374137425	0.074278404815308	-0.15735898161098	0.874961938587026	0.946823847007989
B9J08_04267	721.542510410545	0.0175530469974781	0.111933062625437	0.156817356603706	0.875388793503952	0.946953924676386
B9J08_05365	915.797277701189	-0.0154566254034644	0.0999868304363087	-0.154586612417025	0.877147224860344	0.947929132610895
B9J08_03492	733.116902946326	-0.017833386488169	0.115328927084279	-0.154630645918842	0.877112508624048	0.947929132610895
B9J08_01672	1099.00737314827	-0.0145404390474293	0.0936390411733196	-0.155281801962452	0.876599161523179	0.947929132610895
B9J08_01632	5279.17335996617	0.00978693663244377	0.0630636713115909	0.155191355480837	0.876670463051463	0.947929132610895
B9J08_01329	1341.79374630958	-0.0144003695903018	0.0930835766803309	-0.154703655616455	0.877054947928852	0.947929132610895
B9J08_01799	4208.59007492172	0.00962278311438075	0.0623738712224298	0.154275867856032	0.877392224163642	0.948008671976774
B9J08_03613	8491.17717855675	-0.00906469731076336	0.0589165165224012	-0.153856640647055	0.877722772689025	0.948180596824804
B9J08_02319	138.978465851647	-0.0353928286080254	0.230415385157133	-0.153604450431507	0.87792162765222	0.948210217251401
B9J08_04069	4828.16392244265	-0.00944582505391928	0.0616995185336765	-0.15309398320124	0.878324160655692	0.948459768173884
B9J08_03339	287.973344252857	0.0251985298992697	0.165538867678332	0.152221229084606	0.879012450687407	0.949017736629328
B9J08_03906	10386.7792547537	-0.00813898925397265	0.0535926891469433	-0.151867528641019	0.879291419570658	0.949082482148165
B9J08_02857	371.45550034787	-0.0223884503366403	0.147573914556223	-0.151710079684243	0.879415606763577	0.949082482148165
B9J08_04142	4792.12899865178	-0.00933665415878558	0.0616688131242906	-0.151399932733714	0.879660242521662	0.949161295627646
B9J08_03329	2444.64505828622	-0.0108889479624871	0.0722441596855043	-0.150724266292102	0.880193230183039	0.949551151968479
B9J08_04590	316.751489923859	-0.0238763505714185	0.159009351442926	-0.150156895520629	0.880640832636598	0.949758193069691
B9J08_03437	1143.18386810204	-0.0139556918512555	0.093009623954006	-0.150045675468558	0.880728579326423	0.949758193069691
B9J08_03595	879.120733006907	0.0151438752501854	0.101866211379663	0.148664361274251	0.881818484253522	0.950698669212557
B9J08_00049	872.800578802587	-0.0160440427412613	0.10803726738674	-0.148504707026961	0.881944471475254	0.950698669212557
B9J08_05110	3606.56827575115	-0.00984025030771698	0.0666786401318432	-0.147577249449898	0.882676410785557	0.951302265794021
B9J08_01172	1400.95809250535	-0.0129202216768432	0.0878298992178914	-0.147105049554825	0.883049104273447	0.951468543471258
B9J08_00581	866.39817315047	-0.0152549594674429	0.10381345906564	-0.146945873923701	0.883174742755639	0.951468543471258
B9J08_00768	1576.95759874375	-0.0122629822032469	0.0842634476187683	-0.145531455806652	0.884291281969762	0.952485896898686
B9J08_01011	1269.94513182979	0.0128045285147532	0.0881419553092632	0.145271663985965	0.884496386234521	0.95252132248114
B9J08_05240	49.3083370537669	-0.0584878201827783	0.404513818073208	-0.144587941300421	0.88503621862823	0.952729400956779
B9J08_03763	441.973908467707	0.0201521441843341	0.13958440666076	0.144372460122362	0.885206362595712	0.952729400956779
B9J08_02186	246.383865702341	0.0265555205760349	0.183517978977131	0.14470255570624	0.884945721236967	0.952729400956779
B9J08_05475	4.11946977746748	-0.198422672335257	1.37779998459215	-0.144014134529107	0.885489308248635	0.952848514381946
B9J08_01372	916.715057765512	-0.0157624897256154	0.109773029374052	-0.143591643735227	0.885822939605524	0.953022112226834
B9J08_01601	1909.06637208567	-0.0111163175326231	0.0781219799526672	-0.142294365034761	0.886847497288364	0.953753355532168
B9J08_00193	598.131152819744	0.0170119665707309	0.119469629183883	0.142395742641393	0.886767425001328	0.953753355532168
B9J08_02527	5708.22128260404	-0.00924521399858853	0.0652217793107146	-0.141750410618892	0.887277155014048	0.954029926979529
B9J08_00476	220.567750067418	-0.0264703732732732	0.188098780745187	-0.140725916289335	0.888086470594363	0.954714532333804
B9J08_04888	1395.02043495248	0.0121725625169381	0.0866629812114676	0.140458617356304	0.888297646863436	0.954755982277821
B9J08_05303	913.296155664721	-0.0141553315965096	0.10123948941978	-0.13982025865239	0.888802006438792	0.955112472821636
B9J08_03517	917.58711016267	0.0143431078292634	0.102743514514997	0.139601101801611	0.888975170035847	0.9551129886302
B9J08_05168	207.467204914848	-0.0269888494928215	0.193980076799961	-0.139132069324075	0.889345787015815	0.955164322565931
B9J08_05021	2539.54043580366	-0.00980285811926847	0.0711865815692254	-0.137706543890377	0.890472347400486	0.955164322565931
B9J08_04819	416.695375446253	-0.0197400762059733	0.142189943090956	-0.138828919801635	0.889585340572806	0.955164322565931
B9J08_04068	544.991672427967	-0.0177668785747385	0.129555765897709	-0.137136919006494	0.890922570984928	0.955164322565931
B9J08_02530	2407.0343574438	-0.0103593153951815	0.075201556888247	-0.137754001696746	0.890434839002187	0.955164322565931
B9J08_01607	5070.63779396319	0.0081806795789295	0.0595400677214682	0.137397888379959	0.890716300048111	0.955164322565931
B9J08_01357	886.421705532528	-0.0148327915480785	0.107764898688802	-0.137640286666179	0.890524714376607	0.955164322565931
B9J08_00545	634.060627789628	0.0160415333628402	0.116705555422175	0.13745303987296	0.890672709097017	0.955164322565931
B9J08_00424	349.742587470359	-0.0216522596071295	0.157171668939748	-0.137761848259243	0.890428637475126	0.955164322565931
B9J08_00198	352.292550235928	0.0222247267224648	0.162013094127235	0.13717858326322	0.890889638942055	0.955164322565931
B9J08_00132	1.3832277927923	-0.317954427519119	2.31464575265759	-0.137366345218941	0.890741231459832	0.955164322565931
B9J08_03796	652.926591255831	0.0159530742901442	0.116710433578782	0.136689358448622	0.891276341304856	0.955358419332783
B9J08_04591	1537.29085081124	0.0113373388409973	0.0837338761656403	0.135397277185282	0.892297776801568	0.956082720552009
B9J08_03377	250.818403163621	-0.0238544796626141	0.176093469523862	-0.135464874007617	0.892244334701073	0.956082720552009
B9J08_00360	5816.29870388582	0.00828728787519288	0.0614501703246712	0.134861918712464	0.892721048885494	0.956350982255601
B9J08_00928	486.661799669033	0.0175244331000572	0.130284012955072	0.134509466684146	0.892999725785841	0.956464268652496
B9J08_04861	119.432731308254	0.0335315372012585	0.249860855069738	0.13420084227239	0.893243759900901	0.95654041355506
B9J08_01655	4675.70352946333	0.00826368191314753	0.0617336210426269	0.133860314259575	0.893513032416655	0.956643550580046
B9J08_04371	2176.39184243337	0.00978301042670967	0.0737062354811975	0.132729752955641	0.894407111587795	0.95721994447848
B9J08_01834	1234.19944232986	0.0122961671289173	0.0927851115384784	0.132523062429235	0.894570582717278	0.95721994447848
B9J08_00297	881.67032346092	0.0136233410662967	0.102540891783941	0.13285764175917	0.894305966830873	0.95721994447848
B9J08_04569	685.911809787551	0.0148241405768449	0.113577533603229	0.130520007844434	0.896155025571185	0.95854446846533
B9J08_00786	751.582731052072	-0.0152225194629225	0.116557362738938	-0.130601097221266	0.896090874705723	0.95854446846533
B9J08_02967	491.869019058003	0.0173384339512225	0.133634151380312	0.129745531154522	0.896767758349465	0.958842009917187
B9J08_00037	12526.1136966154	-0.00788633435134566	0.0607902901883161	-0.129730164585748	0.896779916344532	0.958842009917187
B9J08_04985	5472.64155118912	0.00774975081067466	0.0601068942734585	0.128932810526142	0.897410814296412	0.959076733551167
B9J08_03126	16.3033284323735	-0.0862936569264423	0.668517171026642	-0.129082184671369	0.897292618637276	0.959076733551167
B9J08_01967	751.066690524347	-0.0558760168061518	0.434575321789991	-0.128576138598947	0.897693048200034	0.959076733551167
B9J08_01373	1307.59193594002	-0.0112294371074682	0.0872627858471881	-0.128685292343667	0.897606673647047	0.959076733551167
B9J08_05439	17824.74744312	-0.00651715295706858	0.0509527699945637	-0.127905763666311	0.898223549768686	0.959263134821653
B9J08_04553	1640.28359903626	0.0103153634008575	0.0805059670576895	0.128131662507273	0.898044779504269	0.959263134821653
B9J08_04356	425.537331451654	-0.0180975295754171	0.141730342636071	-0.127689873874695	0.89839440396808	0.959263134821653
B9J08_02063	464.711157844833	-0.0170034612889654	0.133382399173004	-0.1274790481682	0.898561255019162	0.959263134821653
B9J08_05135	4113.24618038206	0.00805575631660599	0.0637582993372409	0.126348356219418	0.899456180201293	0.959532264177429
B9J08_00913	11710.6759281891	0.00687759893231066	0.0543844896026424	0.126462507648072	0.899365825290487	0.959532264177429
B9J08_00559	6.65095684039442	0.13523226094058	1.06669156414777	0.126777285473916	0.899116674220472	0.959532264177429
B9J08_00232	2707.57830926641	0.00934527430371094	0.0740021663458451	0.12628379363972	0.899507284353638	0.959532264177429
B9J08_00719	4560.23490455509	0.0077723069756856	0.0617203218227129	0.125927842664382	0.899789042851966	0.95964774315739
B9J08_05157	1121.20465262378	0.0123587114669958	0.099470976579239	0.124244396627099	0.901121771116263	0.96014342439685
B9J08_03272	1412.83156289588	0.0107508754774007	0.0862308471040135	0.124675517386867	0.900780440439077	0.96014342439685
B9J08_03256	493.637567515702	0.0161034286527197	0.128879413121908	0.124949580872838	0.900563466046887	0.96014342439685
B9J08_02218	1151.47620693018	-0.011477605492529	0.0923788313759799	-0.124244973892507	0.901121314066435	0.96014342439685
B9J08_02035	473.629317528285	-0.0171341144218799	0.137557738533443	-0.124559436674036	0.900872343068288	0.96014342439685
B9J08_05521	493.303775832552	-0.0161016677877457	0.130573998031915	-0.123314503886219	0.901858056050584	0.960178740737754
B9J08_05406	886.780991490276	0.0127241730987574	0.103888114825758	0.122479584118919	0.902519213764399	0.960178740737754
B9J08_04574	46.4123592206322	0.0513924351171201	0.421960981793463	0.121794282728907	0.903061941963104	0.960178740737754
B9J08_04431	16.1867581583987	0.0872263571634676	0.707648247446232	0.123262309315752	0.901899385987702	0.960178740737754
B9J08_04074	2038.94342230583	-0.00983066775234387	0.079354421327361	-0.123883050092312	0.901407873624303	0.960178740737754
B9J08_03359	2178.58208926978	0.00908006069936821	0.0734666322666663	0.123594350512894	0.901636465826765	0.960178740737754
B9J08_02387	671.667299643938	0.0152477104923069	0.123981899974128	0.122983358824867	0.902120275656817	0.960178740737754
B9J08_02310	453.859519953407	-0.0162948070817339	0.133793152526188	-0.121791039183	0.903064510815006	0.960178740737754
B9J08_02301	554.840981257856	-0.0149344528411561	0.122207011894137	-0.1222061861237	0.902735727360498	0.960178740737754
B9J08_00821	1.76685319522447	0.240886108598116	1.96703025932988	0.122461821548276	0.902533280355794	0.960178740737754
B9J08_00021	7.55466584038725	0.122577086039772	1.0012980166863	0.122418185192685	0.902567837127104	0.960178740737754
B9J08_04319	1174.65480511666	0.0110893896761768	0.0912597113602638	0.121514625795818	0.903283430836225	0.960226918307738
B9J08_04001	0.931368614467063	-0.333287868885032	2.76220434882929	-0.120660105768891	0.903960259041303	0.960577174401046
B9J08_03523	1152.28204333866	0.0112320042923113	0.0930098933837913	0.120761393048417	0.90388003013036	0.960577174401046
B9J08_04173	1.51628944496283	-0.26962499956446	2.24848746987753	-0.119913943562757	0.904551318814519	0.9606515638178
B9J08_03388	2778.57533563006	0.00942334955562177	0.078520277838884	0.120011668513929	0.904473904630367	0.9606515638178
B9J08_01665	757.192950075021	0.0128986439378366	0.107544074227864	0.119938211662941	0.904532094415517	0.9606515638178
B9J08_04338	2289.03417530783	0.00934298954999605	0.0781910657580794	0.119489221171418	0.904887779114942	0.960690595658826
B9J08_02408	1368.63295930236	-0.0105944952408514	0.0887095403116482	-0.119429040029196	0.904935455321368	0.960690595658826
B9J08_05478	228.297872885322	-0.0216318540548749	0.183392956890729	-0.11795357041854	0.9061044464156	0.96083652527242
B9J08_05278	3978.86758861265	-0.00743613990826413	0.0631029042723793	-0.117841484381868	0.906193258745831	0.96083652527242
B9J08_03436	5257.07798995208	-0.00701133373745123	0.0590118790997449	-0.118812243304442	0.905424108641014	0.96083652527242
B9J08_03144	559.778879633572	0.0144687797439344	0.122024137820624	0.118573095473976	0.905613581647493	0.96083652527242
B9J08_02804	87.6260758755067	0.0349888677760769	0.296062859734637	0.118180537090798	0.905924611028006	0.96083652527242
B9J08_00687	1247.51252424693	0.0107347619167448	0.0911883773242471	0.117720725291274	0.906288944557261	0.96083652527242
B9J08_00586	1745.80017157213	0.00932121462990166	0.0790735179359848	0.117880358345101	0.906162456495507	0.96083652527242
B9J08_00214	4860.67229048856	0.00730370498294969	0.0621832768577308	0.117454488602456	0.906499907173281	0.960876003559873
B9J08_03160	1665.00009045377	-0.0097105799385256	0.082991421631623	-0.117007032143976	0.906854480917326	0.960883550565849
B9J08_02000	369.759605053839	-0.0191667074607979	0.16351681000979	-0.11721551722817	0.906689270714392	0.960883550565849
B9J08_02317	502.537125595058	-0.0151930889437399	0.13010701429735	-0.11677378829874	0.907039315525162	0.960895317787717
B9J08_00516	486.349524880137	-0.0153383581798554	0.132608174343658	-0.115666762292539	0.90791664924623	0.961640556679605
B9J08_04842	84.6702625545046	-0.0338154916580293	0.293139450150708	-0.115356331741239	0.908162690050622	0.961716989980852
B9J08_04681	732.56917590173	-0.012601242132129	0.110051849057323	-0.114502775192495	0.908839246583907	0.96186980194549
B9J08_02033	2650.75850748678	0.00834698791583911	0.0727963434042856	0.114662186663454	0.908712886858735	0.96186980194549
B9J08_01311	95.5202790763828	0.0319781908926892	0.279782322663911	0.114296681034788	0.909002613409705	0.96186980194549
B9J08_00635	2376.41158345026	0.00825791228202959	0.0719429721903481	0.114784141252611	0.908616219412384	0.96186980194549
B9J08_05209	697.853269097859	-0.0140237356458862	0.12313298402987	-0.113890975325379	0.909324219663459	0.96202606330501
B9J08_01256	1395.77103568517	-0.00995622577715761	0.0878864495182411	-0.113285106313132	0.909804524665029	0.962350129264157
B9J08_01981	758.954569395922	0.0120788689855413	0.10772644622601	0.112125382472934	0.910723992022337	0.963120703381067
B9J08_00181	1112.11769458339	0.0111853694886601	0.0999345051592139	0.111927001297898	0.910881287178876	0.963120703381067
B9J08_03203	6507.33442462889	0.0256760160392586	0.231338804254271	0.110988798969659	0.911625228979554	0.96372307750113
B9J08_05404	2755.52082354439	-0.00869282599010992	0.0794678821881053	-0.109387915605118	0.912894818180798	0.963745323027947
B9J08_04700	4935.41066423611	-0.0069952748975644	0.0640056916592657	-0.109291450747908	0.912971327291803	0.963745323027947
B9J08_04644	1883.66835914889	0.00856609158806129	0.0774529172897302	0.110597404046356	0.911935606129162	0.963745323027947
B9J08_03120	776.707053874804	0.0134682619513329	0.123667913651257	0.108906680428954	0.913276507949119	0.963745323027947
B9J08_02777	6937.13428520273	0.00611660859871057	0.0561805080772976	0.108874212926214	0.913302260141281	0.963745323027947
B9J08_02541	752.968633507513	-0.011793634526942	0.10755899903367	-0.109648050213355	0.912688501809989	0.963745323027947
B9J08_02469	6779.80149468315	-0.00618901767687089	0.056902546655994	-0.108765214222955	0.913388715117068	0.963745323027947
B9J08_02266	280.390983917242	0.0181478724010352	0.165671718158289	0.109541161296438	0.912773276183132	0.963745323027947
B9J08_01829	1204.51559305151	0.0101430379716941	0.0930645539821967	0.1089892718299	0.913210999483088	0.963745323027947
B9J08_01709	1126.00045507638	0.010104219912969	0.0926330768480655	0.109077882941767	0.913140717059155	0.963745323027947
B9J08_04501	2154.95068232787	-0.00797821970238927	0.0738649978009765	-0.108010829755738	0.913987101567726	0.963848168590314
B9J08_03727	3794.08493663358	-0.00690181070246827	0.0643522072770486	-0.107250566756081	0.914590200268101	0.963848168590314
B9J08_03701	2052.32477969032	-0.0085945880346417	0.0796610178129776	-0.107889508201106	0.914083339782745	0.963848168590314
B9J08_03106	852.240431137136	0.0110338703939558	0.103422768694792	0.106687052891782	0.915037254275044	0.963848168590314
B9J08_02709	1477.7686426112	-0.00935330094285641	0.0873961555008828	-0.107021880873947	0.91477162101972	0.963848168590314
B9J08_02646	160.441520524203	-0.0232680457967936	0.218140830004444	-0.106665248300007	0.915054553112952	0.963848168590314
B9J08_01940	1725.84459801727	0.00943361792963882	0.087045011738391	0.108376318656732	0.91369718545079	0.963848168590314
B9J08_01714	2406.88073065114	0.00771381237591666	0.0719667247802595	0.107185819550212	0.914641564976199	0.963848168590314
B9J08_01008	496.816767119992	-0.0139397202943611	0.130413311897046	-0.106888783756721	0.914877211476051	0.963848168590314
B9J08_01131	237.594242055483	-0.0201923554162983	0.190781598821023	-0.105840162474167	0.915709170689713	0.964031600497688
B9J08_00419	3723.81436876139	0.00746195668106116	0.0705377565012293	0.105786702770042	0.915751587238266	0.964031600497688
B9J08_00138	1717.17580123833	0.00902535442642831	0.085010968855323	0.10616693996028	0.915449900755712	0.964031600497688
B9J08_05208	1163.40965326037	-0.00957673990300554	0.090994198307805	-0.105245609952081	0.916180920150508	0.964236448517465
B9J08_02656	3591.33462828394	0.00683361320883725	0.0650188460556194	0.105102037692141	0.916294842416886	0.964236448517465
B9J08_05337	11511.9496370517	0.00553524954069746	0.0528574437316903	0.104720341165096	0.916597720792278	0.964371693685008
B9J08_02915	2954.68857494448	0.00758648162661341	0.0737680422506655	0.10284238804704	0.918088062805787	0.965756005207076
B9J08_05114	1164.37670131176	0.00943211462958864	0.0919219765521821	0.102610006696649	0.918272500569622	0.965766343535002
B9J08_01599	221.119232478452	0.0192826728430767	0.190388014964511	0.101280917533969	0.919327463894766	0.965957485334717
B9J08_01511	240.117170215742	-0.0182972694627545	0.180411771022704	-0.101419488091228	0.91921746697653	0.965957485334717
B9J08_01219	828.383351728282	0.0105170579259638	0.103484523310675	0.101629283196195	0.919050935155429	0.965957485334717
B9J08_00385	7980.9435553272	-0.0064125206972011	0.0630611780210218	-0.101687296343615	0.919004885922381	0.965957485334717
B9J08_00081	2591.73520861201	0.00719931846336169	0.0704776353765526	0.10215039742603	0.918637298834779	0.965957485334717
B9J08_04100	9787.5920064766	-0.00542071668427488	0.0537292629752041	-0.100889466635277	0.919638204849515	0.96610045793403
B9J08_01820	444.823376984698	0.0135383183030212	0.134927660704366	0.100337604849493	0.920076303765236	0.966216538041277
B9J08_00171	11818.5292170653	-0.00536291645403741	0.0534633378870034	-0.100310168911865	0.920098084589297	0.966216538041277
B9J08_03959	1356.40334286713	-0.00891162326830531	0.0897085418228317	-0.0993397405333504	0.920868526067651	0.966770118129102
B9J08_03135	21.5252843249867	0.057343194783303	0.578022268085171	0.0992058575412072	0.920974824158785	0.966770118129102
B9J08_04505	2.32412376790366	0.172921067911412	1.75019047379826	0.0988012850602136	0.92129604815719	0.966923803103875
B9J08_04852	1344.19091234535	0.00934713884322859	0.0953656694516232	0.0980136656825985	0.921921441972617	0.967210770053042
B9J08_04439	632.429374065571	0.0114743016755619	0.117593443693442	0.0975760324314898	0.922268957016768	0.967210770053042
B9J08_03293	8100.97418622026	0.00536791644250405	0.0549578285636547	0.0976733721618326	0.922191660368867	0.967210770053042
B9J08_01805	941.294510639704	0.0100124685041234	0.10205734661788	0.0981062984285864	0.921847886233476	0.967210770053042
B9J08_05158	425.090032769659	0.013387124903543	0.13925918696274	0.0961310000116894	0.923416530864868	0.968230679092623
B9J08_03711	8012.3439023938	0.00542578662450378	0.0567329609973257	0.0956372896658708	0.923808648056518	0.968458232069864
B9J08_02519	1718.75996312391	-0.00860405753556569	0.0901970664611597	-0.0953917668627363	0.924003655349874	0.96847910133412
B9J08_03056	1.1318214860079	0.2407190123994	2.54604790150202	0.0945461443429208	0.924675328697516	0.968632432391281
B9J08_00867	4599.4169149935	0.00595039037417022	0.0626787236390295	0.0949347725783133	0.924366636715601	0.968632432391281
B9J08_00485	1.1318214860079	0.2407190123994	2.54604790150202	0.0945461443429208	0.924675328697516	0.968632432391281
B9J08_05025	320.032956807658	-0.0147823658311424	0.15697839323617	-0.094168156052551	0.924975580127275	0.968763479205445
B9J08_04838	1.88519784983834	-0.1899289179989	2.03818244836921	-0.0931854349697031	0.92575624524831	0.969214043624532
B9J08_02795	3698.00240579683	-0.00693846673408932	0.0744195846081657	-0.0932344190124382	0.925717331049631	0.969214043624532
B9J08_01397	1096.53317013265	-0.00863559553603245	0.0934916189724844	-0.0923675900678755	0.926405988697319	0.969543243191039
B9J08_01212	1188.5390177666	0.00897116826498615	0.0971448607099462	0.0923483568705929	0.926421269257755	0.969543243191039
B9J08_04953	1.46098892932968	-0.196592780130256	2.14121234117145	-0.091813771268804	0.926846002388922	0.969590978432842
B9J08_04899	4518.30358179489	0.00567985390049463	0.0619874927717297	0.0916290310597141	0.92699278502131	0.969590978432842
B9J08_01499	3226.60658760028	0.0063905053475986	0.069504730785301	0.0919434587458337	0.926742962587	0.969590978432842
B9J08_00661	3996.5863243509	-0.00599513486118673	0.0659104349177201	-0.090958812040473	0.927525318566944	0.969964556058569
B9J08_03696	3307.41311462761	-0.00593192190722925	0.0662169278297638	-0.0895831640283818	0.928618463766264	0.970740639404877
B9J08_03607	1126.13684096413	0.0082745967964412	0.0922741285384794	0.0896740714597006	0.928546220887885	0.970740639404877
B9J08_00984	10110.8137928663	0.00483036704056257	0.0543244765014423	0.0889169551488329	0.929147908664979	0.971110559868858
B9J08_00882	50.4099355822077	-0.0340093591738796	0.385367641642929	-0.0882517251030426	0.929676606966541	0.97147956038767
B9J08_04699	505.400695457099	0.0112266856176024	0.128814048087907	0.0871542023890198	0.930548941974449	0.971840294195747
B9J08_03999	1484.32559953254	-0.00737477335475834	0.0845335593665012	-0.0872407764445892	0.930480127980314	0.971840294195747
B9J08_00535	1978.62224094297	-0.00688084025737017	0.0787516704861506	-0.0873738958792023	0.930374318079977	0.971840294195747
B9J08_04025	300.736851644533	0.0151104900702681	0.174718596712998	0.0864847266092078	0.931081096978051	0.972146252415428
B9J08_00814	554.567929609488	-0.0106830844183168	0.123727842042143	-0.0863434150470192	0.931193427101236	0.972146252415428
B9J08_04905	1830.17955462952	-0.00680811826093413	0.0790869317077513	-0.0860839852289638	0.931399654298194	0.972178050183679
B9J08_01631	4774.28847341276	-0.00533373889661744	0.0622340735159419	-0.0857044798015857	0.931701340867946	0.972309455913323
B9J08_01646	2672.15413949979	-0.00592626518948891	0.0694916614173763	-0.0852802346154161	0.932038604773259	0.97241536515223
B9J08_01322	2446.71726027054	0.00605829464634407	0.0711614392305868	0.0851345154320612	0.93215445055815	0.97241536515223
B9J08_04939	3910.53307911825	0.00533812637651605	0.0633604829815018	0.0842500897298167	0.93285759387261	0.972781929055318
B9J08_01450	21.4967464804652	-0.0494414859289613	0.585486237863812	-0.0844451717761157	0.932702493634607	0.972781929055318
B9J08_04228	5.09057935348827	-0.0988553497462338	1.1779473272712	-0.0839217063934766	0.933118681231079	0.972870768310858
B9J08_01104	1692.36688683478	0.00662470919509417	0.0805071653901799	0.0822871996919449	0.934418333065567	0.974042178700651
B9J08_05533	283.525308102677	-0.013955064889584	0.171488091245701	-0.0813762914276641	0.935142703267318	0.974090980626942
B9J08_04387	19652.5528722019	0.00410277564440121	0.0502826180090125	0.0815943124454228	0.934969324226001	0.974090980626942
B9J08_02830	2583.16927671105	0.00632786628508625	0.0777064456729943	0.0814329651843207	0.935097633731005	0.974090980626942
B9J08_02287	153.455382760367	-0.0179353623179479	0.220492012167264	-0.0813424583578212	0.935169608954812	0.974090980626942
B9J08_04045	878.009420186312	-0.00816929342853525	0.101904378870021	-0.0801662648761658	0.936105020508457	0.974148046741727
B9J08_03459	1539.44800327065	0.00717114066158307	0.0894221045333684	0.0801942729821028	0.936082744991621	0.974148046741727
B9J08_02139	2557.19010426511	-0.00565175026004346	0.0701701372716772	-0.0805435257759525	0.935804980095082	0.974148046741727
B9J08_01971	1698.28689305149	0.00651555348535368	0.0809183049761473	0.0805201429673336	0.935823576476923	0.974148046741727
B9J08_01471	306.797582433059	-0.0132111614541988	0.164637054420147	-0.0802441558537881	0.93604307207408	0.974148046741727
B9J08_03810	17376.8863485972	-0.00400662905356626	0.0509444177787261	-0.078647067299283	0.937313349163577	0.975221996656084
B9J08_01170	5138.43985318163	-0.00488236336257463	0.0622716073772978	-0.0784043253130251	0.937506433022499	0.975239435969051
B9J08_01674	1451.12303928212	-0.0074418551643477	0.0957379323130995	-0.0777315217129403	0.938041619256796	0.975612673205968
B9J08_02881	1712.16477337034	-0.00615915165467712	0.0798916873977065	-0.0770937735238514	0.938548946268409	0.9759568004908
B9J08_03226	907.047361127022	0.00784756815691329	0.102958609125148	0.076220611599118	0.939243584703297	0.976108093351421
B9J08_01504	6570.70269345383	-0.00431830635202932	0.0568022153796336	-0.0760235551231273	0.939400358146739	0.976108093351421
B9J08_01083	1.68909205868709	0.15327326464189	2.01457660801176	0.0760821226814303	0.939353762945377	0.976108093351421
B9J08_00803	2900.44817855727	0.00538909430988038	0.0706371667295355	0.0762926170370737	0.939186299477278	0.976108093351421
B9J08_03764	505.612260424973	0.00968010886081822	0.12782256108355	0.0757308316995067	0.939633246271286	0.976166695177776
B9J08_03000	1397.14308254638	-0.00670698450249116	0.0888248168266956	-0.0755080026292317	0.939810530538494	0.976167520076696
B9J08_00349	1223.92034900943	-0.00681690467020474	0.0905690031659299	-0.075267524560424	0.940001859810869	0.97618293026923
B9J08_00941	699.965931747379	-0.00819033392890901	0.111715737354454	-0.0733140569347232	0.94155620598646	0.977539904990773
B9J08_00660	680.524530573914	-0.00864733506478999	0.118184059462901	-0.0731683706253505	0.94167213548708	0.977539904990773
B9J08_00639	5745.82645273683	-0.0044019787146906	0.0603349766658392	-0.0729589859472496	0.941838754962182	0.977539904990773
B9J08_04385	773.857253811536	-0.00788254489835222	0.109143109024039	-0.072222103336053	0.942425155185571	0.977965015634407
B9J08_01723	2045.78170362879	-0.00573818861404083	0.0799354548838952	-0.0717852750369088	0.942772791403963	0.978142245217655
B9J08_02298	1659.18853569512	-0.00612903178395182	0.0869275937389141	-0.0705073213272219	0.943789873478268	0.979013839123838
B9J08_02752	357.087544387554	-0.0105139189080655	0.151199088469532	-0.0695369199278217	0.944562245910864	0.97963131110688
B9J08_05262	377.160415646088	0.0103269841629258	0.149758986220028	0.068957358911025	0.945023561322732	0.979702722877304
B9J08_01666	1795.69724932754	-0.00572271097315845	0.0831997084133255	-0.0687828248715579	0.945162489472662	0.979702722877304
B9J08_00971	769.330131820795	0.00747702204454822	0.108285753777663	0.0690489910602677	0.944950623297416	0.979702722877304
B9J08_03268	1150.6279660388	-0.00631632630240519	0.0935516138186011	-0.0675170212953536	0.946170111910157	0.979877742794633
B9J08_01808	5150.93990941729	0.00406217919012231	0.0606179060648377	0.0670128589690537	0.946571466236074	0.979877742794633
B9J08_01783	3674.50839402903	0.00450754216409417	0.0661861089963445	0.0681040513250767	0.945702805356032	0.979877742794633
B9J08_01479	835.706582600187	0.00717440146619355	0.106963800040698	0.0670731730124008	0.946523450622915	0.979877742794633
B9J08_01464	1276.51642900466	0.00602411533501516	0.0898125028785114	0.0670743509193138	0.946522512900903	0.979877742794633
B9J08_01166	1714.66277271872	-0.00583557915871021	0.0860166334677935	-0.0678424500407259	0.945911051339185	0.979877742794633
B9J08_00919	6.36755319540385	0.0740577814386216	1.08699723100498	0.0681306072602885	0.945681665885524	0.979877742794633
B9J08_03886	2801.63247996414	0.00466078378042367	0.0706583956287235	0.0659622078728462	0.947407913645037	0.980560099246015
B9J08_00567	1576.75733263615	0.00541408490389719	0.0826176295393983	0.0655318354457912	0.947750559783213	0.980731215371553
B9J08_05304	617.122018558573	-0.00776993756845771	0.119393410905734	-0.0650784453640614	0.948111542153243	0.980758219311243
B9J08_01317	232.998033750462	-0.012182103039441	0.187262449458905	-0.0650536350167437	0.948131296087003	0.980758219311243
B9J08_03404	2.1513211541794	-0.126526015900394	1.96384739585879	-0.0644276210907236	0.94862973725956	0.981090328493386
B9J08_04132	5424.02289404228	0.00387662774209641	0.0605159028896317	0.0640596530331302	0.948922728043288	0.981200541837343
B9J08_00591	2742.51381256402	0.00443342649559097	0.0694369930318511	0.0638481924693561	0.949091104471124	0.981200541837343
B9J08_03592	352.873947036471	0.00953270441381329	0.150030980667618	0.0635382397115185	0.949337909858886	0.981272281709867
B9J08_03176	195.17469054095	0.0129561303193245	0.206175394771559	0.062840332299011	0.949893648787618	0.981479875106354
B9J08_00672	133915.365358618	0.00297039239656167	0.0472352951405411	0.0628850182416293	0.949858064942051	0.981479875106354
B9J08_01727	2268.85428940758	-0.00471805353827796	0.0753486946740105	-0.0626162610870726	0.950072080352455	0.981480888388015
B9J08_04780	3099.82148653907	0.0043433890725897	0.0706785916150684	0.0614526828186501	0.950998696781784	0.982022316497384
B9J08_04363	7035.02533173131	-0.0035441823341414	0.0580382322406937	-0.0610663384688066	0.951306377109562	0.982022316497384
B9J08_02020	604.031096845021	0.00726925229396298	0.118892597795361	0.0611413362039145	0.951246649181235	0.982022316497384
B9J08_00519	78.3650376357828	0.0195993372792659	0.318760167771538	0.0614861556143775	0.950972039764101	0.982022316497384
B9J08_02386	2087.95780395516	0.00458198400954943	0.0761233778850146	0.0601915487312003	0.952003076647477	0.98237481659276
B9J08_00841	744.36449667673	0.00656914304465657	0.10904152840903	0.0602444145868425	0.951960972206393	0.98237481659276
B9J08_01947	433.713267598807	0.00838959271000108	0.14115342908106	0.0594359822826775	0.952604853988372	0.98281243189884
B9J08_05401	1532.78822302938	0.00514587789822245	0.0879785023052572	0.058490173887797	0.953358189197848	0.983222849981969
B9J08_00421	3476.58000564206	-0.00383557176262415	0.0655597856037454	-0.0585049467032581	0.95334642234658	0.983222849981969
B9J08_05273	3927.32030532415	0.00445308563320146	0.0793758272567779	0.0561012815500604	0.955261123018998	0.983981688533879
B9J08_04730	81.8814007348556	0.0170225698549895	0.301523357746535	0.0564552278211856	0.9549791616291	0.983981688533879
B9J08_04348	0.451859178325242	-0.206276736800811	4.02001932356932	-0.0513123744434295	0.959076607715229	0.983981688533879
B9J08_04294	1386.41343907341	0.00455099803462047	0.0856777076559501	0.0531176447074844	0.957638172855268	0.983981688533879
B9J08_04095	2017.90948651693	0.00399882340725223	0.0763096889282873	0.052402564646937	0.958207930634049	0.983981688533879
B9J08_03616	10267.0419862825	-0.00318529162007046	0.0591417893451548	-0.0538585601710649	0.957047852909697	0.983981688533879
B9J08_03422	2909.8803644218	0.0036343958220128	0.0689741396125371	0.0526921516155048	0.957977192443641	0.983981688533879
B9J08_03118	0.451859178325242	-0.206276736800811	4.02001932356932	-0.0513123744434295	0.959076607715229	0.983981688533879
B9J08_02862	379.618525286727	0.0075935827083704	0.145631103843286	0.0521425884167016	0.958415078452679	0.983981688533879
B9J08_02773	1885.35524331776	-0.00428514941696144	0.0803025494950889	-0.053362557526564	0.957443037451204	0.983981688533879
B9J08_02457	622.279985792784	-0.0066549599855334	0.121752286584749	-0.0546598357386992	0.956409467936386	0.983981688533879
B9J08_02412	2684.83159640814	-0.0035826234347364	0.0696545732132663	-0.0514341452321763	0.958979576810067	0.983981688533879
B9J08_02351	1404.06938624033	-0.00474098615324672	0.0874989318433775	-0.0541833603378502	0.956789077735174	0.983981688533879
B9J08_02314	1240.37269569094	0.00466028618671324	0.0891416223138109	0.0522795756432089	0.958305927333958	0.983981688533879
B9J08_02269	2078.2964025247	-0.0045293301335917	0.0824426647419125	-0.0549391525343196	0.956186939753627	0.983981688533879
B9J08_02252	2484.65507500458	0.00420016830406505	0.077891676730377	0.0539231979638079	0.95699635424905	0.983981688533879
B9J08_02251	467.240118823733	0.0074625591320826	0.138490334985537	0.0538850536599681	0.957026744815829	0.983981688533879
B9J08_02225	70.7420657121182	0.0176374007818071	0.321073752199561	0.0549325526019476	0.956192197797528	0.983981688533879
B9J08_02171	0.451859178325242	-0.206276736800811	4.02001932356932	-0.0513123744434295	0.959076607715229	0.983981688533879
B9J08_01804	1198.28721044156	0.00532914323206624	0.0945880908478319	0.0563405306555925	0.955070531300329	0.983981688533879
B9J08_01785	835.4764610584	-0.00554972309889022	0.10313081081101	-0.0538124645316738	0.957084578649688	0.983981688533879
B9J08_01700	681.970151179656	0.00572441526354877	0.112043953436167	0.0510908004224436	0.959253166619902	0.983981688533879
B9J08_01584	1584.5720291826	0.0046555264283863	0.0825239448645469	0.0564142496584208	0.955011805447767	0.983981688533879
B9J08_01379	0.451859178325242	-0.206276736800811	4.02001932356932	-0.0513123744434295	0.959076607715229	0.983981688533879
B9J08_00979	553.896848561659	0.00660925476444835	0.124569919360868	0.053056587002372	0.957686821255686	0.983981688533879
B9J08_00701	4639.25656657638	-0.00351696626552125	0.0617943768690819	-0.0569140178073537	0.954613687818038	0.983981688533879
B9J08_00671	3.07750013173411	-0.0858163813704606	1.52336770897638	-0.0563333336165595	0.955076264601116	0.983981688533879
B9J08_00539	4281.4195376684	-0.00360531027350718	0.0675463779570099	-0.0533753308845338	0.957432860289936	0.983981688533879
B9J08_00074	6009.80603753936	-0.0031113105250251	0.0576907243430549	-0.0539308625512111	0.956990247678888	0.983981688533879
B9J08_05498	1140.94538418456	-0.004606179835626	0.0920318325366971	-0.0500498545847093	0.960082659861053	0.984467406691043
B9J08_02940	391.9249957657	-0.00746131837469511	0.148998238906844	-0.0500765541219588	0.960061383392082	0.984467406691043
B9J08_05153	1304.86978941587	0.00439300113341726	0.0884260492838697	0.0496799435120598	0.960377439479237	0.984587139529131
B9J08_05193	836.617793570049	0.00541933886212617	0.111414555169843	0.0486412107813453	0.961205227362807	0.984923863106187
B9J08_04716	672.609779729531	-0.00563542246652011	0.115640261252574	-0.0487323567542933	0.961132589539728	0.984923863106187
B9J08_04640	8.15770956805531	-0.045726193230267	0.953573794386949	-0.0479524432187907	0.961754143785945	0.984923863106187
B9J08_04096	7966.89968505005	0.00315679474674999	0.0651428879724815	0.0484595455467606	0.961350004517973	0.984923863106187
B9J08_03022	10.6174583312224	-0.042453211177715	0.885786776490305	-0.0479271223103201	0.961774323745528	0.984923863106187
B9J08_01928	1269.09734994014	0.0042750104958297	0.0888416823735913	0.0481194230187212	0.961621066804669	0.984923863106187
B9J08_04625	618.64021588918	0.00551479931484606	0.116964601005854	0.0471493021599762	0.96239423356167	0.984939850553284
B9J08_03862	1225.42042853462	-0.0042774228280922	0.0897185637236051	-0.0476760065093062	0.961974456384445	0.984939850553284
B9J08_01095	3419.8234223711	0.00326679297518305	0.06921896957367	0.0471950535424569	0.962357769832341	0.984939850553284
B9J08_00794	1579.87992590167	0.003916973073424	0.0833154156574142	0.0470137854143375	0.962502240506328	0.984939850553284
B9J08_00835	46.0407802845259	0.0187561857116555	0.405755805292088	0.0462253046463589	0.963130673837296	0.985400620975599
B9J08_05410	1106.94692111827	-0.00432469552433713	0.0976159231366303	-0.0443031770368444	0.964662739253767	0.985624625809771
B9J08_05128	4171.21608114403	-0.00302303950780132	0.0667039447717201	-0.0453202508209525	0.963852046200094	0.985624625809771
B9J08_04249	2977.09251633742	-0.003075545797983	0.0679522789164796	-0.0452603775329325	0.963899769202084	0.985624625809771
B9J08_03288	412.312433222025	0.00624754993297988	0.140299607531183	0.0445300599404123	0.964481891367911	0.985624625809771
B9J08_03223	1704.19046942276	-0.00360663291467837	0.0804892908727876	-0.0448088543900656	0.9642596674007	0.985624625809771
B9J08_03217	709.044658558486	0.00517777086581372	0.11541962712319	0.0448604019512847	0.964218579714301	0.985624625809771
B9J08_03166	5012.48041032825	-0.00264698239694103	0.0596660922672572	-0.044363260544777	0.964614846638463	0.985624625809771
B9J08_02767	1324.26324425772	-0.00401749425173441	0.091288097531408	-0.0440089602081167	0.964897261575679	0.985624625809771
B9J08_00374	504.420907094967	0.00616749011631932	0.140366385903591	0.0439385118924084	0.964953416879391	0.985624625809771
B9J08_03943	424.633630055213	-0.00611534435362881	0.140322863751591	-0.0435805270084469	0.965238774144269	0.985734058307229
B9J08_01037	65.0855309818292	-0.0144603253326603	0.336999095004117	-0.042909092478375	0.965774000678101	0.98609857813376
B9J08_02463	768.97305058178	-0.00449858741570453	0.108358223079222	-0.0415158839621758	0.966884630200349	0.986687063363192
B9J08_02182	1999.69315792615	-0.00315732037032074	0.0764651384594428	-0.0412909782671144	0.967063925238088	0.986687063363192
B9J08_02110	700.343831146123	0.00513883308111703	0.123619500884412	0.0415697607930159	0.96684167978688	0.986687063363192
B9J08_00343	3070.8257256637	-0.00293252676495854	0.0708131587319123	-0.0414121727864257	0.966967308642566	0.986687063363192
B9J08_03188	13131.2369864754	0.00231403642868019	0.0565738904432011	0.0409029043354096	0.967373302062038	0.986721470735495
B9J08_00242	4676.1368234723	-0.00252887077312513	0.0619804227354169	-0.0408011217335579	0.967454445091049	0.986721470735495
B9J08_05316	898.121804542048	-0.00451354143665644	0.113237750580313	-0.0398589817752979	0.968205552898315	0.987185294785305
B9J08_04767	721.276165126377	0.00435431758961353	0.112620569643467	0.0386636082857545	0.969158588082482	0.987185294785305
B9J08_04683	1896.02608356997	-0.00336846298896635	0.0858672872833776	-0.0392287109041865	0.968708043257509	0.987185294785305
B9J08_04579	1030.07472592802	-0.00369582818712947	0.0953299018334489	-0.0387688240106075	0.96907470097477	0.987185294785305
B9J08_01731	1126.96454545524	0.00366477985256278	0.0944110890628433	0.038817260651695	0.969036083195558	0.987185294785305
B9J08_01418	6415.13730650508	-0.00227469634484582	0.0575679582160123	-0.0395132364484853	0.968481200598876	0.987185294785305
B9J08_01032	924.011352153664	0.00393622712140147	0.101552669720978	0.0387604494516639	0.96908137788748	0.987185294785305
B9J08_03900	222.719179202506	-0.00694368922741175	0.184340700204125	-0.0376676947615087	0.969952633553887	0.987812192264141
B9J08_01728	2220.53301306836	-0.00283912680399647	0.0766801565893532	-0.0370255738939202	0.970464614698735	0.98815165388415
B9J08_03920	157.390013607213	-0.00799035756531053	0.218393835364666	-0.0365869190033159	0.970814373671212	0.98815288474846
B9J08_01892	2616.13569152287	0.00306737967845025	0.0838633468300356	0.0365759273197963	0.97082313789968	0.98815288474846
B9J08_01051	1449.77332776557	-0.00309696133895076	0.0856856591304065	-0.0361432866407369	0.971168107111532	0.988322134394459
B9J08_03460	1170.87547535584	0.00358857089660303	0.100302360119885	0.0357775319774513	0.971459748479641	0.988437061964845
B9J08_04118	1953.84278374595	0.0027402501005655	0.0795160264435412	0.0344616075919131	0.972509056854635	0.988777131151285
B9J08_02799	1000.98738669788	0.00362529132248797	0.103617661318648	0.0349871950047142	0.972089951528871	0.988777131151285
B9J08_02228	4905.83448942154	-0.00210836622394469	0.0609927241380995	-0.0345675038086664	0.972424614209604	0.988777131151285
B9J08_01976	339.529665307538	-0.00531821099504876	0.154059914093039	-0.0345204073775935	0.97246216931117	0.988777131151285
B9J08_05590	4961.84936972222	-0.00195701801573524	0.0599140917982724	-0.0326637349744767	0.973942743747572	0.989226977251199
B9J08_04820	733.014938182787	-0.00359169193649796	0.110664353402002	-0.0324557260408029	0.974108622913411	0.989226977251199
B9J08_04328	4553.74436914473	0.00211102761138517	0.0635012185533201	0.0332438913689917	0.973480097198624	0.989226977251199
B9J08_03233	6192.70305960894	0.00195303234257238	0.058399171738488	0.0334428089377376	0.973321472144425	0.989226977251199
B9J08_02360	460.069829921601	0.00465900688835758	0.144660772465693	0.0322064289367907	0.974307429290072	0.989226977251199
B9J08_01642	1864.6623156602	-0.00260936876605843	0.0792140024277813	-0.0329407514591548	0.973721835451286	0.989226977251199
B9J08_01436	4608.99610376641	0.0020914057837589	0.0637586144070706	0.0328019327773687	0.973832536910132	0.989226977251199
B9J08_00351	2984.00811997154	-0.00640834810453142	0.199559129602538	-0.0321125278372126	0.974382312794166	0.989226977251199
B9J08_04413	956.026429567339	0.00313878148673394	0.101169757337156	0.0310248988368499	0.975249682827605	0.989571385266513
B9J08_03515	9868.12559349676	-0.0017262593967797	0.0556604671805967	-0.0310141018252445	0.975258293452858	0.989571385266513
B9J08_02573	750.213814715702	0.00375192491035997	0.119409655681126	0.0314206157697934	0.974934100260415	0.989571385266513
B9J08_04969	1399.28320216907	-0.00250687425472768	0.0855948697263644	-0.0292876694916626	0.976635161005364	0.989837946337042
B9J08_04914	76.5530905140084	0.0112761313530577	0.377295816640122	0.0298867118471481	0.976157403526458	0.989837946337042
B9J08_04516	2250.3284443637	0.0022674813972274	0.0770528890486253	0.0294275973973731	0.976523562791839	0.989837946337042
B9J08_04002	1639.52729624095	-0.00253568475480432	0.0853156238576781	-0.0297212238526709	0.976289385210966	0.989837946337042
B9J08_03043	975.009655231261	-0.00306960275850334	0.105434187040911	-0.0291139225772402	0.976773731894337	0.989837946337042
B9J08_03027	1816.26891879343	-0.00236159125262962	0.0794476753112667	-0.0297251145911719	0.976286282221782	0.989837946337042
B9J08_01822	1823.19048888022	0.00235093599118569	0.0794733758198226	0.0295814285845312	0.976400876674511	0.989837946337042
B9J08_01502	255.465906767157	0.00478970248733906	0.17303066415662	0.0276812350613393	0.977916390220462	0.990632885404647
B9J08_01398	561.256134622622	0.00341630282467951	0.122585743758949	0.0278686796679824	0.977766888740486	0.990632885404647
B9J08_04209	388.798224765891	-0.00390012192391233	0.143753148459309	-0.0271306887237765	0.978355497702793	0.990896220068513
B9J08_05563	1924.33778957361	0.0021172460729798	0.0797306736976092	0.0265549753286895	0.978814685065151	0.991065326430898
B9J08_01942	5027.91237703427	-0.00174668357034483	0.0659821948183609	-0.0264720440893667	0.978880831367202	0.991065326430898
B9J08_03439	6.3554624916667	-0.0280640680063782	1.07543398511479	-0.0260955748049776	0.979181106656258	0.991187902803031
B9J08_04831	746.548351535892	-0.00282492892357144	0.111070028663521	-0.0254337642437221	0.979708979840638	0.991540780878055
B9J08_01623	731.05221483188	-0.00282339206049385	0.112787976840744	-0.0250327396552247	0.980028849316781	0.991683052610888
B9J08_05122	536.534064330513	-0.00292208732735674	0.125610912516722	-0.0232630053297935	0.981440481192388	0.991841275621249
B9J08_04938	409.761011454656	0.0034903868248815	0.147060891425552	0.0237342966647831	0.981064548922748	0.991841275621249
B9J08_03717	13736.2191609057	0.00121409685848806	0.0519462057342441	0.0233721951647317	0.981353383989987	0.991841275621249
B9J08_03187	1247.96989052924	0.00232868677638814	0.0987418292872329	0.0235835895810089	0.981184762128867	0.991841275621249
B9J08_02849	1.05924062972523	0.0684378028760991	2.80662310878173	0.0243843937085681	0.980545996641874	0.991841275621249
B9J08_02834	640.162731058684	-0.00277764564131458	0.117648944610333	-0.0236096095083085	0.981164007009626	0.991841275621249
B9J08_01365	1339.63632967611	0.00209786816193987	0.0886573597332971	0.0236626509998805	0.981121697842435	0.991841275621249
B9J08_02483	580.03147441387	-0.0028677695321919	0.124592480004403	-0.0230171959984307	0.981636556159694	0.991858200971733
B9J08_03874	10722.5089877308	0.00125060832263211	0.0561128628017795	0.0222873733434333	0.982218720994205	0.992265159053689
B9J08_00458	1111.56643084761	-0.00207716053045112	0.0953040468447632	-0.0217950926452737	0.982611408760307	0.992480588358885
B9J08_05499	711.829352000497	-0.00229406931074767	0.112892830925248	-0.0203207705214398	0.983787486727225	0.992603085330574
B9J08_04795	4746.13022808112	0.00128594878670309	0.0608634757323999	0.0211284152150143	0.983143217887524	0.992603085330574
B9J08_04199	0.557270572679194	-0.0728433971095881	3.73792279571393	-0.0194876676407318	0.984452074973447	0.992603085330574
B9J08_03350	781.110529953413	0.00209994763353062	0.107857827939385	0.0194695894924823	0.984466496512675	0.992603085330574
B9J08_03218	3510.26865281941	-0.00132700328765781	0.0649088099316103	-0.0204441167394069	0.983689091125392	0.992603085330574
B9J08_02219	4038.71908690976	0.00127819914335062	0.0659091039536575	0.0193933624746189	0.984527305392068	0.992603085330574
B9J08_02155	2563.28323862382	0.00140180157751053	0.0719881666611259	0.0194726667246481	0.984464041702023	0.992603085330574
B9J08_01919	548.970332630933	-0.00255728661318295	0.126711582810643	-0.0201819482991112	0.983898228124204	0.992603085330574
B9J08_01854	831.941937635524	-0.00221054789321897	0.104601631104139	-0.0211330155169207	0.98313954819702	0.992603085330574
B9J08_01750	766.220407279273	0.00214597986315339	0.110385264922397	0.0194408181622979	0.984489448368715	0.992603085330574
B9J08_00484	78.9387009624066	-0.00613391761768248	0.321647250421968	-0.0190703250521664	0.984785004301727	0.992613718971854
B9J08_00434	50655.9758174941	0.000900561879113731	0.0475727362983205	0.0189302098047601	0.984896779916386	0.992613718971854
B9J08_05431	3253.09282204471	-0.00126512736902047	0.0694378877816086	-0.0182195543303313	0.985463703125426	0.992671088052237
B9J08_04934	23.1149878260973	-0.00987000770707671	0.555736188501074	-0.0177602393209231	0.985830124178367	0.992671088052237
B9J08_04809	1283.85673787696	0.00162517271896714	0.088508897468746	0.0183616875302397	0.98535031620794	0.992671088052237
B9J08_04336	794.745893621645	-0.00191106944747798	0.110016480417355	-0.0173707560924346	0.986140838892407	0.992671088052237
B9J08_03281	427.533886926257	-0.00266736934705759	0.154325611010099	-0.0172840355505415	0.986210021487442	0.992671088052237
B9J08_03008	3.01701933584624	-0.0281187871875891	1.58750308507602	-0.017712587428605	0.985868138907723	0.992671088052237
B9J08_00314	1177.05455949635	-0.00174977881595617	0.0968246049762514	-0.018071633923891	0.985581707105098	0.992671088052237
B9J08_02164	914.542998194976	0.00164686951337093	0.100959923275968	0.016312111379773	0.986985395343673	0.993270782686655
B9J08_01194	324.741748882851	-0.00247678610283592	0.15493494167757	-0.015985974990653	0.987245580602839	0.993292280034829
B9J08_00852	4964.44669718925	0.000948623565331399	0.0599063034653645	0.015835121021611	0.987365929421712	0.993292280034829
B9J08_04105	3123.67970312679	0.0010120587704191	0.066672785895279	0.0151794882549038	0.987888985779295	0.993637748744368
B9J08_00981	833.035024837356	-0.00154186550266735	0.10640059308531	-0.0144911363551434	0.988438150686459	0.993880606090811
B9J08_00320	18113.4854453504	0.000765474831748173	0.0530608169630558	0.0144263672434811	0.98848982355913	0.993880606090811
B9J08_05417	14.7516357495888	-0.00899661436589547	0.696521577649533	-0.012916490536094	0.989694418178832	0.994910910023104
B9J08_04064	2996.34157565006	0.000811971994585699	0.0672349508107078	0.0120766355116658	0.990364473195137	0.995360895856618
B9J08_00682	8389.06894326394	-0.000675821053533975	0.0567711609100188	-0.0119043021615348	0.99050196543027	0.995360895856618
B9J08_03352	2143.90145425289	0.000880071493523281	0.0790326278135444	0.0111355463923023	0.99111530307551	0.995615463369169
B9J08_02943	1108.59707291283	-0.00108282210068745	0.0956934396813677	-0.011315531182628	0.990971705038198	0.995615463369169
B9J08_02507	875.025292586158	-0.00103721001581545	0.101398116954939	-0.0102290855783484	0.991838512874588	0.995906721152462
B9J08_01519	955.710043958728	-0.000988527698452756	0.0979216480534175	-0.0100950884518764	0.991945421592644	0.995906721152462
B9J08_01280	1784.46218596155	0.000829317875024419	0.0788722847067996	0.0105146931917508	0.991610643227173	0.995906721152462
B9J08_00318	1138.30946859959	0.000925018132643734	0.0948710805163599	0.00975026454435944	0.992220537719051	0.996002140494387
B9J08_02290	4487.80456993665	-0.000595240873853594	0.0631191592418352	-0.00943043096586545	0.992475716257007	0.996077515263565
B9J08_00916	6937.53843911179	0.000477258451488737	0.0573164950050369	0.00832672080605758	0.99335631479934	0.996780438525971
B9J08_00274	806.18579353935	0.000863514169309367	0.108010493913199	0.0079947247533496	0.993621200502331	0.996865383634753
B9J08_02458	1159.93666915172	-0.000703510278963764	0.0936029685661663	-0.00751589708895253	0.994003238210417	0.99706781112474
B9J08_03444	3.15008098801677	-0.00933905456741957	1.48159494236691	-0.00630337908180223	0.994970664454517	0.997857252057649
B9J08_04854	2.17378177508362	0.00952380420679745	1.93478773380733	0.00492240261832559	0.996072506809347	0.998419179985954
B9J08_02743	145.634648002478	-0.00112657275480748	0.227481291820383	-0.00495237540543337	0.996048592276764	0.998419179985954
B9J08_01913	1372.77363413301	-0.000477122431255964	0.0889648706960872	-0.00536304304747277	0.995720931266104	0.998419179985954
B9J08_00230	554.993158828936	0.000575901102276166	0.124770521199648	0.00461568242834101	0.996317231329468	0.998483530799653
B9J08_03985	563.470763621223	0.000485141006727106	0.133270860506942	0.00364026318192667	0.997095496624729	0.998788874200019
B9J08_02677	926.547140474027	0.000363587037273116	0.102279391933171	0.00355484160006233	0.997163652744984	0.998788874200019
B9J08_00235	16815.9344414171	0.000194251287867186	0.0509062137298386	0.00381586595495171	0.996955386857136	0.998788874200019
B9J08_00043	4519.33625737121	-0.000197624659828247	0.0660935676736189	-0.00299007402360469	0.997614269655863	0.999059302094256
B9J08_02048	301.192182219078	-0.000349541058543914	0.160389284383528	-0.00217932924813157	0.998261148216449	0.999526142430336
B9J08_05568	393.158813389789	-0.000174887306491976	0.145704844873993	-0.00120028477188401	0.999042311541901	0.999765338364078
B9J08_03095	1429.51398430433	-0.000115444080640945	0.0848807568140255	-0.00136007364889411	0.998914818568554	0.999765338364078
B9J08_02850	9.79150111110924	-0.00139345104187858	0.889954849360014	-0.00156575476034615	0.998750708961174	0.999765338364078
B9J08_04715	7.35940260575877	-0.000602425964679157	0.97605403566523	-0.000617205546687354	0.999507541254723	0.999789628638909
B9J08_01837	1386.64836256589	-7.22530593649338e-05	0.0857889270902435	-0.00084221894148331	0.999328006589219	0.999789628638909
B9J08_00068	1738.6669082377	-3.89395691249726e-05	0.0794341638128696	-0.000490211859178201	0.999608867541705	0.999789628638909
B9J08_00427	5243.93794846087	-1.4951952718533e-05	0.0598939615374421	-0.000249640403385004	0.999800815778455	0.999800815778455
B9J08_05526	0	NA	NA	NA	NA	NA
B9J08_05428	0	NA	NA	NA	NA	NA
B9J08_05426	0	NA	NA	NA	NA	NA
B9J08_05388	0	NA	NA	NA	NA	NA
B9J08_05341	0	NA	NA	NA	NA	NA
B9J08_05330	0	NA	NA	NA	NA	NA
B9J08_05067	0	NA	NA	NA	NA	NA
B9J08_05035	0	NA	NA	NA	NA	NA
B9J08_04998	0	NA	NA	NA	NA	NA
B9J08_04882	0	NA	NA	NA	NA	NA
B9J08_04859	0	NA	NA	NA	NA	NA
B9J08_04858	0	NA	NA	NA	NA	NA
B9J08_04684	0	NA	NA	NA	NA	NA
B9J08_04429	0	NA	NA	NA	NA	NA
B9J08_04415	0	NA	NA	NA	NA	NA
B9J08_04414	0	NA	NA	NA	NA	NA
B9J08_04357	0	NA	NA	NA	NA	NA
B9J08_04257	0	NA	NA	NA	NA	NA
B9J08_04225	0	NA	NA	NA	NA	NA
B9J08_04201	0	NA	NA	NA	NA	NA
B9J08_04063	0	NA	NA	NA	NA	NA
B9J08_03974	0	NA	NA	NA	NA	NA
B9J08_03879	0	NA	NA	NA	NA	NA
B9J08_03877	0	NA	NA	NA	NA	NA
B9J08_03584	0	NA	NA	NA	NA	NA
B9J08_03583	0	NA	NA	NA	NA	NA
B9J08_03020	0	NA	NA	NA	NA	NA
B9J08_03019	0	NA	NA	NA	NA	NA
B9J08_03018	0	NA	NA	NA	NA	NA
B9J08_03017	0	NA	NA	NA	NA	NA
B9J08_03016	0	NA	NA	NA	NA	NA
B9J08_03015	0	NA	NA	NA	NA	NA
B9J08_03014	0	NA	NA	NA	NA	NA
B9J08_03013	0	NA	NA	NA	NA	NA
B9J08_02791	0	NA	NA	NA	NA	NA
B9J08_02721	0	NA	NA	NA	NA	NA
B9J08_02703	0	NA	NA	NA	NA	NA
B9J08_02702	0	NA	NA	NA	NA	NA
B9J08_02681	0	NA	NA	NA	NA	NA
B9J08_02613	0	NA	NA	NA	NA	NA
B9J08_02435	0	NA	NA	NA	NA	NA
B9J08_02428	0	NA	NA	NA	NA	NA
B9J08_02413	0	NA	NA	NA	NA	NA
B9J08_02411	0	NA	NA	NA	NA	NA
B9J08_02374	0	NA	NA	NA	NA	NA
B9J08_02177	0	NA	NA	NA	NA	NA
B9J08_02150	0	NA	NA	NA	NA	NA
B9J08_02084	0	NA	NA	NA	NA	NA
B9J08_01959	0	NA	NA	NA	NA	NA
B9J08_01920	0	NA	NA	NA	NA	NA
B9J08_01851	0	NA	NA	NA	NA	NA
B9J08_01835	0	NA	NA	NA	NA	NA
B9J08_01424	0	NA	NA	NA	NA	NA
B9J08_01407	0	NA	NA	NA	NA	NA
B9J08_01276	0	NA	NA	NA	NA	NA
B9J08_01082	0	NA	NA	NA	NA	NA
B9J08_01057	0	NA	NA	NA	NA	NA
B9J08_00929	0	NA	NA	NA	NA	NA
B9J08_00793	0	NA	NA	NA	NA	NA
B9J08_00739	0	NA	NA	NA	NA	NA
B9J08_00575	0	NA	NA	NA	NA	NA
B9J08_00518	0	NA	NA	NA	NA	NA
B9J08_00099	0	NA	NA	NA	NA	NA
