B9J08_05200	3392.62907068863	-3.64519655003336	0.0875238407110264	-41.6480414984134	0	0
B9J08_03708	19427.7510342583	-7.34633321761848	0.0960674294897766	-76.4705921313349	0	0
B9J08_00369	11024.4941744765	-5.40142030583245	0.0831055017959743	-64.994737882614	0	0
B9J08_01084	3556.92220620224	-2.54055444522551	0.0801701799168285	-31.6895190688256	2.16655939410976e-220	2.99364344281117e-217
B9J08_02614	874.949835266102	4.24749183507011	0.142850360786375	29.7338544452262	2.80457613190046e-194	3.10017845620277e-191
B9J08_03871	20766.0299000108	-1.9740261026666	0.07075699430744	-27.8986709651548	2.7689799262199e-171	2.5506920087029e-168
B9J08_01126	2203.65614642166	2.1475445712399	0.0859257947353342	24.9930137725777	7.28190051725521e-138	5.74958059412422e-135
B9J08_02246	2628.00994435771	2.41880575408495	0.100472536885449	24.0742976047544	4.64752656128924e-128	3.2108599130307e-125
B9J08_02757	1386.31186305023	2.28216571257253	0.10238035283907	22.2910514496842	4.51269125133061e-110	2.77129383845603e-107
B9J08_05222	1515.00473904659	2.23784497022255	0.102351878178445	21.8642296560595	5.6917986134182e-106	3.14585709363624e-103
B9J08_05199	1143.76679593812	-2.29038059955402	0.105109723478345	-21.790377938021	2.86278375958114e-105	1.438418712655e-102
B9J08_00453	761.544221251876	-3.2901298979871	0.155173564888057	-21.2029020559052	8.97856385858633e-100	4.13537687053389e-97
B9J08_02779	3663.52811593479	1.55702752337373	0.0748555247293414	20.8004356258746	4.28896070348724e-96	1.82346813909031e-93
B9J08_02123	12314.0188177582	-1.38553051052862	0.0705150276578025	-19.6487267544212	5.92813075414261e-86	2.3403413341533e-83
B9J08_02735	2592.0334509335	1.59046936507726	0.0843842452567858	18.8479420564511	3.0549766823218e-79	1.12565707487951e-76
B9J08_03071	1579.19115630507	1.88436611964409	0.102404381039034	18.4012256167616	1.28426870010181e-75	4.4363456909142e-73
B9J08_04902	8596.99478020609	-1.29134441595705	0.0708031520206524	-18.2385159290702	2.55296213683275e-74	8.30013042957331e-72
B9J08_04747	687.720404091406	-2.65669855918746	0.149142543037578	-17.8131504604832	5.58744186380026e-71	1.71565506562356e-68
B9J08_00946	1778.45904869769	-1.77288528189103	0.100079376487497	-17.714791439698	3.2242027454799e-70	9.3790360917197e-68
B9J08_00523	3664.24525312273	1.57024919251872	0.0899964129702256	17.4479086520728	3.57068954682135e-68	9.8676005626408e-66
B9J08_05550	1622.95297402301	-1.53235002684955	0.0916149183476741	-16.7259880212342	8.47588496165295e-63	2.23077219919314e-60
B9J08_03182	11218.1772486277	1.20148330389398	0.0734585025308166	16.3559460443663	3.94533333062818e-60	9.91175332653725e-58
B9J08_04729	17114.2882147124	1.2416998098284	0.0760110100589461	16.3357888398729	5.49173669619825e-60	1.31968820521251e-57
B9J08_03382	2198.01164301024	-1.34997899386954	0.0829488739745659	-16.2748320644289	1.48927504644066e-59	3.42967632569898e-57
B9J08_05063	27667.2392990167	1.3742856221201	0.0873759650456446	15.7284170927575	9.65958219772729e-56	2.13554043227355e-53
B9J08_05314	1376.80378613776	1.72652942201914	0.109814343222243	15.722257870495	1.06461126348035e-55	2.26311786663689e-53
B9J08_05184	2525.84691497582	-1.35429776431903	0.0878812938198728	-15.4105351145021	1.39055587601552e-53	2.84651938027325e-51
B9J08_05253	3064.10794989153	1.45831663254913	0.0951742495604948	15.3225965981711	5.40158180610999e-53	1.06623366579893e-50
B9J08_00666	2452.79647693951	1.40891236087348	0.0922878063285072	15.2665061282129	1.27841619853372e-52	2.4364849411365e-50
B9J08_00594	3062.83928908444	-1.20461392664149	0.0793505614109778	-15.1809124626412	4.73153631107479e-52	8.71706706377012e-50
B9J08_01066	2826.2641420847	-1.3364804237662	0.0882094898123732	-15.151209088829	7.43854299337536e-52	1.32622022981889e-49
B9J08_03732	556.204440965445	-2.08885442537994	0.139392644322513	-14.9853992334556	9.14742450404885e-51	1.57993172605869e-48
B9J08_03946	1011.32336518256	-1.68890862640068	0.115697210061244	-14.5976607863462	2.90647964846387e-48	4.86791303547268e-46
B9J08_00322	1138.28606987399	1.8940752512497	0.129895843152777	14.5814924117471	3.68374678974381e-48	5.98825544321001e-46
B9J08_03432	1536.29829282353	-1.38812676887483	0.0955797635996448	-14.5232287316516	8.63454698699783e-48	1.3635183199182e-45
B9J08_03811	25374.8299429587	1.32773462061458	0.0918800027667826	14.4507464152428	2.47983808742547e-47	3.80724030811127e-45
B9J08_02896	4877.70666905085	-1.15184390166983	0.079819679739763	-14.4305753346193	3.32297592575614e-47	4.96380755179843e-45
B9J08_03612	448.178191757177	-2.30981929088885	0.160627757722549	-14.3799510348553	6.9143455535161e-47	1.00567336511272e-44
B9J08_01770	9106.29571453789	-0.928384884173357	0.0657284878084071	-14.1245434837862	2.68131785835412e-45	3.79990866746749e-43
B9J08_03290	985.383726137196	1.43264018223062	0.10352810093434	13.8381769712867	1.49961723456962e-43	2.07209611386658e-41
B9J08_01490	123071.852175451	1.04746391768658	0.0758795603852022	13.8042960761651	2.40106433420362e-43	3.23675184759596e-41
B9J08_00957	481.525924314531	-2.12734585191246	0.154176463255652	-13.7981233126676	2.61573832507514e-43	3.44218707683103e-41
B9J08_02079	3422.80516954048	-1.21838634324226	0.0885186813593392	-13.7641718621661	4.18654026679482e-43	5.38116466385464e-41
B9J08_02116	2278.506996964	1.14889259678765	0.0837589103802348	13.7166612074118	8.06967255387886e-43	1.01366091375656e-40
B9J08_05570	773.086867037296	-1.63285259983633	0.119383223273678	-13.6774042035465	1.38551041952102e-42	1.70171468637615e-40
B9J08_05576	61594.7808207441	1.11080162191044	0.0816629965106037	13.6022638082623	3.88227895809987e-42	4.56539485136553e-40
B9J08_00300	2501.27947522705	-1.09686655656643	0.0806366987521542	-13.6025726938273	3.86591456641058e-42	4.56539485136553e-40
B9J08_03024	10571.0539417175	1.26364243192933	0.0937330093833674	13.4812958662304	2.01535753045464e-41	2.32060022308808e-39
B9J08_00060	6491.15988840501	1.3159576129328	0.0976446417671007	13.4770079455214	2.13594432269901e-41	2.40925801460355e-39
B9J08_04698	5694.61574207284	1.02663755619229	0.076617639220733	13.3994934669623	6.08772153732681e-41	6.59741900721672e-39
B9J08_03317	5888.84702605209	0.925822670954436	0.0690890899477738	13.400417803365	6.01237340763151e-41	6.59741900721672e-39
B9J08_05224	3639.87311489518	1.2757041002829	0.0953309195390206	13.3818503634671	7.72012190750944e-41	8.20559880438551e-39
B9J08_00651	2468.75714123389	1.0894415974248	0.0815402350840598	13.3607855839721	1.02476892543099e-40	1.06865997185983e-38
B9J08_02734	3064.78677683279	1.05759310126173	0.0800600118748987	13.2100043017021	7.6820039449807e-40	7.86267329702006e-38
B9J08_00529	1216.56286177737	-1.3110264640575	0.100134699257803	-13.0926289665302	3.62828559565274e-39	3.64609717948594e-37
B9J08_03475	744.654974977798	-1.59299473084807	0.12405553779944	-12.8409804117206	9.66427651081823e-38	9.53829576344507e-36
B9J08_01779	381.087800897262	2.01611688404469	0.157306257614834	12.816507840274	1.32536599745422e-37	1.28513997682973e-35
B9J08_00330	81839.6746666868	1.02648450131576	0.0803996305913772	12.7672788266001	2.49733392833815e-37	2.37978700378016e-35
B9J08_01782	3336.34151744235	0.945752622361676	0.0745894590134445	12.6794406994051	7.68784700718213e-37	7.20181871333824e-35
B9J08_03639	4157.54799518557	1.01583168736354	0.0803875412816714	12.6366806493577	1.32531765428611e-36	1.22083844587322e-34
B9J08_00351	4211.28378512755	1.2331952024053	0.0978187811686522	12.6069369059006	1.93363152162078e-36	1.75199695409804e-34
B9J08_00855	3469.32266543001	0.956749722511819	0.0763180041532387	12.5363566975725	4.72210491349594e-36	4.20952804143421e-34
B9J08_05223	1023.27007817544	1.54254115921146	0.123270757983796	12.5134393950448	6.30345979839426e-36	5.53003528662303e-34
B9J08_05366	986.156373167687	1.44103348863042	0.115252135811251	12.5033126586947	7.16041003405432e-36	6.1836853528466e-34
B9J08_00967	152.218858314426	-4.67336126745302	0.379740591033955	-12.3067203712103	8.33414772696765e-35	7.08658992106926e-33
B9J08_03375	7284.20457299743	0.889723575852238	0.0734475271655776	12.1137308523196	8.93362594227802e-34	7.48123493681373e-32
B9J08_00593	1255.79369959596	-1.15568019050539	0.0957648346665528	-12.0678973083324	1.56071293270528e-33	1.28747169836748e-31
B9J08_00834	3330.70824312632	1.2453786350417	0.103935837205298	11.9821869773539	4.40546321260593e-33	3.58073458471661e-31
B9J08_02134	1412.76284710982	-1.16303042521	0.0974631392128376	-11.9330285747333	7.96229901372528e-33	6.37791690563183e-31
B9J08_00512	12412.7415617465	-0.865752663679194	0.0730157995496192	-11.8570592805857	1.97800782538886e-32	1.56177846441775e-30
B9J08_03431	1356.13389859813	1.15664250406478	0.0990697775244309	11.675028782411	1.71007843040527e-31	1.33121175842957e-29
B9J08_01946	600.814877499039	-1.51677491111293	0.130067147914838	-11.661475902478	2.00535821991612e-31	1.53939095576061e-29
B9J08_01624	2041.75473557127	1.13285730549081	0.0995040905470004	11.3850325073391	4.96497267575669e-30	3.75909643546675e-28
B9J08_00874	833.086231215987	-1.29271708779395	0.113866818208162	-11.3528867156954	7.17539174374623e-30	5.35924191455209e-28
B9J08_02802	657.858180400343	-1.42620440946622	0.126093637686966	-11.3106770145442	1.16189513910697e-29	8.56239257845896e-28
B9J08_02039	2227.45714003702	0.917976436616169	0.0814136379019952	11.2754626899392	1.73464256859394e-29	1.26149598376562e-27
B9J08_02328	1456.19792973824	1.12446836086337	0.0999823548567692	11.2466680993285	2.40506595952625e-29	1.72633760497423e-27
B9J08_04454	373.418170377902	-1.84434809228361	0.164692708095674	-11.1987234505379	4.13650970030437e-29	2.93108834789516e-27
B9J08_03600	2863.16737555487	1.02539206781437	0.0921551457986796	11.126802078469	9.29091535733234e-29	6.50011255442732e-27
B9J08_00487	6236.37297719456	1.09861045677568	0.0991288583874952	11.0826501449377	1.52296800133862e-28	1.05218051792482e-26
B9J08_00148	3711.58038090528	0.91338038839562	0.0829117788094027	11.0162922748925	3.1892679353723e-28	2.17618319491391e-26
B9J08_03332	5515.92243860805	0.902394642850863	0.0819830872684797	11.0070829596315	3.53256618092481e-28	2.38103576609408e-26
B9J08_05129	68679.7882458104	0.774580530949237	0.0704645972574099	10.9924779406553	4.15363243266146e-28	2.76591885003854e-26
B9J08_01232	1177.91660494897	1.17280803779391	0.10703502180947	10.957236406992	6.13441010051412e-28	4.03629578875494e-26
B9J08_00878	1854.56697089297	0.939486468399378	0.0861235248484442	10.9085928618532	1.04866961151262e-27	6.8188199327415e-26
B9J08_04471	4604.68996758657	0.860042875006866	0.0789544477474688	10.8928996344533	1.2460849432275e-27	8.00826916420742e-26
B9J08_02433	5203.88860639261	-0.868625444118376	0.0802047992596261	-10.8300931133385	2.47903105739572e-27	1.57489708669266e-25
B9J08_01167	228542.747279092	0.893722979827429	0.0827995896546784	10.7938092876398	3.6820421594806e-27	2.31257352448287e-25
B9J08_05392	1280.69710626329	1.12894157693373	0.106728676931786	10.5776779904737	3.78215195576141e-26	2.34875886061722e-24
B9J08_04263	8712.28580652009	0.79446499681903	0.0752484854034409	10.5578868805072	4.67057383853245e-26	2.86825128950765e-24
B9J08_03986	4441.81201280919	-0.780071749289604	0.0739279449559668	-10.5517845755652	4.9841305676122e-26	3.02717468650469e-24
B9J08_04163	657.217173388258	-1.27869971734441	0.121641863348635	-10.5120036979338	7.60601157535808e-26	4.56939412793523e-24
B9J08_02407	7672.37861712714	0.809439894382648	0.0772289059085443	10.4810483181155	1.05567000578814e-25	6.27385819568929e-24
B9J08_01359	3280.54488919305	0.927149533030062	0.0889833839559704	10.419355747235	2.02319004030553e-25	1.18959269710305e-23
B9J08_02316	2675.9021706733	0.922523424542687	0.0891409897011963	10.3490372682087	4.22714980993534e-25	2.45931126310659e-23
B9J08_02040	3842.87260685024	0.847231712503527	0.0818933268051291	10.3455525078322	4.38380281065117e-25	2.52388313900719e-23
B9J08_01972	2650.62042258245	-0.808050579835248	0.0783007287627373	-10.3198347270018	5.73217426083793e-25	3.26615743707745e-23
B9J08_05132	21605.4786713735	2.52124193288662	0.244539998002741	10.3101412999045	6.34080257660961e-25	3.5760832490736e-23
B9J08_03782	11166.2014305412	0.780264291153156	0.0761136820606141	10.251301343322	1.16760809120285e-24	6.51855547482641e-23
B9J08_04258	2616.96629563705	0.816212426983491	0.0797210159207751	10.2383595787919	1.33480300926332e-24	7.37745623219835e-23
B9J08_03340	11521.3395960535	0.665314427563114	0.065053625822188	10.227169034077	1.49835460021592e-24	8.19941175781522e-23
B9J08_04597	2710.68482548209	-0.894895487539442	0.0881849577584432	-10.147938041664	3.38438327844061e-24	1.83387121371973e-22
B9J08_00345	32011.2272900364	0.712365829666373	0.0703634257964929	10.1240924756378	4.31967238415479e-24	2.31794458905083e-22
B9J08_00301	1395.08548940203	-1.00801928760177	0.0996435604624832	-10.1162511949912	4.67998566167776e-24	2.48714238000894e-22
B9J08_02233	132895.104443608	0.710720442066932	0.0704584836269453	10.0870811502269	6.30154437318252e-24	3.31701292862664e-22
B9J08_03115	1670.39141243496	0.885557044229451	0.0878885936070814	10.0759041405129	7.06083654197501e-24	3.68162675165056e-22
B9J08_03865	980.497291190891	1.05322418672	0.104683488139271	10.0610345092703	8.21307188041423e-24	4.24239703579901e-22
B9J08_01062	898.739338628161	-1.1647650920677	0.115847586471729	-10.0542888077512	8.79541931831676e-24	4.50113727521636e-22
B9J08_05088	1432.88804777244	-0.943694778391362	0.0941481377233809	-10.0235097709958	1.20158505123276e-23	6.09280786987475e-22
B9J08_00811	717.077914941059	-1.1618108452298	0.116394451428186	-9.98166863603994	1.83356940322497e-23	9.21285281056766e-22
B9J08_04823	688.699544261532	-1.36522968989747	0.137480167567015	-9.93037551566843	3.0709682820366e-23	1.52912087340687e-21
B9J08_00269	16716.3317997961	0.635703776073242	0.0640357202380255	9.92733077273565	3.16617567292623e-23	1.56245115573779e-21
B9J08_04607	2216.29874858756	-0.841650231665722	0.0849618230729563	-9.90621671268753	3.91179238787811e-23	1.91331650688516e-21
B9J08_01247	2681.82369898012	0.930396657594849	0.0942508846169983	9.87148992156038	5.53364723564181e-23	2.68284809398178e-21
B9J08_01580	1731.94683320132	-0.887122991900466	0.0901151280931844	-9.84432925605043	7.25213383093104e-23	3.48543858117877e-21
B9J08_03291	366.424599122143	1.50130782198563	0.153725928338267	9.76613274165481	1.57343744516898e-22	7.49688686159393e-21
B9J08_04122	93692.2180079391	0.74038357716155	0.0767435490755208	9.64750244262177	5.03674578443955e-22	2.37932426928183e-20
B9J08_01974	1839.08901689656	-0.8454081985392	0.0879457555663073	-9.61283683442572	7.05771840729092e-22	3.30576352856753e-20
B9J08_02390	531.665495843744	-1.35996464557608	0.142412429247396	-9.54948000510249	1.3034888846126e-21	6.0541034161797e-20
B9J08_00432	3074.80604972935	-0.864085406947689	0.0905089128335517	-9.54696482253371	1.33551619948889e-21	6.15116502881257e-20
B9J08_05136	5058.93166687171	-0.696127580140798	0.0731798340072724	-9.51256025084204	1.86026705725357e-21	8.46082490178303e-20
B9J08_00052	138.036414728528	-2.48180131638419	0.260908520228276	-9.51215128663792	1.86759659492949e-21	8.46082490178303e-20
B9J08_04757	27946.132584844	0.707650190572418	0.0744531082368253	9.50464268491623	2.00735961374083e-21	9.02006226434598e-20
B9J08_00659	245.209439221167	-1.7619911522839	0.186213441071091	-9.46221251349532	3.01495064480084e-21	1.34384130756567e-19
B9J08_00166	2667.81875533181	0.921146377516115	0.0976490914840185	9.4332303917735	3.97649561413878e-21	1.7582473007476e-19
B9J08_02434	5751.85975486367	0.710035814114241	0.0753559884854176	9.4224205452715	4.40806761373221e-21	1.93360235722999e-19
B9J08_03973	1156.0751945376	1.23443549104839	0.131089044177771	9.41677085824477	4.65173907082663e-21	2.02442219247707e-19
B9J08_00566	797.007674811389	-1.05424901663482	0.111973711624741	-9.41514754970289	4.72418407681803e-21	2.03988792129479e-19
B9J08_03042	1079.87181149113	1.01454370057828	0.107805813784049	9.41084404418636	4.92168597426694e-21	2.10869444804445e-19
B9J08_01495	5076.45551836633	0.815733500869044	0.0873767831478568	9.33581520721221	1.00217033675325e-20	4.2607657317194e-19
B9J08_00229	7730.09617325099	0.864645589152616	0.0927538976329086	9.32193267580644	1.14240091200623e-20	4.81988537454843e-19
B9J08_03306	7951.52477061472	0.634789644246311	0.068111922693083	9.31980216014041	1.16557433554079e-20	4.88040102464694e-19
B9J08_05546	5030.4504572287	0.835632828837521	0.0897283895095494	9.31291460155527	1.24371651828795e-20	5.16843698990789e-19
B9J08_00827	538.266227691552	-1.26668813327605	0.136127162306602	-9.3051828291481	1.33762004960163e-20	5.51718359264794e-19
B9J08_00622	9141.2885447577	-0.60256379785103	0.0650814677019913	-9.25860800512638	2.0711461971142e-20	8.47942594922238e-19
B9J08_01250	1230.77796183997	0.911371172994145	0.0991484081740449	9.19198996512709	3.85640059362082e-20	1.56722985889281e-18
B9J08_00632	680.038536128552	1.13570108070988	0.12385163584908	9.16985127345266	4.73672098530475e-20	1.91093845881601e-18
B9J08_00998	438.565489416421	-1.28848356609832	0.140587128644527	-9.16501801069028	4.9538700683227e-20	1.98406085997243e-18
B9J08_03734	415.128063002501	-1.35079964850383	0.147527405309463	-9.15626249692593	5.3725865587767e-20	2.13627956189632e-18
B9J08_00701	4998.9069585139	0.641916590223224	0.070582660968285	9.09453655355467	9.49907176920038e-20	3.75009783345503e-18
B9J08_03531	7174.76827169388	0.702106933333376	0.0773060824611237	9.08216935823202	1.06431998930614e-19	4.1719833907057e-18
B9J08_05592	99.682702901839	3.07283154050463	0.342071858328357	8.98300010857659	2.63482273266472e-19	1.02553980587591e-17
B9J08_02283	358.698938273049	-1.43390793421268	0.159744568099574	-8.97625472509888	2.80140352838366e-19	1.08275225883752e-17
B9J08_05039	2431.83710857498	0.821593373220843	0.09190832388214	8.93927055262617	3.91747651014518e-19	1.50360365774808e-17
B9J08_02321	491.599132186969	-1.44927253948496	0.162147646120382	-8.9379807487861	3.96346111973414e-19	1.51076204198418e-17
B9J08_00528	608.31473779508	-1.19731594895625	0.134225359903496	-8.92019175673717	4.65481542338474e-19	1.76213457842791e-17
B9J08_00262	358.211554620366	1.35416332168951	0.152679246454965	8.86933458955039	7.35842721243268e-19	2.76666851721874e-17
B9J08_01235	629.657716104391	-1.1317355906462	0.127667790676092	-8.86469159255325	7.67161238487408e-19	2.86493254399993e-17
B9J08_03615	4983.63673920876	0.62617353040292	0.0706646407771579	8.86120022003039	7.91575551830816e-19	2.9211773797851e-17
B9J08_00926	1028.39354605812	1.01567474748639	0.114622664569897	8.86102893609693	7.92792847779565e-19	2.9211773797851e-17
B9J08_01467	11824.0698340304	0.750255641294228	0.0847087700791723	8.85688271229777	8.22830289617832e-19	3.0117768282899e-17
B9J08_00647	1431.29265608969	-0.805916351721736	0.0911609595316055	-8.84058653904717	9.5217403829416e-19	3.46228020371831e-17
B9J08_03693	3038.2795215726	0.736531479577368	0.0834054889021609	8.83073151745874	1.0399333590719e-18	3.7566742977715e-17
B9J08_00456	787.735828373423	-0.988432380595277	0.112017916354955	-8.82387757921864	1.10563090003779e-18	3.96806622370705e-17
B9J08_05542	6012.24488001936	0.600643846434253	0.0682762122648158	8.79726373959644	1.40192553029353e-18	4.99899510060152e-17
B9J08_04925	33982.976296841	0.726198179600288	0.0831446076092808	8.73415847980054	2.45476746826107e-18	8.69711525453778e-17
B9J08_05552	1197.96299041265	0.85292710926803	0.0982031698908655	8.68533174861768	3.77638619818376e-18	1.32943226225233e-16
B9J08_02018	741.991412958694	-1.03870691101128	0.119777861040624	-8.67194406367794	4.24804344900397e-18	1.4860086166231e-16
B9J08_01884	133.024155416393	2.25332487516622	0.260359963162597	8.65465199716209	4.94417885504346e-18	1.7186463227563e-16
B9J08_05445	9815.97644600332	0.658178326212441	0.0765084664520083	8.60268616971037	7.7871693901529e-18	2.68998032621094e-16
B9J08_03829	423.734002185781	-1.22035517579507	0.142095923482707	-8.58824902139851	8.83047166319287e-18	3.03142962002901e-16
B9J08_05461	15171.1413631315	1.93965690606332	0.226693228182178	8.55630722460114	1.16540462995945e-17	3.97604406776906e-16
B9J08_00155	637.166700411175	-1.0727981614332	0.125644945194435	-8.53833124582167	1.36174082973969e-17	4.61738746378604e-16
B9J08_05015	969.142628518577	1.11253104556952	0.130645795156526	8.51562841526282	1.65689322715035e-17	5.58393223564633e-16
B9J08_01163	2675.43891454064	0.809303451186183	0.0951651976766685	8.50419555619332	1.82859081878522e-17	6.12522512450057e-16
B9J08_03482	2558.01290639014	0.931170191672301	0.109681344767341	8.48977730577181	2.07033436885872e-17	6.89321569679648e-16
B9J08_00388	2804.19905495088	0.665777684377342	0.0786568815205416	8.46432850510951	2.57632706967601e-17	8.52656270305348e-16
B9J08_01766	307.199253642559	1.44650603568871	0.171196446737008	8.44939286567574	2.92821562592337e-17	9.63348081218956e-16
B9J08_02441	727.071351840074	1.11559613030356	0.132342827319276	8.42959269422436	3.46870419811585e-17	1.13440994692226e-15
B9J08_02955	2500.18726734565	0.790144031812209	0.0938133368001902	8.42251281920725	3.68494122271414e-17	1.19803941987889e-15
B9J08_03737	3204.45811820505	-0.699772534203013	0.0831589672076215	-8.41487764579739	3.93305213884332e-17	1.2712268521279e-15
B9J08_04734	8607.6106621271	0.709406418160977	0.0845740101261587	8.38799552135175	4.94501048715986e-17	1.58901586991468e-15
B9J08_02459	5463.11887885673	0.589173982413092	0.0704339161042698	8.36491870679011	6.01563878771586e-17	1.92187488900032e-15
B9J08_02766	32630.6964096333	0.560534715125576	0.0670337628205328	8.36197598852203	6.1676399355067e-17	1.95911183468652e-15
B9J08_03322	1071.10527155708	-0.84423742252661	0.100985087112092	-8.36002073840383	6.27072324697276e-17	1.98047356491534e-15
B9J08_03961	1012.43657712867	0.854815637055753	0.102339775499691	8.35272144072987	6.67078433835192e-17	2.09485369534495e-15
B9J08_03823	1821.68902438242	-0.758085969708947	0.0908203500366372	-8.34709367892914	6.99632246909014e-17	2.18467086365317e-15
B9J08_02812	3860.55454134558	0.622971933025017	0.0747831261769878	8.33038099464632	8.05826011160844e-17	2.50213503577864e-15
B9J08_03209	336.166850271068	11.9996664129218	1.4505345160431	8.27258247232585	1.31088125172755e-16	4.04762049066936e-15
B9J08_01809	1218.25012425648	-0.819158606352899	0.0996651533967623	-8.21910746569432	2.05023264241493e-16	6.2953532303485e-15
B9J08_04198	723.904325696818	-0.974782540598511	0.118891277254271	-8.19894077270076	2.42514366890386e-16	7.40539726963075e-15
B9J08_02326	997.621066864171	-0.87715415690919	0.107717760586845	-8.14307828282416	3.85352935749931e-16	1.17024487686257e-14
B9J08_05490	11237.1915428558	2.72869618572428	0.33552210487553	8.13268677703532	4.19878539182998e-16	1.26812496506253e-14
B9J08_03911	1128.44770332669	0.825126837465655	0.101677597486986	8.11512917160797	4.8526835895787e-16	1.45765120650008e-14
B9J08_01595	8706.01104680134	0.687642904690832	0.0847817524279535	8.11074181646791	5.03116554909997e-16	1.50309470215544e-14
B9J08_03064	2284.45268701032	0.66615349448045	0.0825283831936899	8.0718107964992	6.92631505551329e-16	2.05815824257107e-14
B9J08_04685	1416.04289187393	0.729631531430994	0.0906296464307363	8.05069378692341	8.23260104597384e-16	2.4332398920373e-14
B9J08_01695	625.105217407996	0.975688789386927	0.121210257980564	8.04955624748673	8.30947635299634e-16	2.44289764909632e-14
B9J08_00389	111.074012929652	2.18594960698033	0.271987779813121	8.03694051432116	9.21093567977044e-16	2.69358949746514e-14
B9J08_00537	8668.23147449418	0.535091837962357	0.0667007609666829	8.02227486174612	1.03804540510869e-15	3.01961944949248e-14
B9J08_01849	885.369347074775	-0.847073214832521	0.105963186278123	-7.99403306549501	1.30594712021008e-15	3.77904174523617e-14
B9J08_01427	630.936657338108	1.05552356641598	0.132183929278968	7.98526395889126	1.40221932211431e-15	4.01557833851078e-14
B9J08_00904	2125.8015730935	-0.736910674209548	0.0922794040428853	-7.98564622141557	1.39788055056015e-15	4.01557833851078e-14
B9J08_01855	406.363315959704	-1.1522124118039	0.144534256109758	-7.97189844689082	1.56255186019541e-15	4.45166192335052e-14
B9J08_02425	2662.9606635351	0.726727375419245	0.0913128560508765	7.95865343445546	1.73921629860501e-15	4.92956332430252e-14
B9J08_03138	3088.54632127441	0.651356851532991	0.0818935179986282	7.95370460875672	1.81015432444329e-15	5.10445048530515e-14
B9J08_04903	3197.66798890764	-0.831083113097599	0.105067397268268	-7.91000000671569	2.57388880901201e-15	7.22126063320273e-14
B9J08_01887	2482.71113242109	0.628075398487767	0.0794178163184292	7.90849493984412	2.60519232382434e-15	7.27217069382683e-14
B9J08_03690	7314.4391908211	1.9640161562213	0.248430815662695	7.9056865428801	2.66460912943943e-15	7.40065058211645e-14
B9J08_00473	172.096380880742	-1.7707357353122	0.224890187758046	-7.87377943415339	3.44085333451415e-15	9.50879818992985e-14
B9J08_01442	1935.26192962132	-0.718059157124728	0.0912178228812253	-7.87191729032727	3.49247036180505e-15	9.60342472124205e-14
B9J08_05270	1246.03931035639	0.847773222073488	0.108030782345812	7.84751534391116	4.24360507886031e-15	1.1611091718248e-13
B9J08_04598	287.314504325788	-1.32358691690336	0.169250129890152	-7.82030074518939	5.26972839383228e-15	1.43476792279365e-13
B9J08_03601	59008.3468516587	0.643191575734082	0.0825497495965854	7.7915630135441	6.61852912250624e-15	1.79316717941627e-13
B9J08_03125	656.135384073379	-0.940812362034328	0.121356786072442	-7.75244955377053	9.01366290775101e-15	2.43017145810438e-13
B9J08_04620	2267.64351256414	-0.622830660206125	0.0805478900455498	-7.73242675697544	1.05515529617909e-14	2.83099190387467e-13
B9J08_03195	2339.40894951621	0.814978530863021	0.105749270980844	7.70670590259339	1.29106860866302e-14	3.44438705550816e-13
B9J08_01077	4863.50102641718	0.574317221464679	0.0745266882684099	7.70619538864065	1.2962411933159e-14	3.44438705550816e-13
B9J08_00129	1361.22984180651	0.780524925067028	0.101391227544342	7.69815046105124	1.38049764317102e-14	3.65072271473982e-13
B9J08_04093	2344.2877742087	-0.630827377434404	0.0820719099849924	-7.6862763100037	1.51479173825909e-14	3.9867875892181e-13
B9J08_04227	6114.00062799788	0.580066566920439	0.0757497196534835	7.65767278841359	1.89332525285423e-14	4.95943538982242e-13
B9J08_01812	505.101043443449	-1.00313046044281	0.131059932532121	-7.65398273188452	1.94848453651365e-14	5.07984624212781e-13
B9J08_02970	57.1074934010321	3.33298470322456	0.436497850273475	7.63574139285307	2.24524599736972e-14	5.82604442603871e-13
B9J08_03980	2145.40194805408	-0.709635980220197	0.0933024252758287	-7.60576135210109	2.83231510803929e-14	7.3150493467912e-13
B9J08_05449	2948.00617318052	0.645221324379248	0.0849604608176421	7.59437176034322	3.09289274138896e-14	7.95089217751479e-13
B9J08_03303	3426.99544326228	0.590392259884452	0.0777530595781957	7.59317077793832	3.1217067651093e-14	7.98781170868477e-13
B9J08_04741	2697.20181984523	-0.656126571979432	0.0866927065573359	-7.56841720641736	3.77798981900342e-14	9.62255747909304e-13
B9J08_02642	561.544531904136	1.0296354438653	0.136098987885904	7.56534240157958	3.86844265437724e-14	9.80774428933166e-13
B9J08_00736	3539.95060191208	0.58746426228446	0.0776774476983283	7.56286772662721	3.94278499414582e-14	9.95058112449495e-13
B9J08_05509	1520.02272901396	-0.799007694297304	0.105701446033826	-7.55909899323053	4.05870930451029e-14	1.01965846936493e-12
B9J08_02747	6740.52691372388	0.668097184121072	0.0885381295160199	7.54586964704498	4.49279259475705e-14	1.1236047362544e-12
B9J08_00547	179.649558695144	-1.60676748035167	0.212965590179366	-7.54472813658959	4.5323197396695e-14	1.12838428834024e-12
B9J08_00012	5371.87136035984	0.58553890289936	0.077677072394773	7.53811755318885	4.76803966180718e-14	1.18174687043983e-12
B9J08_03697	4925.50952121245	0.602158843386413	0.0799312078110473	7.53346358546066	4.94117968927505e-14	1.21919197065282e-12
B9J08_00245	2039.99130027342	0.714995743750752	0.0949874398829182	7.52726617995029	5.18136774955186e-14	1.27277420230103e-12
B9J08_02917	3137.48383041986	-0.585816278806304	0.0778604272269598	-7.52392838917612	5.31544654775173e-14	1.29993243670017e-12
B9J08_02698	8115.05455335207	-0.620525343843235	0.0825547361953564	-7.51653233286134	5.62481753179631e-14	1.36953156379904e-12
B9J08_03102	4203.37930185744	0.634504990568022	0.0845252158284354	7.5066947105572	6.06389182450337e-14	1.46800847180808e-12
B9J08_00490	257.460031509922	-1.45476016772125	0.193805337135543	-7.50629569454953	6.08239442815362e-14	1.46800847180808e-12
B9J08_00117	248.509560826122	-1.42355844590646	0.190177817349995	-7.48540742418241	7.13255201495312e-14	1.71398326028895e-12
B9J08_02336	1005.57643121705	-0.761541258647909	0.102252986408418	-7.44761874832847	9.50399939619576e-14	2.27396556981705e-12
B9J08_00015	1663.08864633013	0.675918891018112	0.0908376113173464	7.44095844458911	9.99573897457296e-14	2.38131247036486e-12
B9J08_04007	5045.40153059217	0.52422528745253	0.0706487348992811	7.42016524711845	1.16974297308938e-13	2.77475082071459e-12
B9J08_01400	1525.33504669425	0.762027640440804	0.103025769444905	7.39647609085134	1.39845970369138e-13	3.30311400953087e-12
B9J08_05258	1268.88354208315	1.89066774087239	0.256062841112249	7.38360838558215	1.54056144196211e-13	3.62326939988281e-12
B9J08_01125	2409.0093375203	-0.645964361036208	0.0880922031372526	-7.33282104467021	2.25357776527357e-13	5.27776453757077e-12
B9J08_01520	9349.48771855263	0.489110305624308	0.0667295463355349	7.32974120886308	2.30597587463076e-13	5.37769141733511e-12
B9J08_02220	9996.60019941638	0.569495033776831	0.0779056980406632	7.31005623593258	2.67030605684002e-13	6.2011687294768e-12
B9J08_01300	2374.27338098105	0.82087798039019	0.112500196223607	7.29668043208208	2.94954221663411e-13	6.82097064072666e-12
B9J08_02197	2806.49715088201	0.593709894904862	0.0817544416903856	7.26211179024763	3.81093025420856e-13	8.77625479792112e-12
B9J08_04043	2417.2987974985	0.663875163298561	0.0914292386998657	7.26108160517294	3.84007172620086e-13	8.80667071813782e-12
B9J08_04109	22236.7214136228	1.41049648454912	0.194547300935603	7.25014676516127	4.16320264375888e-13	9.46914444940549e-12
B9J08_00357	6054.94868574944	0.514891106769281	0.0710152285971553	7.25043229375602	4.15443513411672e-13	9.46914444940549e-12
B9J08_00705	3443.16677036307	-0.534653368975679	0.0737515986913473	-7.24938006040005	4.18683526160823e-13	9.48386823397896e-12
B9J08_03848	13004.6062855459	0.471298164421418	0.065211691522038	7.22720348792279	4.93041073271171e-13	1.11226041304888e-11
B9J08_04084	15132.9455895172	-0.471149299661243	0.0652320314408933	-7.2226679018597	5.0977402708323e-13	1.14533375922318e-11
B9J08_00931	2633.60541733697	0.581421768519272	0.0805322494700946	7.21973833271826	5.20877036429229e-13	1.16554144953213e-11
B9J08_04846	2199.48784692714	-0.653071608274501	0.0905977471658077	-7.20847514099087	5.65818983273924e-13	1.26100061312701e-11
B9J08_02298	1114.16943693969	-0.750133413633222	0.104071054149105	-7.20789675636886	5.68226851837188e-13	1.26128104823459e-11
B9J08_02421	1175.32776030142	0.939978901013851	0.131070578728779	7.17154765112411	7.4154616747883e-13	1.63287875205398e-11
B9J08_01279	4334.34990409701	-0.565206953242372	0.0788066372409723	-7.17207297545384	7.3870544241968e-13	1.63287875205398e-11
B9J08_04031	203.378770597676	-1.48701359694241	0.20795704146925	-7.15058065087107	8.64115944989999e-13	1.89522572538084e-11
B9J08_00179	713.715271208938	-0.845205353066694	0.118316047587621	-7.14362396563968	9.09018654891287e-13	1.98582850023089e-11
B9J08_00574	1206.65052163631	0.681939512402979	0.0955666171249238	7.1357502537895	9.62606508826079e-13	2.09461660404793e-11
B9J08_03110	6224.1972828448	0.589902026120812	0.0829095033127729	7.11501097643089	1.11903929936138e-12	2.42546282649818e-11
B9J08_03085	816.036416071641	0.935963260097803	0.13171338916626	7.1060601053728	1.1940243083432e-12	2.57787982508315e-11
B9J08_00823	800.254364125818	-0.794176719430642	0.11178395933089	-7.10456781263055	1.20699645919592e-12	2.59574685991279e-11
B9J08_04434	1371.27733257355	0.675312214218868	0.0951492943296016	7.09739592896564	1.27129469889647e-12	2.72342860496154e-11
B9J08_05391	734.041081103986	-0.802601689456006	0.113107110651436	-7.09594370180132	1.28471771992469e-12	2.7317955427775e-11
B9J08_01781	805.787617705548	-0.808979020832438	0.114006475966524	-7.09590410521924	1.28508565428288e-12	2.7317955427775e-11
B9J08_00741	2827.44602227573	0.645964454074539	0.0910635077480817	7.09355997861994	1.3070526814883e-12	2.76784680865357e-11
B9J08_01688	8540.66957988104	-0.472876241138073	0.0667285395801595	-7.08656661922021	1.37480051024638e-12	2.90019939699684e-11
B9J08_00333	3849.92679416032	0.573047240994312	0.0808872358723994	7.08452000879719	1.39527052859301e-12	2.93219019449946e-11
B9J08_02733	2162.6891824304	0.672152505852505	0.0949432190891046	7.07952092104321	1.44653661556816e-12	3.02841207357773e-11
B9J08_01253	1066.9347309073	-0.755772972191959	0.10728336068488	-7.04464296576119	1.85937651540128e-12	3.87802792476336e-11
B9J08_04460	3518.68096647371	0.526090092026231	0.0747385351419434	7.0390741673901	1.93521347803273e-12	4.02102439589732e-11
B9J08_04183	8404.28188701135	1.29245810020655	0.18383648228985	7.03047667202842	2.05829136917336e-12	4.26074022375325e-11
B9J08_01565	4118.8294187361	0.534592400320355	0.0762330883334536	7.01260321478749	2.3392416731759e-12	4.82424952523999e-11
B9J08_03730	685.428832863901	-0.848064215901102	0.121085474577025	-7.00384764451357	2.49026913855267e-12	5.11662361664707e-11
B9J08_03411	25068.7700104451	0.616471846867836	0.0880637840126173	7.00028795923091	2.55436953234711e-12	5.22888903899352e-11
B9J08_02398	518.873983755193	-1.01338206820329	0.144814146823772	-6.99781126657813	2.5999198842033e-12	5.30249343173123e-11
B9J08_02511	2107.20225564052	-0.611983880107755	0.0875822338084889	-6.98753449753229	2.79758799651112e-12	5.68465766791064e-11
B9J08_01536	422.830775853421	-0.994873650875426	0.142400034868704	-6.98647055664501	2.81887527614822e-12	5.70693174039238e-11
B9J08_04036	9761.31926107476	0.45203484450323	0.0647731810293821	6.97873467567048	2.97850366843933e-12	6.0080984581986e-11
B9J08_01821	5518.10303883723	0.497067556960582	0.0713913374743736	6.96257521634201	3.34108104550163e-12	6.71496543217728e-11
B9J08_03066	3012.60998414051	0.57169672082246	0.0823270267156219	6.9442167855429	3.8056572192728e-12	7.62096646772490e-11
B9J08_03407	596.642662073387	-0.865151851706571	0.12466899378697	-6.93959119606686	3.93236204080237e-12	7.84626895289339e-11
B9J08_00689	603.558133316037	-0.976494238399833	0.140784483817642	-6.93609275624921	4.03092990220051e-12	8.0140106364972e-11
B9J08_02794	3013.59384515887	0.550857235252434	0.0794326009364043	6.93490114585904	4.06505316114518e-12	8.05288488231162e-11
B9J08_04797	3165.16123259324	0.584425263722353	0.0843401705363667	6.92938204897694	4.22682875611497e-12	8.34345804823122e-11
B9J08_00112	10124.8186151591	0.504076988616248	0.0728324999656285	6.9210447101793	4.48324951005463e-12	8.8181210114135e-11
B9J08_02860	1320.5276684517	-0.658193477406919	0.0951386978509066	-6.91825190248436	4.5725070670875e-12	8.96178956021014e-11
B9J08_01969	2771.3047675629	-0.632226354557711	0.0917304942193064	-6.89221572322726	5.49299877422311e-12	1.07278460159474e-10
B9J08_00038	6547.18319752467	0.498818498309476	0.072462221452132	6.88384220512742	5.8259406943465e-12	1.13380190907229e-10
B9J08_00842	1590.42365699557	0.692490517623058	0.10066661922935	6.87904811867525	6.02538071933463e-12	1.16850102581623e-10
B9J08_01252	4369.09621657657	0.633492292879955	0.0922772297284786	6.86509873285074	6.6445281439236e-12	1.28406668012118e-10
B9J08_04038	522.644281536818	-0.920336692192457	0.134177839514884	-6.85908116809683	6.93048550350079e-12	1.33466179016895e-10
B9J08_00491	1211.38555791473	0.700838232130663	0.102236354025854	6.85507849735556	7.1273371518908e-12	1.36780529300349e-10
B9J08_04399	1605.65133348094	-0.606831596429195	0.0885716945310134	-6.85130390292705	7.31798636880145e-12	1.3995332408431e-10
B9J08_02074	818.362130580962	-0.756825309086835	0.110646381792532	-6.84003667201628	7.9172910383733e-12	1.50892646789963e-10
B9J08_05190	848.385347813121	-0.747564935811466	0.10948128186556	-6.82824427219858	8.59601317427738e-12	1.63265171182925e-10
B9J08_00937	4070.88844795863	-0.541229269849064	0.0794161036934588	-6.8151073230459	9.41934197552985e-12	1.7829007910532e-10
B9J08_04106	2821.69830569591	0.623514792936444	0.0919111752720108	6.78388445247441	1.16986907108927e-11	2.20678032624928e-10
B9J08_03200	1636.80719787767	-0.70990200329663	0.104732661529672	-6.77822937876459	1.21657594310407e-11	2.28708001276742e-10
B9J08_04504	56.683904084811	-2.95039364447817	0.435886953827677	-6.7687128934916	1.2993309060647e-11	2.43437353146426e-10
B9J08_00569	4853.47677223048	0.533259135971614	0.0788436700713219	6.76349966318448	1.34697687258307e-11	2.51511526174547e-10
B9J08_04809	865.845701510017	-0.722158289809363	0.106889371812598	-6.75612811230174	1.41728111062511e-11	2.63747902303872e-10
B9J08_00820	2148.60071268949	0.581334846614918	0.0861421473129664	6.74855299929833	1.49326855093824e-11	2.76956217484417e-10
B9J08_00734	1909.79956004174	0.594455660685091	0.0881621424132329	6.74275425271273	1.55411949836885e-11	2.8727820961487e-10
B9J08_00497	754.983333372163	-0.759196402678952	0.112742598972905	-6.73389126732305	1.65184639840579e-11	3.0432516813296e-10
B9J08_03474	3049.32066644704	-0.563474430601979	0.083851242834542	-6.71992938391915	1.81812651235105e-11	3.33846685507118e-10
B9J08_05271	6056.95632515227	0.556764359062224	0.0832966925585059	6.6841112409255	2.32330280270556e-11	4.24384890400122e-10
B9J08_03997	237.58284241077	-1.24473178647459	0.186228188114363	-6.68390644336934	2.32655367814794e-11	4.24384890400122e-10
B9J08_02118	4024.61346988202	-0.503763578987064	0.0754670799987495	-6.6752758818204	2.46767508461441e-11	4.48646058969205e-10
B9J08_03028	1566.71932751145	0.611402706721961	0.091842222969091	6.65709830355179	2.79286401054864e-11	5.06103586436143e-10
B9J08_05254	206.568426122652	1.37150320702206	0.206647567413192	6.63691919624558	3.203071180657e-11	5.78541647565072e-10
B9J08_05503	13774.572541933	-0.446687269442728	0.067396563039379	-6.62774553031338	3.40852393355223e-11	6.13645334877628e-10
B9J08_03412	12159.4298727379	0.421468150982641	0.0636653657940724	6.62005386642862	3.59068001013551e-11	6.44340532987629e-10
B9J08_00831	2415.83317383405	-0.546941608578212	0.082688050335616	-6.61451813603385	3.72763958518175e-11	6.66752879847882e-10
B9J08_00945	532.767916547423	-0.862031249204939	0.130404501834461	-6.61044087495709	3.83177135527439e-11	6.83167750987148e-10
B9J08_01233	8705.49088518676	-0.543796509000996	0.0823815934624639	-6.60094671813759	4.0854037779907e-11	7.26045873985679e-10
B9J08_04669	7641.73180150138	0.467508572509402	0.0709017237759628	6.59375467353443	4.28840128872604e-11	7.59679292397078e-10
B9J08_02130	781.705185919618	-0.759462636765038	0.115362527682427	-6.58326973257473	4.60213118908227e-11	8.12651088883632e-10
B9J08_05487	10482.6061960393	0.507416380013812	0.0771438324803263	6.57753657939171	4.78306213225022e-11	8.41910331367738e-10
B9J08_05584	1649.03596063993	0.735878479475104	0.112297314067249	6.55294817678742	5.64120978646707e-11	9.86676154740617e-10
B9J08_00410	2042.32556744161	0.664847838033996	0.101452270288462	6.55330665487937	5.62767832166394e-11	9.86676154740617e-10
B9J08_04926	12013.4867882583	1.68987636353973	0.258097835365917	6.54742555722683	5.85373831517836e-11	1.02061866460539e-09
B9J08_00551	1289.70103550085	0.832477262509519	0.127167446183849	6.54630793879424	5.89769104625285e-11	1.02504837775596e-09
B9J08_00711	5338.74270627805	-0.451641850643476	0.0690455489999962	-6.54121601152741	6.10206181800589e-11	1.05724437831093e-09
B9J08_03304	204895.548669357	1.1641454858348	0.178100908568171	6.53643765881861	6.30013807056947e-11	1.08815197237617e-09
B9J08_02179	2316.70793737228	0.580705168493204	0.0890091371421213	6.52410737974001	6.84076899044122e-11	1.17784829315167e-09
B9J08_01742	4193.35897025791	-0.50851721854175	0.078159562752691	-6.50614205904372	7.71053149799699e-11	1.32348160215619e-09
B9J08_04336	517.32250336335	-0.864414467386499	0.132991515419927	-6.49977154299709	8.04420780668473e-11	1.37648100766398e-09
B9J08_00165	4180.76391101382	0.532071169163841	0.0819285451618187	6.49433195857362	8.34026640964384e-11	1.42273618660807e-09
B9J08_02962	700.922243737246	-0.746450770955329	0.115646703682345	-6.45457887849236	1.08520243860864e-10	1.84551196251999e-09
B9J08_05232	322.868813226352	-1.08928835188628	0.168947872731185	-6.4474819024177	1.13723746374322e-10	1.92807100064686e-09
B9J08_02983	9726.23950690562	0.606393592618644	0.0941301424224032	6.4420766506173	1.17849731893075e-10	1.9919127467065e-09
B9J08_01540	1285.60204829374	0.664280142896151	0.10316696732613	6.43888407416531	1.20355076474177e-10	2.02805642583164e-09
B9J08_03435	1227.42506292838	0.622762375471301	0.0967387946904006	6.43756599887737	1.21404540056177e-10	2.03952247079177e-09
B9J08_03991	1487.66556676744	0.611446039722063	0.0950255120252327	6.43454612020088	1.23842831828521e-10	2.07417979247344e-09
B9J08_00331	669.127703141738	-0.763876037979395	0.118723945422607	-6.43405199566373	1.24246325295526e-10	2.07465087585611e-09
B9J08_00343	3137.25163251927	0.514965266821022	0.0803689085094959	6.40751848409359	1.47907160535577e-10	2.46229782012089e-09
B9J08_00462	1198.10626467458	-0.653972545955668	0.102205213942167	-6.39862215175949	1.56785288609116e-10	2.60225912955732e-09
B9J08_03725	1552.01108977068	-0.601551708193609	0.0941814781276244	-6.38715509835652	1.69000211929319e-10	2.79659931536929e-09
B9J08_04826	1119.33107514236	-0.700908071194829	0.109790417167224	-6.38405508676829	1.72459006235289e-10	2.84531620138042e-09
B9J08_02632	3274.29985881797	-0.494677698248531	0.0776233262614799	-6.37279696804248	1.85611538246332e-10	3.05319932109369e-09
B9J08_03072	2444.82361565208	0.535906041761494	0.0841703432841658	6.36692237255386	1.92858718666933e-10	3.16299744235057e-09
B9J08_04467	773.20208505776	-0.734463713435179	0.115492114003662	-6.35942739269531	2.02507224466552e-10	3.31141251368826e-09
B9J08_03614	426.466275562649	1.03772551203574	0.163500727445218	6.34691678899979	2.19672868470556e-10	3.58151015940048e-09
B9J08_01006	1016.26190225163	-0.653638143491609	0.103239370785874	-6.33128755547438	2.43123752568162e-10	3.95219111895362e-09
B9J08_01137	5325.25983133782	0.508535801851881	0.08033375600972	6.33028787786732	2.44704214410889e-10	3.96621757492371e-09
B9J08_05085	150964.997834096	1.19289558980737	0.18863143896258	6.32394894704701	2.54961992386372e-10	4.12039453777626e-09
B9J08_03307	29947.8125501709	0.443944162445409	0.0702406069698094	6.32033494010414	2.60996977740359e-10	4.20562768504655e-09
B9J08_03469	848.521753426339	0.675614328525742	0.106938342956385	6.31779313058268	2.6532485014788e-10	4.26293734525387e-09
B9J08_03797	46617.1780947432	-0.38606240270875	0.0611599985115142	-6.31233505730167	2.74856342854301e-10	4.40327828103108e-09
B9J08_04470	3311.45210715662	0.484333013864105	0.0767442849352936	6.310997806188	2.77242124738077e-10	4.42866249545478e-09
B9J08_03315	379.71036410041	-0.977616588052766	0.155161229572889	-6.30064991585748	2.96400171196021e-10	4.72104825994354e-09
B9J08_00796	490.622719716273	0.906985033337385	0.144242956364049	6.28789825305773	3.21792691797646e-10	5.11077071139537e-09
B9J08_05459	2811.88144280744	0.489712376870294	0.0781957151829084	6.26264975932252	3.7849008527965e-10	5.9940249322081e-09
B9J08_03826	3309.0912311913	-0.46676084673505	0.0746751922544931	-6.25054764029705	4.09015944629243e-10	6.45894607418808e-09
B9J08_00729	3668.77811077941	0.485318106444271	0.0777079433821604	6.24541179860496	4.22685002701138e-10	6.65578350407177e-09
B9J08_04609	1600.52324600766	-0.593362172903887	0.0951407690033634	-6.23667623374907	4.46965720997957e-10	7.01812369305598e-09
B9J08_03376	1040.54599385089	0.625993222314575	0.100401132563278	6.23492192102558	4.52003480527017e-10	7.0771196511978e-09
B9J08_03736	948.794491276352	-0.654421205670943	0.105157730659276	-6.22323438864755	4.87008972388229e-10	7.6036683344343e-09
B9J08_01966	778.968122167428	-0.742434206347544	0.119369027801273	-6.21965529939272	4.98248254868584e-10	7.75723409763004e-09
B9J08_04717	649.969371919813	-0.751011796605813	0.120815095184502	-6.21620829300273	5.09311865046753e-10	7.90720976998147e-09
B9J08_01570	3160.39303618493	0.487924972862501	0.0785072902074463	6.21502756716245	5.13156401018973e-10	7.94458103202203e-09
B9J08_01376	1406.26996830499	-0.606900756694634	0.0977209296918431	-6.21055037655145	5.27993462975559e-10	8.15145215046345e-09
B9J08_00296	2703.49403642847	0.564324548357687	0.0909277763521783	6.20629439096767	5.42485146532622e-10	8.35185349550362e-09
B9J08_01299	10735.3672354242	-0.449321410798944	0.0725473977654209	-6.19348763206927	5.88473083092143e-10	9.03469647291743e-09
B9J08_02688	1370.77486931882	-0.581906720226399	0.094018751961964	-6.18926233419705	6.04464144838045e-10	9.2544967549027e-09
B9J08_02188	1246.80136467516	-0.659633762986665	0.10662225670236	-6.18664229578313	6.14592077366916e-10	9.38356467294737e-09
B9J08_03939	2273.51558745987	-0.537548196947827	0.0869224645519413	-6.18422636448153	6.24077626194566e-10	9.50214060599826e-09
B9J08_05553	1403.49894393292	0.634103530667042	0.102688889541043	6.17499647236523	6.61649479991509e-10	1.00465293294315e-08
B9J08_02235	1997.59064969575	0.521413253848276	0.0844902239568805	6.17128502481398	6.77371847921256e-10	1.02555775543987e-08
B9J08_01683	413.778197047109	-0.894023596095578	0.144877914578066	-6.17087565554267	6.79128168067652e-10	1.02555775543987e-08
B9J08_00706	1023.77098603166	-0.641547901970314	0.104042883775442	-6.1661872363609	6.99562446023179e-10	1.0535372313815e-08
B9J08_03076	287.527905078173	-1.05701619138916	0.171851934889078	-6.15073779687967	7.71233297850551e-10	1.15831696663587e-08
B9J08_05539	900.730536020777	0.654720775446186	0.106662715177553	6.13823466200278	8.34435413153984e-10	1.24668384442431e-08
B9J08_01375	540.224039145843	-0.802832360483284	0.130792652124702	-6.13820690567414	8.34581187691326e-10	1.24668384442431e-08
B9J08_03813	7549.00601439697	0.594610292681904	0.096885218108516	6.13726535678449	8.39540883578374e-10	1.25071225432282e-08
B9J08_04800	494.544665851842	-0.835206168841605	0.136171449486677	-6.13348959704891	8.59720428735522e-10	1.27733193807022e-08
B9J08_04449	475.447048025766	-0.872636068465157	0.142359155683803	-6.12982048308427	8.79782849550933e-10	1.30363533765898e-08
B9J08_04836	728.760513647162	0.701182877562484	0.11440801125724	6.12879176778901	8.85489259210093e-10	1.30858265659203e-08
B9J08_02458	1221.7134238057	0.590160900955906	0.0965074807796371	6.11518294942819	9.64462521403384e-10	1.42148916154573e-08
B9J08_04661	4508.18156040208	0.45202179389945	0.0739504488577366	6.11249560863429	9.80850076617019e-10	1.4417974397506e-08
B9J08_05385	2625.91916152517	-0.479856295827642	0.0786235024725464	-6.1032169864882	1.03954560234568e-09	1.52367226887482e-08
B9J08_02550	125.821605060397	-1.52920411636734	0.250572926051868	-6.10283058294492	1.04206281460952e-09	1.52367226887482e-08
B9J08_00759	11533.5799215333	0.427505486542435	0.0701038275305909	6.09817611393452	1.07285510844977e-09	1.56455677688703e-08
B9J08_03885	1003.20409167507	-0.651831441250173	0.106979693991708	-6.09303893971406	1.10787099454613e-09	1.61136920706748e-08
B9J08_00581	581.026697407711	-0.763330308826704	0.125467141224698	-6.08390612375284	1.17289295242381e-09	1.7014643958127e-08
B9J08_00780	394.874589917853	-0.879671733481051	0.144990968714468	-6.06707949660916	1.30257092459409e-09	1.884635994825e-08
B9J08_04561	192.476822546944	-1.22469929957024	0.2027837418292	-6.03943535375622	1.54654457399367e-09	2.23178899750993e-08
B9J08_03352	1500.53168884566	-0.588169510009762	0.0974286702951295	-6.03692432861997	1.57079337064422e-09	2.2608788957163e-08
B9J08_04223	10733.9875531465	-0.390326681288773	0.064757023172373	-6.02755750908723	1.66456029781126e-09	2.3896168223384e-08
B9J08_04115	2083.30722000523	0.543408555425623	0.0902611636565198	6.02040272263177	1.73983642890495e-09	2.4912113840823e-08
B9J08_01925	1751.84409007703	-0.528892213354447	0.087876625724381	-6.01857671473733	1.75957319603811e-09	2.51296151279138e-08
B9J08_01265	1813.39136060435	0.636726381821911	0.105949217751908	6.00973178785406	1.85830503788834e-09	2.64712678979609e-08
B9J08_01373	894.792791812109	-0.681254595701832	0.113609312420328	-5.99646790556525	2.01655441834825e-09	2.86516613630098e-08
B9J08_00427	3833.74573750214	-0.435423241472669	0.072813877331461	-5.97994856791583	2.23208084524351e-09	3.16325918760536e-08
B9J08_01072	1515.51891108269	0.540053077109627	0.0903233202807734	5.97911010612599	2.24359876068672e-09	3.17145021747199e-08
B9J08_05491	105870.974776512	1.33689752286226	0.22387766814941	5.97155372357216	2.35004647086527e-09	3.31344562358988e-08
B9J08_02348	612.31344189825	-0.794187251436077	0.133077055220667	-5.96787515412904	2.40363166019452e-09	3.37975326743172e-08
B9J08_01586	777.998234944053	-0.661358921133047	0.110826977294974	-5.96749038253376	2.40930484416156e-09	3.37975326743172e-08
B9J08_01672	755.839861631516	-0.66849457893357	0.112072088110052	-5.96486235071418	2.44840355241642e-09	3.42590542638115e-08
B9J08_04002	1153.32320244886	-0.575492815355756	0.0964903463871204	-5.96425276624951	2.45756060014178e-09	3.430034706309e-08
B9J08_02577	4117.6438248381	0.489660231902281	0.0822122029164945	5.95605292805065	2.58402674502147e-09	3.59745990421503e-08
B9J08_03222	1988.8359995337	0.519412706265627	0.0872604398295586	5.95244199181404	2.64170780554084e-09	3.66852237216688e-08
B9J08_02792	185.518660309003	1.21204237043509	0.203760006331932	5.94838208073392	2.7080587162105e-09	3.75123822669059e-08
B9J08_00548	7972.71046387569	-0.399976529235597	0.0672602296070621	-5.94670181134203	2.73599161216712e-09	3.78045641011192e-08
B9J08_05382	470.292410793827	0.931406413730205	0.156640189006772	5.94615225911108	2.74518814195717e-09	3.78370445401429e-08
B9J08_02976	20161.9838497766	-0.370176763343733	0.0623473830170663	-5.93732640297677	2.89707536513452e-09	3.98311829430311e-08
B9J08_05344	2002.39346067331	-0.512984788207005	0.0866046773612485	-5.92329194954708	3.15559888786701e-09	4.3277903357918e-08
B9J08_02226	645.622299202435	0.75397021913631	0.127566694737319	5.91040020821157	3.41277551629514e-09	4.66891343528792e-08
B9J08_00304	12842.9998425621	0.387282052988784	0.0656589407379412	5.89839020605753	3.67065088962015e-09	5.00930554739027e-08
B9J08_01874	639.097741470637	-0.741717769042782	0.125781180774885	-5.89688985644254	3.70416936669874e-09	5.0425970664394e-08
B9J08_04863	667.354038440316	-0.745379990670474	0.126521538927838	-5.8913288360775	3.83102339948798e-09	5.18972213945344e-08
B9J08_04212	1427.78831154035	0.559383712139963	0.0949489186541291	5.89141740705476	3.82897022973263e-09	5.18972213945344e-08
B9J08_03519	545.364796360287	0.733024980472613	0.125166523163612	5.85639803635381	4.73013770663799e-09	6.39204672483819e-08
B9J08_01169	820.762851576435	-0.672370391455341	0.114876630888052	-5.8529779839258	4.82848064441504e-09	6.50902744431267e-08
B9J08_02378	4199.10308526013	-0.51905422479484	0.0887995941653	-5.84523194811706	5.05862903248312e-09	6.80268677920541e-08
B9J08_01552	121.386119099878	-1.48982451269117	0.255819854199433	-5.82372512623562	5.75502015458467e-09	7.72038747436638e-08
B9J08_05211	590.870113382435	0.72083495919002	0.123890224657699	5.81833604048778	5.94363206149983e-09	7.95410518254469e-08
B9J08_03041	461.297401748862	-0.819177360922155	0.141406013000543	-5.79308717882465	6.9104212806466e-09	9.22557932805164e-08
B9J08_02431	1613.12697513718	-0.507945657559808	0.0877024673728455	-5.79169175937094	6.96809400219174e-09	9.28015796388283e-08
B9J08_00183	3277.90796441332	-0.446488474889755	0.0771351686185048	-5.78839046943682	7.10640634506684e-09	9.44161246855395e-08
B9J08_01399	544.431562169298	-0.827356332804897	0.143028610594324	-5.7845512822015	7.27061411598682e-09	9.63661492063769e-08
B9J08_02827	1081.88383421542	-0.619677552333652	0.107182350229355	-5.78152607222766	7.40260055555414e-09	9.7880797297961e-08
B9J08_02682	191.836817878364	-1.43147753381491	0.248044079774162	-5.77106107558881	7.87739144650902e-09	1.0391012535765e-07
B9J08_03122	526.254713625139	-0.73559989057428	0.128213598490755	-5.73730009322935	9.61977199902855e-09	1.26591618663407e-07
B9J08_04708	1238.89420641548	0.698490182686476	0.121932850796735	5.7284823418988	1.01333098550503e-08	1.33032787574497e-07
B9J08_02137	1068.55419046014	-0.58957571926284	0.10313830537398	-5.71636034861186	1.08829829573024e-08	1.42536129869692e-07
B9J08_00329	3392.84490317034	0.444278572895121	0.0777435387580847	5.71466876852091	1.09917912969286e-08	1.43620875882091e-07
B9J08_01805	630.537905535262	-0.743547314729187	0.130739812400831	-5.68722947566705	1.29116906881539e-08	1.68308760456195e-07
B9J08_03258	18049.9690352102	0.363949233310681	0.0640363519674658	5.68347855754787	1.31982278797694e-08	1.71639071744672e-07
B9J08_04990	523.182151897934	0.723996569196054	0.127587778649236	5.6744977995617	1.39096104964784e-08	1.80465768108065e-07
B9J08_05217	523.793192405161	-0.75262749938152	0.132881808450185	-5.66388663850602	1.47982189831166e-08	1.91545096767413e-07
B9J08_03106	576.017080140343	-0.702975650582828	0.12419322050661	-5.66033836400442	1.51074823453553e-08	1.95091249819576e-07
B9J08_00324	859.492652642901	-0.609985748298568	0.107834138473091	-5.6567034979445	1.54307996667903e-08	1.98801934168648e-07
B9J08_05173	438.213746298597	-0.783322723702065	0.138496800020696	-5.65589041468835	1.55040370463572e-08	1.99280959895852e-07
B9J08_05335	1108.33618182502	-0.563658324640132	0.0999271048271103	-5.6406950408035	1.69365098163574e-08	2.1718814328308e-07
B9J08_03274	606.546638864555	-0.706876714337662	0.125518207327127	-5.63166674692375	1.78476300322568e-08	2.28342248121026e-07
B9J08_00848	701.390377896238	0.693367194113065	0.123224758954871	5.62684966879911	1.83530540498458e-08	2.34266350423782e-07
B9J08_03203	9359.28435613363	1.29413524766783	0.230862156207498	5.60566213591398	2.07460309778587e-08	2.64201182522178e-07
B9J08_01090	1856.12765804539	0.496277575799126	0.0885624273701578	5.60370340488605	2.09819625221641e-08	2.66591510022991e-07
B9J08_01313	1444.42970666664	1.45086140781258	0.259150530257833	5.59852764479815	2.16179933472979e-08	2.74042773464485e-07
B9J08_03937	3003.05788604936	0.438731889043652	0.0784443915158092	5.59290320908708	2.23303790581222e-08	2.82425640856388e-07
B9J08_03808	2415.6447738371	0.499958184691855	0.0894879237297759	5.5868788083805	2.31186938449622e-08	2.91728358176042e-07
B9J08_03505	365.296027902187	-0.865659582303306	0.155020899939763	-5.58414757390569	2.34849228233208e-08	2.95674643381535e-07
B9J08_02626	1412.21390978879	0.545567135571011	0.0977346913033861	5.58212368909492	2.37599298728397e-08	2.98457119107238e-07
B9J08_05525	383.570485895756	-0.883192933988593	0.158544838015951	-5.57061929635159	2.53835439790164e-08	3.18128906059011e-07
B9J08_04516	1613.48954152523	-0.500455145446553	0.0899188328260657	-5.56563213420048	2.61203765044938e-08	3.26622898055062e-07
B9J08_02713	1172.77905305372	-0.592561624920558	0.106610117099977	-5.5582119318457	2.72552326023802e-08	3.40044403145271e-07
B9J08_04418	24691.4032323256	1.20741123177816	0.217264704457327	5.55732802893122	2.73935656038032e-08	3.41000533991487e-07
B9J08_00596	273.197484987929	0.946976543325286	0.170466617099184	5.55520229966374	2.77290427209383e-08	3.44400941839609e-07
B9J08_01579	2950.07503340821	0.449825793446657	0.0810191652006031	5.55209119142231	2.82272266991643e-08	3.49802425933366e-07
B9J08_04155	3321.20929504938	0.442605817459819	0.0797981573665089	5.54656688909436	2.91333205929189e-08	3.59419336868444e-07
B9J08_03155	1785.40150942742	-0.478386032825674	0.086245962838443	-5.54676435953057	2.91004506594768e-08	3.59419336868444e-07
B9J08_02481	1239.46702924952	-0.526887692861004	0.0950425956858052	-5.54370058034617	2.96145074405984e-08	3.64542054842288e-07
B9J08_04026	1361.98030377342	0.528606199746314	0.0955779025174903	5.5306319329364	3.19079207151637e-08	3.90889301225885e-07
B9J08_03964	177.774352394929	-1.22858090876317	0.222154192410327	-5.53030710531869	3.19670642580243e-08	3.90889301225885e-07
B9J08_02806	1465.24966667062	-0.503739905500914	0.0910819432218663	-5.53062316944485	3.19095149486603e-08	3.90889301225885e-07
B9J08_01749	32.8179555242096	-3.26569251177307	0.590762046284596	-5.52793215527566	3.24027302575622e-08	3.95341920824606e-07
B9J08_01666	1285.97374165463	-0.51596363083706	0.0933722560717432	-5.52587730600207	3.27843193024676e-08	3.99116592036869e-07
B9J08_04469	5319.61737334735	-0.408493579183006	0.0739905545663688	-5.52088819413552	3.37290354382832e-08	4.09715118389871e-07
B9J08_00248	769.884512943908	-0.663168454034387	0.120327502378342	-5.51136224825153	3.56067041517812e-08	4.31575118085295e-07
B9J08_02871	299.826880567668	-0.902541850787107	0.163862416413421	-5.50792470013389	3.63088644988486e-08	4.39122744168788e-07
B9J08_00849	1760.01708272664	0.497350666726208	0.0903650034367527	5.50379735307938	3.7169677514855e-08	4.48551981713109e-07
B9J08_05010	694.750030021661	0.629500837645167	0.114712164721994	5.48765546505697	4.07303501917455e-08	4.90450208082303e-07
B9J08_03524	3172.20391579904	-0.440237787635162	0.0802558828149871	-5.48542701411729	4.12471831981793e-08	4.9559387290508e-07
B9J08_04946	3603.41909987496	-0.428030414554137	0.0781503283622458	-5.47701364183796	4.32563881560725e-08	5.174849725944e-07
B9J08_02129	229.067011788878	1.02389685320353	0.186935645599902	5.47726919559781	4.31939851766257e-08	5.174849725944e-07
B9J08_05255	1995.70037688407	0.458594729400042	0.0838791193588595	5.46732885258415	4.56867976979296e-08	5.45379980294723e-07
B9J08_00222	520.633302381398	-0.721132215826897	0.131920475631963	-5.46641612965935	4.59225555311275e-08	5.47012854354615e-07
B9J08_04793	288.908274857699	-0.937145471001244	0.1715098617304	-5.46409087819312	4.65285138770536e-08	5.5303891655586e-07
B9J08_05458	944.971396720682	-0.579253506756896	0.10610438917398	-5.4592794065012	4.78070908501133e-08	5.67016719160035e-07
B9J08_01092	164.435394800522	-1.31330956323029	0.240643102086119	-5.4574993085	4.82887031901249e-08	5.715024893615e-07
B9J08_00156	7381.69522124362	0.400956620917414	0.0736487825042375	5.44417174709363	5.20469850112776e-08	6.14665996062673e-07
B9J08_02275	613.960913677807	-0.674646655968986	0.123973121572813	-5.44187842824257	5.27216523603931e-08	6.21306124937937e-07
B9J08_04720	361.441540382192	-0.815574258550869	0.149941800704214	-5.43927213572506	5.34986844117009e-08	6.2912176328398e-07
B9J08_02405	28.2938940141298	-4.26343116106911	0.783963640361472	-5.43830216297188	5.37906936615575e-08	6.31212662138913e-07
B9J08_01775	1556.81355790648	0.519678554219601	0.095580481990083	5.43707819210956	5.41613737564184e-08	6.34215916846874e-07
B9J08_01657	17985.3468013563	-0.412195170485558	0.0761231475360269	-5.41484665082297	6.13412545453797e-08	7.16771910935124e-07
B9J08_05427	104.272720819868	-1.51518498689621	0.280199992401969	-5.40751259094454	6.39060516561166e-08	7.45166133973326e-07
B9J08_03958	7726.79033428437	1.89702144975986	0.35095103420559	5.40537358453422	6.46734514141203e-08	7.52526665191248e-07
B9J08_03534	932.926875123821	-0.55940430066316	0.103520961506511	-5.40377806119949	6.52516742686922e-08	7.57659671603071e-07
B9J08_02832	19012.3770268261	1.23571510749225	0.228881495810071	5.39892970866314	6.70396317015269e-08	7.76788353069894e-07
B9J08_02494	1635.38847316366	-0.473264305340186	0.0879118526001599	-5.383395882836	7.3093534559822e-08	8.45163107765975e-07
B9J08_04677	5259.72034207663	0.400472582179617	0.0745420768403221	5.37243660432854	7.76797438575372e-08	8.96317211483524e-07
B9J08_03968	585.104580682272	-0.704518929139994	0.131151900447006	-5.37177827190288	7.79639388384268e-08	8.97722270749969e-07
B9J08_01444	370.542456541046	-0.819997933860836	0.152788515354821	-5.36688200652093	8.01094260817607e-08	9.20508935455075e-07
B9J08_04205	585.980005099369	0.663762765601312	0.123922525603478	5.35627209313979	8.49565421464186e-08	9.74180100504679e-07
B9J08_03908	275.68517599018	-0.898107741620273	0.168373542810005	-5.33401938708213	9.60622601369943e-08	1.0992466082343e-06
B9J08_02244	4968.77009691402	1.4337751406929	0.268986103715474	5.3302944683325	9.8053647081301e-08	1.11971592441808e-06
B9J08_05418	877.750291188668	0.561165124345557	0.105289936405013	5.32971282447121	9.8368186213342e-08	1.1209916808271e-06
B9J08_04832	1031.32107065168	-0.540202664631632	0.101530923282089	-5.32057275920518	1.03441068117794e-07	1.17637609770997e-06
B9J08_01794	921.251652547027	-0.565745743808761	0.106699006231544	-5.30225879124922	1.14378540465645e-07	1.29809074569532e-06
B9J08_03616	7603.37547817395	-0.397071406856532	0.0749465676305852	-5.29805993002527	1.17039556011567e-07	1.3255689058933e-06
B9J08_04354	712.148200150157	0.686624946521403	0.129650480524783	5.29596916063998	1.18386818452507e-07	1.33808577829653e-06
B9J08_04968	732.479112217215	-0.626514110354948	0.118542984503325	-5.28512178919687	1.25621154607846e-07	1.41695535003585e-06
B9J08_04830	1546.69685359865	0.536317211145241	0.101655412629367	5.27583526811935	1.32152761948913e-07	1.48759331016627e-06
B9J08_05474	3331.84887606478	0.418286364453229	0.0793464458818394	5.27164587908739	1.35205759469259e-07	1.51886632639552e-06
B9J08_00162	1589.28801207146	0.472377567935464	0.0897751623889816	5.2617846113018	1.42663836007145e-07	1.59939760975962e-06
B9J08_03292	2439.39575178956	0.463791789384381	0.0883904825419647	5.24707837367206	1.54530172836204e-07	1.72892361389817e-06
B9J08_03421	6070.67709878127	1.14776625239988	0.219009414243258	5.24071650693987	1.59954292188999e-07	1.78499299176464e-06
B9J08_02375	1614.38749664602	-0.478245628018779	0.0912604535100802	-5.24044763777066	1.60187538251359e-07	1.78499299176464e-06
B9J08_02769	143.131425953565	-1.21439052373542	0.231782688384177	-5.23934954849858	1.61143558242814e-07	1.79203309136425e-06
B9J08_01838	83.1418391344152	-1.90619954351977	0.363909423935864	-5.23811536096884	1.62224653766149e-07	1.80043305495081e-06
B9J08_03825	257.855690509199	-0.916632114056385	0.175382160918299	-5.22648432005235	1.72763462717051e-07	1.91355442572573e-06
B9J08_03621	171.23772370034	-1.12573222569616	0.215405571432074	-5.22610542620596	1.73117674995285e-07	1.91364277939788e-06
B9J08_02582	256.48679748016	-0.90637336699488	0.173488299348355	-5.22440631673341	1.74714755347315e-07	1.92744202156609e-06
B9J08_02310	297.493058969394	-0.854614955143505	0.163837355931066	-5.21623991236213	1.82591653191169e-07	2.00832379322008e-06
B9J08_00510	2156.75305868654	0.430747164962267	0.0825810109283925	5.216055847703	1.82773089920336e-07	2.00832379322008e-06
B9J08_00935	584.137944329048	-0.644756763885368	0.123686908904211	-5.21281330091854	1.85998066795372e-07	2.03970499043258e-06
B9J08_04584	1312.53573412436	-0.492291801201439	0.0945237525336888	-5.20812798905739	1.9075533421158e-07	2.08773214294535e-06
B9J08_03498	1108.38448065833	-0.588012112221082	0.113013177975254	-5.2030402361558	1.96054400518203e-07	2.14148749340733e-06
B9J08_02723	2628.80266461477	0.459361940810033	0.0883098636708377	5.20170592180097	1.97467514660379e-07	2.15266854739234e-06
B9J08_03870	49.6208363818187	-2.30039110304332	0.443120088007664	-5.19134917441057	2.08775672185084e-07	2.27146287434441e-06
B9J08_05245	150.531039676524	-1.32241150578418	0.254874432929733	-5.18848238555476	2.12014811732072e-07	2.3021726216958e-06
B9J08_02128	197.358357656644	1.0272763266948	0.198125918799108	5.18496687824282	2.16053258612634e-07	2.34142423598437e-06
B9J08_00514	1654.35413391335	-0.462886893795386	0.0893798395071291	-5.17887362908574	2.23229615831643e-07	2.41446200920057e-06
B9J08_00708	368.048276102886	-0.800977231364086	0.155099106386447	-5.16429301254877	2.41349379115632e-07	2.60534769213301e-06
B9J08_00284	1156.61827850495	0.551541687829892	0.106879084355964	5.16042676781329	2.46387529594342e-07	2.65454946601935e-06
B9J08_04707	3045.01920452156	-0.412980670470096	0.0800410307765115	-5.15961209474188	2.47462025109057e-07	2.66093893536529e-06
B9J08_00226	1278.43224411468	-0.490522540617724	0.0951151091866878	-5.15714637571353	2.50741787524523e-07	2.69097060125833e-06
B9J08_04224	709.763710538725	-0.609269887608314	0.118430426169775	-5.14453850512116	2.68179245405689e-07	2.87253234371558e-06
B9J08_05242	297.283070840389	-0.891779122353875	0.173499828764639	-5.13994237748566	2.74822734901183e-07	2.93799856053934e-06
B9J08_02620	3905.62474756649	0.420435280821726	0.0819169159268925	5.13245983524266	2.85979768525263e-07	3.05137100509484e-06
B9J08_00963	4084.4774765607	0.383332847053039	0.0747836674992323	5.12588991516061	2.96135608835355e-07	3.15364452800194e-06
B9J08_01542	5661.16384159172	0.418580506203997	0.0817793632502133	5.11841239119584	3.08118303489679e-07	3.27494204497587e-06
B9J08_02844	3039.10715435032	0.398031677047029	0.077835545336543	5.11375201813042	3.15821912536389e-07	3.35037948289563e-06
B9J08_02247	4233.04217828253	0.379203569544523	0.0741630363413182	5.11310739489314	3.16902007209838e-07	3.35539730622371e-06
B9J08_01166	1238.71057098158	-0.486842109838142	0.095338252895569	-5.1064719045294	3.28229386139516e-07	3.46868798698491e-06
B9J08_03598	842.534633341658	0.584718432410688	0.114829613928206	5.09205258476499	3.54207827949045e-07	3.73608142189765e-06
B9J08_05506	4602.27750062226	0.405391989937739	0.0796421255162523	5.09017040052518	3.57741889181798e-07	3.76617032668152e-06
B9J08_01431	2803.00961548296	0.41303481253239	0.0814434212612909	5.07143248817201	3.94832334943624e-07	4.14570450528209e-06
B9J08_01200	2644.37727636495	0.394796261500459	0.0778504984426386	5.0712104533454	3.95293337123876e-07	4.14570450528209e-06
B9J08_03525	3589.86683855156	0.431187316989254	0.0850369067776505	5.07059032752329	3.96583632716663e-07	4.14818397841171e-06
B9J08_00058	1366.44579551011	-0.481261819560187	0.0949163992354774	-5.07037586166989	3.97030816822833e-07	4.14818397841171e-06
B9J08_02764	610.264147756819	0.611115202667117	0.120648892803221	5.06523672508002	4.07893150080914e-07	4.25363290659851e-06
B9J08_05362	598.472253680877	0.673901426142975	0.133138474698155	5.06165800435082	4.15626082481909e-07	4.32611178508006e-06
B9J08_04435	507.291682978423	0.714712618114064	0.141252839641716	5.05981061992744	4.19673089619239e-07	4.36002474873221e-06
B9J08_04657	1261.00986244333	0.505090906490567	0.0999714674103259	5.05235063138022	4.36405614049959e-07	4.52535427552369e-06
B9J08_03050	569.447016342839	-0.627946774121902	0.124303788843148	-5.05171065150937	4.37870671223261e-07	4.53204344541379e-06
B9J08_01139	5010.30095091067	-0.356542329325001	0.0706157755695966	-5.04904642693621	4.44020829433827e-07	4.57855060500143e-06
B9J08_00040	439.608447872291	-0.737036093872155	0.145965374883557	-5.04938992867397	4.43223227699693e-07	4.57855060500143e-06
B9J08_00440	1515.44265327557	0.530398959641445	0.105337378902004	5.03523977120105	4.77251073956757e-07	4.91204224536126e-06
B9J08_01183	1672.80191742889	-0.43735685659684	0.0869156656340111	-5.03196809696522	4.85470066414595e-07	4.98734768972763e-06
B9J08_02021	1274.27391234221	-0.503412749794629	0.100214470699318	-5.02335387575972	5.07768607084067e-07	5.20674785037781e-06
B9J08_01141	2931.758282748	-0.380227735435168	0.0761234184884666	-4.99488518756913	5.88707800165612e-07	6.02553335465803e-06
B9J08_00020	37.9224262948398	2.46685608034614	0.493981484469356	4.99382296281019	5.91956645185412e-07	6.04758665053562e-06
B9J08_02945	702.4857705743	-0.61543308680962	0.123362877181857	-4.98880295976213	6.0754575086766e-07	6.19539735248257e-06
B9J08_03733	546.235901536641	-0.629507061700208	0.12621801027911	-4.98745828989191	6.11788222249974e-07	6.22717035796613e-06
B9J08_00448	1834.72384348312	0.448761101539202	0.0900521123205603	4.98334897400006	6.24930940597836e-07	6.34925240566956e-06
B9J08_04551	565.263279612376	-0.658700528638913	0.132238778780265	-4.98114497664443	6.32091615645875e-07	6.41022084343991e-06
B9J08_04408	1184.75971590462	-0.490945016551386	0.0985998595055835	-4.97916547765045	6.38590261515823e-07	6.46426442380578e-06
B9J08_00004	276.75070116173	-0.850840389762016	0.171598104596208	-4.95833209675686	7.11009489983393e-07	7.18418546825999e-06
B9J08_03796	444.052876634621	-0.677402988877441	0.136652542446058	-4.95711954385948	7.15459587299475e-07	7.21594300512412e-06
B9J08_00950	4118.49531711851	-0.355640923598684	0.071748586258453	-4.95676559141658	7.1676365294249e-07	7.21594300512412e-06
B9J08_04736	617.412593313841	-0.600908836241468	0.12124421296434	-4.95618571434998	7.18905042479446e-07	7.22434212687982e-06
B9J08_02127	725.689575530653	0.558396613280161	0.112746476149033	4.95267464095329	7.32003099616401e-07	7.34261548381098e-06
B9J08_01048	1392.37112503079	0.464776746295575	0.0941692803416981	4.93554527133592	7.99271371852574e-07	8.00284940621228e-06
B9J08_04539	1321.84246545201	0.463461299824708	0.0939257738416615	4.93433570859904	8.0424008423724e-07	8.03803787627346e-06
B9J08_01336	917.380162906764	-0.557085582411458	0.113202542514134	-4.92114019737587	8.60414654108926e-07	8.58395630552352e-06
B9J08_01845	749.04785534616	-0.566528227750437	0.115134439038842	-4.92058008429009	8.62880834785746e-07	8.59304932227174e-06
B9J08_00627	2313.75121311014	0.404589365538346	0.0822573990155371	4.91857717822959	8.71755452723886e-07	8.66581364605201e-06
B9J08_02726	1366.05232908286	-0.471988374442724	0.0960086134373705	-4.91610447796559	8.82832946682044e-07	8.76017539732793e-06
B9J08_01372	945.141404932331	0.529133387730943	0.107643544625776	4.91560724398736	8.85076824277062e-07	8.76670180605613e-06
B9J08_03402	2188.64637193463	0.414913295094528	0.0844557522889446	4.91278905047229	8.97898680511408e-07	8.86193929854741e-06
B9J08_02401	940.744586008542	-0.506116177623208	0.103014382287319	-4.91306326733671	8.96643271347209e-07	8.86193929854741e-06
B9J08_04938	265.583853387738	-0.871084227858316	0.177361614347245	-4.91134584596684	9.0453384790776e-07	8.91151261566166e-06
B9J08_03213	819.911145013275	-0.561173208609491	0.114277997897589	-4.91059713097522	9.07994656914065e-07	8.92969122555878e-06
B9J08_03492	509.612636290716	-0.638855518926711	0.130216232101163	-4.90611276811014	9.28991263318633e-07	9.11995508412449e-06
B9J08_01445	8587.22455388708	0.433715826996356	0.0884600684466263	4.90295604121135	9.44051163791627e-07	9.2513666352417e-06
B9J08_00552	2061.42667995709	0.459327746549032	0.0937518567986545	4.89939892641811	9.61302864725887e-07	9.40375386431854e-06
B9J08_01652	780.709127053492	-0.545734177350438	0.111462697105118	-4.89611494718964	9.77499020166102e-07	9.54529520222269e-06
B9J08_05057	243.320078062757	-0.879882085566082	0.180047754331458	-4.88693729523707	1.02416694822422e-06	9.98336988154367e-06
B9J08_02442	13361.1149157892	0.356478941814833	0.0730783654268238	4.87803660813664	1.07147041811547e-06	1.04260862692328e-05
B9J08_00302	3865.34077637566	-0.382097431577767	0.0784010076865688	-4.87362908784686	1.09566616567094e-06	1.06427889238371e-05
B9J08_02561	1618.98788299359	-0.469853941550241	0.0964479841463471	-4.87157866189613	1.10710068144858e-06	1.07349920462566e-05
B9J08_00233	524.89866923667	-0.628965122300282	0.129148570197178	-4.87008970629724	1.11547595226849e-06	1.07972602244973e-05
B9J08_03240	3545.97337126946	0.417131646879624	0.0856786441897771	4.86856031423283	1.12414213755361e-06	1.08621216682846e-05
B9J08_00277	825.610474152523	-0.534851005131204	0.109956099545435	-4.86422315216989	1.14907216414528e-06	1.10836332482216e-05
B9J08_00550	144821.386744773	0.987495519549776	0.203188722625419	4.8599917691802	1.1739063335458e-06	1.13001111109869e-05
B9J08_00540	895.367492582511	-0.511698765062819	0.105294189027417	-4.85970564747481	1.17560410508729e-06	1.13001111109869e-05
B9J08_00872	1613.8539635747	-0.464783583456219	0.0956590688902697	-4.85875086228751	1.18128666346041e-06	1.13350197724751e-05
B9J08_03928	6629.17601203053	0.329320610641959	0.0678847299525025	4.8511736125691	1.22733051958499e-06	1.17564224986937e-05
B9J08_04764	204.846892962625	-0.948331364634276	0.195560576520452	-4.8492972433792	1.23899641057248e-06	1.18476352270486e-05
B9J08_04009	941.007505837525	-0.526596195986977	0.108658367910764	-4.84634737399557	1.25755249409539e-06	1.20043050688518e-05
B9J08_04016	897.59893949477	-0.508237897526754	0.104927895688767	-4.84368712619827	1.27451574055703e-06	1.21452560311357e-05
B9J08_01410	2074.08248427372	-0.398111587559751	0.082326393617457	-4.83577100935141	1.32630536430393e-06	1.26170219423542e-05
B9J08_03105	339.47609734523	-0.760348756161708	0.157403897034547	-4.83055864871521	1.36150501766114e-06	1.29296189563799e-05
B9J08_03943	279.827006780332	-0.821676013687253	0.170679895011851	-4.81413474990832	1.47839030405633e-06	1.40155458156421e-05
B9J08_05114	1166.34397470917	0.478861062318066	0.0994873469762268	4.81328607981167	1.48468514968726e-06	1.40472879896821e-05
B9J08_01526	2137.07691161451	0.456957090323339	0.0949422818465889	4.81299881818415	1.48682168879393e-06	1.40472879896821e-05
B9J08_03845	3715.4295398176	0.381926664292111	0.0794994505977882	4.8041421848862	1.55416361897216e-06	1.46584681263808e-05
B9J08_04450	6463.37721120695	0.34455799242427	0.071792963472061	4.79932817592017	1.59198748704529e-06	1.49896334597944e-05
B9J08_01796	461.583848716992	-0.645568162304456	0.134529673581886	-4.79870459145589	1.59695127615133e-06	1.50107988151163e-05
B9J08_01515	2016.38672768983	-0.415007002082512	0.086573233952523	-4.7937102859078	1.63724668543951e-06	1.53634336679527e-05
B9J08_04045	908.519923184062	0.536698425599513	0.111995401782697	4.79214697261288	1.65005950882133e-06	1.54574218733144e-05
B9J08_04146	1649.95892132399	-0.441340578444554	0.0921308185280948	-4.79036858127956	1.66475228220624e-06	1.55686732043213e-05
B9J08_02631	914.371976591002	-0.519118302884433	0.108377161843682	-4.78992339394518	1.66844997843915e-06	1.55768970115426e-05
B9J08_03139	1489.84346028437	-0.435300473100404	0.0911180963222107	-4.77732185669353	1.77645309583684e-06	1.65572618224118e-05
B9J08_00111	2187.09443719347	-0.402173700809136	0.0842966791221462	-4.77093172586769	1.83375694027404e-06	1.70625835166576e-05
B9J08_04658	164.36111208634	1.03793879511109	0.217944958070658	4.76238956982244	1.91313895423957e-06	1.77712924371128e-05
B9J08_03559	2156.92427016568	0.396155101865996	0.083399543532938	4.75008717175457	2.03328980470277e-06	1.88556925345507e-05
B9J08_03699	8228.31446133569	1.17207993266774	0.247062287765512	4.74406653993331	2.09469992207058e-06	1.93926406520672e-05
B9J08_03678	3538.70178250781	0.358952317373179	0.0757342540164068	4.73962967002245	2.14109179333903e-06	1.97889871936201e-05
B9J08_00387	45581.1033271842	0.297819026709661	0.0629618756791344	4.7301485779649	2.24355578394627e-06	2.07013903470301e-05
B9J08_01774	3510.26538239026	0.402407537176635	0.0850864622888101	4.72939556248958	2.2518925742969e-06	2.0743683763565e-05
B9J08_04116	2512.85756915091	0.392122097810668	0.0829250212810953	4.72863427410493	2.26035119086841e-06	2.07869567918964e-05
B9J08_03623	1902.79817604491	-0.41212234998856	0.0871702004830623	-4.72778940170773	2.26977421976835e-06	2.08389403864778e-05
B9J08_00612	24797.496522523	-0.333832768382028	0.0706207750435977	-4.7271184460371	2.27728438221138e-06	2.087321854143e-05
B9J08_00620	14306.0027683262	-0.298659985219422	0.0632911550631355	-4.71882658677183	2.37208915649335e-06	2.17061867018853e-05
B9J08_04473	108.504998264463	-1.24341145899623	0.263577991021083	-4.71743279542932	2.38839257245084e-06	2.17996131718899e-05
B9J08_00572	623.241673483336	-0.573469323391709	0.121567796200237	-4.71727991553894	2.39018736786056e-06	2.17996131718899e-05
B9J08_02470	1027.41413781	-0.548737501785745	0.11642612531089	-4.71318185948784	2.43878358200003e-06	2.2174638153136e-05
B9J08_01061	4687.43499385577	0.459102818143384	0.0974091985638085	4.71313618130885	2.43933055855015e-06	2.2174638153136e-05
B9J08_04752	93.0014273841993	-1.33624293959292	0.283896731975944	-4.70679225608748	2.51645119894267e-06	2.28381375641316e-05
B9J08_01780	486.21759973417	-0.672621233268009	0.142999903728324	-4.70364815451817	2.55553497717386e-06	2.31548226538359e-05
B9J08_04936	1360.71655724037	-0.439039753120917	0.0934074795524617	-4.7002633539034	2.59826194673791e-06	2.35034268078894e-05
B9J08_01588	8569.63052200842	-0.366613803682062	0.0780752116135507	-4.69564918372162	2.65761320896192e-06	2.40010264802819e-05
B9J08_02396	38.5382630562087	2.19845538694052	0.468329658933094	4.69424762025289	2.67589744108588e-06	2.4126729456577e-05
B9J08_04557	398.207743393353	-0.676780229435866	0.144357841193073	-4.68821245761563	2.75601814135662e-06	2.48086519011043e-05
B9J08_01690	1198.10724207963	-0.468524675015504	0.100351981905186	-4.66881337189905	3.02944416447721e-06	2.72255900765294e-05
B9J08_00877	314.943413894746	-0.765763708858384	0.164038884199719	-4.66818408692697	3.03873574143286e-06	2.72647604592523e-05
B9J08_05376	411.734408728388	-0.667376292948978	0.143063299314167	-4.66490215274164	3.08763924905205e-06	2.76138869409558e-05
B9J08_01763	169.760635569229	-0.978285494467165	0.209709431782311	-4.66495706059934	3.0868149020535e-06	2.76138869409558e-05
B9J08_04333	2250.78695033104	0.388727912124464	0.0833401402338773	4.66435394797246	3.09588118816712e-06	2.76428680565422e-05
B9J08_03323	5331.29208555138	0.375617461506592	0.0805576841453532	4.66271424621458	3.12065930214548e-06	2.78191676821905e-05
B9J08_02754	466.714656018934	-0.626596581564389	0.134631832292241	-4.65414880638523	3.25321803657257e-06	2.89180284054918e-05
B9J08_01710	3079.14115880704	0.360598633879381	0.0774802009847862	4.65407458029423	3.2543900250074e-06	2.89180284054918e-05
B9J08_01063	9016.52982890535	-0.360603747458404	0.0774992289139759	-4.65299787509724	3.27143620491728e-06	2.90228377280543e-05
B9J08_03636	1800.225421943	0.436830424303455	0.0939122376053411	4.65147498816077	3.29569252307482e-06	2.91911739984528e-05
B9J08_03043	691.736928247837	-0.551344021130934	0.118793198391598	-4.64120866005683	3.46377131508007e-06	3.06308224935161e-05
B9J08_05260	20.0311245655526	-4.08568065089486	0.881384172491674	-4.63552759217882	3.56028227512159e-06	3.14339938252349e-05
B9J08_04005	282.639567828389	-0.768679638235945	0.16610578622033	-4.62765118378438	3.69836237534803e-06	3.260103484617e-05
B9J08_05268	4501.88665912251	-0.376964668144096	0.0815043969606469	-4.62508382616594	3.74446933325013e-06	3.29549076510724e-05
B9J08_02552	1964.26834693532	0.413129908310923	0.0893556406830195	4.62343401214548	3.77438848517862e-06	3.31127700914004e-05
B9J08_00713	3603.52821457578	0.353318705122873	0.0764167767354579	4.62357508673787	3.77182118313669e-06	3.31127700914004e-05
B9J08_03447	872.085461351552	0.500657357600695	0.10851121795165	4.61387649177228	3.95227339001821e-06	3.46184073322197e-05
B9J08_01951	977.300304650039	-0.585765176684591	0.127385636869435	-4.59836125233628	4.2582715733823e-06	3.72396629526646e-05
B9J08_05308	3536.03070258909	-0.372141757276342	0.0810056099134572	-4.59402450859788	4.34778281791029e-06	3.7962394367441e-05
B9J08_03378	5656.26629234033	0.311986025394452	0.068216919581851	4.57344053801948	4.79779883070338e-06	4.18256058947911e-05
B9J08_01512	2302.42949647162	0.395239578089358	0.0864724612485497	4.57069883732478	4.86100445215208e-06	4.23098765465269e-05
B9J08_04485	703.070409567486	-0.520384051853653	0.114478569619959	-4.5456896743312	5.47556618445842e-06	4.75840476438706e-05
B9J08_01518	2841.43743050824	0.372093002619081	0.0819360807046714	4.54125947224941	5.59191583306673e-06	4.851886783259e-05
B9J08_04468	6290.85642726924	0.335068675405661	0.0738880440091522	4.53481588122914	5.76537567620694e-06	4.99455037028147e-05
B9J08_02502	825.401263637263	0.491984793095045	0.108550086442763	4.53232981398371	5.83366714840736e-06	5.04580255543779e-05
B9J08_05256	326.21295495898	-0.707039750341676	0.156042100619601	-4.53108326236452	5.86820028798925e-06	5.06774109245572e-05
B9J08_00776	9269.96624275215	-0.30106564483941	0.0664843891452492	-4.52836596244674	5.94415683205306e-06	5.12532836361268e-05
B9J08_04748	700.41615716193	0.533833068794969	0.1180236447221	4.52310272278018	6.09396457611275e-06	5.24631498632012e-05
B9J08_04249	2846.93818776064	0.348140910242453	0.0770741947012378	4.51695812835864	6.27343043492276e-06	5.38404503320157e-05
B9J08_03722	178.11144840967	-0.964091547774732	0.213429791421586	-4.51713671907392	6.26814369428727e-06	5.38404503320157e-05
B9J08_04280	3041.38706404351	0.339456364299753	0.0752296390835818	4.51226894658645	6.41377876032222e-06	5.49596204779859e-05
B9J08_05064	3730.99717571094	0.458608680041831	0.101903266929784	4.5004315745621	6.78156328592946e-06	5.80212078658392e-05
B9J08_01153	1544.5038891883	0.412829891929819	0.0917381115212814	4.5000914569083	6.79242320391458e-06	5.80243014652796e-05
B9J08_00638	3721.00079409724	0.343245806457463	0.0766045983946648	4.48074676521467	7.43823243110678e-06	6.34430719856901e-05
B9J08_04866	103.850730319395	-1.4116819018843	0.315345481116957	-4.47662004505061	7.58340354600912e-06	6.45733175422351e-05
B9J08_02908	473.667987763749	-0.631162407715731	0.141000330444027	-4.47631864214875	7.59411188754348e-06	6.45733175422351e-05
B9J08_01889	486.701182613293	-0.598455752634595	0.133823946672099	-4.47196310912093	7.75048000388676e-06	6.5801694287991e-05
B9J08_05269	263.187167041357	-0.771522007919376	0.172553348479876	-4.47120855501307	7.77788023475903e-06	6.59330430329956e-05
B9J08_00017	72.447786887721	1.59926937319229	0.357894877028211	4.46854502772395	7.87534362703121e-06	6.66570049411968e-05
B9J08_01506	1328.73523861963	-0.41687557052811	0.0933233975008124	-4.46699950593292	7.93243129726432e-06	6.70375348317735e-05
B9J08_02768	1784.8145290452	-0.386342702280024	0.0865828665653404	-4.46211493804572	8.11546737080249e-06	6.84796765777487e-05
B9J08_05441	278.165234465659	-0.742296329104268	0.166374359668833	-4.46160292115805	8.13488592842373e-06	6.85388940951189e-05
B9J08_03246	449.228524260412	0.609096754997243	0.136700625849323	4.4556983643119	8.36205356982673e-06	7.03456165607798e-05
B9J08_02404	78.8112619709624	-1.37427559028625	0.309338012543056	-4.44263405906173	8.88642307239205e-06	7.46432527676457e-05
B9J08_00285	8932.77901286199	0.357214492587873	0.0804192249680123	4.44190419305781	8.91662627027685e-06	7.47832980209714e-05
B9J08_01099	31593.8437752314	0.27071230688928	0.0609624537170678	4.44063994119529	8.96917559249681e-06	7.51100507571664e-05
B9J08_05312	367.1727018142	-0.70189031126915	0.158254257858291	-4.4352064883945	9.19840786471553e-06	7.69131622818196e-05
B9J08_03691	376.666561734216	0.678111343840079	0.153009072258584	4.43183749715231	9.34334248742173e-06	7.80070301026886e-05
B9J08_04525	1998.79494873779	-0.393436197429577	0.0888678990520208	-4.42720264152155	9.54630410816066e-06	7.94614801292228e-05
B9J08_01401	717.75716550573	-0.500156035620715	0.11297095868971	-4.42729743486077	9.54211121231301e-06	7.94614801292228e-05
B9J08_02372	1978.43024314691	0.37527234186488	0.0849028980785245	4.42001804835684	9.86926582554106e-06	8.19030513780262e-05
B9J08_01314	933.874631275005	0.479143680924742	0.108397707288821	4.42023814810109	9.85921878027466e-06	8.19030513780262e-05
B9J08_02169	3674.80503761839	0.445252868775035	0.100745305366143	4.41958925189452	9.88886748590405e-06	8.19426845496127e-05
B9J08_03969	645.976219144117	-0.534165373196902	0.121079779784613	-4.41168107628805	1.02571121504077e-05	8.48668545738077e-05
B9J08_05205	40.0177168833266	-2.06597456775309	0.468779399017663	-4.40713600487219	1.04746421306903e-05	8.65371405924147e-05
B9J08_03786	321.055954669746	-0.698336648598	0.158506976937395	-4.40571552174527	1.05435261212826e-05	8.69762221975062e-05
B9J08_00986	3248.66068123256	-0.328176522744166	0.0745551823779366	-4.40179357459777	1.07359676161857e-05	8.84317332558246e-05
B9J08_01618	1045.4986351305	-0.450113682151714	0.10239686551605	-4.39577598282206	1.10377723610317e-05	9.07823926181877e-05
B9J08_05522	3102.10415089767	0.358987183692331	0.0817069276089185	4.39359542939351	1.11491214616547e-05	9.15619529250606e-05
B9J08_02415	2934.65639824515	0.432133282171269	0.0983819746594641	4.39240301556295	1.12104643280194e-05	9.19291340370376e-05
B9J08_00230	375.801733320456	-0.697102936666416	0.158864180036802	-4.38804352563887	1.14374889671273e-05	9.36518541056484e-05
B9J08_00928	328.122746600887	-0.698365094628521	0.159192686590676	-4.38691694690845	1.14968663934817e-05	9.39987878058777e-05
B9J08_04840	2316.42122824592	-0.36540813556225	0.0833291433925241	-4.38511810737074	1.15922864264593e-05	9.46389469409758e-05
B9J08_01064	2982.82025768795	0.344177124998164	0.0785723729171451	4.38038348874993	1.18470625244078e-05	9.65762751805338e-05
B9J08_02248	1097.90856394851	-0.43689081515761	0.0997800591113791	-4.3785383477267	1.19477920063545e-05	9.72539711621817e-05
B9J08_00368	172.270039352018	-0.92572316157776	0.211837922826884	-4.36995958619869	1.24269533420634e-05	0.000101005545767036
B9J08_01603	528.466539109123	-0.567659382416727	0.12992180813219	-4.36923862573677	1.24680468619758e-05	0.000101190741565551
B9J08_01201	831.487927724425	-0.524611491636484	0.120204030360039	-4.36434194481791	1.27505998698408e-05	0.000103332207449575
B9J08_03814	954.503337519159	-0.447904034550075	0.102668422295918	-4.36262703306275	1.28509920781613e-05	0.00010399331363982
B9J08_05514	776.688118692321	-0.477993495619094	0.109969771245784	-4.34658988742253	1.38270402096596e-05	0.000111728145085949
B9J08_05541	175.166196026697	-0.95203714265965	0.219117894788701	-4.34486258449003	1.39362875362667e-05	0.00011238127267435
B9J08_00083	54.7869194572755	-1.67521333966306	0.385578982432307	-4.34466974598949	1.39485350198306e-05	0.00011238127267435
B9J08_03223	1243.06623328542	-0.443603864762925	0.10217105344244	-4.34177636244926	1.41335355664168e-05	0.000113706042322541
B9J08_00211	114.734930084875	-1.15459247968299	0.266444311266059	-4.33333507552377	1.46867313974336e-05	0.000117984832025604
B9J08_03289	4075.36711136317	0.406450667806571	0.0938322801531218	4.33167207642506	1.47981228161644e-05	0.000118707147757533
B9J08_03249	797.474183245467	-0.473426479437777	0.109328372552304	-4.33031671820855	1.48895031341125e-05	0.000119267078003246
B9J08_04074	1511.86882873526	-0.399892591232856	0.0923663889091047	-4.3294167494886	1.49504773793588e-05	0.000119582183032874
B9J08_03448	596.127821037482	0.560091695569386	0.129420134304039	4.32770139346013	1.50673553282062e-05	0.000120342879911843
B9J08_01469	6726.86399318372	0.381063243481204	0.0881401029364583	4.32338096718492	1.53656058469867e-05	0.000122547912721927
B9J08_04719	1282.95632872312	-0.51801787162939	0.119934053360874	-4.31918923035733	1.56603462140537e-05	0.000124718636203278
B9J08_01939	2298.00658515473	0.408421439689385	0.0946706035916309	4.31413156982862	1.60231504975784e-05	0.000127424392518152
B9J08_00032	2602.21787340259	0.334895321266441	0.0776560367843105	4.31254716483423	1.61384440766511e-05	0.000128156868407544
B9J08_04154	800.654048945162	-0.469264181896323	0.10893283078704	-4.30783060080133	1.64863569104853e-05	0.000130731843105097
B9J08_05538	1042.55939181291	-0.459106065683375	0.106790973155952	-4.29910929843219	1.71485892802239e-05	0.000135788328011171
B9J08_04388	353.17416885553	-0.680208269475593	0.158243178957217	-4.29849977710253	1.71958074094963e-05	0.000135967421390967
B9J08_02993	1457.85704221117	0.385032210248613	0.0895839324898114	4.29800522869883	1.72342098819934e-05	0.000136076397168254
B9J08_01286	8363.12264474432	-0.281121176566307	0.0655005583182329	-4.29188977596934	1.77158890039065e-05	0.000139680054956621
B9J08_05471	674.148103168163	-0.498096255737041	0.116151338477044	-4.28833849241851	1.80014620389614e-05	0.000141729459671424
B9J08_01903	1695.80610930718	-0.371401484895792	0.0867740706258706	-4.28009752472144	1.86811434103143e-05	0.000146871521520351
B9J08_03514	615.888971884656	0.547023132028403	0.127844589328572	4.27881332249818	1.87892360594062e-05	0.000147511516619799
B9J08_05591	27.3344543988033	2.43758837309913	0.570118352272712	4.27558306688772	1.90637702465654e-05	0.0001494545505713
B9J08_01422	5739.28732343824	0.291896603772716	0.0684351564375444	4.26530191450805	1.99632062807444e-05	0.000156284194212004
B9J08_00727	265.619339121991	0.7417761126672	0.174101235017717	4.26060224438797	2.03876787343804e-05	0.000159381471520397
B9J08_04135	336.03905071144	-0.683680712556469	0.160494162542398	-4.2598478457175	2.04566111530252e-05	0.000159694477179054
B9J08_00607	696.08318985317	-0.490808483361433	0.115339965093197	-4.2553202002866	2.08750057544507e-05	0.000162730827651409
B9J08_05219	204.16365509848	-0.818017452789781	0.192285291757451	-4.25418629429873	2.09810573602337e-05	0.000163327188774664
B9J08_00532	1017.23647988793	-0.431192567268204	0.101405571417437	-4.25215854751408	2.11719878684387e-05	0.000164581683472378
B9J08_01823	1693.93674568488	0.378359794096081	0.0890940977065268	4.24674365458401	2.16899881688793e-05	0.000168371579507578
B9J08_03046	2433.23440836418	0.360778791462843	0.0849676848835971	4.24607063211264	2.17552075155621e-05	0.000168640998511237
B9J08_02759	354.691914831346	0.669879294491898	0.157865457474689	4.2433557360026	2.20201951365434e-05	0.000170456048346884
B9J08_04416	1193.92710712188	-0.420912692549838	0.0993658179374373	-4.23599081944712	2.27546074005299e-05	0.000175894706437383
B9J08_05534	57.9503861860487	-1.56524390319336	0.369542577081034	-4.23562533864706	2.27916527464095e-05	0.000175935006605315
B9J08_00816	3326.66776882235	0.38557908715845	0.0910736439272427	4.23370659755838	2.29870809681971e-05	0.000177196089973815
B9J08_02603	18813.7188837226	0.302369464606432	0.0714882587094517	4.22963812610608	2.34067526691642e-05	0.000180179835658037
B9J08_04480	489.380041089868	-0.568535695351581	0.134754801631559	-4.21903849412392	2.45346385570034e-05	0.000188450501328924
B9J08_00405	1500.00237656908	-0.393255357150863	0.0932127007421021	-4.21890315396943	2.45493687274879e-05	0.000188450501328924
B9J08_05291	1727.2420228651	-0.402598434577367	0.0954353966017133	-4.21854415566121	2.4588482203189e-05	0.000188488961355098
B9J08_02406	823.406798487858	-0.486505535980375	0.115402658548599	-4.21572208213466	2.48980232825756e-05	0.000190597471859828
B9J08_03489	2423.57303799036	-0.350590286064312	0.0832352747178601	-4.21203975421114	2.53074990053061e-05	0.000193313631868675
B9J08_00678	18627.3942026277	-0.272619374131026	0.0647307240243464	-4.21159160877744	2.5357767885795e-05	0.000193313631868675
B9J08_00628	5310.08920107843	0.291633295579238	0.0692437510346515	4.21169118110451	2.53465905672087e-05	0.000193313631868675
B9J08_05234	384.665481946514	0.606164903883971	0.144065099993779	4.20757632424611	2.58124234198018e-05	0.000196508628431466
B9J08_02938	3947.40001267155	-0.392771297032411	0.0935397647507055	-4.19897674619124	2.68123850278054e-05	0.000203840511758845
B9J08_03933	157.133688024777	-0.927873417523282	0.221450990370995	-4.18997185774072	2.78989053729079e-05	0.000211402723985663
B9J08_01676	500.719002999931	-0.562603026994861	0.134279675358641	-4.18978542726017	2.7921836169628e-05	0.000211402723985663
B9J08_01396	389.479379018318	-0.626492485431356	0.149511146148132	-4.19027277612227	2.78619304270719e-05	0.000211402723985663
B9J08_00115	1405.93655865798	-0.392110757632287	0.0938752076978764	-4.17693624598134	2.95461794264737e-05	0.000223394984528208
B9J08_03442	2123.21250990872	-0.354474680427601	0.0848776805707184	-4.17630027168638	2.96288655925183e-05	0.000223484074631941
B9J08_02093	2310.05676943722	-0.334117030684482	0.0800045813041993	-4.17622372666482	2.96388324055026e-05	0.000223484074631941
B9J08_00204	578.134528110798	-0.52461431127441	0.125842561237325	-4.16881463724379	3.06187868874997e-05	0.000230558630963503
B9J08_04908	248.793501643361	-0.726709243778454	0.174780036060823	-4.15785040532638	3.21256276163912e-05	0.000241575978007884
B9J08_04472	262.131575239108	0.775047609842533	0.186520974710264	4.15528393547411	3.24883833537114e-05	0.000243971867929297
B9J08_00076	6275.74969371068	-0.306385225345275	0.0737485127831686	-4.15445971427373	3.26057054822611e-05	0.00024452067055693
B9J08_05036	318.057014106805	-0.660591384471927	0.159043132143056	-4.15353606012826	3.2737659429992e-05	0.000245177565947921
B9J08_02031	1373.24932179807	0.40039388495037	0.0965661019121697	4.14631922612495	3.37862697269014e-05	0.000252688379946663
B9J08_00354	363.137597463328	-0.65047174015122	0.156907920346957	-4.14556345347571	3.38979109224453e-05	0.00025318074820048
B9J08_05225	12929.6902856663	0.775115552620204	0.18699175542532	4.14518571076663	3.39538415489045e-05	0.000253256251337105
B9J08_00113	806.157133399129	-0.474595417304262	0.114651344168129	-4.13946666519929	3.48114177466756e-05	0.000259302838121126
B9J08_03214	7800.71994636397	0.308506523794129	0.0746003947734434	4.13545430598649	3.5425310217144e-05	0.00026352044356683
B9J08_05059	407.711815068204	-0.67197870638539	0.162513047387969	-4.13492157821131	3.55075866747889e-05	0.000263777461762847
B9J08_00800	1101.82101910787	0.413800867575361	0.100377640183685	4.12244068318531	3.74879161018005e-05	0.000278115050059935
B9J08_05411	6274.77907651362	-0.284493346486821	0.0690304990379625	-4.12127031459481	3.76789006403665e-05	0.000279157216942769
B9J08_01711	7078.28611208135	0.283665396848263	0.0689060876596017	4.11669573013025	3.84342938527522e-05	0.000284372613285357
B9J08_00981	832.360866126565	0.462417794134624	0.112401287229928	4.11399020002951	3.88877951224922e-05	0.000287343373852961
B9J08_02803	253.240545683619	-0.720423862847436	0.175161887843641	-4.11290305052275	3.90714498583298e-05	0.00028831495776634
B9J08_01825	9771.43564238241	0.776553004115144	0.188875268718861	4.1114594270732	3.93165972317742e-05	0.000289737110533355
B9J08_02163	2392.26120813354	0.327264470045103	0.0796193636356794	4.11036279494261	3.950379557327e-05	0.000290728998846156
B9J08_04113	78000.9231810322	0.277624432744823	0.0675575830122364	4.10944886371287	3.96604522822104e-05	0.000291493776281618
B9J08_00557	1080.36775560855	-0.41740750847344	0.101633407515045	-4.10699118212337	4.00846525974197e-05	0.000294220285399653
B9J08_01168	556.55299532733	-0.578849938097742	0.140992728750034	-4.10553042862221	4.03388177121803e-05	0.000295693163786765
B9J08_00949	478.867229626485	-0.557575946370822	0.135826327453886	-4.10506531997725	4.04200651896521e-05	0.000295896291792328
B9J08_03953	3800.33340222296	0.361202500362343	0.0881101709278082	4.09944160315259	4.14148148758561e-05	0.00030277735690325
B9J08_03945	116.692544903244	-1.02395905074122	0.250001004455305	-4.09581974669339	4.20677161896571e-05	0.000307144342642318
B9J08_03409	802.345546315096	0.467970603357658	0.114285918078575	4.09473547769828	4.22650657629862e-05	0.000308178124633278
B9J08_00745	1041.8152380278	-0.420062135138494	0.102632348905333	-4.09288240616959	4.26043812048543e-05	0.000310242970908076
B9J08_03527	3124.2372536812	-0.332383402072938	0.0812413782509964	-4.09130678514629	4.28949241040911e-05	0.000311947691478042
B9J08_04121	3134.90455952888	0.313912594678347	0.0767752530109002	4.08872107049624	4.33758044856134e-05	0.00031503031720366
B9J08_04452	8174.79524746397	0.268948038088741	0.0657936930906549	4.08774801132028	4.35580908012729e-05	0.00031593906543128
B9J08_00072	2958.27606530482	0.317627863342808	0.0778373152806115	4.08066313949456	4.49073975119013e-05	0.000325299064283458
B9J08_02652	1773.82455320844	-0.368939569248388	0.0904316900531033	-4.0797597505005	4.50822696348574e-05	0.000326138356376776
B9J08_01402	1601.50703905608	-0.359689896274021	0.0881774507369136	-4.07915961811135	4.51987961427407e-05	0.000326553916707095
B9J08_01460	2298.48677796705	-0.377645172960919	0.0926305298214203	-4.0768974731006	4.56406051204746e-05	0.0003293154366852
B9J08_01457	2298.00043370437	0.326940638416184	0.0802208624389855	4.07550640165267	4.59143190815129e-05	0.000330858463576952
B9J08_02195	4917.87799367601	0.293031179161908	0.0719361485383115	4.07348996458778	4.63138480406911e-05	0.000333302914219922
B9J08_04978	20791.5443390586	0.292247033784393	0.071764566178548	4.07230266058171	4.65506355444183e-05	0.000334571342853056
B9J08_03463	723.690626036576	-0.533038007944197	0.130919022183399	-4.07150923566697	4.67095099868321e-05	0.000335262471764676
B9J08_02212	7185.43134296059	0.33252003532682	0.0816758276632536	4.07121721126339	4.67681139371386e-05	0.000335262471764676
B9J08_05587	66.1951645749905	-1.3867036410692	0.341057395780646	-4.06589523706172	4.78484279285173e-05	0.000342562514457144
B9J08_03142	153.307125955168	0.889919779840853	0.218971115942877	4.06409665498077	4.82188428915329e-05	0.000344767845616433
B9J08_03597	1374.01721870474	-0.380732505982235	0.0936986065846752	-4.06337425773955	4.83683832805844e-05	0.000345390251152183
B9J08_01040	1762.35463471962	0.382885901594038	0.0943213499242699	4.05937682085186	4.92038556393021e-05	0.000350902851765707
B9J08_02551	497.674993570212	-0.547232178580974	0.13486624983668	-4.05759171952702	4.95813475546105e-05	0.000353139314348366
B9J08_04037	1148.22600055848	-0.396665768302246	0.0977809735158632	-4.05667640686656	4.9775970052689e-05	0.000354069223270543
B9J08_02236	267.180640669176	-0.688002974151799	0.16961277282505	-4.05631582275618	4.98528395305409e-05	0.000354160210906555
B9J08_02223	8172.76059314624	0.266329652313317	0.0656800580148161	4.05495458382876	5.01440444494514e-05	0.000355771673520049
B9J08_03162	1148.1632350917	-0.413327832447004	0.101955768146209	-4.05399164718444	5.03510148975688e-05	0.000356782127357516
B9J08_00790	757.001228967145	-0.49082592351229	0.121104806638698	-4.05290208650935	5.05861778720068e-05	0.000357989507168478
B9J08_03858	703.398070113803	0.471202722809216	0.116449462331458	4.04641389814235	5.20082419038048e-05	0.000367582548596329
B9J08_02355	875.947224094654	-0.430666645214813	0.106529394462137	-4.04270246150588	5.28386536192256e-05	0.000372974761881814
B9J08_04308	1377.32861597382	0.382860762496704	0.0947313229359486	4.04154350040662	5.31005280106948e-05	0.000374345176422334
B9J08_04234	3934.00242296768	0.292475546852696	0.0723866195589235	4.04046422715758	5.33455019250498e-05	0.000375527124647646
B9J08_03520	1344.64707515445	-0.424604963485301	0.105102211361303	-4.03992416511263	5.34684870696337e-05	0.000375527124647646
B9J08_01145	501.719558389786	-0.529077573209472	0.130962755809467	-4.03990867433492	5.34720186534644e-05	0.000375527124647646
B9J08_02297	16156.2722089584	0.253514660089046	0.062759920798254	4.03943562809753	5.35799701113114e-05	0.000375693114916413
B9J08_00495	951.910780284437	-0.445218979130283	0.110224279761618	-4.0392096922126	5.36316026178848e-05	0.000375693114916413
B9J08_01411	263.297806079553	-0.715074103960785	0.177090293463717	-4.03790682128659	5.39302651036739e-05	0.00037730705725064
B9J08_02491	537.396167488516	-0.509097607957965	0.126138794640495	-4.03601135882845	5.43675850185282e-05	0.000379885767885468
B9J08_02149	788.072017638488	-0.450910776365323	0.111771264188945	-4.03422811433068	5.47820796582508e-05	0.000382298679635293
B9J08_03445	2902.21892650586	-0.315350964591962	0.078222160004861	-4.0314786062206	5.54270426430152e-05	0.000386311809190346
B9J08_01053	4138.89982965067	0.298192691302205	0.0740621881676057	4.02624738317727	5.66740641097535e-05	0.000394505733418901
B9J08_02705	486.312196455792	0.538770610643738	0.134137504600091	4.01655459634496	5.90551873815644e-05	0.000410563547997367
B9J08_04221	3121.3389107432	-0.352604303739994	0.0879695784362897	-4.00825273927351	6.11696377873825e-05	0.000424342489604133
B9J08_04143	2172.79487035686	-0.331729509279825	0.082763303416767	-4.00817144295645	6.11906937243521e-05	0.000424342489604133
B9J08_04731	3435.03016460047	0.319090549888851	0.0796300360430948	4.00716319801944	6.14524024891135e-05	0.000425623344056805
B9J08_03972	1924.07299366567	-0.349681470492618	0.0872714276803673	-4.00682651569916	6.15400304313123e-05	0.000425696806250142
B9J08_04083	3086.93929531216	0.377698046496314	0.094318776351805	4.00448416641366	6.21529536560837e-05	0.000429399218571469
B9J08_00636	1823.46596096378	0.378403453419847	0.0945761646154023	4.00104460736635	6.30634669694355e-05	0.000435145795181111
B9J08_00218	2053.80358444	0.402313172375297	0.100620101557318	3.99833796774815	6.37888257901508e-05	0.000439602045065041
B9J08_03267	522.024848837566	0.519834940181149	0.130150370288429	3.99411034351366	6.49376184293165e-05	0.000446961665079493
B9J08_03768	351.012013702762	0.604645575649213	0.151519432265958	3.99054805450891	6.59207905523436e-05	0.00045316443953085
B9J08_00750	499.572103238717	-0.516545502598067	0.129605982120495	-3.98550664210725	6.73362935250914e-05	0.00046232011715923
B9J08_01940	1277.06579618418	-0.389041454886773	0.0976794151050966	-3.98283972593601	6.80966812335064e-05	0.000466960740915124
B9J08_04878	3034.37907605343	0.371007867165512	0.0932150811345554	3.98012706366649	6.88784424056936e-05	0.000471736246810742
B9J08_03100	459.125796237399	-0.541014489066284	0.13600950496717	-3.97776970952783	6.95646960960902e-05	0.000475846627875112
B9J08_01815	1397.86693088804	0.408075163132517	0.102687296689411	3.97395954795446	7.06875737298532e-05	0.000482333604944319
B9J08_01608	210.093845575895	-0.7608217863277	0.191443607506796	-3.97413001267589	7.06369724763312e-05	0.000482333604944319
B9J08_04117	4414.62509589777	0.284715664973224	0.0716740627675097	3.97236676671672	7.11620396179075e-05	0.00048497237110749
B9J08_01305	3570.88983926501	-0.303406548303965	0.0763949182830428	-3.97155406567548	7.14052903858422e-05	0.000486030837392303
B9J08_05046	1609.74559288519	-0.420362601247349	0.105967404751196	-3.96690474994956	7.28120743498583e-05	0.00049499672193317
B9J08_05315	285.727982136515	-0.683320794731845	0.172397978072918	-3.96362418150187	7.38204352098608e-05	0.000501235313765234
B9J08_04986	7537.41550348198	0.273118412114039	0.0691174361789554	3.95151248676086	7.76588193344868e-05	0.000526650668051176
B9J08_04827	447.240152994234	0.533894885601159	0.13516848427008	3.94984739589434	7.82010354124806e-05	0.000529677846476446
B9J08_03698	21179.8871302916	0.312486124874978	0.0792440777214748	3.94333726708634	8.03555240236703e-05	0.000543604628248257
B9J08_05165	1987.78159557912	-0.333526422897812	0.0847472592394295	-3.93554229235339	8.30090440137082e-05	0.000560869176361571
B9J08_03111	565.947246446772	0.484663483869431	0.123189265768946	3.93429963921099	8.34396387490702e-05	0.000562989805392751
B9J08_02102	17418.8734077446	0.277865112305224	0.0706308151194568	3.93404934992291	8.35266221136342e-05	0.000562989805392751
B9J08_01799	3176.53356579952	-0.320447640631641	0.0815342447228819	-3.93022148817073	8.48676476362941e-05	0.000571331898277463
B9J08_03781	720.346223334614	-0.467207632009427	0.118978806015363	-3.92681392305367	8.60785226159756e-05	0.00057877858211496
B9J08_00208	547.377173039762	-0.510678136350245	0.130180318520721	-3.92285210355327	8.75068722063227e-05	0.00058766765818268
B9J08_03510	232.375548583332	-0.755512683649019	0.192794329886724	-3.91874949897603	8.90095618213126e-05	0.000597033796342712
B9J08_05551	674.133308592901	-0.474629585666089	0.121250499921357	-3.91445467007504	9.06087573703307e-05	0.000607023759982809
B9J08_01642	1395.73249926333	-0.360047661022315	0.0920669649678907	-3.91071500128071	9.20233042672437e-05	0.000615753998408058
B9J08_00936	4036.50156606357	-0.308353575539931	0.0788661903298353	-3.90983226462861	9.23602329762147e-05	0.000617261194267882
B9J08_03220	1504.36888075149	-0.356833689248716	0.0912883398705381	-3.90886382373439	9.27312139850001e-05	0.000618992052771854
B9J08_01301	2147.00902241849	0.33747000068886	0.0864647609276398	3.90297731779169	9.50166100906563e-05	0.000633482272582699
B9J08_01202	1452.97703253416	-0.367444624034326	0.0942806752408485	-3.89734824337708	9.72517254858224e-05	0.000647602755132699
B9J08_00142	3271.33917803829	0.300632465242919	0.0771727662031852	3.89557715802742	9.79651686817716e-05	0.000651568576779966
B9J08_04906	2329.8635152799	-0.325974346095666	0.0837778659298154	-3.89093637654545	9.98581164459186e-05	0.000663360348072827
B9J08_03536	4208.25438207338	0.278848785845868	0.0717234485542748	3.88783293980707	0.000101143199318776	0.000671090591398409
B9J08_01883	1558.92451983128	0.890208318770485	0.229035144813726	3.8867760644092	0.0001015843861914	0.000673209715203681
B9J08_03346	3226.95448688391	0.288924687108325	0.0744596466045924	3.88028550071718	0.000104333922704965	0.000690603102742922
B9J08_00185	3082.20620958717	0.306864404522717	0.0791512190393951	3.87693845081507	0.000105779103431439	0.000699331464910961
B9J08_03154	2051.74686640608	-0.33080435363453	0.0853516300240291	-3.87578249579297	0.000106282592292061	0.000701820654239213
B9J08_02943	815.380105652219	-0.419539724902704	0.108440020884131	-3.86886429458534	0.000109343475154268	0.000721171106417231
B9J08_02724	6081.10525259763	-0.264843486769027	0.0685899284573501	-3.86125911960543	0.000112804190972916	0.000743109372475934
B9J08_01393	829.144235856843	-0.427353882351813	0.11071505617191	-3.85994368903405	0.000113413157102075	0.000746231570599009
B9J08_03714	121.026083669711	-1.0658283175816	0.276405044539079	-3.85603786413858	0.000115239645723228	0.00075721287545309
B9J08_01941	9799.93849214366	0.299041049064203	0.0775563471678832	3.85579078933256	0.00011535611382875	0.00075721287545309
B9J08_03423	254.730422377011	-0.696862303298008	0.180801489191267	-3.85429515218654	0.000116063512674263	0.000760952591400535
B9J08_03638	1791.55605753946	0.329004315591543	0.0854357395057928	3.85089796722875	0.000117685525060257	0.000769012712726412
B9J08_00295	2182.05585267255	0.339433423655608	0.0881343829675394	3.85131673050487	0.000117484434388831	0.000769012712726412
B9J08_00106	887.905817602043	-0.409478693474272	0.106334723790369	-3.85084644863074	0.000117710286767965	0.000769012712726412
B9J08_03983	1433.81158002729	-0.374335671034162	0.0972447723100899	-3.84941691097283	0.000118399337212401	0.000772601105989303
B9J08_03599	1176.17576632111	-0.37061691618662	0.0964120340230404	-3.84409394472531	0.000120998650442395	0.000788631534192353
B9J08_02930	794.174659731382	-0.416714812617734	0.108778832718199	-3.83084468002403	0.000127704103037395	0.000831355214944264
B9J08_02595	1428.38899731362	-0.348856106329941	0.0912312095907255	-3.82386803699033	0.00013137424784838	0.000854241726891761
B9J08_05216	514.644422874863	-0.497997133012153	0.130245790989534	-3.82351805174394	0.000131560954886531	0.000854450526037433
B9J08_04985	5101.51425137199	0.29038242570339	0.0759816691235753	3.82174317901751	0.000132511653691318	0.000859614917783938
B9J08_00081	1957.73595735916	-0.31886108411487	0.0834754096491562	-3.81982053703037	0.000133548806518413	0.000865327378226575
B9J08_02228	3752.36634032876	-0.289915744858785	0.0759400671263885	-3.81769144839275	0.00013470624787794	0.000871804955528541
B9J08_01044	651.046688386453	-0.472281351325865	0.123723117052145	-3.81724420285027	0.000134950583186042	0.00087236476405761
B9J08_00675	2372.77467647917	-0.315307342105135	0.0826299307240346	-3.81589745195589	0.000135688852540493	0.000876112485971154
B9J08_03054	802.240594776802	0.420903221275492	0.110376000007637	3.8133581688625	0.00013709121277041	0.000884134344203099
B9J08_00880	336.881234561584	-0.599735979919573	0.157493121475197	-3.80801379959964	0.000140087457402305	0.000902404868371261
B9J08_01258	510.287855893788	-0.495205470418462	0.130152946663545	-3.80479645765227	0.000141920844774582	0.000913150767251586
B9J08_01348	4539.24811943164	0.268324031951779	0.070618674846758	3.79961862119389	0.00014491893402458	0.000931356916690529
B9J08_01298	586.107540659493	-0.463155381078425	0.122043967982326	-3.79498789440785	0.000147650660258755	0.000947810916666828
B9J08_03788	342.758454088605	-0.595566845367745	0.15697574689492	-3.79400548905442	0.000148236394339851	0.000950466997118745
B9J08_03148	797.603703047542	-0.419199777028384	0.110556493449022	-3.79172461020281	0.000149604757176528	0.000958129192253387
B9J08_01797	3698.78091589322	-0.281900140029654	0.0745232842611173	-3.78271224657682	0.000155128715776427	0.000992356958444806
B9J08_05134	1943.41367077007	-0.351528916216696	0.0929433749725607	-3.78218368248922	0.000155458576936938	0.000993317404312665
B9J08_04870	2190.29020366597	-0.331003762393991	0.0875614891185402	-3.7802436405105	0.000156674966681863	0.000999933649943019
B9J08_04710	963.282148692031	0.40083488099576	0.106141236572321	3.77642934961142	0.00015909265879974	0.0010141927626138
B9J08_04274	1108.68379649654	-0.3909800916109	0.103567719352107	-3.77511539364553	0.000159933610364411	0.0010183791065485
B9J08_01945	3419.14413678438	0.301761464426561	0.0799582685486944	3.77398697975543	0.000160659149190532	0.00102182176936257
B9J08_04810	1400.98879994892	-0.346927162890319	0.0919425676930553	-3.77330296069731	0.000161100461047325	0.00102345086000984
B9J08_00246	1434.5077052824	-0.347181342828496	0.0921755866745791	-3.76652165018706	0.000165537735032136	0.00105043290645536
B9J08_00445	1925.36689706374	0.334550831844404	0.0889477729637214	3.76120526346236	0.000169096591430706	0.00107178539086871
B9J08_00814	563.055628781096	0.495317423645789	0.131846087171661	3.75678515966041	0.000172110130911093	0.00108963653327103
B9J08_04385	561.630430061556	-0.468512695636242	0.124753274127929	-3.75551422526837	0.000172985934807367	0.00109392821702554
B9J08_05018	976.0619264259	-0.380954716346096	0.101463441375143	-3.75460078214364	0.000173617977577913	0.00109541844985516
B9J08_04825	1447.45897965452	-0.343167299289065	0.0913952116757108	-3.75476234473523	0.000173506028987606	0.00109541844985516
B9J08_03415	2952.69632568884	0.306654979451547	0.0817065265875326	3.75312710329237	0.000174642247159374	0.00110062451545024
B9J08_01975	598.755468925097	-0.470232449693365	0.125408311752873	-3.7496115139481	0.000177108727054166	0.00111489741962229
B9J08_02327	304.026838196635	-0.599610818299038	0.159952982344672	-3.74866919959628	0.000177775384692121	0.00111782087735308
B9J08_00352	1149.38162925773	0.367508964129982	0.0980975223378693	3.74636336750892	0.000179416652951614	0.00112685891007224
B9J08_01020	3075.0256509343	0.288902823889362	0.0771544795878912	3.74447245879295	0.00018077320430657	0.00113409023859525
B9J08_05124	2521.2470224367	0.356785018017045	0.0953581628611552	3.7415257101433	0.000182906461413947	0.00114617234947266
B9J08_02099	12416.04381588	0.242604426426673	0.0649169529571062	3.73715054967187	0.000186117494292795	0.00116380280269338
B9J08_00721	1336.06991260436	0.351013667899197	0.0939262829576095	3.73711869400405	0.000186141067049204	0.00116380280269338
B9J08_02343	1027.45130430069	0.377917694766874	0.101216709775519	3.73374806990892	0.000188651202462892	0.0011780309454494
B9J08_00851	1127.26508147936	0.392176286943916	0.105042749158846	3.73349222182739	0.000188843028345968	0.0011780309454494
B9J08_02480	3409.35392248599	0.276800421343793	0.0741791638130723	3.73151174959745	0.000190334130905696	0.00118599407160742
B9J08_02655	5087.84110111714	0.263018392135373	0.0704991818320134	3.73080063201439	0.000190872227846685	0.00118800766138359
B9J08_04775	274.650534653645	-0.625910622797742	0.168006045272315	-3.72552441064383	0.000194909588552402	0.00121177198642196
B9J08_00214	4483.96480235022	0.263886703681102	0.0708798703744754	3.72301335043258	0.00019685910822263	0.00122251718106346
B9J08_05574	283.523115821612	0.621486306426803	0.167100846075901	3.71922896275767	0.000199831849031064	0.00123958544286722
B9J08_02651	9654.22869712422	0.245386502849889	0.0660098454246726	3.71742277642374	0.0002012654789863	0.00124707881430189
B9J08_03136	2765.68858342495	0.308943664294641	0.083137827917343	3.71604204769215	0.000202367919596899	0.00125250558971115
B9J08_04078	599.564660186022	0.449554807236908	0.12098715610566	3.71572340161714	0.000202623146450839	0.00125268247252101
B9J08_04922	501.367224086973	-0.495140978203722	0.133329422479888	-3.71366626356168	0.000204278149840334	0.00126009523902626
B9J08_00521	2203.88160650947	-0.3388010229897	0.0912253737430239	-3.71389021594015	0.00020409736221906	0.00126009523902626
B9J08_04666	3349.55374239198	0.28670552572017	0.0772668568788111	3.71058869613206	0.0002067778311456	0.00127409261175221
B9J08_04000	212.387528758491	-0.705730299338794	0.190282981580818	-3.70884612736139	0.00020820590164647	0.0012814632721604
B9J08_03875	6895.10000682156	0.251016815121443	0.0677806293408274	3.70337097136164	0.000212753413835836	0.00130799568216982
B9J08_00219	725.366853118702	-0.436310679095264	0.117952621984199	-3.69903332164769	0.000216422189052875	0.0013290727098836
B9J08_05175	825.377932761906	0.413925824023815	0.112131836983717	3.69142105541287	0.000223004615360762	0.00136797614772356
B9J08_04021	20377.2421633584	0.311379172555556	0.0844141951297934	3.68870629017769	0.000225397233748799	0.00138112030036542
B9J08_00195	572.678001533456	0.476211019016686	0.129259957717359	3.68413410793443	0.000229481403875171	0.00140458883634338
B9J08_03785	2101.53058020789	0.318361388306702	0.0865067069363344	3.68019312700232	0.000233057376708216	0.0014248983640114
B9J08_05336	1565.36433455534	-0.325240060455767	0.0883944192043425	-3.67941849025452	0.000233766389134056	0.00142607818183657
B9J08_05157	1087.65566867624	0.397397981134882	0.108001760561617	3.67955095424726	0.000233645003700957	0.00142607818183657
B9J08_02718	1219.70189549675	0.400105934479916	0.108808726918734	3.67714930419822	0.000235855005042825	0.00143723331077364
B9J08_05109	1952.98768489057	-0.311108586131186	0.084834899137491	-3.66722409402498	0.000245197894768983	0.00149171202448265
B9J08_01023	897.155240656378	0.393940819159152	0.107426261329814	3.66708116137169	0.000245334943053144	0.00149171202448265
B9J08_02609	3341.80963936233	0.27597488431097	0.0752867248063246	3.66565134850688	0.000246709852401464	0.001498423466179
B9J08_02448	5787.35115867598	0.258986513424023	0.0706604566413358	3.66522558350575	0.000247120662885906	0.00149927102499496
B9J08_03351	451.204596541788	-0.507259975980587	0.138483529293112	-3.66296250947598	0.000249315039637952	0.0015109256842971
B9J08_03795	1515.68100793689	-0.333640163127226	0.0911448130682331	-3.66055019365123	0.000251674243829367	0.00152355262392652
B9J08_04960	574.756124397212	-0.467593155385001	0.127763270182767	-3.65984022415912	0.000252372559816056	0.00152610846619622
B9J08_02528	866.152687234367	-0.451512053203626	0.123515929902866	-3.65549653035605	0.000256684680286215	0.00155048768081083
B9J08_03551	1737.5237629455	-0.321907663736472	0.0880716793058925	-3.65506444606802	0.000257117381295234	0.00155140585853576
B9J08_04066	1723.52296201619	-0.313128755578702	0.0858522433338202	-3.64729846791726	0.000265012023403736	0.00159729711379765
B9J08_02474	866.718174773116	0.413380666808002	0.113396549925152	3.64544306754354	0.000266931507230811	0.00160711376956938
B9J08_04611	669.3243531332	-0.423250707702414	0.116123179046557	-3.64484258162378	0.000267555519605161	0.00160911790735334
B9J08_01297	606.872557653043	-0.442238431399798	0.12137330051303	-3.64362202832509	0.000268828109895182	0.00161501409064203
B9J08_03484	495.776001344194	-0.482883031882906	0.132582271865878	-3.64213876476183	0.000270382247862114	0.00162258706181749
B9J08_01778	1344.51914385194	-0.357524654790087	0.0982112331975478	-3.6403641737289	0.000272252698521453	0.00163027157608675
B9J08_01451	564.31437296443	-0.468987230145102	0.128828952180623	-3.64038690222026	0.000272228665803221	0.00163027157608675
B9J08_02423	7191.69741798817	0.285784105371414	0.0785223577958205	3.63952526889895	0.000273141134656706	0.00163382148403421
B9J08_03370	1779.44744666517	0.320904954953362	0.0882274584748806	3.63724582460604	0.00027556890568583	0.00164656145051414
B9J08_01725	3324.66901535718	-0.377374662583357	0.103820301708498	-3.63488312375485	0.000278106685809543	0.0016568919051401
B9J08_00649	560.438610794583	0.548867879448801	0.151003628830691	3.63479926740174	0.000278197157222728	0.0016568919051401
B9J08_00489	4414.55048586326	-0.298067825324739	0.081993950842271	-3.63524165213264	0.000277720185556188	0.0016568919051401
B9J08_00161	1054.75816118953	-0.380946428322216	0.104829628664133	-3.63395762416313	0.000279106722856869	0.00166051976020443
B9J08_04527	183.43848948353	-0.734431840581301	0.20220424517472	-3.63212869218791	0.000281092869712584	0.00167053794720586
B9J08_00177	1273.65081023793	0.342806088882397	0.0948248758016165	3.61514935806068	0.000300174511546775	0.00178202419475728
B9J08_04443	1311.48692706025	0.333133369261857	0.0922744559963609	3.610244738533	0.000305908225877624	0.00181362906326017
B9J08_02950	1273.84014267253	0.349704677570222	0.0968701355308944	3.6100360101044	0.000306154499008818	0.00181362906326017
B9J08_05206	192.470058053938	0.712179875391734	0.197373676433313	3.60828195664866	0.000308231407642452	0.00182397750539597
B9J08_00430	806.991729096611	0.405452389575516	0.112396708154591	3.60733331280356	0.00030936015057741	0.00182869898635438
B9J08_02363	1153.05370706645	-0.346831071895087	0.0961536519368449	-3.6070504334343	0.000309697482679549	0.00182873716535242
B9J08_04686	2139.33372627724	0.307516175546095	0.0853100410716432	3.60468910439093	0.000312526821166458	0.00184347464310247
B9J08_02385	400.946063694647	-0.512139378770419	0.142102568031996	-3.60401212914819	0.000313342423723766	0.00184631511292245
B9J08_05429	180.134260097776	0.774545559909918	0.215170094655934	3.59968963692864	0.000318597216102574	0.0018752788215111
B9J08_02985	372.206344820504	-0.535020637079291	0.148706859101511	-3.59782084237333	0.000320894527836776	0.00188679154824879
B9J08_04921	549.658739572379	0.47819777142621	0.132963788414047	3.5964511626061	0.000322588113736836	0.00189473379874973
B9J08_01321	2113.10754215472	-0.306623227361453	0.0852818876455001	-3.59540854250348	0.000323882899941872	0.00190031930783304
B9J08_02690	682.849319175628	-0.419958583816316	0.116896971752568	-3.59255314761472	0.000327453840296247	0.00191923369598871
B9J08_02499	1184.13442393108	-0.347125605348496	0.0966462334366557	-3.59171374822394	0.000328510575615598	0.00192338766041039
B9J08_01650	623.015894080691	-0.452373372124789	0.126328117717782	-3.58093970128959	0.000342360666418962	0.00200235704052656
B9J08_01686	1012.95837702777	-0.380886468932104	0.10642765170934	-3.57882996396768	0.000345135919262786	0.00201645478410721
B9J08_02717	471.259391529791	-0.515953137214339	0.144372594547898	-3.57376092623427	0.000351890243969398	0.00205321820464244
B9J08_01942	4634.07610272391	0.25355258334539	0.0709525385111138	3.57355196397483	0.000352171314999282	0.00205321820464244
B9J08_00564	529.811691801205	0.451194736132004	0.126296814878511	3.57249497199136	0.000353596274289914	0.00205935364383599
B9J08_03624	1572.16798172019	-0.32011070036565	0.0896933870373653	-3.56894427715497	0.000358422641686873	0.0020852652006351
B9J08_01822	1742.02785973342	0.347655859141771	0.0974193949385943	3.568651389807	0.000358823493989697	0.00208540215697272
B9J08_01858	3581.45016837813	0.266635032301893	0.0747453255935632	3.56724691724207	0.000360751518951402	0.00209440508954243
B9J08_03869	1916.99561063952	0.349167206578527	0.098000462906682	3.56291384981529	0.000366761068048968	0.00212706025509616
B9J08_05160	563.139597981826	-0.449250633045051	0.126273966166102	-3.55774548535289	0.000374051476238837	0.0021670676196772
B9J08_01639	203.131453266311	-0.690338208532257	0.194259822230631	-3.55368495968595	0.000379873971990247	0.00219849575203151
B9J08_00860	16728.1723346265	-0.301335092531158	0.0848171048522878	-3.55276324340408	0.000381207390238824	0.00220390506888073
B9J08_03087	823.851962475969	0.388907489202684	0.109502595089015	3.55158239753623	0.00038292207585037	0.0022115050294932
B9J08_02055	1437.04420167124	-0.323949748387842	0.0912292907249204	-3.55094011817579	0.000383857742449072	0.00221459472078917
B9J08_01996	2474.99392824452	0.285689076165101	0.0804687259114361	3.55031191222699	0.000384774973701315	0.00221757172017432
B9J08_02176	5500.3344980382	0.245807244106374	0.069255820304262	3.54926478419383	0.000386308418961513	0.00222409024125029
B9J08_02805	576.978529811805	-0.448024284335671	0.126241020839322	-3.54895961199421	0.000386756395777136	0.00222435234074946
B9J08_04781	8580.479220979	0.238699300544073	0.0672825453342148	3.54771507763825	0.000388588338803682	0.00223256522720161
B9J08_01024	1568.88091284161	0.338497913304334	0.0954444636067178	3.54654319918572	0.00039032074274102	0.00223892441864701
B9J08_00795	850.95959089905	0.388649703283735	0.109589348318718	3.54641860040472	0.000390505362687845	0.00223892441864701
B9J08_05054	6120.1985017893	0.247989511678223	0.0699681122965364	3.54432188519253	0.000393624364135589	0.00225446824930301
B9J08_04184	833.91217792673	-0.380531603485843	0.107454113300659	-3.54134050151348	0.000398099466771634	0.00227773887458263
B9J08_03867	591.351318539372	-0.441919579388956	0.124824530302564	-3.54032639512267	0.000399632458935022	0.00228414539869066
B9J08_04821	2073.90975263846	-0.290075590039843	0.0819930021268244	-3.53780911194303	0.00040346162447151	0.00230364917195665
B9J08_04678	2907.18812382106	-0.289708221718801	0.0819153009724866	-3.53668018403676	0.000405190001984442	0.00231113017643758
B9J08_01264	1217.06651529016	0.341668686300769	0.0967289872328228	3.53222644085362	0.000412076331543675	0.00234798544787824
B9J08_03860	5076.29949907944	-0.254340169136594	0.0720682470060543	-3.52915714899	0.000416885494383657	0.00237294142889647
B9J08_05452	2037.69354153841	0.318091439167558	0.0902178631115719	3.52581438084137	0.000422182759089113	0.00240062151181638
B9J08_03835	584.741070768252	-0.432237809845141	0.122617403643637	-3.52509347776889	0.00042333337903951	0.00240469022194385
B9J08_03314	3421.05429244749	0.259915718223867	0.0737527100089116	3.52415142701144	0.0004248413824174	0.00241077856326588
B9J08_01891	659.67198532696	-0.448858931071141	0.127391751375379	-3.52345364770527	0.00042596159625144	0.00241465614613509
B9J08_05263	371.838119107231	-0.517901338378918	0.147057493259932	-3.52176095823624	0.000428690507852222	0.00242763569354429
B9J08_01803	616.361682461276	-0.457822041700401	0.130122476354462	-3.51839324401776	0.000434168464468083	0.00245614033072169
B9J08_00308	250.334938809043	-0.6135582838463	0.174425986264372	-3.51758529211553	0.0004354923715053	0.00246111077434539
B9J08_02205	892.692355323241	0.367409933085358	0.104462106822261	3.51715989904832	0.000436190932592379	0.00246254063783256
B9J08_04071	16857.8613620603	0.224654140996946	0.0638901311864343	3.5162573127514	0.00043767658443811	0.00246840661447901
B9J08_01905	2011.7566349575	0.291374397145761	0.0829910167051138	3.51091490035701	0.000446567331362518	0.00251598128485284
B9J08_00748	1421.36126090058	0.334932056212181	0.0954988136299187	3.50718551866125	0.000452873297876141	0.002548911117476
B9J08_05089	945.221518895429	0.388494061567325	0.11078773547352	3.50665224726233	0.000453781761202857	0.00255142603679368
B9J08_05135	3117.25485126086	-0.310079204909292	0.0884983036010024	-3.50378699129979	0.000458692101197798	0.0025714080117318
B9J08_02044	343.53126924864	-0.549308709624079	0.156776734866678	-3.50376419110404	0.000458731373180307	0.0025714080117318
B9J08_01843	1430.61130211513	0.35355134464914	0.100902708264383	3.50388359966288	0.00045852573383807	0.0025714080117318
B9J08_04783	203.900936563403	-0.677021614719972	0.193437255422231	-3.49995461444168	0.000465337378745638	0.00260579502768707
B9J08_03034	753.795376620833	-0.391879482976498	0.112090736178034	-3.49609161593938	0.000472126569493554	0.00264113719594218
B9J08_03160	1581.88722629353	0.322240813718687	0.0924161932907048	3.48684361738473	0.000488757061859699	0.00273140574408348
B9J08_01475	3819.34074315566	0.259330539937473	0.0744675762840464	3.48246247398052	0.000496824848342835	0.00277368781494025
B9J08_01646	2047.15168765002	-0.287672634008855	0.0827252043496317	-3.47744845443994	0.000506210371803418	0.00282323382942229
B9J08_01989	402.860075010141	-0.523020960906428	0.150468132394265	-3.47595834801738	0.000509031337364838	0.00283610504195107
B9J08_00650	2666.42061730351	-0.28994529706721	0.0834233511282408	-3.47558918631185	0.000509732470032086	0.00283715142182008
B9J08_03929	5191.44764024245	0.244182781057782	0.0702967159085642	3.47360154598678	0.000513523006050281	0.00285537389782687
B9J08_01600	3529.71044278872	0.257430904828539	0.0742778345367125	3.46578365449388	0.000528688512794192	0.00293674513589296
B9J08_04114	2006.58368416056	-0.385634575064627	0.111491893811151	-3.45885751764008	0.000542471791552078	0.00301028272279954
B9J08_04818	635.657014953264	-0.451210070661137	0.130480995304051	-3.45805202979724	0.000544096295233898	0.00301446464350646
B9J08_01041	7764.53302736199	0.259742582055752	0.0751147633604812	3.45794315838057	0.000544316213898941	0.00301446464350646
B9J08_04773	781.628768027826	-0.383981355843879	0.111153345655257	-3.45451910223918	0.0005512751619081	0.0030499477676337
B9J08_03130	1256.78812158482	0.326212384951174	0.0944418838722852	3.45410713526548	0.000552117993889367	0.00305155615222653
B9J08_04172	1453.50858284354	-0.319052338477208	0.0924441881647509	-3.45129688313779	0.000557899511105549	0.00308043016771265
B9J08_03250	2159.00553330426	-0.324772410072713	0.0941090483463275	-3.4510221469622	0.000558467739952517	0.003080490218281
B9J08_01587	1182.48679222088	0.368941956988051	0.107049796111196	3.44645174853784	0.00056799998745254	0.00312994609237307
B9J08_05110	3343.41438309651	0.259759183959703	0.0754872512399607	3.44110004925168	0.000579354267832966	0.00318933370349881
B9J08_03112	596.154899297261	0.490357594728995	0.142743338877342	3.43523977080539	0.000592029759821632	0.00325586913684991
B9J08_02193	915.053038811537	0.37051662728743	0.10788197504983	3.43446277393691	0.000593729615933525	0.00326197175672425
B9J08_02707	866.955510168614	-0.367707936759859	0.10715364117183	-3.43159534980436	0.000600042151718751	0.00329337931732824
B9J08_02787	133.247953744514	-0.804188992241212	0.234458134237856	-3.42998972867953	0.00060360409775528	0.00330964270664031
B9J08_02295	2611.05433964961	-0.270203747413505	0.0788581994990759	-3.4264508843709	0.000611524345684259	0.00334974733260347
B9J08_01221	5323.52189963536	0.245973727542908	0.0718592142613497	3.42299495021347	0.000619352279028101	0.00338926737246368
B9J08_04845	59.5294173070468	1.21165490694201	0.354122773954647	3.42156730958282	0.000622613116132946	0.00340374153597111
B9J08_03976	1681.12238965024	0.298411847264967	0.0872412192193183	3.42053733241371	0.000624975571632504	0.00341232024506228
B9J08_03700	1298.09863321544	-0.337419068044878	0.0986505879750405	-3.42034523028132	0.000625417117468444	0.00341232024506228
B9J08_04702	6172.22597889879	-0.258323543182184	0.0756217748959383	-3.41599418339041	0.000635496044002171	0.00346389214516765
B9J08_03467	1326.45695568587	0.323325574541181	0.094743644274858	3.41263603501667	0.000643378068954324	0.00349995136526629
B9J08_02109	5584.7724270689	-0.267719455423722	0.0784488667890291	-3.41266185710107	0.000643317115677168	0.00349995136526629
B9J08_03919	2780.45332611135	-0.264619169285235	0.0777012536568253	-3.40559716647494	0.000660195153290061	0.00358790424015159
B9J08_03715	280.763548008072	-0.591433217164825	0.174090082971737	-3.39728264280764	0.000680586313515019	0.00369508895363213
B9J08_01430	3400.17716694484	0.262927591221241	0.0774307231015632	3.39564943590114	0.000684659883773566	0.00371355758352944
B9J08_02961	264.349055765859	-0.582467693889281	0.171586725925616	-3.39459646862067	0.000687298215095159	0.00372421297532445
B9J08_00271	1559.55984456298	-0.319200513841045	0.0940515316115904	-3.39388958767056	0.000689074685120852	0.0037301819634309
B9J08_03537	171.776524198575	0.700789243066869	0.206508998746079	3.39350462847652	0.0006900439241909	0.00373177374657838
B9J08_05155	2198.02019981039	-0.274008919307179	0.0808293468378488	-3.38996824825105	0.00069900719346588	0.00377655206088555
B9J08_04171	137.538426550214	-0.783695630310248	0.231402537791003	-3.38672011893864	0.00070733507923629	0.00381781345990134
B9J08_05389	1826.89483756266	-0.28742926041888	0.0848788618837901	-3.38634677750989	0.0007082981750951	0.00381796376452815
B9J08_04815	939.067660474867	-0.401579039474541	0.118598345308316	-3.38604251543788	0.000709083970362	0.00381796376452815
B9J08_03689	1342.01685418528	0.393876235230577	0.116328145758838	3.38590658916828	0.000709435278843931	0.00381796376452815
B9J08_04404	2405.2090825564	0.298805914088367	0.0883545817006669	3.38189495481604	0.000719876666012464	0.00387038748351254
B9J08_03504	947.910213226545	-0.349199013986745	0.10340828949576	-3.37689575651537	0.000733088274210448	0.00393758881590005
B9J08_03672	4151.03658538233	0.245447603916471	0.0727191702666225	3.37528058992622	0.000737404655912944	0.0039533285315691
B9J08_02868	4825.6235979883	-0.261682045264385	0.0775293570256937	-3.37526396843021	0.000737449197765106	0.0039533285315691
B9J08_04635	4605.46367832885	0.238630905625153	0.0707248527696826	3.37407426498661	0.000740643832586387	0.00396660703750481
B9J08_00818	405.768355494419	0.482449175258113	0.143074503352489	3.37201362893789	0.000746207556902037	0.00399253549564139
B9J08_03695	1120.40289388907	0.330344759443495	0.0980161699727562	3.37030879226678	0.000750839935812386	0.00401343551763545
B9J08_03671	4723.78556189992	0.236655194945063	0.0703278881288117	3.36502632514157	0.000765363563283278	0.00408711537610307
B9J08_02933	9936.04295930374	0.222704968337325	0.0662876999642834	3.35967258567307	0.000780348936199281	0.00416311638066933
B9J08_01448	1265.46818743463	0.333246143274475	0.0993459084899588	3.35440229335823	0.000795366365130318	0.00423914165870325
B9J08_01714	1837.32788989112	-0.284722908551495	0.0849169530919706	-3.35295719151771	0.000799530717239546	0.00425723147801828
B9J08_05093	3044.56668017299	0.260095288437698	0.0775804502062389	3.35258802631673	0.000800597781146879	0.00425881033339634
B9J08_02452	2458.99596880792	0.274605253232449	0.0819388654714147	3.35134312212619	0.000804205900037065	0.00427389039375467
B9J08_05397	1303.57976657716	-0.314934563867202	0.094053098455736	-3.34847622287977	0.000812572529106472	0.00430748159548655
B9J08_01558	574.050093362193	-0.413902612136381	0.123605176205523	-3.34858640101098	0.000812249503567325	0.00430748159548655
B9J08_00718	890.540242929739	0.363681878809095	0.108614389171432	3.34837659709226	0.000812864719394332	0.00430748159548655
B9J08_04716	491.076569827322	-0.449692414191766	0.134377603439099	-3.34648336242705	0.000818435908666683	0.00433284987279766
B9J08_00884	1501.89138818538	-0.326664053920228	0.0977521471890301	-3.34175834816738	0.000832495036188327	0.00440306226317022
B9J08_04618	542.551507927481	-0.419603579589614	0.125889791249551	-3.33310251311668	0.000858832918700058	0.00453802059431665
B9J08_04075	1582.47485831591	0.292836379776501	0.0878920862620814	3.33177186058942	0.000862949674037421	0.00455541819331884
B9J08_00418	1631.32350350321	0.309069285728876	0.0928234223115481	3.3296476043679	0.00086955960950406	0.00458593126119174
B9J08_02389	5355.65682155722	-0.234988627661969	0.0705803451697786	-3.3293777056022	0.000870402792190086	0.00458600212815501
B9J08_04332	846.806448169864	-0.370363292803295	0.111354093895285	-3.32599619688502	0.000881031307140449	0.00463758098530025
B9J08_01260	367.021565600408	-0.49059111744292	0.147557137043258	-3.32475356511625	0.000884967197207028	0.00465386650710109
B9J08_00506	495.317705735847	-0.432995126656813	0.130248362599599	-3.3243805758073	0.000886151773745872	0.00465566621054509
B9J08_01388	176.029276341982	0.693839715301198	0.208980980047566	3.32010939533001	0.000899821804920815	0.00472299631129852
B9J08_02691	5406.03974552051	0.245616545395136	0.0739963644457491	3.31930557987361	0.000902416190523189	0.00473211981501107
B9J08_03247	2986.18971895878	0.252148850296485	0.0760177745995934	3.31697226898081	0.000909986481305399	0.00476729410632696
B9J08_04604	914.034159949455	-0.361375368075218	0.108974539646401	-3.3161449385132	0.000912684810217027	0.00477690241105067
B9J08_00724	1234.08265245444	0.345659391545443	0.104278074029071	3.31478496092167	0.000917136478864184	0.00479566066100506
B9J08_02771	922.823532227349	-0.346559430638541	0.104676640095485	-3.31076188844438	0.000930423433239166	0.00486053905057927
B9J08_02302	985.837160010867	0.358266308100477	0.108273548190382	3.30889967206506	0.000936633942181818	0.00488836241590076
B9J08_01745	2541.2859814619	0.267343227052757	0.0808479770550227	3.30673984422407	0.000943885081455938	0.0049215592879311
B9J08_03107	1033.13099529301	-0.333405431744883	0.100864759140128	-3.30546996381259	0.000948172661610367	0.00493925570284684
B9J08_02575	262.099806131607	0.56926255911848	0.172398095667198	3.30202347604465	0.000959900358653839	0.00499350688007882
B9J08_00054	1129.35765893172	0.318671554047402	0.0965121767002548	3.30187925443983	0.000960394031757516	0.00499350688007882
B9J08_00728	1867.65369306282	0.889500419771028	0.269599475944948	3.29934031456599	0.000969123467473512	0.00503415921496814
B9J08_05266	191.058945445259	-0.657871564820204	0.199704192103247	-3.29423012051788	0.000986916654928391	0.00512177310027157
B9J08_03816	1057.96818310968	-0.327158043468753	0.0993496672686028	-3.29299586463884	0.000991259325684267	0.00513466756612647
B9J08_02583	3326.23790751126	-0.249453699422257	0.0757516233593122	-3.29304757257841	0.000991077039253092	0.00513466756612647
B9J08_04364	276.569996433366	-0.551154430851787	0.167413079538685	-3.2921826202022	0.000994130349462506	0.00514471764183452
B9J08_05267	216.787959806521	-0.634683012552597	0.192839749650449	-3.29124578155206	0.000997447243738123	0.00515223450106599
B9J08_04891	927.83413786527	-0.341582954612639	0.103784093920007	-3.29128425860631	0.000997310813517327	0.00515223450106599
B9J08_01142	936.95763517965	-0.345914739127687	0.105116573867306	-3.2907725813472	0.000999126509393426	0.00515608983885851
B9J08_03949	1654.6814914482	-0.295263615134269	0.089807780853001	-3.28772866147937	0.00100999131809729	0.00520314178202673
B9J08_02581	367.21257683738	-0.487241899562529	0.148201858770105	-3.28769088057359	0.00101012685581955	0.00520314178202673
B9J08_02772	795.951426520248	-0.381161840797703	0.116000999302887	-3.28584963136794	0.00101675271605747	0.00522863005386968
B9J08_02708	716.139773049139	-0.375565507167373	0.114299903619901	-3.28579023492705	0.00101696712645376	0.00522863005386968
B9J08_00735	5289.08448531704	0.238293479384944	0.0726083168085056	3.28190336670949	0.00103108933916413	0.00529631113156146
B9J08_01486	898.727200553134	-0.347294661191824	0.105930159295378	-3.27852486489159	0.00104351170578307	0.00535514317350328
B9J08_02596	5245.00492071894	0.229103763691733	0.0699013674301247	3.27752906866594	0.0010471994734124	0.00535914026810215
B9J08_01131	162.039081914621	-0.714595386733324	0.218004363942223	-3.27789487242885	0.00104584338031449	0.00535914026810215
B9J08_00143	53.7219792615349	-1.20745380644217	0.368399400212762	-3.27756724290222	0.00104705787941129	0.00535914026810215
B9J08_02902	922.570989093056	0.368186998973478	0.112350500639935	3.27712824487946	0.00104868725931864	0.00536178953029984
B9J08_04688	4673.71477775721	0.230506469869086	0.0703505317054839	3.27654197176619	0.00105086692251513	0.00536796809680323
B9J08_01129	43.5753966048383	-1.34857678227408	0.41176285325049	-3.27512977828938	0.00105613443663791	0.00538989384238017
B9J08_00601	6896.31162919758	0.218207981063582	0.0666670446621796	3.27310115769046	0.00106374399851562	0.0054237205533172
B9J08_04924	13531.6474357749	0.2220479749237	0.0678694609652892	3.27169203594034	0.00106905957582202	0.00544579933232102
B9J08_03216	790.082814161848	-0.393774219608377	0.120386118576059	-3.2709271157338	0.00107195533477499	0.00545552222403442
B9J08_03373	822.186374564897	-0.353693588843242	0.108429132527394	-3.26197932787007	0.00110637211333448	0.00562550015676143
B9J08_05568	278.116180545938	-0.56262826565603	0.172495890516338	-3.26169083780427	0.00110749857931183	0.00562605206604456
B9J08_01215	2271.98593890097	0.269064770917214	0.0825605533842057	3.25899912110675	0.00111806014262702	0.00567448889651013
B9J08_03319	386.929098454309	-0.526143235285392	0.161590459711216	-3.25602907638039	0.00112982180651242	0.00572892213265517
B9J08_01154	261.001756538557	-0.553489284573471	0.170108626339298	-3.25374025106454	0.00113896370117013	0.00576998384634952
B9J08_03596	2281.94658266731	-0.261042689290898	0.080293392526056	-3.25111047221211	0.00114955180484427	0.00581829013312662
B9J08_03633	128.083157268604	-0.776672396592269	0.238944129389118	-3.25043514807374	0.00115228546021763	0.00582679024576655
B9J08_03021	75.3767239752609	0.997142665748609	0.307026459788136	3.2477417954032	0.00116324779876393	0.00587684696870954
B9J08_00900	2277.8458154428	0.266202121782761	0.0819796849524223	3.24717180771375	0.00116558005397386	0.00588325201672469
B9J08_01419	879.540418902797	-0.349884864795905	0.107827217144331	-3.2448659444449	0.0011750592726393	0.00592568667872027
B9J08_00093	1542.58292826139	-0.28927717421184	0.0892456969506057	-3.24135710847711	0.00118962056750287	0.00599364893034492
B9J08_03176	208.494079483633	0.635747012156275	0.196511387321821	3.23516627112876	0.00121571912492019	0.00611956248035872
B9J08_02221	2560.93570512625	-0.263294027303373	0.081478192143006	-3.2314662411907	0.00123156870844809	0.00618835565532039
B9J08_00370	1441.14633007304	0.289770351325772	0.0896718394861436	3.23145318515015	0.00123162497211008	0.00618835565532039
B9J08_03010	338.306764305926	-0.492461050397176	0.152491955276498	-3.22942314894085	0.00124040214008041	0.00622679621092137
B9J08_03052	2033.12077390387	-0.269121307447171	0.0834413090387481	-3.22527667108144	0.00125850982113941	0.00631196350402678
B9J08_03923	1100.66088889995	0.316375859064314	0.0981450618474642	3.22355351465387	0.00126610638851904	0.00634430644546215
B9J08_01785	618.943442057533	-0.402224971501182	0.124912448546959	-3.22005513605772	0.00128165943846024	0.00641642365613199
B9J08_04643	2896.46915826324	0.272537385554552	0.0847476149818751	3.2158708609421	0.0013004933923722	0.00648721536883925
B9J08_03635	8126.30900533348	-0.223997166614442	0.0696648765573353	-3.21535295379572	0.00130284223980669	0.00648721536883925
B9J08_03562	196.149924705084	-0.628150471483852	0.195357125408561	-3.21539575364946	0.00130264798271529	0.00648721536883925
B9J08_01560	70.7605978295461	-1.02991761967073	0.320292980266009	-3.2155485231533	0.00130195482075999	0.00648721536883925
B9J08_01011	1192.20907858888	0.316573771352441	0.0984417445159475	3.215848854661	0.00130059311718603	0.00648721536883925
B9J08_00459	1845.55998846098	-0.286416377883	0.0890511042391829	-3.21631472546048	0.00129848345879794	0.00648721536883925
B9J08_01687	960.844072669152	-0.329839454480586	0.102780533504239	-3.20916270070716	0.00133122138646426	0.00662255679836898
B9J08_02773	1437.45457386915	-0.298588619095299	0.0930637169861243	-3.20843212333566	0.0013346080782815	0.00663343421642255
B9J08_01042	640.925882417001	-0.403818920234974	0.125900253374684	-3.20745121166035	0.00133916773148582	0.00665011684808815
B9J08_04930	38.9150962283639	-1.45355611559533	0.454042803540889	-3.20136362532267	0.00136778803722275	0.00678614405900371
B9J08_03372	9749.91355135333	0.2075672414486	0.0649242174552998	3.19706959258322	0.00138831427357165	0.00688180537222466
B9J08_00912	409.146060122425	0.458419628573702	0.143425665066613	3.19621755535031	0.00139242078588699	0.00689597641899407
B9J08_02907	307.876103844077	-0.52690533036595	0.164936712406028	-3.19459095964552	0.00140029150996842	0.00692874769525109
B9J08_01356	1342.9465786894	-0.303380947677624	0.0950166603960466	-3.19292370846415	0.00140840151354065	0.00696264326058958
B9J08_01836	1460.93194767364	-0.287615430514259	0.0901098152984263	-3.19183242759661	0.00141373325350346	0.00697652115367286
B9J08_01660	1913.13108567335	-0.267800518664059	0.0838967093875613	-3.19202648851164	0.00141278375950174	0.00697652115367286
B9J08_03308	4015.84832995089	0.231047889202715	0.0724067645146106	3.19097104740943	0.00141795488801425	0.0069848811640417
B9J08_01112	945.977936411543	-0.339181880607714	0.106292183959275	-3.19103313125704	0.00141765022612164	0.0069848811640417
B9J08_04592	5576.03450215238	-0.254580310218484	0.0798281111653314	-3.18910602420775	0.00142713524250913	0.00702384370912554
B9J08_02444	68528.1341372503	0.196842852182764	0.06189263271407	3.18039229470386	0.00147075800685062	0.00723209920272543
B9J08_05178	3184.92833984005	-0.237589931772279	0.0747502734214227	-3.17844899954825	0.00148065264094886	0.0072678216221353
B9J08_00543	1180.48537744393	0.304295650485831	0.0957370826674041	3.17845125428535	0.00148064112509477	0.0072678216221353
B9J08_01811	1386.72976387655	-0.298058710094683	0.0938218439135984	-3.17685836966889	0.00148879722769854	0.00729484244458316
B9J08_00614	5429.32907470333	0.225986035788878	0.0711321899511574	3.17698690204886	0.00148813756669486	0.00729484244458316
B9J08_00817	1037.9583163678	0.37065725825273	0.116783120657291	3.17389410530013	0.00150408554594857	0.00736322481174291
B9J08_03842	12674.8848273276	-0.22681229997173	0.0715060430255127	-3.17193191477265	0.0015142850425021	0.00740659595567177
B9J08_00625	2426.47869393067	0.261415664146925	0.0824656321951757	3.16999527182693	0.00152441418150805	0.0074495465793059
B9J08_01174	78227.8573137439	0.223491648220568	0.0705265249927534	3.168902030031	0.00153015963823667	0.00747101795100184
B9J08_03602	491.010433102639	-0.430061551891512	0.135816521834502	-3.16648921708921	0.00154291066244755	0.00752662597647628
B9J08_01389	4542.80354581091	0.227588761555336	0.0720929627163405	3.15687902092212	0.00159467492227102	0.00777228244743557
B9J08_05554	888.110024757326	-0.339272065681583	0.107481914657967	-3.156550260211	0.00159647371402378	0.0077741940241493
B9J08_01429	1126.96801342711	-0.306239313997143	0.0970256349252115	-3.15627219789075	0.00159799657077865	0.00777475972420212
B9J08_05076	4070.08337166188	-0.24700180053872	0.0782859622223334	-3.15512249612812	0.00160430731819267	0.00779859854674661
B9J08_04323	4036.72949901541	-0.240429599697494	0.0762567778428412	-3.15289481799243	0.00161660044512708	0.0078514504922824
B9J08_02167	1131.54436364854	0.322303502803195	0.102318523826071	3.15000149289754	0.00163269628259372	0.00792266229490383
B9J08_04411	3507.60064700534	-0.241101035483009	0.0765602416587745	-3.14916763922435	0.00163736239083658	0.00793833502995946
B9J08_03855	1586.52044315591	-0.299783100526532	0.0952256917018611	-3.1481325592794	0.00164317159895778	0.00795951746489014
B9J08_03192	103.957007917408	0.856789537933701	0.272313502518763	3.14633512480589	0.00165330447359408	0.00800158828857661
B9J08_00952	4862.33990033619	-0.235532876942362	0.0748690545258761	-3.14593096485488	0.00165559079203915	0.00800564331373612
B9J08_01827	971.296909534816	0.333148830584664	0.105979253819598	3.14352874338748	0.00166924021240491	0.0080645897324842
B9J08_05469	15030.9860375369	0.223503896447222	0.0711548282331007	3.14109248799015	0.00168318868910925	0.00812487675520249
B9J08_00555	1133.02534530197	-0.320368039145022	0.102019206395879	-3.14027182197296	0.00168791139975193	0.00814056396721544
B9J08_00216	1257.64961395152	0.292994843386139	0.0934123015703421	3.13657664419611	0.00170932752798341	0.00823666368540915
B9J08_04621	911.229976794537	-0.327854333408929	0.104632433751879	-3.13339106864693	0.00172799044948298	0.00831934077900036
B9J08_03338	768.51007185095	0.353256984426864	0.112770927070875	3.13251822612797	0.0017331366653671	0.00832960552129038
B9J08_03241	386.779834298056	-0.453892305283286	0.144891681210943	-3.13263191847763	0.00173246554617651	0.00832960552129038
B9J08_04608	817.264228359537	0.344499566284431	0.110043073462332	3.13058837276435	0.00174456500589889	0.00837724655743108
B9J08_01740	14616.8259050126	0.206126733978691	0.0658616642036501	3.12969215811689	0.00174989579804443	0.00839555041301353
B9J08_02737	647.950216760123	0.429274348502782	0.137200422218639	3.12881215349833	0.00175514474018653	0.00841343016392969
B9J08_01175	2348.6213708779	-0.320667851533117	0.102619379777494	-3.12482741786601	0.00177909405504691	0.00852084301754271
B9J08_03683	3708.54518671049	-0.235058961581722	0.0753282496047686	-3.12046228095072	0.00180567421315403	0.0086406592000886
B9J08_03456	370.087966050537	0.481834559458431	0.154445776115554	3.11976521195328	0.00180995243867918	0.00864616000741559
B9J08_02824	1197.47077051694	-0.297515169055478	0.0953617055734227	-3.11985998222745	0.00180937024428322	0.00864616000741559
B9J08_01237	2226.64371557236	-0.253449382475427	0.0812864271193134	-3.11797911972943	0.00182095703916312	0.00869121723268962
B9J08_02541	560.226701557927	-0.394230596168963	0.126472917586204	-3.11711474435035	0.00182630473948991	0.00870922027192471
B9J08_00712	679.413365607672	-0.361253877242759	0.116040867429427	-3.11316077900282	0.00185095153567782	0.00881914580835458
B9J08_05104	866.969347632374	-0.338813352830312	0.108856823696704	-3.11246774730734	0.00185530285128399	0.00883146589760912
B9J08_02232	2023.53883815048	-0.2599290553609	0.0835183118835351	-3.11224029196575	0.0018567330148402	0.00883146589760912
B9J08_04131	2791.3062567226	0.247789121274393	0.0796284617788161	3.11181599818764	0.00185940354018883	0.00883656351386387
B9J08_05555	1245.91719669333	-0.295138556743993	0.0949098012845763	-3.10967416167118	0.00187293830782045	0.00889323885508901
B9J08_01584	1473.24238006574	0.280585365944706	0.0903694832279849	3.10486854546731	0.00190363607429769	0.00902349621152946
B9J08_00007	398.430011455347	-0.441025416009935	0.142034855117435	-3.10505062750474	0.0019024645813219	0.00902349621152946
B9J08_00863	7494.02542703577	0.23906929634358	0.0770693504148866	3.1020022234079	0.00192216514677574	0.00910351907988817
B9J08_02674	618.22097640953	0.391624950654826	0.126277239743292	3.1013106673139	0.00192666037632236	0.00911699648966923
B9J08_01398	408.621765106398	-0.450079844447907	0.145228976812612	-3.09910497426862	0.00194106231995071	0.00917728951442905
B9J08_00719	4143.45012262465	0.223422155484182	0.0721857089678549	3.09510232258957	0.00196745010508169	0.00929409976990297
B9J08_03361	3691.20210890553	0.229102342368012	0.0740427704868516	3.09418922146755	0.00197351574077653	0.00931479205744824
B9J08_00608	10152.1900566422	0.203998390455702	0.0660385639879931	3.08907974577994	0.00200777538606692	0.00946840832661423
B9J08_01302	2354.20676639742	0.251609062379705	0.0814865813420351	3.08773614300483	0.00201687459425348	0.00950321047096246
B9J08_00077	7930.41246258113	0.20414440837599	0.0661525517353657	3.0859642299611	0.0020289322860993	0.00955188138438743
B9J08_05026	989.044131076187	0.358351283766308	0.116140356967441	3.08550182833318	0.00203208974764871	0.00955860428532293
B9J08_01350	44.0779059041174	-1.31070772645159	0.424850932039743	-3.08510027307407	0.00203483538318557	0.00956338024053285
B9J08_04140	162.79027283395	0.652322189187764	0.211766743444947	3.08038069895214	0.00206736158366913	0.00970568073355654
B9J08_00978	1849.91517302127	-0.302399511861651	0.0981753256543259	-3.08019871435309	0.00206862527666539	0.00970568073355654
B9J08_00819	76220.5868680431	0.187589922352807	0.0609119712042125	3.0796889124454	0.00207216909235961	0.00971406155510736
B9J08_00758	583.350279786245	0.376465057057457	0.122286367815911	3.07855293914842	0.00208008568869916	0.00974290983172903
B9J08_02925	903.018237536317	-0.331190492023291	0.107681283771406	-3.07565512244792	0.00210040638467233	0.0098297596004098
B9J08_05537	2523.14248903849	-0.245518168979728	0.0799415650169273	-3.07122044618141	0.00213185690596129	0.0099685051770288
B9J08_01447	7683.71986334085	0.203671488785755	0.0663621927173777	3.06908919741619	0.00214712474036391	0.0100314103465692
B9J08_01130	710.034229593894	-0.357799876055128	0.116603306067401	-3.06852256700429	0.00215120080204886	0.0100419652305102
B9J08_05284	496.212003966959	-0.406424214337379	0.132547140043768	-3.06626166511911	0.00216753534914019	0.0101096775313906
B9J08_01736	5525.90360951529	0.209789077069866	0.0684469058147041	3.06498993011892	0.0021767732606847	0.0101442038885365
B9J08_03116	9002.53400811924	0.201720876763917	0.0658477412142134	3.06344413709935	0.00218805052630359	0.0101881678676326
B9J08_01094	1323.39759180455	-0.293711792056091	0.095903188800939	-3.06258629904093	0.00219433192783819	0.0102088152905401
B9J08_05244	445.066848803813	-0.434166514336863	0.141897326184034	-3.05972301249546	0.00221541779428374	0.0102982457098454
B9J08_03009	1418.71800194907	-0.281194316100096	0.0919354107992802	-3.05860727281699	0.00222368450132573	0.0103106579184793
B9J08_02012	6528.5637457684	0.208971771807477	0.0683192336882628	3.05875462188297	0.00222259114905266	0.0103106579184793
B9J08_01898	3817.37353305883	0.227099339936474	0.0742443768483231	3.05880862062355	0.00222219059362715	0.0103106579184793
B9J08_00773	711.681166015204	-0.360097649204252	0.117766542682535	-3.05772455403547	0.00223024473491642	0.010332407921109
B9J08_01612	493.937156268857	-0.406115414271202	0.132908466809804	-3.05560228042029	0.0022460897959172	0.0103971007554727
B9J08_04461	2694.58069935959	-0.290594278516969	0.0951540565438782	-3.05393473564595	0.0022586121067813	0.01044631725036
B9J08_03538	2360.81490312467	-0.277154714164655	0.0907640641530242	-3.05357320378894	0.00226133542808009	0.0104501679857848
B9J08_01673	868.812869633441	-0.349234601779089	0.114458510657917	-3.05118946395212	0.00227936693489152	0.0105246959474899
B9J08_05154	1756.89623588533	0.275125014540127	0.0901918281776243	3.05044281837035	0.00228504187434216	0.0105420921865519
B9J08_02284	981.025654026163	0.320224439169689	0.105044039855862	3.04847794895447	0.00230003792285174	0.0106024266885751
B9J08_04521	15.1857845444903	-2.31184152226931	0.758573819580604	-3.04761575287092	0.00230664668800436	0.0106240302038334
B9J08_04969	1062.79403161	-0.315180563935294	0.103455878929141	-3.04652154326742	0.00231505888727116	0.0106538971440031
B9J08_03883	1052.38711720061	0.305184556282413	0.100234060992073	3.044719063179	0.00232897750117972	0.0107090338178206
B9J08_02940	281.534578468789	-0.517794164962339	0.17022088622266	-3.04189560078445	0.00235093416849323	0.0108010084366268
B9J08_03985	552.531783356926	0.413311526005246	0.136289742052099	3.03259452826061	0.00242461145040831	0.011130255387381
B9J08_04110	655.977946660769	0.355447704188644	0.11725335655878	3.03145014028196	0.00243382112606576	0.0111632608827929
B9J08_04872	501.703003389056	0.3981963142777	0.131373760719126	3.03101861511777	0.00243730220961961	0.0111699579706199
B9J08_04310	7227.6453468566	0.201343367572652	0.0664479591348769	3.03009106967398	0.00244480008279441	0.0111950373302442
B9J08_02042	251.000276096579	-0.541297291992983	0.178852460296689	-3.02650179424456	0.00247401352708348	0.0113100684567332
B9J08_00504	1080.66688341501	0.298483239785998	0.0986220565592427	3.02653635707442	0.00247373070051086	0.0113100684567332
B9J08_05520	267.674788843563	-0.514916982553612	0.170158593605803	-3.02610036696996	0.00247730056217222	0.0113157357083685
B9J08_01103	4800.83475306789	0.217417448467421	0.0719845350736985	3.02033552407926	0.00252494804134715	0.0115238545206653
B9J08_04652	797.682236631694	-0.330726540233087	0.109746790861894	-3.01354178683251	0.00258217478162357	0.0117753135462322
B9J08_02069	393.856153536344	-0.438129309182522	0.145405105216553	-3.01316317972475	0.00258539858267388	0.0117802951083582
B9J08_05451	465.936604172155	0.399853978953917	0.132740520447039	3.01229780934489	0.00259278094719502	0.0118042012315872
B9J08_05393	484.597698409685	0.407979858459371	0.135507929272739	3.01074527999187	0.00260607370247891	0.0118452050605271
B9J08_00358	613.290078219917	-0.366427128484023	0.121701471980491	-3.01086850077508	0.00260501641428903	0.0118452050605271
B9J08_04152	3908.75543363108	-0.235962834684535	0.0783904065660909	-3.01009836561563	0.00261163095012735	0.0118607101572341
B9J08_03044	833.47040547596	-0.376187998695879	0.125041852933038	-3.00849667428819	0.0026254367551321	0.0119136198239861
B9J08_00374	366.074954540678	-0.44707758190568	0.148667666217455	-3.00722808987762	0.00263641865062524	0.0119536389516043
B9J08_04673	73.5245976732417	-0.972280572658674	0.323422705978848	-3.00622236684353	0.0026451548276753	0.011983418633247
B9J08_04048	6664.16857014247	-0.205539727576216	0.0683820531080735	-3.00575543193143	0.00264921982856624	0.0119920049078506
B9J08_03095	1329.7571808237	0.279061388401853	0.0928632230043544	3.00507972234355	0.00265511247245029	0.0119990242315885
B9J08_02835	4087.10911247982	-0.22001796583673	0.0732104048932812	-3.00528273484418	0.00265334080864264	0.0119990242315885
B9J08_05189	317.822010202302	-0.508327521651991	0.169178681963821	-3.00467834216074	0.00265861844784	0.0120050524192906
B9J08_00307	1944.82436043251	0.255742399625258	0.0851711751399911	3.00268722610565	0.00267607308635645	0.0120740048557486
B9J08_01578	3031.15980937712	0.233902496160882	0.0779817152715431	2.99945308135889	0.00270464776317976	0.0121929756827851
B9J08_02067	1769.82979762259	-0.270147108075682	0.0901211568841652	-2.9975992032915	0.00272115279437334	0.0122573850810933
B9J08_01363	5680.69527277987	-0.248875539122645	0.0830394041307579	-2.99707761306612	0.00272581305904048	0.012268378483157
B9J08_01421	247.140607667836	-0.559945014240757	0.186872705475195	-2.99639807117301	0.0027318955167221	0.012285749813607
B9J08_00213	1967.89455089338	-0.265685621353267	0.0887473020057831	-2.99373181323252	0.00275588067543621	0.0123835386123056
B9J08_04722	2552.13370134683	-0.246004007918468	0.0822061659469858	-2.99252501420774	0.00276679992207679	0.0124225046054577
B9J08_03927	7030.08277338615	0.205646332164839	0.0689601836453396	2.98210244367204	0.0028627618791939	0.0128404861021516
B9J08_02567	445.369607558729	-0.408147738263185	0.136874498213418	-2.98191221586649	0.00286454122742046	0.0128404861021516
B9J08_00488	83.5364837427755	-0.882063628820697	0.295913873469402	-2.98081201289775	0.00287485210048194	0.0128762622036983
B9J08_04941	994.319287411749	0.300446118499864	0.10081848691246	2.98006970448524	0.00288182798951384	0.0128970553020591
B9J08_01181	1823.72096937516	0.252856330642328	0.0851072429820263	2.97103186265508	0.00296800985978514	0.0132719987823887
B9J08_02259	541.208711757582	-0.396680450375427	0.13356304491746	-2.96998657540766	0.00297812763195096	0.0133064764929612
B9J08_04759	399.657030581906	-0.434758576469159	0.146530857193173	-2.96701039492326	0.00300710792193085	0.0134251094382163
B9J08_02639	9349.11109762447	-0.195227599892443	0.0658410215749325	-2.9651362512694	0.003025488993677	0.0134962693043202
B9J08_00435	1991.16503983435	0.284065157132451	0.0958724410978529	2.96294903811324	0.00304707012278638	0.0135815778779357
B9J08_01069	455.332541673744	-0.410952912458172	0.138962753033729	-2.95728821922826	0.00310357865863567	0.0138223039857207
B9J08_02258	3269.35657690009	0.231207761669428	0.0781993625071254	2.95664509603081	0.00311005864999822	0.0138400113997908
B9J08_04410	9259.40281376172	-0.216502943767967	0.0733474768379739	-2.95174357866769	0.00315985214700432	0.0140502838427135
B9J08_04464	1754.53042336587	0.261850840179147	0.0887219064063626	2.95136624972667	0.00316371531594969	0.0140561531762491
B9J08_04799	1603.35962944614	-0.262960885567838	0.0891646532059047	-2.9491606383596	0.00318638306183001	0.0141228060807814
B9J08_03384	1325.3807320444	-0.272996721282517	0.0925673697901973	-2.94916796168305	0.003186307553488	0.0141228060807814
B9J08_00149	17938.9152417274	0.524047916556381	0.177678678882851	2.94941362605415	0.00318377553493275	0.0141228060807814
B9J08_00279	4339.59938960964	0.211462102350245	0.0717506299680646	2.94718112502098	0.00320685306253794	0.0142021449332109
B9J08_00889	9408.91750024494	-0.213295370594373	0.0724559830614403	-2.94379237686287	0.0032421742175809	0.0143470751806002
B9J08_01458	1520.06474948611	-0.26897327708529	0.0913777218249067	-2.94353231524729	0.00324489944873332	0.0143476474025193
B9J08_05318	1809.78784109707	-0.259897478058124	0.0883379075490126	-2.94208324907317	0.00326012271763781	0.0144034358596196
B9J08_03164	771.250822810932	0.325758919339755	0.110823166560979	2.93944785597252	0.00328797590695034	0.0145148904454589
B9J08_03343	1623.31116428151	0.263990816601643	0.0898326098729092	2.93869694952784	0.00329595174399843	0.0145384878603985
B9J08_01355	232.105587009523	-0.537367317733181	0.183072368544038	-2.93527265751148	0.00333254714306279	0.0146881882453812
B9J08_00029	1302.72044038777	0.313833667518481	0.107033135589361	2.93211691678848	0.00336659979034578	0.0148264518256902
B9J08_04772	253.033481800812	-0.516967420090296	0.176369350117717	-2.93116360493049	0.00337694882984812	0.0148400838990418
B9J08_03840	5537.8310530522	0.2273751794625	0.0775866580696254	2.93059638241482	0.00338312026647234	0.0148400838990418
B9J08_02739	3362.03615908806	-0.224176680724619	0.0764898528921208	-2.9308028744779	0.00338087242484083	0.0148400838990418
B9J08_02462	2383.59343806543	0.273089246051279	0.0931765917802678	2.93087824778231	0.00338005226119352	0.0148400838990418
B9J08_01152	762.231955391079	-0.402236928600766	0.137217272066569	-2.93138700793896	0.00337452099814599	0.0148400838990418
B9J08_05340	95.7361456698949	0.79657423246275	0.271879179168473	2.92988317420638	0.00339089461469129	0.0148623905911172
B9J08_02036	2719.48682994326	-0.285599622692515	0.0975785490856447	-2.92686892117902	0.00342393153400431	0.0149861359168172
B9J08_00172	2132.12888689378	-0.249044749641131	0.0850907706772792	-2.92681271610142	0.00342455032801522	0.0149861359168172
B9J08_04787	170.714151898022	-0.609587459599699	0.208414369576312	-2.92488210308597	0.00344586746165237	0.0150674916618296
B9J08_03758	367.969067287491	-0.432732971234771	0.148026395810751	-2.92335004756862	0.00346286974352614	0.0151298664604498
B9J08_01662	20787.2125145867	0.196065895414703	0.0670865749064337	2.92258019861884	0.00347144208235917	0.0151553399598729
B9J08_00654	1557.36611316569	0.256852074144256	0.0879175308160094	2.92151146375786	0.00348337456053975	0.0151954310940041
B9J08_00828	5237.97860771293	0.205102856007057	0.0702295473339181	2.92046387586497	0.00349510714612934	0.0152345876945243
B9J08_01976	242.896695698645	-0.518092045679074	0.17756885955849	-2.91769653174135	0.00352627352047298	0.0153462312973655
B9J08_01088	1139.52133226857	0.310918844021081	0.106557103702022	2.91786125203383	0.00352441135384561	0.0153462312973655
B9J08_03791	333.520239940454	-0.450725437480665	0.154505209139694	-2.91721839017834	0.00353168399361637	0.0153576848408479
B9J08_03137	952.43431379512	-0.328094665745436	0.112500544887004	-2.9163829035226	0.00354115618454688	0.0153867690503071
B9J08_04349	643.536364256754	-0.364829633236133	0.125261802340662	-2.91253699387099	0.0035850573252542	0.0155652881670699
B9J08_05488	14149.1190403967	0.224635492363307	0.0771478349723608	2.91175367972135	0.00359405933120243	0.015592123958835
B9J08_02136	1062.19345894509	0.302101961149935	0.103780152860787	2.91098011346333	0.00360296948548352	0.0156185194872685
B9J08_04254	2020.78723506569	0.252451210190434	0.0867650362801624	2.90959608862808	0.00361896121860104	0.0156679419521325
B9J08_03186	1196.07828272952	0.287219112290343	0.0987175888681953	2.90950291212876	0.00362004014345453	0.0156679419521325
B9J08_02758	6853.36848221135	0.203002105393731	0.0698495216204381	2.90627767641478	0.00365756712616875	0.015817976139542
B9J08_01259	669.388486691156	-0.337578556089375	0.116189720949796	-2.90540809746189	0.00366774541160712	0.0158495925644664
B9J08_04655	1433.15407392309	0.279477858073915	0.0962147050107141	2.90473122630053	0.00367568590065104	0.0158714968538268
B9J08_05434	3935.70618244493	-0.20915683235656	0.0720145651519586	-2.90436846928418	0.00367994789416851	0.0158774957151205
B9J08_02893	469.831548245162	-0.390575822868312	0.134497392144217	-2.90396576945901	0.00368468443365382	0.0158792986671271
B9J08_01283	559.444989753741	0.403750702259013	0.139040055975953	2.90384450311817	0.00368611184909066	0.0158792986671271
B9J08_00438	494.416038049288	-0.377072764387336	0.129887405359395	-2.90307411518451	0.00369519176606766	0.0159060162702928
B9J08_02833	1357.25064712605	-0.266805688738025	0.0919845158898158	-2.90055001276105	0.0037250838828409	0.0160222090431608
B9J08_01047	770.535619898881	-0.322175064170909	0.1111655208049	-2.89815638732391	0.00375363369455129	0.0161324521226944
B9J08_05097	3597.484961768	-0.21675858818501	0.0748063759954509	-2.89759509534577	0.00376035718928246	0.0161487911306637
B9J08_01640	1307.61993865012	-0.277441783196908	0.0957943666210946	-2.89622232478766	0.0037768472113113	0.0162070143920167
B9J08_00804	1223.86633073492	-0.286374118738933	0.0988925575953024	-2.89581062217907	0.00378180546825864	0.0162157011815869
B9J08_03905	2626.82545345588	0.228958109256093	0.0791376292708047	2.89316361086091	0.00381382574805004	0.0163276645309625
B9J08_02222	641.888499513633	-0.340235122475725	0.117593657268982	-2.8933118535252	0.00381202599957104	0.0163276645309625
B9J08_05027	12583.0462087297	0.18721708661753	0.0647499570763507	2.89138549384319	0.00383547333092446	0.0164076324303556
B9J08_03318	4169.53736141903	0.209464322209619	0.0725164626871199	2.88850716717079	0.00387075207657279	0.0165457437952187
B9J08_03029	377.844525649391	-0.441535933632995	0.153020531675436	-2.88546856293451	0.00390831492765218	0.0166846806980347
B9J08_01621	537.505839323038	0.370929292931467	0.128554308854903	2.88538981101077	0.00390929283588836	0.0166846806980347
B9J08_03371	1486.95075074873	0.33597593617092	0.116575211951096	2.88205297290701	0.00395093305352231	0.0168493881071125
B9J08_02909	3100.03570349432	0.226741682921352	0.0787815641314127	2.87810587948129	0.0040007083784388	0.017048508255691
B9J08_02635	36.6256098533442	-1.28748173933139	0.447524985826467	-2.87689353691332	0.00401611067431821	0.0170877934541622
B9J08_02367	1235.00779669549	-0.273345329944078	0.0950076506473434	-2.87708756170281	0.00401364205927985	0.0170877934541622
B9J08_03360	576.703832641817	0.352694692792854	0.122611108980677	2.87653130067061	0.00402072316560375	0.017094259181763
B9J08_02037	904.314679933232	0.31046733546665	0.107955081964731	2.87589365703117	0.00402885420877956	0.0171156627301496
B9J08_05000	1364.02817741083	-0.265589925755152	0.0923776600286901	-2.875044958626	0.0040396997156749	0.0171485563199195
B9J08_04324	463.095766887323	-0.38742017635131	0.134970422719336	-2.87040796454294	0.00409942515755478	0.0173887358755221
B9J08_04501	1673.13104932545	-0.247789243913979	0.0863404197340867	-2.86991011483528	0.00410588497142797	0.0174027808566583
B9J08_02100	5261.37711267222	0.218912546403823	0.0762880911487982	2.86955071371283	0.0041105540953564	0.0174092202950458
B9J08_03990	1382.8294609705	-0.272502387271485	0.0950111651320301	-2.86810909952329	0.00412933114736868	0.0174727836639284
B9J08_01025	1964.80255911951	-0.257418967749031	0.0897582750619089	-2.8679134884386	0.00413188497353979	0.0174727836639284
B9J08_01358	1379.6588430891	0.286437921446296	0.099911127477311	2.86692712492253	0.00414478441866322	0.0175139323256511
B9J08_04820	548.091901657633	-0.367969101233597	0.128365572527851	-2.86657157357171	0.00414944319327739	0.0175202234753584
B9J08_02509	784.342242472298	-0.318371189226137	0.111091881930976	-2.86583667224171	0.00415908763746734	0.0175389039725706
B9J08_00909	951.639702404438	0.303663938682305	0.105963129735592	2.86575094035096	0.00416021405971414	0.0175389039725706
B9J08_01617	634.392800814328	0.366306125092102	0.127926468766845	2.86341152556724	0.00419105840865758	0.017655472427325
B9J08_01323	192.18207912634	-0.570800615346671	0.199403110099024	-2.8625462013266	0.0042025198579315	0.0176902720904702
B9J08_00437	1009.79559460351	-0.29134549231183	0.101902499386919	-2.8590612994251	0.00424896669676321	0.0178721757481052
B9J08_02468	3604.57183125892	0.217504929463823	0.076179116636785	2.85517788951093	0.00430127294590618	0.0180784300927935
B9J08_01641	3355.72637316613	0.219446167332929	0.0768903001822932	2.85401626489507	0.00431703210376872	0.0181308787519223
B9J08_01577	3007.05272862607	0.218338007340668	0.0767260790987671	2.84568180604678	0.00443164534776089	0.0185839938065815
B9J08_00640	127.051183057619	-0.690419495361514	0.242616903706121	-2.84571884652279	0.00443112993399139	0.0185839938065815
B9J08_04167	3460.38025959416	-0.231550115455691	0.0814748417631187	-2.84198300291154	0.00448338817841445	0.0187867221092469
B9J08_04091	702.094991213025	-0.335303772171678	0.118130214455458	-2.83842515411759	0.00453367505502027	0.0189830469917402
B9J08_03944	178.154749884644	-0.609836109943153	0.215263861676869	-2.83297022172061	0.00461176819323364	0.0192954146888738
B9J08_01769	17.6383996749162	-1.92054712154584	0.678290486902172	-2.83145224447595	0.00463371525026563	0.0193725750289093
B9J08_00687	946.845132123283	-0.300575023341389	0.106171911630839	-2.83102205399195	0.00463995216047193	0.0193839875970736
B9J08_02911	926.624983544006	-0.296640071931346	0.104837414304345	-2.82952487811453	0.00466171755322249	0.0194308543866219
B9J08_02662	7246.32778004563	0.194907591635089	0.0688758586809601	2.82983900843866	0.00465714319380498	0.0194308543866219
B9J08_01787	3813.50474106503	0.210813315559099	0.074503163802707	2.82958876910726	0.00466078684445533	0.0194308543866219
B9J08_00124	1876.94941382137	0.251979569887142	0.0891284020072351	2.82715233542151	0.00469639807429725	0.0195606572393677
B9J08_03062	14196.2420439294	-0.193375534907146	0.0684406802084536	-2.82544729710709	0.00472146544502356	0.0196502556586184
B9J08_03299	146.606552189776	-0.647036684128649	0.229024082563382	-2.82519059518373	0.0047252499332746	0.0196512087142278
B9J08_02447	717.220087573914	-0.372471598647262	0.131852437272873	-2.82491250333445	0.00472935286590642	0.0196534836765901
B9J08_03051	532.58486127625	-0.356170549906319	0.126163612031575	-2.823084597619	0.00475640191590717	0.0197510393607956
B9J08_01344	1895.20451630287	-0.243714281626285	0.0863558162033643	-2.82221038884455	0.00476938774448151	0.0197900946424544
B9J08_00152	383.53640080339	-0.428715218416468	0.152058498176162	-2.81940979003879	0.00481120523448221	0.0199486356571516
B9J08_04843	290.035480707064	-0.493608694792202	0.175108858654126	-2.81886763802838	0.0048193386716663	0.0199673799387553
B9J08_04911	7085.51953715562	-0.199366496303834	0.0708027290261714	-2.81580242804116	0.00486555782915351	0.0201437738739561
B9J08_01907	1157.19229806219	-0.274867184151137	0.0976646658664284	-2.8143974252373	0.00488687707010132	0.0202048752912797
B9J08_01700	506.304515847269	-0.373063218200353	0.132557597893577	-2.81434805796546	0.00488762769394625	0.0202048752912797
B9J08_03381	2700.3253152929	0.21836769504052	0.0776090076653339	2.81369008069484	0.00489764212840875	0.0202311420356616
B9J08_04656	9750.43758619627	0.18586574162107	0.0660924429052683	2.81220868000711	0.00492025706278316	0.0203093807214358
B9J08_00637	13228.1856729252	0.178367090843732	0.0634587720080551	2.81075547476858	0.00494253329798745	0.0203709034585956
B9J08_00125	1087.47198818357	0.285230975429499	0.101476596736342	2.81080549213323	0.00494176506680852	0.0203709034585956
B9J08_01793	1975.41494603532	-0.234301925066534	0.0833849041779783	-2.80988420357762	0.00495593274382343	0.0204109092959107
B9J08_02324	597.37513905838	-0.344398790935189	0.122615554116719	-2.80876919258834	0.00497312863200114	0.0204664794855326
B9J08_03400	2165.14355516348	-0.251705896118537	0.0896912215320603	-2.80636044218178	0.00501046110724435	0.020604775699211
B9J08_03348	1874.7798439786	0.245732691852925	0.0876729800338294	2.8028326601663	0.00506559451966531	0.0208160155466098
B9J08_01661	589.890477442121	-0.344570765385401	0.12301590615223	-2.80102611250127	0.00509403968957582	0.0209173531681171
B9J08_04837	103.649938796123	-0.731182788367096	0.261156960105131	-2.79978288946521	0.00511369876160252	0.0209824892764492
B9J08_02453	3559.02027809055	0.228196285219017	0.0816388381296686	2.79519271031967	0.00518687860183852	0.0212669718340961
B9J08_00415	1259.8054187949	-0.279800502524703	0.100174970247192	-2.79311789995311	0.00522026614838734	0.0213879992602942
B9J08_02593	2554.63438000612	-0.230250547338976	0.0824630203908391	-2.79216727992363	0.00523562814980866	0.021435049469624
B9J08_00102	1491.01771266252	0.255760350172968	0.0916235946264701	2.79142453661253	0.00524765927569553	0.0214684032692592
B9J08_02313	1245.26108153187	-0.262880715871566	0.0941845007726469	-2.79112501223674	0.00525251810265338	0.0214723872436133
B9J08_03716	39.8147689314815	-1.1850116812295	0.424789093510869	-2.78964714332803	0.0052765513562031	0.021554692790639
B9J08_01908	1310.67162662923	0.267024317401388	0.0957919085392569	2.78754564423317	0.00531089720613683	0.0216789725689204
B9J08_04220	668.485476288047	-0.322919595220349	0.116088954223942	-2.78165650969187	0.00540822466497422	0.0220538942321873
B9J08_03917	685.260508530095	-0.32907977112247	0.118309907830514	-2.78150644486931	0.00541072563395079	0.0220538942321873
B9J08_00546	1549.82162923357	0.254080354619514	0.0914520253273778	2.77829117190093	0.00546456260312907	0.0222569178389789
B9J08_01316	130.553136404021	-0.677910097402918	0.24468738826268	-2.77051507319682	0.00559677097031976	0.022778610569188
B9J08_04817	422.107771820706	-0.411286240126002	0.148879000400526	-2.7625537451187	0.00573511188150584	0.0233064755535569
B9J08_03461	1791.87188679958	0.236194959766952	0.08550583270843	2.76232570674288	0.00573911945510962	0.0233064755535569
B9J08_01140	5312.91391175043	0.619732491572966	0.224348893350669	2.76236036789489	0.00573851015318251	0.0233064755535569
B9J08_04082	404.703634107308	-0.416336984398375	0.150779667257612	-2.76122763745758	0.00575845243632036	0.0233678168983426
B9J08_02566	1135.81957451209	-0.267166458542953	0.0967694350975102	-2.76085582471099	0.00576501199498057	0.0233772716773717
B9J08_04156	1263.74646883196	0.258605767788985	0.0937961890691671	2.75710314411905	0.00583159532974649	0.0236299321022792
B9J08_05262	271.94618293775	-0.477776335435002	0.173317655489778	-2.75665127182141	0.00583965943163444	0.0236452730246473
B9J08_04040	726.691198516957	0.322101996433914	0.116985497013538	2.75334981392299	0.00589888285223467	0.023850128401098
B9J08_03833	1164.12990724758	-0.271128604258936	0.0984683601603272	-2.75345911943168	0.00589691343561716	0.023850128401098
B9J08_04409	323.037263974659	0.424932664816749	0.154656455729623	2.74759086397036	0.00600348714745292	0.0242480267575542
B9J08_04006	10896.1854578472	0.188619987859033	0.0686527509168918	2.74744981577458	0.00600606995315573	0.0242480267575542
B9J08_02002	836.022516343423	-0.296828705030344	0.108050743331512	-2.74712321154181	0.00601205441383545	0.0242544706169843
B9J08_02206	1271.69608620501	0.257072933544732	0.0936383267342054	2.74538153884829	0.00604405837458693	0.0243657991512341
B9J08_04991	6650.38369957911	0.185065900772884	0.0674381015976259	2.74423354733638	0.00606523703234084	0.0244155608723582
B9J08_04807	2852.06513293997	-0.212343634301857	0.0773756265260815	-2.74432200210076	0.00606360280571369	0.0244155608723582
B9J08_03149	2284.56456073744	0.230196225175581	0.0839089479392515	2.74340497442821	0.006080564425025	0.0244594465626733
B9J08_00484	91.8922035699463	0.829427945147407	0.302492316623943	2.74198020764458	0.00610700213220226	0.024547927843405
B9J08_00444	1109.79889742575	-0.285453000017496	0.104195983237598	-2.73957777591653	0.00615181575600236	0.0247100913396984
B9J08_03339	283.290251415059	0.450410184503078	0.164728710847828	2.7342542911002	0.00625217388043795	0.0250949637161805
B9J08_02157	1948.04903507946	0.234910110664848	0.0859395380728932	2.73343464408197	0.00626775608958382	0.0251392510211392
B9J08_04245	6835.33028795363	0.194411185056804	0.071175652835975	2.7314281964484	0.0063060480548405	0.0252744942705609
B9J08_02068	2552.4088300876	-0.218995639255279	0.0802546420306116	-2.72875977905112	0.00635729955103173	0.0254614453757626
B9J08_03984	2625.4525289783	0.226835050712843	0.0831964698396178	2.72649850588763	0.0064010242409975	0.0255731994150888
B9J08_02091	1444.40951558595	-0.253825406057835	0.0930988920920409	-2.72640630145087	0.00640281286309463	0.0255731994150888
B9J08_01857	7617.85574389098	0.187708966054885	0.0688496616651182	2.72636003598527	0.00640371051030991	0.0255731994150888
B9J08_00167	3071.89087763337	0.206520642160513	0.0757481602756055	2.72641132681109	0.00640271536736765	0.0255731994150888
B9J08_04822	693.80290892956	-0.320412597910071	0.117651682011598	-2.72340006051494	0.00646137615678076	0.0257848563310666
B9J08_01853	4184.92772449124	-0.214000707384608	0.0786078428457522	-2.72238366602337	0.00648128483455616	0.0258456430595901
B9J08_00560	2741.30005187214	0.209808872242379	0.0770748543874309	2.72214425716247	0.00648598228982422	0.02584572755289
B9J08_03649	346.642032398637	-0.435839080220365	0.160183056995609	-2.72088127418065	0.00651081408397159	0.025925986629763
B9J08_05203	100.834503230845	0.745949337425487	0.274235561821854	2.7201043237057	0.0065261323332872	0.0259682745904092
B9J08_04894	151.481406903685	0.621839532669203	0.229034012579177	2.71505321705978	0.00662651212254075	0.026348728418189
B9J08_00898	2027.92097034863	0.231128082473315	0.0851949935524744	2.71293033587655	0.00666911252305638	0.0264990545757963
B9J08_01290	314.148721758915	-0.425978585039515	0.157073080641228	-2.71197701923537	0.00668832295606655	0.0265562938061637
B9J08_04051	554.016519023469	-0.340533728844493	0.125815245250383	-2.70661737507885	0.00679725491397795	0.0269694385567524
B9J08_02471	3932.96437886676	0.227422876111221	0.0841176820677293	2.70362747190426	0.00685871350432327	0.0271937658094654
B9J08_04482	2275.652172014	0.21596293440767	0.0798957138995352	2.70306032535403	0.00687042759385897	0.0272206833772463
B9J08_04305	672.78361632555	-0.314758727409567	0.116519543911089	-2.70133847803031	0.00690610157635445	0.0273424236479306
B9J08_01680	4516.98532492541	0.193341484976498	0.0717424468642558	2.69493853955553	0.00704016155673157	0.0278333139657049
B9J08_01671	972.18887810195	0.299334458578427	0.111065053912745	2.69512729731883	0.00703617442559762	0.0278333139657049
B9J08_04532	102.161375337651	-0.720449159447743	0.267523472633668	-2.69303157721149	0.00708055626154237	0.0279730053306252
B9J08_00676	720.358643530566	-0.312390480797311	0.116196221023901	-2.68847367018117	0.00717794962004317	0.0283375196785561
B9J08_05212	661.520325899415	-0.325287113912625	0.121015474759731	-2.68797948823043	0.0071885812276175	0.0283592351499228
B9J08_01338	1429.42721745852	-0.244907983362587	0.0912102781929363	-2.68509194593767	0.00725098556169682	0.0285798877916449
B9J08_00254	1710.2003449473	-0.241335670826346	0.089885822318498	-2.68491364490394	0.00725485481665963	0.0285798877916449
B9J08_05394	1205.62052643438	0.256549186187469	0.0955724820914949	2.6843415654086	0.0072672818474484	0.0286084521159881
B9J08_03753	4642.89203763759	0.188198534271527	0.0701188294279825	2.68399423959041	0.00727483596896753	0.0286178066907356
B9J08_03720	539.310842618294	-0.360920354804849	0.134550183703233	-2.68242186573973	0.00730912235347661	0.0287322327508287
B9J08_01374	980.159339902812	-0.273865359731068	0.102196624517636	-2.67978870166898	0.00736686460310266	0.0289386358644978
B9J08_04499	2568.82792803154	-0.215269443243279	0.0803472982661342	-2.6792368615836	0.00737901756182301	0.0289657883978663
B9J08_04552	1180.24494297046	-0.256165170339727	0.0956770996951661	-2.67739272151734	0.00741976091930763	0.0291050522363472
B9J08_04256	2060.84199615584	-0.221360281226728	0.0827158908846029	-2.67615181145239	0.00744729031787197	0.0291923216928215
B9J08_02786	229.383375372726	-0.5024386875163	0.188032463386642	-2.67208480103331	0.00753815959842609	0.0295275748408937
B9J08_03509	949.751727368413	-0.286789142871206	0.107509664583501	-2.667566157724	0.00764028453075436	0.0299064111908494
B9J08_03253	1695.7613184825	-0.230309103130193	0.0864024395267779	-2.66553935735593	0.00768649339026838	0.0300529637015447
B9J08_02083	636.394165058952	-0.32913178439555	0.123480885548922	-2.66544723041487	0.00768859972389799	0.0300529637015447
B9J08_01752	9863.91420678674	0.192090242370499	0.0721303079356053	2.66310026767096	0.00774243398370448	0.0302420018571976
B9J08_03184	1404.64184996623	0.246657883762287	0.0926661174584513	2.66179149971273	0.00777260076988637	0.0303169826783077
B9J08_03074	622.464561620755	0.318738082825737	0.119739876524802	2.66192092456114	0.00776961287288457	0.0303169826783077
B9J08_04581	798.669005090121	0.301483471682475	0.113416244523298	2.65820361932848	0.00785584137597255	0.0305769262570425
B9J08_00869	2854.39885569088	0.205284632151259	0.077214026141605	2.65864432162599	0.00784557402268016	0.0305769262570425
B9J08_00692	879.985471707896	0.279996938093906	0.105328122255913	2.65833029296396	0.00785288893869241	0.0305769262570425
B9J08_01771	923.622935779422	0.289057219144566	0.108865048851148	2.65518843921887	0.00792641164176762	0.0308298924307175
B9J08_02616	552.482520366452	0.331593987068214	0.12493079175577	2.65422144859576	0.00794916399347688	0.030896645142016
B9J08_01804	1112.67377795865	0.278045776138866	0.104767047371057	2.65394303949507	0.00795572552477277	0.0309004181134358
B9J08_01885	1366.10776898612	-0.244866176150933	0.0924434372646532	-2.64882162970546	0.00807729502586601	0.0313505685449167
B9J08_01274	705.696105792562	0.302138412294983	0.11435329199196	2.64214879197554	0.00823818556799035	0.0319525976380931
B9J08_03278	129.351176264662	-0.657451074988498	0.248880769833412	-2.64163067089741	0.00825079729371445	0.0319790719792144
B9J08_02199	1137.17831560387	0.26631904502511	0.100837435159934	2.64107317488502	0.00826438674818128	0.0320092961157659
B9J08_03696	2994.88002782861	0.201603153079696	0.0763514433746202	2.64046289328841	0.00827928585579667	0.0320445468662382
B9J08_04312	1022.95860141727	0.340693637175226	0.129043531437654	2.64014502222321	0.00828705571483975	0.0320521742028827
B9J08_02770	2947.36051583852	-0.214545984093535	0.08128326279359	-2.63948538382804	0.00830320035960609	0.0320921597115684
B9J08_03546	39977.0003436643	-0.161269564494907	0.0611315660360902	-2.63807350198911	0.00833785076411018	0.0322035647611719
B9J08_04543	23.3917435897231	-1.48933475783897	0.564855608156056	-2.63666454990299	0.00837255816534219	0.0322699644210923
B9J08_04014	83.1762676546536	-0.78234632894378	0.296711160192221	-2.63672700560689	0.00837101693055656	0.0322699644210923
B9J08_01912	976.638773695076	0.280863071747861	0.106507148918294	2.63703492770539	0.00836342197048553	0.0322699644210923
B9J08_01096	912.504757143507	-0.278079416465262	0.105566928363465	-2.63415276712266	0.0084347528078441	0.0324870235323724
B9J08_03957	1322.21678856295	0.244433206619323	0.0928165895136393	2.63350773714222	0.00845079102824601	0.0325261295355959
B9J08_00639	5163.64226907495	0.181952513934483	0.0691101924306602	2.63278841419867	0.00846870865197756	0.0325724096864857
B9J08_03297	5809.79347109682	-0.197867370154681	0.0751653341456098	-2.6324285311015	0.00847768572821147	0.0325842621834665
B9J08_03188	11737.8798293197	0.174160346646179	0.0661910702261054	2.6311758678513	0.00850899908654106	0.0326818887778405
B9J08_03799	9293.19318142056	-0.183506332025328	0.0697890756511954	-2.62944207690168	0.00855251002363898	0.0328118357160523
B9J08_03321	5136.02621100947	0.18939587949308	0.0720313128789553	2.62935481699951	0.00855470513241022	0.0328118357160523
B9J08_00312	5038.59015877599	0.184315951295739	0.0701352865401595	2.6280059637341	0.00858870099659034	0.0329193830847121
B9J08_01992	81.7706869508681	-0.833819993923053	0.317457292179712	-2.6265580109939	0.00862532887943998	0.0330368625895113
B9J08_02589	1949.34065941438	-0.24249678199213	0.0923479100652051	-2.62590438506846	0.0086419089069334	0.0330774449644189
B9J08_04981	2061.61524532172	0.237254652502607	0.0903822686172211	2.62501324797905	0.00866455959250475	0.0331411909119541
B9J08_05410	1027.22628050588	0.270829749905935	0.103312011588592	2.62147397714441	0.00875504460214365	0.0334189805157672
B9J08_05316	676.757031554606	-0.341879294753617	0.13039692841573	-2.62183549035482	0.00874576359107611	0.0334189805157672
B9J08_03344	1970.06443561618	0.221537877898801	0.0845092508596786	2.62146304274604	0.0087553254544655	0.0334189805157672
B9J08_03333	526.850690176045	0.331302249954135	0.126667199153999	2.61553308328342	0.00890882902555765	0.0339814341092182
B9J08_00140	873.515958762848	0.274218334426414	0.104873372765349	2.61475651250359	0.00892910842222044	0.034035298103181
B9J08_04088	3513.19879490906	-0.192114032565678	0.0735021704906188	-2.61371917704387	0.00895626175521021	0.0341152713446222
B9J08_00114	4061.27743109326	0.204132886857511	0.0781601994548402	2.61172423153111	0.00900868888904249	0.034291338491555
B9J08_00803	2618.46279559696	0.202838701927031	0.077744538479517	2.60904117374717	0.00907963168428156	0.0345375941631274
B9J08_01326	1799.88350559337	-0.222221906478979	0.0851831944840309	-2.60875290983174	0.00908728327232492	0.0345429261665336
B9J08_02239	268.760846445975	-0.443503582201007	0.170180090916923	-2.60608382456156	0.00915840452432098	0.0347893483202213
B9J08_02071	2267.62958555609	-0.222158256377496	0.0852752178565964	-2.6051913083481	0.00918229739115284	0.0348561522533666
B9J08_01002	1353.38008779614	0.270383405840672	0.103829743908076	2.6041035609223	0.00921149185386658	0.034942975618614
B9J08_02035	457.883596799065	0.363850663560711	0.139760876863465	2.60337994241524	0.00923095918138248	0.0349928061697538
B9J08_04653	2100.16405078934	0.224674598650499	0.0863693221629561	2.60132409313804	0.00928646767053701	0.035155004667848
B9J08_03587	532.256384651625	-0.350791266676911	0.134850030775661	-2.6013436160092	0.00928593914999478	0.035155004667848
B9J08_02465	19274.9216215616	-0.16732918917411	0.0644381879949855	-2.59673951705674	0.00941132646419962	0.0356032863570372
B9J08_04087	1294.06097691423	0.254783583704744	0.098130661705181	2.59637079050993	0.00942143332671733	0.0356171422686503
B9J08_00494	3191.84071495576	0.193621141432242	0.0745825189262713	2.59606599803429	0.00942979505243618	0.0356243863669274
B9J08_04667	3430.32946769239	0.200126525132975	0.0771576054527473	2.5937368579373	0.00949391193156567	0.035842111506669
B9J08_05486	2973.50607512161	-0.209594029389745	0.0808253969105251	-2.59317043158809	0.0095095632456724	0.0358766935555163
B9J08_03183	671.670174401799	0.334507935110553	0.129048767995243	2.59210483220485	0.00953906992612993	0.0359634648579264
B9J08_01312	2117.80868810569	-0.216265860008732	0.0834432401307118	-2.59177207967904	0.0095483006294227	0.0359737270475932
B9J08_02399	860.499839179539	0.291192784023025	0.112446347435564	2.58961532022984	0.00960832345703413	0.0361505811756485
B9J08_01800	1717.96562691118	0.27178849367097	0.104945410837204	2.58980827749181	0.00960293976828968	0.0361505811756485
B9J08_00695	1639.0268984617	0.226803539098499	0.087688648808974	2.58646406552096	0.0096966280614875	0.0364365318824251
B9J08_00313	7174.28838423034	0.177681674690968	0.0686975823789067	2.58643271768942	0.00969751011381353	0.0364365318824251
B9J08_04112	1578.23421132384	0.261426343423292	0.101094244629596	2.58596663322569	0.00971063304521443	0.0364510863269485
B9J08_01347	755.735066133892	0.286178919715867	0.110672115584133	2.58582677493242	0.00971457393877242	0.0364510863269485
B9J08_01210	8623.23753427693	0.179905127373836	0.0695961494023953	2.58498679766965	0.00973827262261386	0.0364904629052114
B9J08_00699	347.245205753687	-0.485582166484307	0.187835887301214	-2.5851405365665	0.00973393126436414	0.0364904629052114
B9J08_05523	351.899977491036	-0.388380901418018	0.15038935573267	-2.58250259485384	0.00980866245790416	0.0367293207349839
B9J08_02418	3768.70600279372	-0.200480451787858	0.0776568645979475	-2.58161918879683	0.00983380281890544	0.0367736320568947
B9J08_01875	471.530089885004	0.351615417614895	0.136196000749556	2.58168680196023	0.00983187662643099	0.0367736320568947
B9J08_05156	719.966901109325	-0.304964013872341	0.11817061683574	-2.58070933399838	0.00985975587562004	0.0368208585976702
B9J08_00425	2270.58293793106	-0.210425148595517	0.0815322982870986	-2.58088086582019	0.00985485837116865	0.0368208585976702
B9J08_00894	1189.74601457045	-0.257785710982175	0.0999340388671186	-2.57955861590814	0.0098926668031996	0.0369188179752088
B9J08_05207	556.523096594889	0.329611682889415	0.127812703396496	2.57886480866384	0.00991255718738705	0.0369680860827856
B9J08_01087	388.666742252938	0.368175961730218	0.142783830877423	2.57855500491711	0.0099214502838747	0.03697630190086
B9J08_01056	1289.30682029811	0.239633240479872	0.0929775311332013	2.5773241939127	0.00995685168144936	0.0370832339914896
B9J08_05259	707.622659920449	-0.29997134839148	0.116427117598039	-2.57647320126161	0.00998139424410836	0.0371356032782651
B9J08_05196	729.326504723267	0.294311401069704	0.114234876255514	2.57637081351062	0.00998435072761027	0.0371356032782651
B9J08_00323	2126.09097578613	-0.237613941417541	0.0922443794983208	-2.5759178251274	0.00999744029328726	0.0371592821123058
B9J08_01503	2906.37078666064	-0.201218397150776	0.078152854823806	-2.57467750352075	0.0100333589183024	0.0372426962669289
B9J08_00805	7187.0087848707	0.171630680138431	0.0666561945386335	2.57486466676334	0.0100279314825991	0.0372426962669289
B9J08_00829	2364.66171080868	0.206166516935573	0.0801004533958865	2.57384956258138	0.0100573992825636	0.0373068763991469
B9J08_03434	439.496583608077	-0.366307288158916	0.142335550161119	-2.57354742187928	0.0100661851065695	0.0373144232622466
B9J08_02280	29.262839395379	-1.28519940084303	0.499607102014095	-2.57242019911633	0.010099023496477	0.0374110609014934
B9J08_05058	1488.83631266642	-0.248170790247376	0.0965099302904636	-2.5714534193576	0.0101272637983726	0.0374905472294746
B9J08_03544	27.8535566848981	-1.36739226351231	0.532401919353656	-2.56834585640177	0.0102185147033994	0.037803032641023
B9J08_01191	4355.75003360748	0.182958897709406	0.0712774601527663	2.56685489798987	0.0102625546781484	0.0379405616763387
B9J08_01557	1642.46484255993	0.246081403650435	0.0960025461923718	2.56327996923469	0.0103688399449235	0.0383078732457168
B9J08_01669	1169.11636132481	0.261204572328862	0.102061317767135	2.5592906112072	0.0104886019840884	0.0387244510127299
B9J08_05086	713.273166176227	-0.289259291544359	0.113081493678257	-2.55797197344571	0.0105284577262002	0.038845651437055
B9J08_02052	2887.00415972989	0.197172377477617	0.0770988768842248	2.55739623514491	0.0105459015902039	0.0388840547625463
B9J08_05507	1707.3192905649	0.21903868743291	0.0856770188700113	2.5565628954158	0.0105711958619288	0.0389513330192537
B9J08_04749	453.572543546914	-0.35050236645685	0.137131902529124	-2.55595058474749	0.0105898156381742	0.0389679833769567
B9J08_04242	12309.4662999717	-0.16810816491194	0.0657671831848116	-2.55611015663452	0.0105849604029601	0.0389679833769567
B9J08_02158	302.689066230206	-0.425671658847071	0.166603942308116	-2.55499151430545	0.0106190386724293	0.0390495187907629
B9J08_05037	187.990440282715	-0.511067074824746	0.200194146120956	-2.55285723747369	0.0106843279607222	0.0392634844673616
B9J08_05236	162.72077562377	-0.546589226075805	0.214216150314082	-2.55157804523329	0.0107236303642075	0.0393230097551128
B9J08_03982	93909.281690862	0.156726971089393	0.0614182715661735	2.55179716219352	0.0107168890189564	0.0393230097551128
B9J08_01028	1561.276520336	-0.227876459289709	0.0893141386744772	-2.55140409650312	0.0107289847495405	0.0393230097551128
B9J08_00789	1079.82335450208	0.259386981349968	0.1016404319589	2.55200589323405	0.0107104707112259	0.0393230097551128
B9J08_04101	4401.38587766078	0.183565478328419	0.0719572376932062	2.55103564579647	0.0107403340283187	0.0393385196650216
B9J08_00481	513.565173298329	-0.351430737445981	0.137872233368515	-2.54895948850448	0.0108044850391114	0.03954727735839
B9J08_02354	1029.66771596887	-0.269658517054037	0.105846521934765	-2.54763701371531	0.010845525447834	0.0396712237923087
B9J08_02966	739.685854107791	0.286623362339694	0.112542282407156	2.54680602000543	0.0108713845409252	0.0397132467664863
B9J08_02671	2993.29151092833	0.192329242916931	0.0755175398206041	2.5468155262184	0.010871088414359	0.0397132467664863
B9J08_03682	11247.768533081	0.168313952970802	0.0661166685940964	2.54571133951281	0.0109055327486133	0.0398116773458294
B9J08_03047	50394.6438960548	0.167488481557861	0.0658211986614415	2.54459786457789	0.0109403650073448	0.0399124735284455
B9J08_04039	58.3468213307753	-0.887185357002302	0.348812073400045	-2.54344796140359	0.0109764405692109	0.0400176695422353
B9J08_00586	1585.84314201589	0.223456773027261	0.0879181446862145	2.54164568445788	0.0110331955447863	0.0401980697271153
B9J08_03081	827.85839293879	-0.277023683808539	0.109116954351781	-2.53877763959068	0.0111240499895562	0.0405023875443197
B9J08_03744	447.18775804472	-0.346251207698907	0.136698636299427	-2.53295290335211	0.0113106148551213	0.0411545545123472
B9J08_02569	2573.83833206864	-0.20481094448962	0.0809172116897306	-2.53111717782551	0.0113699857278772	0.0413433625776165
B9J08_04714	3989.01092027322	0.192137900965741	0.0759229410551942	2.53069623351473	0.0113836388040565	0.0413526021762623
B9J08_01278	562.051190256118	0.31426494495547	0.124198352129702	2.53034713880324	0.01139497251935	0.0413526021762623
B9J08_00615	846.748776945547	-0.272370420772161	0.107636303370578	-2.53046985304229	0.011390987335426	0.0413526021762623
B9J08_05185	15694.2452040087	0.182055514551449	0.0719753731679055	2.5294139722867	0.0114253179117313	0.041435519749435
B9J08_00315	565.287772577239	0.319055163622245	0.12617403500156	2.52869113378438	0.0114488729840513	0.0414937186772797
B9J08_01479	632.393549596869	-0.317461075344023	0.125616450539727	-2.52722532741541	0.0114967714517658	0.0416400103629814
B9J08_00641	502.695781496962	0.332915761227607	0.131774709180182	2.52640103172145	0.0115237851936448	0.0417105178554516
B9J08_01591	86.5193899495964	-0.718113378808857	0.284427960767197	-2.52476365850905	0.011577612166417	0.0418779204475046
B9J08_00133	841.379121107918	0.284744894810014	0.112863461710677	2.52291477236408	0.0116386604980584	0.0420712076996526
B9J08_04271	2784.28739826792	-0.194659819104682	0.0771751947293882	-2.52231069564837	0.0116586683026828	0.0420884779287575
B9J08_04191	7.94130840387585	2.64235788765325	1.04758203360304	2.52233982914461	0.0116577026635968	0.0420884779287575
B9J08_01485	1049.65054362562	0.250157963288771	0.0992939525086932	2.51936756437276	0.0117565857719501	0.0424142621159062
B9J08_04534	1036.09180081675	-0.257328052009282	0.102316334906121	-2.51502413808499	0.0119024234411135	0.0429123903190049
B9J08_02449	353.835676035812	-0.373744035480027	0.148706541485196	-2.51329922508644	0.0119607837910033	0.0430946884047427
B9J08_01596	5994.89195387645	0.223383670412704	0.0889029918493235	2.51266763655495	0.0119822161953434	0.0431437843072723
B9J08_03025	56.0693445263332	0.874617784789893	0.348496143409692	2.50969143082221	0.0120836700239747	0.0434807579573621
B9J08_03153	3205.33811642891	0.191373920418559	0.0763127408306929	2.50775844682529	0.0121499693188956	0.043690878611279
B9J08_02728	507.161813491915	-0.330065053744579	0.131760913579742	-2.50503009410923	0.0122440974989952	0.0440007326898222
B9J08_04302	2657.22248450951	-0.203535101820599	0.0812621371554718	-2.50467325799214	0.0122564560020974	0.0440165252265058
B9J08_02349	1353.27284872009	0.231801022301408	0.09261023073678	2.50297424439251	0.0123154505905598	0.044199672346769
B9J08_05150	5037.0230075395	0.17905969746508	0.0717033841345427	2.49722798479213	0.01251684545835	0.0448933191747568
B9J08_02252	2252.13700029424	0.216001285006868	0.0865630495157062	2.49530586336004	0.0125848598919959	0.0450864855227444
B9J08_00914	1181.68967468986	-0.242460866577196	0.097169161147121	-2.49524503160106	0.0125870177603753	0.0450864855227444
B9J08_02796	746.443871398025	-0.296560942218238	0.118898680653818	-2.49423240516602	0.0126229865245261	0.0451860404929116
B9J08_00843	1175.99366349988	0.24333849505769	0.0976192358869989	2.49273099555267	0.0126764844742599	0.0453481745561388
B9J08_01993	598.039393578433	-0.31122810559604	0.124929454586327	-2.49123080402932	0.0127301393740996	0.0455106599745461
B9J08_04632	1167.08042683123	0.23960067006478	0.0962247300783304	2.49001135019799	0.012773901583817	0.0456190445161159
B9J08_01289	2720.13735968143	-0.214394107598944	0.0861046050371525	-2.48992614862396	0.0127769641597517	0.0456190445161159
B9J08_03517	844.996149565827	0.266304895892844	0.107011548361232	2.4885622156769	0.012826079353362	0.0457648422117702
B9J08_04422	9.54094422955355	-2.45820136667578	0.987908318904146	-2.48828896329427	0.0128359392289723	0.0457704749151805
B9J08_00722	1307.91885122147	-0.238350495865508	0.0958037689052429	-2.48790312311465	0.0128498730765925	0.0457906179847367
B9J08_03650	1547.63079485572	0.234336267473656	0.0942328118999465	2.48677995221523	0.0128905103651224	0.0459058316933192
B9J08_03262	977.827737918369	-0.255404521457862	0.102810158944274	-2.48423428268696	0.0129830360425968	0.0462055635591969
B9J08_00883	374.540801866463	-0.372320159287707	0.149906148008771	-2.48368838925754	0.0130029535780989	0.0462466695148988
B9J08_02867	706.304131568352	0.293686016099812	0.118309138933277	2.48236120005439	0.0130514903437202	0.0463894450995122
B9J08_04102	2265.07232510075	0.215600631656619	0.0869336881322023	2.48005849388041	0.0131360831255569	0.0466601101767048
B9J08_04937	8.90405502419402	-2.67143254437336	1.07763533251054	-2.47897638819041	0.0131760028146509	0.0467718481416671
B9J08_03036	2211.36526480698	-0.203841984649216	0.0822564491100419	-2.47812769520987	0.0132073867511672	0.0468531621140573
B9J08_03088	703.228053249762	-0.28835879867567	0.116470072508409	-2.47581883023943	0.0132931013229715	0.0471269858961278
B9J08_04368	738.956635630018	-0.289490219069415	0.117065058239527	-2.47290031221006	0.0134021521486013	0.0474831377726405
B9J08_02286	1445.24768729651	0.222339314032732	0.0899331577094024	2.4722729602264	0.0134256962226249	0.0475360813724841
B9J08_04241	1370.68818096471	-0.238983071323778	0.0967120783791638	-2.47107781498433	0.0134706503392499	0.0476647147407388
B9J08_04405	1524.34508493893	0.218177542457335	0.0883207378289907	2.47028668261102	0.0135004810580949	0.0477397049315997
B9J08_04266	1864.0770900964	-0.214979655929368	0.0870407686157817	-2.46987313356961	0.0135160977043927	0.0477643682942317
B9J08_04046	3456.09634379722	-0.245656932732651	0.0994861588112632	-2.46925738884633	0.0135393793406326	0.0478160700419657
B9J08_01604	801.628260573075	-0.278790194351913	0.112973944764476	-2.46773886609984	0.0135969469975427	0.047958089378059
B9J08_01089	2561.62535233184	-0.194817318042666	0.0789404080288707	-2.46790361118245	0.0135906910216765	0.047958089378059
B9J08_05220	98.6578811351442	-0.662342529641793	0.268671612177225	-2.4652493959983	0.0136917914746479	0.0482618185461602
B9J08_02565	317.081249538674	0.400143849844603	0.162346283626384	2.46475521894592	0.0137106881192059	0.0482976247513392
B9J08_01547	269.0030049112	0.422294751719986	0.171505579245212	2.46227996534274	0.0138056854328401	0.0486012887817243
B9J08_04149	271.819761424211	-0.414951677555969	0.16861086173079	-2.46100205702344	0.013854957170911	0.048743697188813
B9J08_03712	1759.19277032662	-0.289334406543139	0.117650981253048	-2.45926046227212	0.0139223570264597	0.0489496611229279
B9J08_02750	216.702495370293	0.455967741902268	0.185475141676077	2.4583765661632	0.0139566744809007	0.0490391226039021
B9J08_00947	44621.6753605798	-0.173934607003031	0.0707937614885792	-2.45691997918617	0.0140133897158079	0.0492071187797144
B9J08_01239	841.018361140622	0.269160117258361	0.109602226887679	2.45579058839924	0.0140575048064122	0.0493306851206603
B9J08_00053	1539.00034025632	0.219259384468949	0.0893175759432557	2.45482909890262	0.0140951580562615	0.0494314331072065
B9J08_01000	2014.88758331158	0.202604298356796	0.0825624839959153	2.45395109922831	0.0141296194492016	0.0495106053015636
B9J08_00971	713.754700268018	0.277105126120438	0.112929085676094	2.45379765949082	0.0141356495686389	0.0495106053015636
B9J08_01880	2199.22936761663	0.198986737901575	0.0811398883223597	2.45239107442474	0.0141910337036543	0.0496731116403405
B9J08_04839	2721.46647468641	-0.191452039984672	0.0780834679404327	-2.45188956170241	0.0142108269662289	0.0497109117989541
B9J08_01114	876.896242588005	-0.281661483227939	0.114897967130673	-2.45140527949991	0.01422996330266	0.0497463675988627
B9J08_05456	214.677171694248	-0.453310466462832	0.185059197767223	-2.44954302154184	0.0143037621103694	0.049972751696594
B9J08_02443	2049.04864997559	-0.2047504035649	0.0836124537432262	-2.44880271297489	0.0143331932114856	0.050043941174909
B9J08_04814	2051.90532735301	0.232303954439904	0.0949265948665765	2.44719569648967	0.0143972643339905	0.0502359090744732
B9J08_00176	1433.63440460727	0.225826481447529	0.0923380161122457	2.44565013366775	0.0144591234831479	0.0504199214456518
B9J08_03169	2678.42116008024	0.205683999817986	0.0841884543115621	2.44313785660914	0.0145601743244588	0.0507083071778724
B9J08_01491	1490.06430894208	-0.224627579689963	0.0919354177287885	-2.44331929129446	0.0145528557069126	0.0507083071778724
B9J08_01065	1950.99136458027	0.236389465679063	0.0967671439721243	2.4428690976677	0.0145710213458595	0.0507141278202552
B9J08_03703	2520.60402580437	0.198624038051225	0.0813863278836596	2.44050866055972	0.0146665942742552	0.0510146422616794
B9J08_05042	1163.62376436555	-0.23859008541604	0.09784437143182	-2.43846510457982	0.0147497826880214	0.0512445674292701
B9J08_00797	3212.07701017136	0.197588003698054	0.0810308492943735	2.43842938113909	0.0147512405970633	0.0512445674292701
B9J08_02155	2310.16153840645	0.194746221131892	0.0798782611597318	2.43803781284698	0.0147672292148295	0.051267886853243
B9J08_02455	1568.04786115595	0.238395219822313	0.0977940474511344	2.43772730586117	0.0147799187719383	0.0512797307297571
B9J08_05556	230.388194408603	-0.436040018562459	0.179239647422583	-2.43272080051816	0.0149858514101222	0.0519616064891752
B9J08_02489	608.416150453439	0.303166533257387	0.124726987279912	2.43064103341982	0.0150721389051423	0.0522261439743289
B9J08_01818	315.439568211364	0.441805147778619	0.181780874506999	2.43042701261517	0.0150810432030087	0.0522261439743289
B9J08_03293	6408.52069167988	-0.17585783251101	0.0724057978629228	-2.42878108799989	0.0151496765731462	0.0524309720850214
B9J08_05557	2849.87005003278	0.192565236490049	0.0793429546739322	2.42699855685253	0.0152243164141645	0.0526563184111933
B9J08_01123	592.710434128364	-0.299101279865343	0.123260950734713	-2.42656963200844	0.0152423250224079	0.0526856350211686
B9J08_03589	91.7547197302033	0.667489065907968	0.275111173968724	2.4262521084798	0.0152556684738234	0.0526987997842639
B9J08_02279	28.0546374931444	-1.25956409226457	0.519367157290875	-2.42519010796662	0.0153003722114737	0.0527961542863237
B9J08_00726	975.021171667715	0.251868035494062	0.103857591012623	2.42512880414731	0.0153029562451041	0.0527961542863237
B9J08_02174	1641.54853196972	-0.278326693857428	0.11485187516356	-2.42335350172615	0.0153779543443268	0.0530218051535209
B9J08_00320	16200.2830446205	0.17411790337684	0.0718724500550353	2.42259590766019	0.01541005746566	0.0530993688358496
B9J08_00684	220.426986529666	-0.44864723470447	0.185292002216279	-2.42129843348982	0.0154651750967104	0.0532560889467405
B9J08_04633	697.122205695352	0.27967937098237	0.115566404530584	2.42007503926762	0.0155173046086642	0.0533359095597556
B9J08_03582	800.878091339327	-0.26570974834128	0.10978578688677	-2.42025635445257	0.015509568919909	0.0533359095597556
B9J08_03266	2649.90557226546	-0.195535850285419	0.0807946958751941	-2.42015701856801	0.0155138065972731	0.0533359095597556
B9J08_00220	1803.31291352433	-0.2087117515698	0.0862594865168808	-2.41958026876215	0.0155384309314647	0.053375331111377
B9J08_03294	3781.21599858589	-0.22371402264026	0.0925164165718345	-2.41810081853481	0.0156017533944496	0.0535263134767988
B9J08_00297	672.201700976595	-0.281701315502178	0.116489280531609	-2.41825955329631	0.0155949484764277	0.0535263134767988
B9J08_04297	757.155577306816	-0.279544387084301	0.11569239362529	-2.41627282766491	0.0156803073727507	0.0537624434548345
B9J08_00970	1274.39011200619	-0.235639723972591	0.0976581136171664	-2.41290472695727	0.0158259558057888	0.0542281821070022
B9J08_00379	1762.43098314818	0.21227164843919	0.088046789917845	2.41089594109288	0.0159133880041956	0.0544939872981345
B9J08_01842	1000.96282876207	0.276601246296327	0.114761099696728	2.41023523674209	0.0159422377727273	0.0545589771949619
B9J08_01206	2485.62188259267	0.203203092814464	0.0843573332626727	2.4088373227936	0.0160034295525889	0.0547345019413112
B9J08_02555	792.233412265824	-0.27300555106672	0.113450011237015	-2.406395099392	0.0161108301842	0.0550337196712444
B9J08_00188	1153.34397669924	0.237729418739373	0.098783823439933	2.40656223317706	0.016103460068041	0.0550337196712444
B9J08_02359	1342.99392380369	-0.221078333339571	0.0919327945930121	-2.40478204016628	0.0161821139617716	0.0552430783611559
B9J08_03841	58889.0587721232	0.153344209583718	0.0638127249374419	2.40303497043963	0.0162596324469017	0.0554734497123614
B9J08_05098	2164.69808775168	-0.197302046186272	0.0821523404007542	-2.40166068579174	0.0163208393572813	0.0556048940387894
B9J08_04835	2018.88853502186	0.206803907161083	0.0861092350428068	2.40164608428209	0.0163214907543282	0.0556048940387894
B9J08_00629	21150.8971467071	0.153760652339734	0.0640271201969858	2.40149255294747	0.0163283414193876	0.0556048940387894
B9J08_01701	1102.50732156168	0.244376644700714	0.101852882730912	2.3993100455128	0.0164259998597074	0.0559030179954452
B9J08_02585	320.299519123268	-0.372622229449329	0.155506785936552	-2.39617986575429	0.0165669584079126	0.0563480486895587
B9J08_01272	451.837022359598	0.340205327582018	0.142046452088541	2.39502868660147	0.0166190649772288	0.0564905117645409
B9J08_00016	190.270132641363	-0.477310313389135	0.199323654045101	-2.39464962488161	0.0166362541625525	0.0565141836241103
B9J08_05454	2804.7588430354	-0.182981821019898	0.0764636179723677	-2.39305732415152	0.0167086303373428	0.056725184198092
B9J08_01764	3152.82145013123	-0.195319751716102	0.0816390206402217	-2.39248033825472	0.0167349247165249	0.0567795757570491
B9J08_04993	4293.05967483703	0.171545344661231	0.0718145798414158	2.38872586931574	0.0169069122411969	0.0573279165380952
B9J08_00565	1995.97419884062	0.196762805402548	0.0824141160778646	2.38748911917768	0.016963904907989	0.0574858997096599
B9J08_02293	383.725023768606	-0.342772524279891	0.143643170007058	-2.38627791535824	0.0170198836777858	0.0576402555680896
B9J08_01122	4195.36929952984	0.172916851003669	0.072472229615974	2.38597393677475	0.0170339582171717	0.05765259465175
B9J08_03567	819.297392659039	0.329523628538017	0.138186417370936	2.38463110056231	0.0170962552737987	0.0577573367348934
B9J08_02549	892.294074254968	-0.252440578945097	0.105852344255039	-2.38483692280702	0.017086693785364	0.0577573367348934
B9J08_02110	658.802257620598	0.311634545898717	0.130673649073637	2.38483082172982	0.0170869771438904	0.0577573367348934
B9J08_01616	311.537132131351	-0.376775546388627	0.158189324802197	-2.38180134379962	0.0172281885702906	0.0581675004447137
B9J08_01732	2919.55972481349	0.185737514354907	0.0780506877349814	2.37970375079298	0.0173265613302867	0.0584639221443802
B9J08_03503	562.177512021441	-0.296338681916521	0.124564180402435	-2.37900398781677	0.0173594881658875	0.0585392868168764
B9J08_03909	422.178203369957	0.330488948031746	0.138941018357883	2.37862765033487	0.0173772191322575	0.0585633476487728
B9J08_04347	1295.10326027032	0.221277998498822	0.0930381394017703	2.37835794999369	0.0173899357059321	0.0585704903392363
B9J08_03789	1000.99728537869	-0.24518999123133	0.103157676626312	-2.37684677718682	0.0174613397074936	0.0587036645762271
B9J08_02719	1257.1172748329	-0.224991604391667	0.0946566918667128	-2.37692232799008	0.0174577637825033	0.0587036645762271
B9J08_00400	8103.67337859146	0.219845272248952	0.0924863531159443	2.37705634228377	0.0174514222785007	0.0587036645762271
B9J08_03654	1370.18907206731	-0.23833478236148	0.100307731171112	-2.37603602014398	0.0174997544131455	0.058797047198453
B9J08_00744	4425.85095132853	0.198806530825639	0.0837159315549933	2.37477535198951	0.0175596336616116	0.0589623907944882
B9J08_02124	758.358783534554	-0.26257530033091	0.11058858628711	-2.37434358414902	0.017580183033742	0.0589955504720657
B9J08_01238	1467.29184014382	0.211902263740202	0.0892835555653939	2.37336273626556	0.0176269434390711	0.0591165754780011
B9J08_04493	112.751752842504	-0.595297819134419	0.25091928759687	-2.37246735727558	0.0176697243917891	0.0591954330028146
B9J08_00382	2463.28486592799	-0.1991837727686	0.083957973359312	-2.37242235369547	0.0176718770498723	0.0591954330028146
B9J08_00902	1446.41708669207	0.214865912830697	0.090596189345833	2.371688195521	0.0177070265409763	0.059277247542081
B9J08_02745	3348.58777545437	0.189182750867486	0.0798820783059706	2.36827527374618	0.0178712336031499	0.0597907434168338
B9J08_03359	1964.08667018989	0.205353137559695	0.0867248130555978	2.36787062807557	0.0178907906509972	0.0598199636588395
B9J08_01702	906.297590274457	0.249479675439392	0.105515044825738	2.36439908499699	0.0180593467021399	0.0603470430608992
B9J08_04700	3917.13206710978	-0.176974369480675	0.0749234358009668	-2.36206959262793	0.0181732303243794	0.0606909027207523
B9J08_04291	1818.67459830795	0.200855362496975	0.0850598832510739	2.36134067929654	0.0182089941888757	0.0607736176823164
B9J08_05495	1359.48008221783	-0.232714413849749	0.0986373288501376	-2.35929355105832	0.0183097655534868	0.0609437129221716
B9J08_05352	8069.38168170391	0.158738542664132	0.0672753520001576	2.35953492541756	0.0182978583926427	0.0609437129221716
B9J08_04928	11.7274860959486	1.91010231268942	0.809492361816098	2.35962981590599	0.0182931792371639	0.0609437129221716
B9J08_02602	420.936023015196	0.326276842490864	0.138297445275992	2.35923983873841	0.018312416141151	0.0609437129221716
B9J08_01332	1825.67992641227	-0.200392883613153	0.0849415492544763	-2.35918564438701	0.0183150908564731	0.0609437129221716
B9J08_02347	9.47505103998674	-2.21030762127724	0.937259926388354	-2.35826536379771	0.0183605627503677	0.0610582613244781
B9J08_02082	1647.3323573036	0.203581062857455	0.086430123233359	2.35544108051069	0.0185007307237736	0.0614873954962698
B9J08_00028	7352.01915971463	-0.163249161449094	0.0693219864666798	-2.35494061508986	0.0185256660428973	0.0615332669585897
B9J08_02305	295.71312669449	-0.381745552139611	0.162142669871146	-2.35438057386734	0.0185536045478115	0.0615890524539065
B9J08_03451	217.514426871823	0.431432719392892	0.183327238309153	2.35334761692831	0.0186052318963401	0.0617233593583865
B9J08_03749	30.1396006941919	-1.1409088920517	0.484927616561357	-2.35274060104462	0.0186356292448894	0.0617871162786467
B9J08_00355	19945.5013554182	0.145419081024886	0.0618533558527611	2.35102977065705	0.0187215359063207	0.0620347295888697
B9J08_04713	4366.00921305655	-0.172126998391607	0.0732906273007723	-2.34855403386339	0.0188464644764788	0.062411269719292
B9J08_02532	449.992851731752	-0.334432627744862	0.142595190464096	-2.3453289459231	0.0190102993283673	0.0629161223879558
B9J08_03766	1838.14137256494	-0.214809281631956	0.0917015635730239	-2.34248221363094	0.0191559470051531	0.0633602148997494
B9J08_01345	3930.38555710867	-0.182129456541409	0.0777653544984874	-2.342038530088	0.0191787348762859	0.0633976481227467
B9J08_00359	504.007436501442	-0.351656801870252	0.150225216947112	-2.34086399751418	0.0192391740479698	0.0635594231698322
B9J08_04917	5476.21268023775	0.165073047601793	0.0705358353506342	2.3402721011414	0.0192696949233911	0.0635925706298731
B9J08_04202	2062.45530666838	0.20481537691598	0.0875195914618895	2.34022318311628	0.0192722192518613	0.0635925706298731
B9J08_00707	1353.38790810958	0.230383286039345	0.0985469253341928	2.33780288180548	0.0193974760575854	0.0639676910323835
B9J08_04503	8958.61371133591	0.209145873933822	0.0894974762508696	2.33689130347728	0.0194448366552387	0.0640474446921957
B9J08_02180	12.7712644599458	1.77640014641852	0.760147110233255	2.33691626594939	0.01944353839826	0.0640474446921957
B9J08_03124	1345.18479838716	0.219424782071427	0.0939243231324325	2.33618699345898	0.0194814978843625	0.0641299814216029
B9J08_05319	69.3838914865283	0.749705907902831	0.321322388419983	2.33318914249738	0.0196382204417093	0.0645991380286696
B9J08_02527	5105.95643745425	0.166317679228676	0.0712887525898452	2.33301430010388	0.0196473947939558	0.0645991380286696
B9J08_02716	774.032873924016	-0.259423057583612	0.111209017628098	-2.33275199364828	0.019661165592046	0.0646059822991902
B9J08_05141	10.9432337439391	1.97376087980258	0.846667800150285	2.33121051663029	0.019742261875872	0.0648339164515416
B9J08_00598	3320.81523612068	0.1769288891638	0.0759286561130695	2.33019913983892	0.0197956284276988	0.0649705690735697
B9J08_00193	555.469312036797	0.289635720128697	0.124366084093631	2.32889635658738	0.0198645570026195	0.0651581047795121
B9J08_00868	8746.70590402025	0.151606315145956	0.0651609685745927	2.32664305737576	0.0199842708650014	0.0655119009910217
B9J08_05304	469.810919071133	-0.316397274193242	0.136123339727735	-2.32434257656387	0.0201071405874737	0.0658756170877103
B9J08_02700	540.452878814235	-0.32335128405743	0.139174725631012	-2.32334773854498	0.0201604792049581	0.0660112373020164
B9J08_02306	1021.20199245285	-0.234374224149064	0.100910904246086	-2.32258570964253	0.0202014191418107	0.0661061240951969
B9J08_04081	131.594012192296	0.571207196106298	0.246063952751584	2.32137698236103	0.0202665067044362	0.0662798713345674
B9J08_00595	1220.02521786805	-0.220230492103961	0.0949085241053958	-2.32045007737551	0.0203165425700919	0.0664042169041385
B9J08_04356	320.300109936125	-0.368773015409876	0.159032027047277	-2.31886005766779	0.0204026254870657	0.0666461649332224
B9J08_04260	3858.29383825913	0.168720113459421	0.0727736809986544	2.31842214306214	0.0204263897841838	0.0666843805890041
B9J08_00476	219.751550446365	0.429962134999239	0.185495740376354	2.31790840116806	0.0204542997708212	0.06673607723337
B9J08_05432	44244.7928951198	0.158813743816514	0.0685948164735631	2.31524409541532	0.0205995773103868	0.0671704211177038
B9J08_05577	1105.06127012066	0.242373421555661	0.1047161874696	2.31457454107583	0.0206362274954955	0.0672502531648606
B9J08_02523	3739.1507900783	0.18183800958679	0.078575371928526	2.31418579541938	0.0206575328022167	0.0672800140234835
B9J08_01162	2518.04401178446	0.191514592314729	0.0827891584046555	2.31328106246288	0.0207071911957476	0.0674020292926366
B9J08_04992	7904.52748140869	0.159212083996186	0.0688817348342827	2.31138319003176	0.0208116986219839	0.0677023297726339
B9J08_05370	638.677312557165	0.279214793988728	0.120897155662461	2.30952326759682	0.020914562061189	0.0679969320659952
B9J08_02361	2440.368753514	0.183895478587138	0.0796547962353065	2.30865543920163	0.0209627089227674	0.0681133993040185
B9J08_01521	1652.66687335635	-0.226096012003444	0.0979933939232898	-2.30725769310974	0.0210404585322125	0.0683258603452049
B9J08_04019	680.046280260063	-0.283243671493993	0.122878360558554	-2.30507365337952	0.0211624487644142	0.0686816525665985
B9J08_04687	1388.38496289877	0.221729409101157	0.0962022640450166	2.30482526895002	0.0211763613005518	0.0686864723639377
B9J08_01718	2880.56072737576	0.176931601521173	0.076804787866144	2.30365328043782	0.0212421143957163	0.0688593350528585
B9J08_04383	5693.18346717777	0.159124298873526	0.0690929105397199	2.30304813663985	0.0212761348718362	0.0689126176079358
B9J08_03284	3061.07710497929	-0.202339957592563	0.0878624448226525	-2.30291745239937	0.0212834880146094	0.0689126176079358
B9J08_01665	696.655773574667	0.261839648316481	0.113721922310949	2.3024553489391	0.0213095067055402	0.0689564657854336
B9J08_01706	1381.87576331915	0.214525636134914	0.0932345220120371	2.30092493108098	0.0213958746335628	0.0691954354006444
B9J08_04293	2113.26964948441	0.195223781261824	0.0848761722022094	2.30010114966922	0.0214424901689034	0.0692651333509814
B9J08_03674	2118.84810700139	0.191916048325522	0.0834340631195028	2.30021218133222	0.0214362020389641	0.0692651333509814
B9J08_05524	639.976340090199	-0.279637719723095	0.121628165870879	-2.29911976161805	0.0214981396439127	0.069404332834057
B9J08_03196	295.214102502165	-0.403147186912332	0.175382074879855	-2.29867953830805	0.021523143273618	0.0694444908775754
B9J08_05107	356.061463314751	-0.343497740262207	0.149588827535253	-2.2962793807663	0.0216599122771832	0.069845003008163
B9J08_04240	498.436833019366	-0.306317690754108	0.133518733207491	-2.29419260799968	0.0217794377257685	0.0701894765657856
B9J08_05090	762.774896145086	0.260715607937856	0.113672815872256	2.29356162189952	0.0218156919694976	0.0702653435404505
B9J08_02882	1067.4059128225	-0.236865743121652	0.103304767717934	-2.29288297485357	0.0218547432494141	0.0703501257655865
B9J08_03548	3894.93352286377	-0.207338537261181	0.0904382387878638	-2.29259813149971	0.0218711520601941	0.0703619659119282
B9J08_03987	1194.55787540254	0.219334951139031	0.0957009203833355	2.29187922394552	0.0219126134419984	0.0704543423466697
B9J08_02592	550.193271219028	0.290185671694352	0.126736685057537	2.2896738348696	0.022040231282669	0.0708234641275068
B9J08_00573	10984.0287538688	0.158725458877853	0.0693507507085199	2.28873454513814	0.0220947805824703	0.0709574969664807
B9J08_02669	64482.8205970603	0.147705714041087	0.0645656597367242	2.28768225467498	0.0221560318450613	0.0711128850218664
B9J08_04674	25.8834638875653	1.31724389547803	0.575957129581067	2.28705198325464	0.0221927890809599	0.0711579658164658
B9J08_03310	2045.83547405158	-0.187619731030342	0.0820401592692277	-2.2869254850498	0.0222001728043236	0.0711579658164658
B9J08_01537	775.770343405335	-0.256403052507211	0.112124085903765	-2.28677942335495	0.0222087011097166	0.0711579658164658
B9J08_01324	8.25239676391707	-2.31673386817454	1.01373619630255	-2.28534196236109	0.0222927842355758	0.0713050065590933
B9J08_01157	3803.6194356764	-0.165785929842131	0.0725434386530838	-2.28533321441999	0.0222932967856185	0.0713050065590933
B9J08_01128	43.2453704408058	-0.916233622620454	0.40088747989075	-2.28551318906279	0.0222827539660856	0.0713050065590933
B9J08_01873	1319.52956718406	0.2153449955627	0.0942648391717433	2.28446786155714	0.0223440492868712	0.0714260037064991
B9J08_02784	1665.45553158029	-0.200956386498659	0.0879939826310424	-2.28375146220244	0.0223861417218669	0.0715191938131551
B9J08_04008	4696.91629025795	0.174044193061694	0.0762220825436783	2.28338281051242	0.0224078289062974	0.071547123261182
B9J08_02106	200.235519990815	-0.459207546550396	0.201130394012215	-2.28313353039276	0.0224225040031349	0.0715526441254772
B9J08_04419	35.499888952837	-1.05897285095214	0.463941200301424	-2.28255832908161	0.0224563979358303	0.0715781495913115
B9J08_02346	616.401272823161	-0.290555830472602	0.127283268611435	-2.28274959971053	0.0224451223096187	0.0715781495913115
B9J08_04851	1393.80264045885	-0.207377127509443	0.0909221607327982	-2.28082049346454	0.0225590711854139	0.0718639691307104
B9J08_03355	2051.17455396789	-0.187178570060074	0.0821207556525376	-2.27930891006469	0.0226487087531203	0.0721079569576591
B9J08_05573	413.195062276061	0.327354429326814	0.143658028712783	2.27870612077866	0.0226845406609315	0.0721804583954913
B9J08_04178	2556.23227880548	-0.19789303632668	0.0868559835725002	-2.27840418342043	0.0227025073861018	0.0721960634769763
B9J08_03146	23097.900927462	-0.200970472982533	0.0882778148773458	-2.27656827779169	0.0228120190035948	0.0724617789158842
B9J08_01869	166.587431603481	-0.486727437673978	0.213799160476884	-2.27656383957879	0.0228122842977453	0.0724617789158842
B9J08_03516	3397.49994825224	-0.168743056900959	0.0741500046705305	-2.27569853367822	0.0228640591873525	0.0725845233362993
B9J08_03211	1250.79198485906	-0.217841366743902	0.095771123532724	-2.27460385456863	0.0229297046790441	0.0727273869852858
B9J08_02103	1762.04175133913	0.198749928543997	0.0873941181047329	2.27417969142746	0.0229551847816654	0.0727273869852858
B9J08_00381	2049.50892892062	0.186444063905201	0.0819869006055051	2.27407137638134	0.0229616953662608	0.0727273869852858
B9J08_00190	486.437148514894	-0.302231495190195	0.132878551873142	-2.27449419736853	0.0229362895922248	0.0727273869852858
B9J08_04568	1713.5002322954	0.197733571504663	0.0869917794028247	2.27301444874505	0.0230253092456477	0.0728410657230492
B9J08_03454	122.83946026534	-0.545424908074446	0.240000412221077	-2.27259988025365	0.0230503028676702	0.0728410657230492
B9J08_01878	45.2495106146311	-0.911903155912569	0.401184087975246	-2.27302922335453	0.0230244189443655	0.0728410657230492
B9J08_00588	6645.08449196643	0.164154211848892	0.0722310512606801	2.27262664718063	0.0230486884243852	0.0728410657230492
B9J08_03446	233.260335532644	0.403789344616837	0.177999512417204	2.26848567804172	0.0232996209557109	0.0735868600126939
B9J08_05227	455.665040414289	0.307637942455058	0.135639177306433	2.26806110567929	0.0233254825505811	0.0736264660520055
B9J08_01813	7853.06737153152	0.153098939565238	0.0675197116443515	2.26747028144404	0.0233615123608226	0.0736981043483256
B9J08_05483	6730.010102587	0.152703015340284	0.0674527423880264	2.26385184551651	0.0235832285245689	0.0742280774802349
B9J08_03535	575.365244761669	0.279149092879475	0.123306252020528	2.26386811946083	0.0235822272808385	0.0742280774802349
B9J08_03523	884.971308035772	-0.257033929002063	0.113527022009802	-2.26407708448363	0.0235693741224955	0.0742280774802349
B9J08_02913	35555.5745641432	0.139266806913608	0.0615084698708266	2.26418909795806	0.0235624868269195	0.0742280774802349
B9J08_05302	136.314740901646	-0.525399414915266	0.232259687808654	-2.262120559415	0.0236899556885148	0.0744791724063831
B9J08_00116	4516.53277943784	-0.16643610971585	0.0735696277935216	-2.26229375773063	0.0236792598439307	0.0744791724063831
B9J08_01360	1494.88080837122	-0.211260034250274	0.0934082727843734	-2.26168440923808	0.0237169086689413	0.0745160145212644
B9J08_00861	117.224791422403	-0.563960025694898	0.249374901457791	-2.26149473101789	0.0237286386027547	0.0745160145212644
B9J08_03330	496.942026374892	-0.326129625237907	0.144226826257586	-2.26122721896026	0.0237451904311136	0.0745256487863515
B9J08_01548	43.1678193901596	-0.920543781221409	0.407347811289393	-2.2598471274648	0.0238307403365353	0.0747517036549548
B9J08_03491	338.187753421395	-0.349908388015466	0.154871681019577	-2.25934390142789	0.0238620010513957	0.0747710940792067
B9J08_01631	3794.22117136024	-0.173719068726861	0.0768902489414734	-2.25931208597193	0.0238639786422509	0.0747710940792067
B9J08_03566	663.653732700662	0.281290331569335	0.124571945783792	2.25805521298948	0.0239422174008033	0.0749737312035354
B9J08_01095	3058.02011765689	0.178218588117626	0.0789949167376924	2.25607666262136	0.0240658303998309	0.0753181453113622
B9J08_01513	1991.61372602078	0.188082168621662	0.0833937813626002	2.25535004587299	0.024111365640159	0.0754179501376111
B9J08_04492	62.0466951444966	0.772843405454428	0.342962385024161	2.25343489315886	0.0242317415240187	0.0756714006199185
B9J08_00525	3375.03873002126	0.172005313536194	0.0763212437521518	2.25370165736252	0.0242149430372396	0.0756714006199185
B9J08_00317	1549.57712003362	0.211189853337784	0.0937202237509959	2.25340748117388	0.024233468264385	0.0756714006199185
B9J08_00184	76.1732687638853	-0.707223567763766	0.313936003779359	-2.25276349080629	0.0242740653135393	0.0757553692760765
B9J08_05197	861.575912440757	-0.237591324776264	0.10558615065437	-2.25021296167909	0.0244354298894031	0.0762159260715187
B9J08_02429	579.055052173757	-0.283482508015209	0.126118520377069	-2.2477468588091	0.0245923361805505	0.076619470746189
B9J08_02243	8.65998424740095	2.15777379766139	0.959973219893802	2.24774374216407	0.0245925350287207	0.076619470746189
B9J08_01306	959.3867379772	-0.23234830813313	0.103542102389363	-2.24399836174275	0.024832506750848	0.0773235294715136
B9J08_04662	16074.9584791428	-0.150157720504681	0.0669587846222167	-2.24253951668739	0.0249265243116415	0.0774853205120599
B9J08_04603	871.174410485966	-0.236304666256434	0.105357433633654	-2.24288555735048	0.0249041953358665	0.0774853205120599
B9J08_00798	2194.44077016265	-0.192275231947141	0.0857375024853892	-2.24260360254729	0.0249223877339839	0.0774853205120599
B9J08_04966	890.62147525755	0.234265323369307	0.104486688377366	2.24205903170393	0.0249575573268533	0.077538178384215
B9J08_00517	622.429899675408	-0.268127826579467	0.119639248097943	-2.24113600546841	0.0250172665637816	0.0776800181449556
B9J08_00469	765.312632023151	-0.258573413614507	0.115421958336042	-2.24024455434805	0.0250750506216674	0.0778157241920022
B9J08_03337	6407.86913725004	-0.163483137265919	0.0730304438452038	-2.23856146366082	0.0251844640119425	0.0781114099854131
B9J08_02694	954.139639234372	-0.232120417135224	0.103756258637512	-2.23717026985496	0.0252752136661204	0.0783489096649733
B9J08_02629	811.587430419245	-0.253327559946014	0.113259737108685	-2.23669563794695	0.0253062392992491	0.0784011124478416
B9J08_01147	1884.83067787761	0.496545949115807	0.22202722776927	2.23641917302059	0.0253243263835749	0.078413194354072
B9J08_00862	667.786872569779	0.263481889220455	0.117847825616764	2.23578065901094	0.0253661424619144	0.0784986950655101
B9J08_05571	427.61142960117	0.333911924756671	0.149473713912879	2.23391736256243	0.0254885109218875	0.0787968528656284
B9J08_02364	688.043731660268	0.258928230804187	0.11590966792013	2.23387949815029	0.0254910028810826	0.0787968528656284
B9J08_05466	311.661644875094	-0.353874409903799	0.15854629369235	-2.23199421230541	0.0256153454573519	0.0791369560328584
B9J08_00985	62320.003746904	0.156174514393342	0.0699866491748013	2.23149009467897	0.0256486829209069	0.0791956818457278
B9J08_02501	4892.04700622685	0.155942868830915	0.0699288297787655	2.23002257186733	0.0257459444173716	0.0794516107173717
B9J08_03705	2194.79037494272	0.182742595894889	0.0820041605041937	2.22845517558275	0.0258501772508043	0.0797238197337911
B9J08_01561	861.870461405904	0.256225100251553	0.114988730468623	2.22826271067901	0.0258630014081215	0.0797238197337911
B9J08_04650	505.542874906224	0.295048178271893	0.13249145917243	2.22692224928933	0.0259524705667792	0.0799550194105845
B9J08_01404	1054.3559016165	-0.22869881035087	0.102774722342134	-2.22524376752426	0.0260648781367909	0.0802565913437567
B9J08_05281	886.762671773439	0.24134654634975	0.108536568852663	2.22364267546891	0.026172494903093	0.0805430842591287
B9J08_04453	1174.79091974514	0.219394152704319	0.0987666296777976	2.22133886131419	0.026328018624203	0.0809766048614191
B9J08_04567	3188.84607308476	-0.175308922520572	0.0789404086790253	-2.22077546156854	0.026366173388994	0.0810488544610511
B9J08_04433	403.179157210652	0.328855135544464	0.148195988858429	2.21905557685922	0.0264829437422557	0.0811938166591494
B9J08_02843	418.1575450854	0.325354358974117	0.146597806649695	2.2193671679657	0.0264617554054919	0.0811938166591494
B9J08_02166	1772.33720046989	-0.204258107637402	0.092018985003224	-2.21973875967275	0.0264365061497382	0.0811938166591494
B9J08_02113	1064.11607472867	0.233061792941043	0.105030141371826	2.21899913583817	0.0264867833248501	0.0811938166591494
B9J08_00278	1009.02336142849	-0.222107635869459	0.100090005086369	-2.21907907465685	0.0264813453705162	0.0811938166591494
B9J08_00150	813.072306669924	-0.250208492140011	0.112916494520676	-2.21587194326331	0.0267002735392665	0.0818028890529525
B9J08_04494	325.832397478171	0.349412084536005	0.157961702142867	2.21200506069491	0.0269663152639994	0.0825722019191825
B9J08_00623	1928.18913238025	-0.183900643976131	0.0831609589682609	-2.21138195443751	0.0270093984018102	0.0826583305464035
B9J08_03271	4328.17364901532	0.164151229237649	0.0743454477951175	2.20795266026266	0.0272475733510146	0.0833410835146971
B9J08_01285	1505.72684675239	-0.207580033347591	0.0940658489597041	-2.20675235107392	0.0273313656241783	0.0835511381663901
B9J08_05103	1166.20328151151	-0.218837354577501	0.0992028287420015	-2.20595881541478	0.0273868834828578	0.0836745743558624
B9J08_02277	112.740168127391	-0.556952210959491	0.25254920799594	-2.20532155051718	0.0274315386410347	0.0837647039055243
B9J08_01607	4499.0052851326	0.158935519446093	0.0720984932569472	2.20442220449285	0.0274946655191163	0.0839111078543101
B9J08_04327	1017.16106267006	0.223468881741671	0.101396346394155	2.2039145362594	0.0275303550622615	0.0839736602809708
B9J08_00645	6269.42030507244	0.150440785134104	0.0682812834249645	2.20325069459811	0.0275770840271592	0.0840697978037005
B9J08_05343	49.9185586441558	-0.81959480701187	0.372734908152913	-2.19886785241922	0.0278873200755159	0.0849650399016816
B9J08_02915	2332.50825977607	-0.182068542710719	0.0828085411323288	-2.19866864240213	0.0279014922058173	0.0849650399016816
B9J08_01847	1019.78425101999	-0.230340962536034	0.104791525718055	-2.19808768846227	0.0279428576933423	0.085044148937832
B9J08_02675	794.032948065678	0.242345984710725	0.110320388737124	2.19674701553308	0.0280385190459136	0.085288329535919
B9J08_01117	1839.74664130943	0.18665017703847	0.085061574929841	2.19429486454277	0.0282142184105544	0.0857284140490016
B9J08_00460	9280.2381970577	-0.146627686874929	0.0668181252686619	-2.19442982402408	0.028204523799243	0.0857284140490016
B9J08_05297	2525.36548186871	-0.175096261991345	0.0798215188872853	-2.19359722080202	0.0282643783996033	0.0858005207559557
B9J08_03177	7968.22240595237	0.144424483528295	0.0658410342524339	2.19353303252457	0.0282689973397133	0.0858005207559557
B9J08_04072	18.9003923847132	-1.37694737537527	0.62790439881213	-2.19292519367626	0.0283127692165337	0.085886210460912
B9J08_00294	3721.24975784265	0.165612791196276	0.0756069248196288	2.19044474552257	0.0284919979175072	0.0863824862808898
B9J08_05378	2200.16676866531	0.176787637868169	0.0807166134938921	2.19022615315181	0.0285078394105434	0.0863831296173647
B9J08_04962	2209.89267047901	0.182910994822403	0.0835694035963059	2.18873160452336	0.028616353458567	0.0866169690939211
B9J08_03357	1608.55001332492	0.225907478383329	0.103209398316113	2.18882661917486	0.0286094441970909	0.0866169690939211
B9J08_01441	2950.68826774008	0.168162274674781	0.0768409388639793	2.18844638236988	0.0286371028336887	0.0866323302472892
B9J08_04444	16161.2100738871	0.141405327333256	0.0646326859166157	2.18782997066974	0.0286819898889759	0.0866732411789884
B9J08_03988	380.160532269688	-0.343944869930049	0.157203496598269	-2.18789579985613	0.0286771933244028	0.0866732411789884
B9J08_01882	1471.21657113477	-0.19729259820054	0.0902958923633038	-2.18495651393241	0.0288920351980637	0.0872602614971029
B9J08_03168	339.324603486551	-0.333619549595539	0.152793617779343	-2.1834652156567	0.0290015678604455	0.0875432362450477
B9J08_05413	1904.48889877557	0.203110706033963	0.0930740414446155	2.18224870094231	0.0290911827861053	0.0877658118224911
B9J08_04287	1592.52370403987	-0.216823903547957	0.0994265583151416	-2.18074433252244	0.029202332038032	0.0880530764725601
B9J08_00433	1099.7378589621	-0.220734789462004	0.10126972030371	-2.17967215471729	0.0292817720384704	0.0882444678607558
B9J08_02547	3459.49842550884	-0.160119959375071	0.0734807399771957	-2.17907385560846	0.0293261821049542	0.0883301408687095
B9J08_02965	2915.39846258785	-0.17471376375561	0.0802000810831759	-2.17847365483849	0.0293707915398423	0.0884163207193402
B9J08_04239	1459.41190820939	-0.207137815862209	0.0952445772387061	-2.17479904754127	0.0296451785060935	0.0891937406658567
B9J08_01288	443.769379997085	-0.304580145821778	0.140141692845579	-2.17337281744835	0.0297522689862114	0.0894672419405824
B9J08_02617	1454.17106037487	0.215714131007722	0.0993075647197491	2.17218226644141	0.0298419177359301	0.0896880257349026
B9J08_03571	509.912662244048	-0.278381399826761	0.128205245568114	-2.17137293090601	0.0299029933923034	0.0898227415648158
B9J08_03478	8844.91416934072	-0.147613699517661	0.0680067594350572	-2.17057393623679	0.0299633940621715	0.089955284617937
B9J08_05119	35.4774685800489	-0.987206876291717	0.454876071239517	-2.17027656258467	0.0299859010361421	0.0899739820992169
B9J08_04531	1614.91084905085	0.19904592594683	0.0917396132726837	2.16968350798681	0.0300308302618787	0.0900319644944336
B9J08_03061	657.636355092712	0.265830690644882	0.122525686313866	2.16959152519188	0.0300378039673848	0.0900319644944336
B9J08_04251	13453.6855627732	-0.153953399559898	0.0710005546352792	-2.16834080171256	0.0301327661966661	0.0902676416091996
B9J08_03002	6024.17164678247	0.15428694862873	0.0711653771143808	2.16800577590914	0.0301582470803987	0.0902950333766867
B9J08_02115	3097.7994395026	0.168461553587483	0.0777485211823777	2.16674929664985	0.0302539754835741	0.090532605575373
B9J08_03225	32259.6142463411	-0.142247024907828	0.0657610638539405	-2.16308886400876	0.0305343454447196	0.09132214679273
B9J08_02159	2483.26444744968	0.170684161728694	0.0789690575213326	2.16140558195956	0.0306640232978198	0.0916603876511899
B9J08_02140	1280.6720906393	0.203538298245639	0.0943440239535047	2.15740531001676	0.0309740978542312	0.0925372101839652
B9J08_01922	2001.32828070348	-0.205007797119477	0.095079344171862	-2.15617596971338	0.031069927195173	0.0927733590533341
B9J08_05501	2266.98288238813	0.180268062182946	0.0836259339078397	2.15564782070609	0.0311111754619547	0.092796258380045
B9J08_04209	291.317480920657	-0.364538458944203	0.169098488843058	-2.15577597078668	0.0311011626662769	0.092796258380045
B9J08_05374	3574.26230337202	0.161843079932226	0.0753444668712839	2.14804200829655	0.0317104184395548	0.0945326228238509
B9J08_03347	5.33637211721695	2.81341118957126	1.31004588041465	2.147566914741	0.0317481761015769	0.0945941613549411
B9J08_03328	798.577287250045	0.24998664350881	0.116431270171895	2.14707477758972	0.0317873289319729	0.0946597882580894
B9J08_02260	1534.01759957098	0.192441993880935	0.0896500004618769	2.14659222408782	0.0318257595098502	0.0947231948362638
B9J08_00850	186.489885625251	0.426928888524795	0.198925431144377	2.14617550942965	0.0318589787269352	0.0947710309062275
B9J08_03804	6996.5876919975	0.146972250421454	0.0684986605097288	2.14562225491373	0.0319031284135355	0.0948513129325503
B9J08_01789	46.5766504651863	0.82568041177771	0.384931137619166	2.14500810946243	0.0319521986112813	0.0949461299594364
B9J08_01236	968.216879025672	0.229922923510607	0.107255174124572	2.14370006283857	0.0320569271709639	0.0952061453379458
B9J08_02151	9449.64114600425	0.145832140309546	0.0680871854397355	2.14184415713032	0.0322060247692307	0.0955975826528132
B9J08_05130	158.966896770153	1.29123999945532	0.603059626361836	2.14114814358435	0.0322620933143083	0.0956055485377945
B9J08_02510	1461.75184838528	0.192973703656308	0.09012138948428	2.14126418556794	0.0322527395507416	0.0956055485377945
B9J08_01474	1311.72812435299	0.212895413356353	0.0994395961278298	2.14095211210105	0.0322779000491269	0.0956055485377945
B9J08_00535	1782.00063134302	0.189020061875933	0.0882674152428319	2.14144779651609	0.032237944022059	0.0956055485377945
B9J08_04934	29.6970344528147	1.03942015839851	0.485552633016074	2.14069513317643	0.0322986312497458	0.0956157123285189
B9J08_02315	362.398294531295	-0.327223148140494	0.152885724069464	-2.14031198878857	0.0323295617522147	0.0956560427218901
B9J08_03312	7931.22076538294	0.143438599238911	0.0670425058907576	2.13951727091821	0.0323937987029428	0.0957948236656847
B9J08_03117	2171.0072355471	0.175330442934565	0.0820975726866872	2.13563491826593	0.0327091829449592	0.0966757508752886
B9J08_02855	1261.99737027671	-0.216983390335796	0.101713598356666	-2.13327808514774	0.0329019208554536	0.0971934348306211
B9J08_04058	2221.13032090342	0.17793703329838	0.0834510771033792	2.13223171557092	0.0329878024021552	0.0973430773500863
B9J08_00714	104098.176607606	0.12779732102781	0.0599346535658866	2.13227762945725	0.0329840299649761	0.0973430773500863
B9J08_00875	1811.78971331809	-0.192107211284973	0.0901126559697684	-2.1318560552629	0.0330186817745973	0.0973822060662749
B9J08_03830	3635.85142285117	0.161372519766602	0.0757121260818673	2.13139596148853	0.0330565353063547	0.097441851007052
B9J08_03810	15499.6283604182	0.162151296557595	0.0760914646886395	2.13100506372306	0.0330887250188528	0.0974847458311299
B9J08_04360	4905.80774591337	0.1480450511714	0.0694816151269153	2.13070825859446	0.0331131842915619	0.0975048319549616
B9J08_02314	1120.98394804492	0.206537866585584	0.0971288778802815	2.12643109951457	0.0334673805639393	0.0984953207544688
B9J08_05294	1242.52787300203	-0.207853038514583	0.0977671015581868	-2.12600184726636	0.0335031057226307	0.0985479858057369
B9J08_02217	309.71063730655	0.340957745741413	0.160419386743693	2.12541484332048	0.0335520128067332	0.0986393482887311
B9J08_03226	826.728415020954	0.234192612825943	0.11020156654137	2.12512961635646	0.0335757989420718	0.0986567999749234
B9J08_03120	712.651727142823	0.25735214048324	0.121131697853429	2.12456479223662	0.0336229442864543	0.0986903946209414
B9J08_01133	514.712849722845	-0.280091624146214	0.13182978559716	-2.12464598100846	0.0336161640526644	0.0986903946209414
B9J08_02312	3356.29581989237	-0.162908312754348	0.0766872910391079	-2.1243195651711	0.033643430782717	0.0986981114310388
B9J08_04322	713.899632887444	-0.245107267883522	0.115404313549198	-2.12390040151342	0.0336784728231947	0.0987484982990966
B9J08_00520	6.91128408886751	-2.36786007238683	1.11501114023489	-2.12362010292384	0.0337019231699258	0.0987648618028525
B9J08_00282	316.203227403539	-0.344541300853846	0.162347525892053	-2.12224546669678	0.0338171302876337	0.0990499624270013
B9J08_02318	417.152006054201	-0.304518600987627	0.143622241021897	-2.12027467905335	0.033982887746071	0.0994827439473169
B9J08_02804	56.5645998556817	-0.828868987797656	0.391059282581006	-2.11954817266347	0.0340441671486204	0.0996093762998543
B9J08_03123	702.154869629418	0.259798215716551	0.122649715132316	2.11821295659984	0.0341570363779663	0.0998867407730264
B9J08_04003	4451.09441964086	-0.172945269965852	0.0816728936333552	-2.11753572418085	0.0342144067139102	0.0999700862745798
B9J08_03193	2608.08376525907	-0.165563401743404	0.0781900099020085	-2.11744955590741	0.0342217121822879	0.0999700862745798
B9J08_04236	5119.42386135512	0.15033241852849	0.071020033957298	2.11676072442995	0.0342801602296267	0.100087926882803
B9J08_02393	1358.72509972967	0.194206466774862	0.0918358532130043	2.11471293596433	0.0344544211607327	0.100543603883511
B9J08_05479	1829.12131103971	-0.197727852638556	0.0935544785765115	-2.11350494008524	0.0345575726342425	0.100791400501034
B9J08_01614	24903.1399526887	0.150640674503449	0.0713000398518454	2.11277125253318	0.0346203513238001	0.100921245657512
B9J08_04869	4579.6627567391	-0.150603395340177	0.0713114237803271	-2.11191121080553	0.0346940656321244	0.10108281536571
B9J08_05465	228.371044358834	-0.386520046874047	0.183171364100684	-2.11015542069986	0.034844970933742	0.101415563112581
B9J08_00915	1471.23946648197	0.211709319099988	0.100328051815098	2.11017073759354	0.0348436520695333	0.101415563112581
B9J08_03393	2762.63080843315	0.167008117809638	0.0791575266923745	2.10981980852777	0.0348738795890012	0.101446280257058
B9J08_01487	2483.75293675148	0.16846839182041	0.0798668023798047	2.10936693094663	0.0349129216062944	0.10150642699526
B9J08_00182	1602.75650292643	-0.186374042284159	0.0883840636552017	-2.10868378954864	0.0349718849874209	0.101624399750513
B9J08_00716	567.12962010798	-0.262131646087743	0.124352009667654	-2.10798077802138	0.0350326521465897	0.101747487343248
B9J08_04299	580.112603005709	0.272727174911851	0.129458518978943	2.10667615436117	0.0351456605468289	0.10198650924099
B9J08_03403	575.514350981439	0.260785127437721	0.123794046923775	2.10660475134395	0.0351518545511282	0.10198650924099
B9J08_04933	45.9476135635063	0.807809457325212	0.38378764639016	2.10483444405605	0.0353057217681262	0.102325497751669
B9J08_00682	6701.00438993292	-0.15156005323491	0.0720030839495963	-2.10491058051077	0.0352990925180386	0.102325497751669
B9J08_02112	503.990122435185	0.32687485059699	0.155482007237151	2.10233233031536	0.0355241743899546	0.102904670782641
B9J08_03881	889.700056540737	-0.221677075523241	0.105482901873903	-2.10154509958627	0.0355931433766813	0.103050447062817
B9J08_05579	1926.06366247548	0.17613368438141	0.0838221398073778	2.10127878847	0.035616500635677	0.103064083253082
B9J08_01198	289.979467294876	-0.347299556931414	0.165498644571941	-2.09850393536271	0.0358606526316747	0.103716288380568
B9J08_01418	5688.24856941129	0.147210754700052	0.0701818041527718	2.09756298626356	0.0359437676671106	0.10390230329295
B9J08_05201	1270.1596936002	0.215736537152414	0.102866390749602	2.09724999176419	0.0359714511870366	0.103927972143623
B9J08_03418	1512.6640472831	0.187421558247496	0.0893961020251081	2.09652942356319	0.0360352526146592	0.104057910763439
B9J08_03660	3563.57229061619	0.159844636792222	0.0762842936355947	2.09538070255707	0.0361371635709599	0.104297703946055
B9J08_04577	9973.5105870354	0.138100753786703	0.0659413103098705	2.09429799222583	0.0362334430892366	0.104521002063784
B9J08_02526	94.344125550181	-0.573131090441182	0.273783573982343	-2.09337281307514	0.0363158873812175	0.104704178172138
B9J08_04648	860.718508383865	0.229535038066691	0.109740699849406	2.09161266860587	0.0364731783379322	0.105098328408801
B9J08_01601	1513.9193110815	-0.187654962895774	0.0897261950163083	-2.09141781685568	0.0364906264187604	0.105098328408801
B9J08_00579	610.421122778302	-0.263256897010086	0.125898766865556	-2.09102045686604	0.0365262302259291	0.105146080447245
B9J08_04798	61.2161100297986	-0.742251471500344	0.355609181207145	-2.0872674574394	0.0368639647082184	0.106063057231818
B9J08_02170	293.954090755476	-0.337318296473433	0.161634792022965	-2.08691638880265	0.0368956931681402	0.10609911349652
B9J08_01085	7163.90984033762	-0.143876135440994	0.0689983086941262	-2.08521249526283	0.0370500161750725	0.106487487987325
B9J08_02946	198.556093933541	-0.399361112977256	0.191582247689079	-2.08454132778202	0.0371109550643394	0.106607197838152
B9J08_01571	1393.874736969	-0.209480936183337	0.100532767855093	-2.08370803522769	0.0371867328880188	0.10676938840108
B9J08_05581	1104.42392735677	0.203319823836279	0.0976044715576282	2.08309947886182	0.0372421568834469	0.106873001606859
B9J08_00101	3322.22295818647	0.175263406468536	0.0841843920160273	2.0818990583809	0.0373516908196568	0.107131704805523
B9J08_04627	3210.24291194933	0.156523906081718	0.0752039470166091	2.08132567891881	0.0374041062699817	0.107226398005285
B9J08_01881	4867.28550311445	0.171929372309688	0.0826478266084896	2.08026489461282	0.0375012428583545	0.107449128708204
B9J08_01656	2006.10195915964	-0.203174049997382	0.09769555416446	-2.07966525943812	0.0375562466853465	0.107550971725342
B9J08_01329	1221.36325374619	0.208591138323249	0.100320347238692	2.07925056147331	0.0375943265832993	0.107604268786067
B9J08_05077	641.525396862063	-0.262055927088276	0.12613330544114	-2.07761087503224	0.0377452137326392	0.107980225828311
B9J08_05535	2287.48074338192	-0.177548115248549	0.0855028963272749	-2.07651580092629	0.0378462712743573	0.108213316778775
B9J08_04446	2161.27518359813	0.167767330745928	0.0808353502991541	2.07542034673021	0.0379475940721571	0.10844692473465
B9J08_05310	712.47847572424	-0.239248153298587	0.115330564672245	-2.07445575228475	0.0380370040754954	0.108480767939311
B9J08_03233	5486.21917352773	0.14850179684014	0.0715935563590581	2.0742341125697	0.0380575735542472	0.108480767939311
B9J08_02755	161.240877065971	-0.43706003402966	0.210693781465173	-2.0743850672304	0.038043563040291	0.108480767939311
B9J08_01413	549.979415919793	-0.261463306018225	0.126012165660435	-2.07490526528043	0.0379953156371142	0.108480767939311
B9J08_01135	4132.61158021483	-0.149641086256925	0.072131509962065	-2.07455918135671	0.0380274084807104	0.108480767939311
B9J08_05014	351.32370924223	0.336427959121339	0.162545387612834	2.06974780436512	0.0384759675488678	0.109616841568347
B9J08_04901	8342.2794988085	0.138376669364778	0.0669068464634882	2.06819894643057	0.0386213193012373	0.109917627074119
B9J08_02659	18931.8818228126	-0.150771912874352	0.0728974345812551	-2.06827460719888	0.0386142081315757	0.109917627074119
B9J08_05131	470.153966722537	0.272730059700256	0.13189057614908	2.06785099939196	0.038654036316921	0.109954121834083
B9J08_04566	3766.91292931338	0.181952648387206	0.088019392822425	2.06718817924917	0.0387164256150758	0.110074940521874
B9J08_02606	3807.59536848756	-0.153585823660471	0.074326588334482	-2.06636450161428	0.0387940751649498	0.110238999196235
B9J08_00135	68.1571820711379	-0.67647961063947	0.327923282504955	-2.06292034366071	0.0391201969290764	0.111102854828273
B9J08_00044	5906.93536154937	-0.158875313572336	0.0770218617549427	-2.06273011262468	0.039138277248172	0.111102854828273
B9J08_03570	918.402455609175	-0.224425078727901	0.108859541917484	-2.06160226999685	0.0392456177484523	0.111350374381774
B9J08_00429	889.976224135653	-0.214941642668446	0.104285587689886	-2.06108674678632	0.0392947649751593	0.111432614683276
B9J08_03761	1506.95050500485	-0.185043251993799	0.0897921267315486	-2.06079595983981	0.0393225100928141	0.111454109375889
B9J08_01816	6171.26228122855	0.144828835990843	0.0703394094957531	2.05899988397809	0.0394942496017974	0.111883504638203
B9J08_01590	2969.36026940432	0.186680058128436	0.0906921945826259	2.05839167292793	0.039552550440945	0.111991263466754
B9J08_05455	1426.71507167238	0.190549674696052	0.0926017434731312	2.05773312196159	0.0396157590306998	0.112068260039323
B9J08_00090	193.198210360603	-0.408996818903334	0.198765430154284	-2.0576858792088	0.0396202967463067	0.112068260039323
B9J08_00414	2775.48865659574	0.157684613493135	0.0766443190508924	2.057355528052	0.0396520396482447	0.11210067679583
B9J08_02912	908.073968790867	-0.213477293436404	0.103773970076493	-2.05713719229444	0.039673031018453	0.112102680183533
B9J08_03004	3408.43680650324	0.154639996027676	0.0751891538898484	2.0566795611801	0.0397170594709588	0.112169743329581
B9J08_00768	1428.33334685159	0.199809640010619	0.0972186035816918	2.05526136613062	0.0398537667368252	0.112498349721365
B9J08_01902	3706.59061732245	0.151793425497527	0.0739383778876061	2.05297208072739	0.04007528534383	0.112950587504002
B9J08_01462	2179.96850925378	0.167334528816906	0.0815063675189354	2.05302400181227	0.0400702497415565	0.112950587504002
B9J08_01443	1646.68739508621	0.242033131388393	0.117872817521819	2.05334135958523	0.0400394822439746	0.112950587504002
B9J08_02337	3797.52130973735	0.152165135582275	0.0741311340544895	2.05264815550275	0.0401067135781765	0.112981552470225
B9J08_04765	823.298420109169	-0.221456455923886	0.107923110813469	-2.05198362292063	0.0401712540412371	0.113105716294405
B9J08_04498	176.780876171933	-0.414350424147443	0.202036609881725	-2.05086803025457	0.040279800246195	0.113353592648024
B9J08_01180	400.734132396699	0.302238159133794	0.147400250251566	2.05045892810879	0.0403196678152331	0.11340804275562
B9J08_05204	61.8748738825533	-0.692686193208469	0.337862701786228	-2.05020024272091	0.0403448943285349	0.113421277189121
B9J08_00832	335.528507737174	-0.343009936375828	0.167475812510105	-2.04811626965614	0.0405486080994406	0.113936022859994
B9J08_04132	4314.73368835698	-0.159252536954699	0.07776621014667	-2.04783718602646	0.0405759553447466	0.113954931499194
B9J08_02580	1427.6515046962	0.186185074310709	0.0909284116130155	2.0476006454737	0.0405991460587366	0.113962153512766
B9J08_03513	2172.33854529352	-0.175308999184308	0.0856854861568494	-2.04595908884033	0.0407603959579242	0.114331826010897
B9J08_00865	497.770470586348	0.263613613991443	0.128853548655157	2.0458389911863	0.0407722144142351	0.114331826010897
B9J08_05296	1034.45546190241	-0.209567223265417	0.102467011718088	-2.04521650189222	0.0408335183010742	0.114343251445399
B9J08_05159	1069.6931849681	-0.213736730737974	0.104501958519177	-2.04528923444772	0.040826351437719	0.114343251445399
B9J08_04791	141.172248267394	-0.47332779014024	0.23143718244308	-2.04516744087416	0.040838353239229	0.114343251445399
B9J08_04417	5017.8846341904	-0.156719213006707	0.0766599049089526	-2.04434395258955	0.0409195800301954	0.114512667760451
B9J08_04709	7292.3064568291	0.147762288655021	0.0722882149610921	2.04407161989754	0.0409464723401854	0.114529935538565
B9J08_01073	1157.63655543073	-0.20044335602126	0.0981482118570416	-2.04225173570372	0.04112656696621	0.114975485898959
B9J08_05489	130.029798983044	-0.479494599389324	0.235128388728355	-2.03928841592704	0.0414212510909736	0.115633574124781
B9J08_02904	5576.96453516686	0.145629627353768	0.0714093503682895	2.03936356517308	0.041413755915948	0.115633574124781
B9J08_02678	1948.1319745963	-0.190510321005387	0.0934215958669764	-2.03925354986074	0.0414247289247452	0.115633574124781
B9J08_00266	2184.00577676502	0.186616890375017	0.0915909451109165	2.03750370900774	0.0415995906382575	0.116063067873624
B9J08_03641	1122.1085277147	0.204983378146197	0.100652655793034	2.03654217100533	0.0416959429731452	0.116273197180915
B9J08_03109	636.796138304678	-0.241150860115599	0.118481615055161	-2.03534413337737	0.0418162583893923	0.11654990424517
B9J08_00242	4146.97163586343	0.148038772184426	0.0728080193284954	2.03327564119695	0.0420246827202223	0.117071784977151
B9J08_02798	972.684723731064	-0.214059611317645	0.105291808462882	-2.03301296124197	0.0420512135427542	0.117086678715769
B9J08_02924	6102.19921213372	0.149885142911491	0.0737479183501939	2.03239828682022	0.0421133513957187	0.117200651140049
B9J08_00662	768.425557991111	0.244462835479634	0.120312490657079	2.03189905008629	0.0421638767348007	0.117282207706715
B9J08_00311	3515.24285088881	0.151204003381546	0.0744975882258278	2.0296496434649	0.0423921649240697	0.117857895138498
B9J08_00235	14795.4266256999	0.129058860662522	0.0636142757532645	2.0287719876446	0.0424815197268858	0.11804693792383
B9J08_03617	410.464824988764	-0.290578686972691	0.143294585231017	-2.02784136263227	0.0425764413178196	0.118251251841
B9J08_03628	693.959233296987	0.230921004319359	0.11389923316213	2.02741491675062	0.0426199976983896	0.118312771109492
B9J08_00775	864.695133006175	-0.21744059347763	0.107285261339	-2.02675177152769	0.0426878049583035	0.118441515062522
B9J08_00749	292.988337444679	-0.338085287785889	0.166836587986337	-2.02644570874092	0.0427191309356077	0.1184689596995
B9J08_04892	3693.0744939462	0.147339101575334	0.0727272245903457	2.02591398757836	0.0427735995970461	0.118560524058613
B9J08_03060	596.3234480517	-0.248253555102898	0.122555432193172	-2.02564301443285	0.0428013802297118	0.118578059413342
B9J08_03677	6484.43277769512	0.146399841196834	0.072280879732794	2.02542970890838	0.0428232594075773	0.118579235844529
B9J08_05113	1707.23888118339	0.183213246388817	0.0904670936934239	2.0251921323978	0.042847639239096	0.118587332035295
B9J08_04529	1288.09073971753	0.189680535787543	0.0938495113878889	2.02111372752465	0.0432679936246238	0.119690791172821
B9J08_05425	154.887315706619	-0.434685207910998	0.215206890162413	-2.01984800571649	0.0433991558901321	0.119993564084422
B9J08_05497	441.061422094551	-0.279484866599652	0.138397250804061	-2.01943943955461	0.0434415658038813	0.120050767099026
B9J08_01953	188.953128910266	-0.396915727226288	0.196779452899678	-2.01705880048687	0.0436893774247726	0.120675256884917
B9J08_05404	2180.79408304416	-0.186310558345449	0.0924110590823215	-2.01610673219837	0.0437888162367761	0.120832770382562
B9J08_02830	2309.23515915498	0.176837458613208	0.087716403041531	2.01601356737669	0.0437985570984893	0.120832770382562
B9J08_00688	2113.53545353061	0.167418599016841	0.0830496727499647	2.0158851139713	0.043811990563896	0.120832770382562
B9J08_04671	1393.06964077464	0.194962042702008	0.0967549602336288	2.01500824589504	0.0439037850875376	0.121025546223851
B9J08_02590	79364.6705705195	0.124117145308327	0.0616128646048741	2.01446801904595	0.0439604192825864	0.12112125492266
B9J08_02605	573.564268516321	0.266714086856423	0.132465709357757	2.01345758196255	0.0440665131207853	0.121353073252905
B9J08_03854	437.838618273932	-0.282363809669702	0.140380074700827	-2.0114237029113	0.0442807217867871	0.121882245675086
B9J08_03556	2395.97272232759	-0.175602229246935	0.0873777993548162	-2.00968930945336	0.0444640821355683	0.122326023874209
B9J08_02542	1951.00659761995	0.191916468389261	0.0955879902069531	2.00774666329684	0.0446702192334362	0.122831990897115
B9J08_04646	881.318622822978	-0.210340235271454	0.10480311227982	-2.00700371101436	0.0447492678423464	0.122988166765116
B9J08_01093	243.482802210048	-0.354434823128204	0.176731592120484	-2.00549782229412	0.0449098533210705	0.123368170629004
B9J08_02475	58734.2547881234	0.147901535361706	0.0737563746110722	2.00527122084853	0.0449340597399802	0.123373347333766
B9J08_01268	332.70528010888	0.309176751847088	0.154376915657938	2.0027395321989	0.0452052532127381	0.124056322992455
B9J08_03425	790.427249437055	-0.219054062673502	0.10940919226488	-2.00215409819654	0.0452681607208875	0.12416730734707
B9J08_05357	2926.26372799668	0.157200651469421	0.0785361035333267	2.00163548224305	0.0453239499565078	0.124258666373819
B9J08_00603	1420.97318502503	-0.183195848524778	0.0915393227398903	-2.00128035735342	0.0453621853374709	0.124301833594547
B9J08_05543	971.99786024936	0.266679879884973	0.133347195328122	1.99989118052887	0.0455120157119583	0.124650600019818
B9J08_04261	2441.03349790316	0.157173759968709	0.0786557789792541	1.99824808816864	0.0456897704304085	0.125013545133103
B9J08_01296	5025.27139776749	0.1710885405118	0.0856176638437983	1.9982855503268	0.0456857111536682	0.125013545133103
B9J08_04092	696.155264484444	-0.235469242207462	0.118030379530404	-1.99498843555617	0.0460441411642351	0.12592081554415
B9J08_03488	950.033194705231	0.207722690313808	0.104246724031543	1.99260640795729	0.0463045629598977	0.126570385499186
B9J08_05405	670.499079435608	0.23105029146929	0.116061668502579	1.99075452257655	0.0465078813261667	0.127063302071045
B9J08_04379	4492.66751375744	-0.147560854790477	0.0742257144521198	-1.98800181149705	0.0468114896273154	0.12776647070132
B9J08_03626	2242.60111886789	0.162123381393159	0.0815443985924078	1.98816085705061	0.0467939025284153	0.12776647070132
B9J08_01387	86.3553646314488	0.562512819496626	0.283102299063051	1.98695955970088	0.0469268784951119	0.128018192222351
B9J08_00697	2835.19888802111	-0.151580901350568	0.0762968567635805	-1.98672537481155	0.046952838266564	0.128025819979921
B9J08_04554	6232.46562135096	0.136500496580156	0.0687392712291773	1.98577165773349	0.0470586841639799	0.128251157482405
B9J08_05290	4410.22757649209	-0.174990145848339	0.088167289093704	-1.98475134766092	0.047172142877214	0.128433711173577
B9J08_01756	82.5139931746003	-0.575211875385311	0.289791124754129	-1.98491888208566	0.047153497238211	0.128433711173577
B9J08_05286	21192.6411044008	-0.130154768200652	0.0656516604323194	-1.98250535239439	0.0474227089317372	0.129052344788632
B9J08_03921	3822.23948123498	-0.145312390603594	0.0733806648265	-1.98025448457258	0.0476749404007469	0.129674899406953
B9J08_03579	11021.4342313457	0.167592237600504	0.084727641772295	1.97801135609211	0.047927425570729	0.130297531298288
B9J08_00693	7051.06738202223	0.168488893665092	0.085221504546752	1.97707016041543	0.0480337001476167	0.130522252072703
B9J08_04874	989.566827373441	-0.204329064503832	0.103458981634735	-1.97497656825215	0.0482708071717134	0.131037697071739
B9J08_04398	25.6525727134731	-1.05704756014936	0.535182128735907	-1.97511744767354	0.0482548212624207	0.131037697071739
B9J08_01155	18854.4283271756	0.130238414045989	0.0659542708706128	1.97467748982454	0.0483047590303757	0.131065490015163
B9J08_00008	50.4217744515658	-0.794583305665647	0.402521287987794	-1.9740156095539	0.0483799680548924	0.131205143983999
B9J08_02274	454.869501576159	0.270503624702793	0.137176544633423	1.9719378806753	0.048616698289006	0.131782487220861
B9J08_00953	4469.21141248057	-0.147631358508129	0.0750356124654966	-1.96748388741431	0.0491274516831825	0.133101679143603
B9J08_04366	844.787155131332	-0.210787957907778	0.107174685628681	-1.9667700135653	0.0492097310815948	0.133259276672207
B9J08_01497	212.926421858397	-0.365327898828539	0.186008981188465	-1.96403365307607	0.0495261893517755	0.134050562461931
B9J08_00570	1290.94084090139	-0.182707117293229	0.0930537640459349	-1.96345756849812	0.0495930302245664	0.134165774865971
B9J08_04582	1633.6358205338	0.187856176440879	0.0957346425669645	1.96225913006859	0.0497323228651561	0.134464380726686
B9J08_02417	4121.92300626328	-0.145763588153617	0.0742899788696686	-1.96208950886012	0.0497520641552513	0.134464380726686
B9J08_01318	1395.95720312555	-0.184024147994433	0.0938249440189815	-1.96135633139523	0.0498374703028111	0.134629373589265
B9J08_02885	2485.52339662287	0.158836144325364	0.0810138986123603	1.96060363772113	0.0499252777048124	0.134800688751587
B9J08_05101	1272.15363083141	-0.199744936094368	0.101964807107078	-1.95895958381608	0.0501175201576063	0.135208582581037
B9J08_00685	15646.5126455386	0.124065163041364	0.0633343109370767	1.95889338978716	0.0501252733324671	0.135208582581037
B9J08_04456	2061.04221120912	0.164298388915404	0.0839375907820633	1.95738747543983	0.050301929885757	0.135552787166543
B9J08_00128	71.5592586007919	0.653822936929378	0.334001815994928	1.95754306000332	0.050283654357458	0.135552787166543
B9J08_00956	1396.6212234088	-0.183958769180914	0.0940457989708053	-1.9560551475353	0.0504586580248929	0.135908870810713
B9J08_04372	704.445614916249	-0.227111748703685	0.116191884942485	-1.95462659734031	0.0506271596312495	0.136296303595673
B9J08_00576	408.569051840704	0.289086863316978	0.148062949023729	1.95245917512185	0.0508837133614367	0.136920293938004
B9J08_02482	1843.82981905374	-0.164116851186824	0.0840802705890593	-1.95190679141534	0.0509492718309183	0.137029988033813
B9J08_05590	4383.66855386489	0.138698655841388	0.0711125975615002	1.95040907796171	0.051127380724774	0.137442136802444
B9J08_02731	5579.05099291504	0.135588759035754	0.0695920574919134	1.94833669131724	0.0513746895888217	0.13803981981401
B9J08_04746	4890.67020836729	0.199176879152533	0.102285468153588	1.947264677456	0.0515030111486615	0.138293246567491
B9J08_02774	29213.003397267	0.120554176114837	0.0619137522135357	1.9471308361195	0.0515190509648027	0.138293246567491
B9J08_02753	543.834212773442	-0.250247981083499	0.128564400290906	-1.94647958935176	0.0515971573693852	0.138374078479104
B9J08_01529	566.467396860537	-0.257045802951355	0.13205794260968	-1.94646227157346	0.0515992357057052	0.138374078479104
B9J08_02989	4166.85380148913	-0.148106533387186	0.0761456488326202	-1.9450426341858	0.0517698472556277	0.138764280204585
B9J08_05005	1479.82164741156	-0.185106226096771	0.0951813574290466	-1.94477396726307	0.0518021886158567	0.138783662859835
B9J08_01284	3693.86002262503	-0.156055418462062	0.08026627277772	-1.94422156481868	0.0518687383631911	0.138894630297169
B9J08_01408	4568.21160870296	-0.151578885452243	0.0779993044455395	-1.94333637369905	0.0519755293973814	0.139113196600158
B9J08_02045	3.52371087539701	-3.58321255933023	1.84565374220814	-1.941432716975	0.0522058131169773	0.139661921150791
B9J08_00784	1791.94804196127	0.170119991066762	0.0876507462418793	1.94088468565119	0.0522722659604706	0.139772043523716
B9J08_02416	533.437318221634	-0.278041419751363	0.14328609780738	-1.9404633387751	0.0523234054651953	0.139841132498131
B9J08_04100	8622.8579147541	0.127017406625774	0.0655522764905111	1.93765058097044	0.0526658669905097	0.140620409109443
B9J08_00472	442.177750950304	-0.272471947727854	0.140619043588737	-1.93766036785702	0.0526646721679797	0.140620409109443
B9J08_03441	247.310127696435	0.339339739195176	0.175221030543238	1.93663818859598	0.0527895863879756	0.140882686608567
B9J08_04907	2493.79295925444	-0.167223162380324	0.0863652415521818	-1.93623220840861	0.0528392673790239	0.140947215638931
B9J08_00170	441.748387648111	-0.267771875951913	0.138340691645672	-1.93559734859322	0.0529170353677111	0.141086567524042
B9J08_02869	380.060652136212	-0.299941246304881	0.155145303797477	-1.93329246173264	0.0532001799273446	0.141773092795773
B9J08_03001	187.955922412316	-0.380121753870625	0.196661631095444	-1.93287196772076	0.0532519719161943	0.141774397293259
B9J08_02778	1263.99651779892	0.180202447794555	0.0932278547126136	1.93292496486218	0.053245441972088	0.141774397293259
B9J08_03666	9133.66389169214	0.126386410661362	0.065444209227579	1.93120846218586	0.0534572779449263	0.14225246759827
B9J08_00939	410.813841223923	0.271519011620366	0.140613160544226	1.93096443156163	0.0534874511701162	0.142264264974607
B9J08_02813	1799.26597931768	0.175678183378371	0.091048555446446	1.92949995216238	0.0536688260108531	0.142678018933134
B9J08_03906	9156.9834439055	0.126292670789042	0.0654725017049125	1.92894218947442	0.05373803946682	0.142679890603395
B9J08_03783	610.729594014197	-0.239160271912363	0.123989820059175	-1.92887022336367	0.0537469752553406	0.142679890603395
B9J08_00062	4684.42973960024	-0.138431086568195	0.0717609552985274	-1.92905858056541	0.0537235902039526	0.142679890603395
B9J08_04479	1979.170695603	0.160548028544695	0.0832707069557937	1.9280252854095	0.0538519811570345	0.14289001433266
B9J08_01248	409.449830712265	0.279330977569162	0.144944851309518	1.92715350042116	0.0539605029619772	0.143109260974495
B9J08_00035	2040.60099764458	0.19004776864014	0.0986436988345324	1.92660829719018	0.0540284638462168	0.143220776824
B9J08_03413	3412.02298267072	-0.160438103820968	0.083307623763921	-1.92585139957444	0.05412293135868	0.143333704657127
B9J08_02672	5514.5483770129	-0.140982297811536	0.0731984999125411	-1.92602714509156	0.0541009844864598	0.143333704657127
B9J08_04488	7525.47956653296	0.130311473222076	0.0677281000697073	1.92403851706982	0.0543497556958962	0.143745718053269
B9J08_04371	1725.09517006952	-0.164807849399368	0.0856596573695458	-1.92398445733174	0.0543565317046015	0.143745718053269
B9J08_01124	2305.98638043181	0.159519944396527	0.0829033021104433	1.92416876452057	0.0543334329865843	0.143745718053269
B9J08_02562	31842.8499896394	-0.125907356995931	0.0654657074781568	-1.92325664605306	0.0544478263808632	0.143918286182224
B9J08_04138	3190.99064416825	0.165496769226711	0.0860879264035085	1.92241555977315	0.0545534892593494	0.143940466582392
B9J08_03932	3923.25592015112	0.152852028918238	0.07952332493828	1.92210309411572	0.0545927868325057	0.143940466582392
B9J08_03711	7041.7758340853	0.130880631001373	0.0680897274228115	1.92217880663045	0.0545832626013583	0.143940466582392
B9J08_02627	2253.85010670293	0.154803492319689	0.0805451576373442	1.92194660561338	0.0546124766461507	0.143940466582392
B9J08_01055	1247.41254280442	0.185961619633513	0.0967161646035853	1.92275634994132	0.0545106563280869	0.143940466582392
B9J08_00118	2806.19305029324	0.148091469775843	0.0770331327029932	1.92243862581598	0.0545505892695701	0.143940466582392
B9J08_04320	3188.46164568001	0.148525950555717	0.0772933368986453	1.92158802446942	0.0546576166489149	0.143990775604648
B9J08_04740	671.253943772202	-0.224876538244108	0.117112465190406	-1.92017594265901	0.0548356792943807	0.144116404878765
B9J08_04346	1302.40428638167	-0.178783641880273	0.0930876044581914	-1.92059558220312	0.0547827125610613	0.144116404878765
B9J08_02308	214.137673210174	0.378411980642718	0.196996609930223	1.92090605405216	0.0547435523957353	0.144116404878765
B9J08_00677	4841.12794203069	0.144476135756844	0.0752374594614285	1.92026866392148	0.0548239723802784	0.144116404878765
B9J08_00168	314.303572141806	-0.302037992786316	0.157287016385866	-1.92029831658411	0.0548202288981476	0.144116404878765
B9J08_00299	856.627282638344	0.205825015953533	0.107287056941097	1.91845150591219	0.0550537855044579	0.144620851940655
B9J08_03388	2461.34954022529	0.15524341488317	0.080939221899142	1.91802455275167	0.0551078979611254	0.144694228993416
B9J08_01501	593.145815533533	-0.23694476323145	0.123632222925117	-1.91652918329363	0.055297772244511	0.145123830577119
B9J08_05381	4087.96284292668	0.138114153076202	0.072104792068189	1.91546427241047	0.0554333212772176	0.145410520502697
B9J08_02637	858.890833128884	0.205145873173689	0.107150508425679	1.91455809391685	0.055548883732508	0.145644535289171
B9J08_04013	1154.25970360278	-0.183772239349807	0.0960246947731335	-1.91380185882376	0.0556454779150629	0.145711207728112
B9J08_03931	1174.31672767957	0.182743845499719	0.0955007209381115	1.91353367497764	0.0556797667309161	0.145711207728112
B9J08_01675	1266.4752970665	-0.178992289006275	0.093533221646821	-1.91367608059246	0.0556615571794257	0.145711207728112
B9J08_00584	929.390270649642	-0.202615047446968	0.105872411267398	-1.91376624959671	0.0556500297422661	0.145711207728112
B9J08_03166	4430.41263766576	0.13935988058349	0.0728450941006444	1.91309905360199	0.055735372900823	0.145787698070444
B9J08_00815	555.363242104245	0.246512540671298	0.12893862222475	1.91185958417957	0.0558942067888562	0.146134002328291
B9J08_02209	812.738262010034	-0.206976833456547	0.108273983811888	-1.91160264146319	0.055927180278596	0.146151075839149
B9J08_00609	1855.04465151812	-0.172030961129285	0.0900680213609163	-1.91001155049172	0.0561317261485917	0.146616280918368
B9J08_04670	910.468387266312	0.206727498806748	0.108306341520368	1.90872940498938	0.0562970078245352	0.146909141759304
B9J08_03158	1682.55596319605	-0.169960528941256	0.0890371356827934	-1.90887237822613	0.0562785570622703	0.146909141759304
B9J08_03189	9880.8858044643	0.128987707216383	0.0676009337408904	1.90807582201133	0.0563814171533616	0.146994280978095
B9J08_01844	1382.21487229895	0.195513731250629	0.102467022301142	1.90806492527938	0.0563828253435067	0.146994280978095
B9J08_00541	1526.94933546704	-0.17253468639787	0.0904668162366007	-1.90715992421613	0.0564998813226328	0.147230006633754
B9J08_04196	2541.92972398899	0.151116932121908	0.0792921982767214	1.90582346568985	0.0566731133778794	0.147611827351338
B9J08_02816	1196.85873051604	0.193349103943775	0.101493057381201	1.90504758584196	0.0567738857382052	0.147747822040071
B9J08_02516	451.50184057957	-0.264184579937834	0.138678852233966	-1.90500985321198	0.056778790304525	0.147747822040071
B9J08_01263	5683.76412941073	0.134589873029632	0.0706882752986025	1.90399146762452	0.0569112954227929	0.148022931671424
B9J08_05421	3848.64393508985	-0.141459477855532	0.0743493311795296	-1.90263282280176	0.0570884731462408	0.148413918663816
B9J08_03426	11043.265952222	0.123422318692329	0.0649236915362899	1.90103667508401	0.0572972089901286	0.148886541649479
B9J08_02261	997.838006043005	-0.195001770352709	0.102592318665372	-1.90074435288622	0.0573355060410829	0.148916044120801
B9J08_00272	815.606662249096	0.206224629573369	0.108526566522764	1.90022255546168	0.0574039194904963	0.149023702688574
B9J08_01091	1737.29262297279	0.172356335350499	0.0907592075444209	1.899050686027	0.0575578120527536	0.149353064420455
B9J08_02709	1167.11952518975	-0.199362927637374	0.105005909142118	-1.89858770107451	0.0576187067476529	0.149440916093044
B9J08_00394	9123.90560024528	0.123892897677285	0.0652953280163227	1.89742362035939	0.0577720506334726	0.149768350774486
B9J08_04108	19163.090047313	0.119754851395105	0.0631859107314407	1.89527776064034	0.0580556128980713	0.150432898493971
B9J08_03787	1800.96417059643	-0.17067749069693	0.0900971304332226	-1.89437210570687	0.0581756362517163	0.150673262213325
B9J08_04022	134.244923224625	0.43193084848485	0.228057058403948	1.89395957094118	0.0582303763794369	0.15074439824316
B9J08_02848	18135.1976985236	-0.17749338795339	0.0937388120406962	-1.89348877043942	0.0582929001926171	0.150765025439679
B9J08_01730	6946.50130613456	0.127502390225949	0.0673320844296266	1.89363497812414	0.0582734773763199	0.150765025439679
B9J08_03147	1587.49997880315	0.1723937894946	0.091108595034561	1.892179211294	0.0584671072196997	0.151144855754575
B9J08_04690	1463.32797872445	0.173463688087263	0.0916974639973376	1.89169558813862	0.0585315515083775	0.151240713037308
B9J08_05195	1480.27219875914	0.173072441360205	0.0915247565070124	1.89099045947141	0.0586256178012218	0.151412985788483
B9J08_03685	1571.47792937471	0.172473199300035	0.0912318053357403	1.89049420501239	0.0586918948859705	0.151513359661261
B9J08_04610	3561.72831251844	0.146903484655008	0.0777492676377745	1.88945168383342	0.0588313310885579	0.151731575793962
B9J08_01986	1739.17989303744	0.170417108119851	0.0901871170273167	1.88959480840521	0.0588121720424976	0.151731575793962
B9J08_04335	4078.18126981559	0.135616678866932	0.0718126824434605	1.88847811072516	0.0589617938036137	0.151997124231611
B9J08_01320	1558.4295423613	-0.165961513105625	0.0879042192005767	-1.88798119834203	0.0590284745851621	0.152098078802886
B9J08_03386	8292.92485202359	0.124568490510477	0.0660938479464521	1.88472141327586	0.0594674597841306	0.153157805324739
B9J08_01677	5648.52168837858	0.13292262438626	0.0705376273084794	1.88442154149806	0.0595079782900564	0.153190775970723
B9J08_00108	397.396305671253	-0.267760818286952	0.142125519444908	-1.88397424567193	0.0595684592132772	0.153275081039005
B9J08_04645	5485.51098730505	0.137375943044146	0.072944526612897	1.88329336583641	0.0596606219947212	0.153440790025511
B9J08_01910	575.336568866389	0.245974447375909	0.130682059136455	1.88223577896847	0.0598040097592661	0.153738028809053
B9J08_05515	5569.14395603066	-0.136693620702302	0.0726555360375286	-1.88139305216461	0.0599184712916269	0.153960665192386
B9J08_05191	3315.97161002484	-0.157592227416556	0.0837973250614275	-1.8806355370059	0.0600215141362046	0.15408216843047
B9J08_04004	4209.55282725506	-0.137317782475897	0.0730141541123611	-1.88070086061093	0.0600126225481467	0.15408216843047
B9J08_03593	796.645965879173	-0.217393483414357	0.115797834435161	-1.87735361783543	0.0604696440225628	0.155160502559287
B9J08_01292	15077.3159491197	0.12715537420027	0.0677761513469176	1.87610791809962	0.0606404626457595	0.155526606516526
B9J08_03325	1105.55340730409	0.182694680432423	0.0975195806846774	1.87341536078947	0.0610110504846057	0.15625953476757
B9J08_03215	21090.2172546919	-0.13834116046854	0.0738372273566963	-1.87359636081993	0.0609860800191407	0.15625953476757
B9J08_00385	6414.02632411017	-0.139323018629681	0.0743522706649425	-1.87382331949914	0.0609547811382937	0.15625953476757
B9J08_00273	14634.8637947162	-0.135732585058932	0.0725270731944379	-1.87147473461457	0.0612793086398784	0.156873894790462
B9J08_03893	3101.22225679182	-0.1505294413817	0.0804696914486036	-1.87063525001638	0.0613956552156144	0.157030600846292
B9J08_01569	2904.91046109159	0.150070928329624	0.0802251031900856	1.87062306388121	0.0613973454729216	0.157030600846292
B9J08_02006	1293.17659987694	0.17640402257784	0.0943803503181701	1.86907573433618	0.0616122784744144	0.157507429753973
B9J08_02744	3487.45407575665	-0.147529278491959	0.0790022143359607	-1.86740687880701	0.0618447899323266	0.157955708852112
B9J08_00951	963.670450221633	0.195734952975307	0.104813569817039	1.86745812891382	0.0618376387745419	0.157955708852112
B9J08_01454	5576.16148534261	0.128938390839545	0.0691959627278831	1.86338025740898	0.0624087856626585	0.159322567370676
B9J08_03656	4188.74928506153	0.14663825587821	0.07872190819093	1.86273756884243	0.0624991974541279	0.159479715756678
B9J08_02007	505.919390102056	-0.272249032202892	0.146177420629515	-1.86245612373271	0.0625388245287046	0.15950719112605
B9J08_03391	2320.71993443416	0.152425782220661	0.0818505959041636	1.86224401345998	0.0625687030854313	0.159509788723791
B9J08_04365	1186.26313710715	-0.184240776271188	0.0990012124320543	-1.86099515091934	0.0627448614733558	0.159885131103383
B9J08_05453	4215.00130803796	0.14405609332599	0.0775161529563203	1.85840096330843	0.0631120956000769	0.160746798332546
B9J08_01682	298.923271378173	-0.304314852052736	0.163914910373534	-1.85654161271391	0.0633763974366552	0.1613456235064
B9J08_02536	929.280694401793	0.208789315138251	0.112519665528698	1.85558065923151	0.0635133525556499	0.16161984326661
B9J08_00316	4231.23244860026	0.134794499912846	0.0726626930011852	1.85507162404024	0.0635859992784832	0.161730242987656
B9J08_02866	1834.00412669603	-0.159411208518264	0.0859777586743173	-1.85409821070251	0.0637251106623894	0.162009515469653
B9J08_03896	1105.02850569052	0.183912748132541	0.0992178374901377	1.85362584777987	0.0637927070167704	0.162032303162541
B9J08_02028	863.94111566572	-0.200517911669124	0.108168089221692	-1.85376216878676	0.0637731930518228	0.162032303162541
B9J08_00765	1820.99126636896	-0.176050009943948	0.0950145277275835	-1.85287465142912	0.063900327127263	0.162231101530722
B9J08_02145	1914.81644399209	-0.154502018241883	0.0834667687337738	-1.85106025530572	0.0641608850616732	0.162817819897093
B9J08_03159	452.017580423899	-0.252209983277156	0.136368171868102	-1.8494783630384	0.0643887692807205	0.163321123366013
B9J08_04342	311.054413436127	-0.290822745526661	0.157365212056418	-1.84807519861757	0.0645914650778107	0.16368140136282
B9J08_03663	6130.87502201426	0.132850074759353	0.0719011851727735	1.84767572940729	0.06464926708432	0.16368140136282
B9J08_02473	748.695347386216	0.20528808231858	0.111104668934758	1.8476998697429	0.0646457728381528	0.16368140136282
B9J08_00340	27021.4865419389	0.113567290648702	0.0614496239293629	1.84813646344279	0.0645826040130732	0.16368140136282
B9J08_03664	2277.41206146643	0.150272312351712	0.081380481568672	1.84653997439062	0.064813840701409	0.164022938441707
B9J08_02611	1237.56794181625	0.184702123344567	0.100083198095628	1.84548582438469	0.0649668987092986	0.164335033943384
B9J08_03210	4529.8129000491	0.13917660540875	0.0754555462571755	1.84448476370967	0.0651125242841798	0.164563222427487
B9J08_00049	796.521151689417	0.214059819840276	0.116055778056106	1.84445637628478	0.0651166577616996	0.164563222427487
B9J08_05099	2162.00387638674	0.157043460251558	0.0851993641458791	1.84324685783648	0.0652929762555039	0.164707567213222
B9J08_03003	7823.11284723649	-0.131058535828254	0.0710867340240645	-1.84364266592818	0.065235233733909	0.164707567213222
B9J08_02715	5183.33712695533	0.13857640180013	0.0751749911842	1.84338434387812	0.0652729143083635	0.164707567213222
B9J08_02535	1077.9019052598	0.183786916059385	0.0996846807942644	1.84368264606973	0.0652294035676235	0.164707567213222
B9J08_05395	505.741672561085	0.245548404677905	0.133390920016001	1.8408179855754	0.0656482362331359	0.165336676309895
B9J08_05210	2367.90983131648	0.148041183130477	0.0804098640867966	1.84108236982813	0.0656094888421715	0.165336676309895
B9J08_02554	1068.99563756078	-0.182685744476836	0.09924668243843	-1.84072394147955	0.0656620236114022	0.165336676309895
B9J08_01346	27850.8469454317	-0.132329923444288	0.071871574522228	-1.84119972776388	0.0655922952457638	0.165336676309895
B9J08_04247	1901.77462952126	-0.156800913133474	0.0853470718233619	-1.8372149129849	0.0661781749881251	0.166408904986064
B9J08_03792	4757.40144626966	-0.129543805962991	0.0705104450664896	-1.83722859557665	0.0661761559098455	0.166408904986064
B9J08_02257	42.1516935403085	-0.802069299364519	0.436535259460997	-1.8373528414517	0.0661578238299962	0.166408904986064
B9J08_03035	1043.99538690404	-0.198678104414484	0.108213014272519	-1.83599085331956	0.0663590094302654	0.166787742210585
B9J08_03113	75.1794826199646	0.569592587734055	0.310476390351591	1.83457617208521	0.0665685119082678	0.167238256962271
B9J08_03065	2686.69643845179	0.148318472183087	0.0808827642145572	1.83374633178515	0.0666916576121676	0.167416100291895
B9J08_02697	5001.73720792824	0.135859680237137	0.0740908277413742	1.83369094905211	0.0666998829098521	0.167416100291895
B9J08_05081	119.226082389596	-0.454748617845273	0.248243697401903	-1.8318636992787	0.0669717300367714	0.168022129783584
B9J08_03956	2381.66783474237	-0.146608421798404	0.0800626387229546	-1.83117149443103	0.067074949999851	0.168160939902319
B9J08_03862	1099.80169188216	0.179090649684386	0.0978166618397675	1.83088081637618	0.0671183342544808	0.168160939902319
B9J08_01164	1197.49423274079	-0.17451771343954	0.0953101404616133	-1.8310508472058	0.0670929540255371	0.168160939902319
B9J08_02056	673.55591713066	0.214629408893785	0.117324379051952	1.8293675247047	0.0673445692141701	0.168651306772414
B9J08_03251	2716.95926148156	0.153142968162045	0.0837323395153958	1.82895842930421	0.0674058360356044	0.168651903924303
B9J08_00080	656.519895277072	-0.222023951185683	0.121388287874319	-1.8290393173315	0.0673937184709073	0.168651903924303
B9J08_02927	1917.91160938432	-0.152815760758179	0.0835772974301774	-1.82843625550162	0.0674841042971468	0.168771332330466
B9J08_03470	393.989672570492	0.261908605519605	0.143277750369372	1.82797820906876	0.0675528221056218	0.168866778732597
B9J08_05208	1046.49403318876	0.180344628940269	0.0987459478691832	1.82634966630921	0.0677976084483491	0.169402071380662
B9J08_00151	2218.29454198191	-0.15675111140832	0.0858857988012017	-1.82511094495551	0.0679842888704715	0.169791759867644
B9J08_02558	723.716431458973	0.204756658701958	0.112205888045561	1.82482989322999	0.0680267033104049	0.169820952663328
B9J08_03152	57.1870953423669	-0.635153705381498	0.348384300116044	-1.82314101172164	0.068282036474412	0.170381406588747
B9J08_02192	3440.52619014053	-0.140250929246499	0.0770771377273924	-1.81961776710677	0.0688172340695915	0.171639373963282
B9J08_02230	1220.95498292869	0.171957365442783	0.0945583682673563	1.81853143823915	0.068982946151345	0.171975075948797
B9J08_04954	17.785687799836	1.18078156015493	0.649887556410562	1.8169013216326	0.0692322242941764	0.172518712206453
B9J08_03757	6.54993400065225	1.94810774081821	1.072801425456	1.81590711439459	0.0693846217995703	0.172820551909069
B9J08_00306	1175.5709251258	0.176308149013058	0.0971195323544061	1.81537271379848	0.0694666514082502	0.172946928979009
B9J08_04010	1491.91771175147	0.162585278643578	0.0895736153596336	1.81510233779006	0.0695081840069957	0.172972414681074
B9J08_03673	2309.35564308786	0.144861920276359	0.0798573917941697	1.81400765817317	0.0696765467529172	0.173313354591977
B9J08_01541	329.843025522375	-0.281114516843805	0.155076816993395	-1.81274366016797	0.0698713671620892	0.173719768918069
B9J08_01499	2567.66723437375	-0.154564870235538	0.0852978185912103	-1.81206123190899	0.0699767357732547	0.17386975448729
B9J08_01337	3099.63156988237	-0.140208400106338	0.0773800291366338	-1.81194555844332	0.0699946089622254	0.17386975448729
B9J08_03803	1968.74375368756	-0.150026488658234	0.0828367780117683	-1.81110965755959	0.0701238788823535	0.174112613918584
B9J08_00838	2000.76661468259	0.14951853875863	0.0825872328599705	1.81043163187394	0.0702288776589669	0.174295018779124
B9J08_01655	4104.24564949421	0.13088977863311	0.0723475059947937	1.8091816273878	0.0704227909675795	0.174619455216605
B9J08_01070	960.211923489515	0.189917737766385	0.104962627618981	1.80938436922325	0.0703913097975457	0.174619455216605
B9J08_00087	843.529819663968	-0.202790420379001	0.112125875679411	-1.80859609033348	0.0705137763349641	0.174766655517196
B9J08_01956	5.00795110957723	-2.35594392718422	1.30427870215154	-1.80631940343566	0.070868462704792	0.175555599216885
B9J08_01644	700.526927889837	0.204477475304689	0.113212074826491	1.80614546300006	0.0708956210334878	0.175555599216885
B9J08_05016	506.884228658737	-0.233600137689222	0.129367398430255	-1.80571102552674	0.0709634895520476	0.175644964959322
B9J08_04739	1.76020542015962	-4.09421057032059	2.26794589122956	-1.80525055123821	0.0710354837296447	0.175744457732205
B9J08_04555	517.732683789679	0.22982787239555	0.127484531910216	1.80279025974234	0.0714211604553557	0.176619576660739
B9J08_05164	2038.00749776302	-0.166387239359904	0.0923700795556764	-1.80131098901581	0.0716538767562169	0.177115821481042
B9J08_00911	8043.47022637519	-0.128646190307384	0.0714460952301087	-1.80060491609862	0.0717651737708049	0.17731162960717
B9J08_04518	537.607137582213	-0.229835410992764	0.127673491569652	-1.80018113523103	0.0718320415778088	0.177318308977467
B9J08_01801	16485.3344107853	0.112998155544991	0.0627663974288538	1.80029697694654	0.0718137580038851	0.177318308977467
B9J08_01658	2840.72927083515	-0.138449616343043	0.0769435827155292	-1.79936534609923	0.0719609075327584	0.177557114256052
B9J08_03836	2878.37404408738	-0.151613770579774	0.0843297495978511	-1.7978681462092	0.072197905048485	0.178062392326183
B9J08_01097	2188.40444012486	0.145024081781522	0.0807120734192605	1.7968077839878	0.072366140201072	0.17839770601754
B9J08_05460	4432.22384312834	-0.130380339538141	0.0726244152549316	-1.79526869965796	0.072610899460172	0.17892128458153
B9J08_05593	305.566470092265	0.283437311629331	0.158096567658374	1.79281129139883	0.0730031034054896	0.179807554599885
B9J08_03585	2311.84130692587	0.146609066921718	0.0818344838452753	1.79153163840946	0.0732080221918538	0.180199415592602
B9J08_02351	1114.10679516904	-0.179655588828793	0.100287212758672	-1.79141072811656	0.0732274086160637	0.180199415592602
B9J08_02139	2269.76322219329	0.148727784750584	0.0830642323159032	1.79051537110407	0.0733710984339632	0.180472657340683
B9J08_00980	12186.741605578	0.114853715806075	0.064190431847403	1.78926535467328	0.0735720908166161	0.180886541789785
B9J08_03992	4210.87814934145	-0.137704267825451	0.0769978779178632	-1.78841640249288	0.0737088519331729	0.181142207485392
B9J08_04701	197.411394102862	-0.352015486423171	0.197037346932821	-1.78654195208581	0.0740115509122487	0.181804082775637
B9J08_02446	1363.04291760629	-0.166226916363408	0.0930649718081103	-1.78613836262853	0.0740768580442796	0.181804082775637
B9J08_02153	639.243091763644	-0.212662394709651	0.11905764337937	-1.78621370853121	0.0740646623156347	0.181804082775637
B9J08_05375	7314.14806453661	0.126252103396046	0.0707019137918698	1.78569569937955	0.0741485420868872	0.181899241950389
B9J08_00227	507.473950412214	0.237344721554409	0.133193158536485	1.78195880450867	0.0747559498793361	0.183307956957893
B9J08_01179	516.999041366694	0.24058754830891	0.135136182990393	1.78033405254619	0.075021307394618	0.183877058079846
B9J08_02959	679.800817876768	0.204799020054588	0.115269656924449	1.7766949734987	0.0756184397705878	0.185094382910558
B9J08_02146	2037.03302945317	0.149907954053482	0.0843689324669352	1.77681463626711	0.0755987429475891	0.185094382910558
B9J08_01403	557.550749537852	-0.22352897568963	0.125799571990143	-1.77686594758164	0.0755902982459477	0.185094382910558
B9J08_02982	4501.66406373883	-0.134727418981777	0.075842986565962	-1.77639917785414	0.0756671465255019	0.185131615248539
B9J08_01017	204.647710104393	-0.359368038627572	0.202622422599899	-1.77358474948838	0.0761318621109773	0.186186195525386
B9J08_04565	526.02447998872	0.229887715154938	0.129713907420482	1.77226728981136	0.0763501983250394	0.186637570164747
B9J08_05029	1527.98359844699	-0.172323021779584	0.0972513571326561	-1.77193436534285	0.0764054530374161	0.186690070264279
B9J08_03934	738.042025068336	-0.203865879259464	0.115240354109504	-1.76904939970721	0.076885631053539	0.187780328251396
B9J08_03295	591.707042146918	-0.222109532145488	0.125644631243872	-1.76775983141199	0.0771010628003126	0.188223310113661
B9J08_03669	2241.23733649748	-0.149493038330342	0.0845806335671251	-1.76746179385971	0.0771509220562854	0.188261874704234
B9J08_00710	3986.27837731691	-0.131591148475226	0.0745201621759994	-1.76584624392575	0.0774216478184722	0.18883912069404
B9J08_00197	1014.79021867388	-0.193063972099426	0.109386099997306	-1.76497719640961	0.0775675982780242	0.189111652264067
B9J08_03704	3437.13956380204	0.132670827371333	0.0751889402819949	1.76449923185183	0.0776479645646844	0.189141053111006
B9J08_02500	659.612014241466	0.218516799507421	0.12384074494309	1.76449842584392	0.0776481001463492	0.189141053111006
B9J08_01861	1609.10331169447	0.155428010442264	0.0881130685258433	1.76396093159186	0.0777385570522364	0.189277975695027
B9J08_02412	2374.95852121474	0.140140657173371	0.0795056040066239	1.76265131149366	0.0779593172273307	0.189731900623275
B9J08_04286	93.292985914021	-0.481102085541475	0.273042495604069	-1.76200442527125	0.078068549805225	0.189914117417904
B9J08_05240	32.8511084744407	-0.845578010270653	0.480193192385487	-1.76091211553837	0.0782532789900847	0.190279750540342
B9J08_01240	520.564218883514	0.222982228733071	0.126699696081747	1.75992710029235	0.078420167711836	0.190601700502778
B9J08_00338	1915.0864513453	-0.15601012480007	0.0886893844388964	-1.75906198681032	0.0785669805960919	0.190874594177846
B9J08_03128	197.24228924281	0.337934510539178	0.19217772188299	1.75844789514643	0.0786713298429225	0.191044130071104
B9J08_01364	741.290852602127	-0.196594827757577	0.111840314637989	-1.75781719135828	0.0787786192564181	0.191220653768214
B9J08_02991	17272.7762099922	0.118160559857481	0.0672662732354278	1.75660928090852	0.0789844299617972	0.19155197209252
B9J08_02301	508.232499193399	0.225113349972463	0.128151844415961	1.75661420245955	0.0789835905131951	0.19155197209252
B9J08_02061	125979.137990885	0.112849178689879	0.0642620709407666	1.75607752812538	0.0790751715958928	0.191634716146254
B9J08_00309	2382.78952060773	0.147521644514814	0.084009903823295	1.75600301632423	0.0790878935280633	0.191634716146254
B9J08_01439	359.330368960148	-0.261867222217706	0.149197852314733	-1.755167505128	0.0792306603455911	0.191896520477687
B9J08_05499	556.333429530718	-0.217451144694957	0.123916889011508	-1.75481442787644	0.0792910548967256	0.191958677360579
B9J08_04640	4.06568644824607	-2.65011908977278	1.51339012706185	-1.75111429788287	0.0799262238505345	0.193411663407139
B9J08_04466	630.846186055518	0.216014394120577	0.12338471612018	1.75073867260977	0.0799909347024084	0.193483543151077
B9J08_00997	846.804726686715	0.189121271385548	0.10829821052627	1.74630098195087	0.0807586653409263	0.195255093324278
B9J08_03379	1477.39830183552	-0.155615158350065	0.0891488783010728	-1.7455649618442	0.0808865751193862	0.195478837203694
B9J08_05001	1298.36876005249	0.165237660863361	0.0946884382195555	1.74506691598632	0.0809732216487686	0.195602708065011
B9J08_02572	26094.4290322216	0.14871621454515	0.085231833545419	1.74484354447098	0.0810121067294545	0.195611146305677
B9J08_03817	351.837494386693	-0.260581288621632	0.149372601118934	-1.74450526180602	0.0810710246974501	0.195667927293802
B9J08_01519	751.728469343761	-0.203827912479593	0.116877356533224	-1.7439469759196	0.0811683362262617	0.195817282550217
B9J08_00723	14.7379333436426	-1.20803727834077	0.692878276005337	-1.74350577897388	0.0812453057223674	0.195917454069601
B9J08_02560	4262.5013269855	0.139489920397905	0.0800852154368402	1.74176868523148	0.0815489282895929	0.196563858114514
B9J08_05346	1794.2299669148	0.152137418972267	0.087367617260256	1.74134792435818	0.0816226104470707	0.196655696574089
B9J08_02464	4725.61982050164	0.122118009414789	0.0701631221924975	1.74048710488894	0.0817735224070777	0.196796787154194
B9J08_02053	485.296160459698	-0.23291526259679	0.133828223688138	-1.74040464842121	0.081787989884781	0.196796787154194
B9J08_00397	5577.42836825306	0.11993320621055	0.0689014180707107	1.74064931562754	0.081745067627442	0.196796787154194
B9J08_04789	1282.193568204	-0.167947053559107	0.0965303881236545	-1.73983609538551	0.0818878024240848	0.196951211487344
B9J08_01397	985.093673227521	0.17679718214893	0.101634587130133	1.73953756433878	0.0819402506997461	0.196991633587428
B9J08_00655	1648.35379216276	0.159982044125049	0.0919829215039616	1.73925813084942	0.0819893684518381	0.197024017144917
B9J08_02653	2961.85880809066	-0.142623858324684	0.0822762001848244	-1.73347648535415	0.0830110134478636	0.19938956403163
B9J08_01440	66941.3080949524	-0.117051552176084	0.0675318199752216	-1.73327998888571	0.0830459157591483	0.19938956403163
B9J08_04996	1956.66759832388	0.147226912957414	0.0850163702359133	1.7317478098497	0.083318474143349	0.19995710229713
B9J08_03069	364.940947084371	-0.259397923241282	0.149889347987615	-1.73059611455989	0.0835238251776687	0.200276000762245
B9J08_00562	1240.71826544482	0.16787346445814	0.0969976541457591	1.73069612803085	0.083505976212442	0.200276000762245
B9J08_01754	964.629874311629	-0.18380757583059	0.106224369044653	-1.73037107665307	0.0835639980028689	0.200285436670363
B9J08_04455	1012.77257778452	-0.174849805417713	0.101225118105363	-1.72733614630822	0.0841073110991413	0.201325729079668
B9J08_03948	268.959934617017	-0.297806033208845	0.17239013630701	-1.72751202353296	0.0840757477114907	0.201325729079668
B9J08_01207	708.974855105017	-0.203164715193615	0.117607383764735	-1.72748265193987	0.0840810181475739	0.201325729079668
B9J08_04164	531.942857629821	0.230525156788428	0.133484885174042	1.7269757282846	0.0841720226281075	0.201393406521883
B9J08_03752	1370.27199515964	0.157723671233624	0.0913471337871386	1.72664061470346	0.0842322269985624	0.201450246049786
B9J08_02905	393.208023902819	-0.266013410174557	0.154203554331154	-1.72507962821201	0.0845131232911023	0.202034616102908
B9J08_05167	2722.32351193054	-0.152125977646663	0.088288616892741	-1.72305312961779	0.0848789176438592	0.202733698279002
B9J08_03006	1586.34263636312	-0.150829029813758	0.0875260190601802	-1.72324791454359	0.0848437023386603	0.202733698279002
B9J08_00360	4667.90128373372	-0.12868230136138	0.0747168802764324	-1.72226544905635	0.0850214435546698	0.20298640109143
B9J08_05092	6956.3250053384	0.11560862215159	0.0672062935898335	1.72020529590815	0.0853951307209145	0.203790538641837
B9J08_02142	1183.04461712894	0.169778987838111	0.0987182188819195	1.71983439086548	0.0854625492982416	0.203863405253078
B9J08_02942	2270.18825072243	-0.142126181667814	0.082658025877159	-1.71944805310294	0.0855328187886088	0.203869815862321
B9J08_00853	1976.15213109368	-0.160062701210221	0.0930914243208865	-1.71941403172095	0.085539009043735	0.203869815862321
B9J08_01987	1724.19962671934	-0.159996857177044	0.0931074424677287	-1.71841104144278	0.0857216677959841	0.204217093926036
B9J08_04774	2626.39810855412	0.134981953056771	0.0786579645395855	1.71606211585655	0.0861506741230025	0.205150700507469
B9J08_03856	1071.66937693694	-0.188353615336929	0.109872399363398	-1.71429418514798	0.0864747105397062	0.205833645630041
B9J08_04490	74.0908163374064	-0.527845447309374	0.307998583355074	-1.71379180241505	0.0865669694826648	0.205964545988243
B9J08_01750	691.839278060611	0.200656327938093	0.117186335717207	1.71228434364835	0.0868442805011758	0.20653542957401
B9J08_04382	1911.20784966186	0.147832044707088	0.0863824958368	1.71136574921825	0.0870136158275605	0.206849141797388
B9J08_00679	3556.00740388219	0.133187883706623	0.0778624965752813	1.7105524426365	0.0871637645557765	0.207116993422088
B9J08_00835	49.956066838464	0.653752743322701	0.382381342175974	1.70968787232783	0.0873236065612057	0.20740763793029
B9J08_00037	10991.1214887186	0.113130767513581	0.0662122862153124	1.70860687615735	0.0875237941042764	0.20779381873468
B9J08_01496	1379.23829431629	-0.157016988575226	0.0919326805110943	-1.70795616642851	0.0876444761614822	0.207990991732294
B9J08_00844	11337.1997253163	0.150589298148201	0.0882048352449254	1.70726806223319	0.0877722394689632	0.208204792937751
B9J08_05214	1326.18626986383	-0.16227159872772	0.0950733926027905	-1.70680349449271	0.0878585827053074	0.208230869044697
B9J08_04217	401.679201177198	0.250066305202715	0.146495154627202	1.70699369435854	0.0878232244219456	0.208230869044697
B9J08_00275	2042.63541783219	-0.148455835997261	0.0870646188587228	-1.70512244747956	0.0881715898896625	0.208883145015073
B9J08_04373	2.89012170511526	-3.2743737738908	1.92131348381937	-1.70423712812429	0.0883367954557368	0.209184862246725
B9J08_01919	499.18364018348	0.219765424411211	0.128970365756685	1.7039993887109	0.0883812014428221	0.209200385599348
B9J08_02524	978.004950531981	0.183822507298713	0.1079082400553	1.70350760242691	0.0884731165055755	0.209328302622567
B9J08_03083	3906.55486845776	0.122560202189146	0.0719939921315193	1.70236708037043	0.0886865771193439	0.209743565142753
B9J08_02693	1502.71876180347	-0.151691152213362	0.0891290576337575	-1.70192702851948	0.0887690483017566	0.20984881521121
B9J08_03861	417.362126856482	0.240418631348611	0.141334140957875	1.70106550136578	0.0889306881191855	0.210141048839136
B9J08_05013	1115.38264088576	0.166897173981452	0.0981327567485312	1.70072847753714	0.0889939850605271	0.21015972286502
B9J08_01546	1468.81624774438	-0.153982979828739	0.0905452784626853	-1.70061854624697	0.0890146392666929	0.21015972286502
B9J08_03941	562.321713241661	-0.222401846901435	0.13080413698726	-1.70026615383805	0.0890808737959513	0.21022629780966
B9J08_00290	2384.22970966494	0.147068957334392	0.0865290287785175	1.69964877001954	0.0891970109544922	0.210410533310063
B9J08_05194	1712.85250389281	-0.148063660138435	0.087132523560649	-1.69929268759644	0.0892640496842118	0.210478840701638
B9J08_05368	1547.49965508052	0.154546621544294	0.0909694917885686	1.69888408196774	0.0893410268206736	0.210570513960709
B9J08_05540	431.412067658442	0.233405474525415	0.137489804558158	1.69762023646404	0.0895794609092007	0.210907230941828
B9J08_05367	2302.10569537659	0.143976568352598	0.0848158236157874	1.69752013497866	0.0895983676952075	0.210907230941828
B9J08_01681	867.683949462762	0.178800778051472	0.105320933216399	1.69767559582953	0.0895690062234658	0.210907230941828
B9J08_01079	4593.85055181396	0.122044268044508	0.0719804683149712	1.69551922766699	0.0899769658854443	0.211708254767497
B9J08_04397	2535.53116550575	-0.13377390244195	0.0789212814368489	-1.6950295282394	0.0900698193729398	0.211746444778493
B9J08_01840	2191.05385740748	-0.155292699376068	0.0916082647162927	-1.6951821962462	0.0900408632297748	0.211746444778493
B9J08_04724	3283.48084138698	0.136189047930345	0.0805362564346349	1.69102779244376	0.0908314946849669	0.213355576338212
B9J08_01492	29691.1218176598	-0.110798234398739	0.0655161041542828	-1.69116030064643	0.0908061909082476	0.213355576338212
B9J08_04175	2.86657693864583	-3.26416597901025	1.93203116134833	-1.68949965420446	0.0911237180729808	0.213860207978499
B9J08_03543	320.654292977829	-0.286929919554433	0.169819648969326	-1.68961554976633	0.091101529095403	0.213860207978499
B9J08_04491	1361.55188865264	-0.159832036049886	0.094679332705467	-1.68814071120568	0.0913842210931537	0.214380556019465
B9J08_05582	1150.22305037132	0.165869372115634	0.0983002072746594	1.68737560900742	0.0915311508027402	0.214568024455011
B9J08_04973	2335.99618522976	0.137816217470631	0.0816815283537372	1.68723847665768	0.091557505661111	0.214568024455011
B9J08_04898	2185.19644074526	-0.148868661458768	0.0882384227316698	-1.68711834198887	0.0915805988220319	0.214568024455011
B9J08_04545	1172.54148712675	-0.161179495926161	0.0955977882795269	-1.6860169971179	0.0917925255962905	0.214973427529957
B9J08_04278	1544.08290457174	-0.152767911891163	0.0906820138285687	-1.68465504283976	0.0920551450278603	0.2154971565307
B9J08_02862	290.672833355911	-0.274047245978446	0.162727769611898	-1.68408407877796	0.0921654208313549	0.215663963139246
B9J08_04238	4560.56871940523	-0.119378046501722	0.0709812568591799	-1.68182491807036	0.0926027953149982	0.216412536873571
B9J08_03603	1014.83967810342	-0.182562935313266	0.108538550168704	-1.6820100787186	0.0925668855511716	0.216412536873571
B9J08_00760	2046.64665463911	0.154508376162986	0.0918483284837084	1.6822121721071	0.0925277046410605	0.216412536873571
B9J08_02898	112.611209203908	-0.426364735806021	0.253569199967313	-1.68145317278669	0.0926749247790925	0.216489564350822
B9J08_04523	975.607621977757	0.17912910399291	0.106561697485031	1.68098958838445	0.092764936911383	0.216581641337553
B9J08_03866	1148.17043415442	-0.169923535623842	0.101094017163735	-1.6808466058741	0.0927927133503392	0.216581641337553
B9J08_01081	670.202712004844	0.211131175839837	0.125664839118427	1.68011336600579	0.0929352608231691	0.216822788758825
B9J08_02977	42.5507023367649	-0.691772779256206	0.411866755002895	-1.67960334465778	0.0930345165087932	0.216962773309747
B9J08_00191	421.702225732914	-0.234786106409748	0.139876624654368	-1.67852281959119	0.0932450794662525	0.217362106372829
B9J08_01381	2137.78343447966	0.137117122038179	0.0817279172672215	1.67772686033163	0.0934004332837586	0.217632459847949
B9J08_02070	2650.09180368618	0.133092424118115	0.079401244858104	1.67620072400579	0.0936988824396687	0.218143944079212
B9J08_00807	463.280931492375	0.223690474740444	0.13344971270818	1.67621548372755	0.0936959923896449	0.218143944079212
B9J08_03521	8324.69583646761	0.111241372032429	0.0664582083816792	1.67385451310324	0.0941591956841606	0.219123315598466
B9J08_04735	18901.5264697291	0.141340806124357	0.0844965925705554	1.67273971440134	0.0943785473575201	0.219506530917299
B9J08_02437	151.925979820436	0.361422410451551	0.216082370192214	1.67261405976828	0.0944032972662238	0.219506530917299
B9J08_02870	808.671223546924	-0.183740368466891	0.109931845533045	-1.67140256379722	0.0946421898652565	0.219969463156128
B9J08_00522	221.723682652211	-0.314938451514257	0.1886290643107	-1.66961784317345	0.0949949978243618	0.220696659510403
B9J08_03439	9.93190369780592	1.41650836041151	0.849271845929264	1.66790924154749	0.0953337448313324	0.22139059146335
B9J08_01554	1218.31372309853	-0.170209613622786	0.102105704747124	-1.66699416104447	0.0955155659181742	0.221719669395107
B9J08_04663	2262.20063011268	0.138211283572185	0.0829328924712197	1.66654362887619	0.0956051859503173	0.22183453515844
B9J08_02025	253.733697966559	-0.306053394260509	0.183725856143357	-1.66581558352736	0.0957501513056491	0.22207766943614
B9J08_01848	19100.5495361374	0.112208798506012	0.067401943480076	1.66477096523457	0.0959584586717833	0.222467450117008
B9J08_05338	2179.32228241899	0.150617002551834	0.0905770445437985	1.66286064322846	0.0963403341176286	0.223259130678463
B9J08_01367	67349.0686279428	-0.11865939489565	0.0713887329976307	-1.66215857759499	0.0964809829841237	0.223491363350064
B9J08_03837	1033.73628193015	-0.170465435879186	0.1025768842749	-1.66183089966302	0.0965466848030795	0.223549864644583
B9J08_01863	6323.62616741619	0.11366312861808	0.0684409497080261	1.66074739031202	0.0967641912243381	0.22395966704226
B9J08_05444	619.951474124563	-0.216247197155347	0.130304912585237	-1.65954754018881	0.0970055093002016	0.224424215111852
B9J08_01505	322.861479932186	-0.257338349574948	0.155234005862293	-1.65774469418274	0.0973690085463841	0.225170924784881
B9J08_04517	668.706200144085	0.208789195829003	0.126053663381998	1.65635166981447	0.0976506224274939	0.225416035363288
B9J08_04027	38303.6521021169	-0.109218068828911	0.0659445035604879	-1.65621185894182	0.0976789225067984	0.225416035363288
B9J08_01432	1735.06446501987	0.147625213841144	0.0891197991043058	1.65648055005559	0.0976245406968552	0.225416035363288
B9J08_01266	474.704962174568	-0.22382177621274	0.135126544073361	-1.6563864468496	0.0976435839866277	0.225416035363288
B9J08_00392	62593.2686316453	0.102824746940342	0.0620766442390266	1.65641600316561	0.0976376024733104	0.225416035363288
B9J08_04533	41755.304130718	0.0997913114901879	0.0603188803944232	1.65439595094696	0.0980470886350685	0.226171226580143
B9J08_05288	2663.05981798993	-0.129132464711831	0.0780737009011135	-1.65398159971163	0.0981312513843884	0.226254895456845
B9J08_01583	12051.0846441918	0.108454688232074	0.0655785130720997	1.65381438448954	0.0981652323693711	0.226254895456845
B9J08_03558	1434.44553420234	-0.149627932127483	0.0905165461126725	-1.65304509013446	0.0983216872107257	0.226510639083517
B9J08_01566	11945.8681433667	0.106990951924225	0.0647305697655438	1.65286590727919	0.0983581570111164	0.226510639083517
B9J08_04695	561.016520651325	0.203058820165014	0.12293186829525	1.65179967555134	0.0985753948672242	0.226916371274947
B9J08_05386	821.276835491086	0.185621645956058	0.112449871831611	1.65070571386705	0.0987986805324007	0.227335681641373
B9J08_00991	3398.83396477188	0.134211921160483	0.0813835049925198	1.64912928206789	0.0991211518413473	0.227947434164225
B9J08_00475	5365.52157668132	-0.123870989667775	0.0751187190620065	-1.64900295445036	0.0991470294428797	0.227947434164225
B9J08_00613	1025.226415331	-0.166133372204153	0.100797492848906	-1.64818952841599	0.0993137849834239	0.228235879252966
B9J08_04168	2451.06212789517	-0.129738382671933	0.0787634955198772	-1.64718924440309	0.0995191538709389	0.228612786136608
B9J08_02400	3260.83077897273	0.131452672923837	0.0798423176030067	1.64640352222048	0.0996807084118154	0.228888772493604
B9J08_04423	909.899656014484	-0.18019865456087	0.109551031259604	-1.64488323376758	0.0999938931128248	0.229496977395932
B9J08_03256	447.207354842636	0.222395193461022	0.13522097044789	1.64467976175875	0.100035868524447	0.229496977395932
B9J08_03030	1030.32090775628	-0.168764253080718	0.102635146832832	-1.64431248250266	0.100111672245629	0.229496977395932
B9J08_00260	384.980958834749	-0.23560403628752	0.143282087277258	-1.64433699120822	0.100106612404372	0.229496977395932
B9J08_00539	3434.73289573788	-0.141290073056325	0.0859411547981721	-1.64403274994544	0.100169437695906	0.229534196577643
B9J08_03950	375.079370554639	-0.269655561992269	0.164222568128133	-1.64201281873678	0.100587347544501	0.230300857447579
B9J08_00983	5915.51818639598	-0.11215302651146	0.0682947785618463	-1.64219035295497	0.100550561328518	0.230300857447579
B9J08_01231	342.34154680106	-0.249539305903866	0.15199077779093	-1.64180557222438	0.100630303904353	0.230303805250251
B9J08_03561	9237.02677582203	0.114266254143816	0.0696342687363995	1.64094857628751	0.100808090250487	0.230615196529155
B9J08_03285	7052.0660776722	0.111221791180555	0.0678546332457121	1.6391185960405	0.101188562884291	0.23138981674037
B9J08_04728	1179.4594065749	-0.160221009607907	0.0979268315661336	-1.63612982310884	0.101812419736682	0.232712031409604
B9J08_00704	2067.91981671905	0.144934306289973	0.088601777287016	1.6357945712587	0.101882588590919	0.232712031409604
B9J08_00364	65.6537047932686	-0.550006634039189	0.336242405401153	-1.63574440702387	0.101893091371674	0.232712031409604
B9J08_05345	559.245279702711	0.215230401616292	0.131631689222476	1.63509564366771	0.102028999260587	0.232830007808946
B9J08_03179	510.184749146175	0.219182229102805	0.134032972094522	1.63528589777324	0.101989128437809	0.232830007808946
B9J08_02323	350.716972684648	-0.248820083727737	0.152356313622427	-1.63314586584426	0.10243832214775	0.233592530020279
B9J08_02214	899.974586623636	-0.171582745127269	0.105065580061147	-1.63310139274355	0.102447673741479	0.233592530020279
B9J08_02622	254.37255948127	-0.303720019560471	0.186038610491935	-1.63256443787317	0.102560635693411	0.233753663289683
B9J08_03477	57474.5690232244	-0.112893721535122	0.0692319441005436	-1.630659415994	0.102962204515554	0.234572178218247
B9J08_04023	617.11758945841	0.203103502048203	0.124606064889875	1.62996481935051	0.103108932611739	0.23480967059954
B9J08_04796	1362.2740259137	0.15806138864211	0.097014379538512	1.62925732653234	0.103258555797091	0.235053557615536
B9J08_00228	2542.94201787724	0.131035459730889	0.0804763720521842	1.62824760099673	0.103472395193553	0.235443362797352
B9J08_01309	3421.88966306841	-0.120597422703149	0.0741159707177042	-1.62714488571546	0.103706329902616	0.235878553650928
B9J08_04506	62.3895601329301	-0.53843672563173	0.331184016638244	-1.62579321036459	0.1039936532114	0.236434768119873
B9J08_03097	1250.67241199756	-0.164336290237325	0.101177241691416	-1.62424165247102	0.104324244483048	0.237088856602716
B9J08_05360	32856.4625865509	-0.107653710883831	0.0663250203747941	-1.62312367603498	0.104562969327936	0.23753371618393
B9J08_02329	393.107131609669	-0.236048323056238	0.145498383903649	-1.62234326404995	0.104729869973326	0.237815115588567
B9J08_04489	12230.5516838932	0.122760076478928	0.0757108819864933	1.62143239198862	0.104924938534038	0.238160219826541
B9J08_00674	478.547293733712	-0.21745458899255	0.134200035217291	-1.62037654193202	0.105151415793411	0.238576303403195
B9J08_00030	606.873062462012	-0.198055040410495	0.12229780254268	-1.61944888863703	0.105350715182406	0.23893040739153
B9J08_01343	246.790466197756	-0.283457649894354	0.175074787515148	-1.6190660798022	0.105433046123827	0.239019050831169
B9J08_00383	3311.87234415976	0.122735123061077	0.0758361091170911	1.61842589882312	0.105570844324677	0.239233315531976
B9J08_04076	376.33875759292	-0.244006624815207	0.150984935774017	-1.61609913972092	0.106072880218462	0.240174030711775
B9J08_01477	3772.73738226831	-0.118201762204701	0.073135705333047	-1.61619774727585	0.10605156569628	0.240174030711775
B9J08_05350	1151.07109668681	0.158824753876132	0.0982913284406172	1.61585723171995	0.106125184246996	0.240194059513983
B9J08_00480	527.600668725913	-0.225136742506056	0.139392128639718	-1.61513239451246	0.106282027046272	0.240450578585651
B9J08_01772	598.518355231864	0.206314248502573	0.127784137082948	1.61455289531476	0.10640755325412	0.240636066626645
B9J08_03886	2462.20101712913	0.130062801044226	0.0805959200351556	1.61376408368429	0.106578607788824	0.240852689519649
B9J08_03637	2029.27844438065	0.134271874194557	0.0832069783447899	1.61370929296539	0.106590497297822	0.240852689519649
B9J08_04162	2188.71754476668	0.132715142285772	0.0822566139702745	1.61342822029767	0.106651506202163	0.240892061618045
B9J08_00644	414.510966825724	0.225328731635089	0.139760354576278	1.61225071529215	0.106907393279312	0.241272830810436
B9J08_00192	939.592734623559	0.168821928919717	0.104710618445036	1.61227133815788	0.106902907481854	0.241272830810436
B9J08_04057	829.025966056222	-0.179271657919527	0.111213868449517	-1.61195416020354	0.106971915167361	0.241319908216329
B9J08_03174	2057.81613801752	-0.132489459407711	0.0822933938549818	-1.60996470313505	0.107405562157252	0.242199323559008
B9J08_04909	1347.65875741257	0.149203325746586	0.0927528649145109	1.60861150633034	0.107701316664337	0.24276720114347
B9J08_03895	6010.98282375387	0.117439319597655	0.0730483044869727	1.60769398307663	0.10790221701195	0.243120894180615
B9J08_04626	214.457753048643	-0.314343341187284	0.19571553213508	-1.60612363136478	0.108246748588767	0.243797791136966
B9J08_05380	706.169519417411	0.181529721799504	0.113065421837005	1.60552818757618	0.10837761502543	0.243893761500631
B9J08_01390	1058.22882916189	0.159069050886549	0.099069323906602	1.60563375840247	0.108354403577911	0.243893761500631
B9J08_04664	1068.82880692793	0.161641249248782	0.100738340356499	1.60456533904326	0.108589494429645	0.244248592574888
B9J08_00286	1087.59433759149	-0.158718360889928	0.0989263000534329	-1.60441015992916	0.10862367297794	0.244248592574888
B9J08_03930	2185.86618040248	-0.132752943197112	0.082754838729538	-1.60417137215359	0.108676283145949	0.244267514008808
B9J08_02294	839.221706225965	0.18264042729977	0.113892458080091	1.60362178829554	0.108797445076173	0.244440438591873
B9J08_02064	3249.14376586873	-0.123440523370622	0.0769973771997661	-1.60317828814301	0.108895297548951	0.244560873446993
B9J08_00661	3518.33600260621	0.126166056739317	0.0787210706190848	1.60269741947246	0.109001473536734	0.244699896115975
B9J08_04430	13.5638014919907	1.13569518116455	0.709059127202141	1.60169319820458	0.109223470004697	0.245098708370265
B9J08_00910	68.099114549876	-0.507924420544427	0.317179700471702	-1.60137745192727	0.109293343746599	0.2451559703277
B9J08_04514	1089.96350539225	0.162868520239116	0.101723619436667	1.60108852930187	0.109357312454694	0.245199945613425
B9J08_03005	1666.90113144487	-0.138726705093758	0.0866654780610115	-1.60071470437278	0.109440122820696	0.245286114691804
B9J08_00531	351.65047754836	-0.242078241620205	0.151263789646108	-1.60037139216573	0.109516217617406	0.245357168533198
B9J08_00558	5200.48090801989	-0.110993063939482	0.0693850260339568	-1.59966883755528	0.109672068494023	0.245606775756266
B9J08_01691	226.509962559457	-0.29268315041152	0.183028545691199	-1.59911203635595	0.109795710710697	0.245784079829091
B9J08_02332	799.54803953423	0.176830403278976	0.110611709141278	1.59865899055154	0.109896394464287	0.245909867289115
B9J08_03839	89067.2054240077	0.0993148515262997	0.0622116620884903	1.59640247812434	0.110398963230933	0.246934467736692
B9J08_05070	541.659750726376	0.20468447566681	0.128243635149758	1.59605952706961	0.110475503706057	0.247005707517548
B9J08_01022	3.69182427576079	-2.61030571658265	1.63590787350232	-1.59563124480491	0.110571147411591	0.247119584206981
B9J08_05161	665.242967171744	-0.185487397890032	0.116311510960256	-1.59474669668262	0.110768891100145	0.247461463666331
B9J08_00163	2099.5802002319	0.133671971867042	0.0838613916782895	1.59396319560063	0.110944278507312	0.247753142347439
B9J08_03802	1282.59167673714	-0.15558779920899	0.0976618868364995	-1.59312710668254	0.111131679484943	0.247835983619449
B9J08_03202	928.930347663448	-0.166329937159891	0.104413177719297	-1.59299755828761	0.111160738808144	0.247835983619449
B9J08_02953	69.4490029364776	-0.505371584422074	0.31722563143557	-1.59309820626748	0.111138161689334	0.247835983619449
B9J08_00447	79.9497085565899	-0.483254812602804	0.303263778433142	-1.59351312939386	0.1110451253234	0.247835983619449
B9J08_04437	326.829070946274	-0.24626999725303	0.154645863292669	-1.59247710872783	0.111277542599959	0.247895467047272
B9J08_02548	3328.80840745955	0.121581675068205	0.0763570053951204	1.59227924718974	0.111321973803389	0.247895467047272
B9J08_00979	430.376747452765	-0.223233816043353	0.140182812929465	-1.59244782850574	0.111284116797771	0.247895467047272
B9J08_04574	48.591308192477	0.621628671157662	0.390719064689899	1.59098627974816	0.111612663546991	0.248442686840202
B9J08_03512	1479.84990671295	0.142025854579228	0.0893028702376144	1.59038398431461	0.111748278162567	0.248644417634666
B9J08_05504	3118.80531362559	0.120359059469981	0.075718109248713	1.58956768287273	0.111932286453295	0.248766883003674
B9J08_03975	3786.14759334158	-0.116046222191821	0.0729917139278973	-1.58985473757272	0.111867552193661	0.248766883003674
B9J08_00189	220.990712871352	-0.290827534915968	0.182963237761414	-1.58954081964384	0.111938345943575	0.248766883003674
B9J08_00617	1169.29233422857	-0.157892180039558	0.0993638900116404	-1.58902977752845	0.112053670085417	0.24892308463107
B9J08_02196	751.828028074136	-0.180999911638707	0.113972025739261	-1.58810822624833	0.112261868468187	0.249085594647773
B9J08_02141	3591.34653040965	0.12328478937568	0.0776300011167567	1.58810753062155	0.112262025740475	0.249085594647773
B9J08_00698	362.646555727637	0.232548036828857	0.146415531203643	1.58827437852489	0.112224308547633	0.249085594647773
B9J08_04268	8459.15403399066	0.124503720380363	0.0784341920635761	1.58736537095256	0.112429917514738	0.249358007264831
B9J08_00468	10396.7965749566	0.106355343816847	0.0670125712001853	1.58709540481791	0.112491038485266	0.249393489654257
B9J08_02892	5196.95402789503	-0.122836278826897	0.0774767675750846	-1.58545952124104	0.112861966892999	0.250115513639778
B9J08_04912	3122.58578033895	-0.123165586179828	0.0777404804701857	-1.5843172750529	0.113121536539931	0.250590273529538
B9J08_01262	911.291568691005	-0.175075355292057	0.110626026370096	-1.58258739861403	0.113515537539437	0.251362330120379
B9J08_00258	4043.21065475633	-0.118043327747814	0.0746063322739101	-1.58221593462642	0.113600283921887	0.251449246790656
B9J08_04508	926.813165188848	-0.163362655739293	0.103323292314563	-1.58108256211913	0.113859161309287	0.25182056204739
B9J08_00519	78.6500825605555	0.486739513397149	0.307830667753031	1.58119240344063	0.113834051776385	0.25182056204739
B9J08_00882	53.2851691359278	0.571763928743528	0.361834302331195	1.58018166066572	0.114065270409069	0.25217549982037
B9J08_03710	2694.82077527813	0.126112271171904	0.0799072117933321	1.57823390832449	0.114511883035528	0.253061646356402
B9J08_05365	826.724017257115	0.180329188592399	0.114353193426812	1.57694930231933	0.114807190909491	0.253612847384795
B9J08_02488	1754.33072195076	0.147524037636129	0.0935889037191405	1.57629838339433	0.114957054037552	0.25384244413326
B9J08_03681	1733.90772031522	-0.14623990300736	0.0928423761429824	-1.57514175188863	0.115223728600472	0.254261737510669
B9J08_00856	2140.91619842356	-0.135134812310581	0.0857957508952338	-1.57507581553306	0.115238945624068	0.254261737510669
B9J08_04778	5406.09924162801	0.109594261660606	0.0696155755460132	1.57427789400618	0.115423218069377	0.254515304781922
B9J08_03437	1022.2084281582	0.159446304936243	0.101288518844238	1.57417945050061	0.115445968715086	0.254515304781922
B9J08_03090	571.57611135459	-0.198828976688794	0.126349868935499	-1.57363817124571	0.115571123283582	0.254588122115727
B9J08_00244	1534.87901057752	-0.143628768699674	0.0912609344965468	-1.57382531191491	0.115527840565794	0.254588122115727
B9J08_05306	892.219720932976	0.169047266451125	0.107577496968592	1.57139988580028	0.116089792500443	0.255628798067708
B9J08_01755	164.547300964725	-0.336239624722875	0.214082791173366	-1.5706055721713	0.11627429486523	0.255892622478641
B9J08_01371	9011.304525887	0.102075998814049	0.0649964598809019	1.57048551568948	0.11630220149563	0.255892622478641
B9J08_04590	294.513654865366	0.255090894673107	0.162465514748634	1.57012332781995	0.116386422447149	0.255976027403657
B9J08_05478	173.94183605216	-0.337288782494738	0.214909242881348	-1.56944753968053	0.116543694188358	0.256032215866019
B9J08_04321	2084.35414161461	0.136543869614846	0.0869946608080735	1.56956608999359	0.116516092683902	0.256032215866019
B9J08_04064	2633.12953232164	0.125034475705445	0.0796694073978948	1.56941641452135	0.11655094176206	0.256032215866019
B9J08_00178	4440.50148426335	0.113744743181591	0.0725616441067586	1.56756017013949	0.116983813588499	0.256881024117456
B9J08_05177	2019.87116939448	-0.13748216209208	0.0877668246535653	-1.56644794470749	0.117243786137654	0.257027191508286
B9J08_05075	1484.43251903209	-0.14321118591716	0.0914376563765291	-1.56621671631033	0.11729789057048	0.257027191508286
B9J08_03096	479.175309792415	-0.209305854334458	0.133649351151176	-1.56608208368856	0.117329401877222	0.257027191508286
B9J08_03045	4354.95893432261	-0.111528483555631	0.0711817022998443	-1.56681394167606	0.117158187664144	0.257027191508286
B9J08_01502	193.903463327027	-0.303953645463965	0.1939795614744	-1.56693645017894	0.117129546638663	0.257027191508286
B9J08_00046	167.109250291466	0.324904978819544	0.207397690692465	1.56657953969855	0.117213003372745	0.257027191508286
B9J08_00088	1398.90865284632	-0.1429666003357	0.0913159719006139	-1.56562534855678	0.117436352084364	0.257159555455738
B9J08_01315	1.28294394931965	3.99029634603755	2.55022668588148	1.56468300176159	0.117657256093547	0.257439293123134
B9J08_00575	1.28294394931965	3.99029634603755	2.55022668588148	1.56468300176159	0.117657256093547	0.257439293123134
B9J08_03747	911.527071549594	-0.163229136830492	0.104340216901341	-1.56439330564966	0.117725231863597	0.257486092801781
B9J08_02712	1138.60721670445	0.1621076864491	0.103639332755483	1.5641521624957	0.117781838419918	0.257507998792282
B9J08_05011	393.86531807133	0.222757990245605	0.142650432979627	1.56156546876671	0.118390389587784	0.258736134144595
B9J08_02901	742.466308068921	0.182199604487712	0.116708987999133	1.56114458373219	0.11848964074888	0.258850689493699
B9J08_03272	1121.68560430186	-0.1552528202924	0.0994800662397116	-1.560642510212	0.1186081227303	0.259007149083512
B9J08_03329	1972.16742760803	-0.13474986268853	0.0863824961986008	-1.55992091706552	0.118778570793653	0.259190209753587
B9J08_01071	1998.70876737669	0.133300686334275	0.0854551522855856	1.55989057147535	0.118785742953833	0.259190209753587
B9J08_05179	141.108865852396	-0.35902294504838	0.230244508555641	-1.55931165221089	0.118922635171189	0.259353604692664
B9J08_04407	2861.9639999742	0.123595828830321	0.0792778017417542	1.55902189660773	0.118991197686208	0.259353604692664
B9J08_01625	336.606411217761	0.236624462488332	0.151781707514778	1.55897878843729	0.119001400669549	0.259353604692664
B9J08_01182	1318.54185154171	0.146647758984585	0.0940985386854033	1.55844884557525	0.119126885323985	0.259524751748389
B9J08_04477	1587.5096287872	0.142635051727915	0.0915533205251895	1.55794515053849	0.119246250884232	0.259682438391313
B9J08_04189	583.865631208817	0.193209230159886	0.124045843147999	1.55756311744657	0.11933684750536	0.259777375408478
B9J08_03661	945.346571608021	0.162756040173732	0.104577344708642	1.55632217118515	0.119631501869227	0.260296650950323
B9J08_02578	886.070278429742	0.167278070587109	0.107493997815562	1.55616196240207	0.119669583872765	0.260296650950323
B9J08_03031	2153.4592294974	-0.133931945372965	0.0860909514612633	-1.55570292928204	0.119778749706472	0.260431608822844
B9J08_04270	45098.1751715255	0.110556834890283	0.0710887015714061	1.55519558588692	0.119899495269696	0.260591628138265
B9J08_04641	528.440908082328	0.198316364165103	0.127568145984486	1.55459156856619	0.120043373097996	0.260645784567131
B9J08_03606	1730.34575550481	-0.13557674238401	0.0872158222299685	-1.55449709602604	0.120065888819959	0.260645784567131
B9J08_02819	711.640232270797	-0.195537273211764	0.125760313613574	-1.5548408523582	0.119983976949869	0.260645784567131
B9J08_03419	1658.39655512694	0.134014818791749	0.0863314840038159	1.55232845048541	0.120583653772156	0.261667002119634
B9J08_01533	2571.77658182457	-0.134942672057107	0.0869935768778373	-1.55117971809118	0.120858621215616	0.262160753319744
B9J08_01170	4162.51595573824	-0.114498837531328	0.0739085296645096	-1.5491965278036	0.121334483908545	0.263089718541595
B9J08_01977	703.006615331578	-0.179358235810124	0.115824400968389	-1.5485358379628	0.121493340197277	0.26322763279904
B9J08_00730	498.489153741008	-0.202625767212206	0.13084375913416	-1.54860857371458	0.121475843646828	0.26322763279904
B9J08_05032	660.30707206114	-0.182513584686046	0.117909754898688	-1.54790911780681	0.121644179095566	0.263451166873508
B9J08_05249	25.7580300821868	0.803061076688792	0.519020844128955	1.54726170590803	0.121800151810687	0.263685640053924
B9J08_04780	2495.04034943076	-0.124021036591589	0.0802314240631205	-1.54579129112825	0.12215498098357	0.264132648308603
B9J08_04055	132.386759816562	0.365358129637074	0.23641403862564	1.54541638796508	0.122245578862567	0.264132648308603
B9J08_03790	2134.93341283201	-0.126496133493206	0.0818289986776305	-1.54585948181456	0.122138507886393	0.264132648308603
B9J08_00890	1566.70942834938	0.135905960078823	0.0879186868028687	1.54581426339489	0.122149431287165	0.264132648308603
B9J08_00321	76465.8241810795	0.0923030018533465	0.0597237686810346	1.54549861624284	0.122225703349858	0.264132648308603
B9J08_02990	1497.05267722558	0.138669141297864	0.089756253134098	1.54495242900446	0.122357770373833	0.264271745547548
B9J08_04813	1054.77266929177	-0.158725287513313	0.102757690784555	-1.54465603792228	0.12242948382966	0.264323342627552
B9J08_03248	250.556791541479	0.277278351319011	0.179611348256041	1.54376855366479	0.122644411954402	0.264683976912136
B9J08_05566	792.637553389174	0.170307867453815	0.110434490333598	1.54216193636022	0.123034247166521	0.265421656553225
B9J08_05120	226.540813904213	-0.279850216292703	0.181715145646	-1.54004893371893	0.123548426030763	0.266426902330093
B9J08_04769	516.370268828002	0.198197963069661	0.128760995236053	1.53927020140154	0.123738345522269	0.266524487802643
B9J08_01111	17993.9488307427	0.10092387764266	0.0655582581925101	1.53945331107333	0.12369366772764	0.266524487802643
B9J08_00175	1566.3782388198	0.145917756068194	0.094787684838474	1.53941681682435	0.123702571127187	0.266524487802643
B9J08_05400	6838.16192314406	0.104355173597046	0.067819691318795	1.53871495973803	0.123873898566238	0.266712519429527
B9J08_00826	290.70748791183	-0.253335267253502	0.164699186562517	-1.53816951097898	0.124007173647907	0.266895501850459
B9J08_00771	442.332514619533	-0.210384481056214	0.136805551420175	-1.5378358470999	0.124088756302207	0.266967129654455
B9J08_04325	1899.46360885542	0.128926583799776	0.0838847808408828	1.53694844890077	0.124305933846024	0.267330309870417
B9J08_03609	858.335836180079	0.163929233103692	0.106673443908965	1.53673892110945	0.124357255911186	0.267336660218252
B9J08_05463	9428.9883199556	0.107378719032576	0.0699117420014336	1.53591823002171	0.124558436451357	0.267665038206318
B9J08_05069	539.578158168216	0.192877983918488	0.125606506041446	1.53557319598433	0.124643092306737	0.267742857045992
B9J08_02545	4246.5534252069	0.113110717673068	0.0737243004881423	1.53423927964241	0.124970797590956	0.268342501276306
B9J08_01189	2820.8383939001	0.132679783672098	0.0865065067241914	1.53375495897806	0.125089947482886	0.268389805798878
B9J08_00022	221.27665009516	0.287620595292747	0.187523166174042	1.53378700435232	0.125082061122142	0.268389805798878
B9J08_05030	1763.43173316758	-0.143931397537909	0.0940477697645768	-1.53040734403594	0.125915932275712	0.270057181873443
B9J08_00461	75309.3029229909	0.0934809824455124	0.0611123371250413	1.52965811558216	0.126101376201651	0.27035000243077
B9J08_04536	133802.120383263	0.137245300141731	0.0897367698304141	1.52942099878455	0.126160110030334	0.27037104619529
B9J08_02952	3752.62757867877	0.117779755143854	0.0771646578903632	1.52634325562873	0.126924401439826	0.271798204865525
B9J08_01493	584.873170188355	0.187042635267472	0.122539571566445	1.52638558203258	0.126913866202508	0.271798204865525
B9J08_03194	564.923183796565	-0.192044145754135	0.12591173749783	-1.52522830333784	0.127202163399923	0.272287512436629
B9J08_04177	891.895813413995	0.160745200782653	0.105407881817167	1.52498274333479	0.12726340192897	0.272313132969963
B9J08_02837	1830.69556291548	-0.133424792686131	0.0875124996443591	-1.52463697447055	0.127349669747864	0.272392269619367
B9J08_00571	12027.0554368113	-0.0982508308077321	0.0644812085180206	-1.52371261435452	0.127580516948877	0.272780470861294
B9J08_02906	3202.3176220194	-0.125128955471626	0.0821445364587945	-1.52327788147412	0.127689198444587	0.272907269838837
B9J08_02829	535.455768409101	-0.197324300819631	0.129572939446413	-1.52288202816636	0.127788222825262	0.273013338830778
B9J08_01234	309.363100473462	-0.248911120891204	0.163588716002657	-1.52156656628542	0.128117720224216	0.273611530015163
B9J08_02530	2126.35383676582	0.130960633818873	0.0861155262249865	1.52075519432726	0.12832128210922	0.273940411826056
B9J08_00859	2348.65334149519	-0.126811521262961	0.0834489788313133	-1.51962939557717	0.128604145615847	0.274438267497601
B9J08_04157	1898.17832811341	-0.127922419423757	0.0842292212956021	-1.51874156564755	0.128827559633603	0.274702902042795
B9J08_01527	3822.67286328677	0.11500227265609	0.0757187858060852	1.51880767014158	0.128810914677887	0.274702902042795
B9J08_04351	1586.77781659056	-0.13600790565293	0.0895685381116197	-1.51847856982367	0.128893797913067	0.274738149273244
B9J08_05569	618.755310561182	0.18362948377508	0.121000455222237	1.51759333002354	0.129116949362464	0.275107702053331
B9J08_04785	66.0515583386687	0.494313575011724	0.325871036484136	1.51689938555122	0.129292088786346	0.275374710875582
B9J08_04187	3383.39836021337	-0.1156242613577	0.0762582383060177	-1.51621993801784	0.129463748152791	0.27563410479217
B9J08_05354	616.71690331225	0.182680684348953	0.120547696833455	1.51542243566328	0.129665459264474	0.275851036703136
B9J08_03280	2822.65476118904	-0.122733467681656	0.0809839645477148	-1.51552802295006	0.129638739219378	0.275851036703136
B9J08_01709	892.378557401972	-0.167527070175327	0.110770525685928	-1.5123794812559	0.130437351737573	0.277386395942118
B9J08_05019	239.045950666968	-0.29771693193128	0.196885870327286	-1.51212949632384	0.130500922425061	0.277414845478197
B9J08_01455	2297.74548726573	-0.127892136644549	0.0846177511040942	-1.51141025347294	0.130683958572525	0.277697131499556
B9J08_03998	748.581999937493	-0.171359467066199	0.113692647666284	-1.50721678651711	0.131755098849567	0.279865653859169
B9J08_02880	866.679295820227	-0.164105106114144	0.108931806726773	-1.50649393455631	0.131940423023026	0.280151639665104
B9J08_02215	1710.48229424236	-0.131113426912796	0.0871602033414644	-1.50428087459982	0.132509061416272	0.2812509917234
B9J08_01786	6.06835748880593	-1.69565833589996	1.12825332393487	-1.50290568609736	0.132863366536609	0.281894751189189
B9J08_03902	708.088845707146	-0.175217405001767	0.116650643051538	-1.50206977362614	0.133079090124585	0.282244102501373
B9J08_05519	31.2146585573005	0.708824101077856	0.472073265782293	1.50151290584785	0.13322295117116	0.282332534939802
B9J08_03219	4111.72237016998	0.118234510922379	0.0787354174098745	1.50166868750925	0.133182694464756	0.282332534939802
B9J08_00270	1307.01231188606	0.147200898192191	0.0980768025724625	1.50087374721901	0.133388219540903	0.282574430587416
B9J08_04893	638.95424707972	-0.180755475429997	0.120473068716827	-1.50038076854226	0.133515798249641	0.282736328324049
B9J08_01086	2488.17102859253	0.117478999910912	0.0783364950515638	1.49967138347948	0.133699546762577	0.2830170030474
B9J08_04654	1031.71767455046	0.148858997579635	0.0993748928992592	1.49795379131166	0.13414525648837	0.283851773587756
B9J08_03234	192.084363007546	0.290841731579693	0.194249279463048	1.4972602852564	0.13432554442538	0.284124486811739
B9J08_05484	949.906943110369	0.154710552813547	0.103342807575136	1.49706163828637	0.134377220371061	0.284125056232156
B9J08_02506	855.183982224921	0.158508588804553	0.105896916096507	1.49681968698787	0.134440182249351	0.284149478888016
B9J08_00634	1116.55173089355	-0.152524689740271	0.101967590179907	-1.49581538085938	0.134701772089346	0.284593537590908
B9J08_05532	697.397143452282	0.187452799288677	0.125433060877663	1.49444490931703	0.135059370936609	0.285062206747838
B9J08_03675	2071.67106151113	0.14561984108266	0.0974583621634229	1.49417492609283	0.135129904410953	0.285062206747838
B9J08_02686	5987.55466337124	0.110020259116792	0.0736295171468721	1.49424121439408	0.135112583868902	0.285062206747838
B9J08_00085	2362.31909571137	-0.118838851369773	0.079521958860565	-1.49441554348714	0.135067041419306	0.285062206747838
B9J08_05567	68.6450966659338	-0.476799734091932	0.319337518951793	-1.49309024400578	0.135413565952928	0.285189802594891
B9J08_05147	10128.9553701719	0.115689131627732	0.0774602012160249	1.4935299652152	0.135298516503135	0.285189802594891
B9J08_03960	1388.82594852054	-0.13644778883092	0.0913652224499534	-1.49343245900442	0.135324021685426	0.285189802594891
B9J08_02456	22815.833330112	0.0923104158543056	0.0618206979955692	1.49319594969506	0.135385902028134	0.285189802594891
B9J08_02218	1025.53477268472	0.149726616839841	0.100288618588202	1.49295721635809	0.135448386432348	0.285189802594891
B9J08_01098	107.710908894138	-0.385223872001655	0.258166300521048	-1.49215397681329	0.135658784344526	0.285524029349655
B9J08_05327	4377.8971276122	0.107403607040858	0.0720023163166973	1.49166877588286	0.135785998505945	0.285682989624043
B9J08_03586	464.970992221515	0.20500008119077	0.137511010129682	1.49079030833561	0.136016557064184	0.286059174617103
B9J08_03178	495.948974977815	0.194724845241257	0.13079589442157	1.48876878821316	0.13654826393725	0.286849963808886
B9J08_03091	1892.28002699978	0.132257479358712	0.0888339706452866	1.4888164786286	0.13653570179964	0.286849963808886
B9J08_02362	2720.13756486443	0.124867884035214	0.0838588390531982	1.48902471635698	0.136480860325851	0.286849963808886
B9J08_00534	692.517511455541	-0.17345071900019	0.116588033414053	-1.4877231729623	0.136823913787364	0.287319821999529
B9J08_02065	1375.04473091818	0.138585662608785	0.0931664074582415	1.48750677835142	0.136881014302311	0.287330560595851
B9J08_00881	119116.550806139	0.0906461970254362	0.0609601728119924	1.48697408232419	0.137021656290277	0.287516588578726
B9J08_00589	1924.24728250355	-0.127565596164285	0.0858542920302785	-1.48583830985754	0.137321894234666	0.288037233182162
B9J08_04974	726.057789683458	-0.166506735623467	0.11212368573079	-1.48502731192096	0.137536589332589	0.288159487961039
B9J08_03746	666.235845672425	0.179221150999688	0.120673260796627	1.48517699626707	0.137496944002533	0.288159487961039
B9J08_03399	2269.79104974031	-0.127901613399823	0.0861190725508303	-1.48517174664568	0.137498334265825	0.288159487961039
B9J08_02776	1025.19662212337	0.153620158516074	0.10348763633798	1.48443006287598	0.137694864204135	0.288354146790742
B9J08_01362	3072.88187653642	0.122879535896593	0.0827871308556447	1.48428305977722	0.137733842505438	0.288354146790742
B9J08_02058	1989.65235649123	-0.126522603998791	0.0852605857482178	-1.48395185053529	0.137821694776772	0.288428817505195
B9J08_02356	437.1474855568	-0.206909150141764	0.139463418601038	-1.4836087643432	0.137912742914929	0.288444749491293
B9J08_01051	1281.63874478222	0.137852311585262	0.092929921098098	1.48340071697407	0.137967977057212	0.288444749491293
B9J08_00051	1707.87298872084	-0.12968967407471	0.0874312414558444	-1.48333332473848	0.137985872562869	0.288444749491293
B9J08_05560	4563.07039386236	0.112688181819778	0.0760024430831579	1.48269157211803	0.138156374832775	0.288691978714839
B9J08_04932	529.841055901827	-0.187829235222093	0.126788667406463	-1.48143551836494	0.13849055580963	0.289280915328733
B9J08_04510	331.903269040437	0.228709903937443	0.154441863147704	1.48088024371158	0.138638488472653	0.289480515975956
B9J08_05417	8.65679360007593	-1.40276626444606	0.947634186017184	-1.48028246040991	0.138797882040229	0.289703887475962
B9J08_00962	1447.78687342452	-0.148044192563624	0.100025766030513	-1.48006057277745	0.138857082297293	0.289718042226176
B9J08_01528	1184.35390977197	0.143707704222698	0.0971595759082257	1.47908945545872	0.139116408014363	0.290149580035994
B9J08_01136	907.247143124654	-0.16729048983703	0.113176977856292	-1.47813179858407	0.139372504314181	0.290464491457195
B9J08_01106	10185.5519535336	0.0989745211345378	0.066952708497481	1.47827508932311	0.139334162477412	0.290464491457195
B9J08_04571	3017.55900665019	-0.113011337849262	0.0765217275832979	-1.47685293338737	0.139715063785257	0.290958989276983
B9J08_02879	4780.31264310615	0.110937999511389	0.0751132702518463	1.47694274446347	0.139690985670077	0.290958989276983
B9J08_03657	1170.43599668733	-0.150851862261318	0.102158373574327	-1.47664706262736	0.139770269250943	0.290964323220325
B9J08_00731	129.447697139085	-0.344283923228753	0.233239624386839	-1.47609534243522	0.139918299067685	0.291162815868635
B9J08_02020	474.161377484042	-0.195161039789769	0.132455670997256	-1.47340644851523	0.140641472524016	0.292555134071403
B9J08_01879	500.286824143776	-0.18971581188792	0.128776786190358	-1.4732143696107	0.140693241606982	0.292555134071403
B9J08_03640	218.734180336519	-0.27036728486729	0.183618103288612	-1.47244351196856	0.140901150474728	0.292877269151494
B9J08_02300	160.896342411099	-0.32853499740693	0.223417048896112	-1.47050101606032	0.141426110697974	0.29385793752921
B9J08_03774	46.7392271876787	0.587646986976234	0.400044864564424	1.46895270763212	0.141845616986509	0.29461883693515
B9J08_03094	219.024987723382	-0.272385068891621	0.18600148874835	-1.46442413297102	0.143078098238612	0.297067110805713
B9J08_02063	365.697694637294	-0.213664673827105	0.146295324236338	-1.46050241142317	0.144152045289081	0.299184511570691
B9J08_04983	4888.40245789006	-0.110681271268348	0.0759140497283561	-1.45798138374121	0.144845674400648	0.300511277181824
B9J08_01060	45.8283638184969	-0.630815306947653	0.434021013293386	-1.45342111931627	0.14610686621707	0.303014127422795
B9J08_00866	7342.37564245721	0.0994083819578499	0.0684361325348007	1.45257159158284	0.146342738400727	0.303389465544193
B9J08_01203	372.7175835305	-0.211897490680214	0.145923693698362	-1.45211161607672	0.146470572564774	0.303540627883579
B9J08_03494	929.80637235749	-0.151641663720605	0.104536903794009	-1.45060412368264	0.146890126380087	0.304296000188433
B9J08_02689	2145.09536200301	0.119101572338212	0.08221435647474	1.44867122294882	0.147429420582096	0.305298766413354
B9J08_03227	2327.06381192563	0.121236628656293	0.0837296088663193	1.44795407858475	0.147629893881658	0.305599409544541
B9J08_00234	1621.41310309789	-0.12740969582166	0.0880234232058979	-1.44745218012747	0.147770320393759	0.305775574996744
B9J08_05401	1224.09303000367	-0.145564430388582	0.100589193735457	-1.44711797542992	0.147863884354679	0.305854673962692
B9J08_03486	512.54551933958	-0.18781409783834	0.129823509063368	-1.44668788567921	0.147984358903803	0.305989357149764
B9J08_05337	10001.3946590714	0.0985640766946962	0.068141991009379	1.44645137652538	0.148050640595366	0.306011926167012
B9J08_03874	8684.2148164301	-0.108583228753983	0.0751182321703174	-1.44549765904754	0.148318150078967	0.306221298276597
B9J08_00791	956.348758453806	0.147231285936212	0.101853516843594	1.44551990445554	0.148311906232375	0.306221298276597
B9J08_00186	1359.04361835464	0.137110941958648	0.0948326688109091	1.44581971253007	0.148227775613963	0.306221298276597
B9J08_00751	213.598504084893	-0.272180504822987	0.188392623219131	-1.44475139297996	0.148527728589339	0.306539490632292
B9J08_05358	4529.30420285487	0.103269582567819	0.0715118209001992	1.44409107847974	0.148713357309565	0.306622784260203
B9J08_01365	1182.27872609649	0.13835188652868	0.0957856881988862	1.44438996190549	0.148629312766891	0.306622784260203
B9J08_00026	876.76631722516	-0.152801746667269	0.105817223077295	-1.44401584376916	0.148734518654171	0.306622784260203
B9J08_02000	340.726624155233	0.236671248964175	0.163941254986232	1.44363448348648	0.148841819620396	0.306729581298259
B9J08_04547	577.876514653533	-0.18721810145356	0.129716674194758	-1.44328477904444	0.148940265716013	0.306818057626689
B9J08_03190	4256.48543774845	-0.103084068646274	0.071434148599528	-1.44306428602069	0.149002362757079	0.306831616601482
B9J08_05012	355.663786885535	0.238867235669816	0.165551121063685	1.44286087665892	0.149059666082232	0.306835297741713
B9J08_02854	31.6535412440722	-0.675491952643088	0.468422453638074	-1.44205715886755	0.149286249432431	0.307187304770309
B9J08_01435	1579.74177796713	0.12738466690127	0.0883765191931128	1.44138588014448	0.149475697063483	0.307462663814615
B9J08_05102	1412.41563151185	-0.140443427474678	0.0975261630689399	-1.4400589857657	0.149850711528661	0.308004790858649
B9J08_01877	148.656554422627	-0.321456842890647	0.223218759469726	-1.44009779309899	0.149839733399948	0.308004790858649
B9J08_01470	32862.0960608832	-0.116642668509408	0.0810486153648678	-1.43916917006295	0.150102598057013	0.308407828795952
B9J08_00303	1114.28124770471	0.140613075956929	0.0977872381115335	1.43794915034362	0.150448482516083	0.309003627969673
B9J08_04344	844.733853590938	0.15798289058967	0.109907664892139	1.43741467662616	0.150600200977363	0.309085522020753
B9J08_01729	2284.29059172907	-0.118906630654925	0.0827130260280074	-1.43758046785354	0.150553126152982	0.309085522020753
B9J08_02182	1756.59093327199	0.122466532570982	0.0852235428460484	1.43700353776903	0.150716988315164	0.309210391394919
B9J08_03134	756.01737946187	0.159009974379693	0.110729178915818	1.43602595031054	0.150994957189402	0.309665724818488
B9J08_03420	2522.35580283198	0.132731212474692	0.0925152990924848	1.43469473456497	0.151374105317266	0.310328145433432
B9J08_04193	1948.45438924046	0.127749400249316	0.089091433823107	1.43391339399662	0.151596979123882	0.310439608602332
B9J08_03151	8240.23205614778	0.0979205372821763	0.0682735288102087	1.43423870112796	0.151504156411762	0.310439608602332
B9J08_00961	3191.37975828396	0.111523414069001	0.0777739358378798	1.43394329819533	0.151588444491425	0.310439608602332
B9J08_03915	1033.57471644422	-0.143399988726623	0.100087198748053	-1.43275054672677	0.15192913861807	0.310889429523167
B9J08_00094	14590.1011052334	0.0919897984087322	0.0642043611366643	1.43276557511295	0.151924842329006	0.310889429523167
B9J08_01810	67018.8335394657	0.0862493923754574	0.060251114464622	1.43149870573931	0.152287337647561	0.311507074455244
B9J08_01368	761.601541891556	0.168088732332861	0.117442428861272	1.43124366519544	0.152360393148785	0.31154121085214
B9J08_04920	291.24371877058	0.23405040089199	0.163633051869067	1.43033695343694	0.152620333667751	0.311871082578063
B9J08_02340	17001.1072154683	-0.0916214874229111	0.0640580993579981	-1.43028732262053	0.152634571806343	0.311871082578063
B9J08_01026	3186.86567717996	0.111196516266248	0.0778297315358153	1.42871514615309	0.153086122700367	0.312562615502375
B9J08_00232	2362.67088152083	0.11566468493838	0.0809528209152321	1.42879128399362	0.15306423146902	0.312562615502375
B9J08_02654	2207.35455842431	-0.122713333409555	0.0859134054892151	-1.42833743710648	0.15319475721289	0.312668915478451
B9J08_02668	1181.52181798588	-0.147912448724664	0.103615138523279	-1.42751774337909	0.153430714509541	0.312919394499716
B9J08_00464	2507.28496882018	-0.122649025052998	0.0859173659441079	-1.42752310554755	0.15342917005651	0.312919394499716
B9J08_01563	1588.58321431649	0.125958055934161	0.0882522861178995	1.4272497798628	0.153507910482119	0.31296135051076
B9J08_05017	553.385936655082	0.191718857700235	0.134441798043646	1.42603610253706	0.153857921212438	0.313559266423726
B9J08_02646	151.949567136213	0.31368376083368	0.220417076389508	1.42313729032208	0.154696360129721	0.315151781215248
B9J08_00346	850.025538322766	0.151374062944584	0.106392955647984	1.42278275871408	0.154799140927262	0.31524497122512
B9J08_04441	568.799406171464	-0.176824845732826	0.124347457618856	-1.4220222039024	0.155019805205811	0.315578071223764
B9J08_00737	317.594236949081	0.220978967949651	0.155529572874082	1.42081640080473	0.155370141448827	0.316174805518288
B9J08_05446	6194.97433580798	0.0972874399370162	0.0685501886822891	1.41921476522721	0.155836412560679	0.317006938617178
B9J08_02663	7256.4610732351	0.100673846015599	0.0709870338818017	1.41820048691185	0.156132239803811	0.317491865119817
B9J08_03350	697.20871921327	0.173635709698051	0.122579018679895	1.41652063760999	0.156623126162032	0.31834114180596
B9J08_01334	24.7492533599296	0.884619222500432	0.624564693788135	1.41637724850408	0.156665081547351	0.31834114180596
B9J08_04569	609.774868583076	0.171644737691664	0.121223340196135	1.41593803152057	0.156793648652026	0.318461538683865
B9J08_04216	428.185558920839	-0.207099340170235	0.146319041990769	-1.41539568160445	0.156952515073102	0.318461538683865
B9J08_00660	609.53614659557	0.170832074459394	0.120672784632882	1.41566364759965	0.15687400659474	0.318461538683865
B9J08_00068	1391.9906160583	-0.141108013762136	0.0996956512949037	-1.41538785222169	0.156954809367622	0.318461538683865
B9J08_05575	275.824469400268	0.245080163865349	0.17320238051119	1.41499304537281	0.157070535133596	0.318579393645278
B9J08_04243	3695.55964551565	-0.104294022698499	0.0737450603206622	-1.41425096467481	0.157288228817819	0.318872794578185
B9J08_01897	4710.68605654271	0.107724257351494	0.076188750730716	1.41391289814211	0.157387478380782	0.318872794578185
B9J08_01829	961.275464769831	-0.146196622805327	0.10340810949439	-1.41378295687012	0.157425639159823	0.318872794578185
B9J08_01436	4041.16637843117	0.119152927035807	0.084283630271035	1.4137137502578	0.157445966420096	0.318872794578185
B9J08_01463	1348.38558378877	0.131305913755398	0.0928959489042103	1.41347298029965	0.15751670050025	0.318899195481642
B9J08_04060	3985.87504338983	0.106410630694045	0.0753133959654569	1.41290442862052	0.157683826784039	0.319003847231106
B9J08_01034	1094.28499504746	0.139819335331989	0.0989469897325124	1.41307315876884	0.157634214390799	0.319003847231106
B9J08_02519	1380.01952064882	-0.149511507880267	0.105941849449552	-1.41126012673077	0.158167926916158	0.319866129551997
B9J08_01904	1090.2113661206	0.138022954603432	0.0978287486626648	1.41086292618713	0.15828503562502	0.319985878529439
B9J08_02808	1362.68826207516	0.148284115440934	0.105169686720752	1.40995109964204	0.15855412255597	0.320412663753874
B9J08_04380	392.789902191203	-0.200260057944062	0.142065344310666	-1.40963342549002	0.158647951907015	0.32048509875368
B9J08_05447	525.657617011754	0.189060382588724	0.134258298128795	1.40818396496697	0.159076603131167	0.320881892520424
B9J08_05040	5229.21017209576	0.100058700705422	0.071043573690657	1.40841311194598	0.159008778875091	0.320881892520424
B9J08_03554	808.241673018539	-0.155349203319254	0.110275743591622	-1.40873412646892	0.158913799933826	0.320881892520424
B9J08_02649	747.239488928908	-0.158385570004781	0.112462884909014	-1.4083363603283	0.15903149382769	0.320881892520424
B9J08_02701	1847.21473100962	0.120047089186382	0.0852892160292705	1.40752951868127	0.159270430492901	0.321155661924211
B9J08_03464	1100.36877340544	0.140688914319999	0.0999996478904055	1.40689409700909	0.159458794247249	0.3214182187471
B9J08_01747	9122.32974209639	-0.0954067258965508	0.0678793527696399	-1.40553381851371	0.159862600265174	0.32211468890471
B9J08_00867	4002.43351068257	0.10380890278506	0.0738928035887167	1.40485808824977	0.160063481690607	0.322401918113698
B9J08_05239	139.325063057411	0.336838048737457	0.239811595285437	1.40459450401693	0.16014189186174	0.322442344743109
B9J08_04704	5825.47252087413	0.0962356321529614	0.0685485536675665	1.40390463407392	0.160347249560779	0.322738255033658
B9J08_00509	3365.19509210952	0.10606733156427	0.0756156083073241	1.40271742750757	0.160701118346656	0.323097519498715
B9J08_00325	1588.24241188113	0.125027074975618	0.0891300348922918	1.40274908594735	0.160691674313546	0.323097519498715
B9J08_00314	933.081326771317	-0.168682557888196	0.120253701492551	-1.40272237606461	0.160699642114336	0.323097519498715
B9J08_02789	522.745098658937	-0.180037076429895	0.128412092346923	-1.4020258773099	0.160907519429883	0.323277302758619
B9J08_00783	787.143039699666	0.153510344859796	0.1094888690817	1.40206348049177	0.160896291182652	0.323277302758619
B9J08_00672	115835.373687953	0.0841702870515899	0.0600489429013552	1.40169473407483	0.161006423808375	0.323358468164566
B9J08_01923	420.893971948941	-0.198648097273461	0.141892769333672	-1.39998745676973	0.161517074632682	0.324174817374094
B9J08_01865	221.750052528095	-0.261390807697259	0.186715240553176	-1.39994360890329	0.161530205726118	0.324174817374094
B9J08_00097	1630.17140488475	0.124987909329317	0.0894194569361296	1.39777083882978	0.162181893930374	0.325364547278829
B9J08_00265	732.454611763736	0.175428605544197	0.125667116713623	1.39597859911096	0.162720939784925	0.326327516034573
B9J08_00663	4309.38285543976	-0.109229076968361	0.0783123687167674	-1.39478704013423	0.163080068150888	0.326810564419855
B9J08_00486	91.4789630509243	-0.383109241583981	0.274646280327786	-1.39491873374999	0.163040347171671	0.326810564419855
B9J08_04431	18.4771009562635	0.866628675016306	0.622479608340412	1.3922201842512	0.1638557324206	0.328050212750829
B9J08_02722	21711.4674713595	0.116527095046749	0.0837029224314374	1.39215085521295	0.163876721079254	0.328050212750829
B9J08_01995	53.5183103107534	-0.562423767750399	0.403908656939297	-1.39245286796347	0.16378530461002	0.328050212750829
B9J08_04860	16.91966095423	0.890671631472942	0.640207294065366	1.39122381098957	0.164157568949211	0.32849344083356
B9J08_01723	1800.5302582109	0.126288172670555	0.0907988287400542	1.39085684719681	0.164268840680554	0.3285971344341
B9J08_00092	1334.7648670689	-0.128276269328987	0.0923491738853431	-1.38903537446095	0.164821993510799	0.329584355330747
B9J08_05043	935.280526543442	-0.14555800018658	0.104915116408096	-1.38738825414245	0.165323404705373	0.330467435011428
B9J08_01508	4243.10016047687	-0.100571660114331	0.0725115699744791	-1.38697397049502	0.165449700131297	0.33060032271355
B9J08_05209	555.050259383342	-0.180124765952165	0.130022378585704	-1.38533664674836	0.165949553007014	0.331479284231936
B9J08_03967	11671.8749562702	-0.0942705470363625	0.0680617502205137	-1.38507380034946	0.166029902173717	0.331519967237766
B9J08_02029	1060.34492867708	0.144077426827962	0.104073265408005	1.38438460889188	0.166240719138249	0.331821038164357
B9J08_04142	3887.16700004122	-0.112601564465883	0.0814109422297488	-1.3831256755156	0.166626334220486	0.332350685397555
B9J08_03763	342.008884368852	-0.223480915425096	0.161563508211812	-1.38323881363178	0.166591652199466	0.332350685397555
B9J08_02894	2991.95887132549	0.112012410183438	0.0810896061851856	1.38134115397766	0.167174090133802	0.333286588091313
B9J08_01720	2022.96019484468	0.116059299026922	0.0840276131197838	1.38120428175767	0.167216158635283	0.333286588091313
B9J08_04273	4961.60126018051	-0.101011122564854	0.0731725211470406	-1.38045158184275	0.167447647647539	0.333627667104524
B9J08_00619	639.2899619701	0.162875564352988	0.118021811633688	1.38004629905628	0.167572389964643	0.333755891652102
B9J08_02840	5012.19635104646	-0.0962096081877935	0.0697550895119012	-1.37924858044055	0.167818124312507	0.334124918254765
B9J08_03279	4685.76288423508	-0.102091812777786	0.0740448968653445	-1.3787825643602	0.167961804056358	0.334290562124411
B9J08_02072	1597.27184826336	-0.125229821241406	0.0908866098485886	-1.37786876911825	0.168243808937301	0.334731293015285
B9J08_01177	796.433819527702	0.153456026646258	0.111469127280541	1.37666841384741	0.168614788571088	0.335348663703635
B9J08_05100	429.192228635404	0.188523651056071	0.136977571463567	1.37631036265097	0.168725566008173	0.335448274578119
B9J08_05087	191.018817298386	-0.269365965219911	0.195769300790991	-1.37593567597963	0.168841548761758	0.335558158937878
B9J08_05082	2458.17208276954	-0.110681332620118	0.0804541543096912	-1.37570686771591	0.168912404853252	0.335578311151663
B9J08_02584	975.904685036413	-0.146062866658066	0.10619161677924	-1.37546513640256	0.168987287116664	0.335606444805534
B9J08_00502	469.081676736809	0.182135997540709	0.132464917114699	1.37497536334848	0.169139082798372	0.335787252380244
B9J08_03181	48024.3729388687	-0.0917146723366969	0.066730511532936	-1.37440385559505	0.169316339850016	0.336018459731074
B9J08_05462	281.52733376405	0.232190195276065	0.169038940381195	1.37358998318647	0.169569008390247	0.336181404201204
B9J08_03564	2480.4344203944	-0.124246885171262	0.090456505253383	-1.37355389557917	0.169580218412581	0.336181404201204
B9J08_01943	1293.81988515802	0.127603432902727	0.0929268411143541	1.37316012653116	0.169702572412043	0.336181404201204
B9J08_01033	347.786383639862	0.218500526573602	0.159098356721489	1.3733675889318	0.169638100351569	0.336181404201204
B9J08_00057	262.214918535895	-0.236400095330864	0.172146715153496	-1.373247785298	0.169675328891277	0.336181404201204
B9J08_03093	1930.24356001235	-0.118721789162351	0.0864908520164908	-1.37265140063269	0.169860744388657	0.336374179231855
B9J08_03277	462.182296390374	0.195147124253824	0.142311538471322	1.37126705501219	0.170291721717402	0.337065714265788
B9J08_02823	5700.33566730501	0.0966725440396505	0.070518905587549	1.37087413983803	0.170414194045108	0.337065714265788
B9J08_02661	641.660702876548	-0.168043338290934	0.122573398982938	-1.37096090738519	0.170387142776836	0.337065714265788
B9J08_02292	3019.45417373164	0.10440112358308	0.0761636810121758	1.37074682047458	0.170453893861566	0.337065714265788
B9J08_02438	15071.35098199	0.0869832929956099	0.063480418622247	1.37023817554231	0.170612565041064	0.337138236318184
B9J08_00441	3.88277593446306	-2.02246677111774	1.47599611003773	-1.3702385510122	0.170612447872885	0.337138236318184
B9J08_01217	1598.25172981481	-0.121366003161364	0.0886099212232766	-1.36966607673141	0.170791162772807	0.33737053489825
B9J08_00618	10628.4575032576	0.0895128296619119	0.0653682994192396	1.36936145589197	0.170886316382184	0.337437895907227
B9J08_03727	3313.04901783528	0.10199102855238	0.0745596909500716	1.36791109583163	0.171339906160756	0.338212736196607
B9J08_04865	21.6068423740381	-0.8063319732925	0.589627949375635	-1.36752671603566	0.171460269171471	0.338329492220892
B9J08_05055	599.68343655996	-0.167179718973156	0.122274486114289	-1.36724940979834	0.171547142932151	0.338380106704497
B9J08_03229	537.999479227188	0.175371022526149	0.128296886571943	1.36691565331017	0.171651744964072	0.338465641960908
B9J08_04174	42.2560594582362	0.566166754519958	0.414452903691063	1.36605812018145	0.171920721804404	0.338875117479651
B9J08_04808	856.043551331019	0.145610634237155	0.106610268736476	1.3658218477723	0.17199488722745	0.338900442675978
B9J08_05243	38.0662050058318	0.580801495453245	0.425699287877722	1.36434688051457	0.172458417703754	0.339344100864821
B9J08_01534	3734.91718943216	-0.101295817719704	0.074229917312201	-1.364622532094	0.172371719161666	0.339344100864821
B9J08_01341	515.228837012615	0.174182960340533	0.127650121556751	1.36453423009938	0.172399488549724	0.339344100864821
B9J08_00830	650.881190747564	0.160515908847648	0.11765234438213	1.36432392988531	0.172465637656827	0.339344100864821
B9J08_01369	1414.83860498174	-0.140119126135957	0.102771706825241	-1.36340176167574	0.17275592619675	0.339794307505139
B9J08_03395	152.08773668576	0.293749102212313	0.215515555680183	1.36300649521664	0.172880463590537	0.339918293228353
B9J08_03847	1612.80757097679	0.128732957429717	0.094507692635079	1.36214263453444	0.173152875545249	0.340241523732515
B9J08_02859	1115.00833456312	-0.138773298889619	0.101896855873379	-1.36189971417827	0.173229536418183	0.340241523732515
B9J08_02273	1461.43367489208	-0.123806253405869	0.0909056657196079	-1.36192010064302	0.173223101877007	0.340241523732515
B9J08_03457	13430.7320162735	0.0993810000806519	0.0730035756306118	1.36131688375795	0.173413569650063	0.340481989149519
B9J08_05531	2238.20547461552	0.115273561399852	0.084709785259067	1.36080573274165	0.173575089782135	0.340678097026229
B9J08_00253	7308.6801975896	0.0949164784549989	0.069765199303982	1.36051325592044	0.173667560954	0.340738590483763
B9J08_03653	2214.51265268713	0.117312926206343	0.086257594079544	1.36003012208015	0.17382039196978	0.340917425981892
B9J08_05226	1131.60160697922	0.132304065317308	0.0972952462341969	1.35982044794709	0.173886750003655	0.340926593568712
B9J08_04628	965.661519859338	-0.141531689022718	0.104128051031332	-1.35920808678279	0.174080659470657	0.341058169265181
B9J08_02922	13401.640854947	-0.0917306536972717	0.0674794149731428	-1.35938721065945	0.174023921638934	0.341058169265181
B9J08_02807	58.1400958800322	-0.493561560534489	0.363173541165736	-1.35902400530123	0.174138982027563	0.341058169265181
B9J08_02752	279.523497916981	-0.226468522937088	0.166687928441449	-1.35863781531509	0.174261386067023	0.341177003468804
B9J08_04651	1812.75907956398	-0.117713390392801	0.0866730195104895	-1.35813187376672	0.174421842925031	0.341370228699238
B9J08_04025	229.536270783327	-0.260879697292554	0.192238607485642	-1.35706193831038	0.174761530946477	0.34179298709879
B9J08_01307	150.658849203835	-0.305485528127024	0.225095255424235	-1.357138903489	0.174737079216594	0.34179298709879
B9J08_00788	1127.08869200397	-0.133365620709811	0.0984850041034987	-1.35417185513499	0.175681556011865	0.34347080299879
B9J08_05379	1230.71306549671	0.127497322699587	0.0943633937337276	1.35113117126071	0.176653417834568	0.344665166762906
B9J08_05325	6480.63290475049	-0.121496642495278	0.0899775477664251	-1.35029955262477	0.176919915808772	0.344665166762906
B9J08_05202	79.7130373792667	0.419518428280013	0.310524133701156	1.35100104226923	0.17669509881984	0.344665166762906
B9J08_03473	245.891717112268	0.239006072501158	0.176925109688919	1.3508883669559	0.176731195222093	0.344665166762906
B9J08_03261	2115.73200861061	-0.11185327805843	0.0828517292346535	-1.35004156330446	0.177002651126707	0.344665166762906
B9J08_03070	270.219251047489	-0.232634128061614	0.172173545487789	-1.35116069894787	0.176643960984541	0.344665166762906
B9J08_02043	6461.07549861314	-0.100182307336956	0.0741107880963493	-1.35179114822948	0.176442136630305	0.344665166762906
B9J08_01819	3606.31252979044	0.111072640897022	0.0822759793966487	1.35000083513495	0.177015714991511	0.344665166762906
B9J08_01663	1026.24020330047	0.136982671390658	0.101378951362765	1.3511944003099	0.176633167890221	0.344665166762906
B9J08_01383	1208.75335273401	-0.12850215088434	0.0951922298856652	-1.34992268842408	0.177040783144543	0.344665166762906
B9J08_00533	1794.29406823014	-0.117291959963551	0.0868116279648762	-1.35110886310078	0.176660562732491	0.344665166762906
B9J08_00095	912.084776408907	0.144751500973306	0.107211158791765	1.3501533105752	0.176966811043365	0.344665166762906
B9J08_03680	5717.49535949202	0.106492167086038	0.0790015187449508	1.34797620068341	0.177666037379941	0.345395775096354
B9J08_03643	1440.54652537251	0.127673111601856	0.0947011675614038	1.3481682949587	0.17760425949049	0.345395775096354
B9J08_01792	5042.38483033366	0.0960785422920649	0.0712695392652852	1.34810107210647	0.177625876669815	0.345395775096354
B9J08_01550	1990.30038292953	-0.112373612630507	0.0833570323293042	-1.34809996817752	0.177626231681963	0.345395775096354
B9J08_01846	1112.29174204847	-0.139524018530794	0.103684027543384	-1.34566549772976	0.17841041815226	0.346720949763553
B9J08_04285	1767.70289961103	-0.115614095471008	0.0859940117934335	-1.34444356135779	0.178804995396334	0.34724357328023
B9J08_02426	1832.63016989329	-0.122378486888695	0.0910138045155521	-1.34461456193476	0.178749738321688	0.34724357328023
B9J08_04982	1545.23466047704	0.130057598110368	0.0968477331181397	1.34290802606311	0.17930175724454	0.348079400532405
B9J08_04842	62.3556707403024	-0.444238567999513	0.330848743572745	-1.34272405934598	0.179361341182611	0.348079400532405
B9J08_01244	2566.66468431686	0.109211226921937	0.0813696741297099	1.34216129153775	0.179543704256948	0.348311005064285
B9J08_02857	291.889926856891	-0.23343475060865	0.173991378785018	-1.3416455012813	0.17971096542923	0.348459942128622
B9J08_01251	495.851712096372	-0.176925939220845	0.131883134045092	-1.34153575058622	0.179746570473802	0.348459942128622
B9J08_00893	1114.53541949068	-0.143494835980569	0.107060931119275	-1.34030999432186	0.180144583571498	0.349109086044765
B9J08_03212	1055.26659863969	0.132858471394064	0.0995150399223524	1.33505921816168	0.181856965611483	0.352258561273536
B9J08_00281	1208.81198566396	-0.129313263500831	0.0968684952253414	-1.33493622668561	0.18189721980725	0.352258561273536
B9J08_02004	2649.86168259766	-0.104617502752725	0.0784084791557483	-1.33426261903277	0.182117803829669	0.352315401388372
B9J08_01988	897.77408399681	0.138828089358927	0.104038431342386	1.33439237373783	0.18207529807384	0.352315401388372
B9J08_00212	79.4007736831956	-0.410067821016359	0.307325719719231	-1.33431012995265	0.182102239088731	0.352315401388372
B9J08_02517	1252.27383337687	-0.131165003386944	0.0984674864515636	-1.33206409662406	0.182839127038851	0.353587073178351
B9J08_03993	4215.56774957872	-0.0984438364112877	0.0739726790090253	-1.33081345342754	0.183250400087999	0.354254857645645
B9J08_03483	6.7052651462553	1.43051844319767	1.07507305309121	1.33062440648515	0.183312627621955	0.354254857645645
B9J08_05536	2813.61464753213	-0.105412458915828	0.0792859578408434	-1.3295224247329	0.183675672505094	0.354805022253871
B9J08_02706	3318.87062440248	-0.102707992318531	0.0772606118833661	-1.32937068209583	0.183725705390009	0.354805022253871
B9J08_00837	918.437860304439	0.138599508407686	0.10431591989065	1.32865154765422	0.183962957116968	0.355139107225108
B9J08_01634	1099.3013949992	-0.130431287455793	0.0982105176384263	-1.32807860697763	0.184152139955787	0.355380194670263
B9J08_02601	4477.08961640508	-0.0937994362997811	0.0707090021732609	-1.32655579087286	0.184655668220923	0.356009689591293
B9J08_00549	2393.42805386622	0.106250138851618	0.0800976394280402	1.32650774242946	0.184671572292064	0.356009689591293
B9J08_00508	626.770427886443	-0.16705064622396	0.12592387147927	-1.32660030430736	0.184640935144961	0.356009689591293
B9J08_01562	17.8141015159895	0.810322324199409	0.611092781625324	1.32602175735769	0.184832490702382	0.356195668100442
B9J08_02341	5602.37675703634	0.0948219412947776	0.0715539866773425	1.32518040849851	0.185111321724498	0.356484416435993
B9J08_00061	829.124803671484	-0.145054250824965	0.109455165264266	-1.32523897318824	0.185091902758142	0.356484416435993
B9J08_05095	1200.62698823847	0.12589401839745	0.0950211581393338	1.32490511442563	0.185202624334302	0.356536016961229
B9J08_00670	674.744840339188	-0.152659518584723	0.115324300061662	-1.32374112397038	0.185589035599515	0.357155501308676
B9J08_02077	4251.56454438805	0.0964535757065904	0.0728906565961498	1.32326391626558	0.185747626991078	0.357336280675143
B9J08_05510	634.523549662743	-0.156658741873762	0.11854667414949	-1.32149419625398	0.186336636417924	0.358095476175893
B9J08_03048	7236.64541313013	-0.0915075494144822	0.0692260669725357	-1.32186549686242	0.186212943522589	0.358095476175893
B9J08_02743	110.089575199272	-0.339036635634918	0.256534682204793	-1.321601557813	0.186300864382789	0.358095476175893
B9J08_01609	6.04955383217798	-1.43861111194647	1.08883429315458	-1.32123971571332	0.186421447626035	0.358133938487694
B9J08_05023	4219.98952852922	-0.0990419812348269	0.0750287226572337	-1.32005421026954	0.186816919230454	0.358551300070357
B9J08_00892	1011.14002955293	-0.145900426865134	0.110530199859075	-1.32000509409334	0.186833317206917	0.358551300070357
B9J08_00310	814.401846433208	0.14226388457171	0.107754697920914	1.32025691052583	0.186749256764116	0.358551300070357
B9J08_02076	56.5647297810447	0.456400366921372	0.345866760367041	1.31958435796788	0.186973828160924	0.358696406888381
B9J08_02618	380.276888335612	-0.21243455996447	0.161040421927977	-1.31913812334321	0.187122939980256	0.358857907449991
B9J08_05467	65.337250144506	-0.442922642970153	0.336002111531348	-1.31821386761979	0.187432064531279	0.359326056421915
B9J08_03844	655.909198298271	-0.153223627653981	0.116342065408203	-1.31700969134744	0.187835376069852	0.359974384028457
B9J08_04316	1669.89943109163	0.11429518037864	0.0868813652063582	1.31553158847319	0.188331308266995	0.360799702180825
B9J08_03970	4196.73924034891	0.0983606071029011	0.0747831595524219	1.31527749952784	0.188416657245119	0.360827721774999
B9J08_00298	2271.94321229759	-0.110880489047832	0.0843133912726908	-1.31509938544895	0.188476503123651	0.360827721774999
B9J08_03731	1.12661624987787	-3.44502696807474	2.62147924561725	-1.3141538212955	0.188794445086223	0.361311252767158
B9J08_04361	809.345278002266	0.14164382489889	0.107883439656276	1.31293389745615	0.189205223391643	0.361972055965944
B9J08_04852	1181.7918528349	0.133128319652543	0.101422462671473	1.3126117838784	0.189313796808169	0.362054448082612
B9J08_04600	113.507265190866	-0.339433272482416	0.258782043653903	-1.31165697468707	0.189635899972704	0.362545008353212
B9J08_03380	1277.33256452291	0.123876696331281	0.0944880796909529	1.31102988584857	0.189847666860091	0.362824361941813
B9J08_02741	20.5482668966217	-0.756919567858052	0.577607416872533	-1.31043948839232	0.190047202309643	0.36308015456806
B9J08_04828	1587.43212766221	0.122733462642768	0.0937020226717509	1.30982724964986	0.190254282527638	0.363350179519784
B9J08_03899	2417.80270560128	-0.108233161015964	0.0826562481619245	-1.30943713781848	0.190386318427678	0.363476746787487
B9J08_04306	1606.61873719218	0.114790642051966	0.0876980168698525	1.30893087608036	0.190557766610077	0.363678444769992
B9J08_02742	61.5705961848884	-0.440097114937485	0.336390949276622	-1.30829059427393	0.190774764153619	0.363966904203333
B9J08_01978	7501.47838368429	0.087962684960979	0.0672845873406867	1.30732294627284	0.191103054292386	0.364467419280199
B9J08_01471	238.910634285336	-0.234867989239963	0.179914665027002	-1.30544105009291	0.191742707996705	0.3655022780247
B9J08_00344	285.912522677717	0.233204324350022	0.17865441890861	1.30533756609355	0.191777927677154	0.3655022780247
B9J08_02320	744.186463662829	0.148803007057401	0.11409001044432	1.30425973735906	0.192145038138016	0.366075706924789
B9J08_04738	314.35265620555	-0.205549057430139	0.157724665951319	-1.30321440968263	0.192501571986493	0.366447987870452
B9J08_03298	1569.60270366839	-0.114214881004142	0.0876483405379706	-1.30310374735118	0.192539344450116	0.366447987870452
B9J08_00105	895.678617733103	0.138411412519533	0.106209922979847	1.30318720357039	0.192510857765947	0.366447987870452
B9J08_02268	2696.5964297705	0.100555017964864	0.0771917236744418	1.30266579340756	0.19268888506745	0.366606357235041
B9J08_05148	749.442092937499	0.162590673328182	0.124966859690023	1.30107032961765	0.193234382580691	0.367367048240354
B9J08_03436	4574.64732366542	0.0914361243258302	0.0702697527164635	1.30121596833808	0.193184540932764	0.367367048240354
B9J08_00668	3747.30078022662	0.0980621373578163	0.0753794522403619	1.30091337152632	0.193288108609182	0.367367048240354
B9J08_00205	2111.37497972671	0.111891516205684	0.0860975523443803	1.29958997856444	0.193741536219273	0.368102258743183
B9J08_02066	47594.5040933706	0.0787182346243305	0.0605904409174328	1.29918570375813	0.193880206513497	0.368239141374605
B9J08_05123	4288.56409009162	-0.107041004648866	0.0824780182399501	-1.29781251942131	0.194351766531238	0.368881254676564
B9J08_01049	296.800766959416	0.226872633793992	0.174798555561966	1.29790908777599	0.19431857687026	0.368881254676564
B9J08_01405	305.485817244436	-0.204994822414351	0.158085572091119	-1.29673327997443	0.194722974344202	0.369458935530519
B9J08_04421	9.44446168243679	-1.15052746050077	0.887584008897193	-1.29624626961258	0.194890653302011	0.369650185586896
B9J08_00421	2820.61120468396	-0.106167220718733	0.0819275480263076	-1.29586718114207	0.195021247755046	0.369738593321948
B9J08_00202	810.135560182308	-0.145686023593654	0.112436117860433	-1.29572264114005	0.195071058101466	0.369738593321948
B9J08_03838	724.199798007168	0.150576260799344	0.116265604290583	1.29510582014444	0.195283727428651	0.370014796536906
B9J08_00786	669.547306371856	0.150405240232745	0.116163178170429	1.29477552699253	0.195397676724436	0.370103824282371
B9J08_03099	1928.95796426476	-0.111900298954042	0.0864636912573273	-1.29418831565971	0.195600381722707	0.370360846105311
B9J08_00987	55.1861273637767	-0.46372579607099	0.358554254442542	-1.29332113710925	0.195900013082561	0.370801154899766
B9J08_01295	595.438828561199	0.157408290751718	0.121909011326152	1.29119487591112	0.196636111483093	0.371939694786809
B9J08_00544	84.388123177228	-0.370435527119264	0.286863514798105	-1.29133022503743	0.19658919417163	0.371939694786809
B9J08_02714	19.6110518429297	0.751709529841406	0.582302263346617	1.29092668388608	0.196729101571941	0.371988280666479
B9J08_02553	579.824538479478	-0.162838014185242	0.126160733542755	-1.29071866984712	0.196801248350097	0.371997434894319
B9J08_01160	3153.99008906071	0.0977344449771732	0.0758056032554755	1.28927731961705	0.19730169295076	0.372815882714137
B9J08_01425	2343.6902223329	-0.102479444798321	0.0795672914848946	-1.28795944773081	0.197760079825843	0.373554327135145
B9J08_01478	4054.92836251867	-0.0949439194527034	0.0737987007251187	-1.28652562334864	0.198259682223569	0.374370093491515
B9J08_00274	642.30400473395	-0.153041955892925	0.118978386837952	-1.28630047826558	0.198338215653107	0.374390477429891
B9J08_00599	1937.4550705225	-0.106756236818885	0.083010936379272	-1.2860502660893	0.198425519486118	0.374427397132049
B9J08_05264	337.645373693067	-0.209563524354662	0.163178323033006	-1.28426080412821	0.199050716381567	0.374842567333498
B9J08_05048	1387.12090218745	0.129799814188903	0.101046176182564	1.28455938752585	0.198946298255103	0.374842567333498
B9J08_04395	979.062840640813	-0.130859155620308	0.101894928616075	-1.28425582507021	0.199052457956182	0.374842567333498
B9J08_02525	1741.59470360725	-0.109721785201043	0.0854354234198937	-1.28426571565975	0.199048998437266	0.374842567333498
B9J08_02210	2903.39475716215	0.0978536760553677	0.0761702913694688	1.28466984038071	0.198907681738679	0.374842567333498
B9J08_01651	2024.34684755809	-0.114536693816849	0.0891387988810525	-1.28492525426204	0.198818404945993	0.374842567333498
B9J08_04975	609.62026878572	-0.153085928387678	0.11940962957703	-1.28202330858856	0.199834469813268	0.376187028153247
B9J08_03365	43.5250967591138	0.502947026098113	0.392669900888418	1.28083926208806	0.200250130264546	0.376798026091426
B9J08_02088	997.633320630044	0.130678935119993	0.10205174197212	1.28051645757985	0.200363560463669	0.376798026091426
B9J08_00778	782.765691868218	0.141740349936393	0.110682451522375	1.28060363668164	0.200332921997797	0.376798026091426
B9J08_03053	395.787866075522	-0.181412869591544	0.141813278254066	-1.27923754266884	0.200813419101265	0.377515567133569
B9J08_01965	971.520311065974	-0.130714129468668	0.102226115860148	-1.27867647487941	0.201011007263451	0.37775853014114
B9J08_02818	2982.79987067551	0.0994896693988653	0.0779211330458859	1.27679957297693	0.201673016351231	0.378873814198931
B9J08_02644	1085.48977837246	0.149495167170977	0.117147734614143	1.27612512237969	0.201911292198865	0.379192562685397
B9J08_04535	1305.39386627508	-0.123009498641413	0.0964227009456396	-1.27573172536167	0.202050369695274	0.379324861856582
B9J08_01593	461.104404503377	0.173960369781416	0.136414873324766	1.27523022630578	0.202227765694774	0.37952898505773
B9J08_02621	336.118697608774	0.19405627786711	0.152293337793022	1.27422696671634	0.202582990819861	0.379808748392595
B9J08_01761	1555.62643122288	-0.118693446570788	0.0931257099819623	-1.2745507829554	0.20246828722794	0.379808748392595
B9J08_00280	3139.17957432056	0.0954597518412239	0.0749113094081871	1.27430360776461	0.202555838419657	0.379808748392595
B9J08_04015	4572.57295219339	0.0969760077328752	0.0761387404936624	1.27367496630637	0.202778631930323	0.379865124639107
B9J08_01954	25.0886677993526	-0.671653441349694	0.527382472157857	-1.27356041735997	0.202819247839697	0.379865124639107
B9J08_00043	3929.3877223276	0.0947862550890626	0.0744229065500835	1.27361667909699	0.202799298232981	0.379865124639107
B9J08_01699	8.48558745796396	1.13234294690427	0.889867788475881	1.27248447642282	0.203201036209842	0.380451262578523
B9J08_02011	4318.3514564838	-0.0914239852471105	0.0719141310841215	-1.27129374809754	0.203624165661216	0.381071593574962
B9J08_00173	1948.84141762679	-0.110756173770248	0.0871297169882481	-1.27116416302817	0.203670252835252	0.381071593574962
B9J08_03642	3335.01892334976	0.0957009212988138	0.0753247643872874	1.27051072880575	0.203902763623506	0.381292833626807
B9J08_02777	6003.29824427339	0.0890790372290989	0.0701164539796786	1.27044412792062	0.203926472987306	0.381292833626807
B9J08_01826	396.834026160874	0.182584065946103	0.143758813974713	1.27007214999853	0.204058930943638	0.38135602904817
B9J08_00466	895.960314467162	0.135511150208429	0.106704910079302	1.26996171130006	0.204098269210148	0.38135602904817
B9J08_00542	658.645650293554	-0.152896498802836	0.120435081061073	-1.26953456962678	0.204250469024801	0.38151143707336
B9J08_00925	2036.87481049507	0.115813086505685	0.091256650912243	1.26909200971069	0.204408249772662	0.381677160977535
B9J08_01059	2093.11936287805	-0.108063887505108	0.0852186847687463	-1.26807739169357	0.204770314349472	0.382224088959653
B9J08_03743	3222.35394314692	-0.106599607480849	0.0841046976812844	-1.26746317886796	0.204989721557	0.382401594838632
B9J08_00897	1480.12669866556	-0.11728105486248	0.0925349932335668	-1.26742382275267	0.205003786051541	0.382401594838632
B9J08_03756	2272.26650681436	0.116030296786645	0.0915850693525051	1.26691280147479	0.205186470824857	0.3824841903032
B9J08_02568	386.693346462858	-0.183523821398823	0.14485293189225	-1.26696656395839	0.205167245729782	0.3824841903032
B9J08_00658	1634.21245146256	0.114947552561645	0.0908718513293301	1.26494124286146	0.205892391459332	0.383670683612856
B9J08_02331	693.667114550967	0.143699067982657	0.113727133197325	1.26354251569261	0.206394277392157	0.384476296308208
B9J08_02472	1291.131448791	-0.119790970633172	0.0948579779617266	-1.26284550026468	0.206644709198626	0.384813109077091
B9J08_04264	1088.86360298403	-0.123629629609806	0.0979307395983441	-1.2624190332562	0.206798043964155	0.384901797571829
B9J08_00643	1075.10712655493	0.123990282863461	0.0982236863612825	1.26232569206785	0.206831615485495	0.384901797571829
B9J08_00501	742.499813830605	-0.143552432848894	0.113822581787483	-1.26119466449038	0.207238720496413	0.3855295887525
B9J08_02108	1104.94416199224	-0.131411939612059	0.104237715093741	-1.26069474464095	0.207418848127992	0.385734849799263
B9J08_05349	2060.56841902965	0.104034273835787	0.0825495642393612	1.26026436110708	0.207574011884164	0.385893563297603
B9J08_03530	296.611442660725	-0.206989968750201	0.164303161694139	-1.25980514687554	0.207739662641135	0.386071659521705
B9J08_05052	851.745366206052	0.134773508882367	0.107092692430596	1.2584753060505	0.208219912337392	0.386780145898559
B9J08_03926	503.468838849492	-0.163067145223554	0.129586826757555	-1.25836205194404	0.208260849320447	0.386780145898559
B9J08_05498	919.425616182979	-0.130200681254691	0.10348910398313	-1.25811004485956	0.208351961079305	0.386790699177294
B9J08_01622	1036.59216039666	-0.126646285115817	0.100675984239798	-1.25795924491944	0.208406495775282	0.386790699177294
B9J08_05331	5476.44431785505	-0.0877314832868561	0.0697748838865501	-1.25735047340964	0.208626754701595	0.387069510988827
B9J08_04605	2098.47784316135	0.103592275555354	0.0824451010742267	1.25650007344995	0.208934719311345	0.387440030663987
B9J08_00457	350.982554464526	-0.192909137219874	0.153539721627603	-1.2564119250376	0.20896666028756	0.387440030663987
B9J08_01186	32.4396525563958	-0.600991541773399	0.478522936069609	-1.25593048205734	0.209141175760838	0.387503613285334
B9J08_00847	10217.7598066235	0.0828952693740509	0.0660009697300484	1.25597047608698	0.209126674537293	0.387503613285334
B9J08_04949	4.37766197437327	-1.62920099939394	1.29853090430955	-1.25464938415171	0.209606067707909	0.388104769253473
B9J08_02634	24.4380327282889	-0.691261246836248	0.550942874745094	-1.25468769726095	0.209592153587388	0.388104769253473
B9J08_05307	54.9955935906248	-0.441087658888493	0.351958667286814	-1.25323709823303	0.210119432536055	0.388925017959403
B9J08_01997	1453.69458918599	0.117495661725623	0.0937976704476547	1.25265010489992	0.210333071666096	0.389190119550892
B9J08_01118	2092.89896552876	0.103075677063228	0.0823293763730386	1.25199147138182	0.210572971683175	0.389503619308202
B9J08_02615	2278.9512780016	0.104235520099782	0.0834607647274798	1.24891642725941	0.211695642584473	0.391329593761591
B9J08_01416	1009.87115526485	-0.135011867552828	0.108104645671489	-1.24889977404954	0.21170173427667	0.391329593761591
B9J08_00885	2565.93205171566	-0.108531497023528	0.0869879321303245	-1.24766153609592	0.212155032858309	0.392036398063482
B9J08_04170	8.39284946684994	1.11579020723176	0.894537347773577	1.24733775510756	0.212273679335572	0.392124540671024
B9J08_05572	2688.78683367668	0.0966556006614726	0.0775213728590515	1.24682519280471	0.212461600929496	0.39224685575584
B9J08_04642	1564.51902480858	0.110829312133312	0.088893147388181	1.24677003109519	0.21248183212104	0.39224685575584
B9J08_03849	1091.19284567832	-0.123303197408765	0.0989183841810976	-1.24651447179954	0.212575579589083	0.392288890947867
B9J08_05275	467.804549032507	-0.168702309587971	0.135410194401444	-1.24586121697623	0.212815350486509	0.392381338310599
B9J08_03726	315.969013067642	-0.20611490486264	0.165448127500672	-1.24579774927826	0.212838656098277	0.392381338310599
B9J08_00378	1811.34516847768	-0.106534699466736	0.0855115805376873	-1.24585113264025	0.212819053374932	0.392381338310599
B9J08_01784	4079.91502108329	-0.0955914029803346	0.0767443622925357	-1.2455820873976	0.212917861838677	0.392396472951773
B9J08_00972	890.920093663115	-0.136304848454493	0.109513935738001	-1.24463473562476	0.213266046047065	0.392907145500709
B9J08_05518	1648.51225484652	-0.112840915088179	0.0906884386200654	-1.24427012753986	0.213400161465374	0.393023223065352
B9J08_01293	724.991984543085	-0.146025871981945	0.117409554365181	-1.2437307404111	0.213598678251692	0.39325779303701
B9J08_01524	508.455206472411	-0.163773016115892	0.131714530179397	-1.24339369310911	0.213722793237269	0.393355270803325
B9J08_03645	5.20146823672453	-1.46723902365158	1.18073105441288	-1.24265303107588	0.213995718923414	0.393726477526535
B9J08_04176	2.48317785260122	2.17601879821116	1.75326852511499	1.24112123558965	0.214560965876729	0.394506509789858
B9J08_02054	1461.79262787594	0.11667157346517	0.0940052781070722	1.24111726292943	0.214562433223867	0.394506509789858
B9J08_04061	1193.6436035963	-0.119965358387384	0.0967189614340566	-1.24034994388538	0.214845986889416	0.394896498017228
B9J08_00822	7.81965935757094	-1.19722226366857	0.96575225224462	-1.23967845882416	0.215094347761163	0.395221562525249
B9J08_05192	1176.74097782141	-0.118010814520816	0.0952528812248321	-1.23892120640705	0.215374679382551	0.395343659991005
B9J08_03910	2135.89093304968	-0.102281769416835	0.0825572493790427	-1.23891929765285	0.215375386327649	0.395343659991005
B9J08_00921	1002.99781008064	0.131381146513492	0.106041140360112	1.2389639159606	0.215358861486757	0.395343659991005
B9J08_05408	750.631320874461	-0.142241063115056	0.115001066521149	-1.23686733886853	0.216136337297748	0.396597509809504
B9J08_01998	3415.20681881161	-0.0942571824983497	0.0762172712163472	-1.2366905951119	0.216201971604132	0.396597509809504
B9J08_00171	9682.36393517261	-0.080457415488293	0.0650732712960092	-1.23641264509822	0.21630521817146	0.396655255751049
B9J08_03717	11912.9412162816	0.0895112287257697	0.0724356953158991	1.23573368537987	0.216557571959422	0.396986301897089
B9J08_04062	1776.86488550504	0.116779373175508	0.0945364579290432	1.23528399237424	0.216724829159281	0.397161183940101
B9J08_03086	4830.45467256585	0.0871915225761941	0.0705997303362748	1.23501211918078	0.216825993774753	0.397214871591998
B9J08_05138	2774.53302907038	0.0992987743150047	0.0804514701302352	1.23426923279661	0.217102596695338	0.397589811774398
B9J08_04394	1157.06022630841	-0.12302065261794	0.0997101694956758	-1.23378240394301	0.217283997944459	0.397790214189805
B9J08_03563	9353.06838510989	0.242066307551387	0.196442130917085	1.23225250317387	0.217854776224571	0.398477739449085
B9J08_01531	3164.60570077756	-0.0947061064500849	0.0768427618892893	-1.23246619618556	0.217774986532407	0.398477739449085
B9J08_00243	1399.51732583053	-0.120217258307901	0.0975634126022814	-1.2321961184155	0.217875832931995	0.398477739449085
B9J08_02954	43716.3993482094	-0.0767372110207342	0.0623574211513758	-1.23060270299586	0.218471493805971	0.399139067170712
B9J08_02836	46870.8374832502	-0.0832052361944078	0.0675917126583905	-1.23099760195349	0.218323761178067	0.399139067170712
B9J08_02339	2763.22706569442	0.105445404308059	0.0856740664513713	1.23077389314665	0.218407442351524	0.399139067170712
B9J08_00074	5210.99845454052	0.0848713390576245	0.068975502007954	1.23045627196504	0.218526292248702	0.399139067170712
B9J08_04158	281.908376811459	-0.209733690057896	0.170626996902507	-1.22919405407887	0.218999057702072	0.399811437176378
B9J08_01837	1215.39937515222	0.117190351882534	0.095347461909603	1.22908727233495	0.21903908662386	0.399811437176378
B9J08_04341	1548.94985880895	-0.118084328978335	0.0961181564966177	-1.22853301896703	0.219246942178967	0.40005871555733
B9J08_04802	11.738881969822	0.932809053383294	0.759532910688925	1.22813513444362	0.219396243741426	0.400199022824707
B9J08_02676	651.889291609309	-0.149525367934376	0.121859788275928	-1.22702796426828	0.219812080630821	0.400825262173061
B9J08_05198	88.3703815891291	0.34382666145955	0.280404155689871	1.2261824744132	0.220130014896552	0.4012153299743
B9J08_04884	3698.0965558087	0.0910598747574694	0.0742695330490958	1.22607307490777	0.220171177096445	0.4012153299743
B9J08_03832	13385.2841678286	0.0857380123589569	0.0699509033340811	1.22568842248509	0.22031594864514	0.401293730301434
B9J08_02162	33087.5235078965	0.0770918274929975	0.0629026822181327	1.22557297677164	0.2203594122426	0.401293730301434
B9J08_04676	2903.00597168933	-0.0946828895216763	0.0774092293056499	-1.22314729614245	0.221274067598092	0.402826670492311
B9J08_01516	2137.16693688173	-0.101733229824185	0.0831964865073774	-1.2228068046499	0.221402674741395	0.402928081427623
B9J08_02048	272.323779316928	0.207867590272514	0.170172546417294	1.22151072337358	0.221892707992323	0.403686964145349
B9J08_03668	11411.3425061415	0.0845980872900135	0.0692906288578672	1.22091671968436	0.2221175533143	0.403830170121098
B9J08_00224	1729.77808675919	0.105022577095917	0.0860153267637011	1.22097515695583	0.222095426104769	0.403830170121098
B9J08_05521	442.490707796566	0.164845286117397	0.135170651438185	1.21953459840195	0.222641352362973	0.40464937668864
B9J08_02995	6886.790415362	0.0850513314601045	0.0697901716620362	1.21867204843644	0.222968691020234	0.405111096406586
B9J08_02604	775.201418947092	0.134369632074002	0.110280580089162	1.21843421539281	0.223059009465947	0.405142012920898
B9J08_04011	21732.9637117587	0.0839791164641735	0.0689997925393399	1.21709230381082	0.22356909857571	0.405822827915909
B9J08_00511	3206.6903426959	0.0921629186851492	0.0757257498028256	1.21706181748114	0.223580696762067	0.405822827915909
B9J08_00923	31.8069505522	0.557715529439165	0.458500562078485	1.21639006702831	0.223836365999736	0.406153511122961
B9J08_01737	4172.6314432248	-0.0882534480271829	0.0725959410119084	-1.21568019915474	0.224106769907023	0.406510704718122
B9J08_04478	546.679227895906	0.153737542513628	0.126512509764688	1.21519636911463	0.224291204931206	0.40671177482112
B9J08_05481	345.297844481274	-0.189792934443937	0.156299686913973	-1.21428864120757	0.224637521625766	0.407072649844462
B9J08_03894	3753.85241172326	-0.0889811803177231	0.0732755474063785	-1.21433661661021	0.224619208473558	0.407072649844462
B9J08_04994	1252.22888743241	0.11355619902598	0.093597814921669	1.21323557735844	0.225039765511665	0.407550705193168
B9J08_03367	110.195745383638	0.306906038354789	0.253017520474696	1.21298334510191	0.225136188214655	0.407550705193168
B9J08_01472	585.468683507744	-0.166965644393008	0.137665475667938	-1.21283599670076	0.225192529837772	0.407550705193168
B9J08_00434	43738.7144590158	0.077061476279473	0.0635387637085519	1.21282618328787	0.225196282551101	0.407550705193168
B9J08_00600	2051.60464763255	-0.103229910830234	0.0851585379025814	-1.21220858615875	0.225432545600633	0.407844739618559
B9J08_00611	146.104721549883	0.277823110262609	0.229403001897841	1.21107007303387	0.225868549921601	0.408499828343158
B9J08_02504	923.900161672472	0.127797301439616	0.105579666084684	1.21043479468018	0.226112097223572	0.408806529720211
B9J08_03613	6952.18889714621	-0.0860749624926311	0.0711338153547668	-1.21004281948533	0.226262462607442	0.408944614398734
B9J08_04200	351.463676378563	-0.205518086590731	0.169912955571496	-1.20954924184256	0.226451905119397	0.409042156663263
B9J08_00908	1700.85076091154	-0.110858737978198	0.0916700177889118	-1.20932384057645	0.226538455137732	0.409042156663263
B9J08_00478	1566.33925683288	-0.108596593452352	0.0897989275568872	-1.2093306279583	0.226535848561046	0.409042156663263
B9J08_02947	67.2537832641074	-0.400506168202495	0.331271555736046	-1.20899655061727	0.226664170580654	0.409135490136929
B9J08_00207	676.114085338441	-0.144411001748378	0.119487062029208	-1.20859111686148	0.2268199708528	0.409283048940067
B9J08_05020	6645.54654366595	-0.0820850731030266	0.0679690865758507	-1.20768245151306	0.227169430568147	0.409779844239604
B9J08_02211	597.176258390425	-0.146225481151766	0.121117420596797	-1.20730346164285	0.22731529804359	0.409840920182171
B9J08_00033	2022.95216759084	-0.0995271622642346	0.082444006833695	-1.20720918459239	0.22735159422445	0.409840920182171
B9J08_04279	722.350784223773	0.138043734599945	0.1145095219705	1.20552188345969	0.228001895248132	0.410879189773858
B9J08_00948	2012.73126077261	-0.0991980508007559	0.0823196416118854	-1.2050350178691	0.22818978374222	0.41108374665686
B9J08_03228	1896.06457163797	-0.100705066935129	0.083613430329438	-1.20441257508931	0.228430154040991	0.411382685364795
B9J08_01107	4406.94981438459	-0.0936150314706092	0.07774140599072	-1.20418495494903	0.228518099697037	0.411407015317761
B9J08_04228	2.70577011656856	-2.09837010973679	1.74311002244793	-1.20380818348457	0.228663725973433	0.411535139516497
B9J08_02376	164.354652551574	-0.251395022698369	0.209164886230726	-1.20189878534899	0.229402745114463	0.412730785236861
B9J08_03201	1526.59441441527	-0.112299458423662	0.0935180008331499	-1.20083253943828	0.229816166842225	0.413340043650172
B9J08_00740	1620.62089681464	-0.107038139843504	0.0892670981142208	-1.19907717518211	0.230497938331359	0.414431394000462
B9J08_02625	839.458543378517	0.127270509886334	0.106213609531369	1.19825049207792	0.230819513911224	0.414874618987751
B9J08_05431	2829.30220443604	0.0954457298867372	0.0796813354788989	1.19784299940622	0.230978143776454	0.414889892964726
B9J08_03719	2077.10828102459	-0.103463414980286	0.0863693886050728	-1.19791764942758	0.230949078017248	0.414889892964726
B9J08_04136	31182.3588126748	0.0775199126682879	0.0648055621094743	1.19619227339369	0.231621535379162	0.415459872515133
B9J08_03721	3336.82993520543	-0.100253326821792	0.0838163067715137	-1.19610766309575	0.231654547581419	0.415459872515133
B9J08_02986	862.723763378083	-0.13242757992342	0.110666030789141	-1.19664163410489	0.231446265348276	0.415459872515133
B9J08_01924	52243.4107428262	0.0784956382774067	0.0656282539703639	1.19606470580268	0.231671309406846	0.415459872515133
B9J08_01483	5156.08376548384	-0.0866973415496041	0.0724757328816534	-1.19622580003673	0.231608455291408	0.415459872515133
B9J08_00067	1600.55730132593	-0.10979749979645	0.0918369760773626	-1.19556963312858	0.231864547653939	0.415671539047461
B9J08_03574	2226.58189304744	-0.101563373216825	0.0849768457805109	-1.19518878682736	0.232013278579842	0.415803304380929
B9J08_01277	10125.1647080311	0.0782845682582823	0.0655426115822573	1.19440721644168	0.232318715335035	0.416215734086464
B9J08_01963	29.7287234444354	-0.595270282078965	0.498553151813163	-1.19399562496808	0.232479679445255	0.416312484335198
B9J08_00241	737.547451487507	-0.133611047952428	0.111912927150887	-1.19388395383749	0.232523365142529	0.416312484335198
B9J08_01545	3375.18306359698	-0.100564304045002	0.0843193219573911	-1.19266025521197	0.233002457181857	0.417035162190454
B9J08_03618	1910.94712615506	-0.105772252521921	0.0887177691340436	-1.19223300534203	0.233169895190502	0.417199744486211
B9J08_00055	621.459656682909	-0.156116446565757	0.130973085288456	-1.19197349762301	0.233271637172004	0.41724671153711
B9J08_02049	45968.1500691276	0.0769699020785367	0.0646067001559505	1.19136098721562	0.233511901378808	0.417406299780295
B9J08_00870	650.430165928354	0.149220110525381	0.12525011023777	1.1913770793663	0.233505586805546	0.417406299780295
B9J08_02165	958.34216021314	0.121783823605903	0.10228121271958	1.19067637514029	0.233780655864574	0.417751595526511
B9J08_03676	8117.47259094971	0.0817329322613023	0.0686632235463766	1.19034510819461	0.233910778228541	0.417849021095392
B9J08_03356	2617.09604107755	0.0936637353052023	0.0787492221457475	1.18939251402193	0.234285245250533	0.418266587093557
B9J08_02780	952.287284256596	0.124040283177803	0.104291142489926	1.18936546495101	0.234295884501837	0.418266587093557
B9J08_02895	1540.69704054891	0.10919735657047	0.0918592811384576	1.18874603869236	0.234539618028292	0.418566505922625
B9J08_03557	547.590961662927	0.158936422482579	0.133793599287235	1.1879224666149	0.234863957455586	0.419010036428994
B9J08_01839	1950.05476577791	0.0991828866571081	0.0835522014305376	1.1870768807877	0.235197296657477	0.419469331599185
B9J08_02571	6704.46816927045	-0.0799357115684892	0.0673670306280409	-1.18657020835377	0.235397192870429	0.419690414514471
B9J08_00888	640.450384668306	0.146349747515009	0.123415204594939	1.18583239395295	0.23568849593864	0.419938851403244
B9J08_00187	0.992337548265439	3.55993828058286	3.00196047668069	1.18587113595817	0.235673193520553	0.419938851403244
B9J08_01936	1692.24515270941	-0.122422731976596	0.103314729911729	-1.18494944603923	0.23603743561317	0.420425042421524
B9J08_03460	1027.31521652875	0.120027258862167	0.101336716031205	1.18443998940331	0.236238938277263	0.42064839299563
B9J08_00587	445.156694958482	0.15943253403805	0.134787296714333	1.18284540104658	0.23687042352018	0.421636982543006
B9J08_04952	1155.22557276765	0.115024580959398	0.097287183337339	1.18231998310153	0.237078759439108	0.421871958602689
B9J08_03771	9.41999981561563	1.05978476182352	0.896519995620937	1.18210945321917	0.237162273952529	0.421884740307572
B9J08_01482	3084.91856147469	0.089866916952183	0.0760814731639693	1.18119317640582	0.237525991378296	0.422395802557221
B9J08_02352	316.714581146415	-0.186371795925037	0.15799419723604	-1.17961165147478	0.238154706700115	0.423377633943884
B9J08_05588	988.639044114938	-0.124759878395153	0.105888428997582	-1.17822012826352	0.23870886013279	0.423681396902354
B9J08_04124	1858.27314699321	0.119525954636577	0.101437340759935	1.17832302918362	0.23866785024204	0.423681396902354
B9J08_03542	2789.38995919277	-1.35402589501327	1.1491556933158	-1.17827889022273	0.23868544067075	0.423681396902354
B9J08_02101	42409.8634146214	0.0766773747005825	0.0650560333826693	1.1786358730105	0.238543200735527	0.423681396902354
B9J08_00263	777.164338552768	0.137735655484643	0.116858717815626	1.17865109304002	0.238537137638624	0.423681396902354
B9J08_04313	1192.38545584005	-0.121375264911427	0.103077986471675	-1.17750907896111	0.238992375949659	0.424031637267863
B9J08_01567	1286.68819693237	-0.109551482590204	0.0930499573633263	-1.17734049208046	0.239059631215246	0.424031637267863
B9J08_04233	2496.80712275675	-0.105206807023541	0.0894699053412762	-1.17589044743299	0.23963865660375	0.424792162847417
B9J08_03342	1403.88621317525	0.111868575297477	0.0951486091899497	1.17572475572553	0.239704882778086	0.424792162847417
B9J08_01892	2111.09987630129	-0.115533917716272	0.098269072432069	-1.17568951102228	0.239718971579716	0.424792162847417
B9J08_02026	1803.42876440694	0.100095793489195	0.085183329845149	1.175063168711	0.2399694445291	0.425099717920621
B9J08_01619	167.663422480874	-0.244781318933117	0.208490498556194	-1.1740646246627	0.240369141527391	0.425671337783368
B9J08_00516	387.219557850078	-0.172702561899623	0.147231139673225	-1.17300295496544	0.240794620709476	0.426288234676898
B9J08_04980	1310.60823181252	0.112475334594121	0.0959051475338669	1.17277682675377	0.240885313280514	0.42631224031425
B9J08_00959	922.834987356107	0.122899541518363	0.104847827394453	1.17217060736983	0.241128566579905	0.42660614196131
B9J08_03389	1746.8848597568	0.103279425096361	0.0881697642964415	1.17137009405081	0.241450047742776	0.427038212439784
B9J08_02957	2418.86103751403	-0.0940285922496163	0.0802938136743259	-1.17105649796383	0.241576068189224	0.427103941158969
B9J08_00347	10662.3823503834	0.075615343761202	0.0645792054047611	1.17089306514798	0.241641762982467	0.427103941158969
B9J08_05422	654.913941858673	-0.14506096224374	0.123921862450491	-1.17058410336347	0.241765990142702	0.427112453618357
B9J08_00341	11392.3155823509	0.0840252346964795	0.0717859634889864	1.17049671847576	0.241801133955462	0.427112453618357
B9J08_03133	3086.57651231666	-0.0902161171169879	0.0771565806470256	-1.16926017664918	0.242298822661245	0.427806007104786
B9J08_02633	28.8017333603437	-0.568926291775855	0.48669574001999	-1.16895679373008	0.242421039531387	0.427806007104786
B9J08_00839	1323.26188716966	-0.132562642219674	0.113403707138661	-1.16894452187165	0.242425984123791	0.427806007104786
B9J08_04943	1447.44745291212	0.117074003787472	0.100216464971618	1.16821126968136	0.24272155575115	0.428054256106128
B9J08_01693	1225.37751262523	-0.111064689959997	0.0950611350555498	-1.16835013483792	0.242665560207293	0.428054256106128
B9J08_01637	1074.29321774824	-0.12366381568842	0.105877914238593	-1.16798500024988	0.242812815377903	0.428078606249975
B9J08_04805	1079.8691583455	-0.123397471987359	0.105690304625425	-1.16753823753929	0.242993075811041	0.428244833700335
B9J08_02825	1522.98815773784	-0.10502602265161	0.0899682745649824	-1.16736730985934	0.24306206682069	0.428244833700335
B9J08_04591	1338.15337314736	0.109456757673191	0.0938043997738753	1.16686166040236	0.243266241152572	0.428331479722927
B9J08_01659	630.422906660222	-0.13798293771659	0.118247007030338	-1.16690427252158	0.243249030312532	0.428331479722927
B9J08_04393	2476.26462652716	0.0994119784506892	0.0853387961282808	1.16490954830501	0.244055608087033	0.429584505062749
B9J08_03252	1115.5903502753	0.112941440464052	0.0970451970660425	1.1638024742965	0.244504069207801	0.43009993332639
B9J08_01294	3932.44367715549	0.0853142222055031	0.0732944252195849	1.16399333168802	0.244426714147826	0.43009993332639
B9J08_00121	3134.53985272316	0.0914672321739748	0.0787972514195147	1.16079216630293	0.245726429489024	0.432112623539879
B9J08_03114	9069.04856840484	0.0808868286728435	0.0697446528329318	1.15975670373759	0.246147876396853	0.432440976746791
B9J08_02872	35412.9099795185	0.0772796432554343	0.0666216305140058	1.15997826320369	0.246057656193866	0.432440976746791
B9J08_01110	57378.0894092197	0.0850767157638383	0.0733533264267775	1.15982082760437	0.2461217624303	0.432440976746791
B9J08_01721	5681.02934519186	0.0811301935164609	0.0699678543395862	1.15953525061236	0.246238076466095	0.432461979227235
B9J08_02309	8204.80539779145	0.0817709495753008	0.0705472458796964	1.15909485275646	0.246417523751809	0.432639661301223
B9J08_05301	15087.6925470687	-0.0877809852444817	0.075765516868995	-1.15858755898495	0.246624342427721	0.432865271704673
B9J08_05530	1720.36108855774	0.103957004836465	0.0897720372535116	1.15801097999921	0.246859555640831	0.432865724627815
B9J08_04052	1751.67823403506	0.103491517375144	0.0893677915485572	1.15804044815086	0.246847530410801	0.432865724627815
B9J08_02529	1372.74488587884	0.106840360898737	0.0922547656836784	1.15810126563075	0.2468227135861	0.432865724627815
B9J08_04103	4350.52092657582	-0.0842658624124066	0.0728092953634115	-1.15735033544566	0.247129256214083	0.433201204914443
B9J08_00134	1805.45803182954	0.0983726561515685	0.085023764385693	1.157001890734	0.24727158787034	0.433313273988386
B9J08_05299	3782.7236420166	0.0878324410909598	0.0760116261456155	1.15551324902192	0.24788031023412	0.434242305757205
B9J08_01256	1131.29719798402	-0.116688520035727	0.101067970292704	-1.15455489704389	0.248272745629108	0.434791972462637
B9J08_02357	1921.70903432994	-0.0995226567026501	0.0862579581944409	-1.15377941683141	0.248590614902746	0.435210747091376
B9J08_05419	870.078282047949	0.12459455076435	0.108053081912206	1.15308650673735	0.248874879393908	0.435570442815114
B9J08_03977	207.25088137503	-0.222966047620228	0.193610964395119	-1.15161890917088	0.249477707643333	0.436476152916102
B9J08_01572	965.441835376658	0.11869071188069	0.103080035334858	1.1514422894319	0.249550324446333	0.436476152916102
B9J08_05493	2877.256945748	-0.0947430137459898	0.0823453902341108	-1.15055637573193	0.24991478869665	0.436837140141172
B9J08_05384	2035.53955113278	0.0962513295046836	0.0836508642356058	1.15063162089501	0.24988381844881	0.436837140141172
B9J08_04915	6.68533709594601	1.17861927561197	1.02806015255075	1.14644972153396	0.251609119536982	0.439381865302021
B9J08_01623	646.164749571696	0.138152785586495	0.120468490497972	1.14679602122865	0.251465934005237	0.439381865302021
B9J08_00009	18.0047446768941	-0.710644984016638	0.619810713960838	-1.14655162940849	0.251566977490868	0.439381865302021
B9J08_04272	1188.09159524632	-0.116603304771494	0.101725921177507	-1.14624968171118	0.25169185648627	0.439387520783202
B9J08_05021	2214.37758294758	0.0939667939851664	0.0820459941526087	1.14529411162213	0.252087344370991	0.439938980845743
B9J08_04951	2662.2494641646	0.0889595587617443	0.077746902983464	1.14421996694409	0.252532424485391	0.440576613046324
B9J08_04392	7057.65909852047	-0.0881292358109366	0.0771175444266168	-1.14279100127207	0.253125375881365	0.441332477128171
B9J08_01212	1036.13187271516	0.114508322617463	0.100190902159881	1.14290140271155	0.253079530103926	0.441332477128171
B9J08_04849	102.329714483435	-0.297121681269889	0.261071356030558	-1.13808609947661	0.255084531907229	0.444608075638995
B9J08_05009	4.20875931350035	1.45575763350666	1.27972574762573	1.13755438320087	0.255306603813342	0.444854854752945
B9J08_04762	1225.19143133934	-0.107369066043338	0.0944288062600257	-1.13703720607967	0.255522732326351	0.445091125612274
B9J08_00348	17671.4264549602	-0.0723179385561128	0.0636181863046114	-1.13674945415523	0.255643039007857	0.445160389601899
B9J08_03221	834.037470081689	-0.125324647718598	0.11036600820376	-1.13553665443096	0.256150533030501	0.445807995405539
B9J08_02503	7880.60082234809	0.077672905940853	0.0684056374833419	1.13547521517898	0.256176260793919	0.445807995405539
B9J08_01415	2471.56337999168	0.102188420797897	0.090013398732094	1.13525788646243	0.256267281869157	0.44582602042519
B9J08_03547	2268.25570273945	0.0988211652252045	0.0872058293332766	1.13319448918417	0.257132587905164	0.447190627234688
B9J08_02311	2762.76217144738	-0.0892852626979236	0.0788269125389328	-1.13267486727741	0.257350815733833	0.447429367273009
B9J08_02861	1524.50002008143	-0.099991420717953	0.0883237698744449	-1.13210091530393	0.257592010123857	0.447707874199547
B9J08_03884	1290.50371939861	0.105744464125548	0.0934501527174006	1.13156009969642	0.257819422927966	0.447821480365452
B9J08_03077	705.570851012255	0.129537047780636	0.114465559883486	1.1316683193835	0.257773905440659	0.447821480365452
B9J08_00766	537.689121907296	-0.153376248601071	0.135639563749056	-1.13076335813664	0.258154706140829	0.448122192474989
B9J08_00411	1724.63951367531	0.101144877874711	0.0894373691069626	1.13090175711392	0.2580964436698	0.448122192474989
B9J08_03287	1387.61580344936	0.104191579719075	0.0922150885392242	1.12987561330331	0.258528641123217	0.448608633784615
B9J08_03187	1093.40790442298	0.1223622340178	0.108312693200559	1.12971278251965	0.258597269266833	0.448608633784615
B9J08_05387	52.9683793539929	0.40730527064537	0.360707527661104	1.12918428203153	0.258820102884962	0.4488543171149
B9J08_04339	927.532317684499	0.129481702299473	0.114818915867567	1.12770357846627	0.259445125889426	0.449466469720016
B9J08_02350	3895.18320796632	-0.0825571274465706	0.0731818699876226	-1.12810901744563	0.259273881327666	0.449466469720016
B9J08_00960	279.427570911426	0.193824631326856	0.17189472371593	1.12757754942593	0.259498372512497	0.449466469720016
B9J08_00126	1434.04307163985	0.106339231570071	0.0942872308481813	1.12782219409218	0.259395018308398	0.449466469720016
B9J08_00319	4724.65921048903	-0.0818723279285599	0.0726320906173175	-1.12721976240402	0.259649576930458	0.449587472335413
B9J08_02887	1740.32425434248	0.0990316873920526	0.087978009365687	1.12564137454418	0.260317347747034	0.45060256216657
B9J08_04871	2496.05807810861	-0.0939532703919856	0.0835126154527992	-1.12501889543966	0.260581027353968	0.450917763990414
B9J08_04733	2899.88483562351	-0.0873067898611967	0.0776446182723532	-1.12444096968771	0.260825999703235	0.451200406998366
B9J08_02114	577.559486593007	0.140775551212627	0.125548108053044	1.12128771508966	0.26216541304693	0.453375543776715
B9J08_04622	715.320890559599	0.125874618801366	0.112425068122521	1.11963124331121	0.262870935882739	0.454027394569968
B9J08_04375	1037.89370805132	0.112948653896878	0.100829298425186	1.12019676483899	0.26262992229179	0.454027394569968
B9J08_03305	1605.53562054375	-0.100224526953668	0.0895073678502014	-1.11973493759087	0.262826732094719	0.454027394569968
B9J08_02445	1083.65909669943	-0.109892086781261	0.0981261682609472	-1.11990602230615	0.262753811687167	0.454027394569968
B9J08_00002	73.3520420544221	-0.343037428251458	0.306442217564455	-1.1194196118859	0.262961168074638	0.454041354560614
B9J08_03658	2389.95437375154	0.0987677801709421	0.0882563901856468	1.11910061088137	0.263097219276851	0.454134394423221
B9J08_02186	222.174256544634	0.213230242680139	0.190631877459757	1.11854452425016	0.263334501625224	0.454185784556482
B9J08_01104	1470.52212798229	0.100763504174986	0.0900851353020267	1.11853641377302	0.263337963460783	0.454185784556482
B9J08_00267	2267.11187980606	0.0972512440697655	0.0869515606321755	1.11845311760602	0.263373518998286	0.454185784556482
B9J08_03887	378.395786174518	0.162307419631986	0.145289008053308	1.11713488726163	0.263936655705234	0.455014939514295
B9J08_04672	2487.1057144363	0.0902497680285904	0.080810886618123	1.11680210186372	0.26407894996582	0.455118290134421
B9J08_03553	6774.78340927059	0.0817049953681978	0.0732189913872538	1.1158989467099	0.264465392729491	0.455500226119007
B9J08_00873	122.961687979933	-0.268744845144309	0.240828577203056	-1.11591758862452	0.264457412273623	0.455500226119007
B9J08_01719	7427.94363586431	0.0765985783378535	0.0686692955019681	1.11547057207916	0.264648822253107	0.455674155947951
B9J08_03023	58.4209732273961	0.379957276253411	0.340856802540071	1.11471231737775	0.264973720983518	0.455949488130731
B9J08_00041	7.35161811920794	-1.12572136982062	1.00970450698017	-1.11490179754415	0.264892506336224	0.455949488130731
B9J08_01915	233.670008935233	0.19757931645205	0.177418448027059	1.11363456646806	0.265435990961061	0.456602776857076
B9J08_02285	256.014718550952	-0.191788732245961	0.172365274658995	-1.11268776512782	0.265842551993472	0.457159858390765
B9J08_00146	1713.0247621074	-0.0967526085954394	0.0870033538764781	-1.11205607927256	0.266114039252652	0.457484384121123
B9J08_03040	509.290055895524	0.146271788142239	0.131657662510132	1.11100095014206	0.266567940326724	0.458122203415983
B9J08_02648	824.421212931445	0.125653261955158	0.113181503353314	1.11019255118843	0.266916061902197	0.458577890622767
B9J08_00287	2590.44675477341	0.0883933080151478	0.0796609582077563	1.10961894011641	0.267163266137913	0.458859966421456
B9J08_00255	1090.16820713865	0.113398169882103	0.102250519076006	1.1090229263072	0.26742029182276	0.459158730321341
B9J08_02381	1305.64937440265	0.107043062831839	0.0965482610227706	1.10870006044534	0.267559595836109	0.459218279385383
B9J08_01245	3759.25992931683	0.085564737405502	0.0771856597505656	1.10855744035893	0.267621146716178	0.459218279385383
B9J08_00920	0.806861566037398	3.30828672159175	2.98625518606194	1.10783791587298	0.26793182196886	0.459608684053969
B9J08_03161	870.307426076221	-0.120228467482352	0.108681802201698	-1.10624285801983	0.268621417161591	0.460648641840557
B9J08_02956	24155.7055254522	-0.0862027315212414	0.0779868567099043	-1.10534948012969	0.269008185432927	0.461168809208371
B9J08_04505	0.91541985978395	-3.14215547928148	2.84769102767471	-1.1034046351044	0.269851484713645	0.462471056127849
B9J08_05559	83.8776159447301	0.315314373468612	0.285832177997348	1.10314512409984	0.269964147596989	0.462520720325034
B9J08_04095	1750.97963837083	0.0952046943350593	0.086327591824716	1.1028304198311	0.27010081510185	0.462611467328146
B9J08_01287	1245.98428000136	0.113898213195641	0.103336844007987	1.10220332630672	0.27037328621846	0.462934681824483
B9J08_00591	2232.3056008023	-0.0888925756083305	0.0806889960920939	-1.10166912359244	0.270605545028325	0.463188865708131
B9J08_02899	357.232371785939	-0.165468562400648	0.150228709840653	-1.10144434160528	0.270703315833488	0.463212763656869
B9J08_02185	12900.2941666358	0.0776815042093351	0.0705731828200766	1.10072269812998	0.271017364325927	0.463606614865181
B9J08_01984	2155.48429360127	-0.0938432745839528	0.0853555020048532	-1.09944025141598	0.2715760818735	0.46441862763454
B9J08_00536	300.326750911314	0.174578266880808	0.158834666924954	1.0991194193349	0.271715980553226	0.464514143061454
B9J08_03827	367.487619748353	-0.175175393687182	0.159523353642422	-1.09811754634901	0.272153164432784	0.465117668466295
B9J08_00103	2473.31836576799	-0.094161229112403	0.0858010686701146	-1.09743655378503	0.272450601544165	0.465482063287357
B9J08_04624	1354.43408149242	-0.105777217170337	0.0964043099293502	-1.09722498141272	0.272543055280047	0.465496126864284
B9J08_01759	949.492089251669	0.112003855323997	0.102190911631314	1.09602560086837	0.273067571123611	0.466247904108804
B9J08_03940	12035.6347701714	0.0723433978465234	0.0660276897352266	1.09565241698783	0.273230913482149	0.466382723537937
B9J08_02851	0.891875093314522	-3.11032708881609	2.84340426866919	-1.09387438258008	0.274010075487917	0.467568288737794
B9J08_03750	1198.36497360822	-0.104287008280447	0.095388246344122	-1.0932899206913	0.274266526911423	0.467861448839332
B9J08_04486	492.594184535152	-0.15241670592599	0.139485608187628	-1.09270560530495	0.27452307791196	0.46815459784616
B9J08_03759	455.579017526211	0.160011450757196	0.146470498285854	1.09244832665835	0.274636091285334	0.468202861361518
B9J08_02607	3298.4989920273	0.0980659173800109	0.089813194172025	1.09188764840251	0.27488248738823	0.468478417451357
B9J08_02278	7948.37187103355	0.0726448303500277	0.0665455992106259	1.09165491349919	0.274984809565359	0.468508336149118
B9J08_01494	99.5794628516795	-0.300772929448513	0.275794781206954	-1.09056787852275	0.275463070121797	0.469178548093427
B9J08_04880	885.305497043035	-0.115628633313156	0.10605542360493	-1.09026610222111	0.275595942627067	0.469260251047381
B9J08_05435	473.050043443711	0.146786885775404	0.134724436744686	1.08953423240935	0.275918367484715	0.469331078029984
B9J08_02408	1113.1873731978	-0.1086628268477	0.0997455045334053	-1.08940074398348	0.275977203473394	0.469331078029984
B9J08_01592	13.5342715654406	-0.883463179752441	0.810880286693217	-1.08951123149783	0.275928504692583	0.469331078029984
B9J08_00424	278.305843276693	-0.187202354283551	0.171772704186562	-1.08982597188568	0.275789810986161	0.469331078029984
B9J08_04128	1598.66466513493	-0.097004485990301	0.0890782625174989	-1.08898044538358	0.276162509004773	0.469389450611725
B9J08_02886	16.3723190926594	-0.712264368656189	0.654091046984448	-1.08893765163113	0.276181381108979	0.469389450611725
B9J08_04848	21.2547672121762	-0.637100560407644	0.585360578482669	-1.08838993233725	0.276423003742133	0.469655684501312
B9J08_02831	754.734142248457	-0.122762966499734	0.11290659347614	-1.08729670004326	0.276905706526321	0.470059087385749
B9J08_01178	140.076028782299	0.246395469581886	0.226548971289515	1.08760356835613	0.276770154780131	0.470059087385749
B9J08_00059	6009.71955593368	-0.0810754294867686	0.0745675906550207	-1.08727436108075	0.276915575995657	0.470059087385749
B9J08_04705	736.133630076121	-0.122226290275428	0.112435373727803	-1.08708039314502	0.277001282111687	0.470060204553667
B9J08_04458	10459.7622674694	0.0700057846899688	0.0644223682918276	1.08666890935845	0.277183158998738	0.47022446893371
B9J08_01544	359.393951618057	0.176443862471083	0.162400334241333	1.08647474954627	0.277269006378987	0.470225774242609
B9J08_05047	1.49414033941357	2.56564365396458	2.36225798026258	1.08609799412314	0.277435639720611	0.470364043170496
B9J08_04811	2041.62242291993	0.0908609486062832	0.0838003626723802	1.08425483743437	0.27825182363773	0.471603136843218
B9J08_03912	1417.07125990049	0.0981120708889843	0.0905991120682241	1.08292530301073	0.278841579726504	0.472457820707661
B9J08_03942	3769.16462149156	-0.0841685304308466	0.0778052505915754	-1.08178470978359	0.279348202280773	0.473171165800133
B9J08_04105	2705.50996916869	0.0873695275100063	0.0808141097356749	1.08111724296379	0.27964496420761	0.473528712369933
B9J08_03204	2799.49536436989	0.0840055051462822	0.0777547339148934	1.08039087675653	0.279968156761434	0.473930781752051
B9J08_05153	1055.95641236535	-0.106426046871825	0.0985646929679708	-1.07975831575317	0.280249817909923	0.474037436184754
B9J08_04080	153.107708296082	0.231423249277823	0.214336027067273	1.07972165223155	0.280266149017517	0.474037436184754
B9J08_02392	112408.358482324	-0.0685087236566989	0.0634563785685658	-1.07961918410887	0.280311795031824	0.474037436184754
B9J08_00215	7570.04148084937	-0.0721217423113072	0.0668116188599274	-1.07947904184918	0.280374231751033	0.474037436184754
B9J08_04077	50.1509696841055	-0.40904005134645	0.379332618252672	-1.07831499761507	0.280893206327525	0.474080641167846
B9J08_03394	1022.89412286377	0.10744707876907	0.0995972632643527	1.07881557431837	0.280669950582871	0.474080641167846
B9J08_02763	268.611633394446	0.185136558132287	0.171637647281883	1.07864772714016	0.280744796500772	0.474080641167846
B9J08_01876	238.147195465879	0.200108951445865	0.18549046896734	1.07880988473375	0.28067248744374	0.474080641167846
B9J08_01159	6626.0505185789	-0.0790757641392966	0.0732725606979693	-1.07920022701606	0.280498478500771	0.474080641167846
B9J08_01074	1207.14374499975	0.102576434682116	0.0951307941619227	1.07826740631977	0.280914438180694	0.474080641167846
B9J08_01704	973.115369330298	0.109436542825557	0.101532141958327	1.07785121750386	0.281100158475444	0.474210473133956
B9J08_00252	614.415730145499	-0.129399969081906	0.120069321074614	-1.0777105085944	0.281162967334897	0.474210473133956
B9J08_00954	1.51768510588299	2.53197517632668	2.35088551784646	1.07703040284416	0.281466683440568	0.47457790096889
B9J08_00754	935.424628597333	-0.117873043642781	0.109512065910604	-1.07634754821448	0.281771851021525	0.4749475512644
B9J08_01585	753.929412659479	-0.120606271930668	0.112190795689525	-1.07501039804043	0.282370073022946	0.475810790731043
B9J08_04829	550.108536596504	-0.137720457486702	0.128148594041596	-1.074693472189	0.282511987293405	0.475824745878198
B9J08_02685	24323.3417508806	-0.0722627138494304	0.0672456878093927	-1.07460740165612	0.282550536633299	0.475824745878198
B9J08_01895	30437.9672364404	0.0715930256007648	0.0666359130928016	1.07439100445821	0.282647472537363	0.47584300356808
B9J08_01243	5588.69951101939	-0.0813085646806364	0.075713542917641	-1.07389723882135	0.282868741024303	0.476070502935847
B9J08_05323	755.664679672106	-0.119116352056906	0.111099084523161	-1.07216321869937	0.283646727773418	0.476944163189438
B9J08_02334	3911.32889931894	0.0780643121230515	0.0727938879525988	1.07240201504122	0.283539503280101	0.476944163189438
B9J08_02023	59169.6605371073	0.0651488334558049	0.0607606497415769	1.07222081615143	0.283620862814428	0.476944163189438
B9J08_00527	3008.15707742599	0.0830946670572184	0.0775895056725099	1.07095239668035	0.284190834464694	0.477713729345001
B9J08_05549	722.09921227091	-0.119976563294555	0.112155131583236	-1.06973761789503	0.2847374286899	0.478462898538202
B9J08_02183	253.927097070033	0.18335921474767	0.171431487185182	1.06957722737133	0.284809650115919	0.478462898538202
B9J08_02272	329.319400901945	-0.16342764090588	0.152867676069694	-1.06907912194185	0.285034018447016	0.478694323900534
B9J08_00136	641.545257993421	0.144608326850679	0.135406293568196	1.06795868227387	0.285539149941574	0.479396987158895
B9J08_04069	4181.13206335914	0.0762029205781416	0.0714914323258555	1.06590283757096	0.286467566155481	0.480663703139449
B9J08_01043	373.253138268021	-0.155690750545631	0.146051302161491	-1.06600042753115	0.286423448642331	0.480663703139449
B9J08_04526	362.832921965086	-0.156325588451792	0.146712430433934	-1.06552381409963	0.286638954899732	0.480805312209656
B9J08_04289	6528.55184074486	-0.0761704021814362	0.0715061799066123	-1.06522824014533	0.286772657065428	0.480883639441936
B9J08_03604	1571.54852990646	0.0940131866304963	0.0884773518597064	1.06256781712418	0.287977988187432	0.482173384038756
B9J08_03345	1088.68850214411	0.105153137885641	0.098960232143622	1.06257974145646	0.28797257813832	0.482173384038756
B9J08_03084	304.519823859789	-0.173605220652265	0.163341182587043	-1.06283802959338	0.28785541007631	0.482173384038756
B9J08_01935	1323.61535297703	0.0996776989203587	0.0937606079993644	1.06310849563853	0.28773275218197	0.482173384038756
B9J08_00696	429.615412812581	-0.156593832600436	0.147317778587631	-1.06296629029935	0.287797238718219	0.482173384038756
B9J08_04086	492.839062281646	0.144820060730887	0.136367953353138	1.06198015860707	0.288244692783074	0.482473778622668
B9J08_03079	41.0578123551113	0.433876211869078	0.408838133771502	1.06124203206438	0.288579922114262	0.482888655623834
B9J08_01281	1977.90379529146	0.0928401697980537	0.0875035810210586	1.0609870900679	0.288695768221242	0.482936292663077
B9J08_05007	606.392301765544	0.12739842580454	0.120240468810237	1.05953034835218	0.289358315488215	0.483898157247613
B9J08_00450	1286.72040213463	0.100003194674095	0.0944301015730422	1.05901818390762	0.289591498456614	0.484141624915216
B9J08_05022	2374.12161640872	-0.0859897157703312	0.081265981527183	-1.0581268343085	0.289997622033752	0.484673981548396
B9J08_05230	1907.84523421329	0.0890851408602617	0.0842308455544528	1.05763085095318	0.290223771739339	0.484905316325068
B9J08_03575	230.243125346537	0.188118085864159	0.178071599086248	1.05641824316434	0.290777174870218	0.485683120431459
B9J08_01606	1932.99256350111	0.0908637056236365	0.0860849340102685	1.05551228758331	0.291191092754803	0.486227543702657
B9J08_03735	531.165939444128	0.134184061165772	0.127187888201395	1.05500659743087	0.291422307413584	0.486466654507665
B9J08_05174	245.510452331683	-0.185461312351662	0.175845786692875	-1.05468158117193	0.291570978416436	0.486567873703998
B9J08_01900	1504.48246837377	0.0944893096495422	0.0896162304064766	1.05437719507909	0.29171025885864	0.486653365744554
B9J08_03144	491.546375548564	0.136385053877528	0.129418869571265	1.05382665085347	0.291962289458179	0.486926847868242
B9J08_03368	4833.98382871638	-0.0775455860877429	0.0735982348004807	-1.05363377665189	0.292050618869566	0.486927230917675
B9J08_00633	175.897352806856	0.219354197308145	0.208337797417442	1.05287758643541	0.292397099819385	0.487357892250224
B9J08_04296	1644.72750881472	-0.0942349472056898	0.0895746212369306	-1.05202730309551	0.292787023181084	0.487566699946324
B9J08_01046	497.286419331963	-0.136194946597589	0.129457191871762	-1.05204619865771	0.292778354253632	0.487566699946324
B9J08_00377	11319.9770391444	-0.0764757180978311	0.0726726549752656	-1.05233141852131	0.29264752169368	0.487566699946324
B9J08_04502	1042.08834297403	-0.111193539229756	0.105808475773503	-1.05089444316144	0.293307072836696	0.488200837421784
B9J08_01820	352.87171408615	-0.156581202086371	0.149009579407923	-1.05081299275209	0.293344487258503	0.488200837421784
B9J08_01378	605.745281064404	0.12631591607661	0.12028759432114	1.0501159058795	0.293664826611075	0.488586844274356
B9J08_02540	159.559683646438	-0.22465134569159	0.214038034415626	-1.04958609952171	0.293908450759343	0.488845021771559
B9J08_01911	306.571049815025	0.174343060228235	0.166152140738067	1.0492977066307	0.294041121211373	0.488918555034675
B9J08_05295	988.331181220881	-0.107658396791906	0.10264091951355	-1.04888379120273	0.294231606434186	0.489088146996014
B9J08_02224	12.8666226133812	0.773628021855606	0.738041996089786	1.04821680331791	0.294538730462898	0.489451462197365
B9J08_01703	24.6750507307168	-0.546697890292123	0.522121905228076	-1.04706943879957	0.2950675532958	0.49018285754911
B9J08_02600	30.8678847214786	0.501231986419505	0.478793384400754	1.04686489569365	0.295161894426488	0.490192244740145
B9J08_03032	2605.47490602418	-0.0857215921630386	0.0820435721747321	-1.04483008102662	0.296101509410705	0.491604999252918
B9J08_02325	5090.59292323559	-0.0775983631414104	0.0743199194385378	-1.04411258418524	0.296433304312504	0.492008069950513
B9J08_00401	3201.29306194744	0.0806985514876621	0.0773767721377579	1.04292992920395	0.296980746860014	0.492768714468717
B9J08_03012	0.938964626253378	-3.17530674503409	3.04600761906578	-1.04244872046905	0.297203688329961	0.492990631872657
B9J08_04971	16450.2701431218	0.0657094913482534	0.0630911107490111	1.04150157713436	0.297642821617617	0.493570919616132
B9J08_02419	23107.1580273306	0.0651720930632174	0.0626612815424221	1.04006958458223	0.298307573251679	0.49422840448502
B9J08_01841	353.77778098922	-0.157296295945659	0.151192460813308	-1.04037129298324	0.298167433470936	0.49422840448502
B9J08_01226	28169.094708923	-0.0661201509345462	0.063567312986323	-1.04015960134688	0.298265756986164	0.49422840448502
B9J08_03143	672.39698536766	-0.12551969280901	0.120834579279015	-1.03877295355311	0.298910342848744	0.495078652959247
B9J08_03965	1060.25649638128	0.112898089228147	0.10885451138604	1.03714662617672	0.299667528145724	0.496184070719418
B9J08_04328	3725.43589606048	-0.0772208608063562	0.0745344385170269	-1.03604269841941	0.300182222991031	0.496887435301417
B9J08_01319	1752.31516113038	-0.0881712749161264	0.085152858750237	-1.03544703266796	0.300460190609124	0.497198644759469
B9J08_04867	61.2729699523643	0.348891192639854	0.337139141503986	1.03485816296335	0.300735155423732	0.497504700397177
B9J08_04947	5.20688921932238	1.21853009897636	1.17825117448514	1.03418534635353	0.301049523279122	0.497595277588481
B9J08_03651	3763.48143602739	-0.0765936062500219	0.0740633835823401	-1.03416293646467	0.301059997875137	0.497595277588481
B9J08_01310	914.986747435004	-0.107522610175991	0.103969068359119	-1.03417883677286	0.301052565894261	0.497595277588481
B9J08_04596	24.6484863684654	0.56176552922934	0.543511747528869	1.03358488898071	0.301330266678586	0.497893089366979
B9J08_03578	392.543042948459	0.150159387062502	0.145530702983269	1.03180555019902	0.302163218706655	0.499120176267688
B9J08_02863	99.7088421988696	-0.292846289977054	0.283923844355745	-1.03142548890726	0.302341333080112	0.499265177153803
B9J08_04378	679.703404742108	-0.118756231970662	0.115167398930019	-1.0311618832585	0.302464911946408	0.499320062224552
B9J08_04487	1339.31167009416	-0.0974107037657505	0.09450849909668	-1.03070839868171	0.302677585052822	0.499372839578193
B9J08_04307	2524.43822473059	0.0821334247490797	0.0796838874404234	1.03074068531719	0.302662440127872	0.499372839578193
B9J08_05356	2289.3148697338	0.0844591500684875	0.0820211254504748	1.02972434972847	0.303139421771588	0.499836391447365
B9J08_04744	1723.16047989977	0.0903437507699801	0.0877259601522357	1.02984054678001	0.303084863454269	0.499836391447365
B9J08_03126	11.0294810526503	-0.816363441418603	0.793186087001379	-1.02922057610068	0.303376035479751	0.500077348075331
B9J08_01937	2780.58977786166	-0.0848019989602352	0.0824183932211543	-1.02892079845193	0.303516894063773	0.500160367766987
B9J08_04730	77.4678848043738	0.3199531657877	0.31117330350242	1.02821534555329	0.30384854151644	0.500517514380166
B9J08_03922	1100.00735243562	-0.103435732316829	0.100611116380419	-1.02807459094013	0.303914741859931	0.500517514380166
B9J08_04562	247.83427658154	-0.183269270728076	0.1787283204025	-1.02540699937956	0.305171186931088	0.502378801230342
B9J08_03327	4633.23006403984	0.081307396220868	0.0793168128244479	1.02509661351151	0.305317603280752	0.502378801230342
B9J08_00694	1306.1893122544	-0.104024610016324	0.10147637321343	-1.0251116266989	0.305310520133098	0.502378801230342
B9J08_01760	2426.66724675719	0.0819452469654424	0.0800909050950657	1.02315296434939	0.306235527979697	0.503739215221365
B9J08_04213	2352.22753358404	-0.0812296695121484	0.079467977790478	-1.02216857369034	0.30670112195396	0.504204967590582
B9J08_00327	2589.95554718224	0.0804399548921424	0.0786816242296071	1.02234741186079	0.306616500801303	0.504204967590582
B9J08_04847	22.4327880359993	0.556060327552813	0.544621740229387	1.02100281071888	0.307253107051846	0.504812105432685
B9J08_03302	3257.9674389894	-0.0809756233810606	0.079297921821654	-1.02115694233677	0.307180088503974	0.504812105432685
B9J08_01019	370.166199400681	-0.149417800354034	0.146414843910928	-1.02050991800348	0.307486687933325	0.505045742706534
B9J08_00428	25199.1900721106	-0.0635040394990178	0.0622576419132225	-1.02001999348984	0.307718978651611	0.505277122699778
B9J08_02299	2399.65037233089	0.104401510806279	0.102375879294007	1.01978621845537	0.307829860669753	0.505309070365823
B9J08_03809	913.279825876957	-0.107736793302313	0.105742639332383	-1.01885856058181	0.308270119399366	0.505731359430186
B9J08_02387	538.495193097795	-0.127831820124176	0.125461768630126	-1.01889062716019	0.308254893920832	0.505731359430186
B9J08_00715	3858.07491881271	-0.0751756439640239	0.0737992439638434	-1.01865059757055	0.308368874043773	0.505743254255173
B9J08_04018	1001.38528222248	-0.105662270864557	0.103779454649237	-1.01814247551871	0.308610252141221	0.505988983561118
B9J08_01814	732.526125336207	0.115119117945463	0.113104338305199	1.01781346030095	0.308766614023701	0.50609521818179
B9J08_00507	173.998225271062	-0.211190327072597	0.208009261319995	-1.01529290442365	0.309966225738378	0.50791085966677
B9J08_04732	172.577100290019	0.209234070452596	0.206235873156433	1.01453770990602	0.310326244974259	0.507930882554949
B9J08_02518	1202.87134996735	0.097858984051465	0.0964364466931764	1.01475103456284	0.310224520058876	0.507930882554949
B9J08_01990	6598.90682226265	-0.0679778613100138	0.067003405754969	-1.01454337349072	0.310323543981422	0.507930882554949
B9J08_00747	5361.1639079168	-0.0717015413684493	0.0706769940027929	-1.01449619328202	0.310346044940847	0.507930882554949
B9J08_04976	12822.3090137018	0.072219671701986	0.0712472412892633	1.01364867460306	0.310750422937838	0.508442151443882
B9J08_05320	364.966007704454	0.150158686496477	0.148195592976617	1.01324663898858	0.310942368393952	0.508605643715115
B9J08_02751	384.440865558697	-0.151229588326213	0.149404874810503	-1.01221321270825	0.311436120086232	0.50926255494574
B9J08_05176	1493.89380830551	0.0976942072440066	0.0966187375097705	1.01113106796834	0.311953702419146	0.509958034093648
B9J08_01395	3671.16302444601	0.0760378615485944	0.0752238160223808	1.01082164624527	0.312101800860376	0.510049276568687
B9J08_04758	146.334334115793	0.239448621261128	0.23700676904409	1.01030287964722	0.312350201933755	0.510153536077974
B9J08_02767	1076.14045805377	-0.102210707753339	0.101164535002294	-1.01034129945857	0.312331800905766	0.510153536077974
B9J08_04961	1112.72230663013	-0.0982988640288702	0.0973404222643256	-1.00984628731055	0.312568939846116	0.510359979476953
B9J08_01308	1554.84641280409	-0.0929293680312262	0.0921352418423754	-1.00861913609788	0.313157326313913	0.511169681788835
B9J08_01349	1254.76397733755	-0.0950808042307808	0.0943023188657478	-1.00825520914434	0.313331959737105	0.511303732349271
B9J08_01890	14.8462544097938	0.721037453555852	0.715670115942063	1.00749973695174	0.313694684066211	0.511744545110374
B9J08_00221	376.270005590309	-0.155776557349576	0.154656638053056	-1.00724132704951	0.313818817621595	0.511795988490574
B9J08_04964	1067.97880324653	0.100186582150616	0.099538164927565	1.00651425735569	0.314168256806779	0.51221473609766
B9J08_00756	1595.26205423059	0.087982035607886	0.0874461780873245	1.00612785523944	0.314354070810315	0.512366543606197
B9J08_04207	73254.7375896281	0.0774390967004377	0.0770970038576889	1.00443717428216	0.315167939339939	0.513541627574246
B9J08_05505	3620.62549780769	-0.0752282769477461	0.074976282397127	-1.00336099020333	0.315686718751609	0.514083822787314
B9J08_02131	1588.97780597749	-0.093909442558196	0.0935904457061393	-1.00340843394483	0.31566383647127	0.514083822787314
B9J08_04965	620.274007664364	0.125410402326621	0.125048486665549	1.00289420264669	0.31591191008318	0.514299006488876
B9J08_03805	1025.87207198412	0.101246608058248	0.101065198652457	1.00179497401884	0.316442625147985	0.514823250283312
B9J08_03560	8.6224863218978	-0.898019037045643	0.896495382323324	-1.00169956784202	0.316488715478273	0.514823250283312
B9J08_01605	4773.89282263769	-0.0719010900353005	0.0717827537263406	-1.00164853398368	0.316513371532964	0.514823250283312
B9J08_04987	1381.39673696375	-0.0942874357431572	0.0941557620427582	-1.00139846672729	0.316634205072694	0.514868270502142
B9J08_04355	1968.71487509645	0.106848203364416	0.106742646463942	1.00098889154401	0.316832178880865	0.515038662551336
B9J08_05547	390.824283132094	-0.143917444494052	0.143888775050408	-1.00019924725632	0.317214093463085	0.515231327559968
B9J08_04770	1212.69790492346	0.0951288196252683	0.0950774849313575	1.00053992481972	0.317049286402303	0.515231327559968
B9J08_02430	198.168739699273	-0.195042986831582	0.195010688082919	-1.00016562553048	0.317230361441392	0.515231327559968
B9J08_03471	191.456847847487	-0.198676538320606	0.1987244972854	-0.999758666065588	0.317427313449711	0.515399753653511
B9J08_03549	360.309726015758	0.147049814518603	0.147248047908513	0.998653745209354	0.317962454905157	0.516057347338174
B9J08_00045	1109.15132079086	0.0990051937489724	0.0991502555537828	0.998536949763768	0.318019056456273	0.516057347338174
B9J08_05480	1824.06956107824	0.0855182370590707	0.0856913310531882	0.997980029111578	0.318289042809886	0.516343862521351
B9J08_00742	425.833367367079	0.137005503090634	0.137370647095705	0.997341906638782	0.318598579048359	0.516694350469565
B9J08_03238	1370.17576586905	0.10924365780109	0.109660177575732	0.99620172259566	0.319152142615585	0.517440273463284
B9J08_03646	1420.06945375223	0.0924438022172434	0.0928494220386479	0.995631423303468	0.31942926106615	0.51758590616025
B9J08_02219	3486.65931007096	0.0761042661323098	0.076435047488507	0.995672386332369	0.319409351163763	0.51758590616025
B9J08_04647	10057.812995108	0.0669289737645155	0.0672402712983948	0.995370370644434	0.319556163654987	0.517639776237137
B9J08_04967	874.40578639583	-0.105090030816001	0.105601351247207	-0.995158012419652	0.319659419292408	0.517655320957849
B9J08_03059	44.641496222676	0.383526937047853	0.385917927689973	0.993804406402076	0.320318100485068	0.518570047270348
B9J08_04359	625.874010694991	0.117484142633865	0.11833717458709	0.992791513265365	0.320811566620382	0.519216845888976
B9J08_04660	6339.7683755091	0.0710728782129912	0.0717368947394293	0.990743723590908	0.321810735110172	0.520529099489002
B9J08_02107	5730.3421594846	-0.0692551415522412	0.0698932101260373	-0.99087080744116	0.32174866861982	0.520529099489002
B9J08_02538	563.722928852077	0.127118003788055	0.128556742163634	0.988808534259929	0.322756827944362	0.521906667070944
B9J08_04520	36051.8925901124	0.0718072557548035	0.0726959764018876	0.987774830312877	0.323262936972963	0.522133222783362
B9J08_03550	1880.11640469639	-0.0837393343070451	0.084838142472032	-0.987048182185871	0.323619018694349	0.522133222783362
B9J08_03533	4036.78709846729	-0.0750946586266757	0.0760070334183374	-0.98799617942408	0.323154519322189	0.522133222783362
B9J08_02761	5053.99138888329	-0.073935806161087	0.0748315194224502	-0.988030267616155	0.323137824900496	0.522133222783362
B9J08_02386	1698.76677405265	-0.0883574149370988	0.0895230502129461	-0.986979495525738	0.323652690656015	0.522133222783362
B9J08_01549	534.984002489952	-0.124484050562352	0.126032197135608	-0.987716261332886	0.323291628252291	0.522133222783362
B9J08_00802	1216.98287399418	0.0944915612268007	0.0956889941822171	0.987486199790791	0.323404344930692	0.522133222783362
B9J08_00399	1127.21473884366	-0.0963965565996282	0.0976467707107751	-0.987196564699001	0.323546285574832	0.522133222783362
B9J08_03529	756.492903812815	0.115903714239167	0.117482328074662	0.986562967712968	0.323856932163147	0.522217545588162
B9J08_03311	8711.70313436681	0.0651310603796408	0.0660231965225833	0.986487534837285	0.323893929125424	0.522217545588162
B9J08_04939	3377.72812671067	0.0808220497067664	0.0820140163088678	0.98546630617854	0.324395073960375	0.522632787888176
B9J08_03590	6259.73568418118	0.0665662052504649	0.0675535218505208	0.98538467613516	0.32443515383469	0.522632787888176
B9J08_01317	181.862989707652	-0.226385099101717	0.229675998802644	-0.985671555939306	0.32429431177188	0.522632787888176
B9J08_03819	3983.30011224446	0.0717438504724072	0.0728429839234326	0.984910922207954	0.324667827896984	0.522855211184916
B9J08_05402	6357.69782379049	0.0675276382953938	0.0686589055376562	0.983523372046151	0.32534991812355	0.523801047908204
B9J08_02303	2267.82499747174	0.0859721109313185	0.0876050754584136	0.981359932417725	0.326415277533385	0.525363202949045
B9J08_05423	58.0883350843269	0.335414880764947	0.341931709789196	0.98094113871958	0.326621768959566	0.525441534934503
B9J08_04887	4255.06628905724	0.0711137515084852	0.0725002744629964	0.980875617854124	0.326654082510395	0.525441534934503
B9J08_05115	1896.93082768668	0.0842464169465582	0.0860136649723218	0.979453869029621	0.327355771408912	0.526263917561681
B9J08_00841	599.722480225961	-0.118558308344303	0.121044902735369	-0.979457256481896	0.327354098406029	0.526263917561681
B9J08_03959	1105.81341999634	-0.099500056139234	0.101640331444341	-0.978942657164796	0.327608313552535	0.526308623316962
B9J08_01647	392.773365774027	-0.139182901123732	0.14215232260895	-0.97911098861616	0.327525142709022	0.526308623316962
B9J08_01013	2089.65984041329	0.0828501952682713	0.0846429901931055	0.978819333760018	0.327669255081177	0.526308623316962
B9J08_02190	903.630691947579	0.104716045435784	0.107052957195582	0.978170507186189	0.327990000574289	0.526670753391661
B9J08_04265	48459.0096238181	0.0594264723326645	0.0608135494192354	0.977191315096432	0.328474446829607	0.527295459665187
B9J08_02903	2964.63998989393	-0.0753419063313155	0.0771443000259183	-0.97663607429198	0.32874935314405	0.527430384565215
B9J08_01001	933.109260788829	0.100164818188258	0.102555947682208	0.976684633626915	0.328725304890541	0.527430384565215
B9J08_02992	14.8581413151838	0.649355703265249	0.665076752371964	0.976362052874881	0.328885079355368	0.527495018455346
B9J08_01504	5683.61436406302	0.0760594938174737	0.0779192955572925	0.976131692072969	0.328999208020447	0.527524984835803
B9J08_00335	1001.34416174377	-0.0983144110567341	0.100864119604479	-0.974721352273309	0.329698498443982	0.528492923694863
B9J08_05580	6329.33738411015	0.0668162195789184	0.0685693600723707	0.974432596547468	0.329841791173728	0.528569318590083
B9J08_04403	1299.41188459722	-0.0911545256472185	0.093633449206494	-0.973525235049191	0.330292324529915	0.52913787758749
B9J08_03058	108.442453706086	-0.262047045198981	0.269666907562391	-0.971743428096948	0.331178205980609	0.530403345249153
B9J08_02856	577.930634658878	0.11813287048694	0.121642195431205	0.971150430721634	0.331473373793269	0.530698510570324
B9J08_02485	763.512071398987	0.110706189719587	0.114014030796488	0.970987420988515	0.331554542608889	0.530698510570324
B9J08_04886	3915.97789060263	-0.0762158825288893	0.0785115999014461	-0.970759513556741	0.331668048024229	0.530726491438886
B9J08_03581	734.158261182831	0.112598561551121	0.116085057534008	0.969966022699646	0.33206342857176	0.530898053143221
B9J08_02800	1.6450470562575	-2.17425537315192	2.24109735639041	-0.970174440192039	0.331959548844292	0.530898053143221
B9J08_01151	6228.93905324666	0.067434677162878	0.0695203680503604	0.969998851473692	0.332047064616409	0.530898053143221
B9J08_03008	1.52876429867405	-2.25333026738724	2.3257988179336	-0.968841436332509	0.332624308820373	0.531640993305437
B9J08_04718	401.784948642579	-0.141403858697443	0.146090346670763	-0.967920618438385	0.333084016141476	0.531760646220085
B9J08_01916	700.374020142747	0.115115294567325	0.118871983955668	0.968397184405168	0.33284604510487	0.531760646220085
B9J08_01620	281.375549940168	-0.170940955360725	0.176606130820152	-0.967921977379167	0.333083337404511	0.531760646220085
B9J08_00384	59.8920640538572	-0.359548666701218	0.371416810059016	-0.968046294523094	0.333021249703598	0.531760646220085
B9J08_02926	114.942357369112	-0.244435813518074	0.252691751217968	-0.967328028476987	0.333380076375165	0.531943976922582
B9J08_01366	425.998067383328	0.137365260515352	0.142023470223318	0.967201127386613	0.333443498719428	0.531943976922582
B9J08_00066	2147.99233011227	0.0816333440939674	0.0844093196689186	0.967112925612486	0.333487584591415	0.531943976922582
B9J08_03707	797.359608110862	0.110616885659654	0.114459250135237	0.966430284393419	0.333828916177492	0.532181257488607
B9J08_03140	2664.76532357184	0.077165202230408	0.0798344250503437	0.966565515837906	0.333761280388496	0.532181257488607
B9J08_05238	2.25983256991129	-1.78542087689987	1.85088469167725	-0.964631068012099	0.334729632535674	0.533309506781397
B9J08_00753	995.598434508386	0.107556493086605	0.111485288388717	0.964759517969639	0.334665276576452	0.533309506781397
B9J08_03230	410.747650356341	-0.136254522808992	0.141333490126155	-0.964063950358623	0.335013864980502	0.533608539408425
B9J08_04389	1097.53916484155	0.10314212604384	0.107017521279063	0.963787282784116	0.335152583805607	0.533675693083719
B9J08_00396	1320.54985995205	-0.0968389097649854	0.100513594554451	-0.9634409175619	0.335326300599841	0.53379852056893
B9J08_05328	1714.1704477669	0.0895946148765668	0.0930503126845952	0.962862050558155	0.335616756281839	0.534107057866319
B9J08_03244	184.688658374855	-0.191443413145604	0.198907144820001	-0.962476301788198	0.335810401745079	0.534187075488939
B9J08_02254	394.080873927502	0.139156048068914	0.144596213011582	0.962376850476496	0.335860337854906	0.534187075488939
B9J08_03739	186.505955300048	0.193562339853058	0.201206871994621	0.962006605113531	0.336046286050278	0.534294930910091
B9J08_02673	2711.61840408825	-0.0792204015432211	0.0823619410875913	-0.961856902558559	0.336121489917566	0.534294930910091
B9J08_04345	586.971019745846	-0.123435909118053	0.128563895165941	-0.960113326986016	0.336998181846831	0.53551296817181
B9J08_01748	1992.97786350013	0.0818958724328711	0.0853128468818491	0.959947715099577	0.337081529992713	0.53551296817181
B9J08_02024	509.003064885843	-0.124210118251633	0.12946151614906	-0.959436610557068	0.337338839141681	0.535767748257491
B9J08_05527	3262.200809616	-0.0719595813958369	0.0750778571949904	-0.958466105511579	0.337827775039273	0.536390150141356
B9J08_04755	15234.6002490501	-0.068088905617681	0.0711290876490563	-0.95725824508849	0.338436925011327	0.537048775348149
B9J08_01633	685.917774477729	-0.110686401738378	0.115621555677272	-0.957316316062472	0.338407622444114	0.537048775348149
B9J08_02974	89.5602276545519	-0.268077809409705	0.280186662706649	-0.956782906152738	0.338676841897083	0.537251760589696
B9J08_01753	1248.67181074883	-0.0948532564121024	0.0991546153737473	-0.956619679825981	0.338759251973058	0.537251760589696
B9J08_02795	3031.94728109462	-0.0817988572337814	0.0855635355503788	-0.956001370298907	0.339071542184628	0.537284522263314
B9J08_01856	1194.57594201705	-0.0942409146845358	0.0985607200904112	-0.956171125759706	0.338985785235171	0.537284522263314
B9J08_00132	2.60163625158112	1.55382099603629	1.62514276547542	0.956113536020165	0.339014876821063	0.537284522263314
B9J08_03740	2.37611532749474	-1.68351725089739	1.76349133827489	-0.954650138823063	0.339754652697799	0.538212658486883
B9J08_01834	1070.7090333837	0.100336302794113	0.105165469274231	0.954080303036295	0.340042995594257	0.538515082134515
B9J08_05213	3962.86002140981	-0.0770675588203641	0.0808032047668028	-0.953768591762917	0.340200791123282	0.538610648106096
B9J08_04693	672.047637688187	-0.113996560781042	0.11957025716261	-0.953385595098386	0.340394737224287	0.538705416471487
B9J08_02597	1138.18157322819	0.0942019497754154	0.0988202692295783	0.953265463753861	0.340455585260522	0.538705416471487
B9J08_03686	619.647697936976	0.11442092455842	0.120138515681779	0.952408342229696	0.340889930314324	0.53923830705417
B9J08_05433	2041.71531638035	0.218768341968958	0.230040522710881	0.9509991517621	0.341604806464083	0.539461524889108
B9J08_03765	32.7589346608095	-0.439330032530612	0.462148609794104	-0.950625022384773	0.34179476171076	0.539461524889108
B9J08_03573	1424.99753441599	0.0877684287813751	0.0923274386326101	0.95062128963226	0.341796657267056	0.539461524889108
B9J08_02890	2095.82144379489	-0.0799941916294031	0.0840855068063068	-0.95134339635571	0.341430084194336	0.539461524889108
B9J08_01948	6032.74731569227	-0.0644481842472042	0.0677414682780049	-0.951384519489815	0.341409215862351	0.539461524889108
B9J08_01705	2123.10000676646	-0.0792940587398935	0.0833465740431907	-0.951377541910754	0.341412756644793	0.539461524889108
B9J08_01050	505.714699257302	0.122244309728345	0.128483357739334	0.951440808204538	0.341380652933444	0.539461524889108
B9J08_00631	100211.358393165	0.058584400226121	0.0616294293793499	0.950591313534874	0.341811879891741	0.539461524889108
B9J08_03242	290.480481035272	0.160375511713039	0.168829457821562	0.94992611942486	0.342149793992787	0.539840682671462
B9J08_02266	221.167015131695	-0.173134876071937	0.182303235136879	-0.949708193285444	0.342260545445653	0.539861311266588
B9J08_04904	3585.98048542939	-0.0745114310807246	0.0785107858179803	-0.949059805024398	0.342590196057598	0.540227108020069
B9J08_00210	1637.38279649908	0.0892528812909618	0.0940680325416076	0.948812034008302	0.34271622025796	0.540271691205289
B9J08_04777	1250.78840964121	-0.0898986413980711	0.0948412413469114	-0.947885541367376	0.343187726355883	0.540720490132011
B9J08_01629	8060.14497348938	0.0772369964398307	0.0814849573151011	0.947868158550497	0.34319657669316	0.540720490132011
B9J08_04250	4828.48717849017	-0.0661577661047209	0.069875498875141	-0.946794901928883	0.343743300091988	0.541326132421835
B9J08_00251	271.031274147075	-0.163378100437548	0.172571128382842	-0.94672905003611	0.343776863542725	0.541326132421835
B9J08_00840	1680.19800683964	0.0845860239492183	0.0893861003364803	0.946299521187378	0.343995837522176	0.541516660206514
B9J08_02658	5046.98045830193	0.0675231967604781	0.0714153914264879	0.945499218190014	0.344404069766371	0.542004924145425
B9J08_02460	18.0719976119737	0.581599332083908	0.615324803551706	0.945190781725145	0.344561484814539	0.542098299621393
B9J08_04269	832.206777769084	-0.103182583985514	0.109261260674041	-0.944365673148673	0.344982816628661	0.54260672382089
B9J08_02424	1070.50559825021	-0.100370975488997	0.106328668635459	-0.943969079807749	0.345185449141065	0.542715020501166
B9J08_01459	71.9908284017563	-0.320007884954415	0.339046508289386	-0.943846573052683	0.345248057188728	0.542715020501166
B9J08_05472	959.990013054573	-0.0960474242836832	0.101810003621752	-0.94339869233795	0.345477011792059	0.542920512986839
B9J08_05436	2628.83069892895	-0.0756272583764398	0.080247091649219	-0.942429897734193	0.345972586235403	0.543081648430296
B9J08_04715	4.47370000056507	-1.16860460455827	1.23956056193661	-0.942757167695392	0.345805124854549	0.543081648430296
B9J08_02921	2320.16634540747	0.0749630465918282	0.0795342502182356	0.942525344567097	0.345923741530232	0.543081648430296
B9J08_00852	4072.28688992593	-0.0696082777704325	0.0738301199642815	-0.942816804362616	0.345774614820839	0.543081648430296
B9J08_03231	557.437668427587	-0.136857388315004	0.145281117668249	-0.942017727503442	0.346183563892108	0.543258534250903
B9J08_04377	0.714123574923378	3.1614461200408	3.35922857740089	0.941122655751778	0.346642006593967	0.543669231113751
B9J08_01424	0.714123574923378	3.1614461200408	3.35922857740089	0.941122655751778	0.346642006593967	0.543669231113751
B9J08_04459	12267.1036221432	-0.0654677693319194	0.0695831348792798	-0.94085685339558	0.346778221087098	0.543728575304508
B9J08_05172	1.62150228978807	-2.14954243293264	2.28647016741426	-0.940113920385645	0.347159129188468	0.544171442718282
B9J08_03313	332.624879189208	0.143515917803816	0.152716761790215	0.939752232312011	0.347344666076212	0.544307901730429
B9J08_02420	3758.01777498125	0.0775224104606941	0.0825567567472645	0.939019572898409	0.34772069522149	0.544742710456116
B9J08_01208	2565.66586029512	-0.0734660100121873	0.0783924386752269	-0.937156838767966	0.348677887739073	0.545951436777775
B9J08_00854	1017.86110043051	0.102458901641315	0.109332217926345	0.937133660915388	0.348689808544517	0.545951436777775
B9J08_02135	803.687227470134	0.106498630305637	0.113727454956554	0.936437295166078	0.349048083295585	0.546202932155917
B9J08_00656	3752.47531140135	0.0710850794505561	0.075905902959535	0.936489478143104	0.349021227459903	0.546202932155917
B9J08_00398	7616.05257146884	0.0649513433293933	0.0694064352806293	0.935811543508569	0.349370227008779	0.546552291162616
B9J08_04330	4847.45964959414	-0.0692760179542652	0.0740603549103411	-0.935399486515182	0.349582461441803	0.546602278278375
B9J08_00328	721.196201867801	-0.106204720559661	0.113543552001941	-0.935365493567139	0.349599973532487	0.546602278278375
B9J08_00471	2294.58441283045	0.0748036955149268	0.0800829787743714	0.934077336529667	0.350264001587084	0.547485615602889
B9J08_01158	522.110263562652	-0.121685196815551	0.130316536205063	-0.933766353519939	0.350424429053876	0.547581515233467
B9J08_04530	3590.7158205839	0.0700542067183658	0.0752508614145515	0.930942256360924	0.351883434573568	0.549395407595511
B9J08_02760	1396.494186503	-0.0875519150246783	0.0940368863124049	-0.931038004957092	0.351833905328621	0.549395407595511
B9J08_01216	389.712633171414	0.133829721954106	0.143719894834611	0.931184385488968	0.351758193513082	0.549395407595511
B9J08_02514	902.417471777262	-0.102837643799958	0.110588619002128	-0.929911637634056	0.352416836965543	0.550072820646302
B9J08_04691	1786.65725097547	0.0792590951721641	0.0853344374464916	0.928805503895927	0.352989891599393	0.550683732998256
B9J08_01751	897.912719818264	0.0974350007792646	0.10490739408675	0.92877152871316	0.353007502444875	0.550683732998256
B9J08_04988	4195.86394551119	0.0682570185768559	0.0735324706609924	0.928256836242346	0.353274358376422	0.550944519962327
B9J08_04665	4293.46630087917	0.0703636127911146	0.0758581594875684	0.927568151750976	0.353631624550616	0.551346118163965
B9J08_02019	4027.53184542889	0.071985038137058	0.077671703204944	0.926785884263653	0.354037715346538	0.55182359072767
B9J08_04495	21.2801428804579	-0.522687048297609	0.564402048332453	-0.926089920902852	0.354399251507618	0.552231368221766
B9J08_00237	903.53786667875	-0.121493871101873	0.131281158733708	-0.925447888133831	0.354732978729082	0.55259559566957
B9J08_00990	933.389621113859	0.10477651534174	0.113372000669968	0.924183349703332	0.355390863062449	0.5534644407287
B9J08_04028	47569.5103416066	-0.0567309966309075	0.0614222779093286	-0.923622479691385	0.355682905614677	0.553763216713329
B9J08_05003	95.4164804985901	0.263746836824279	0.285812206719846	0.922797664421675	0.356112658204397	0.554242672102059
B9J08_03499	552.803518681019	-0.114759805252843	0.124381110929797	-0.922646569040661	0.356191418727431	0.554242672102059
B9J08_05183	24.6312612328557	-0.484072205838396	0.525775857591514	-0.920681691350084	0.357216637716967	0.555681496386624
B9J08_00903	1124.85526744533	-0.0891735705618453	0.0969099854767561	-0.92016906331323	0.357484418243962	0.55594158121395
B9J08_05324	440.911943547167	-0.125686089175898	0.136772484683993	-0.91894279369341	0.358125494936854	0.556781887627565
B9J08_00485	2.00709546931897	1.76728548785293	1.9255748237124	0.917796320397305	0.358725509020382	0.557557898862668
B9J08_05060	592.108944784834	-0.115901940717121	0.126428497886193	-0.916739047405687	0.359279399435615	0.558261805083116
B9J08_03857	166.925513612995	0.193429912303264	0.211326433749449	0.915313379738364	0.360027137057231	0.559266438031286
B9J08_04509	8353.15373878961	-0.0600449885146966	0.0657293384465645	-0.913518832439047	0.360969733542772	0.560573115282636
B9J08_01003	157.82311062952	-0.197752998560571	0.216595543141815	-0.913005852715506	0.36123946339518	0.560834414096955
B9J08_03963	179.053889216695	0.182199050122514	0.199602420831044	0.912809821463733	0.361342571951896	0.560836954557184
B9J08_01039	4.50577694347037	1.25542755312544	1.37691213491901	0.91177027298062	0.361889662224881	0.561528400650455
B9J08_02463	672.279324169593	0.106403733832706	0.116725055123123	0.911575785682601	0.361992073994736	0.561529664038425
B9J08_02487	1426.29766425051	0.0834409647763606	0.09155463507378	0.911378923733562	0.36209575468392	0.561532894539289
B9J08_04659	35227.5161218128	-0.0642518090334213	0.0706382476751887	-0.909589509197147	0.363039033248022	0.562810162608102
B9J08_04583	1456.18675149973	-0.083017197418928	0.0913042124887032	-0.909237319463211	0.363224868829944	0.562810162608102
B9J08_00568	771.77715298256	0.0997621712708356	0.109717757699203	0.909261849338359	0.363211923527037	0.562810162608102
B9J08_04890	183.407200587763	-0.181692240880639	0.199974309209023	-0.908577914829677	0.363572968718079	0.563191647450904
B9J08_02546	2808.24163328282	0.0693599528430354	0.0764241287540942	0.907566157099562	0.364107481504662	0.563861599965331
B9J08_04578	2494.74555858953	0.0732749394472608	0.0808430192977212	0.906385487377836	0.364731851530804	0.564512165614884
B9J08_00646	654.643234834415	-0.110712830253884	0.122135893395877	-0.906472513326055	0.364685807035852	0.564512165614884
B9J08_01783	3012.99373234999	-0.0692912242978831	0.076668925582485	-0.903771948953888	0.366116338807845	0.566496361867569
B9J08_04340	65197.5993341386	0.0621272956873049	0.0687761738652332	0.903325849574638	0.366352981195748	0.566703869876546
B9J08_00145	1022.8467760361	0.0951439637478574	0.105380943548256	0.902857390950285	0.366601587165185	0.566929762804134
B9J08_01132	3426.58070661049	-0.0709633873642515	0.0786171944043458	-0.902644617401009	0.366714538539518	0.56694580545676
B9J08_04683	1645.99935517149	0.0903171352142933	0.100177112741655	0.901574548741591	0.367282916079859	0.567507038628286
B9J08_01539	9219.33934591763	0.0617855801832416	0.06852583550567	0.901639209902509	0.367248555090478	0.567507038628286
B9J08_03000	1212.96629286064	0.0864684425789416	0.0959412600754496	0.901264403979493	0.367447755085372	0.567603058232771
B9J08_01510	255.015669006621	-0.166854529869833	0.185419739957	-0.899874683831009	0.368186944022547	0.568585984803749
B9J08_01636	4083.33881105333	-0.0737220315433722	0.0820678087323953	-0.898306323539881	0.369022262208115	0.56971677185035
B9J08_03834	1853.08417920792	0.075372912967234	0.0839897106489119	0.897406508307937	0.369502040935699	0.570138967127752
B9J08_01962	163.469378190808	0.194792013317992	0.217029757245806	0.897535968292922	0.36943298939637	0.570138967127752
B9J08_02147	5632.9291247825	0.0672775325185734	0.075007441950524	0.896944766666627	0.369748390642813	0.570359853497859
B9J08_04945	511.196039441873	0.114429464545514	0.127757431396466	0.895677560942879	0.370424998129142	0.571244130764444
B9J08_01328	741.89124903862	0.101778419413626	0.113665502824878	0.895420482768935	0.370562355330098	0.571296551718118
B9J08_01817	3973.29601728529	0.0651566431508711	0.0728769773844629	0.894063468180587	0.371287933955783	0.572255552418744
B9J08_05586	41.7710487639487	-0.361326220736325	0.405139753373112	-0.891855755274556	0.37247025236877	0.573305243837204
B9J08_04401	238.220748917335	-0.170862429256652	0.191516909079875	-0.892153231156166	0.372310806291723	0.573305243837204
B9J08_03592	310.726994076476	0.139695150560574	0.156669168046337	0.89165693737046	0.372576841687526	0.573305243837204
B9J08_02368	1049.63867337706	0.0887091227533116	0.0995125627491009	0.891436420715766	0.372695086142043	0.573305243837204
B9J08_01715	559.266634887956	-0.110792441892042	0.124168974917058	-0.8922715353497	0.372247407398929	0.573305243837204
B9J08_00858	616.536211732069	-0.11179457732467	0.125397135334315	-0.891524172594695	0.372648029437128	0.573305243837204
B9J08_00493	474.024759982513	-0.125978685064569	0.141302814783644	-0.891551136171359	0.372633571032284	0.573305243837204
B9J08_04948	1.99046745408746	1.76074859211767	1.97702230924282	0.890606334529435	0.373140399686393	0.573830547876097
B9J08_01824	1058.71009651354	0.087952815970739	0.0989149687331171	0.889175997295666	0.373908500513091	0.574851817061434
B9J08_03723	2985.98459317895	-0.0763395395131775	0.0859769255923487	-0.887907295907905	0.374590619855467	0.57574036594582
B9J08_00924	592.688498590987	0.112131755442825	0.126496735234367	0.886439916690912	0.37538051749545	0.57679402841183
B9J08_02358	996.333152468224	0.0889271899113023	0.100459593154543	0.885203564128516	0.376046850396945	0.577657293536386
B9J08_05589	11.8094978171405	-0.671489405171033	0.760735178964324	-0.882684834011763	0.377406578517783	0.579584928999107
B9J08_02727	1180.63361756836	0.0871610004235525	0.0989017553492526	0.881288710354635	0.37816157504926	0.580583062582572
B9J08_05144	7.63313212762778	-0.824129688839838	0.93664018818879	-0.879878633473419	0.378925060703262	0.581341055685852
B9J08_04763	324.692492788817	0.135524236618025	0.154040848940513	0.879794142593705	0.378970838363692	0.581341055685852
B9J08_02457	544.708955201352	0.110946658179218	0.126088019290387	0.879914355095884	0.378905707539582	0.581341055685852
B9J08_05024	1093.84849304752	0.0864791250682373	0.0983852668592906	0.878984504782801	0.379409677472207	0.581852743448637
B9J08_05228	108.279368162381	0.221802740322891	0.252461642761435	0.878560156294654	0.379639807218651	0.58204416490915
B9J08_04602	1152.31596269972	-0.0842080917281544	0.0959940540014363	-0.877221955089994	0.380366093223972	0.582995950429532
B9J08_04314	3.90600401985013	-1.18817422693897	1.35747933124505	-0.875279792178639	0.381421686619354	0.584290059414042
B9J08_03033	1229.73753224084	-0.0834555110079212	0.0953472700053298	-0.875279502006257	0.381421844466413	0.584290059414042
B9J08_01768	81.8176002576088	-0.270197732298721	0.30889659336704	-0.874719042231923	0.381726796425695	0.584595179785208
B9J08_02181	1969.880763514	-0.075255803343131	0.0862265625398873	-0.872768218126736	0.382789425977554	0.586060154398321
B9J08_02238	600.338996860086	-0.105065890167357	0.120605952553116	-0.871150121061274	0.383672190345762	0.587249015796463
B9J08_05353	587.460732509315	0.108962954955017	0.125238858432597	0.870041106400379	0.384277940419129	0.58785058862345
B9J08_03670	15922.6296555188	0.0608676152989942	0.069953408168615	0.870116508866581	0.384236736636469	0.58785058862345
B9J08_05468	646.686698363891	-0.110052532125393	0.126605703663393	-0.869254140540067	0.38470814033209	0.58802043462817
B9J08_03385	5219.94586941969	-0.0635755973772776	0.0731092289167636	-0.869597427291426	0.384520444233696	0.58802043462817
B9J08_00073	260.156445790399	-0.148260197342758	0.170553769069961	-0.86928713537806	0.384690097580122	0.58802043462817
B9J08_01194	259.717540690253	-0.14768928964373	0.170026868885267	-0.868623239444522	0.385053239054381	0.588385195535959
B9J08_03863	369.102723453812	-0.130370406966522	0.1501888784964	-0.868043015379777	0.38537078476591	0.588707663737198
B9J08_01594	439.738351113388	-0.120285166223589	0.138703682958987	-0.867209605812385	0.385827174046873	0.589241998053901
B9J08_03815	4434.5314772377	0.0627555320702102	0.0723963036680687	0.866833372570226	0.386033313890389	0.589393957423254
B9J08_01192	5037.68041329968	0.0612626515651763	0.0707773086184334	0.865569103445973	0.386726505050289	0.59012628200247
B9J08_00362	286.34758465389	-0.141660049418501	0.163636117666731	-0.865701603279374	0.386653820579661	0.59012628200247
B9J08_03876	9127.51037578805	0.0578247748217345	0.0669055467180085	0.864274752367731	0.387436976248769	0.590721149717779
B9J08_02891	2261.82726002271	0.0691171083856737	0.0799603346484185	0.864392435194	0.387372347104476	0.590721149717779
B9J08_02647	494.758374098411	-0.112137965932836	0.129739374875099	-0.864332559338994	0.387405228950716	0.590721149717779
B9J08_05399	55.3284205749338	-0.305961507428015	0.354256565061618	-0.863672088546326	0.387768050653905	0.590944399034684
B9J08_02704	221.230014689559	0.156853819006652	0.181623868801746	0.86361897277867	0.387797238157916	0.590944399034684
B9J08_02710	2119.69124804355	0.0706363605578141	0.0819154688858538	0.862307956220617	0.388518075688084	0.591879659406846
B9J08_01599	197.827413220707	0.181002043315687	0.21001151970282	0.861867213626265	0.388760592773203	0.592085917954669
B9J08_01741	832.718060613889	0.0959976845106821	0.111643609178884	0.859858304624201	0.389867154924787	0.593499980050277
B9J08_01532	448.149939483941	0.116697882199929	0.135728071364614	0.859791795659106	0.389903822609473	0.593499980050277
B9J08_05544	2322.42456400843	-0.0690511432862795	0.0803668692788454	-0.85919911906355	0.390230669325638	0.593833950815749
B9J08_04137	0.680678703220605	-2.71650071613961	3.16334999651264	-0.858741751350418	0.390483010296535	0.593890918522001
B9J08_02847	1096.81797986805	0.0896394245134487	0.10437725184227	0.858802305399909	0.390449595450437	0.593890918522001
B9J08_04161	573.147894842724	-0.110125913219042	0.128426879093682	-0.857498944116748	0.39116919810447	0.594280417241177
B9J08_02256	279.065936875267	-0.141651106015958	0.165150777711763	-0.857707774547577	0.391053845971837	0.594280417241177
B9J08_02187	2851.25075953824	0.0656683324330005	0.0765427497926852	0.857930145060924	0.390931037385739	0.594280417241177
B9J08_02047	1533.06705801122	0.0803928349954598	0.0937466959566798	0.857553796163751	0.391138897355956	0.594280417241177
B9J08_04681	641.339458941344	0.10516483165383	0.122716618642893	0.856973023025188	0.391459793836412	0.594558472254423
B9J08_02360	369.663530741791	-0.13366477381519	0.156270783681867	-0.855340778781158	0.392362518398841	0.595765834942416
B9J08_02783	802.993989155362	-0.0999105149110473	0.116903955974579	-0.854637587566095	0.392751812165815	0.596193151837534
B9J08_05002	13.4434109867305	0.60226787913095	0.705413497876929	0.853779919073827	0.393226942899095	0.59675049791414
B9J08_03518	66.8782645402441	-0.272271801120353	0.318994218040506	-0.853532088427321	0.393364300808438	0.596795083878188
B9J08_04576	353.691600518955	-0.13052630971468	0.15309774861126	-0.852568446621038	0.39389866676314	0.59744180329305
B9J08_03257	1901.14707069823	0.0734736255363208	0.0862499825169852	0.851868294835326	0.394287195724766	0.597867031761532
B9J08_03981	1462.20285169639	0.0787013090290739	0.0925487430361333	0.850376854911438	0.395115599864885	0.598958837206039
B9J08_04726	2153.83965755423	-0.0689571079221506	0.0811370472490881	-0.849884365528543	0.395389378675581	0.59905317935098
B9J08_00824	4945.66677141682	-0.063447989070508	0.0746556752458168	-0.849874960766137	0.395394607974014	0.59905317935098
B9J08_04463	8359.5733623971	0.057466892660654	0.0676585639231733	0.849366130884895	0.395677593244226	0.599317637122729
B9J08_05072	682.624366049087	0.0998596213395293	0.117602266461843	0.849130074988221	0.395808917054032	0.599352297139077
B9J08_02531	495.766300558762	-0.111559473244889	0.131450022531975	-0.848683561220023	0.396057395843538	0.599564291105788
B9J08_05424	3547.7309808613	-0.0649932897566952	0.0766455685483738	-0.847971917850353	0.396453610277753	0.59982078357733
B9J08_01777	32742.7846297757	-0.0540873517640846	0.0637977119447492	-0.847794538633705	0.396552405136885	0.59982078357733
B9J08_01488	1016.98710416282	0.0897282048373064	0.105809009432966	0.84802045986597	0.396426576432647	0.59982078357733
B9J08_04612	4361.6387365064	-0.0632443621554298	0.0747017347364601	-0.846625080107568	0.397204130025706	0.6004779066335
B9J08_02521	13.6480620005453	-0.592720247897335	0.699993239131238	-0.846751389531934	0.397133708230296	0.6004779066335
B9J08_04679	3397.57098648345	0.0649343855633554	0.0767636069763789	0.845900656848192	0.397608166054363	0.600924346125913
B9J08_02533	688.560955209173	-0.0984937485419379	0.116508579471051	-0.845377645054978	0.397900021861835	0.601201044513494
B9J08_04519	4.26250361047115	-1.06564657297912	1.26103499048053	-0.845057100733618	0.39807895872026	0.601303084710422
B9J08_02403	790.776455936581	0.0916967931825056	0.108547150959666	0.844764624145485	0.398242269675857	0.601303084710422
B9J08_01473	26942.7138293395	0.0541598396174976	0.0641193656364466	0.844672106155588	0.398293937601747	0.601303084710422
B9J08_01480	8569.88274644233	0.0620871694491864	0.0735292153253847	0.84438776035397	0.398452759645082	0.601378591632542
B9J08_05373	20701.5125926446	0.0525710448479561	0.062360347322776	0.84302039845688	0.39921703556674	0.602065145028913
B9J08_04754	416.858665689152	-0.121158092939633	0.143724358445788	-0.842989276486029	0.399234441203359	0.602065145028913
B9J08_00906	5855.2197489036	0.057594767726089	0.068316390618994	0.843059289348285	0.399195285634824	0.602065145028913
B9J08_04803	9621.01497547902	0.0601744872034192	0.0714066627135106	0.842701295883889	0.399395522257846	0.602143767462933
B9J08_04400	354.866486812456	-0.136169234198518	0.161647347043029	-0.842384590217068	0.399572715728014	0.602246632077648
B9J08_05122	434.242413686176	-0.116103655373024	0.138452604561137	-0.838580507322675	0.401704752915657	0.605282568797853
B9J08_03237	377.710129847213	-0.133536552559106	0.159320507291185	-0.83816298874222	0.40193917050591	0.605282568797853
B9J08_02041	20007.4370039259	0.0545897064002929	0.0651572217350369	0.837815133098875	0.402134538198971	0.605282568797853
B9J08_01113	231.98141383071	-0.157479639059908	0.187911879680645	-0.838050469866745	0.402002358744902	0.605282568797853
B9J08_00075	3824.39033693144	0.0608751521807256	0.0726509446733738	0.837912740906672	0.402079712549149	0.605282568797853
B9J08_02888	308.162256544499	-0.133581981078737	0.159545720328477	-0.837264583491901	0.402443862177288	0.605583236115946
B9J08_03131	674.451894215108	-0.0964936034503744	0.115360212897761	-0.836454796905524	0.402899096512115	0.606103240724675
B9J08_05180	140.791132334735	-0.18863350161988	0.225643213027076	-0.83598127809519	0.403165435524353	0.606252678587732
B9J08_01204	11.6689357264548	-0.639588970750932	0.765160921204691	-0.835888181199773	0.403217811921205	0.606252678587732
B9J08_03037	638.170422882066	-0.101860690962924	0.121918190108663	-0.83548394929532	0.403445280424028	0.606429715774708
B9J08_02699	373.27448075772	-0.121150268639763	0.145235451062969	-0.834164577264516	0.404188249199009	0.606996598435772
B9J08_01788	1608.6318545965	-0.0770309485838684	0.0923147641452796	-0.834438015382258	0.404034202675791	0.606996598435772
B9J08_01489	4640.46947709057	0.0589933364319364	0.0707172879527426	0.834213784772958	0.404160524627587	0.606996598435772
B9J08_01340	454.091440544694	0.111508769134908	0.133698077338607	0.834034201198703	0.404261711388109	0.606996598435772
B9J08_04606	1405.13636328856	0.0771171907985902	0.0925093247988645	0.83361532436065	0.404497787370321	0.607186113741381
B9J08_01871	1073.3173716411	0.0846473345588779	0.101625194050795	0.832936510965663	0.404880536794654	0.607595635857739
B9J08_00515	5.13295488483631	0.95923860776288	1.15223809247836	0.832500343483392	0.405126584381243	0.607799845785866
B9J08_02594	3110.9896274962	0.0637282679314782	0.0766519254396354	0.831398136002014	0.405748751733808	0.608438492054363
B9J08_02251	375.968608927142	-0.122656403869849	0.147537728725447	-0.831356188884403	0.405772441055253	0.608438492054363
B9J08_04548	378.824591106731	0.12321509024923	0.148320346553371	0.830736261831025	0.406122636545926	0.608798430211373
B9J08_00420	3511.30938469832	-0.0633508459440312	0.0762995506449441	-0.830291206285487	0.406374158734194	0.609010296996716
B9J08_01280	1542.01162259488	0.0777643182526656	0.0937646031634813	0.829356874865468	0.406902496549892	0.609636784611346
B9J08_01872	731.958772671949	0.0960038838254297	0.115788674993974	0.829130170376558	0.407030753233321	0.609663678352457
B9J08_03150	1040.62050727539	0.0818553570213873	0.0988942065227246	0.8277062924063	0.407836854705881	0.61049305099047
B9J08_01525	5008.94594174845	0.0640239374694725	0.0773527831441774	0.827687574603988	0.407847457765543	0.61049305099047
B9J08_00891	2004.37649858787	0.068176345574732	0.0823816759544916	0.827566868297184	0.407915838123359	0.61049305099047
B9J08_00217	1203.73238678359	0.07834838778467	0.0947339758507457	0.827035781841445	0.408216780777032	0.610778058298499
B9J08_00256	1601.01975381257	0.0770464921996482	0.0931843494945161	0.82681794333052	0.408340258238527	0.610797457993056
B9J08_02395	1037.44192984125	-0.0819026140625224	0.0991769660071166	-0.82582294417683	0.408904536658984	0.611476021134796
B9J08_02477	1577.88774548443	-0.0746105817115938	0.0903768039789817	-0.825550123778945	0.409059338091587	0.611542050752556
B9J08_00681	2153.54946942869	0.0680440263464196	0.082450870173264	0.825267534513953	0.40921971925631	0.611616384080483
B9J08_05181	1998.36483192635	-0.0693154813371591	0.0841132958052704	-0.824072825509424	0.409898179646644	0.612452422145965
B9J08_02484	1682.92321132067	0.0733017535399708	0.0889700600587849	0.823892368865868	0.410000716833738	0.612452422145965
B9J08_00194	841.425926000975	0.0959653457784171	0.116548879728955	0.823391404547117	0.410285449447829	0.612712153228358
B9J08_05283	4159.62682288247	0.0649618370071061	0.0790128178441957	0.82216833647426	0.410981096946252	0.613585230367892
B9J08_04776	1029.62217252715	0.0874794832278371	0.10651684051178	0.82127373293768	0.411490366041562	0.614179652474133
B9J08_01325	655.02511487937	0.1011219516999	0.123203232288119	0.820773528598829	0.411775279487436	0.614438976708169
B9J08_05149	258.274727556818	0.141349100276377	0.172493779044436	0.819444626115847	0.412532782757027	0.614842578250961
B9J08_05038	40.9834881935767	0.330493383083835	0.403757905021014	0.818543436484876	0.413046950071615	0.614842578250961
B9J08_04877	399.281383727938	-0.11654791169194	0.142123377027288	-0.820047441383009	0.412189062659572	0.614842578250961
B9J08_04711	736.64829315239	-0.0923229238646083	0.112733633667556	-0.818947468125287	0.412816385772146	0.614842578250961
B9J08_04222	1138.64600779161	-0.0831133272271185	0.10147683554311	-0.819037436300524	0.412765055004674	0.614842578250961
B9J08_02874	1246.12635293201	-0.0767447133332483	0.0937461421463137	-0.818643963113378	0.412989576516943	0.614842578250961
B9J08_01304	1427.72081114063	-0.0767274196646163	0.0937045915744139	-0.818822411745795	0.412887742172695	0.614842578250961
B9J08_00361	7742.51267010411	-0.0553450314546219	0.0675538641533595	-0.819272622643446	0.412630888806814	0.614842578250961
B9J08_00326	6469.20427790458	0.630065676679115	0.768749954859778	0.81959767632642	0.412445498751822	0.614842578250961
B9J08_00709	1239.92625130528	-0.0812661324016518	0.0993320241609046	-0.81812620942881	0.413285124494925	0.615031470943309
B9J08_01626	5479.37661527521	0.0609808185124332	0.0745690317387305	0.817776724339044	0.413484690940964	0.615162822834646
B9J08_04420	1945.8761057431	0.0677754624840707	0.0829486044128871	0.8170777912876	0.413883973741747	0.615425537495464
B9J08_02645	1392.94603804992	-0.0745472244406239	0.0912258096230206	-0.817172516732722	0.413829846124294	0.615425537495464
B9J08_03387	5940.67067719254	0.0572927310189322	0.0701483628913436	0.816736537496617	0.414079006287059	0.615549937533237
B9J08_02951	541.978966543322	-0.10256780065325	0.125624022348487	-0.816466458689896	0.414233399616901	0.615613874612156
B9J08_04910	257.37149470718	-0.145207365847759	0.177988562855461	-0.815824137900802	0.414600725683346	0.615663141013394
B9J08_01223	0.704223469690034	-2.76003602117968	3.38270267173139	-0.81592628410554	0.414542298126987	0.615663141013394
B9J08_00907	1394.66330300292	-0.075965988529588	0.0930789130949146	-0.816146063632306	0.414416600904253	0.615663141013394
B9J08_00160	361.773700980936	-0.120416807416838	0.147678272961401	-0.815399618387409	0.414843602709393	0.615858337946499
B9J08_03207	0.568820374396272	2.78826001232806	3.42215312488789	0.814767753099711	0.415205262568159	0.616104025344483
B9J08_02507	760.189019485002	0.0909128156899043	0.111587669855832	0.814720979543358	0.415232041687751	0.616104025344483
B9J08_03450	1325.30400272805	0.0849942286332741	0.104491663143697	0.813406793194497	0.415984865805035	0.6170553819926
B9J08_01275	2270.66743291708	0.0667054861050965	0.0820977116199293	0.812513342806788	0.416497133539512	0.617649492104343
B9J08_04497	245.886941636404	0.140445415498627	0.173059931416567	0.811542073020732	0.41705444173935	0.618144247651754
B9J08_01144	53.3166852002414	-0.303229862019287	0.373564234974614	-0.811720806302276	0.416951852761628	0.618144247651754
B9J08_02875	2579.67452014373	-0.069161316805344	0.0852624980246645	-0.811157524206448	0.417275214763456	0.618305660052982
B9J08_03410	479.789307562267	0.130861594996636	0.161380988675569	0.810886065766472	0.417431103031851	0.618370867450292
B9J08_00806	991.302992693109	0.0836789806940995	0.103268747257101	0.810303048276262	0.417766023823431	0.618701182655976
B9J08_01230	17453.3362131743	0.0587914289350609	0.0726061341209408	0.809730880825185	0.418094865561725	0.619022320374941
B9J08_03913	2658.15970615877	0.0663466259711568	0.0820000354806156	0.809104844678278	0.418454841832783	0.619389370864968
B9J08_03843	57.3129068302249	-0.280590580110379	0.347180836350596	-0.808197200801221	0.418977068902612	0.619895883736004
B9J08_01156	412.870173146682	0.112195374053971	0.138834996638473	0.808120263409719	0.419021353652562	0.619895883736004
B9J08_04370	6892.53147014724	-0.0564752179885874	0.0699349168727507	-0.80753964563004	0.41935564292351	0.620224414888477
B9J08_04831	607.798149160718	-0.101063076880603	0.125210045318296	-0.807148313249873	0.419581040031418	0.620391762507664
B9J08_05594	5.62236524827229	0.874934438099686	1.08680248037656	0.805053773705533	0.420788649643535	0.62201092981541
B9J08_03762	3242.18003758253	-0.066311998861005	0.0824041640195949	-0.804716602006139	0.420983236934132	0.62213217928742
B9J08_04575	625.694858095151	-0.0970449516382176	0.120624865672958	-0.804518629693892	0.42109751459134	0.62213471348472
B9J08_03751	986.028815528127	0.0823757993319989	0.10246057142742	0.803975599436822	0.421411067142334	0.622316760955823
B9J08_03103	2828.36502323051	0.0639265634689005	0.0795190339819071	0.80391524227326	0.421445926589044	0.622316760955823
B9J08_04636	35.9089640216763	0.345860314082482	0.43043276894669	0.803517620019579	0.421675616695555	0.62242218050248
B9J08_02241	449.159689684269	-0.112045397960371	0.139463716960468	-0.803401776478756	0.421742548576405	0.62242218050248
B9J08_04079	556.415621149131	-0.103369905836594	0.128773087440693	-0.802729109715582	0.42213132391593	0.622829638890375
B9J08_03898	4055.82274337427	-0.0576993525375333	0.0719898054211016	-0.801493380903354	0.422846074469789	0.62371770845864
B9J08_04402	654.409531194312	-0.252006831081037	0.314793907897424	-0.800545451353377	0.42339484082397	0.624193994460945
B9J08_02201	619.421898188642	0.0989351013319262	0.123569469139366	0.800643573376071	0.423338017623901	0.624193994460945
B9J08_05094	870.107015534319	-0.0879047040793826	0.109864485870031	-0.800119377824908	0.423641634974657	0.624391284401315
B9J08_05142	2196.31187171548	0.0693490833028588	0.0867100514469093	0.799781364970355	0.423837481686983	0.624513399435871
B9J08_03218	3015.10383739033	0.0612326186260364	0.0766448201075597	0.798913984534186	0.424340289472064	0.624980434124738
B9J08_01896	730.808089104317	0.0891032125809917	0.111540125106135	0.798844474095815	0.424380598746181	0.624980434124738
B9J08_01802	2654.89995547983	-0.0637907287989991	0.0798965671344723	-0.798416391177786	0.424628894420495	0.62517951504051
B9J08_01575	972.296875115428	0.0822196658391051	0.103044158068503	0.797907104878726	0.42492440005	0.625447978449094
B9J08_02265	1631.7311038137	-0.0717610446972962	0.0900779831593653	-0.796654656114326	0.425651625215141	0.626184863605027
B9J08_01979	68777.6692645399	0.0515402188412078	0.0646802560639637	0.796846239913438	0.425540336449587	0.626184863605027
B9J08_00977	4195.27440609338	-0.059283190302834	0.0744768505730797	-0.795994860774395	0.426035022510482	0.62658211000943
B9J08_01222	358.002538417054	-0.120705332658754	0.151745747965804	-0.795444579349631	0.426354936934483	0.626885803787413
B9J08_00238	1330.48816338489	0.0771311632728147	0.0971037515442811	0.79431702736677	0.427010893815696	0.627683300563657
B9J08_05221	205.787650582896	0.150106735929229	0.189061056064592	0.793959047165934	0.427219272852613	0.62782263255953
B9J08_04246	527.068436715396	-0.105538480115977	0.133111111946724	-0.792860029283036	0.427859377392943	0.628262162287672
B9J08_03952	2728.40363298068	-0.0632596984954492	0.0797839412731607	-0.79288760978683	0.427843306763636	0.628262162287672
B9J08_02345	1.41030589969416	-1.88521685098941	2.37710838161963	-0.793071475228626	0.427736180886494	0.628262162287672
B9J08_03300	86.7167775968251	-0.22249508383972	0.2808068533799	-0.792342071290933	0.428161246823093	0.628538435907366
B9J08_00940	1596.43495472755	-0.0698674909505135	0.0883143568201829	-0.791122683402099	0.428872403542713	0.629415234832867
B9J08_04235	1726.38517861439	0.067984776510922	0.0860500086098857	0.790061240076525	0.429492004524816	0.629655784882933
B9J08_02809	12.5446006900883	-0.612022951637454	0.774441053785609	-0.790276998676367	0.42936601670711	0.629655784882933
B9J08_00291	4558.1516637522	-0.056969858614367	0.0721079886797532	-0.790063065929937	0.429490938264979	0.629655784882933
B9J08_00141	263.862354073665	0.140160803105138	0.17739968442234	0.790084850272075	0.429478216787834	0.629655784882933
B9J08_02496	1748.91888811707	0.0677983447557115	0.0859166790467123	0.789117381025052	0.430043404161023	0.63016829491628
B9J08_01108	995.495535167731	-0.0810948365094945	0.102772349416635	-0.789072517752212	0.430069623380534	0.63016829491628
B9J08_03688	1027.86540548188	0.0837896934963842	0.106508646926452	0.786693812327221	0.431461127159436	0.632039663347522
B9J08_02207	1323.9730875803	0.0788659400321876	0.100345959246442	0.785940366950887	0.43190242405336	0.632518467870409
B9J08_04309	2310.33105781868	0.0714462890740919	0.0909660440009805	0.785417128542182	0.432209041327018	0.632737783061446
B9J08_03900	198.232197345757	0.150851437243561	0.192121478497	0.785187780271617	0.432343478954392	0.632737783061446
B9J08_03038	692.419051163702	0.0916123992122084	0.116718029769296	0.784903578249983	0.432510103927292	0.632737783061446
B9J08_00261	443.096569883608	0.107724732857974	0.137218650471136	0.785058973310873	0.432418992657956	0.632737783061446
B9J08_00810	1496.33048850686	0.0698860466402357	0.0891190629266456	0.784187404413793	0.432930154766893	0.633184695791642
B9J08_05229	10.1901164748725	0.653422780903324	0.833460541982566	0.783987661070333	0.433047350477429	0.633188546584325
B9J08_04390	3264.28719653947	0.060377102680529	0.0770798227129502	0.783306195518597	0.433447325894511	0.63360575779396
B9J08_04085	392.440500009775	-0.11182642167465	0.142825780051443	-0.782956841785652	0.433652456346513	0.633738002704171
B9J08_00442	32.1598416099456	-0.356805754912396	0.45597670047056	-0.782508743416449	0.433915648954587	0.633955007076924
B9J08_03078	2632.54561193378	0.0636837748310793	0.0814569712166843	0.781808774373327	0.434326963643232	0.634388247372131
B9J08_01261	1614.10187686182	-0.0759765231730009	0.0972654610847007	-0.781125410044981	0.434728738298603	0.634639655725403
B9J08_01241	1149.72125222526	0.0846092593388051	0.10829369277164	0.781294433436872	0.434629343349861	0.634639655725403
B9J08_04304	319.503353892887	-0.120842668250486	0.154829242468337	-0.780489953473738	0.435102538739006	0.634849981945747
B9J08_00159	1173.18259151127	0.0751606474895305	0.0962871139423662	0.780588849454132	0.435044352064785	0.634849981945747
B9J08_03132	1906.35774855604	-0.0672205186038141	0.0862271810188784	-0.779574582046199	0.435641322001132	0.635336547013465
B9J08_00762	907.581343700724	-0.0840969150242938	0.107881173732624	-0.77953281480532	0.435665915176594	0.635336547013465
B9J08_03526	6995.11814203971	-0.061264587573856	0.0786665732266672	-0.778788055217942	0.436104575170361	0.635808490363119
B9J08_04950	345.685601349553	-0.119258728913786	0.153299644391279	-0.777945241734499	0.436601295423239	0.636296801348214
B9J08_03591	6.11869236294619	0.802587265001549	1.03208886940317	0.777633873200922	0.436784885890198	0.636296801348214
B9J08_02319	110.932319265615	-0.194475263065851	0.250051112467406	-0.777742043004109	0.436721101301084	0.636296801348214
B9J08_00147	2309.43491877482	-0.0629457081406376	0.0810441275592045	-0.776684382155319	0.437345003386852	0.636944883720457
B9J08_02623	1898.63088434111	0.0653759041984364	0.0842989998350996	0.775524078889675	0.438030042833234	0.637453387088066
B9J08_01864	238.641576244183	-0.138293796577902	0.178295687747708	-0.775642968850658	0.437959822205266	0.637453387088066
B9J08_01184	2282.56995849726	-0.0646699351185823	0.0833905293468026	-0.775506950551117	0.438040159971137	0.637453387088066
B9J08_00050	463.578400403427	0.111573799908169	0.144022074993964	0.774699294624419	0.438517367919205	0.637979861144892
B9J08_00974	176.288261803232	0.15923133607447	0.205612744776892	0.774423473833057	0.438680406575077	0.638049107142224
B9J08_05116	910.875429865643	-0.0812433387037712	0.105169658376877	-0.772497885394235	0.439819598846416	0.639537732918743
B9J08_01361	2392.37879218732	-0.0697089135724533	0.0902714173511282	-0.772214678997528	0.439987288920994	0.639613294546642
B9J08_04940	743.074433271756	0.0859749069378949	0.111368125714884	0.771988451686807	0.440121267312071	0.639639822359668
B9J08_02133	11697.5154948953	0.0546504668185485	0.0708233064920144	0.771645232699077	0.440324576256945	0.639755010003379
B9J08_01004	12473.0541183696	0.0489549822935967	0.0634572581890988	0.771463874907955	0.440432026969939	0.639755010003379
B9J08_04771	1253.96950124715	-0.0753420095377198	0.097712889801913	-0.771054972281096	0.440674348419049	0.639914484153666
B9J08_02920	1328.14611961161	-0.071706903404401	0.0930185862077622	-0.770887908834044	0.440773374556361	0.639914484153666
B9J08_02756	2298.78494995111	-0.0664398147118738	0.086218334415422	-0.770599608103652	0.440944293565481	0.639994514321537
B9J08_04794	4076.01176490817	-0.0555385211438279	0.0721171001228359	-0.770115840060541	0.441231180641198	0.640242776425283
B9J08_01961	20.5828546140957	0.466339352152214	0.605919024491501	0.769639726271304	0.441513632922814	0.640484474846297
B9J08_04649	5116.22873315975	-0.0534349236796034	0.0694501229099309	-0.769399987223961	0.441655896180771	0.640522733715855
B9J08_04496	28.5526129759116	-0.378316506415765	0.492695877898682	-0.767849952447871	0.442576333662017	0.641016613246846
B9J08_03779	10.0198274331122	0.655703635019767	0.853780381935449	0.768000353361765	0.442486974961311	0.641016613246846
B9J08_03588	4038.42664702726	-0.0580988586118599	0.0756610912675424	-0.767882905711982	0.442556754035945	0.641016613246846
B9J08_03438	2545.703578489	0.0598754098187661	0.0779354958425337	0.768268799363804	0.442327506994594	0.641016613246846
B9J08_01949	3980.1717493441	0.0569676829347949	0.074158524553342	0.768187922803376	0.44237554753695	0.641016613246846
B9J08_03358	1208.97682262286	0.0795414254022674	0.103851896267478	0.76591211389538	0.44372859745974	0.642348862797272
B9J08_02522	3.95856922926321	-1.00992473496144	1.3183286905735	-0.766064443702663	0.443637958188154	0.642348862797272
B9J08_04958	113.150836870447	0.193591993534723	0.253009769489407	0.765156199009257	0.444178538319107	0.642365276851958
B9J08_04465	2398.96443300135	-0.0607715969391365	0.0794132583947718	-0.765257567408132	0.444118186007236	0.642365276851958
B9J08_02683	1808.42666727671	-0.0678012161302132	0.0885881435808137	-0.765353165667843	0.44406127338712	0.642365276851958
B9J08_01999	589.660743053628	-0.0963987845134596	0.125993029757637	-0.765112043887619	0.444204828682501	0.642365276851958
B9J08_05578	3759.59563772782	-0.0567848794856601	0.0742921116539446	-0.764346014960057	0.444661070662405	0.642415942937455
B9J08_03692	4037.07427007226	0.0563038340813419	0.073705012254494	0.763907804355719	0.444922186283944	0.642415942937455
B9J08_03092	3394.58619315811	-0.0567109390065483	0.0741984371491118	-0.764314467871877	0.444679865638044	0.642415942937455
B9J08_02335	944.315328582908	-0.0831442639585505	0.108844308471003	-0.763882513716378	0.444937258832021	0.642415942937455
B9J08_01716	1952.21431937925	0.0635073352259942	0.0830596240318486	0.764599358186871	0.444510151461683	0.642415942937455
B9J08_00231	3134.05173461969	-0.0600711782337674	0.0786377824724595	-0.763897154078645	0.444928533530189	0.642415942937455
B9J08_05415	146.865199428719	-0.167323121853269	0.219259052983368	-0.763129820988335	0.445385976947108	0.642895872182467
B9J08_02322	840.887239771307	0.0830699152833075	0.108888443115672	0.762890100238299	0.445528940718427	0.642934322545887
B9J08_04512	88.2963493490662	-0.213850729019701	0.280389182417096	-0.762692508948456	0.445646799137309	0.64293653323725
B9J08_04767	625.258185886271	0.0921988972870499	0.121122037279513	0.761206625630665	0.446533661446664	0.644047898438338
B9J08_01115	94.9979391240007	-0.216261677866081	0.28418139652774	-0.760998715990796	0.446657834175456	0.644058922381358
B9J08_05303	749.456799387681	-0.0853447510059017	0.112234067123645	-0.76041752021585	0.447005053931802	0.644391479676857
B9J08_04955	1881.87123349635	0.0650181280053184	0.0856118361877107	0.75945255820423	0.447581883434405	0.644541402650054
B9J08_03955	1.13434071371476	1.96160854627856	2.5833957498043	0.759313994546582	0.447664747956381	0.644541402650054
B9J08_02897	478.50299166311	0.0993562200194257	0.130857871231852	0.759268197504053	0.447692137646745	0.644541402650054
B9J08_00446	3.67126286328679	-1.05507622467675	1.38871206160514	-0.759751610032996	0.447403072702746	0.644541402650054
B9J08_00201	480.124615937857	-0.107569816189369	0.141596952629991	-0.75969019241863	0.447439792549646	0.644541402650054
B9J08_01171	2306.25404130542	0.0615550501114964	0.0811674726173291	0.758370910496411	0.448228967313552	0.64514622456823
B9J08_04387	16789.1960183375	0.0500171460415402	0.065976303698203	0.758107733199708	0.448386490576488	0.645204929293477
B9J08_03515	8471.42008389755	0.0572795193796185	0.0755941729292544	0.757724003849135	0.448616225905006	0.645206199132091
B9J08_01078	2706.60888503337	-0.0594216364771967	0.0784220130860865	-0.75771628575726	0.448620847342975	0.645206199132091
B9J08_03920	142.236190695925	0.181212210789064	0.239388151891565	0.756980699993653	0.449061425301473	0.645671825609063
B9J08_00621	525.574068446702	-0.104454680966301	0.138171866396899	-0.755976478353808	0.449663298466718	0.646297415044156
B9J08_00122	949.337140723899	-0.0892748114962922	0.11810953066603	-0.755864585972561	0.449730388684608	0.646297415044156
B9J08_04834	2293.92145309323	0.0610002412526014	0.0807256943319387	0.755648393704394	0.449860032765017	0.646315674835521
B9J08_03713	2105.94245068748	0.0677490713602543	0.0897058983276846	0.755235415098071	0.450107742639352	0.646503506644413
B9J08_04689	2050.59935053449	-0.0620680710707667	0.0822876215651111	-0.754281991510164	0.450679913448529	0.647157152930636
B9J08_01635	5.24824108858103	-0.898569820915116	1.19203196184731	-0.753813529901149	0.450961198559447	0.647392868685211
B9J08_04194	27.0162438699585	0.388417196674011	0.516086806584021	0.75261989207774	0.451678360613788	0.647917544539944
B9J08_01553	1963.96809509066	0.068327178314384	0.0907581189344707	0.752849211911473	0.451540530526292	0.647917544539944
B9J08_00110	11.4602781694314	0.614984977041296	0.817004714307734	0.752731246553928	0.451611429296201	0.647917544539944
B9J08_00071	554.05226494967	0.0929865506300387	0.123611803175604	0.752246535049256	0.451902813520868	0.648071315601929
B9J08_01067	3593.41177702698	-0.057779849691012	0.0769086623265805	-0.75127882793825	0.452484868282794	0.648737708689755
B9J08_01330	3636.47280583994	-0.0560183686060787	0.0746369574413236	-0.750544643384184	0.452926746736768	0.64920283433976
B9J08_00467	16.9361693129036	-0.500965992704684	0.668268440010007	-0.749647840166119	0.453466829777502	0.649808443915026
B9J08_01481	662.934876151801	0.0956580123188498	0.127657258144815	0.749334692825181	0.453655502499401	0.649910306457799
B9J08_04546	5444.63755290923	-0.0522859610758421	0.0698606603584231	-0.748432104815311	0.454199563657355	0.65052111643799
B9J08_02178	0.633589170281749	-2.62771289970268	3.51389191991209	-0.747806978584708	0.454576592169703	0.650892441689624
B9J08_04579	892.809371304835	0.0810885038978415	0.108550079752102	0.747014687442189	0.455054695120536	0.650902510334162
B9J08_04413	777.369517861336	-0.0882525546805275	0.118099213254195	-0.747274704451874	0.454897758332781	0.650902510334162
B9J08_03406	13710.0102420195	-0.0477200894570166	0.0638743081916524	-0.747093640745733	0.455007038561614	0.650902510334162
B9J08_01228	936.563572569379	0.0781293925087938	0.104511569259681	0.747566925482337	0.454721420761253	0.650902510334162
B9J08_00526	2165.60506499018	-0.0649068573117293	0.0870565817842477	-0.745570937675774	0.455926644298725	0.65198099949264
B9J08_02231	191.776850027728	-0.144180746659812	0.193688310559801	-0.744395705879712	0.456637116078021	0.652389620026166
B9J08_01767	311.446275223664	0.120348680257546	0.161575156703091	0.744846439967855	0.456364556852166	0.652389620026166
B9J08_00503	330.955780421032	0.114638383401158	0.153970487808794	0.744547770372201	0.456545152345643	0.652389620026166
B9J08_00451	2.81283264167504	1.1475589249703	1.54176038292026	0.744317299680968	0.456684537702413	0.652389620026166
B9J08_00483	475.724539445579	0.0980817862505262	0.131840534359381	0.743942572192309	0.456911218540576	0.652544781621127
B9J08_02841	3135.92471854763	-0.0666754753518012	0.0897039441053144	-0.743283653988756	0.457309965812702	0.652945538890934
B9J08_04637	742.21878634144	0.0856489961877339	0.115332978564069	0.742623638564529	0.457709572900462	0.65294799724768
B9J08_04338	1875.30659785975	-0.0649487863722664	0.0874730715801126	-0.742500351239899	0.457784239069072	0.65294799724768
B9J08_04050	626.136905926738	0.0893450826064525	0.120278694740111	0.742817194678596	0.457592363825726	0.65294799724768
B9J08_03528	65482.8365750773	0.0453630983026483	0.0610777378754782	0.742710844909352	0.457656762485663	0.65294799724768
B9J08_03892	578.68037855498	0.101011816012174	0.136218161008162	0.741544411292719	0.458363414324058	0.653436830273168
B9J08_03853	623.49660765292	0.0902848378333272	0.121737046111425	0.741638151386477	0.458306601855097	0.653436830273168
B9J08_02164	747.377644458123	-0.0823557915923447	0.111112235410225	-0.741194624410969	0.458575442320321	0.653570518232186
B9J08_02369	429.09303665631	-0.102248487214386	0.138464508712397	-0.73844545555544	0.460243800956738	0.655779192546505
B9J08_02939	2.25765692851485	-1.37667408567374	1.86634471555609	-0.737631196530356	0.460738592662437	0.656203958372335
B9J08_01610	455.812317590175	-0.100276668434392	0.135956544086234	-0.737564117331414	0.460779367187087	0.656203958372335
B9J08_03236	5840.39276920145	0.05216640917325	0.0707500000066591	0.73733440520622	0.460919014469927	0.656233743682454
B9J08_01211	291.402587178856	0.119440709785249	0.162089853749636	0.736879619681423	0.461195558819191	0.656458370742639
B9J08_05041	11.7373943844667	-0.575961551450914	0.78212235057144	-0.736408505689808	0.461482129866984	0.656634605188046
B9J08_01860	1176.41522191902	-0.0767378282750131	0.104222927951499	-0.736285477517226	0.461556982297007	0.656634605188046
B9J08_05091	1263.89224957682	0.0684461082237047	0.0931729169036141	0.734613775100667	0.462574746268134	0.657655117833507
B9J08_02873	636.13731828396	0.0933966709964442	0.127153171116341	0.734520973220474	0.462631282456428	0.657655117833507
B9J08_02814	600.483435307902	-0.0904325663669455	0.12306853504168	-0.734814681399419	0.462452364577571	0.657655117833507
B9J08_04927	232.995233400449	0.135747035637291	0.185122512605001	0.733282158539717	0.463386354496845	0.658559110646455
B9J08_00624	1153.51536151213	0.0734079268649032	0.100183036175588	0.732738092866769	0.463718185788256	0.65886128865082
B9J08_02810	1150.1954827282	-0.0710109305065371	0.0970910361266813	-0.731385031403767	0.46454400559734	0.659865001011693
B9J08_03679	10028.713063107	-0.056060043456413	0.0767447123474195	-0.730474344637998	0.46510028936046	0.660485431473603
B9J08_04134	2607.90980288055	-0.0572265266941365	0.0784275205543719	-0.729674051782152	0.465589445722891	0.66084048960206
B9J08_02587	358.604586763411	-0.114631383669333	0.157097934247997	-0.72968103761552	0.465585174593522	0.66084048960206
B9J08_03822	443.022293155774	0.10967143816771	0.15038946394641	0.729249478585746	0.465849070086498	0.66086956118277
B9J08_02479	935.944328539496	0.0894476386277412	0.122647542992539	0.729306404720905	0.465814255374979	0.66086956118277
B9J08_02876	80.9684126818482	0.244081588318395	0.334920091314491	0.72877559348687	0.466138943374333	0.661111095722335
B9J08_01428	979.172797217136	0.0736722415442202	0.101145370024479	0.728379771870822	0.466381142342216	0.661208412251609
B9J08_00289	801.881199049444	0.0807048653510686	0.110816859197677	0.72827244821211	0.466446824564687	0.661208412251609
B9J08_03630	381.580585576821	-0.105257187215035	0.144686545135302	-0.727484280702155	0.46692934140473	0.66121405840224
B9J08_03580	2336.8089917219	-0.0609453004948004	0.0837671568013471	-0.727556035348454	0.466885401694757	0.66121405840224
B9J08_03495	736.068480316701	0.0893874186294237	0.122869479835874	0.727498958641523	0.466920353028053	0.66121405840224
B9J08_03255	4995.24160564852	0.0509913225261531	0.0700856477086033	0.727557270186912	0.466884645548557	0.66121405840224
B9J08_02144	46887.1262794969	-0.0480003048419725	0.066026623897135	-0.726984086249113	0.467235704441231	0.661478416610319
B9J08_01464	1101.54823467117	0.0761785485867435	0.104853935958776	0.72652063930813	0.46751965951892	0.661710923984909
B9J08_04331	1774.55061567989	0.0624416625595552	0.0861210720269516	0.725045114858929	0.468424353710238	0.662821659743084
B9J08_03541	501.953756116233	-0.0931252744868708	0.128478874754649	-0.724829468383095	0.468556655022372	0.662839168750615
B9J08_04284	1861.54723017831	-0.0608074187435198	0.0840480642559464	-0.723483869400569	0.469382660746962	0.663837759966341
B9J08_03545	2370.21240609646	-0.0640542879210329	0.0886285762496353	-0.722727258312428	0.469847465380814	0.66432513204394
B9J08_02820	1056.17309562384	-0.0722914220539555	0.100151961291301	-0.721817337592516	0.470406788574108	0.664945862007441
B9J08_01038	1651.20859103142	-0.063626687952514	0.0882234361088586	-0.721199385999943	0.470786849513573	0.665312942281135
B9J08_02657	785.337216777047	-0.0834141985921375	0.115823774875734	-0.720182006514914	0.471412941031297	0.666027434836395
B9J08_05383	1014.47691074739	-0.0756883312376213	0.105314976878917	-0.718685352080945	0.472334810566519	0.666137917326142
B9J08_04944	1068.35347427619	0.0805943003563315	0.112005540857648	0.719556369615336	0.471798183523436	0.666137917326142
B9J08_02679	1425.80082943441	-0.0708429806304193	0.0985435698071268	-0.718900084186882	0.472202484590597	0.666137917326142
B9J08_02650	7738.56030655712	-0.0505612914554124	0.0703375676679731	-0.718837644402005	0.472240960221434	0.666137917326142
B9J08_02121	1457.64113549032	-0.0675173816485474	0.0938837620946485	-0.719159310855907	0.472042766609478	0.666137917326142
B9J08_02062	1950.61646652642	-0.0676216159733792	0.093960926778581	-0.71967804375461	0.471723247804386	0.666137917326142
B9J08_01670	529.208765685417	0.0911296908248166	0.126677917938107	0.719381027949491	0.471906183119746	0.666137917326142
B9J08_02073	1549.03579782962	-0.0678098569626568	0.0944530256149099	-0.717921490827846	0.472805696035939	0.666631908671081
B9J08_00455	2767.06815618104	-0.0601020313944748	0.0837523411507222	-0.717616135485862	0.47299400588982	0.666727332454229
B9J08_02450	6197.66219656293	0.054066220495562	0.0753812744933239	0.717236752216897	0.47322802557842	0.666887123246285
B9J08_01859	469.590287344079	0.0974007702597842	0.136082821539466	0.715746257741554	0.474148042230979	0.66801331364023
B9J08_05162	3388.72489236768	-0.0565470852603803	0.0790873094670079	-0.714995688201651	0.47461170761006	0.668046517082658
B9J08_01870	251.374234298877	-0.133302706150703	0.186456783081265	-0.714925485401111	0.474655088218491	0.668046517082658
B9J08_00580	1531.92875821755	0.0632701053933119	0.0884705778727647	0.715154200578466	0.474513765632637	0.668046517082658
B9J08_00174	1883.62616807571	-0.0616358942983528	0.0862057927052901	-0.71498552897792	0.474617985192202	0.668046517082658
B9J08_05276	161.57415884001	-0.150350198018675	0.21045179128777	-0.714416337816234	0.474969772328812	0.668149129972346
B9J08_01101	4507.2615412957	-0.0503469659344036	0.0704563505948742	-0.714583788534548	0.474866264984927	0.668149129972346
B9J08_05274	1543.34722089402	-0.069658727955862	0.0976225238147181	-0.713551803762728	0.475504369066183	0.668612998655631
B9J08_04745	923.551502791939	-0.0734006106400521	0.102903397958499	-0.713296276860113	0.475662440874605	0.668612998655631
B9J08_02498	138.293937022812	-0.164364295190011	0.230385657101652	-0.713431110503069	0.47557902767951	0.668612998655631
B9J08_05117	615.574077385327	0.0855756711169502	0.120094975064546	0.712566625464195	0.476113970004884	0.66907752662522
B9J08_02630	4.19113474443011	-0.919968779012793	1.29209637288225	-0.711997029262327	0.476466615620854	0.669402893883188
B9J08_04283	1847.96975392844	-0.0608515659716425	0.0855051647724216	-0.7116712321835	0.476668385827768	0.66951618004322
B9J08_04282	603.002015658831	-0.0866206207320702	0.121823004988317	-0.711036644846982	0.477061528016583	0.669898136521254
B9J08_02850	6.64377793335777	-0.729546600481813	1.02687766227078	-0.710451329585387	0.477424302267821	0.670237266607632
B9J08_01973	678.100612327031	-0.0855597804735206	0.120578014603492	-0.709580272613336	0.4779644565451	0.670770584445703
B9J08_01426	5.01494100678138	-0.872255901877115	1.22948646938674	-0.709447337238442	0.478046920957414	0.670770584445703
B9J08_03995	449.009221082489	0.102470321200911	0.144600184103216	0.708645855718742	0.478544272452997	0.671127681768006
B9J08_01148	4183.47137569351	0.0533407860772767	0.075261962778662	0.708734985216192	0.478488950050724	0.671127681768006
B9J08_05050	1.01805795613131	1.88357333589516	2.66083033653911	0.707889304338394	0.479014002237338	0.671445698799332
B9J08_04303	1.01805795613131	1.88357333589516	2.66083033653911	0.707889304338394	0.479014002237338	0.671445698799332
B9J08_00673	69.840599728179	0.226189752630009	0.319810063034347	0.707262774923117	0.479403194098449	0.671820855421432
B9J08_04089	9431.22568308853	0.0547702139579999	0.0775055218607626	0.706662088623746	0.479776494526911	0.67200321471116
B9J08_00605	17172.807879911	0.0457824330487008	0.0647763127657766	0.706777386577167	0.47970482956654	0.67200321471116
B9J08_02119	1189.49014180804	0.0675626334158445	0.0956480861475008	0.706366809176451	0.479960055978817	0.672089999846699
B9J08_02466	1322.89719809929	0.0652679213005131	0.0924901661329772	0.705674170880767	0.480390787120492	0.672522766062553
B9J08_01282	1708.50895565119	-0.0616085131273829	0.0873830290296063	-0.705039797905258	0.480785469552572	0.672904859513057
B9J08_02175	1426.76722789288	0.0652005787481583	0.0925303929080485	0.704639596774986	0.481034550115725	0.673083027465725
B9J08_01382	1339.22785407698	-0.0663524974645997	0.0941927624645974	-0.704433076687166	0.481163113315031	0.673092515133429
B9J08_03925	683.402256742362	-0.0857790525473012	0.121807158527506	-0.704220126175353	0.481295699178996	0.673107623826496
B9J08_00896	5220.72444450987	-0.0519098638571708	0.0737534435897785	-0.703829697036206	0.48153883727957	0.673277296646644
B9J08_01498	3920.5303639993	-0.0519010008518255	0.0737884298021013	-0.70337586788366	0.481821541449941	0.673477866297015
B9J08_00198	307.232989353827	0.1143469080123	0.16260746608816	0.703208227537997	0.481925992618906	0.673477866297015
B9J08_03655	136.139579611311	-0.15905861444107	0.226918301405193	-0.700951018300853	0.483333583771024	0.675274195526403
B9J08_02051	1555.9806291749	0.064534298328467	0.0922826268588471	0.699311457910455	0.484357408005878	0.676533584545992
B9J08_00259	35.5484578878465	0.306498440803414	0.43873989437121	0.698588035270142	0.484809523144198	0.676993995557852
B9J08_01832	4895.80867735682	0.0491883905528734	0.0704367301646332	0.698334383749847	0.484968101047024	0.677044378501365
B9J08_05166	2416.50386014932	0.0575590788029281	0.082527235253917	0.697455556651476	0.485517743571722	0.677640547656795
B9J08_03101	461.010982678223	0.0935435653633849	0.134161362577326	0.697246685382086	0.485648426955458	0.677651819182736
B9J08_05396	731.598001089647	0.0789416599868835	0.113277505007608	0.696887347418021	0.48587329657862	0.677794475060583
B9J08_04613	1752.66836637843	-0.0630230183732519	0.0904935826658776	-0.69643632749017	0.48615561943859	0.677846142441243
B9J08_00200	2998.56576375128	-0.0554524286133043	0.0796167503642561	-0.696491986417467	0.486120774079165	0.677846142441243
B9J08_00602	774.352861532946	0.0764549799126375	0.109885148354743	0.695771731279074	0.486571795286756	0.678255312118512
B9J08_02203	152.685950753823	-0.151588260449302	0.218002149452896	-0.695352136801091	0.486834648080999	0.678450605129521
B9J08_02391	6108.67915686987	0.0557449632281323	0.080221999642327	0.69488374107693	0.487128162765735	0.678688519184829
B9J08_05412	37.6202940945491	0.299964233065599	0.432163566282678	0.694098846984691	0.487620221628775	0.679079890739415
B9J08_02451	597.44658241301	0.0891513567027643	0.128452078938342	0.694043704388448	0.487654801220326	0.679079890739415
B9J08_00505	223.159502328835	-0.126331024784374	0.182128825587978	-0.693635531753593	0.487910804983817	0.679265244117268
B9J08_00349	1056.48692939693	0.0689960373916808	0.0995942494606857	0.692771297191377	0.488453087633981	0.679848958789477
B9J08_05066	1.6527715200944	1.4743842154134	2.12924700749843	0.692443953294831	0.488658571449334	0.679963727190451
B9J08_04862	2.31794660176483	1.23643569972355	1.78750456748066	0.691710512083447	0.489119144111961	0.680090945787876
B9J08_04644	1612.06100987424	0.0602734048067659	0.0870882613687471	0.692095626430727	0.488877278073786	0.680090945787876
B9J08_02105	22.8297586373138	-0.385547821488188	0.557239579311835	-0.69188879577492	0.489007167355295	0.680090945787876
B9J08_03172	365.296853725655	0.102478124854387	0.148279989064415	0.691112303831293	0.489494968775074	0.680442327067363
B9J08_04141	1258.44859800521	0.0723014801187171	0.104827941586801	0.689715728690989	0.490372972677235	0.681491430723429
B9J08_05233	1.15346105142508	-1.7438821901807	2.52950736688199	-0.689415738816488	0.490561681822774	0.681582306544613
B9J08_02353	5169.32053302931	-0.0497200619047235	0.0722003657074972	-0.688640028585903	0.491049824609194	0.682089062733103
B9J08_05261	3.30915975634893	0.967719412199154	1.40623834892359	0.68816172801709	0.49135094197177	0.682335843285922
B9J08_05511	3243.92432154178	-0.0523975699958069	0.0762078328495617	-0.68756147546201	0.491728975291684	0.682689285716438
B9J08_04098	563.265686319827	-0.0899125065482886	0.13087681637928	-0.687001021538627	0.492082084688896	0.683007956322333
B9J08_00554	10.0426923268253	-0.557642432777885	0.81372184695698	-0.685298588041187	0.493155522604148	0.684154260399881
B9J08_00024	741.958612266726	-0.0774128128373691	0.112956824536636	-0.685330993987541	0.493135077930293	0.684154260399881
B9J08_00164	1826.26234789498	-0.0579318943241918	0.0847976963877336	-0.683177689866726	0.494494568441221	0.685839769077698
B9J08_04484	16.129326198956	0.460165176941924	0.674420378578311	0.682312088362395	0.49504163090259	0.686379975050311
B9J08_01075	1858.30870433276	0.0626459745132303	0.0918335834694113	0.682168463284425	0.495132433603327	0.686379975050311
B9J08_05125	718.4096271761	-0.0768207161446324	0.112662741624611	-0.68186443039525	0.495324678740167	0.686474297742452
B9J08_04631	7119.5800311909	0.0484522219824274	0.0710792199096846	0.68166507797908	0.495450754280081	0.686476891177239
B9J08_05420	285.067295232915	-0.110947445959184	0.162994905279935	-0.680680452978807	0.496073707430374	0.687008439686824
B9J08_04160	4.0969556785524	-0.88135329613823	1.29484001248541	-0.680665787000588	0.496082989468087	0.687008439686824
B9J08_04317	2802.38004963111	0.051970081764904	0.0764008359253854	0.680229229633809	0.49635932726754	0.687218938328581
B9J08_03607	966.613484512243	0.0702522550750011	0.103381399020439	0.679544441656397	0.496792958661492	0.68764705297322
B9J08_03485	332.802512926806	-0.103287907873577	0.152040621507249	-0.679344157170869	0.496919823867394	0.68765044229221
B9J08_01722	323.74037057156	0.105389430524561	0.155326553700484	0.678502342411994	0.497453239132901	0.688216283526294
B9J08_01886	1089.83956180872	0.0667169254181589	0.0984063177262097	0.677974005731843	0.497788174929992	0.688507318027544
B9J08_04595	7113.44166847627	-0.0457705998517879	0.0675453530263701	-0.67762766498413	0.498007800637704	0.68851052762922
B9J08_04594	706.347588069521	0.0782086587657199	0.115423937606177	0.677577462593294	0.498039639851931	0.68851052762922
B9J08_02227	4623.85838893934	-0.0497070759088894	0.0735513781477665	-0.675814337686871	0.499158530449156	0.689884770640781
B9J08_03936	1469.51508517938	0.0621100627421755	0.0919559247488299	0.675432963257387	0.499400728705684	0.689891294975497
B9J08_02980	486.788705458887	0.0878452588718207	0.130061390226103	0.675413808195559	0.499412895096248	0.689891294975497
B9J08_02038	4.30037291093304	0.828915850376798	1.22768329597002	0.675187039766519	0.499556939653241	0.689917842444643
B9J08_05133	693.011352956934	0.0792834495224617	0.117535431890377	0.674549352882862	0.499962120086385	0.689960209167902
B9J08_05062	583.122010487863	0.0888443034137958	0.131634046843721	0.674934073243783	0.499717651409592	0.689960209167902
B9J08_03263	628.500684943525	0.0804867104136345	0.119293956505257	0.674692270853534	0.499871296150585	0.689960209167902
B9J08_04462	3422.87772582748	0.0500763101442148	0.0742958508207637	0.674012203790792	0.500303554993336	0.690247950151125
B9J08_02918	73.1799831122468	-0.220727873628618	0.327572811641295	-0.673828430762206	0.500420397368474	0.690247950151125
B9J08_01246	6619.11019975369	0.0581337424491689	0.0863951076548124	0.67288234284561	0.501022146352518	0.690905539643305
B9J08_01893	2.76718418349987	1.05112669941387	1.56280768874605	0.672588640933329	0.501209030234786	0.690958948780633
B9J08_00100	18.3218791984132	-0.406830356936776	0.6050164766191	-0.672428557995957	0.501310907293349	0.690958948780633
B9J08_02619	1471.86358916016	-0.0744067976451979	0.110695868019296	-0.672173216368181	0.501473429844706	0.691010632448688
B9J08_05074	994.592708316212	0.0759199925896318	0.112999318210071	0.671862395209263	0.501671302243925	0.691110988908817
B9J08_02497	1060.41226543219	0.0712302996316861	0.10616179508609	0.670959826686455	0.502246122159613	0.691213724396459
B9J08_01385	717.250068115575	-0.0777786641836378	0.11582216916539	-0.671535205601033	0.501879639637536	0.691213724396459
B9J08_01303	581.102766078567	-0.0848301474294649	0.126395966547898	-0.671146000511957	0.502127524894903	0.691213724396459
B9J08_00380	23822.77680833	-0.0420632471051312	0.0626796979203194	-0.671082479666757	0.502167987556319	0.691213724396459
B9J08_04067	5999.68035187192	-0.0458955826011597	0.0684992686149494	-0.670015658986809	0.502847808041691	0.691525213995129
B9J08_04029	1481.40654095865	-0.0610288139285647	0.0910424364767088	-0.670333706899173	0.502645084409955	0.691525213995129
B9J08_01119	471.11724011614	0.0978628820261407	0.146049909638521	0.670064653024126	0.502816576443487	0.691525213995129
B9J08_05006	1612.09264234718	-0.0598659891343761	0.0893987789208119	-0.669651083125022	0.503080241719412	0.69157472625669
B9J08_02397	33.9310715290199	-0.296366770182319	0.442624732814463	-0.669566674003616	0.503134064461399	0.69157472625669
B9J08_02414	182.688291477927	0.136004884841998	0.203277115563866	0.669061465501108	0.503456269851552	0.69184555034051
B9J08_03397	3838.76066149695	-0.0510359119093043	0.0764116878499436	-0.667907140194678	0.50419286932345	0.692513416687552
B9J08_00153	2105.01462943813	0.0547632367815061	0.0819683014763346	0.668102617660279	0.50406809103193	0.692513416687552
B9J08_02539	2988.37120456983	0.0637017340106397	0.0956927315791711	0.665690413048103	0.505609002552545	0.6942859520765
B9J08_05369	1921.32908896391	-0.0590306752059842	0.0888204810895328	-0.664606569136685	0.506302166495365	0.694547548825982
B9J08_05215	3931.57866871305	0.0485371972053795	0.0730228702886116	0.664684872198857	0.506252071636235	0.694547548825982
B9J08_03270	1571.73711082596	-0.0583808977251227	0.0878256733204689	-0.664736124619227	0.506219284001072	0.694547548825982
B9J08_00047	1370.11810051609	-0.0648399102302477	0.0974941702277328	-0.665064486202515	0.506009248236006	0.694547548825982
B9J08_03507	1008.87907599965	0.0676434748964772	0.10191118475733	0.663749274012945	0.506850796737074	0.694610551342873
B9J08_01630	664.825037339543	-0.0840554472072207	0.126630793206952	-0.663783627019137	0.506828806353923	0.694610551342873
B9J08_00700	812.557418622045	0.0720292052027045	0.108462162218793	0.664095235879633	0.506629359139922	0.694610551342873
B9J08_00499	4082.23062570379	0.0483012156047055	0.0727490473734058	0.663942929132603	0.506726838877402	0.694610551342873
B9J08_05163	323.704489947018	-0.102540939531614	0.154569993456007	-0.663394862346286	0.507077695476753	0.694749237208729
B9J08_03947	1408.24665907476	0.482267693152705	0.727654634933748	0.662770042269593	0.507477842965078	0.694952933118927
B9J08_02978	72.1747927014115	-0.207074662697752	0.312431269364498	-0.662784692194711	0.507468458957189	0.694952933118927
B9J08_03171	1513.05132093102	0.0620630824625634	0.0937079362139254	0.662303375467366	0.507776814005639	0.695054405790644
B9J08_01776	5646.6840084841	0.0465878181339592	0.0703465278408296	0.662261799748975	0.507803454058734	0.695054405790644
B9J08_01933	3041.97735347226	0.0524805887222622	0.0792773179543122	0.661987439490662	0.507979271500459	0.695122910023035
B9J08_01005	1030.71690159847	0.0657035107408841	0.0994930396863319	0.660382987071509	0.509008087031192	0.69635834084688
B9J08_00257	565.625605085337	-0.0814495172405454	0.123535706644157	-0.659319636833095	0.509690535178131	0.697119422897681
B9J08_05065	582.501220409384	0.084507450121054	0.128241533286858	0.658970989780846	0.509914397778253	0.697253061979318
B9J08_03694	1372.86365031796	-0.0600170964390064	0.0911367430092993	-0.658538965265442	0.510191867528188	0.697287450996116
B9J08_00922	1.10637151848622	-1.68384684160533	2.5566091189393	-0.658625062834764	0.510136564664447	0.697287450996116
B9J08_05438	3831.32604882921	0.0483673918243043	0.0734944201652574	0.658109713846939	0.510467634438034	0.69749187034339
B9J08_03349	3856.93366987005	0.0480706771486412	0.0731036512081619	0.657568758252039	0.510815275183527	0.697794371215856
B9J08_03702	2235.47498769535	0.0551077065250882	0.0838618864122712	0.657124575688349	0.511100817997663	0.69801191526392
B9J08_04294	1138.98885546082	-0.0640377574343832	0.0975524639696696	-0.656444284731684	0.511538304706971	0.698436810799267
B9J08_04350	3888.63673867039	0.051217339583815	0.078254597435358	0.654496237439889	0.512792150431078	0.699975849699325
B9J08_01484	938.345692840005	0.0685461270201533	0.104904888135047	0.653412135875995	0.513490617094387	0.700756207575476
B9J08_04225	0.476082383282252	2.57722566625907	3.94677179250369	0.652995866432949	0.513758943362899	0.700776327731181
B9J08_02721	0.476082383282252	2.57722566625907	3.94677179250369	0.652995866432949	0.513758943362899	0.700776327731181
B9J08_03608	17561.1728180066	-0.0439500655902841	0.0673283166976305	-0.652772380864095	0.513903031712422	0.70079991519234
B9J08_01205	312.218737442994	-0.109842069846593	0.168365378238872	-0.652402952409565	0.514141260238506	0.700951836541249
B9J08_04123	1218.72792126357	0.0660478567899055	0.101405978419789	0.651321133321034	0.514839209076649	0.701557275287633
B9J08_00657	961.443427626717	-0.0691098566919247	0.106105195260334	-0.651333391568248	0.514831297761767	0.701557275287633
B9J08_01944	1112.18173465905	-0.0679432295586502	0.104412909649736	-0.650716753192427	0.515229346544358	0.701742877858716
B9J08_00393	1034.73356026235	0.069461943882541	0.106725779979766	0.65084503384009	0.515146526411283	0.701742877858716
B9J08_03145	28767.8444718636	-0.0499811288936601	0.0768425436641616	-0.650435637738665	0.515410863560986	0.701817157650054
B9J08_03873	63142.6050220324	0.0407528425756535	0.0627299354847485	0.649655419868265	0.515914826252045	0.70233035583622
B9J08_02394	1500.48937035461	-0.0617035002750507	0.095033670443546	-0.64928040753414	0.51615714724755	0.702487208282987
B9J08_01765	318.715671982114	0.110348390235394	0.170238193411842	0.648199960442708	0.516855627504958	0.703264661058568
B9J08_01227	808.895825396553	0.0703832232505639	0.108737948853639	0.647273780612684	0.517454767638501	0.703906596292886
B9J08_04743	1945.38403367165	-0.0538941913364928	0.0833315475032	-0.646744155740335	0.517797540256495	0.704199558316351
B9J08_04916	1434.39002173142	0.0613941786922158	0.095038831264149	0.64599046385133	0.518285531241929	0.704410265286007
B9J08_04792	407.999477122799	-0.0911981135386073	0.141149325446183	-0.646110870528951	0.518207555879693	0.704410265286007
B9J08_01852	733.721536329924	0.0761214157270503	0.117858205692538	0.645872854416532	0.518361700965327	0.704410265286007
B9J08_01102	805.612543369542	0.0700757599450619	0.108523852149334	0.64571758702994	0.518462268714217	0.704410265286007
B9J08_00976	6573.35091472413	0.0527586575107988	0.0818684346791716	0.644432224917344	0.51929519366859	0.70536852676488
B9J08_04634	505.108368812833	0.0840752715463112	0.13063810306051	0.643573885234452	0.519851789068182	0.705777062041919
B9J08_04367	252.126712560651	0.110206086561441	0.171199248046809	0.643729968552832	0.51975055304011	0.705777062041919
B9J08_02916	62.820233371153	0.229949011718514	0.35740904697737	0.643377703119737	0.51997904769942	0.705777062041919
B9J08_04182	795.562477416228	-0.0699334209717387	0.108746215026355	-0.643088322244503	0.52016679145274	0.705858545632038
B9J08_05332	25733.9041263726	0.0430291396030301	0.0671338457487334	0.640945548748664	0.521558061006297	0.706359079436855
B9J08_04972	1.97726731377634	-1.30989825460552	2.04224055473327	-0.641402528007579	0.521261190934899	0.706359079436855
B9J08_03625	1232.41324349155	0.0614226104414947	0.095740000971587	0.641556400858229	0.521161249205376	0.706359079436855
B9J08_02987	680.134003411238	-0.0735595855167381	0.114528708929645	-0.642280753919315	0.520690908267503	0.706359079436855
B9J08_02877	7.22836391651019	0.610130615433476	0.950775962796479	0.641718595450103	0.521055913114267	0.706359079436855
B9J08_02189	5283.46103555307	-0.044277473108504	0.0690766534264058	-0.640990420239122	0.521528907030181	0.706359079436855
B9J08_00553	386.015326911659	0.0921165382271003	0.143649705673641	0.641258106274028	0.52135500305722	0.706359079436855
B9J08_00342	1015.80425682245	0.0694049710778201	0.10826887423271	0.641042696432245	0.521494943116377	0.706359079436855
B9J08_05049	833.692280313673	-0.0686317746802065	0.107143874272268	-0.640557149406445	0.521810447480584	0.706527766591178
B9J08_04035	16893.8054330452	-0.113278221812868	0.177059940058662	-0.639773298100844	0.52231999454215	0.707044479508807
B9J08_01009	1776.69637577206	-0.0548563563324655	0.0859305751048535	-0.638379951088761	0.523226378660187	0.708097990904714
B9J08_02994	2574.51305479481	0.0515644489823523	0.0809937632343314	0.636647155573768	0.524354702063123	0.709451270086384
B9J08_02881	1414.25625800545	-0.0575332696895536	0.0905325058137236	-0.635498478391088	0.525103358800358	0.709942823896667
B9J08_02148	3559.99018209252	0.0492873592220522	0.077516695646161	0.635828950282315	0.524887915865244	0.709942823896667
B9J08_02138	703.836558430354	-0.0747262740381376	0.117569644927061	-0.635591560087614	0.525042671923606	0.709942823896667
B9J08_02984	1773.60760334857	-0.0586233266084334	0.0923187872001808	-0.635009713475943	0.525422079887697	0.710200008691441
B9J08_05361	8724.65015832571	0.0477056480036498	0.0752213850346915	0.634203265223691	0.525948176918618	0.710260350529305
B9J08_04558	568.840757588086	-0.0800393973788326	0.126232621425386	-0.634062704830563	0.526039900872593	0.710260350529305
B9J08_04337	880.182915313331	-0.0685030822368482	0.107987068240517	-0.634363756262676	0.525843457039229	0.710260350529305
B9J08_02184	771.323236005734	-0.075885698511942	0.119560050934729	-0.634707813510135	0.525618996734809	0.710260350529305
B9J08_01342	373.891186895478	0.0927135132298783	0.146245876429784	0.633956426623707	0.526109259103849	0.710260350529305
B9J08_01014	645.310952756016	0.0820193111750354	0.12948466037165	0.633428785615389	0.526453672140431	0.710551757245461
B9J08_04905	1572.68209518807	0.0561079604850214	0.0887364288026521	0.63229905960949	0.527191477945236	0.711373852198076
B9J08_05470	9.18913105489762	-0.554716310973563	0.878640542724729	-0.631334754088796	0.527821667400467	0.711690945153058
B9J08_03243	446.245853485928	0.0854441776768073	0.135378259389924	0.631151398029915	0.527941537023256	0.711690945153058
B9J08_00482	1445.0581434485	-0.0570545582794435	0.0903505160754824	-0.631480159247545	0.527726618167147	0.711690945153058
B9J08_00375	4804.47955551539	0.0466912993751731	0.0739579519202976	0.631322233280486	0.527829852478455	0.711690945153058
B9J08_03316	2600.75870035894	0.0500839387936751	0.0794286953097741	0.630552202807139	0.528333359589743	0.712045471458792
B9J08_03127	1156.99782735003	-0.0608680878120279	0.0966951696253901	-0.6294842653241	0.529032066679374	0.712501458900107
B9J08_01597	837.442636506837	-0.067338478140696	0.107002421167358	-0.629317331384256	0.5291413270908	0.712501458900107
B9J08_01197	409.011412472595	-0.0879413723289304	0.139771332842397	-0.629180322892758	0.529231009488026	0.712501458900107
B9J08_01031	969.903808784099	0.06454819792353	0.102612174989579	0.629050090109536	0.529316263840029	0.712501458900107
B9J08_00577	56078.3839946748	-0.047804336861711	0.0759126006098022	-0.629728615245706	0.528872157213961	0.712501458900107
B9J08_04094	885.764771723621	-0.0661029729430231	0.105196527498658	-0.628375997904177	0.529757656778122	0.712804920041187
B9J08_02161	382.682000508851	-0.0921554850923076	0.146671558642071	-0.62831189594977	0.529799640226017	0.712804920041187
B9J08_04883	12171.2798516938	-0.0401171248269464	0.0639059894365843	-0.627752190062806	0.530166290315957	0.712807978289907
B9J08_01968	1647.7283513068	0.0559550977827274	0.0891361845230581	0.627748406352896	0.530168769373376	0.712807978289907
B9J08_00772	1127.56165680539	0.0641338953657963	0.102169947530493	0.62771780661486	0.530188818301033	0.712807978289907
B9J08_03362	582.642294312077	-0.0761839213368035	0.1214311585825	-0.627383632225206	0.530407794199969	0.712928958789695
B9J08_00787	1631.09113734573	0.056331532726526	0.090019881752861	0.625767681868075	0.531467332549869	0.714179418186998
B9J08_05252	14.1635279050193	0.464366381380107	0.742707486159819	0.625234550658862	0.531817128638895	0.714202686136976
B9J08_02591	580.64705534341	-0.0808678408970035	0.129276423063038	-0.625542066998331	0.531615347911702	0.714202686136976
B9J08_01384	1307.87936326214	-0.0602972441540639	0.0964523704385239	-0.625150464212756	0.531872309777419	0.714202686136976
B9J08_05473	327.332325080991	-0.096954612796239	0.155190400391696	-0.624746199194848	0.53213764634391	0.714211940588342
B9J08_00738	2478.86547888839	-0.049033035307634	0.0784716899658079	-0.624849997865458	0.532069512403583	0.714211940588342
B9J08_03818	1772.23036040439	0.0536082708036873	0.0859133411290199	0.623980747334473	0.5326402289847	0.714712926826521
B9J08_03852	6561.36479027342	0.0466693007829419	0.0749519593194621	0.622656181461873	0.533510483478114	0.715706903442605
B9J08_02579	268.712967862284	0.10532603403144	0.169287964035076	0.622170835545147	0.533829540940881	0.715961143601129
B9J08_02839	2283.13463476601	-0.0502370369912682	0.0808687512123277	-0.621216925427309	0.53445690463977	0.716454841606599
B9J08_01514	3429.32324787009	0.0468929131189598	0.0754763105738372	0.621293128432467	0.534406774087767	0.716454841606599
B9J08_05558	7035.37612601279	0.0417438432602118	0.0673487647056481	0.619816019531402	0.535378920684602	0.716474405477916
B9J08_05492	133.723155478988	0.14412194851723	0.232371306809098	0.620222653546602	0.535111209103893	0.716474405477916
B9J08_05084	97.4317279237083	0.167763919247867	0.27021076447719	0.620863197557881	0.534689637471852	0.716474405477916
B9J08_04850	251.625644336136	0.106435077669662	0.171585931896374	0.620301888933069	0.535059051550929	0.716474405477916
B9J08_03806	996.077038225303	0.0636039577389542	0.10250475060901	0.620497658509143	0.534930195094736	0.716474405477916
B9J08_02366	308.490458776633	0.0998928917836822	0.161146860837815	0.619887295752032	0.535331990391806	0.716474405477916
B9J08_00407	890.632680947561	-0.0656940704902514	0.105945422032673	-0.620074650040013	0.535208640883648	0.716474405477916
B9J08_03108	542.683164492667	-0.0804641117407102	0.129871251201619	-0.619568310894252	0.535542035225881	0.716519203266386
B9J08_05494	7848.94671125863	0.0421473175497316	0.0681394812842506	0.618544737285421	0.536216317246542	0.717247721544443
B9J08_01598	289.930594956219	-0.100578242297802	0.16269935833755	-0.61818462792664	0.536453641879546	0.717391550609304
B9J08_04638	943.144556152683	-0.0643511034618609	0.104264085611507	-0.617193380486128	0.537107181369704	0.717918111591379
B9J08_01354	1396.01846329915	0.0570098779771694	0.0923657749106895	0.617218640045986	0.537090522517982	0.717918111591379
B9J08_03476	491.295061993755	0.0867654635813987	0.141218974204442	0.614403723509482	0.538948575857853	0.720205217303277
B9J08_05193	686.00872950075	-0.0716909444578439	0.116814921184634	-0.613713930813096	0.539404381103692	0.720324390914485
B9J08_04432	909.729880888088	-0.0655009951917058	0.106735281534948	-0.613677073313934	0.539428741450163	0.720324390914485
B9J08_02290	3831.37537215868	0.0449033680267768	0.0731519366586524	0.613837036691298	0.539323020330241	0.720324390914485
B9J08_00757	2567.10867955723	0.0486619009284003	0.0794806916952906	0.612248080514423	0.540373634903152	0.721411855098967
B9J08_04841	520.448550826249	-0.0786326787788782	0.12858687977195	-0.611514012303074	0.540859344729822	0.721885920869772
B9J08_00944	333.579531846495	-0.0939373058543542	0.153747178449665	-0.610985559550337	0.541209140297746	0.72217839652961
B9J08_02919	316.44068221408	-0.0965988067634225	0.158222284872929	-0.610525924594014	0.541513475567527	0.722410084349921
B9J08_00496	1555.1168819562	-0.054727342960733	0.089794383022763	-0.609474012944213	0.542210292721987	0.723165127382824
B9J08_03208	5275.87928876992	-0.0449718576098231	0.0738615748220839	-0.608866758096483	0.542612759642866	0.723527315451417
B9J08_04159	11.6217914996396	0.460040941488245	0.757127888052095	0.607613256291242	0.543444006665932	0.723869698885158
B9J08_03173	173.652421353705	-0.123345254688889	0.202991732398837	-0.607636839349403	0.543428361951442	0.723869698885158
B9J08_02935	185.030893672147	0.13103966174474	0.215705950133958	0.607492105170773	0.543524380382378	0.723869698885158
B9J08_01523	8650.76234254996	-0.0468839104144407	0.0771372971139871	-0.607798200981291	0.543321322618827	0.723869698885158
B9J08_01138	423.45489619287	-0.0877553529768674	0.144341842270615	-0.607968913216046	0.543208091985868	0.723869698885158
B9J08_03555	1270.79028352397	0.0605638794795811	0.0998335280613838	0.606648694638365	0.544084077190301	0.724091667380398
B9J08_01030	3961.59292985425	0.0446044354149565	0.0734891987188907	0.606952262271581	0.543882593252617	0.724091667380398
B9J08_00454	1938.15513500833	0.0526010434347482	0.0867045234776515	0.606670117370594	0.544069857275373	0.724091667380398
B9J08_00582	1455.84911653758	-0.0565916689999053	0.093458371666083	-0.605528086901637	0.54482816829861	0.724907387141651
B9J08_05028	1087.60752041258	-0.0594308051800608	0.0981986485501308	-0.605210011110501	0.545039464826685	0.724995319475658
B9J08_04041	1465.64273644324	-0.0557983901392799	0.0922236065789075	-0.605033702423448	0.545156603535523	0.724995319475658
B9J08_03951	275.620079240793	-0.0996023873278025	0.164808429138864	-0.604352507018193	0.545609304128058	0.725422810660519
B9J08_05112	859.564686567507	-0.0684150159266652	0.113351709674489	-0.603564040834776	0.546133526176343	0.725945165747149
B9J08_05583	459.683385401439	0.080849900917087	0.134154867892941	0.602660955855937	0.546734260595804	0.726568948861026
B9J08_00846	3002.07910252391	0.0467016381378726	0.0775995396422595	0.601828804051816	0.547288099613257	0.727130126577517
B9J08_05247	0.925319965017294	1.74937800090832	2.90920035317742	0.601326065080963	0.547622832220752	0.72722522673813
B9J08_02171	0.925319965017294	1.74937800090832	2.90920035317742	0.601326065080963	0.547622832220752	0.72722522673813
B9J08_05545	268.025778601443	-0.102492034988799	0.170725415479485	-0.600332614221195	0.548284587138441	0.72757957097579
B9J08_01054	1151.15185533188	-0.0602738259294131	0.100376714326816	-0.600476179496847	0.548188931394927	0.72757957097579
B9J08_01015	1367.88641423975	0.055808986245636	0.0929370989619798	0.600502779503234	0.548171209049519	0.72757957097579
B9J08_04206	145.032666915987	0.135410827606776	0.225756593772366	0.599808959481877	0.548633561598142	0.727847036088883
B9J08_03440	463.79683916986	-0.0821585241056686	0.137059378102661	-0.599437449979744	0.54888120977356	0.727847036088883
B9J08_02027	268.302374350714	0.109827093631646	0.183180270226864	0.599557438667539	0.548801219301842	0.727847036088883
B9J08_00626	3220.78022543386	-0.0470310800365786	0.0784860309761581	-0.599228671034026	0.549020405995142	0.727856988231027
B9J08_02811	16.0152737766454	-0.394837795621592	0.659893744670958	-0.598335412041934	0.549616152484387	0.728472056302448
B9J08_01611	265.851551602873	-0.112099661330647	0.187856046140139	-0.596731718962194	0.550686511950662	0.729715740002712
B9J08_05188	63811.5992743739	-0.0407331561127637	0.0683831100102122	-0.595661064650038	0.551401673739376	0.730313216093346
B9J08_00989	2670.68243385576	0.0461484159706898	0.0774529459972357	0.595825186201915	0.551292016331249	0.730313216093346
B9J08_04148	4329.50597157886	-0.0451120082074462	0.0758016398988305	-0.595132351591014	0.551755004947264	0.730606112204966
B9J08_02095	23005.1240624926	0.0435229576104365	0.0731784528277076	0.594750994707521	0.552009929208171	0.730768593708638
B9J08_03180	1230.01583892727	-0.0614627338390667	0.103438790968043	-0.594194240515199	0.552382204506022	0.731086313291375
B9J08_05008	156.322532425816	-0.133932694816815	0.226171063852803	-0.592174315030774	0.553733867072287	0.731299183586268
B9J08_04984	17872.889277979	0.0395538013933159	0.0667135021145628	0.592890496520371	0.553254438500409	0.731299183586268
B9J08_04812	2017.29367342777	0.0487735673140703	0.0823319129994657	0.592401725372114	0.553581611249125	0.731299183586268
B9J08_04692	508.9928856661	0.0777949537801898	0.131347740476026	0.592282390989354	0.553661505474883	0.731299183586268
B9J08_04573	2.03281587718485	1.05973989527234	1.78552989455499	0.593515627211867	0.552836127810063	0.731299183586268
B9J08_04301	1617.4836785918	-0.0530878737336943	0.089562338124872	-0.592747742468232	0.553349985152041	0.731299183586268
B9J08_04295	1213.00521538293	-0.0565943878610716	0.0954398470891312	-0.592984896635659	0.553191260042604	0.731299183586268
B9J08_04054	14.1690582753699	-0.409351664559133	0.690912139173496	-0.59248005838893	0.553529170458957	0.731299183586268
B9J08_02269	1717.90816266379	-0.0512544333769617	0.0864541906569817	-0.592850768568528	0.553281027986301	0.731299183586268
B9J08_02852	2618.30947410445	0.0474839248363133	0.0803152966634589	0.591218943450869	0.554373731630281	0.731969329842466
B9J08_02288	1263.43649813857	0.0564629539921787	0.0956496124611936	0.590310326820054	0.554982617262982	0.732594459073492
B9J08_01947	376.299359790679	0.0939419328941763	0.159192075392457	0.590116892832642	0.555112284168588	0.732594459073492
B9J08_00669	312.949980535138	0.0935120735675107	0.158556099800313	0.589772791367096	0.555342986381579	0.732723964127712
B9J08_04326	3964.56762551278	-0.0432458857825816	0.0733700699836501	-0.589421351134305	0.555578657190269	0.732742050644297
B9J08_02015	861.473654774803	-0.0624507173890424	0.105964164289185	-0.589356956740671	0.555621844445495	0.732742050644297
B9J08_04362	766.715924771028	0.0655202008455529	0.111359395356502	0.588367067150453	0.556285937842685	0.733442838372262
B9J08_00452	1265.9657778455	0.059990918228604	0.102026738674375	0.587992118615779	0.556537582952983	0.733599623415487
B9J08_05071	6209.65363290971	0.0399856790538588	0.0680681831946762	0.587435673719968	0.556911140838415	0.733916994614669
B9J08_05143	1254.00743665487	-0.0608345295467749	0.103865217288863	-0.585706467811893	0.558072786932166	0.734786091449925
B9J08_03850	1747.52647176445	0.050602483128535	0.0864065939230795	0.585632193459473	0.558122709345525	0.734786091449925
B9J08_03568	289.53645577184	0.0985431256301699	0.168316108719557	0.585464614051644	0.558235353355932	0.734786091449925
B9J08_02342	33354.8178010767	-0.0401237341117196	0.0685020754047931	-0.585730196853453	0.558056838263681	0.734786091449925
B9J08_00018	698.685770969765	0.0825850935032134	0.141031334668714	0.585579748622585	0.558157960679149	0.734786091449925
B9J08_03552	1192.84746551915	0.0561205921057617	0.096147174027752	0.583694660537428	0.559425760240334	0.735413558614737
B9J08_03163	1321.20048569525	-0.0538595655260347	0.0922314635864169	-0.583960867926276	0.559246640077996	0.735413558614737
B9J08_01744	5019.45187081967	0.0411632458768248	0.0705154969795404	0.583747511398354	0.559390196823362	0.735413558614737
B9J08_00933	1976.67041921035	-0.0488165264061763	0.083582471174198	-0.584052202816971	0.559185190946683	0.735413558614737
B9J08_00583	1738.45547318009	-0.0521347700857694	0.0893378182609353	-0.583568874868823	0.559510406002346	0.735413558614737
B9J08_00119	1597.93168170587	0.0540934040493546	0.0925678010914878	0.584365226477534	0.558974616866922	0.735413558614737
B9J08_02478	2420.09680249975	0.0478793186362521	0.082102530333846	0.58316495778589	0.559782258540452	0.735595944591793
B9J08_00391	2468.65760400042	0.0485038950859732	0.0832695161661304	0.582492817530048	0.560234778065541	0.736015597425302
B9J08_03627	1925.86011983	0.0495815815917943	0.085215439940435	0.581838005254112	0.560675801911021	0.736419951797104
B9J08_05476	1211.04326161825	-0.0571190108449656	0.0982950751250731	-0.581097382267484	0.561174822820994	0.736586675256149
B9J08_02172	2414.76205214479	0.0460094545384486	0.0791824461350439	0.581056241429831	0.561202549213614	0.736586675256149
B9J08_00137	637.359601916259	0.0719678387490339	0.123783237567369	0.581402136213032	0.560969458060276	0.736586675256149
B9J08_03522	1345.47277439021	-0.054585617726785	0.0941493317101076	-0.5797770067541	0.562065005221184	0.737543514686012
B9J08_02684	860.676126808115	0.0625086072972564	0.108065094301784	0.578434763797956	0.562970629145934	0.738460563592339
B9J08_02003	1519.1728741156	0.0555767461714121	0.0960988008049306	0.578329237263079	0.563041858728278	0.738460563592339
B9J08_00336	901.054655024178	0.0613382931266204	0.106094582510469	0.578147268929284	0.563164696135644	0.738460563592339
B9J08_05464	611.314777780121	-0.0713500859219684	0.123604414753847	-0.577245449234636	0.563773658634842	0.738837048732642
B9J08_03889	991.383274716957	0.058501107646957	0.10135384175091	0.577196745938165	0.563806555036072	0.738837048732642
B9J08_00770	2618.97023991414	-0.0468113625536645	0.0811108540851859	-0.577128216459185	0.563852844500504	0.738837048732642
B9J08_04127	2633.07598049432	0.0462166735938513	0.080196814458367	0.576290640794018	0.564418747877382	0.739403275543562
B9J08_05407	500.750802931683	0.07406004478142	0.128629241799082	0.575763673528459	0.564774930444595	0.739618128382499
B9J08_04559	308.067140242337	0.0943545068177903	0.163965299140858	0.575454119330049	0.564984211693669	0.739618128382499
B9J08_00236	703.121572448955	-0.0671745694037604	0.116714412925726	-0.575546478964072	0.564921765931672	0.739618128382499
B9J08_04290	767.238740093357	-0.0636461157661498	0.110797753422336	-0.574435074721643	0.565673423601649	0.740345018291809
B9J08_04192	445.057767052115	0.0786875978319318	0.13730877778983	0.573070411801161	0.566597020041218	0.741378250418517
B9J08_03022	10.8624373520915	0.463391899751018	0.809362601356933	0.57253930311843	0.566956666903882	0.741673253959232
B9J08_00965	39961.0535966868	-0.0415709060118983	0.0726465504163501	-0.572235099583506	0.567162711388614	0.741767228074981
B9J08_00225	150.163624731861	-0.12447809389081	0.217648637123792	-0.571922229956397	0.567374663047008	0.741868881632556
B9J08_00139	2000.21759042813	-0.0471757884283498	0.0825444475146181	-0.571519827787269	0.567647323752347	0.742049848244849
B9J08_02931	1803.0392409881	-0.0518390812723904	0.0908027290471111	-0.570897833318367	0.568068899753651	0.742193554747324
B9J08_02281	6455.24038489162	-0.0394375984906398	0.0690962421474585	-0.570763289940948	0.568160110391881	0.742193554747324
B9J08_00942	1932.29767721874	0.0499376121548736	0.0874475897807646	0.571057616111201	0.567960587725216	0.742193554747324
B9J08_05496	1637.99662593439	-0.0581965660012265	0.102133774043659	-0.569807260586976	0.568808430515074	0.742338653000428
B9J08_04440	4.17861447687536	0.714647685759665	1.25387700569785	0.569950387886671	0.568711347916141	0.742338653000428
B9J08_04267	587.691691235205	-0.0704600160213872	0.123626371373247	-0.569943251093715	0.568716188582886	0.742338653000428
B9J08_03449	394.922194238305	-0.0813360241814615	0.142643829638937	-0.57020359301444	0.568539619423245	0.742338653000428
B9J08_00561	935.183772774839	0.0616965674918328	0.108400934365402	0.569151620814111	0.56925324919129	0.742743793267294
B9J08_05105	154.976735872958	-0.123090201809434	0.216480482651156	-0.568597225495774	0.56962950813533	0.743059308818496
B9J08_02838	1362.40905847528	-0.0521246583737701	0.0917873730004966	-0.567884848098748	0.570113161043742	0.743514733621699
B9J08_05145	24968.8617440713	0.0401486740968164	0.0708824022818011	0.56641243530659	0.5711134432892	0.744427853605634
B9J08_05126	2446.4106393049	-0.0501955964856927	0.0886071763847301	-0.566495836271147	0.571056762611128	0.744427853605634
B9J08_00023	456.39311392986	-0.0755525745360944	0.133423943354754	-0.566259493134688	0.571217392281797	0.744427853605634
B9J08_00264	0.445937546657261	-2.1103186228114	3.73195106162108	-0.565473284072145	0.571751890814301	0.744948774288223
B9J08_05321	816.586433309476	0.0615393203953761	0.10893006818638	0.564943375322983	0.572112279536124	0.744952954527206
B9J08_04053	1661.53169988691	-0.0518178082978028	0.0916858889720468	-0.565166667180388	0.571960406520102	0.744952954527206
B9J08_00305	472.573214639488	-0.0755147599664255	0.13368424918734	-0.564874025365559	0.572159452138229	0.744952954527206
B9J08_01311	84.2445880013521	0.162006870038971	0.287143201955936	0.564202352468828	0.572616427013736	0.745323086758604
B9J08_00082	1547.49814385534	-0.0527909880711068	0.0935911190268467	-0.5640598020413	0.572713433954006	0.745323086758604
B9J08_02117	70.6037143456627	0.17900263196525	0.317584976664465	0.563636963704267	0.573001225398538	0.745522074571026
B9J08_03466	6761.3937908865	0.0378872357837964	0.0672951222232825	0.563001218098514	0.573434054484371	0.745909630297745
B9J08_03068	423.436308983347	0.0777853993829497	0.138382971133099	0.562102394145987	0.574046257251494	0.74653027384212
B9J08_02476	1431.0937032145	-0.0531476959535108	0.0948124808127721	-0.560555904643636	0.575100318856559	0.747725114636603
B9J08_04292	1338.01434157994	-0.0568021858242646	0.101601062038068	-0.55907078808863	0.576113410157297	0.748866137803241
B9J08_05482	347.043001069614	-0.084882422995848	0.15189698895744	-0.558815705159443	0.576287502971821	0.748916301181579
B9J08_02143	1691.26096402663	-0.0504764577226856	0.0903696259215938	-0.558555567846212	0.576465070938167	0.748970956059062
B9J08_03199	5081.17547927148	-0.0396481563371523	0.0710777673306043	-0.557813755639463	0.576971568593118	0.749452845972776
B9J08_01830	11467.1569758446	-0.0412805285146758	0.0740500863573527	-0.557467662028958	0.577207947570378	0.749583723266325
B9J08_05485	681.756207034502	0.0648475369364728	0.116451866305378	0.556861293802022	0.577622201832826	0.749769354046507
B9J08_03417	460.317344361177	-0.0773427877609893	0.138855198025373	-0.557003186491127	0.577525252068762	0.749769354046507
B9J08_02005	1439.31921679861	0.0502597605635766	0.0903401124829572	0.55633936224131	0.577978883304211	0.750056184086024
B9J08_03459	1315.80023196607	0.0551485477484559	0.0994032246055675	0.554796365684168	0.579033953282798	0.75039467242774
B9J08_02981	456.248400427161	-0.0777843181204578	0.140210894050085	-0.554766579640183	0.579054329275251	0.75039467242774
B9J08_01906	1831.17674548969	0.0468833698750327	0.0843989285185788	0.555497216587439	0.578554613441675	0.75039467242774
B9J08_01685	4.76767958266328	0.671512915549136	1.210117347223	0.554915535332285	0.578952435256582	0.75039467242774
B9J08_01674	1245.28081237881	0.0538387306514929	0.096975447075508	0.555178988858617	0.578772238941567	0.75039467242774
B9J08_00969	547.944734984529	-0.0697932913652415	0.125728576872321	-0.555110803776276	0.578818873484267	0.75039467242774
B9J08_01795	249.922455189523	0.0960925943108658	0.173373490721558	0.554251944232886	0.579406433449674	0.750499029218737
B9J08_00199	1076.05290258645	-0.057034555668329	0.102883866296086	-0.554358595974526	0.579333456016701	0.750499029218737
B9J08_04804	810.882820178518	-0.0617282620947551	0.111778366271889	-0.552238005917956	0.580785298446308	0.751983316702626
B9J08_04281	1049.65994713471	0.0572607727155413	0.103699310506032	0.55218084321024	0.580824457934414	0.751983316702626
B9J08_03989	4364.86759882617	-0.0428992568284863	0.0777241762536909	-0.551942251384737	0.580987919341228	0.752018789273763
B9J08_02225	63.0204807545349	0.193339696996363	0.350611860697707	0.551435130037024	0.581335424237094	0.752292411556642
B9J08_04979	11304.6501740562	-0.0358311166249877	0.0650703749232275	-0.550651762299858	0.581872417971711	0.752811061359935
B9J08_05398	13.1347901895575	-0.394595580142893	0.717457138461471	-0.54999185176284	0.582324962364942	0.753220235663711
B9J08_00288	666.21805991894	-0.0638462262933196	0.11616681689605	-0.549608123896958	0.582588185540478	0.753384394357094
B9J08_01353	1396.04425196859	0.0515770894927606	0.0939313646406725	0.549093369292195	0.582941375418272	0.753527519999294
B9J08_00268	2299.55829115937	0.0448723420116962	0.0817273279981503	0.549049419708324	0.582971535284419	0.753527519999294
B9J08_01981	621.710111792528	-0.0649290202002805	0.118454010880975	-0.548136949668359	0.583597871074999	0.754160727947514
B9J08_02720	1138.507040508	0.0535051085604057	0.0977056427364298	0.547615337885251	0.583956055535189	0.754270885473941
B9J08_01589	1078.32135620078	-0.0549684080656834	0.100372133364785	-0.547646106772586	0.583934924074218	0.754270885473941
B9J08_01269	268.248692430887	-0.100715482293004	0.184428580595897	-0.546094764529379	0.585000798436669	0.755443788074642
B9J08_04617	1190.92601537042	0.0638478335026032	0.117153203261855	0.544994346931287	0.585757405616797	0.756244144088773
B9J08_03729	5.50278245561106	0.59626103832165	1.09498787558528	0.544536657999927	0.586072229593673	0.756473893732889
B9J08_02075	8.56368423400317	0.497200055920788	0.91369237804938	0.544165703759343	0.586327450189666	0.756626620872819
B9J08_05272	1587.7306332945	-0.0552678259259093	0.101668631979977	-0.543607451478189	0.58671163100327	0.756945654658047
B9J08_03276	2585.50929293564	-0.0422524122683397	0.0779633453555924	-0.541952273541183	0.587851384599195	0.75823911381091
B9J08_02929	3453.90568844953	0.0406958285006166	0.075156585640271	0.541480538983009	0.588176407862459	0.758481336037286
B9J08_04252	1775.03738223642	0.0462897110007151	0.0855533222626424	0.541062693726949	0.588464370955869	0.758499188594339
B9J08_00938	1106.06146154503	-0.0530333240700164	0.0980170591385303	-0.541062183829275	0.588464722397779	0.758499188594339
B9J08_02104	3733.88650114998	0.0413842725016916	0.0766290979296639	0.540059502457895	0.589155998053444	0.75921315020783
B9J08_04232	23760.1626373064	0.0330738120186281	0.0614191463920278	0.538493514832063	0.59023638114676	0.760428083589311
B9J08_03999	1273.34630428982	0.0501953645140551	0.0934083301015192	0.5373756758043	0.591008141792029	0.761244931177941
B9J08_03935	1559.73771871343	-0.0513958652730627	0.0959413292273187	-0.535700992335512	0.592165217690855	0.762557585782236
B9J08_05121	506.058739563929	-0.0772568725139544	0.144462291944366	-0.534789192903757	0.592795636902005	0.763191587504631
B9J08_04151	192.842943338045	0.106590509221528	0.199606265981456	0.534003823464292	0.59333888876344	0.763535282466946
B9J08_02191	418.184751945755	0.074178263064336	0.138882454593595	0.534108237656084	0.593266650755868	0.763535282466946
B9J08_02402	6528.4807294198	-0.038147909676098	0.0715239335544215	-0.53335866444023	0.59378532546981	0.763931911981295
B9J08_02287	124.054778028857	-0.126943780353244	0.238531820066958	-0.532188033938659	0.594595769804442	0.764796560323284
B9J08_02971	1251.69905499562	-0.0497899530349946	0.0936787601516343	-0.531496712321998	0.595074618958899	0.764960994292403
B9J08_02822	1143.93538656807	0.0548359858476182	0.103123713952252	0.531749524391725	0.59489948634498	0.764960994292403
B9J08_00463	588.256894893442	-0.0652726916508617	0.122830627630881	-0.531404039121356	0.595138823133225	0.764960994292403
B9J08_02096	2210.94771230432	0.0427733680279721	0.0806172551272744	0.530573361254283	0.595714459527616	0.765522859290661
B9J08_03572	1361.74299926569	-0.0500829568901743	0.0945161148580477	-0.529888019258865	0.596189573310327	0.765777311570109
B9J08_03468	716.10925253505	0.0600072387366261	0.113227179298441	0.529972035940779	0.596131319406808	0.765777311570109
B9J08_03121	809.161892823536	0.0587524103999764	0.110956252809246	0.529509684334621	0.596451928180224	0.76593629346006
B9J08_02432	2405.39292516852	0.0429393276946377	0.0811234932119665	0.529308169489721	0.596591689315779	0.765937808791709
B9J08_00470	5062.46434133481	0.0412408745008878	0.0779685819339084	0.528942215928031	0.596845535460305	0.766085758125663
B9J08_02202	4306.91921915193	-0.0377230256145712	0.0713554460577908	-0.528663580688982	0.597038845617657	0.766155955358437
B9J08_04956	4.67494159154926	0.638050987703272	1.20818310589355	0.528107854339994	0.597424479681955	0.766294987050862
B9J08_00686	865.460116301801	0.0559526637207019	0.10593809311901	0.528163780122461	0.597385666092647	0.766294987050862
B9J08_05326	2483.49866083156	-0.0422943682734652	0.0801286642235578	-0.527830691841618	0.597616852805758	0.766363885256943
B9J08_01899	3255.11176671545	0.0403957779658762	0.0765841178543818	0.527469390490145	0.597867667335131	0.766507677420846
B9J08_03364	848.715175415872	-0.0565630473212492	0.107305360207426	-0.527122291113046	0.598108667910316	0.766638823641075
B9J08_03354	1775.84571488841	0.0522127089708882	0.099398408434218	0.525287173038014	0.599383572904366	0.768094831310556
B9J08_01708	3030.20291360936	-0.0396912449243367	0.0756132231686017	-0.524924652872336	0.599635570774513	0.768239638310323
B9J08_04195	1426.09908805503	0.0506218397320465	0.0966245429031825	0.523902501487323	0.600346354856736	0.768437772879384
B9J08_03820	466.239986310693	0.0701058261661353	0.13377228157322	0.524068404468104	0.600230963271473	0.768437772879384
B9J08_00717	487.575436565679	0.0694732914234523	0.13252942515514	0.52421031285789	0.600132268761635	0.768437772879384
B9J08_00063	4144.58408439853	0.038315707459358	0.0730792228217016	0.524303707400399	0.600067318689554	0.768437772879384
B9J08_04756	653.702059179292	0.0687570165104054	0.131548742579488	0.522673308480006	0.601201615806968	0.768927813987598
B9J08_02512	40857.5357098177	-0.0352577169123877	0.0674271100169682	-0.522901202550651	0.601043007718499	0.768927813987598
B9J08_01985	3104.91483567317	0.039740900437466	0.0760059084382229	0.522865935741919	0.601067551224378	0.768927813987598
B9J08_00180	1654.8668843725	0.05053244711213	0.0967030975967675	0.522552517633304	0.601285690619576	0.768927813987598
B9J08_01679	1585.54831657274	-0.0465498476144086	0.0891326859462345	-0.522253392459056	0.601493915437142	0.7690161625309
B9J08_02086	1612.92062387589	0.0476443636959533	0.0914164611787909	0.521179261170165	0.602241899865494	0.769737251408394
B9J08_00019	88.1551538962159	-0.1478147194909	0.283689779872085	-0.521043512944136	0.602336459623902	0.769737251408394
B9J08_01357	765.185756139394	0.0606619284017019	0.116504061824101	0.520685094166845	0.602586159800323	0.769806299329407
B9J08_00895	1102.16381036845	0.0515113520300518	0.0989525627081356	0.520566124012236	0.602669053229301	0.769806299329407
B9J08_04585	1687.93987200005	-0.0535393746450257	0.103035842715687	-0.519618932925703	0.603329199448519	0.770085139797172
B9J08_04427	476.531357299898	-0.0732606203044653	0.140941472238587	-0.519794629223463	0.603206723092303	0.770085139797172
B9J08_02665	333.019817432429	-0.0844656858164396	0.162425657140526	-0.520026745179565	0.603044934233897	0.770085139797172
B9J08_00801	1528.58092738353	-0.0471592951368293	0.0907864021185648	-0.51945328855791	0.603444678932794	0.770085139797172
B9J08_02371	1994.92174213972	-0.0430875134567502	0.0829818238311976	-0.519240376596196	0.60359312576097	0.770096769640092
B9J08_04186	1051.72945770752	-0.0527050718345811	0.101661945887044	-0.518434615575244	0.60415506832891	0.770232094886608
B9J08_02677	762.522763313632	-0.0578235444372946	0.111607773897121	-0.518096028781969	0.604391270864067	0.770232094886608
B9J08_02380	1524.2435922418	-0.0564252731289435	0.108886063298203	-0.518204730888409	0.604315434348577	0.770232094886608
B9J08_02152	424.366947303367	0.0737854999258639	0.142418504747764	0.518089275382752	0.604395982544458	0.770232094886608
B9J08_01161	4746.06971522759	-0.0374851129180412	0.0722884408009857	-0.518549196838259	0.60407514434271	0.770232094886608
B9J08_04750	48.7825580801718	0.192368456159882	0.371813960066261	0.517378250471282	0.60489213932854	0.770686688351508
B9J08_04897	1289.70686695343	-0.0493378646923922	0.0956576043779201	-0.515775666903283	0.606011099402681	0.771578748306523
B9J08_03429	1391.25022065403	0.0468671030834422	0.0908416837029798	0.515920678404432	0.605909810988268	0.771578748306523
B9J08_01394	1116.40856684975	0.0515766526178206	0.0999621837944647	0.515961643293717	0.605881198984341	0.771578748306523
B9J08_03569	1145.28824016468	0.049571289763338	0.0963741799164643	0.514362766109197	0.606998386235669	0.772657779991834
B9J08_04879	183.700401938892	-0.106915698988354	0.208135411850425	-0.513683366217318	0.607473383323681	0.772906397244472
B9J08_02975	50.6217411349358	0.198648219553887	0.386706357174761	0.513692665942167	0.607466880374644	0.772906397244472
B9J08_04012	4048.4502833345	-0.0374414609930134	0.0729695795207413	-0.51311054879206	0.607873992951193	0.773238103346662
B9J08_00011	129.000477424638	0.126683801708023	0.247016534047991	0.512855555180812	0.608052364964269	0.773287027417744
B9J08_00777	1625.87516216799	-0.0499324337380025	0.0974403889799675	-0.512440829318405	0.60834252200234	0.773463419451546
B9J08_00036	1796.63905072258	-0.0444843181104012	0.086839794857238	-0.512257291527831	0.608470951289184	0.773463419451546
B9J08_01927	647.083340301929	-0.0621032292137736	0.121332394085084	-0.511843763424166	0.608760358939297	0.773653369477465
B9J08_05406	726.764727922155	-0.0591558873641244	0.115967878867651	-0.510105797758329	0.609977343603757	0.774325225462842
B9J08_04844	11.0719026217139	-0.412878297953642	0.808546807353717	-0.510642419459854	0.609601466907945	0.774325225462842
B9J08_04130	2965.63035152228	0.0389918822822882	0.0764414170605605	0.510088428258689	0.609989511790341	0.774325225462842
B9J08_03962	1.71898139074357	-1.0215312384771	2.00242275467319	-0.510147637951619	0.609948032938472	0.774325225462842
B9J08_01270	0.872754755604209	1.53175306822618	2.99968459576058	0.510638041876467	0.609604532769912	0.774325225462842
B9J08_02156	37.3123347180426	-0.218524435428203	0.428733614646872	-0.509697462393266	0.610263431077412	0.774495059371953
B9J08_04275	442.069904258838	0.0698430661075073	0.137223701198079	0.508972324006119	0.610771623484448	0.774655824590102
B9J08_01615	364.560354673487	0.0812803889181796	0.159712545414435	0.50891674606567	0.61081058143001	0.774655824590102
B9J08_01229	16143.4551592623	-0.0405529970737957	0.0796475604052952	-0.509155545599104	0.610643200175019	0.774655824590102
B9J08_03506	11623.7874333963	-0.0325824313490908	0.0640994952234111	-0.508310264153074	0.611235772945688	0.77483947639239
B9J08_01535	52514.001287565	-0.031906125373331	0.0627652477397598	-0.508340626736974	0.611214483268298	0.77483947639239
B9J08_03742	2003.83534202958	-0.0457146015247145	0.0900860846697388	-0.507454638441742	0.611835856774386	0.77542232983078
B9J08_05317	5457.48215169338	0.0369991294596759	0.0730981430842981	0.506156899457868	0.612746509239773	0.776398431125223
B9J08_02160	2172.59163416883	-0.0423397235790177	0.0837256704921134	-0.505695843701913	0.613070186489142	0.776630511282487
B9J08_04725	33.3199211836161	0.23319042456806	0.461322557220973	0.505482380859088	0.613220070427444	0.77664237608902
B9J08_02853	1517.98601596382	0.04477112016036	0.088611306943433	0.505252903999493	0.613381216721878	0.776668495950016
B9J08_05517	6.36812942846073	-0.522603891994575	1.03667553393484	-0.504115197945263	0.614180427643155	0.777502341636216
B9J08_00812	3261.60003792156	0.0376998123239746	0.0748815418531792	0.503459349139644	0.614641353919308	0.777907662723154
B9J08_04425	213.410296206354	-0.10219844637395	0.203190780827008	-0.502967929735747	0.614986820047959	0.778166702015812
B9J08_04090	26110.4226989543	0.031583574994154	0.0628737497318053	0.502333249231629	0.615433124593447	0.778553188287476
B9J08_02988	447.068999250722	0.0710409204545885	0.141956514224515	0.500441426324626	0.616764289954331	0.780058633999448
B9J08_01982	8580.89155589598	0.0346944733610085	0.0693892004556026	0.499998171663718	0.617076364840184	0.780274781164881
B9J08_05528	664.591453519557	-0.0619040892894835	0.12386124089334	-0.499785799359065	0.617225910765112	0.780285363403197
B9J08_05347	336.548905788462	0.0755307522111354	0.151312916299367	0.499169231935894	0.617660168154842	0.780452227737883
B9J08_05237	4.07895973452342	0.682339114830579	1.36702670915381	0.499141026478514	0.617680036866366	0.780452227737883
B9J08_01926	1984.47504168875	-0.0427983475331101	0.0857687542217719	-0.498996958990994	0.617781526389224	0.780452227737883
B9J08_01322	2022.3407115251	-0.0450430588134672	0.090444231824727	-0.498020248552243	0.618469770394329	0.780964683794712
B9J08_00069	474.994822526814	-0.0657982783157493	0.132077363079029	-0.498179830228583	0.618357297450833	0.780964683794712
B9J08_04913	859.820388953846	-0.0581004382073875	0.116780430649756	-0.497518615782814	0.618823378676407	0.781131595843508
B9J08_00635	1962.07116328482	-0.0423427465992942	0.0851227243294474	-0.497431760236157	0.618884613388587	0.781131595843508
B9J08_03465	644.822947063183	0.0618168348772873	0.124394545711881	0.496941682800672	0.619230176305998	0.781389311516725
B9J08_05562	6.11201914682441	-0.578704039405551	1.16538972720606	-0.496575545412565	0.619488401674025	0.781536725873622
B9J08_03283	1673.47937755195	-0.0453961671651869	0.0915637102386515	-0.495787764026451	0.620044158665602	0.782059348458417
B9J08_03918	1617.55031786585	0.0460955152792932	0.0930290513569787	0.495495918822301	0.620250102146408	0.782140614775998
B9J08_01909	582.427598986617	0.0601088090677429	0.121401981142883	0.495122142998627	0.620513904283299	0.782294787630884
B9J08_03776	0.422392780187833	-2.04298944434523	4.13462449163298	-0.494117288880652	0.621223348547872	0.782296980502185
B9J08_03063	0.422392780187833	-2.04298944434523	4.13462449163298	-0.494117288880652	0.621223348547872	0.782296980502185
B9J08_02849	0.422392780187833	-2.04298944434523	4.13462449163298	-0.494117288880652	0.621223348547872	0.782296980502185
B9J08_02111	1286.33198570361	-0.0484600426353079	0.0979341911992459	-0.49482251338265	0.620725411039075	0.782296980502185
B9J08_00966	0.422392780187833	-2.04298944434523	4.13462449163298	-0.494117288880652	0.621223348547872	0.782296980502185
B9J08_00498	3012.5306876109	-0.0372987950725233	0.0755245745648638	-0.493863027861077	0.621402917071537	0.782344857096671
B9J08_01866	3040.66083111888	0.0371668500039967	0.0753025190869651	0.493567153591151	0.621611902796813	0.782429739639714
B9J08_03611	1.67189185780471	-0.976110411017193	1.98247723123676	-0.492369039924989	0.622458481764051	0.78318648342291
B9J08_00968	625.316162001397	0.0590104753812341	0.119863191782014	0.492315234593051	0.622496511973375	0.78318648342291
B9J08_00039	1967.43313071797	0.0412912254012208	0.0839150259620563	0.492059972905107	0.622676947509398	0.783235204570879
B9J08_04044	21786.8537327428	-0.0307450546660966	0.0625144788528603	-0.491806941851998	0.622855828656537	0.783281948801975
B9J08_03502	1053.54312423386	0.0546079571440848	0.111428043395337	0.490073732609131	0.624081724758893	0.784627186966728
B9J08_01950	243.247614656795	-0.0867781815884218	0.177136935808521	-0.489893207152608	0.624209470072861	0.784627186966728
B9J08_04070	45.920859697622	-0.19071106719406	0.389701924123647	-0.489376765647043	0.624574982200476	0.784908123379271
B9J08_03667	1036.85466408796	-0.0525139462863342	0.107442724262925	-0.488762237243972	0.625010035824076	0.785097833636288
B9J08_03430	4.86806889164798	0.570145905726016	1.16604337647047	0.488957715665612	0.624871633254966	0.785097833636288
B9J08_00413	2222.54548215914	0.0459504295071464	0.0942745565864935	0.487410720038642	0.625967298162997	0.786121621664823
B9J08_03353	811.841761403811	-0.0541069493366697	0.11149109964163	-0.485302858350017	0.627461528214919	0.787398259532249
B9J08_02267	785.931460445346	-0.0528859120955221	0.10899695684816	-0.485205400451645	0.627530651616445	0.787398259532249
B9J08_01083	0.918719894861731	-1.32136529568886	2.72349363381005	-0.485172896784169	0.627553706032125	0.787398259532249
B9J08_01035	1193.50877515705	0.0469634290508802	0.0967865559136981	0.485226781834826	0.627515486286189	0.787398259532249
B9J08_03539	1276.64140007625	0.0451332169775725	0.0930768119855421	0.484902909916846	0.627745218148874	0.78745978681544
B9J08_03377	219.663853669849	0.0881723086813666	0.18303718942544	0.481717999266393	0.630006287941986	0.790116803597766
B9J08_00376	258.208028530416	-0.0843753542462904	0.17529746024829	-0.481326735292011	0.630284298531807	0.790286142918625
B9J08_05170	198.370573526241	-0.091580923420038	0.190785348207953	-0.480020736813689	0.631212647882222	0.791091225588445
B9J08_04727	1885.67628405928	0.0408476066382216	0.0850802174676031	0.480106984373607	0.631151322136104	0.791091225588445
B9J08_02785	885.50863592164	-0.0504470405445871	0.105279878279053	-0.479170771938708	0.631817145425173	0.791669318241879
B9J08_00084	5.67723393892442	-0.522725931094437	1.09181871997311	-0.478766228799695	0.632104944220454	0.79185041403138
B9J08_05158	346.942885892404	-0.0721075195428056	0.150891601168844	-0.477876296521759	0.632738253169585	0.791989091162765
B9J08_01420	2607.93677018491	-0.0388983873663323	0.0813653972181222	-0.478070392283031	0.632600104414605	0.791989091162765
B9J08_01195	23.0904396396417	0.277649205036718	0.581092828892944	0.477805251126013	0.632788823335403	0.791989091162765
B9J08_00610	2173.41091893945	0.0388667062379074	0.0813244707847363	0.477921416061674	0.63270613793873	0.791989091162765
B9J08_00994	151.915316427675	-0.103265778773933	0.21621718464232	-0.477602087663669	0.632933444712718	0.791990751398504
B9J08_04144	331.049335731157	0.0729873363057155	0.153167669766972	0.476519205500469	0.633704528171019	0.792776126573387
B9J08_00025	505.519821269612	0.0644121004721488	0.135499005613211	0.47536954371471	0.634523598670139	0.793621165388065
B9J08_04703	496.755604943549	-0.063061584355287	0.132896938728039	-0.474514950899935	0.635132739001372	0.794203314131353
B9J08_04298	1096.05232837989	0.0507621365373404	0.107198228532231	0.473535218187658	0.635831381048211	0.794897091846519
B9J08_03665	2466.88062120538	0.0409207603194402	0.086467989903025	0.473247503097197	0.636036610714574	0.794973846092141
B9J08_05409	13525.8812626111	0.0305373555228869	0.0646222523912191	0.472551704605028	0.636533045293201	0.795054582244276
B9J08_05186	11601.6113371923	0.0305233252910691	0.0646095117687295	0.472427734794339	0.636621511749299	0.795054582244276
B9J08_02964	954.293439810512	-0.052454186853566	0.110997931742546	-0.472569047279463	0.636520669750188	0.795054582244276
B9J08_00606	123.458595186023	-0.117729194033747	0.249241155299074	-0.472350538948832	0.636676602318286	0.795054582244276
B9J08_01917	1697.55027496676	0.0405655386843448	0.0859717190690581	0.471847476398138	0.637035660492406	0.795323265313198
B9J08_00293	4083.79791280102	0.0353021892392503	0.0748710815241809	0.471506334897124	0.637279196898279	0.795447633526827
B9J08_04369	9.40910315654355	-0.39515154838797	0.83969556291492	-0.470589063274599	0.637934219203505	0.796085443562378
B9J08_04615	123.776981941066	-0.114261080546756	0.243005854242846	-0.470198880198871	0.638212934119239	0.796181454012153
B9J08_03532	1591.09254974413	0.0446766202662894	0.0951139974119931	0.469716566245969	0.638557530480792	0.796181454012153
B9J08_02732	34603.7175689753	0.0346723362628147	0.0738537038867168	0.469473221221214	0.638731421583117	0.796181454012153
B9J08_00763	2607.18153305381	-0.0366864806325714	0.0781391570406699	-0.469501873605788	0.638710945939989	0.796181454012153
B9J08_00406	279.98082270159	0.07964127804003	0.169516528864454	0.469814233299405	0.638487744498554	0.796181454012153
B9J08_02941	3117.60047161389	-0.0357859809789617	0.0763412005202118	-0.468763665427125	0.639238574062249	0.79663395689787
B9J08_04923	1761.79504819499	-0.0408020861410541	0.0873230540093392	-0.467254456500002	0.640317836583175	0.797153381539053
B9J08_02383	3747.09030175668	-0.0351541917398821	0.0752490702284297	-0.467171110994014	0.640377460658736	0.797153381539053
B9J08_00988	1203.6557401887	0.0461618500972298	0.0988538190289959	0.466970831786373	0.640520746773102	0.797153381539053
B9J08_00901	0.895175128392303	-1.28217190605237	2.74353412499252	-0.467343159457099	0.640254382421231	0.797153381539053
B9J08_00334	1427.61807721251	0.0444043987530809	0.0949286720379064	0.467765932039474	0.639951985815725	0.797153381539053
B9J08_00209	4890.71759857637	0.0334142921119158	0.0714944788460729	0.46736884653508	0.640236007515888	0.797153381539053
B9J08_00436	4031.4948825306	0.0394197464230526	0.084466983107496	0.466688225065236	0.640722955404606	0.797225523305101
B9J08_03610	467.164081438295	-0.0627089084679712	0.134610357044406	-0.465855004361101	0.641319290394883	0.797428957933075
B9J08_00871	3343.78572186989	0.0350913689661182	0.0753094881096343	0.465962123059883	0.64124261270384	0.797428957933075
B9J08_00845	2742.48570683779	0.0366834652866328	0.0786977505563804	0.466131052378074	0.641121697521507	0.797428957933075
B9J08_01507	4450.19204458928	-0.0384103225472017	0.0825028131066851	-0.465563792322244	0.64152776509269	0.797508762408299
B9J08_00995	336.301171122524	-0.0722831847475864	0.155392758111009	-0.465164436401527	0.641813704467974	0.797684808768719
B9J08_01573	430.617438190015	0.0656314967906075	0.141303484569638	0.464471891761893	0.642309693278184	0.798121779394901
B9J08_05282	917.917512817403	-0.0510941214515665	0.110192716003645	-0.463679663271722	0.642877269647109	0.79831835787736
B9J08_04169	0.780016764490189	1.35939932462652	2.93696617548293	0.462858352259708	0.643465901762818	0.79831835787736
B9J08_03073	2670.97361038752	0.0382611211520772	0.0827000763468391	0.462649163606722	0.643615862666256	0.79831835787736
B9J08_02696	1377.02223482671	0.0435514420942333	0.0941370631006782	0.4626386320089	0.64362341282821	0.79831835787736
B9J08_01678	1497.02494900948	0.0425334806737861	0.0916752454991394	0.463958186773389	0.642677703231825	0.79831835787736
B9J08_01667	2096.34992676669	-0.0398214924255027	0.0860360014533272	-0.462846851932154	0.643474145616378	0.79831835787736
B9J08_01468	213873.759571273	0.0296423823654122	0.0640626949054972	0.462708951116395	0.643573001360167	0.79831835787736
B9J08_01412	686.467742809142	-0.0534132222510046	0.115394009808603	-0.462876906172147	0.643452601735274	0.79831835787736
B9J08_04181	1274.49232480751	0.0453211869987734	0.0980146896762938	0.462391781767126	0.643800391695428	0.798358708750422
B9J08_03812	202.694253976049	0.0871445173974464	0.188795603697645	0.461581285213652	0.644381617852567	0.798900224735563
B9J08_00339	797.625198056188	-0.0517593116297837	0.112205808902541	-0.461289055673938	0.64459123589408	0.798980883782592
B9J08_01076	6617.97610851488	-0.0323016911902427	0.0701972164699264	-0.460156296996211	0.645404037585071	0.799808994558899
B9J08_00513	273.04091871827	0.078209833323295	0.170362786997791	0.459078151405853	0.646178045741149	0.800588670435178
B9J08_03366	198.043893907878	0.088925794915261	0.194048174950339	0.458266587346255	0.646760926000407	0.80113125011301
B9J08_01931	330.265836850507	-0.0728114714316871	0.15910924867584	-0.457619352976955	0.647225937074492	0.801527616896867
B9J08_03901	1550.21912579511	0.0436775727335712	0.0955302074750954	0.457212162393323	0.647518557237056	0.801530809820651
B9J08_00386	3060.86006578591	0.0343518320688578	0.0751137940512129	0.457330540984743	0.647433480980288	0.801530809820651
B9J08_04203	670.555062703773	0.0527794670612125	0.116220483605699	0.4541322271578	0.649733658964303	0.802782881973918
B9J08_04104	3840.6769086945	-0.0351189440550802	0.0770846447724056	-0.455589361003995	0.648685295027636	0.802782881973918
B9J08_03487	367.049004433199	0.0664337037021227	0.145992156354852	0.455049814735577	0.649073401306564	0.802782881973918
B9J08_03479	956.167824261618	-0.0466677405690444	0.102770641272781	-0.454096033566393	0.649759708003795	0.802782881973918
B9J08_02638	1192.31144429997	-0.0441099424935429	0.0968768542351978	-0.455319723599331	0.648879238616098	0.802782881973918
B9J08_02168	11398.1546625777	0.0350420327236922	0.0770826422086521	0.454603419390299	0.649394574332252	0.802782881973918
B9J08_02017	6764.02372660075	0.0374776417548697	0.0824882663806566	0.454339064200022	0.649584803636097	0.802782881973918
B9J08_01121	605.449085928101	-0.0561608417369514	0.12370549249516	-0.453988263610435	0.649837274100111	0.802782881973918
B9J08_01045	678.068493334836	-0.0551639140786585	0.121442676873311	-0.454238291669126	0.6496573253017	0.802782881973918
B9J08_03872	3671.99919732411	-0.0336735355050661	0.0742173099742967	-0.453715386838032	0.650033690759364	0.802809719653811
B9J08_02173	2859.6008984887	0.0376543830931901	0.0830575821007797	0.453352748067014	0.650294755724645	0.802809719653811
B9J08_00918	3109.06382554801	0.0344402928790967	0.0759557814474997	0.453425561856693	0.650242333368717	0.802809719653811
B9J08_05152	2773.93713626017	-0.0347824106082702	0.0768343528224096	-0.452693480592779	0.650769474697579	0.803216365934238
B9J08_02304	54903.9828567028	0.0287064429499454	0.0634843531374457	0.452181388503637	0.651138314825705	0.803312827241445
B9J08_00003	130.488419665514	0.107510646453687	0.237735640597058	0.452227718922081	0.651104941301429	0.803312827241445
B9J08_02090	2886.73625053257	0.0350555871583244	0.0776078098280322	0.45170179697124	0.651483823519404	0.803465502029088
B9J08_01335	2.09902574783402	-0.85620931317	1.89592081576622	-0.451606051291741	0.651552809859665	0.803465502029088
B9J08_03846	9.27120773877098	0.388262237502776	0.860888216274994	0.451001918905059	0.651988165973613	0.803750639440229
B9J08_03772	0.803561530959617	1.31214565761613	2.91040105974331	0.450847024406959	0.652099806758006	0.803750639440229
B9J08_03205	1943.04666756836	0.0389586934407232	0.0864442752898766	0.450679854855416	0.652220303580501	0.803750639440229
B9J08_03769	15.7122202540027	0.303228149257343	0.673915265100906	0.449949963979432	0.652746519651023	0.804219798063131
B9J08_04751	1113.68653774667	0.043628157079173	0.0971002158706995	0.449310608508524	0.65320760609009	0.804250042071715
B9J08_03540	1185.89472062591	0.0427208969830322	0.0950736518193022	0.449345283004674	0.653182596351782	0.804250042071715
B9J08_02997	5940.88635429911	-0.0315150753305887	0.0701193339107108	-0.4494491543619	0.653107679196958	0.804250042071715
B9J08_03057	1.01145788597575	-1.18808703595753	2.64590356671659	-0.449028850069497	0.653410844968165	0.804321100253686
B9J08_02016	1437.94630518708	0.0526627835856884	0.11765588084849	0.447600096194972	0.654441833718883	0.805113701228022
B9J08_01254	37172.3247364937	-0.0300751989346292	0.067180147142714	-0.447679860997312	0.654384258041801	0.805113701228022
B9J08_00098	1.34553710380868	0.980005925482159	2.18980589640893	0.447530955638247	0.654491742286503	0.805113701228022
B9J08_05128	3471.50100775338	-0.0329015176766785	0.0736379038515215	-0.446801388358621	0.655018468780803	0.805499540937781
B9J08_04784	1667.63934662311	0.0441981428163329	0.0991083793658814	0.445957678847369	0.655627816781344	0.805499540937781
B9J08_03800	427.199808537426	-0.0625716669548607	0.140109544083451	-0.446591039633903	0.655170366385333	0.805499540937781
B9J08_02793	68.7220608650069	-0.140455472859279	0.315431439647587	-0.445280511721349	0.656117049629435	0.805499540937781
B9J08_02422	518.922927203042	-0.058173422441059	0.13053131766884	-0.445666400063821	0.655838238833267	0.805499540937781
B9J08_01952	1291.47274659129	0.0434929851074456	0.0976650893306216	0.445327858762414	0.65608283801925	0.805499540937781
B9J08_01868	618.034384959804	0.0539155948034561	0.121032444939117	0.445463981419011	0.655984483720759	0.805499540937781
B9J08_01538	958.399952017125	0.0477618347808254	0.106988281224766	0.44642118028315	0.655293036105195	0.805499540937781
B9J08_00743	9.29475250524041	0.382113811184366	0.856255414471906	0.446261483111361	0.655408375345299	0.805499540937781
B9J08_05280	419.948145927719	-0.0622729445490528	0.140015587274482	-0.444757228543241	0.656495207028235	0.805641715638689
B9J08_04017	2517.19578498986	0.0357812917658076	0.0804851833021862	0.444569923279726	0.656630587010682	0.805641715638689
B9J08_01500	1307.43115394593	-0.0415865290438741	0.0935547993110211	-0.44451518628799	0.656670151791622	0.805641715638689
B9J08_00283	2400.41747830189	0.0376466530087806	0.0848510819465478	0.443679115753601	0.657274596660685	0.806204326618643
B9J08_02030	10330.6101968156	0.0297162724866896	0.0670086267293804	0.443469355172746	0.657426280201747	0.806211460100967
B9J08_04483	221.706098948605	-0.0821580895267437	0.185677419695117	-0.442477548759819	0.658143673206932	0.806733218410892
B9J08_02749	759.345320443637	-0.0519398869879619	0.117352479607041	-0.442597269029887	0.658057060467916	0.806733218410892
B9J08_05108	6.97793029715691	0.470441274832771	1.06438070958065	0.441985908423797	0.658499403063591	0.806990288410746
B9J08_03938	647.311118696681	-0.0540401001054125	0.122633998424153	-0.440661650111942	0.659457963934121	0.807806774526571
B9J08_01380	1270.44125976792	-0.0426159636676154	0.0967028899070873	-0.440689659932201	0.659437683302909	0.807806774526571
B9J08_01762	260.85509192651	0.0752982109593163	0.171179240387714	0.439879338106472	0.660024501402134	0.808321608519741
B9J08_03634	963.490537941253	-0.047350904367851	0.107771634678696	-0.439363330704043	0.660398292205168	0.8086002128972
B9J08_03405	6.08773981372222	-0.483382781723883	1.10249963453664	-0.43844257774021	0.661065487294883	0.809237862298741
B9J08_05287	38627.9364692909	0.0271254982970572	0.0620913027477628	0.436864699187432	0.662209474223167	0.810458760857273
B9J08_03652	746.980391041731	-0.0508799008315364	0.116744899901792	-0.435821186829896	0.662966470698634	0.811084067725508
B9J08_03027	1508.6362508044	-0.0389927880933923	0.0894831141185883	-0.435755823626307	0.663013898676288	0.811084067725508
B9J08_04694	2321.55237063144	-0.034751910690969	0.0798225359983602	-0.43536465305591	0.663297762885676	0.81125176708766
B9J08_04126	595.368800326188	0.0548209276463505	0.126093342053769	0.434764649373587	0.663733266807779	0.811604815408539
B9J08_04215	835.39395117993	0.0471341357520598	0.108726187817637	0.43351226321957	0.66464265897528	0.812537044051398
B9J08_00785	973.537796737224	0.048657285086979	0.112438950302405	0.432744035373106	0.665200734886506	0.813039465218426
B9J08_04166	2903.37471686476	-0.0333299232357419	0.0771501847107633	-0.432013524798366	0.66573158336626	0.813197115298031
B9J08_04042	13.812114163824	0.297109371545558	0.68796128363975	0.431869319700175	0.665836394345459	0.813197115298031
B9J08_03924	5.63706115722349	-0.472359567352467	1.09287855131862	-0.432215973844979	0.665584450607372	0.813197115298031
B9J08_00005	8.91133496710596	-0.377590561963123	0.874544745096924	-0.431756710082657	0.665918245673763	0.813197115298031
B9J08_02937	1397.36440216482	-0.038977659139505	0.0905754042565539	-0.430333813681926	0.666952833469923	0.814100775306596
B9J08_01029	1554.43546807133	-0.0391029134327212	0.0908481048908612	-0.430420793914158	0.666889571952011	0.814100775306596
B9J08_00857	993.980047001588	-0.0440871929019296	0.102598536181676	-0.42970586660089	0.66740961535415	0.814478459717904
B9J08_03288	338.30837994088	-0.0653304963383051	0.152270508745555	-0.429042346259398	0.667892407915562	0.814887712704042
B9J08_01867	419.704119315282	0.0624808870095988	0.146078464859623	0.427721410336841	0.668853960129039	0.815880785176163
B9J08_04097	2224.85218171218	-0.0366597762848746	0.0858457748988714	-0.427042289828018	0.669348525629587	0.816303905815254
B9J08_04277	168.718942120722	0.0882750359185779	0.2072436213375	0.425948144260712	0.670145632336301	0.81709572246255
B9J08_00559	4.55093437012892	-0.51312563306892	1.20567759308662	-0.425591083396749	0.670405838698122	0.817232701915422
B9J08_02967	419.109580879256	0.0589955510540795	0.13869420082508	0.425364223616561	0.670571182201244	0.817254007503037
B9J08_01934	2189.92346366483	-0.0357984329735124	0.0843721356083088	-0.424292128146476	0.671352779398	0.817845891940213
B9J08_00794	1344.83413233123	0.044066076788914	0.103814602120417	0.424468965722188	0.671223833762937	0.817845891940213
B9J08_03444	3.37505294591575	0.585756416866284	1.38429841026241	0.423143169510141	0.672190807434825	0.818604896980961
B9J08_02973	29.7177783990077	0.20097385374274	0.475079765041985	0.423031811773711	0.672272051274938	0.818604896980961
B9J08_00604	1437.20445207739	0.0381092939771748	0.0901591793076839	0.42268900704076	0.672522177120581	0.818729090957148
B9J08_02817	4.86259321517375	0.486613741203621	1.15382694137108	0.421738931338681	0.673215584701654	0.819392762969839
B9J08_03455	845.904671369343	0.0494532550598432	0.117406878501207	0.421212587296024	0.673599853691764	0.819679962869745
B9J08_04957	0.871630361922875	-1.24240186308713	2.95167846006071	-0.420913686872783	0.67381811042535	0.819765066326416
B9J08_04201	0.330779182755146	1.94276694546641	4.63015143685695	0.419590368038847	0.674784725961448	0.820038518115418
B9J08_03662	1069.1468744459	0.0415315977227497	0.0988192404043592	0.420278455418259	0.674282046853146	0.820038518115418
B9J08_02791	0.330779182755146	1.94276694546641	4.63015143685695	0.419590368038847	0.674784725961448	0.820038518115418
B9J08_01854	710.775046260896	0.0488709655851692	0.116439001534543	0.419713025198615	0.674695108694023	0.820038518115418
B9J08_01057	0.330779182755146	1.94276694546641	4.63015143685695	0.419590368038847	0.674784725961448	0.820038518115418
B9J08_03206	650.442689302879	0.0506001828829336	0.120833120797075	0.418760870770776	0.675390904366144	0.820234130615618
B9J08_01008	428.79855363741	0.0594498687762132	0.141913513795327	0.418916191885391	0.675277383067797	0.820234130615618
B9J08_00109	1203.55556572349	-0.0399965602229513	0.0954303112343237	-0.419117989930286	0.675129903682656	0.820234130615618
B9J08_02958	1340.92933105523	-0.0390092232947679	0.0934581383439648	-0.417397820949501	0.67638744847001	0.821263934027624
B9J08_01960	2.87430140248273	-0.634879451535407	1.52445346028672	-0.416463649481302	0.677070761454691	0.821913046026812
B9J08_04107	2202.55367603098	-0.0376703418934611	0.0906635150496799	-0.415496154906627	0.677778729382458	0.822591795629523
B9J08_01582	1809.29314004495	0.0396144195605719	0.0954350974499646	0.415092776337775	0.678073987335978	0.822769468277926
B9J08_05548	1322.51331880151	-0.0384538691651268	0.0929061041244606	-0.413900351623964	0.678947086365435	0.822808898974461
B9J08_05025	278.118466447236	0.0737396530529779	0.178107565632114	0.414017522452073	0.67886127421711	0.822808898974461
B9J08_02969	367.202712422956	-0.0636683935042894	0.153707893530501	-0.414216811133745	0.678715331153953	0.822808898974461
B9J08_02729	63942.1115887757	0.0276413556344089	0.0667471043508253	0.414120670900192	0.678785735054405	0.822808898974461
B9J08_01559	297.056079587502	-0.0728347013702814	0.175717844416376	-0.414498035826654	0.678509405216723	0.822808898974461
B9J08_01032	787.71525668993	0.046023676805736	0.111214371467595	0.413828502543362	0.678999708381132	0.822808898974461
B9J08_02120	876.978888822063	-0.0458938759679192	0.111035998054092	-0.413324298175457	0.679369029902718	0.823075981646717
B9J08_04396	423.911557471292	-0.0569957952615764	0.138207938100656	-0.412391618345878	0.680052405581229	0.82372334991178
B9J08_05004	2.78598784012783	0.634025082524417	1.54002618987001	0.411697597544061	0.680561086115308	0.823978340188238
B9J08_04032	1298.99437499681	-0.0381620373193678	0.092689578908328	-0.411718747337399	0.680545582287141	0.823978340188238
B9J08_03165	1049.33767939886	-0.0408670880861689	0.0993213380150372	-0.41146332603757	0.680732827562884	0.824005768274214
B9J08_05285	1076.5654863414	-0.0426190384001092	0.10380336558208	-0.410574726176959	0.681384399190891	0.824175422231746
B9J08_04856	1.79477468554372	0.771606554797331	1.88172785263257	0.410052151652982	0.681767691413704	0.824175422231746
B9J08_03631	7032.87993776054	-0.123741284759444	0.301590831456448	-0.410295247245648	0.681589378104893	0.824175422231746
B9J08_01894	95.1937966365667	0.111790201862159	0.272140016521279	0.410781932371264	0.681232442628534	0.824175422231746
B9J08_01199	1405.51442770399	-0.0373960026551438	0.0911823522662122	-0.410123250011844	0.681715538140721	0.824175422231746
B9J08_00021	5.20992726719418	-0.47430485868951	1.15507041322705	-0.410628523818207	0.681344944954681	0.824175422231746
B9J08_01391	5.34975479124706	-0.454113435566549	1.11121234098003	-0.40866485982872	0.68278562523382	0.825045070106542
B9J08_00590	1691.83780657242	0.0365845835899841	0.0894860969755495	0.408829805148169	0.682664565332273	0.825045070106542
B9J08_04358	2023.44728634608	-0.0339521758846334	0.0834082832740848	-0.407060001139988	0.683963920123964	0.825386154263133
B9J08_04262	238.610828642052	-0.0748842394858189	0.183531142558062	-0.408019251894149	0.683259540917196	0.825386154263133
B9J08_02765	1445.37168662848	-0.0385918933780298	0.0946568299369414	-0.407703209623003	0.683491580790873	0.825386154263133
B9J08_01698	2075.02278943045	0.0335674642408607	0.0823877520071223	0.407432699923149	0.683690214164623	0.825386154263133
B9J08_00899	10453.7105581483	0.0268985978579828	0.0660291907374074	0.407374337888772	0.683733071868491	0.825386154263133
B9J08_00492	10062.2853564949	0.0294820087609668	0.0723963512784287	0.40723058883979	0.683838637204742	0.825386154263133
B9J08_02249	3324.86393707458	-0.0314019570319508	0.0772508551077913	-0.406493326036772	0.684380159758289	0.825393445721569
B9J08_01465	6.85680522526395	-0.432885688362433	1.06506180834259	-0.406441846822086	0.684417977517993	0.825393445721569
B9J08_00247	221.072597415095	-0.0763905515257136	0.187852248608482	-0.406652313675122	0.684263368950072	0.825393445721569
B9J08_04515	763.874973633562	-0.0450401889586946	0.110899029953054	-0.406136906497387	0.684642009589072	0.825483505017191
B9J08_02801	1358.65534257042	0.0376221077838059	0.0927524391130521	0.40561852759419	0.68502291334177	0.82576262639912
B9J08_02736	2964.47223069026	0.0310446841022261	0.0767003052664682	0.404753070986775	0.685659027532755	0.826349203046999
B9J08_01517	1487.03151462636	0.0389347625699441	0.0964000027901558	0.403887566836461	0.686295399553741	0.826935834605085
B9J08_01080	645.94866796369	0.0500783636092443	0.124443230025033	0.40241934896073	0.687375432506751	0.828056672943508
B9J08_04786	3145.56839274538	0.0322035818702607	0.0800742483568919	0.402171516199927	0.687557803311794	0.828095876858638
B9J08_03824	1894.20479699358	0.0343769003829281	0.0855341272839126	0.401908588706602	0.687751301634925	0.828148462774778
B9J08_03619	71.6743496557761	0.124929646971828	0.311719043092521	0.400776435511986	0.688584729602705	0.828790897324511
B9J08_00808	203.474796590715	-0.0772857895659573	0.192824631953967	-0.400808697430356	0.688560974939814	0.828790897324511
B9J08_02034	34933.8209213699	-0.0254263459030891	0.0635623573010589	-0.400022072539867	0.689140259536414	0.829278949370294
B9J08_02612	6187.59057561132	-0.0269833063825377	0.0675600790276329	-0.39939719980939	0.689600556905347	0.829652215501927
B9J08_02845	2199.05478470296	0.0339607382384991	0.0851086972025552	0.399027823885894	0.68987270277719	0.829799005059745
B9J08_03979	647.775879275165	-0.0481509456166917	0.120796481734785	-0.398612152648697	0.690179005714179	0.829825326863478
B9J08_02559	620.093929280869	-0.047406249239229	0.119056376501581	-0.398183202212606	0.690495147140426	0.829825326863478
B9J08_00905	777.326308646811	-0.0436817858068607	0.109600048580913	-0.398556263180963	0.690220193836088	0.829825326863478
B9J08_00538	314.905918926913	0.0621585875979411	0.15606161431833	0.398295172515337	0.69041261852361	0.829825326863478
B9J08_01453	29.7184519642433	-0.204730797017977	0.514507156142288	-0.397916325504631	0.690691865610651	0.829881291571754
B9J08_03396	987.472061729857	0.0407754167900308	0.102737235713756	0.396890343668952	0.69144832528542	0.830068395710798
B9J08_02889	68.7011972622561	-0.127412024267626	0.320748059199553	-0.397233967948522	0.691194935662581	0.830068395710798
B9J08_01727	1936.1422440271	0.0361630243416153	0.0911105048654204	0.396913883805516	0.691430965611831	0.830068395710798
B9J08_00056	1645.87004945244	0.0364551500337658	0.0918461560861097	0.396915359196824	0.69142987758992	0.830068395710798
B9J08_04438	501.286077990642	-0.0529841455068735	0.133589327177582	-0.396619599980776	0.691647996874877	0.830127791254603
B9J08_04587	251.20492732015	-0.0713368435877603	0.180037796633807	-0.396232596274535	0.691933446647625	0.830290091103218
B9J08_02492	899.229648788347	0.0437682059306958	0.110563175779185	0.39586603425818	0.692203859218231	0.830434280420916
B9J08_01568	364.845369232321	-0.0592274801165567	0.149788283564911	-0.395407963206217	0.692541833103496	0.830659442613503
B9J08_05289	132.831185018253	-0.0969063767688064	0.24551794921159	-0.394701801151375	0.693062973354047	0.830777215156341
B9J08_01438	964.424805313923	-0.0409546182675779	0.103824450875655	-0.394460244404538	0.693241273077808	0.830777215156341
B9J08_01007	880.17542594061	0.0413404883484704	0.104671263114397	0.394955474104567	0.692875748622168	0.830777215156341
B9J08_00887	1068.60339422919	0.0444570509533061	0.112661993715372	0.394605576265782	0.693133997570113	0.830777215156341
B9J08_04139	445.377971902008	-0.0536692910341405	0.136136973748199	-0.394230087216484	0.69341117427794	0.830800685071358
B9J08_00943	1827.86114604425	-0.0350681891200318	0.0892005446110954	-0.393138733321924	0.694217017497995	0.83140573254852
B9J08_00373	3376.91401989725	0.0290392219305616	0.073828981577282	0.393330929266093	0.69407507710186	0.83140573254852
B9J08_02643	22.4779454626579	0.215987235868085	0.549958425004151	0.392733752313105	0.694516138855898	0.831583773712424
B9J08_00752	391.956914023682	-0.0570102733251952	0.145296798969102	-0.392371158412917	0.694783993216811	0.831724308102516
B9J08_05045	157.337333088097	-0.0887776591035339	0.226846539823745	-0.391355579734707	0.695534421446345	0.832442344593752
B9J08_05273	3338.42313749547	0.0332745841554253	0.0852873558352746	0.390146743670801	0.696428039638265	0.833331408330958
B9J08_04059	1237.9962458072	-0.0395614326435206	0.101561374058996	-0.389532270610476	0.696882443470689	0.833514231781541
B9J08_03156	1039.0104200723	0.0394977297525463	0.101359907664153	0.38967803604773	0.69677463984467	0.833514231781541
B9J08_00366	728.173738586382	0.0438967058915994	0.112896856667265	0.388821329374774	0.697408321401361	0.83396274175364
B9J08_05265	82.9035847140552	-0.111923732766002	0.288030385422557	-0.388583074670415	0.697584589166588	0.833993083349283
B9J08_02092	929.824828185399	0.040084488439468	0.103405996538977	0.387641817506772	0.698281118125737	0.834645272465603
B9J08_03687	2.24401226727876	0.654185959817829	1.69287853940985	0.386434079343864	0.699175214894128	0.835533278425912
B9J08_00567	1338.7953739832	0.0361483982151959	0.0936943963663874	0.385811741332314	0.699636098972621	0.835903311504902
B9J08_01712	2790.95806256159	0.0301662501689072	0.0782538981478751	0.385491980372691	0.699872946995154	0.836005571221573
B9J08_05322	3535.55832293432	0.0282067559812851	0.0732628526524746	0.385007612453818	0.70023177555208	0.836253462289617
B9J08_03831	926.345766868102	0.0414852789469068	0.10790280898069	0.384468943290723	0.700630910051229	0.836532159443771
B9J08_02289	3511.25604119408	0.0288059221109225	0.0749998097761078	0.384079935628037	0.700919202168284	0.836532159443771
B9J08_00680	560.660883257423	-0.0475354825813825	0.123718263347435	-0.384223648919883	0.700812691768295	0.836532159443771
B9J08_05565	1416.64749016562	-0.0367951830761304	0.0961298842301982	-0.382765290635516	0.701893799191752	0.836626196588271
B9J08_05334	783.221280130108	0.0422622156070333	0.11037627402501	0.382892211033116	0.701799686791063	0.836626196588271
B9J08_04997	52.1438467082936	-0.14538160785302	0.379005579396306	-0.383586985934584	0.701284587208795	0.836626196588271
B9J08_04885	1580.53627822355	0.034716931044421	0.0907042804582116	0.382748541403352	0.701906219211112	0.836626196588271
B9J08_01224	0.964368353036895	-1.09332779606665	2.85599950283921	-0.382817922405009	0.701854771795777	0.836626196588271
B9J08_00096	1782.69346231824	0.033337129888307	0.087078838227828	0.382838477944385	0.701839529710158	0.836626196588271
B9J08_05416	3002.83479360095	-0.0310901306314142	0.0813985133436173	-0.381949612521419	0.70249873952015	0.836877843203437
B9J08_05351	1568.64778105037	0.0337598238216379	0.0885027869076968	0.381454923638139	0.702865712923231	0.836877843203437
B9J08_04549	6463.94425424561	-0.0296705393765347	0.0776629042283734	-0.382042619592056	0.702429752136011	0.836877843203437
B9J08_02842	479.933639537379	0.0503885552379134	0.131986298555692	0.381771106465658	0.70263115208049	0.836877843203437
B9J08_02815	5.94106868439765	0.431770063909421	1.13193808697099	0.381443180399396	0.702874425212656	0.836877843203437
B9J08_05414	3575.10105121356	-0.0278738936632097	0.0731997172303147	-0.380792368029341	0.703357322818977	0.836911931802042
B9J08_04457	304.868821270726	-0.0612258331337141	0.160707905623433	-0.380975863609205	0.70322115843377	0.836911931802042
B9J08_00196	689.852074642695	-0.04435631640072	0.116474307485801	-0.380824899140332	0.703333182149888	0.836911931802042
B9J08_01850	2830.36636612583	-0.0301027912181321	0.0791534296598317	-0.380309373169315	0.703715778549927	0.837158223858253
B9J08_00249	3797.37136480529	-0.0275975641956719	0.0726464984826902	-0.379888429202788	0.704028236775597	0.837349701884813
B9J08_04853	10.8495538928627	-0.29565134711174	0.778909872944304	-0.379570676122217	0.704264131584848	0.837450054920278
B9J08_02588	1586.36198144263	0.0332319821566557	0.0876287918273506	0.379235881993336	0.704512708178387	0.837565441622272
B9J08_03481	2002.4134693373	-0.0316735848046655	0.0835783921785193	-0.378968582417957	0.704711194348983	0.837621241111147
B9J08_05033	505.251160768319	-0.049508427839907	0.131081348689676	-0.37769238976259	0.705659121872355	0.838199102284899
B9J08_04895	387.806240683533	-0.0539163630591015	0.143199565768818	-0.376512056930007	0.706536253696204	0.838199102284899
B9J08_04854	2.26755703374819	0.629554066392338	1.66739018091461	0.377568534107001	0.705751143449491	0.838199102284899
B9J08_04145	329.773026670652	-0.0577491461453643	0.15363776596725	-0.375878585462342	0.707007161407467	0.838199102284899
B9J08_03916	4835.92897357688	0.0268898194815721	0.0714339759876229	0.376428990684086	0.706597996785347	0.838199102284899
B9J08_03011	598.778148097615	0.0461250049790586	0.122265556351658	0.377252648705042	0.705985857686699	0.838199102284899
B9J08_02960	14549.2598096287	-0.0251173924450263	0.0665873265517223	-0.377209804714357	0.706017694470435	0.838199102284899
B9J08_02923	7757.92621347147	-0.0263797056195217	0.070183981908918	-0.375865046439745	0.707017227221313	0.838199102284899
B9J08_02762	797.732907511156	-0.041222561659778	0.109356127987484	-0.376957034035585	0.706205535376864	0.838199102284899
B9J08_01664	1827.04527035524	0.0317264221727656	0.084182859009566	0.376875085332519	0.706266437574999	0.838199102284899
B9J08_01450	16.7058525850994	-0.245254435721736	0.651264569689215	-0.376581879525201	0.706484356098177	0.838199102284899
B9J08_00431	6.00945419644326	-0.401385438818738	1.06760893757996	-0.375966727787604	0.706941631767051	0.838199102284899
B9J08_00048	520.884996546811	-0.0484466222579316	0.129111006192773	-0.375232318967425	0.707487696199185	0.838576988396503
B9J08_02570	971.746050975323	-0.0382132217469157	0.102016484767631	-0.374578891185637	0.707973674290252	0.838793247117304
B9J08_00423	3.75067287424708	-0.500632284437226	1.33637157977268	-0.374620571115696	0.707942671850986	0.838793247117304
B9J08_01037	52.6470029374337	-0.13319373757184	0.356407380333903	-0.373712063557877	0.708618549189768	0.83937735134416
B9J08_04507	681.371486820513	-0.0441796965808046	0.118640676463218	-0.372382372537311	0.709608176432124	0.839863630161819
B9J08_03971	1213.34293785395	0.0364398286348726	0.0977689291578534	0.372713795157134	0.70936146805886	0.839863630161819
B9J08_02379	995.481131890026	0.0389662707964942	0.104660343524623	0.372311703595036	0.709660785772428	0.839863630161819
B9J08_01555	3387.96966372438	0.028615814137505	0.0768191378864237	0.372508920626175	0.709513971442178	0.839863630161819
B9J08_00006	133.712218616845	0.0905077015426142	0.243208955039152	0.372139675235413	0.709788857696012	0.839863630161819
B9J08_05448	1072.13724196694	-0.0382730176336066	0.103096199852919	-0.371235968815614	0.71046178496254	0.840347338191559
B9J08_01255	3085.24455489494	0.0287408535677818	0.0774411884658519	0.371131359644038	0.710539694721524	0.840347338191559
B9J08_00395	1362.39430381282	0.0352693072314081	0.0950711093996198	0.370978181007207	0.710653783012004	0.840347338191559
B9J08_02576	123.752473563653	-0.0919990219443954	0.248214389926126	-0.370643386033244	0.710903162716144	0.840462412905267
B9J08_04334	769.72073997343	-0.0414346353642935	0.111983622303821	-0.370006207263753	0.71137786539286	0.840663985894021
B9J08_03500	10775.8778942076	0.0261411871137565	0.0706182522481814	0.370176070371803	0.711251305230523	0.840663985894021
B9J08_05300	6088.46002433444	-0.028384481306199	0.0768106762208151	-0.369538229615364	0.71172658334229	0.840896286048063
B9J08_01643	29545.5240818246	0.024196521784962	0.0655517715695706	0.369120791179259	0.712037692416756	0.841084061976365
B9J08_04445	1389.64807619027	-0.0349444797967252	0.0948844274206674	-0.368284667428089	0.71266098397541	0.841102717646975
B9J08_03309	2346.62216323154	0.0298888312761314	0.0812022360525935	0.368078919117114	0.712814389263331	0.841102717646975
B9J08_01242	706.935970764396	0.042184209298351	0.114497039625854	0.368430567604176	0.712552208310443	0.841102717646975
B9J08_01058	736.971488326192	-0.0430350705645646	0.116915614708695	-0.368086595377273	0.712808665659432	0.841102717646975
B9J08_00642	903.500727124561	0.0418154837121805	0.113358276998264	0.368878963402212	0.712217944079042	0.841102717646975
B9J08_03427	3622.03382777934	-0.0275208015994853	0.0748801139104597	-0.367531513539017	0.713222589685543	0.841404749880896
B9J08_04129	4036.89390208756	-0.029320423786221	0.0800018682320995	-0.366496738565621	0.713994445828578	0.842125246573283
B9J08_02834	549.814577743937	0.0514198794596926	0.14037478080684	0.36630425468267	0.714138055127371	0.842125246573283
B9J08_03954	4037.01847370793	-0.0267487198571839	0.0731318271714443	-0.365760311095146	0.714543937892756	0.842424134968699
B9J08_04442	518.659195247539	0.0477607299934362	0.131212570781992	0.363995078434902	0.71586168450946	0.843797724522027
B9J08_04540	1874.35668571395	0.0305765869248234	0.0841737490782835	0.363255614246034	0.716413946628095	0.843804244716411
B9J08_03374	6830.65109859317	-0.0242078999842311	0.0667262089229811	-0.362794475738508	0.716758418864442	0.843804244716411
B9J08_02738	5166.79477252376	-0.0298157645593059	0.0820970367083424	-0.363177110341136	0.716472585273181	0.843804244716411
B9J08_01543	505.539534295943	-0.046828374430891	0.129088685960902	-0.362761260464563	0.716783233027601	0.843804244716411
B9J08_01386	519.99256662171	0.0469795449926073	0.129328917934787	0.363256306035874	0.716413429901755	0.843804244716411
B9J08_00774	1051.66917088052	-0.0362641487170361	0.0998797263189531	-0.363078174656098	0.716546487857481	0.843804244716411
B9J08_03907	5141.44984366117	-0.0266526935426201	0.0735525845068425	-0.362362433914755	0.717081208061816	0.843975263406656
B9J08_05339	5590.64063458516	0.0247649153814856	0.0684931817596722	0.361567600529646	0.717675179837081	0.844494511168734
B9J08_04451	248.49878836678	0.0629433193077722	0.174471970857109	0.360764648892068	0.718275391655812	0.844898099953943
B9J08_03458	603.926693125744	0.0447013155320482	0.12392942578322	0.360699771257238	0.718323895727081	0.844898099953943
B9J08_03903	688.861682123849	0.0446295935518475	0.124015746080192	0.359870379064517	0.718944069110317	0.84544763190909
B9J08_00836	902.432706621903	-0.0379467400484343	0.105564715119461	-0.359464239594568	0.719247825180114	0.845624915926503
B9J08_03039	674.272120125246	0.0428745830527834	0.119519194044886	0.358725503425682	0.719800447559713	0.845842673446911
B9J08_02667	129.401931109873	0.0831711232593585	0.231949754782097	0.358573878801868	0.719913890698585	0.845842673446911
B9J08_01193	102.518423662295	-0.0970006636281175	0.270650384939688	-0.358398395220214	0.720045192431285	0.845842673446911
B9J08_00474	568.593498702125	-0.0439216234974535	0.122372139521857	-0.358918489691101	0.719656067221369	0.845842673446911
B9J08_00181	917.48997961009	-0.0395985614331524	0.110563291681844	-0.358152880859418	0.720228907013635	0.845878701458641
B9J08_01187	409.913666558091	-0.050937266743952	0.142371061080797	-0.35777823356282	0.720509280897834	0.846028212348062
B9J08_04391	4562.28067294001	-0.0259860012446086	0.07267482874013	-0.357565359218514	0.720668605898844	0.846035553271646
B9J08_03767	8.02532537731424	0.319721069955272	0.896279238293037	0.356720379425703	0.721301147391877	0.846598309967065
B9J08_02687	3263.05929166382	-0.0272734512838376	0.0765993667902789	-0.356053221151416	0.721800708618304	0.846824987589337
B9J08_00725	1.7020366944297	0.687767193692003	1.93083587524204	0.356201789344621	0.721689452010765	0.846824987589337
B9J08_00276	5701.51136796544	-0.0255550575914482	0.071884238110739	-0.355502934483081	0.722212846918704	0.847128693743565
B9J08_02059	736.730574330719	0.0398312067180054	0.112476543572198	0.354129007284421	0.723242204190435	0.848156092204654
B9J08_05430	39464.3019983425	-0.0226162752917525	0.0642678382706885	-0.351906581897082	0.724908322910745	0.849929635283769
B9J08_04977	1322.27431228554	0.0360180434697039	0.102452910516301	0.351557054730749	0.725170476957234	0.850056675746051
B9J08_04550	3418.55437639772	-0.0291056293926124	0.0829904344252213	-0.350710652308226	0.725805433178032	0.850577908165291
B9J08_02271	15.9914123290936	-0.224912112045577	0.641965955653024	-0.350348971102043	0.726076817572615	0.850577908165291
B9J08_01100	551.58270303741	-0.0435492706506902	0.124286148649289	-0.35039520593383	0.726042123744886	0.850577908165291
B9J08_02928	1171.11332876437	0.0372566106341342	0.106469550037095	0.349927379435283	0.726393198673138	0.850768215525839
B9J08_01218	3158.66017982179	0.0278628905798546	0.0797334558389287	0.34945043190077	0.726751177545161	0.85100715218053
B9J08_04500	2501.96384067879	-0.0273526107851147	0.0784257268162756	-0.348770893117668	0.727261316837685	0.851063582079586
B9J08_03264	267.262896797634	-0.0586828386271158	0.168101572395634	-0.349091550964219	0.727020579416516	0.851063582079586
B9J08_02948	17.4970216883468	-0.214438028687143	0.614571378343649	-0.348922901787392	0.727147191291534	0.851063582079586
B9J08_04197	3863.6560608823	0.0282149695871111	0.0809747299322991	0.34844166335227	0.727508517735339	0.851172645538361
B9J08_04999	2361.82031956779	0.0288351773162948	0.0828129793948789	0.348196351912414	0.727692727321752	0.851207979662926
B9J08_01938	797.332360204831	-0.0386875024596397	0.111396354782391	-0.347295946399811	0.72836899580174	0.851818755775755
B9J08_05251	60.2309710951942	-0.120704076358367	0.350374359605058	-0.344500312449873	0.730470061096466	0.851845821726693
B9J08_05078	4251.58960114877	0.0245163884135594	0.0710541140101623	0.345038267735673	0.730065601781721	0.851845821726693
B9J08_05035	0.238041191641126	1.71090499954086	4.98566856053775	0.343164608470549	0.731474628173491	0.851845821726693
B9J08_04882	0.238041191641126	1.71090499954086	4.98566856053775	0.343164608470549	0.731474628173491	0.851845821726693
B9J08_04868	10.0188308792735	-0.285211720759932	0.825995746381381	-0.345294418293825	0.729873042486743	0.851845821726693
B9J08_04415	0.238041191641126	1.71090499954086	4.98566856053775	0.343164608470549	0.731474628173491	0.851845821726693
B9J08_03879	0.238041191641126	1.71090499954086	4.98566856053775	0.343164608470549	0.731474628173491	0.851845821726693
B9J08_03224	818.512605922851	-0.0382665120783748	0.111392967037483	-0.343527182155928	0.731201895209048	0.851845821726693
B9J08_03170	1902.10456070784	-0.0286819914212353	0.0833880478361151	-0.343958063122006	0.730877824731191	0.851845821726693
B9J08_02628	1409.92501170852	0.0321947756664944	0.0934173982236195	0.344633615136953	0.730369831067347	0.851845821726693
B9J08_02613	0.238041191641126	1.71090499954086	4.98566856053775	0.343164608470549	0.731474628173491	0.851845821726693
B9J08_02599	1.34441271012735	-0.783416839665783	2.26765191633983	-0.345474909099048	0.729737370080941	0.851845821726693
B9J08_02384	0.238041191641126	1.71090499954086	4.98566856053775	0.343164608470549	0.731474628173491	0.851845821726693
B9J08_02177	0.238041191641126	1.71090499954086	4.98566856053775	0.343164608470549	0.731474628173491	0.851845821726693
B9J08_01434	1001.53223380894	0.0350615606559207	0.101524951071159	0.345349200231044	0.729831862779263	0.851845821726693
B9J08_00779	55752.2625227566	0.0221440326298121	0.0641926725472004	0.344961998794017	0.730122939685438	0.851845821726693
B9J08_00769	1233.40415917787	0.0331460172125713	0.0961386246166403	0.344773157976239	0.730264914012929	0.851845821726693
B9J08_00417	0.238041191641126	1.71090499954086	4.98566856053775	0.343164608470549	0.731474628173491	0.851845821726693
B9J08_00416	1164.11451771933	0.0347481578535502	0.100629527584593	0.345307770866156	0.72986300525579	0.851845821726693
B9J08_00078	1349.46974465454	-0.0321920758326487	0.093297335116674	-0.345048181626951	0.73005814877031	0.851845821726693
B9J08_05443	493.335613816953	-0.0465273655298247	0.136631325656364	-0.340532197183272	0.733455780171167	0.852772661272046
B9J08_05364	5007.48722783526	0.0241805929544601	0.0710022992723769	0.340560702994973	0.733434317167552	0.852772661272046
B9J08_04593	7.35249897777314	0.371152416829477	1.08845894283729	0.340988899279924	0.733111938574982	0.852772661272046
B9J08_04180	8574.94653381718	0.0224134478587427	0.0656854904170585	0.341223727134143	0.732935162362329	0.852772661272046
B9J08_03480	5927.39184139561	0.0231952893131578	0.0680762064526122	0.34072535063046	0.733310352391845	0.852772661272046
B9J08_03363	997.446267340169	0.0345623586216552	0.10151454940841	0.340467044606632	0.733504836563652	0.852772661272046
B9J08_00821	1.72558146089913	0.655330789464081	1.92304924825958	0.340776914609533	0.733271530809856	0.852772661272046
B9J08_00010	231.703540374952	0.060906479788893	0.178599748727579	0.341022203126358	0.733086866889194	0.852772661272046
B9J08_05342	267.806983711591	0.0571948599720927	0.168143244440719	0.340155562968559	0.733739380549153	0.852865942438522
B9J08_01828	717.677509742668	0.0386373847966152	0.113684826600745	0.33986404300292	0.733958916017698	0.852941742815353
B9J08_04544	2520.12136948493	-0.0265442883230816	0.0783905753335341	-0.338615812042987	0.734899169331332	0.852958359700604
B9J08_03904	2270.8279452617	0.0277960163851319	0.0820443492423736	0.338792575501057	0.734765994761264	0.852958359700604
B9J08_03647	720.872765714876	0.0380752452655345	0.112404851851331	0.338733111946927	0.734810794042897	0.852958359700604
B9J08_03472	2090.52276584555	0.0290405792255158	0.0855243514813352	0.339559186623632	0.734188518030608	0.852958359700604
B9J08_00292	3116.91179119638	0.0264934304307	0.0780721815470436	0.339345332815325	0.734349595813228	0.852958359700604
B9J08_00013	58.3977998358854	0.1148327332332	0.338948832169936	0.338790762304875	0.73476736079285	0.852958359700604
B9J08_05241	4.83357277223009	0.413645162865841	1.2253121813848	0.33758349027295	0.735677085379477	0.853502781463554
B9J08_01684	4147.1488234163	-0.0246942523677667	0.0731436716118897	-0.337612972162483	0.735654865251913	0.853502781463554
B9J08_05068	132.88943319747	0.0795992928450398	0.236330684012247	0.336813195365333	0.736257725239663	0.853997155802648
B9J08_04795	4021.26475066548	0.0241954356310443	0.0719387450674318	0.336333857483401	0.736619120949999	0.854030903774819
B9J08_03508	1977.24273355522	0.0281692657482394	0.0839093777550913	0.335710578505991	0.737089127853486	0.854030903774819
B9J08_02797	2646.77678046921	0.0266047883451344	0.0791602012770625	0.336087932015446	0.736804558520175	0.854030903774819
B9J08_02194	417.802501350609	0.046627543647154	0.138960590999914	0.335545087363531	0.737213939191182	0.854030903774819
B9J08_01225	92382.8651041308	0.0208557144576735	0.0621155919308467	0.335756511519558	0.737054486981748	0.854030903774819
B9J08_00144	13746.701431109	-0.0230635529660001	0.0686872981493427	-0.335776098163804	0.737039715667707	0.854030903774819
B9J08_01027	2845.82511125134	-0.0258019308007458	0.0771178963290903	-0.33457773135615	0.737943645490122	0.854697093173493
B9J08_05305	17.3895877882816	0.2064056604386	0.617729495400146	0.334135996379608	0.738276938324341	0.854724892777259
B9J08_00027	586.929006195204	0.0405855703077299	0.121442982113666	0.334194447479423	0.738232833641948	0.854724892777259
B9J08_03390	1564.74050745993	0.0292580382966788	0.0877327634763968	0.333490444588016	0.738764101164266	0.855109777410449
B9J08_01983	486.004130118275	0.0434251316086415	0.130322344539315	0.333213247215187	0.738973319151109	0.855172850701042
B9J08_04768	2389.01500587014	-0.0275542188278477	0.0829263143943829	-0.332273525346909	0.739682729039084	0.855703695793492
B9J08_02608	17631.3531002101	-0.0254015429342621	0.0764656556405955	-0.332195450643288	0.739741678759056	0.855703695793492
B9J08_05083	1343.85019675549	-0.0309413738050292	0.0936067496264486	-0.330546396798364	0.740987141198266	0.856965040678555
B9J08_00390	341.806375292805	-0.050104699197552	0.151692141282135	-0.330305174507104	0.74116938346249	0.85699648167305
B9J08_03728	1825.42703022586	-0.0280827433120629	0.0853149981468849	-0.329165374459875	0.74203069308889	0.857454242254296
B9J08_03718	21.1872770495013	-0.187316652896335	0.568742743434202	-0.329352163273809	0.741889520719876	0.857454242254296
B9J08_03026	1.48424023418022	-0.691969812460152	2.09982331370298	-0.329537160552753	0.741749710927912	0.857454242254296
B9J08_04889	33.0859692875619	-0.14762974569414	0.448998657850796	-0.328797743852494	0.742308568501998	0.857596040574946
B9J08_04231	1384.72529912999	0.0300875477982299	0.0916667539829986	0.328227481512111	0.742739670565421	0.857603912320775
B9J08_03648	799.568159514914	-0.0361398644644617	0.110028328724394	-0.32845963292769	0.742564160970784	0.857603912320775
B9J08_01120	599.705356957213	-0.0399158985116579	0.12163066936662	-0.328172974131575	0.742780880817722	0.857603912320775
B9J08_02010	1019.01116003263	-0.0362353428113338	0.110534532341723	-0.327819207660014	0.743048363529524	0.857733564166182
B9J08_01808	4360.60734072895	0.0238236345746523	0.0727414250872121	0.327511243367714	0.743281240487327	0.857823223256098
B9J08_00825	7249.83258660818	0.0220156157702622	0.0672941424786299	0.327155008732796	0.743550647893652	0.857954996014242
B9J08_04406	3957.72427711249	0.02365423693406	0.0723613353024256	0.326890553293412	0.743750666313405	0.858006665145938
B9J08_05564	426.73587504674	-0.0453003399777544	0.139387697326453	-0.324995253143888	0.745184664305187	0.858220910514352
B9J08_05390	1160.79696515594	0.0315080720128436	0.0974579445312098	0.323299164212862	0.746468686903931	0.858220910514352
B9J08_04623	27.7336490278698	-0.159262730482214	0.49065330412241	-0.324593208980981	0.745488967615602	0.858220910514352
B9J08_04601	2416.76612939408	0.0258726771631364	0.0797062372517014	0.324600408390049	0.745483518103663	0.858220910514352
B9J08_04599	8014.36600236271	0.0265446276194736	0.0821015165739108	0.323314705101424	0.746456918486168	0.858220910514352
B9J08_04352	439.723095458711	0.0441212345928506	0.13643156346822	0.323394627102753	0.746396398073793	0.858220910514352
B9J08_04237	505.96922800929	0.0428167460471443	0.131246639608619	0.326231179516862	0.744249452835425	0.858220910514352
B9J08_03891	5241.26511175977	0.0236378325257248	0.0728468923571676	0.324486491610771	0.745569747625253	0.858220910514352
B9J08_03404	1.50778500064965	-0.72037936643828	2.21965429608572	-0.324545749177537	0.745524892100133	0.858220910514352
B9J08_03080	1378.87262486672	-0.0302103750739336	0.0931288308699067	-0.324393367679392	0.745640240329215	0.858220910514352
B9J08_02883	364.242105556619	0.0481410744250598	0.148971018909753	0.323157314606432	0.746576105980279	0.858220910514352
B9J08_02656	3038.84620248165	0.0249047624084126	0.0763375906367596	0.326245067478197	0.744238946112146	0.858220910514352
B9J08_01790	396.875432061616	-0.0458791756961904	0.141804451697952	-0.323538331461657	0.746287582823692	0.858220910514352
B9J08_01726	1115.61594801798	0.0314776392738184	0.0967728083957348	0.325273594883144	0.744974013442395	0.858220910514352
B9J08_01632	4386.0821224934	-0.0253274413326289	0.0781350537671501	-0.324149534831154	0.74582482635153	0.858220910514352
B9J08_01352	4.71729001464664	0.387610409017334	1.1942508250784	0.324563651854197	0.74551134068464	0.858220910514352
B9J08_00964	1123.78495927702	-0.0322394459597777	0.0997602216748193	-0.32316934965187	0.746566991957206	0.858220910514352
B9J08_05403	335.588041755203	-0.0496389966777931	0.154076902677974	-0.322170265724644	0.747323709074223	0.858544614436339
B9J08_05139	9217.42108769463	0.0223225682812394	0.0692378819460008	0.322403973862877	0.747146674116225	0.858544614436339
B9J08_01638	3096.34777300159	-0.0246044074816233	0.0763502448369789	-0.322257086852281	0.747257940125799	0.858544614436339
B9J08_03424	1080.64718947225	-0.0327540002529292	0.102040532357793	-0.32099009576	0.748217896528793	0.859393248984754
B9J08_01930	3446.85805498536	-0.0245500013690916	0.0765780265222379	-0.320588065323966	0.748522583102637	0.859564578601345
B9J08_03594	71.0870969997106	-0.0990246028237827	0.309317985028727	-0.320138522868581	0.748863324089515	0.859777231458818
B9J08_00975	706.344963283522	-0.0374497464016074	0.117250664285556	-0.319399012617967	0.749423959464132	0.860063584708941
B9J08_00034	555.333592811398	-0.0403442439308212	0.126242541036159	-0.3195772486809	0.749288823531358	0.860063584708941
B9J08_03089	342.866722093763	-0.0484416121078976	0.151977813704577	-0.31874134077268	0.749922663015559	0.860457246935228
B9J08_04253	1715.44406633941	-0.0303257367760128	0.0954459617370722	-0.317726766267513	0.750692205951756	0.860689935851492
B9J08_04118	1655.98847061141	0.0276257400310769	0.0869683652022589	0.317652746108643	0.750748359098976	0.860689935851492
B9J08_01645	2203.85791246859	-0.0263842924865507	0.0829732477938943	-0.31798553374805	0.750495910235478	0.860689935851492
B9J08_00799	1948.60349131873	0.0267827224490866	0.0841517166515017	0.318267095607831	0.750282341518058	0.860689935851492
B9J08_02436	1368.03835024357	-0.0306589823705877	0.0966008691976418	-0.317377914145478	0.750956863577337	0.860750432391527
B9J08_01928	1054.17818014379	-0.0320846802058149	0.101291955885366	-0.316754473989283	0.751429911134514	0.86111406154685
B9J08_03497	678.730086989478	-0.0363942501148163	0.115272631680957	-0.315723251773635	0.752212576393073	0.861832278135264
B9J08_04696	832.854126082504	0.0341391502068093	0.108257860162815	0.315350314106206	0.752495687154914	0.861977961223878
B9J08_01392	1919.26040012403	-0.0264347425145232	0.0839691627569632	-0.314814887353764	0.752902207595066	0.862264919473255
B9J08_02033	2202.68980386503	-0.0260092768875134	0.0827473642553559	-0.314321514909521	0.753276859153105	0.862515268394285
B9J08_05348	1663.50409111396	0.0280350549594979	0.0897007563375722	0.312539783432742	0.754630333360171	0.863668038266017
B9J08_04838	1.32086794365792	-0.761383493038336	2.44084461536693	-0.311934437876488	0.755090349736368	0.863668038266017
B9J08_04819	359.302611681927	0.0470849668569183	0.151916786639092	0.309939196968258	0.756607194621937	0.863668038266017
B9J08_04384	628.575303564688	0.037020819819136	0.119405995649084	0.310041548733739	0.756529360712301	0.863668038266017
B9J08_03741	5.97226476873775	0.321584368605194	1.0368922358175	0.31014251770499	0.756452580775477	0.863668038266017
B9J08_03724	957.463476396623	-0.0321920776316462	0.103517958716199	-0.310980606948625	0.755815364595697	0.863668038266017
B9J08_03701	1712.04850229052	-0.0290137440563895	0.0935946319578569	-0.309993676447743	0.756565765123122	0.863668038266017
B9J08_03684	4923.08470036246	0.0217338540280247	0.0696423812109917	0.3120779854178	0.75498125670825	0.863668038266017
B9J08_03098	653.628751207511	-0.0374435816223858	0.12027221311742	-0.311323627061141	0.755554607343719	0.863668038266017
B9J08_02740	1247.38604747537	0.14519273017868	0.468445783670046	0.30994564417074	0.756602291741835	0.863668038266017
B9J08_02574	4259.56789514828	0.0222402935245855	0.0717631637392051	0.309912389111064	0.75662758119849	0.863668038266017
B9J08_01929	11752.6126028258	0.0233608031229064	0.0752262841986006	0.310540436388335	0.756150014484735	0.863668038266017
B9J08_01331	1.32086794365792	-0.761383493038336	2.44084461536693	-0.311934437876488	0.755090349736368	0.863668038266017
B9J08_00042	3.11378366888755	-0.460737789904238	1.48511594218767	-0.310236916065652	0.756380799509396	0.863668038266017
B9J08_00031	2349.80295379178	0.02513254087118	0.0809793833882158	0.310357276378536	0.75628927961679	0.863668038266017
B9J08_04766	949.572755526233	0.0344890475032132	0.111663958813038	0.308864631612775	0.757424502096478	0.864325678565814
B9J08_04614	2468.96876166132	0.0243510463419614	0.0788713888579456	0.308743724366511	0.757516480364176	0.864325678565814
B9J08_04300	1759.10312003185	-0.032943938814684	0.106870853616854	-0.308259340126472	0.757885002403094	0.864567679727946
B9J08_02410	246.11280333879	0.0558771022799702	0.181742216950812	0.307452518283592	0.758498958772128	0.865089505805521
B9J08_04229	4120.14239167717	-0.0218551014771794	0.0713481561899262	-0.306316275630192	0.75936384827973	0.865718644686895
B9J08_03496	547.172861039899	0.0391724613214627	0.127820808288792	0.306463883665627	0.759251474396217	0.865718644686895
B9J08_04760	1440.1547786474	-0.0283907654988226	0.0927782591945944	-0.306006663040265	0.759599572609273	0.865808793114343
B9J08_00833	914.419716545978	0.0330327194708519	0.10804933395904	0.305718862490853	0.759818710316616	0.865880002457719
B9J08_05298	131.926012349523	-0.0747174140331852	0.245959511027058	-0.30377932417082	0.761296019724493	0.866313177067587
B9J08_01964	4.29264844709614	-0.373808738419307	1.22999394180439	-0.303911040302307	0.761195666441797	0.866313177067587
B9J08_01955	80.3006681704484	-0.0934096401276241	0.306676836956608	-0.304586551285061	0.760681064135686	0.866313177067587
B9J08_01602	233.229394465596	0.0539158419803459	0.177261790117004	0.304159412723736	0.761006444758617	0.866313177067587
B9J08_00996	16393.405933993	0.020169311791351	0.0663009963681168	0.304208275835959	0.760969220245379	0.866313177067587
B9J08_00653	2726.47265890557	0.0256138832364871	0.0841256657132354	0.304471685535289	0.760768561065772	0.866313177067587
B9J08_00402	124.119247172623	-0.0773429462551616	0.254181735828642	-0.304282075984023	0.7609129994439	0.866313177067587
B9J08_03914	4116.48703561684	0.0225622817312049	0.074487222074535	0.302901371575223	0.761965026063681	0.866628081383885
B9J08_03462	22.2627425293552	0.174266370891541	0.575070823198212	0.303034624365695	0.761863474991387	0.866628081383885
B9J08_02483	480.66285560846	-0.0412578235639469	0.136254881184712	-0.30279886639816	0.762043147372116	0.866628081383885
B9J08_02556	1378.12275613941	0.0304368644169664	0.100683517388792	0.302302355006467	0.762421583243125	0.866880084465079
B9J08_04034	98.0796498112672	-0.0798899647654154	0.264942258591645	-0.301537267743119	0.763004836057368	0.867364814662499
B9J08_02660	109.610777756721	-0.0770579093457607	0.255894218179069	-0.301131889161471	0.76331392490768	0.867537746856826
B9J08_05061	469.174417526796	0.0412055055105897	0.137041097574666	0.300679914564601	0.76365858629029	0.86775102928175
B9J08_04542	1435.268358705	0.0291031982444089	0.0970302729107232	0.299939362957234	0.764223408501314	0.868214343018861
B9J08_01370	885.936610467164	-0.0315682786078592	0.105585046284976	-0.298984370595963	0.764951970881127	0.868684927688512
B9J08_00667	1528.69444295567	-0.0288480825689265	0.0964743555170568	-0.299023325051662	0.764922248505273	0.868684927688512
B9J08_02725	554.455216279308	-0.0382332033020726	0.128069175716018	-0.298535561647178	0.765294438522126	0.868716853914929
B9J08_01273	2735.19866073282	-0.024308534313592	0.0814199932953717	-0.298557311659393	0.765277840924242	0.868716853914929
B9J08_00064	2219.93320180455	0.0240204616548412	0.0806106319272062	0.297981309419984	0.765717428910129	0.869018527635787
B9J08_02467	321.272731159168	-0.0464115012059634	0.155917360561485	-0.297667309392795	0.765957096292782	0.869112065532787
B9J08_01018	1.8878293577401	-0.627336840872802	2.10994659895221	-0.297323563157633	0.766219493803971	0.869231351037469
B9J08_04616	3980.85935929294	-0.0220807100986426	0.0744138447432041	-0.296728521081544	0.766673780513824	0.869389820455459
B9J08_03828	820.342121686056	-0.0320302524063549	0.107906813350372	-0.296832529956686	0.766594368827513	0.869389820455459
B9J08_02513	3224.2478470567	0.0240210549669147	0.0813632504471383	0.29523224348714	0.767816472407331	0.870507003691348
B9J08_00702	619.158475944308	0.035379344452929	0.120046268132729	0.294714238128684	0.768212185572123	0.870777020028123
B9J08_00813	1039.11817065345	0.0297538683049088	0.10134214781394	0.293598161739532	0.769064980626933	0.871564926783896
B9J08_02253	472.388443289627	0.0386824134001821	0.13207141846539	0.292890118465101	0.76960614213979	0.87199941525351
B9J08_03798	6.88736794743934	0.293830260497939	1.00445094229902	0.29252823420665	0.769882775700279	0.872134064622964
B9J08_02291	303.696548379389	0.047742063258733	0.163566377020756	0.291881889960028	0.770376930576977	0.872206538251226
B9J08_01734	2211.47931972261	0.0244311926735341	0.0837185472326924	0.291825330002784	0.770420177264788	0.872206538251226
B9J08_00363	9051.75616715334	-0.0196224307217527	0.0672376619529598	-0.291836898425778	0.770411331797311	0.872206538251226
B9J08_04363	5879.64317432884	-0.0205879538455853	0.0708201612224576	-0.290707525797847	0.771275015320374	0.872995496554517
B9J08_02598	813.236105140697	0.0314825266027711	0.108492883174306	0.290180569283895	0.771678100455602	0.873116604591178
B9J08_01339	30.7870151836648	-0.135903548000302	0.468383208796852	-0.290154611539986	0.771697957920736	0.873116604591178
B9J08_04024	5736.93731555239	0.0212913925631463	0.073454226996244	0.289859323742323	0.771923861233804	0.873193446794768
B9J08_03416	787.742383998458	0.033853094326922	0.117168837880067	0.288925749708071	0.772638198249683	0.873822656379374
B9J08_02972	4891.01418757181	0.0221071146126725	0.0765863438345387	0.288656090705073	0.772844567441028	0.873877234911326
B9J08_02932	584.883749764668	-0.0378022572043099	0.131287212278679	-0.28793556164532	0.773396064845961	0.87432195753807
B9J08_04524	1272.27502677186	0.0278389290678776	0.0967831731072486	0.287642243729996	0.773620604982663	0.874396949639914
B9J08_05475	4.31514196585046	0.384367266747527	1.3392382086323	0.287004406139266	0.774108946492449	0.874441585847955
B9J08_05044	5.61134074935761	-0.308425739782565	1.07343873695485	-0.287324957787077	0.773863514405562	0.874441585847955
B9J08_04436	21.2514856291883	0.165480862353823	0.576661664804732	0.286963522033077	0.774140251251591	0.874441585847955
B9J08_00524	4680.62574478694	-0.0224723502507427	0.078365282456881	-0.286764107091781	0.774292947555617	0.874441585847955
B9J08_03259	496.601099770714	-0.0403770800003058	0.141380553979943	-0.285591468300753	0.775191038732891	0.875276991026903
B9J08_02586	462.402473229356	-0.0384911163517914	0.134960374710511	-0.285203093384666	0.775488550563003	0.87536332881921
B9J08_00592	1138.94218129311	0.029522189749428	0.103558230799953	0.285078158649283	0.775584262932454	0.87536332881921
B9J08_02746	8798.32432913719	0.0185291778012005	0.0651176083796016	0.284549421612432	0.775989365546324	0.875570376260472
B9J08_02664	1400.39580223754	-0.0265863601664036	0.0934739941781635	-0.284425207247798	0.776084543748878	0.875570376260472
B9J08_05171	840.836654392137	-0.0319693720762158	0.112524781171087	-0.284109613398034	0.77632637997962	0.875664469825992
B9J08_01739	2967.28719838642	0.0226186568473564	0.0797693860166443	0.283550594743664	0.776754803275097	0.875968944644248
B9J08_02490	660.706307073488	-0.0341198929921066	0.120466375082129	-0.283231673310043	0.776999250187682	0.876065862053716
B9J08_04481	76.1513763267935	-0.0870953375277218	0.308540785126579	-0.282281441307641	0.777727714870559	0.876708358166343
B9J08_04816	5299.80214034385	0.0209392891336341	0.0742741388592374	0.281918975503946	0.778005639098099	0.876842815516965
B9J08_04111	23567.4072330955	-0.0181309952597415	0.0644612759649723	-0.281269568253563	0.778503649512146	0.877225213221943
B9J08_00403	1987.55730034931	0.0233544959845548	0.0833557359178231	0.280178631109189	0.779340460281504	0.877989140639192
B9J08_03775	1.81719505833182	-0.544551477371189	1.95033543757433	-0.279209138530784	0.780084330882439	0.878111221341597
B9J08_03764	417.789956323444	-0.0387387301916191	0.138535962366219	-0.279629415568022	0.779761836673055	0.878111221341597
B9J08_02564	1.81719505833182	-0.544551477371189	1.95033543757433	-0.279209138530784	0.780084330882439	0.878111221341597
B9J08_01791	630.661265195338	-0.0338997638844578	0.121237809247317	-0.279613794532567	0.779773822597026	0.878111221341597
B9J08_03273	2132.11869629156	0.0229741698060338	0.0826635062792734	0.277923969598109	0.781070723408821	0.8790403418444
B9J08_02963	4414.02740126792	-0.0206350473674467	0.0744128171343394	-0.277305014943778	0.781545909141195	0.8790403418444
B9J08_02208	52.8039639990402	-0.101442728992413	0.365647830577198	-0.277432875322355	0.781447741095999	0.8790403418444
B9J08_01176	2158.67512525613	0.0232429623986416	0.083730560144831	0.277592343326471	0.781325310375488	0.8790403418444
B9J08_00127	1427.818321048	0.0267914175460649	0.0967786844969209	0.27683180118983	0.781909261258736	0.879270088906823
B9J08_02296	1720.14107998672	-0.0242079300422699	0.0875501981156163	-0.27650342961305	0.782161425841799	0.879374735685034
B9J08_02486	5486.19694893876	0.0194505254865596	0.0704168957688088	0.276219581596143	0.782379418142994	0.87944092822378
B9J08_04448	11723.7669219453	0.0176269392507896	0.0639941902274587	0.275445930140486	0.782973661083315	0.879558657243317
B9J08_02242	1003.3576854888	0.0284123382605888	0.103047260594725	0.275721432055645	0.782762033077905	0.879558657243317
B9J08_00792	1448.70562063499	-0.0299334568309934	0.108634266575153	-0.275543415302439	0.782898775591504	0.879558657243317
B9J08_00353	795.56741478986	-0.0308660525515343	0.112136408325446	-0.275254513787829	0.783120707851342	0.879558657243317
B9J08_04761	702.202884736255	0.0315528386390779	0.114907139172197	0.274594240761609	0.783627991519056	0.879569309616217
B9J08_03890	1580.91624220404	0.0242891583031147	0.088393845010848	0.274783366422558	0.783482678038534	0.879569309616217
B9J08_02910	1314.45720516636	0.0256760771157741	0.0935670550254217	0.27441365028319	0.783766754090803	0.879569309616217
B9J08_01511	199.648230640327	-0.052263503418816	0.190367681084761	-0.27453979121354	0.783669828877102	0.879569309616217
B9J08_05218	3377.15333161213	0.0207011076149657	0.0757310818252422	0.273350216529797	0.784584017365521	0.879920636775041
B9J08_03773	4.38538643821016	-0.330692405999818	1.21032896688337	-0.273225226403827	0.784680089595035	0.879920636775041
B9J08_02087	50.9206322160254	0.0998173290912235	0.365393418755088	0.273177687302923	0.78471663084208	0.879920636775041
B9J08_01213	989.751490207699	-0.029505657704578	0.107875150433487	-0.273516723601423	0.784456038710065	0.879920636775041
B9J08_00864	517.639708361213	0.0347151488192283	0.127471268858988	0.272337046065111	0.785362873657564	0.88046665369277
B9J08_03801	37463.4665823676	-0.0165661386902653	0.0609497086318381	-0.271800129354707	0.78577570575181	0.880750826544363
B9J08_04963	1645.33788775335	-0.0250558327690321	0.0924817321448128	-0.270927373308692	0.786446891249711	0.881293092604422
B9J08_03443	4051.18861720349	-0.0201981071341187	0.0745988192270841	-0.270756391902588	0.786578401631556	0.881293092604422
B9J08_00070	1766.77288008187	0.0230552926060454	0.0852274247511478	0.270514950714088	0.786764116536624	0.881322511572339
B9J08_05371	1053.20867797806	-0.0293539526409012	0.108999832461256	-0.269302731738922	0.787696730187951	0.88167617271177
B9J08_04864	39.7983947201713	-0.110814167520892	0.410991737720428	-0.269626265811387	0.787447791279663	0.88167617271177
B9J08_04020	1981.63451426217	-0.0261800846615758	0.0971983869928769	-0.269346904527278	0.787662740755369	0.88167617271177
B9J08_02782	3352.89390698219	-0.0235554723443894	0.0876540802510919	-0.268732183110163	0.788135783938015	0.88167617271177
B9J08_01731	936.825684830302	-0.0276205201532948	0.102818382806047	-0.268634065227394	0.788211295288127	0.88167617271177
B9J08_01724	4041.26171544645	0.0202772570967024	0.0755356913729306	0.268446038265417	0.788356006068675	0.88167617271177
B9J08_00767	970.505851746045	0.0293203137573112	0.109051844746694	0.268865820889288	0.788032939740871	0.88167617271177
B9J08_00443	6942.21391040908	0.018664265929842	0.0694762033667665	0.268642571490455	0.788204748804221	0.88167617271177
B9J08_03401	2363.89924925194	0.0212217294725688	0.0796396867332523	0.266471784898521	0.789875886467344	0.88319725359195
B9J08_04259	316.032370432768	-0.0415733820717237	0.156227422271505	-0.266108097203794	0.79015595910612	0.883331712374499
B9J08_04439	522.77514672285	-0.0348487108042105	0.131247071744702	-0.265519910966068	0.790608973418731	0.883659412757396
B9J08_01185	2144.5146372355	0.0241975252191673	0.0915845305717825	0.264209742279584	0.791618304473985	0.884608647154814
B9J08_01806	680.538542317329	0.0315094408592224	0.120211670739379	0.262116320864847	0.79323176433436	0.886232456332324
B9J08_01994	23.1565763643246	-0.140744161020999	0.542876545715595	-0.259256293409171	0.795437499537978	0.888517190773323
B9J08_01564	15.2604172038226	0.173373184144987	0.669315564544577	0.259030557974481	0.795611663063269	0.888532160386075
B9J08_01738	239.013498127103	-0.0457114596493169	0.177285616894224	-0.257840768191534	0.796529799509533	0.889198182566994
B9J08_01333	264.157213851936	-0.0442573905205812	0.171595425295447	-0.257917077010534	0.796470905086984	0.889198182566994
B9J08_04553	1385.94545385295	0.0237848106240156	0.0924253805092916	0.257340683835481	0.796915788537019	0.889449427149456
B9J08_00984	8434.2964767823	-0.0170375427441928	0.066366251439066	-0.256719980031353	0.797394946509173	0.889804536514476
B9J08_03807	215.488965296887	-0.0472872901282661	0.184409298740015	-0.256425735856915	0.797622117676906	0.889878369882975
B9J08_04935	1304.86642546939	0.0239443839060419	0.0937259952112371	0.255472175590952	0.798358431417604	0.890340405658817
B9J08_00318	945.800108675887	-0.0277497004631267	0.108549671233774	-0.255640575855496	0.79822838417509	0.890340405658817
B9J08_04959	812.632959227953	0.0293410194615259	0.114982967091416	0.255177094518692	0.798586321507106	0.890414887829286
B9J08_02936	2342.74780990555	-0.0203441948328754	0.079849118550719	-0.254782960690455	0.798890736461207	0.890574647120027
B9J08_04381	10650.8124222915	-0.0164793559277478	0.0647687390523154	-0.254433792735057	0.799160446913287	0.890695662450037
B9J08_04697	25675.8878285812	-0.01687630117096	0.0665129100504032	-0.253729706882036	0.7997043821335	0.891122201623358
B9J08_02799	831.150903301057	-0.0302860917855926	0.119947805649969	-0.252493921180794	0.800659312129057	0.891996475190902
B9J08_01862	14838.244480081	0.017876805122137	0.0709149709208925	0.252087886238846	0.800973133050922	0.891996475190902
B9J08_00240	1117.51547778611	0.0246425125120553	0.0976909020677868	0.252249820509959	0.800847971588887	0.891996475190902
B9J08_04782	1121.50204614487	-0.0244052272956579	0.0970951116282895	-0.251353820870908	0.801540567374939	0.892448572901146
B9J08_04888	1158.11644078229	-0.024197085185737	0.0965367770402285	-0.25065147115543	0.80208358344482	0.892726477729232
B9J08_04447	436.626521772234	-0.0342279014106497	0.136608802061044	-0.250554143614808	0.802158839002802	0.892726477729232
B9J08_01209	529.088247792951	-0.0317840219402427	0.126930829780116	-0.250404271328743	0.802274726774216	0.892726477729232
B9J08_02081	1366.63173140713	0.0230611332822959	0.0922981288212312	0.249854829960444	0.8026996159226	0.892839761965025
B9J08_02009	24.1859023544868	-0.133873836488263	0.535746284811747	-0.249882902193721	0.802677905935918	0.892839761965025
B9J08_02864	145.045647618399	0.0573852592559292	0.231076791120836	0.248338480803644	0.803872527940549	0.893964479261049
B9J08_05111	12889.5370067334	-0.019257468782471	0.077784927792944	-0.247573268098063	0.804464595890316	0.89400902095565
B9J08_04589	2917.09456853889	-0.0195500327574419	0.0789473261846882	-0.247633880743559	0.804417693979122	0.89400902095565
B9J08_03281	364.025520011793	0.0407533312480214	0.164692860450845	0.247450503540103	0.804559592949775	0.89400902095565
B9J08_00014	2376.96434499346	0.0213920332869725	0.0864270609511753	0.247515454668271	0.804509332431322	0.89400902095565
B9J08_03082	3215.36110635472	-0.0184381358701269	0.074656758393411	-0.246972092907722	0.804929821808931	0.894240628168434
B9J08_00371	6327.87905862311	-0.0171568417866716	0.0695828132419474	-0.246567233880229	0.805243165277886	0.894408957896077
B9J08_04412	867.36092147756	0.0267146657108571	0.108536797700485	0.246134640756383	0.805578008311727	0.894601095426746
B9J08_02282	1163.91598934139	0.024838083770915	0.101066535257445	0.245759723608268	0.805868236856156	0.894743620952988
B9J08_02641	394.016454285122	0.0357995781345879	0.145886238200922	0.245393798456047	0.80615153036097	0.894878390902808
B9J08_00439	966.489242391628	-0.0253186772322149	0.103415063234066	-0.244825815895983	0.806591303913051	0.89518677444326
B9J08_01476	1114.70204564827	0.025689424100991	0.105147932661147	0.244316968016657	0.806985343021494	0.895444286464524
B9J08_04560	13632.9688013926	0.0157728649731371	0.0650017335205577	0.242652989679862	0.808274227881515	0.896514480734725
B9J08_01214	763.539201122547	-0.02784231938972	0.114728702700098	-0.242679632336645	0.80825358689475	0.896514480734725
B9J08_04896	5.47046197758962	0.270725053660907	1.11821593861817	0.242104448980986	0.808699230950928	0.89680590880132
B9J08_03428	4623.44667906807	0.0170193920005612	0.0705824993973983	0.241127647021077	0.809456185629492	0.897465263384995
B9J08_04424	2367.16091027311	0.0191161067861469	0.0795769949668215	0.240221521233833	0.810158530549096	0.897703728617653
B9J08_04099	2492.05176057531	0.0189634587864564	0.0788446199317951	0.240516839358992	0.809929610425333	0.897703728617653
B9J08_00065	23.4763044127905	0.133113887068007	0.553652498850994	0.240428585338748	0.809998020105281	0.897703728617653
B9J08_00782	469.034789873523	0.0334141371242868	0.139500808839842	0.239526475883369	0.810697369081225	0.898120737404676
B9J08_04185	682.194534227093	-0.0278243886781284	0.116335539229424	-0.239173590997471	0.810970979789848	0.898243808677052
B9J08_02563	48265.7702145692	-0.0179513345063273	0.0755443717285779	-0.237626365744683	0.812170899259147	0.899392618754819
B9J08_04001	0.683978738298387	-0.720465221017351	3.03834314653762	-0.237124375447311	0.812560302686967	0.899518759067134
B9J08_00158	647.00075641189	0.0282255347491467	0.119064981222333	0.237059918536757	0.812610306499403	0.899518759067134
B9J08_03709	802.598327066951	-0.0260840420048042	0.110448334825778	-0.236165099690722	0.813304559999168	0.900106989009892
B9J08_05377	57810.232957897	-0.0144896501893546	0.0614447602141403	-0.235815879805812	0.813575545320196	0.900226634431376
B9J08_04873	380.409543168026	0.0343955326193501	0.146085493110645	0.235447968767843	0.81386105861777	0.900362304039314
B9J08_02968	2097.54534465457	-0.0202208851513108	0.0859670030352772	-0.235216820842445	0.814040451065702	0.900380542933788
B9J08_05053	3854.45530402536	0.0169407177564451	0.0725530061146954	0.233494360380662	0.815377548310118	0.900549056145085
B9J08_04428	0.234741156563345	-1.16399050721889	4.98835780772598	-0.233341422585225	0.8154962956407	0.900549056145085
B9J08_04426	643.680626658582	-0.0285207527645745	0.121840315321993	-0.234083051157587	0.814920503653371	0.900549056145085
B9J08_04049	1122.08157637523	-0.023963252344409	0.102491328270563	-0.233807608397359	0.815134342627799	0.900549056145085
B9J08_03859	152.399904352018	0.0510955922260211	0.218518186946307	0.233827641259791	0.815118789724116	0.900549056145085
B9J08_03784	0.234741156563345	-1.16399050721889	4.98835780772598	-0.233341422585225	0.8154962956407	0.900549056145085
B9J08_03754	0.234741156563345	-1.16399050721889	4.98835780772598	-0.233341422585225	0.8154962956407	0.900549056145085
B9J08_02330	0.234741156563345	-1.16399050721889	4.98835780772598	-0.233341422585225	0.8154962956407	0.900549056145085
B9J08_03217	589.674824552523	-0.0290314178227486	0.124594113071912	-0.233007941603087	0.815755238978669	0.900655055100899
B9J08_02454	3374.54359491473	0.0178299253926416	0.0771129534144376	0.231218292169618	0.817145219905058	0.90200951276518
B9J08_04511	650.611480682399	-0.0282528346068245	0.122621700873793	-0.230406481116287	0.817775925423024	0.902381024299729
B9J08_00223	2068.81075104265	0.0193589391339896	0.0840360134293774	0.230364796519751	0.817808313862374	0.902381024299729
B9J08_02204	2947.42603777185	-0.0199648152675631	0.0867974284696427	-0.23001620692652	0.818079176030995	0.902499721741179
B9J08_04753	294.648952324435	-0.0398175386059942	0.173369020788058	-0.229669282464661	0.818348765917681	0.902616968514672
B9J08_00086	2107.4384927106	0.0186300962920588	0.0814365042185169	0.228768369551683	0.819048952311996	0.903209010261053
B9J08_00992	850.894057781112	0.0246154986128604	0.107722425104263	0.228508582024917	0.819250885110335	0.90325147456709
B9J08_04119	922.343122479645	0.025083521641119	0.109986500656621	0.228060002740063	0.819599593922217	0.903455715119285
B9J08_05529	7521.62037793435	-0.021393912293237	0.0940694370077122	-0.22742681336004	0.820091872444005	0.903818101495118
B9J08_05146	425.160949699313	0.0335039390638049	0.147687071931801	0.226857629618903	0.820534449745377	0.903824641302613
B9J08_03067	593.09666595613	-0.0283239622378646	0.124891660126356	-0.226788259594023	0.820588393352002	0.903824641302613
B9J08_01831	30.4705324764003	0.113144129371086	0.49874153185247	0.226859249019899	0.820533190474862	0.903824641302613
B9J08_02695	1617.8002355779	0.0200705728061897	0.0887945963714837	0.226033718563479	0.821175195269918	0.904235391021484
B9J08_00089	1717.70543903423	-0.019356277876754	0.0856897085953328	-0.225888011454952	0.821288522331798	0.904235391021484
B9J08_04288	5.82696156821064	0.237068573461235	1.05746938214442	0.224184810893047	0.822613501853418	0.905513806959538
B9J08_05512	1747.87785989172	-0.0196724670775234	0.0880418584258883	-0.223444477766031	0.823189590981338	0.905967516796865
B9J08_02333	3981.63679192356	0.0162788292272453	0.0731489232527315	0.222543661661314	0.823890688207029	0.906558597196944
B9J08_05585	1328.52676013642	-0.0220747117903521	0.0995446518099319	-0.221756883860531	0.824503145443851	0.906759863778788
B9J08_05096	0.211196390093916	-1.08698476548042	4.99363029642328	-0.217674257195007	0.827682922519266	0.906759863778788
B9J08_04857	0.211196390093916	-1.08698476548042	4.99363029642328	-0.217674257195007	0.827682922519266	0.906759863778788
B9J08_04723	736.539531265882	0.0263832724252073	0.120195391183942	0.219503195299989	0.826258091067949	0.906759863778788
B9J08_04630	1879.87299251184	-0.0185512382414235	0.0842159090425177	-0.220281873725992	0.82565163613613	0.906759863778788
B9J08_04348	0.211196390093916	-1.08698476548042	4.99363029642328	-0.217674257195007	0.827682922519266	0.906759863778788
B9J08_03880	0.211196390093916	-1.08698476548042	4.99363029642328	-0.217674257195007	0.827682922519266	0.906759863778788
B9J08_03620	7.26885337929348	0.206763577823516	0.948485537311066	0.217993390188833	0.827434261455281	0.906759863778788
B9J08_03118	0.211196390093916	-1.08698476548042	4.99363029642328	-0.217674257195007	0.827682922519266	0.906759863778788
B9J08_02781	40025.1073217267	-0.0156393124313637	0.0711176204975601	-0.219907701100604	0.825943038510015	0.906759863778788
B9J08_02680	46.4040051240746	0.0840303195599832	0.3815513460873	0.220233319634933	0.825689448283078	0.906759863778788
B9J08_02636	574.505112220986	-0.0299965293841848	0.136758837984145	-0.219338872911909	0.826386082859116	0.906759863778788
B9J08_02543	0.211196390093916	-1.08698476548042	4.99363029642328	-0.217674257195007	0.827682922519266	0.906759863778788
B9J08_02085	0.211196390093916	-1.08698476548042	4.99363029642328	-0.217674257195007	0.827682922519266	0.906759863778788
B9J08_01967	698.747368492702	0.228903697930625	1.04123532425349	0.219838582689976	0.825996869949728	0.906759863778788
B9J08_01449	0.211196390093916	-1.08698476548042	4.99363029642328	-0.217674257195007	0.827682922519266	0.906759863778788
B9J08_01379	0.211196390093916	-1.08698476548042	4.99363029642328	-0.217674257195007	0.827682922519266	0.906759863778788
B9J08_01327	569.841057298256	-0.0304969461475156	0.139615686056003	-0.218434955333618	0.827090232615825	0.906759863778788
B9J08_01267	1047.67258022182	-0.0235875148851329	0.106901481252666	-0.220647222178175	0.825367129125468	0.906759863778788
B9J08_00999	1173.37511348987	-0.0213780249197101	0.0980482917166397	-0.218035669417809	0.827401319752911	0.906759863778788
B9J08_00239	8006.93713932357	-0.0159118901312174	0.0721853391078148	-0.220431050513619	0.825535465250619	0.906759863778788
B9J08_00123	9065.6667268519	0.0144106816037392	0.0654596366156001	0.220146067848854	0.825757397792993	0.906759863778788
B9J08_04210	374.370587103535	-0.0313420799007118	0.144762504403547	-0.216506891959683	0.828592653551835	0.90721703569354
B9J08_01576	686.267492434966	0.0256887949395577	0.118468774442278	0.216840218534329	0.828332867700682	0.90721703569354
B9J08_01220	5877.0574363807	-0.0147697689670591	0.0681647055508938	-0.21667766108124	0.828459558304545	0.90721703569354
B9J08_05080	1403.39626779003	0.0195803101431495	0.0912567855440703	0.214562785949694	0.83010821066106	0.908165352564941
B9J08_03135	18.6177177408255	0.126717551714075	0.591608003373266	0.21419174688569	0.830397531773381	0.908165352564941
B9J08_02234	4015.21126610092	-0.0165077337044258	0.0769018911137698	-0.214659658759288	0.83003267698968	0.908165352564941
B9J08_01733	739.531837671196	0.0247558894420282	0.115525451776144	0.214289483931197	0.830321318183657	0.908165352564941
B9J08_01456	2592.17070020747	-0.0175901893786641	0.0821467464479863	-0.214131297212141	0.830444670139897	0.908165352564941
B9J08_00927	11180.9270698628	-0.0143644527807078	0.0669159620422195	-0.214664070310232	0.830029237252371	0.908165352564941
B9J08_04639	471.678052126137	0.0283956503367523	0.132947250016802	0.213585842002475	0.83087004107841	0.908450784775544
B9J08_05182	64.9045592487515	-0.0684393758069863	0.325224765592283	-0.210437159305344	0.833326492970747	0.908687665725188
B9J08_04742	67.4581825595212	-0.0671761051788591	0.317194085697917	-0.211782338346734	0.832276847948705	0.908687665725188
B9J08_04668	808.908046272704	-0.0249539492781701	0.118606275162684	-0.210393162115094	0.833360829066367	0.908687665725188
B9J08_04179	305.44851278385	0.034426386974705	0.16398476195848	0.20993649997444	0.833717234103931	0.908687665725188
B9J08_04068	465.995069493994	0.0292277356907069	0.137201933544236	0.213027141350624	0.831305792797028	0.908687665725188
B9J08_04030	14.3529653429917	0.143446654891207	0.681084582741965	0.210615037435891	0.833187677336138	0.908687665725188
B9J08_03978	321.968258370793	0.0334386988239835	0.158905778289895	0.210430981074714	0.833331314539407	0.908687665725188
B9J08_03897	848.912474695141	0.0277993878626557	0.131666406633572	0.211135008339839	0.832781923218315	0.908687665725188
B9J08_03501	2902.40476975501	-0.0164107470974444	0.0777149089916622	-0.211166008046217	0.832757734311994	0.908687665725188
B9J08_03408	1044.88641822318	-0.0210602175406717	0.0992726745696991	-0.212145161112643	0.831993787975862	0.908687665725188
B9J08_03191	1632.53084585238	-0.0515782388221898	0.245532965531499	-0.210066451608808	0.833615808995854	0.908687665725188
B9J08_03104	3.44529741827545	-0.309586756856878	1.460564878356	-0.211963714481034	0.832135342740789	0.908687665725188
B9J08_03075	4316.47795654087	-0.0158225913243195	0.0753315629249114	-0.210039334244147	0.833636973423338	0.908687665725188
B9J08_02999	898.384290588652	0.0230889385480512	0.109532812951574	0.210794719188479	0.83304745943938	0.908687665725188
B9J08_02229	2659.88715563899	0.0169424118267292	0.0797924047650233	0.212331134481058	0.831848707352194	0.908687665725188
B9J08_00941	594.536002375652	0.0262738086374194	0.123642844458675	0.21249760754413	0.831718844069338	0.908687665725188
B9J08_00356	3.22862535170731	-0.297480539912093	1.42046039679909	-0.209425437402159	0.834116136839229	0.908943195644799
B9J08_02080	731.330657592639	0.0234664890540956	0.112271433214711	0.209015671949406	0.83443600437199	0.909112516492014
B9J08_04538	182440.968056602	-0.014314098479123	0.0685608447202273	-0.208779494149085	0.834620379875426	0.909134182020394
B9J08_05079	877.937912068546	-0.0229605058180831	0.110392811305544	-0.207989139388193	0.835237447438093	0.909268735865736
B9J08_02014	5941.63782854525	-0.0145091483103035	0.069632300202626	-0.20836807441493	0.834941582153112	0.909268735865736
B9J08_01351	95.3694882088349	0.0581263333275949	0.279292998804484	0.208119550351799	0.835135622396281	0.909268735865736
B9J08_04931	4.92736201105923	-0.237996821367594	1.14577227453303	-0.207717385607529	0.835449641998852	0.90932063240009
B9J08_02461	363.087299250487	-0.0303740301140111	0.1464246300617	-0.207437984314607	0.835667820484848	0.909379020244094
B9J08_04214	528.934917015201	-0.0265533391177714	0.128604797723384	-0.206472383517798	0.836421934734355	0.909573081945934
B9J08_04153	1276.36274834214	0.0195916710808445	0.0949361730408673	0.206366766779306	0.83650442835737	0.909573081945934
B9J08_03966	4.48616557424344	0.255573227212718	1.2360944919152	0.206758649022644	0.836198351585149	0.909573081945934
B9J08_02557	845.254236929792	-0.0219500887680688	0.106053875002985	-0.206971115081376	0.83603241688177	0.909573081945934
B9J08_02365	555.790238175888	-0.0259948910275537	0.12609829789506	-0.20614783436004	0.836675434709503	0.909580080180847
B9J08_05513	1255.78851354125	0.0198043311061634	0.0962295051627864	0.205803106569668	0.836944714455609	0.909593451463863
B9J08_03119	2.24288787359743	-0.373794253372761	1.81708684256984	-0.205710725880398	0.837016879707836	0.909593451463863
B9J08_01406	2.92799100557715	0.303071699826998	1.47560616421463	0.205387932889467	0.837269047473457	0.909688623036327
B9J08_04675	2700.7395411939	-0.0155981091577858	0.0774093967004073	-0.201501494943232	0.840306460610241	0.909947846354389
B9J08_04541	0.660433971828958	-0.66263558927994	3.27019256100262	-0.202628920749786	0.839425083406697	0.909947846354389
B9J08_03821	3080.91906702552	0.0152049428761455	0.0753802095882598	0.201710010614161	0.840143436125186	0.909947846354389
B9J08_03622	0.660433971828958	-0.66263558927994	3.27019256100262	-0.202628920749786	0.839425083406697	0.909947846354389
B9J08_03452	4504.80232067758	0.0144863772201727	0.070719476022916	0.204842824563328	0.837694927217173	0.909947846354389
B9J08_03275	10.116309980229	-0.163625993192342	0.802463449372957	-0.203904605649266	0.838428045905527	0.909947846354389
B9J08_02624	3342.63822162419	-0.0152396914467417	0.0751105026298082	-0.202896944011312	0.839215582930036	0.909947846354389
B9J08_02307	54.8479322149823	-0.0709621494541908	0.351940427113612	-0.201631139781742	0.840205099158678	0.909947846354389
B9J08_02237	1060.36917739569	0.0200603200556093	0.0994002477741504	0.201813582006243	0.840062463115193	0.909947846354389
B9J08_01918	301.831811536545	-0.0327165567166038	0.162104211364509	-0.201824224313562	0.840054142963173	0.909947846354389
B9J08_01913	1160.9731047104	0.0194738716147973	0.0964056801450348	0.201999214003784	0.839917338649945	0.909947846354389
B9J08_01556	45.0562923788695	0.0797158937761552	0.389810346801657	0.204499173585857	0.837963437732296	0.909947846354389
B9J08_01105	1886.9783694811	0.0188232544960511	0.0921962711358953	0.204165030365556	0.838224537488849	0.909947846354389
B9J08_00973	944.843433266919	-0.0217044735693441	0.106861988729276	-0.203107520526594	0.839050993713568	0.909947846354389
B9J08_00732	3.40077335378162	0.277469415683492	1.37008562672282	0.202519762467098	0.839510410278219	0.909947846354389
B9J08_00203	329.180625288	0.0314211322936618	0.155459830421676	0.202117371467817	0.839824967652786	0.909947846354389
B9J08_00079	1593.62685659794	-0.0179012428046384	0.0887947116325411	-0.201602578301274	0.840227429423866	0.909947846354389
B9J08_01423	0.800261495881835	-0.61709651512372	3.06711796511158	-0.201197515760131	0.840544133913291	0.910026920301422
B9J08_04073	326.121823466881	-0.0321073520593614	0.160414638177037	-0.200152258074647	0.841361504119928	0.910733457358175
B9J08_01958	3.87355570198609	0.257862203434527	1.29121918295567	0.199704439678682	0.841711741359102	0.910781533100222
B9J08_00419	3136.69301591532	0.0150611147199602	0.075428495026032	0.199674071645766	0.841735493228864	0.910781533100222
B9J08_00563	169.357570629838	-0.0408796964647565	0.205620285522612	-0.198811592741714	0.842410127318215	0.91109552549951
B9J08_00500	4.46149641409268	-0.246890354550009	1.24271041756457	-0.198670865762803	0.842520215456485	0.91109552549951
B9J08_00138	1447.83533068958	0.0191383368262634	0.0962522444577271	0.198835226483147	0.842391639377137	0.91109552549951
B9J08_01068	1000.75918944222	-0.020108996749471	0.101376502822419	-0.198359542789673	0.842763768649978	0.911180623890538
B9J08_02748	3934.02154775465	-0.0148890836817882	0.0753277055606835	-0.197657469731289	0.843313067371968	0.911596190761758
B9J08_00372	9876.19344722755	0.0127326996772283	0.0649038835393736	0.196177778322065	0.844471020432164	0.912669403583999
B9J08_02996	806.730762966093	-0.0224259402355594	0.114747786865331	-0.195436799682059	0.845051010034933	0.913117679855928
B9J08_01746	4815.48950592476	0.0138530289626515	0.0709713447057897	0.195191862576072	0.845242749264267	0.913146339949883
B9J08_03056	0.776716729412407	-0.569165202904125	2.92239934380262	-0.194759557454433	0.845581184421591	0.913147358377394
B9J08_02060	69.2530729403385	-0.062431936553263	0.320656528847079	-0.194700344252266	0.845627542394705	0.913147358377394
B9J08_01980	1096.93516968835	-0.0207123219527389	0.106458588193981	-0.194557548659188	0.845739339159378	0.913147358377394
B9J08_02493	360.419861407395	0.0285918628912884	0.148019206751729	0.193163194957836	0.846831162031235	0.914147623544265
B9J08_03335	5158.70935499573	-0.0135209446526029	0.0701522825341594	-0.19273705949652	0.847164898292563	0.914326229015958
B9J08_02515	1.50634392588596	-0.447639483853167	2.32504377791544	-0.192529486156388	0.847327473316399	0.914326229015958
B9J08_01991	752.299069405195	-0.0217344502366165	0.113356409158556	-0.191735521599098	0.84794937996237	0.914640168433259
B9J08_00993	1114.13394046531	0.0190273881478263	0.0991627733903257	0.191880354867955	0.847835926047873	0.914640168433259
B9J08_04190	925.343558196214	0.0196588479372384	0.103008602808509	0.190846661358797	0.848645730018389	0.915034129889122
B9J08_01713	1938.13819035126	0.017913258156169	0.0937934782437932	0.190986180399536	0.848536420312533	0.915034129889122
B9J08_04721	56634.4339964963	-0.0118465326715124	0.0625465627094734	-0.189403416564059	0.849776646903887	0.916074805429644
B9J08_03422	2454.58893887219	0.0151491227433553	0.0803062336159507	0.188641928045127	0.850373468917354	0.916539423304644
B9J08_02382	1788.79594427295	0.0167949542074778	0.0897117220875884	0.187210253205043	0.851495786068398	0.917391268927883
B9J08_02255	1629.66291512957	0.0169235111273667	0.0903288332805843	0.187354474897267	0.851382714275808	0.917391268927883
B9J08_02022	4896.27092491166	0.0136239860787697	0.0731006704455435	0.186372929218467	0.852152319847816	0.917919678775849
B9J08_01551	723.202795323446	0.0210938570055169	0.113689542958656	0.185539113418618	0.852806204728753	0.91827697298465
B9J08_00781	520.448005600874	-0.0246565239701663	0.132900468325659	-0.185526238400815	0.852816302212811	0.91827697298465
B9J08_04861	97.7304567989327	-0.0491795017187584	0.265401874949319	-0.185302013138188	0.852992159118694	0.918287429577137
B9J08_05563	1608.43561327415	-0.0162483877333901	0.0881029791690448	-0.184424952330091	0.853680096411242	0.91875765895278
B9J08_02078	747.685267748802	-0.0213163481409089	0.115780888992816	-0.184109383909046	0.853927645022694	0.91875765895278
B9J08_01957	3.36845287576018	-0.264863860315791	1.43769549280517	-0.184228066124768	0.85383454270747	0.91875765895278
B9J08_01921	7.92816295744111	-0.166107105046369	0.911261124032924	-0.182282663734449	0.855360903096401	0.919983147818928
B9J08_00630	1840.27435322043	-0.0153868818737426	0.0844350276574648	-0.182233396501792	0.855399565160389	0.919983147818928
B9J08_03605	491.007218115216	-0.0246464919921049	0.135549674106749	-0.181826272578827	0.855719065657102	0.920147719044125
B9J08_04522	4.41440688115382	-0.226913780727248	1.25185001844479	-0.181262753032628	0.856161340475306	0.920444218791483
B9J08_03239	1228.55787321939	0.0183363390948973	0.101295902948403	0.181017578808072	0.856353778055716	0.920472059765449
B9J08_05168	173.516372751677	-0.0377894396814214	0.209821675071099	-0.180102649874548	0.857071982327837	0.921064912760248
B9J08_05500	525.683173436332	0.0232856824383987	0.129880026214776	0.17928609284304	0.857713066233002	0.92121650156817
B9J08_05359	13324.9981847139	0.0123526790999389	0.068839833674416	0.179440862079389	0.857591548740008	0.92121650156817
B9J08_04942	542.806686567001	0.0262328454919568	0.14625527868806	0.179363409835671	0.857652360161222	0.92121650156817
B9J08_00350	3399.40197457435	0.0136621864100008	0.0771648274788239	0.177051991903306	0.859467550984977	0.92292153765183
B9J08_04315	2572.9613894116	-0.0138384967833029	0.078284933853998	-0.176770881726895	0.859688361844384	0.922979327100604
B9J08_04513	10162.431271154	0.0118576319532459	0.0672045264536276	0.176440971746566	0.859947518738387	0.923078255208208
B9J08_03882	21141.8243637743	-0.0127053241688371	0.0725163906118677	-0.175206240432461	0.860917581024118	0.923940091324331
B9J08_02495	2147.90634264121	-0.0158757628617586	0.0910780062811899	-0.174309512361794	0.861622223902564	0.924516798972912
B9J08_03232	32.2979845241187	-0.0832513955503907	0.480896587005229	-0.173117043871816	0.862559428148725	0.925342771618401
B9J08_04629	846.616585053024	0.0188688353860978	0.109793823213973	0.171856984607641	0.863549964665059	0.926167039270107
B9J08_01165	1014.05920454554	-0.0181206462081401	0.105528482852884	-0.171713320596126	0.863662913044713	0.926167039270107
B9J08_03493	12938.7255008666	0.010688623467802	0.0632950776543196	0.168869742544229	0.865899099308316	0.928376811219489
B9J08_03167	3637.37531242936	-0.0126640965018213	0.0750839482148261	-0.168665830752366	0.866059496769981	0.928376811219489
B9J08_04244	495.429254563259	0.0218317136891056	0.129823799249391	0.168164187270218	0.86645411409662	0.928619718559631
B9J08_05292	191.763986443716	-0.0334278878080198	0.199524495029474	-0.16753776423833	0.866946935857608	0.928748096706854
B9J08_05106	26135.8984719719	0.0113068815287225	0.0675231952865406	0.167451813865454	0.867014559080975	0.928748096706854
B9J08_01257	7360.86940102597	0.0125137847679349	0.0747666712572269	0.167371163614902	0.867078013209222	0.928748096706854
B9J08_01012	7306.02289153118	0.0114953324761506	0.0688688677719407	0.166916240212013	0.86743595457488	0.928951466951242
B9J08_04682	1592.76223620036	0.0146267659584209	0.0880394389828062	0.166138791062463	0.868047727487317	0.929426538129097
B9J08_04065	2.49899815523376	-0.265357513624412	1.6070973885507	-0.165116013201735	0.868852669293403	0.929928098990054
B9J08_04047	297.079023011593	0.0265086615073251	0.160445776866341	0.165218817379083	0.868771754675621	0.929928098990054
B9J08_04374	212.773684902134	-0.0305676085248019	0.185709319735523	-0.164599216497775	0.869259447949342	0.930183343430012
B9J08_05508	112.287255836728	-0.0436142862270717	0.265604518679437	-0.164207621330835	0.869567701594657	0.93033307911608
B9J08_00477	2834.91083012	0.0128994684865539	0.0788090373933232	0.163680066566157	0.869983010470837	0.93059727092555
B9J08_04919	3.91372848368703	0.213805054538061	1.30969293099476	0.163248231305386	0.870322992428501	0.930600731118654
B9J08_02711	2134.98522278788	-0.0133797490300256	0.0818531428902735	-0.163460418959862	0.870155935043938	0.930600731118654
B9J08_04806	2187.45748174477	-0.0152441775350217	0.0937370035581822	-0.162627105159806	0.870812044262632	0.930943552928349
B9J08_05372	1346.4483189185	-0.0148586787890931	0.0915063768374654	-0.162378615596215	0.871007709632211	0.930972657346206
B9J08_04056	18.6489138251656	0.097757971029915	0.604374242458362	0.161750723578611	0.871502158803648	0.931141007482653
B9J08_02900	1655.09467067199	0.0140683809622178	0.0869348808277891	0.161826654942866	0.871442362090972	0.931141007482653
B9J08_03659	13719.3870227237	-0.0120847995969218	0.0749598561582509	-0.161216952863531	0.871922529316158	0.93135634197545
B9J08_03632	251.334571000782	-0.0289115002240028	0.179499965379009	-0.161066884681326	0.872040721860494	0.93135634197545
B9J08_04801	1.13321632003343	-0.386165850386073	2.42103527326236	-0.159504429634234	0.873271468654396	0.931439666301969
B9J08_04706	605.993595612002	0.0194124763925491	0.121602216988166	0.159639165085603	0.873165325329366	0.931439666301969
B9J08_03777	1.13321632003343	-0.386165850386073	2.42103527326236	-0.159504429634234	0.873271468654396	0.931439666301969
B9J08_02666	231.354173012183	0.0287506896352491	0.180333881907425	0.159430326298906	0.873329847539457	0.931439666301969
B9J08_02276	0.753171962942979	-0.497807867028644	3.13003239155533	-0.159042401085594	0.873635467723793	0.931439666301969
B9J08_02213	39280.789422088	0.0117432305934898	0.0734973788224205	0.159777542840855	0.873056315007939	0.931439666301969
B9J08_01466	264.824407753549	0.0274902058688066	0.171297019560578	0.16048268638489	0.872500859122924	0.931439666301969
B9J08_00426	0.753171962942979	-0.497807867028644	3.13003239155533	-0.159042401085594	0.873635467723793	0.931439666301969
B9J08_00157	1735.94207943042	-0.0141086176881589	0.0885062050660617	-0.159408232198275	0.873347253488158	0.931439666301969
B9J08_03398	7052.49596312145	0.0110670135652155	0.0696990568360927	0.158782831039467	0.873839976037463	0.931478022672914
B9J08_04989	832.580851666656	0.0167428633981208	0.106547772916373	0.157139496583019	0.875134910461198	0.932139265777422
B9J08_04474	105.030909657311	0.0436058256719518	0.276398664045623	0.157764241815417	0.874642576620493	0.932139265777422
B9J08_04133	1156.22787163588	-0.0168947533281764	0.10749956016995	-0.157161139091796	0.875117854156442	0.932139265777422
B9J08_02544	4795.30490808725	0.0111455528632201	0.0708277053543063	0.157361484569716	0.874959966088449	0.932139265777422
B9J08_00458	928.260045624008	-0.0166921287168348	0.106545251659374	-0.15666703543204	0.875507268121294	0.932356198633216
B9J08_00932	583.400739089921	0.0192000503679943	0.123191086118511	0.155855841302703	0.876146653390468	0.932857359524007
B9J08_01143	1321.05857367522	0.0144438722495978	0.092818120895054	0.155614788473567	0.876336667440763	0.932879961661228
B9J08_00934	6545.68287316247	0.0105809737526461	0.0684557264565636	0.154566671049206	0.877162946813678	0.933579743315848
B9J08_02439	1445.40243539302	0.0139659223065372	0.0905440608530192	0.154244487986994	0.87741696554301	0.933670305844477
B9J08_04563	3264.40692305023	-0.0114583008385343	0.074484540910835	-0.153834617202662	0.877740138127715	0.933727988050747
B9J08_03888	4178.06214678112	-0.0111580564792237	0.0725740372847439	-0.153747220034695	0.877809051187205	0.933727988050747
B9J08_03175	1095.6772819569	0.0156391171913494	0.102322500260595	0.152841429319257	0.878523325671271	0.934128207192212
B9J08_02858	617.526490919714	-0.0182178882838014	0.119172821302373	-0.152869488904502	0.878501197388688	0.934128207192212
B9J08_00001	7.68215376684695	0.154456724042102	1.0134819371616	0.152402049191601	0.878869840937032	0.934316909186185
B9J08_01377	1498.91562579643	-0.0135653858817251	0.0893473876709938	-0.151827448292918	0.879323032492603	0.934618923189734
B9J08_04572	385.02363233197	0.0216640673430552	0.143116724895631	0.151373414664526	0.879681159810657	0.934819798168333
B9J08_02670	218.378559728699	0.0275918927549473	0.182551935442647	0.151145440819585	0.879860987632034	0.934831156986207
B9J08_01914	680.270112562026	0.0174632638847598	0.115752407869874	0.150867391928396	0.88008032348738	0.934884479706851
B9J08_05279	202.118928428444	-0.0292366973330339	0.194920427510573	-0.149992987940928	0.880770147487167	0.935078103181247
B9J08_04537	1179.40458714275	-0.0143555640735152	0.0955591397943963	-0.150227012344423	0.880585514954948	0.935078103181247
B9J08_04120	30684.55006949	0.0103152725718761	0.0686989845495484	0.150151747358599	0.880644894229557	0.935078103181247
B9J08_03341	798.099582732367	0.018885147654167	0.126185151540823	0.149662202117794	0.881031130571622	0.935175544203833
B9J08_04824	1080.2647978534	-0.015177620414554	0.102360530206418	-0.148276101969646	0.882124874732518	0.936156717098047
B9J08_05118	664.573940231839	-0.0170057250364692	0.115522324201331	-0.147207261921356	0.882968428860745	0.936527256303458
B9J08_04953	1.46399550278858	0.303270672533374	2.05608460176194	0.147499121521308	0.88273807307071	0.936527256303458
B9J08_01509	8189.17601214248	0.00995367924695198	0.0676248791172296	0.147189605022391	0.882982365224773	0.936527256303458
B9J08_03141	1537.52891179165	0.0131364451893502	0.0895770573771658	0.146649662022709	0.883408552781743	0.93661981032509
B9J08_00449	1109.5564387243	-0.0143328844239811	0.0976238277424562	-0.146817480480207	0.883276086774854	0.93661981032509
B9J08_00597	2176.28100921763	-0.0129278865380725	0.0894584613214773	-0.144512730792619	0.885095604253598	0.938228501095059
B9J08_04586	1788.1213563482	0.0137797513155107	0.0957107353636261	0.143972891475114	0.885521876055858	0.938320438834495
B9J08_02427	14613.8492984898	-0.00952295258787591	0.0660583554130131	-0.144159698320312	0.885374364536965	0.938320438834495
B9J08_05169	422.580794806812	0.0202654125968052	0.14128476657867	0.143436642799852	0.885945345391903	0.938397937064636
B9J08_03268	963.924047933442	-0.0145441598600688	0.101422179038879	-0.14340216309584	0.885972574728574	0.938397937064636
B9J08_03129	2291.79573080989	-0.0114218781706165	0.0797420722787144	-0.143235281504784	0.886104366480973	0.938397937064636
B9J08_04343	886.737058736601	0.0164236622322175	0.115027455710302	0.142780366050873	0.886463643814193	0.938598574590238
B9J08_05231	2.4519086222949	-0.229044344704752	1.61326178442533	-0.141975931566706	0.887099016909944	0.938911579176803
B9J08_00671	2.4519086222949	-0.229044344704752	1.61326178442533	-0.141975931566706	0.887099016909944	0.938911579176803
B9J08_00916	5806.94075152943	-0.0109934410998391	0.0776862929268917	-0.141510692371235	0.887466513752696	0.939120701036024
B9J08_04248	4588.4040725946	0.0108745094137787	0.0770375365767562	0.141158581867995	0.887744665260813	0.939235215332411
B9J08_05439	14960.5254016399	-0.0115559559891183	0.0831016205452243	-0.139058130434766	0.889404213767141	0.94081092621837
B9J08_04564	3423.54592717151	-0.0111030330008515	0.0800450548575228	-0.138709793136059	0.88967947911245	0.940922020867683
B9J08_00412	602.148242842027	0.0174736872347597	0.12716308766237	0.137411630654597	0.890705438319924	0.941826852419021
B9J08_05277	310.368625256735	-0.0217984538449145	0.159181646152773	-0.136940748960428	0.891077629209664	0.941957923094063
B9J08_01648	1423.59849449435	0.0125204700255511	0.0915081362408799	0.136823571541148	0.891170251467135	0.941957923094063
B9J08_01127	37.0300595076155	0.0627725990164397	0.459788024410681	0.1365250847864	0.891406195414786	0.942027159093217
B9J08_05311	3837.88054684135	0.0101439276931519	0.0744740190576804	0.136207603960454	0.891657164101967	0.942112243546468
B9J08_02122	262.727134877167	-0.024962304259396	0.183612072934658	-0.13595132313701	0.891859762086611	0.94214619744891
B9J08_02125	1149.41203414534	0.0137373164887603	0.102194299527007	0.134423510433965	0.89306769171085	0.943241951478286
B9J08_02790	0.541975572849063	0.481399814398235	3.60648901210652	0.133481569687926	0.893812539091987	0.943667985398551
B9J08_00616	320.673796544806	-0.0211162216081575	0.158010804633697	-0.133637833546316	0.893688965665261	0.943667985398551
B9J08_01188	568.277267260624	0.0165704007169639	0.125080525793622	0.13247786265549	0.894606331726052	0.944325667580192
B9J08_00107	8.52456270001734	0.121904470830496	0.934667802299703	0.130425452262885	0.896229830584561	0.945858749979161
B9J08_03324	1.62954343470733	-0.269415817544978	2.0738319182702	-0.12991207974545	0.896635987030104	0.946050100174147
B9J08_01694	547.797278364059	-0.0162372307880256	0.125129337638949	-0.129763579783958	0.896753478344917	0.946050100174147
B9J08_04914	65.2988685615645	0.0504328121414054	0.390548388948924	0.129133325263828	0.897252153014396	0.946074896998302
B9J08_02200	884.310170966119	-0.0140213238796276	0.108620980428341	-0.129084858416258	0.897290502997123	0.946074896998302
B9J08_00578	19076.7226392792	0.00842915940334652	0.0652041596901357	0.129273338440426	0.897141367233722	0.946074896998302
B9J08_04218	1046.74926712409	0.0128540454433152	0.099752610270562	0.128859238955761	0.897469030296564	0.946082649332274
B9J08_00332	1.27304384408631	-0.301878374214896	2.35420786969061	-0.128229277499854	0.897967531226239	0.946427640176854
B9J08_02198	665.859487506438	-0.0158710516251717	0.12479999486972	-0.127171893249993	0.898804350671186	0.947129007847406
B9J08_03198	1918.07319739504	-0.0105800526869067	0.0839819096494873	-0.12598013942603	0.899747645749332	0.947761623414629
B9J08_02154	809.885236160464	-0.0138840867681167	0.110207045180652	-0.125981843949793	0.899746296485956	0.947761623414629
B9J08_03851	817.867266840797	0.0134697152069987	0.107640944446064	0.125135609654076	0.900416192426435	0.94828511729057
B9J08_05457	1254.95603023366	0.0119069579012271	0.0960478859899266	0.123968974210175	0.901339840522691	0.949077023922445
B9J08_03336	866.391835803801	-0.0131372656031394	0.107550975107285	-0.122149200321379	0.902780857355703	0.950413294972376
B9J08_03996	833.316946209049	0.0131211437052776	0.108553855406897	0.120872203535241	0.903792259080875	0.951296860776995
B9J08_03706	1055.10241242739	-0.0121421013139945	0.100703350363405	-0.120572962768147	0.904029285157518	0.951365167377305
B9J08_04255	1259.25841565702	0.011181273946983	0.0933596190608689	0.119765633787484	0.904668806206023	0.95149653934976
B9J08_04096	6710.66379623721	0.00803295541922739	0.0669940331249229	0.119905535531029	0.904557979396609	0.95149653934976
B9J08_00091	6.03815795830456	0.124737639063698	1.04153396655333	0.119763390412012	0.904670583369457	0.95149653934976
B9J08_05056	61.8994070195767	-0.0392825427907611	0.329193910424699	-0.119329494096905	0.9050143175281	0.951676965939461
B9J08_03748	1489.50564194369	0.0107955456744623	0.0907241425475212	0.118993085757824	0.905280833627735	0.951776139901178
B9J08_02934	17014.7476744377	0.00802752815408075	0.067803737875283	0.118393593120876	0.905755802025397	0.952094392885958
B9J08_03644	2014.02329167919	-0.00973413877059057	0.0826108005817926	-0.117831309006052	0.906201321350023	0.952381575033576
B9J08_02469	5726.99548238272	0.00803070289858638	0.0682974524289715	0.11758422331987	0.90639710618389	0.952406236859004
B9J08_04970	1228.19797127419	0.0111893834024333	0.0955612675010263	0.117091199133719	0.906787783835722	0.952635636050188
B9J08_01970	372.717604991219	0.0171746923277904	0.147683946532081	0.116293562916533	0.90741988704753	0.953118532062276
B9J08_05073	1669.56843302195	-0.0101057141863585	0.0878099717822011	-0.115086179636	0.908376814166703	0.953927873396173
B9J08_04556	4.6502724313985	0.134220911057574	1.17274352643717	0.114450353407911	0.90888079994649	0.953927873396173
B9J08_01707	3554.19118245123	0.00902417192672476	0.0786626655025788	0.114719884828069	0.908667152173154	0.953927873396173
B9J08_00919	5.56537561010009	0.125717580182479	1.09670519772182	0.114632063788548	0.908736763998654	0.953927873396173
B9J08_04318	490.707654392	-0.0150000357345287	0.131821914434201	-0.11379015241063	0.90940414512492	0.953933708503593
B9J08_01010	2442.22619859275	0.00913895526529494	0.0802867494784261	0.113828935965961	0.909373400085356	0.953933708503593
B9J08_00104	1262.86511417149	0.0109130337345202	0.0956480196332891	0.114095762529745	0.909161881301014	0.953933708503593
B9J08_01452	2559.6573778124	0.00886781787613033	0.0785120545550593	0.112948488310307	0.910071394145697	0.954452484903846
B9J08_04918	5419.80451573331	-0.00786098841368833	0.0705837669399678	-0.1113710525024	0.911322113989049	0.955401616847017
B9J08_02573	632.73645517834	0.0146058086321233	0.130924019319664	0.111559427429903	0.911172743358885	0.955401616847017
B9J08_02373	722.134077128789	0.0126471822164406	0.114131602792881	0.110812272034697	0.911765213612572	0.95550366621856
B9J08_01773	4509.95310152373	-0.00833213126600105	0.0750805692112003	-0.110975867039086	0.911635483817607	0.95550366621856
B9J08_00690	242.03817662689	0.019980482833511	0.183399399352035	0.108945192318534	0.913245961659321	0.95687401518314
B9J08_01743	2193.76862353394	0.00870566030595472	0.0809067105659792	0.107601214349894	0.914312033673825	0.957809440886131
B9J08_02089	515.231267671303	0.0138269776505164	0.129001469678794	0.107184652120203	0.914642491115215	0.957919658801228
B9J08_01522	12846.6555740808	-0.00696066603019488	0.0650337231371518	-0.107031639808093	0.914763878985504	0.957919658801228
B9J08_03260	450.008926971172	0.0142448496160071	0.13406763572208	0.106251218195094	0.915383034656047	0.95832183185538
B9J08_01932	585.518060625825	0.0132186383039774	0.124574318644793	0.106110460388458	0.915494711814078	0.95832183185538
B9J08_04779	220.769342906643	-0.0196011796635151	0.186370452049795	-0.10517321521696	0.916238363987029	0.958567354267032
B9J08_03868	4276.43609259486	0.00763473810945647	0.0725336155882447	0.105257928307297	0.916171145815009	0.958567354267032
B9J08_03235	1252.31529296787	-0.0100639311308729	0.0957019501027046	-0.105159101983529	0.916249562618551	0.958567354267032
B9J08_00545	533.348203463958	0.0140600240566655	0.134000926050079	0.104924827544931	0.916435458172965	0.958580389349352
B9J08_03157	696.976081957428	0.011973127659912	0.115424305874072	0.103731424410511	0.917382488096824	0.959389406189432
B9J08_02046	3022.61162793735	0.00824025421175575	0.0797362158449866	0.103343933800112	0.917690008129777	0.959529450422489
B9J08_05561	1598.34807509589	-0.0101041074031157	0.0989499000163411	-0.102113366475833	0.918666691561151	0.959867895824606
B9J08_04788	1.22595431114745	-0.229676974903755	2.24694738305491	-0.102217335677656	0.918584167946845	0.959867895824606
B9J08_02640	581.242084781407	-0.0134894414354278	0.131946193560936	-0.102234411401933	0.918570614493088	0.959867895824606
B9J08_00530	1114.79917135589	0.010157757174791	0.0995264748317782	0.102060855586013	0.918708371433357	0.959867895824606
B9J08_04528	1164.52041016175	-0.00965910255078715	0.0956977735421938	-0.100933409349679	0.919603321698686	0.959933239968369
B9J08_03511	2652.32233110923	0.00798335211794364	0.0787117878198489	0.101425114827978	0.919213000521385	0.959933239968369
B9J08_03331	38156.2089883013	-0.00711003282898148	0.0704453061988003	-0.100929830710319	0.919606162532804	0.959933239968369
B9J08_01696	79.9381607456564	0.0304181565319622	0.299158718054731	0.101678990770368	0.919011478640215	0.959933239968369
B9J08_01036	1388.47015396396	0.00927351397402225	0.0919188402150364	0.100888065518752	0.919639317103766	0.959933239968369
B9J08_04876	2767.38683665282	-0.00822923813359613	0.0825610682504862	-0.0996745597892341	0.920602698287034	0.9602007286602
B9J08_03197	7468.96074096197	0.00685545684653756	0.0689080080620952	0.0994870848735011	0.920751541803576	0.9602007286602
B9J08_02013	576.479076008873	0.0122118823551952	0.122036126563578	0.100067764350363	0.920290527165254	0.9602007286602
B9J08_01109	39836.3487135374	0.00648680573072109	0.0652129607004101	0.0994711121999449	0.920764223249333	0.9602007286602
B9J08_00755	2382.99782795889	0.00809750755482814	0.0814037219617192	0.0994734314315022	0.920762381902669	0.9602007286602
B9J08_01437	396.732840621466	-0.0140834518752383	0.142208119312273	-0.0990340913257747	0.921111202180474	0.960381364733349
B9J08_05248	100.12047877487	-0.0263212234373623	0.267887195545708	-0.0982548769594745	0.92172990771294	0.960401541129639
B9J08_03490	2675.37564969773	-0.00796620754345956	0.08116104674757	-0.0981530902162504	0.92181073111133	0.960401541129639
B9J08_01409	94.5017157519519	-0.0278279768862257	0.282822930268167	-0.0983936375308744	0.921619726681129	0.960401541129639
B9J08_00337	586.797229422483	0.0121278133664656	0.123583779880105	0.0981343456093618	0.921825615287269	0.960401541129639
B9J08_03326	222.277573851345	-0.0175825490252154	0.180994389846154	-0.0971441658504478	0.922611907422006	0.96103958015858
B9J08_05440	3311.30069162299	-0.00730856547322411	0.0764619852146217	-0.0955843018293292	0.923850733432778	0.961457658674369
B9J08_04855	18.4344173999939	0.0577415109567476	0.604116343662847	0.0955801172447218	0.923854057031371	0.961457658674369
B9J08_04833	988.396927828253	-0.00970690313914072	0.101629980003374	-0.0955122016044716	0.923907999088985	0.961457658674369
B9J08_04125	858.658058687504	0.0104640311532665	0.108738581676358	0.0962310800081139	0.923337047076486	0.961457658674369
B9J08_02216	2305.60419813137	0.0077992692633584	0.0818180166024148	0.0953245945970317	0.92405700793889	0.961457658674369
B9J08_01901	979.140691745257	0.0100100518730819	0.104774704327293	0.0955388224414616	0.923886855423842	0.961457658674369
B9J08_02865	767.895502817525	0.0110089774660338	0.116826011131215	0.0942339583405687	0.924923309931528	0.961903315398827
B9J08_02250	1812.63235073289	-0.00806233270016795	0.085652819304177	-0.0941280481560842	0.92500744008409	0.961903315398827
B9J08_00479	134.724579112367	-0.0216627331927419	0.230005427248022	-0.0941835740657647	0.924963332764677	0.961903315398827
B9J08_00665	1752.835853357	0.00855007068316561	0.0912027742720986	0.0937479232556778	0.925309400625967	0.962036316264056
B9J08_02264	988.370862872724	0.0098421433660928	0.105379709127129	0.0933969494470638	0.925588213915093	0.962145205625111
B9J08_04476	992.092847899042	0.00932570148176367	0.101745019639624	0.0916575721818604	0.926970107927549	0.963400486369982
B9J08_03565	895.415444582381	0.0107527202408336	0.118118258441794	0.0910335149085548	0.927465960562389	0.963734605006265
B9J08_01798	297.736502802959	0.0153964233077476	0.170134215199998	0.0904957494272902	0.927893271561329	0.963997389458546
B9J08_01833	572.175084958653	-0.0111186390348337	0.124651643155956	-0.0891976932941252	0.928924798556814	0.964525147778229
B9J08_01196	634.879940528005	-0.0105419165832946	0.117682452711952	-0.0895793411877446	0.928621501737741	0.964525147778229
B9J08_00703	3273.65356149682	-0.00722124078932713	0.0809320411251283	-0.0892259813163793	0.92890231761894	0.964525147778229
B9J08_03383	1093.29954090586	-0.00891029633797279	0.102460038508572	-0.0869636247230896	0.930700425795165	0.966024277295459
B9J08_00404	1137.10901556275	0.00855377592969559	0.0983856313617545	0.0869413125809416	0.930718161135936	0.966024277295459
B9J08_03780	8.29911492189719	-0.0772031923331461	0.894082832466747	-0.0863490378404257	0.931188957454392	0.966331462232524
B9J08_04147	662.948086659258	-0.00987823876984252	0.11551076858516	-0.0855179035758885	0.931849662614941	0.966654107596243
B9J08_01116	750.995346220551	-0.00958011872602176	0.111993274926376	-0.0855419107291906	0.931830577612674	0.966654107596243
B9J08_02001	349.224768883272	-0.0127665211812691	0.149854374013219	-0.0851928498272794	0.932108074927969	0.96674072623886
B9J08_02057	1176.6682117547	-0.00817556007237044	0.0963294730686436	-0.0848708065344093	0.93236410103595	0.966824837978554
B9J08_01613	35657.9497533887	0.00524470630914433	0.0622450738561635	0.0842589780078637	0.932850527179964	0.96714778910592
B9J08_03778	1.37125751167455	0.185632617991488	2.22205103902081	0.0835411134720336	0.93342128780416	0.967558037827006
B9J08_05355	24059.6415371674	0.00514903473949143	0.0623042447056634	0.082643401967497	0.934135089512682	0.968116377224188
B9J08_01021	11.5857811594918	-0.0621764783673667	0.759609476419739	-0.0818532157608441	0.934763437951617	0.96840440891445
B9J08_00169	484.2137614094	0.0107242755395527	0.130792556060906	0.0819945405345454	0.934651054860986	0.96840440891445
B9J08_01717	829.411566368042	-0.0102613140725134	0.125717139030898	-0.081622236646599	0.934947118005984	0.968413178639256
B9J08_05031	2114.60735479124	0.00647262074671039	0.0813208208879968	0.0795936474328651	0.936560447802298	0.969902491100488
B9J08_04376	41.4489905988692	-0.0315745946066578	0.400652310970086	-0.0788079682610771	0.937185366006897	0.970004404104891
B9J08_03994	1.20240954467802	-0.189094639430464	2.39388452112145	-0.078990710605322	0.937040011839379	0.970004404104891
B9J08_01653	4457.61644919699	-0.0064197645605519	0.0812311001644098	-0.0790308705355271	0.937008068712637	0.970004404104891
B9J08_03629	280.794337608532	0.0128650478458311	0.164342509427019	0.0782819240784698	0.937603795829597	0.970127303402595
B9J08_01291	626.446302254349	0.00970076208258232	0.124023142145495	0.0782173545579266	0.937655157368674	0.970127303402595
B9J08_00120	921.667895001385	-0.00810353393652416	0.104004097837935	-0.0779155254935392	0.937895249397725	0.970194093846383
B9J08_05034	0.449237581735042	0.29381687741162	3.84134114219467	0.076488097915655	0.939030782723168	0.970316675816879
B9J08_04230	849.518939518143	0.00814149883093718	0.107308614647774	0.0758699463007748	0.939522567300035	0.970316675816879
B9J08_04211	1545.02061799899	0.00687226070368114	0.0906864817341816	0.0757804313527674	0.939593784869176	0.970316675816879
B9J08_03878	0.449237581735042	0.29381687741162	3.84134114219467	0.076488097915655	0.939030782723168	0.970316675816879
B9J08_01628	0.449237581735042	0.29381687741162	3.84134114219467	0.076488097915655	0.939030782723168	0.970316675816879
B9J08_00982	6645.95104302696	0.00594833861193603	0.0780779938279545	0.0761845728905796	0.939272256066526	0.970316675816879
B9J08_00958	2402.3878906561	0.00647079453646726	0.0838715674141113	0.0771512293852583	0.938503239255913	0.970316675816879
B9J08_00913	9802.45288972269	-0.00506816835395785	0.0655453462756249	-0.0773230845809507	0.938366527041234	0.970316675816879
B9J08_00422	11.2292815688708	-0.0583312782075549	0.765002858809948	-0.0762497519268046	0.939220401551671	0.970316675816879
B9J08_03414	935.675212017266	-0.00783387996719313	0.104598034787387	-0.0748950970552819	0.940298177585617	0.970862698956792
B9J08_05250	14.0167104837623	0.0506777829100726	0.681113796578361	0.0744042818757411	0.94068870180539	0.971084507821889
B9J08_03334	845.747802474606	-0.00796749813652713	0.108031762850176	-0.0737514405608361	0.941208166555812	0.971257941851003
B9J08_03301	73.1084438570558	-0.0224964798819975	0.304489605482129	-0.0738825873756071	0.941103811238372	0.971257941851003
B9J08_04712	386.876936088663	-0.0110863282939634	0.152684365580931	-0.0726094531799793	0.942116904029393	0.971889785906532
B9J08_01728	1873.02150898785	0.00620116942682112	0.0854861711613385	0.0725400300724384	0.942172149970544	0.971889785906532
B9J08_02344	3.35038378576498	-0.100988463530432	1.39882648084377	-0.0721951327869601	0.942446618541409	0.971991502272507
B9J08_00154	3703.67587434216	-0.00530060976632377	0.073991264445091	-0.0716383184701129	0.942889744671788	0.972267093059883
B9J08_04875	99.5176813710738	0.0190661076431549	0.268969822057927	0.070885675936718	0.943488743642389	0.972703280378938
B9J08_01668	362.625357444351	0.0105610798871397	0.151211723318613	0.0698429966629425	0.944318624326613	0.973377291431031
B9J08_03185	4439.30347994294	-0.00574475748500901	0.0825427633483986	-0.0695973487192498	0.944514147240924	0.973397294760505
B9J08_02520	19.3642896336129	-0.0398011822496607	0.582928865798865	-0.0682779402167978	0.945564384298408	0.974073861115391
B9J08_00664	1314.55813135506	-0.00659217190304405	0.0964968955934958	-0.0683148598978181	0.945534995275974	0.974073861115391
B9J08_00367	2494.35846600959	-0.00575533395903156	0.0845025758032211	-0.0681083849140155	0.945699355662238	0.974073861115391
B9J08_03760	4795.67817437057	0.00465521187812149	0.0697444032957678	0.0667467446582051	0.946783320403183	0.975008647637115
B9J08_04790	220.192554533294	-0.0124456775545568	0.187465861312903	-0.066389034608192	0.947068100058545	0.975056167255627
B9J08_03254	228.229176003141	-0.0118723339336845	0.179216961023397	-0.0662455934186638	0.947182298171786	0.975056167255627
B9J08_03296	4452.48530752838	-0.00492593146700189	0.0750038796139055	-0.0656756889424775	0.947636028028617	0.975241013034786
B9J08_02132	18000.1504255721	-0.00493586904207766	0.0753875696159949	-0.065473248006531	0.947797205620117	0.975241013034786
B9J08_00409	2212.94256335125	0.00534604027560969	0.0817997971567468	0.0653551776585152	0.947891210787565	0.975241013034786
B9J08_04188	401.946778201233	0.00970945992094032	0.149606864533584	0.0648998289698178	0.948253756771016	0.975432442522502
B9J08_05450	1378.73115628213	0.00670342465380035	0.104356723178159	0.0642356759550241	0.948782570736851	0.975449836948235
B9J08_05329	4.55061768904656	0.0780252061549314	1.21508806960726	0.0642136221287651	0.948800130890847	0.975449836948235
B9J08_05151	1007.88350478428	-0.00663061433618803	0.103121057225061	-0.064299324644401	0.948731891199576	0.975449836948235
B9J08_02878	2841.21412832805	0.00508740678618199	0.0797928067478036	0.0637577119233498	0.949163150708955	0.975641572246307
B9J08_00652	853.126049918747	-0.00673225693326463	0.106908999541374	-0.0629718448600695	0.949788924357297	0.976103269788542
B9J08_04199	0.47278234820447	0.231776472642652	3.77429898185183	0.061409144786122	0.951033369620545	0.97629298549271
B9J08_03864	2.333450223315	0.103687428646641	1.67805685978953	0.0617901759655785	0.950729926982884	0.97629298549271
B9J08_03755	0.47278234820447	0.231776472642652	3.77429898185183	0.061409144786122	0.951033369620545	0.97629298549271
B9J08_03286	594.399640583354	0.00774383319094261	0.124344343934044	0.0622773255778336	0.950341984987384	0.97629298549271
B9J08_00879	2949.23374370462	0.00494725340833872	0.0797064653295466	0.0620684079752412	0.950508355256479	0.97629298549271
B9J08_00746	2709.45303220258	-0.00484726021639065	0.0783781011359222	-0.0618445732435466	0.950686607084839	0.97629298549271
B9J08_04680	581.51636189624	-0.00751669012512772	0.123426655495669	-0.0609000551375347	0.951438805535696	0.976527813963935
B9J08_02270	3178.45490006378	0.00448465318355733	0.0762662386514079	0.0588026007688075	0.953109336933389	0.978060769630679
B9J08_05140	630.083960578225	-0.00689501604301789	0.11859207622994	-0.0581406132872572	0.953636624364774	0.978266172322232
B9J08_02508	747.518679790628	-0.00649495051913824	0.111775931187363	-0.0581068790941329	0.953663494928928	0.978266172322232
B9J08_04319	986.027960834464	0.00566475351389689	0.101105357666086	0.0560282228821689	0.955319323860128	0.9796010951716
B9J08_01190	843.394426739139	0.0061068706581843	0.108828968052328	0.0561143854203226	0.95525068408751	0.9796010951716
B9J08_01757	1951.3889974552	-0.00486590921085339	0.0880012182783871	-0.055293657361201	0.955904515130274	0.980019338735861
B9J08_05293	350.708130797044	-0.00822806926844367	0.151343552209825	-0.0543668306201521	0.956642905085069	0.980412634230516
B9J08_05051	6129.8766530093	-0.00391454941137137	0.0717476903373907	-0.0545599362566704	0.956489057424707	0.980412634230516
B9J08_02032	111.541892513128	-0.0140303217312458	0.261789254269635	-0.0535939558343943	0.957258672138371	0.980720842944322
B9J08_00206	1830.07402503555	-0.00461498099569652	0.0861905445126475	-0.0535439359594639	0.95729852500174	0.980720842944322
B9J08_04353	1734.9444725759	0.0045170950135976	0.0864615065968079	0.0522440007281155	0.958334273272464	0.981054552394315
B9J08_04165	3733.11779576882	0.0040101264822988	0.0764353033998892	0.0524643234726091	0.958158721911009	0.981054552394315
B9J08_03595	735.878364881736	0.00615506651212827	0.116681107102396	0.0527511836747209	0.957930157089582	0.981054552394315
B9J08_00917	1511.39546430625	0.00514608615662527	0.0978116664551169	0.0526121918082918	0.958040902767541	0.981054552394315
B9J08_00761	1501.9459260727	-0.00466660987979596	0.0897165725203423	-0.0520150263067378	0.95851672036049	0.981059613598598
B9J08_02730	1067.29351410173	0.00526922913949155	0.101870713685932	0.0517246708974338	0.958748079015417	0.981114725554195
B9J08_04619	2132.99152872323	0.00426240057050304	0.0835711763417493	0.0510032376841594	0.959322940609144	0.981521268557338
B9J08_01417	1382.54267128564	-0.00458291480407961	0.0907851352039843	-0.0504808941880441	0.95973917422008	0.981765392543843
B9J08_02846	224.998764837086	0.00904201546891669	0.18226627266301	0.0496088241494594	0.960434114637768	0.982294476610463
B9J08_04929	2.35699498978443	0.0823639874320019	1.67432006312495	0.0491924986422715	0.960765889247152	0.982452001825904
B9J08_04386	198.191744124761	0.00906107612194668	0.192492861448594	0.0470722709079084	0.962455627440971	0.983653937678316
B9J08_03453	2771.84233950208	-0.00358103615397796	0.0768444582564373	-0.046601098312486	0.962831156656358	0.983653937678316
B9J08_03265	2209.93879965728	0.00391870246746787	0.083550202913882	0.0469023692438786	0.962591039790604	0.983653937678316
B9J08_02826	3644.38191890035	0.00347952098009014	0.0740644671379692	0.046979626189822	0.962529465541732	0.983653937678316
B9J08_00886	447.944900326921	-0.00681086909478294	0.14610960267332	-0.0466147944431212	0.962820240588114	0.983653937678316
B9J08_00408	1505.86688818063	0.00419365613126209	0.0911147836960098	0.046026077889331	0.963289464780516	0.983940283097748
B9J08_05278	3358.10279620336	0.00339159639655471	0.0747568460439368	0.0453683719423017	0.96381369055225	0.984112002158191
B9J08_03392	2039.92773374975	0.00376569949414292	0.0827216149947645	0.0455225577303012	0.963690795065606	0.984112002158191
B9J08_04475	1850.09955777672	0.00373613099085393	0.0851085648195987	0.0438984137351306	0.964985379739645	0.984762591178179
B9J08_04173	1.41834704461341	0.103817219329604	2.3464651729228	0.0442440912942627	0.964709836673788	0.984762591178179
B9J08_02821	270.306036560701	0.00735705595211781	0.167532393638545	0.0439142293160977	0.964972772889152	0.984762591178179
B9J08_02884	2968.2402198965	-0.00324406056047779	0.0770581684332795	-0.0420988537157699	0.966419893964669	0.985862449970972
B9J08_02098	478.422805296944	-0.00576519088139191	0.136460464383734	-0.0422480672876789	0.966300944588267	0.985862449970972
B9J08_05187	12468.6003946594	-0.00295322957102195	0.0716383687707122	-0.0412241320077254	0.967117215462153	0.986027826943243
B9J08_02788	385.49442645689	0.00608005030177756	0.147315782322031	0.0412722262743488	0.967078874420192	0.986027826943243
B9J08_00683	625.339875541969	-0.00536434014697915	0.129726387620303	-0.04135118725945	0.967015926407552	0.986027826943243
B9J08_01271	669.811087636823	-0.004694958811491	0.116390616417436	-0.0403379495358326	0.967823699033066	0.986566135108034
B9J08_02240	2206.12978462998	-0.00343081132055811	0.0863884573952908	-0.039713769917891	0.968321323531121	0.986742679394883
B9J08_00648	5986.69765286641	0.00287754623201349	0.0725318870455325	0.039672843892881	0.968353952060402	0.986742679394883
B9J08_02097	831.971449308311	0.00439203280500019	0.111609885176831	0.0393516470162263	0.968610030113348	0.986821684135756
B9J08_00733	1334.21483746367	0.00387597632601445	0.0996346545471965	0.0389018895446505	0.968968610072183	0.987005069640426
B9J08_05363	1660.26320405988	-0.00372170128331968	0.0975697443608712	-0.0381440097819116	0.96957286209265	0.987438586472466
B9J08_00365	782.000162748859	0.00411440604496102	0.110425222404866	0.0372596582135542	0.970277971223249	0.987974640189922
B9J08_01735	2553.64028536577	0.00286571081134563	0.0787750292571368	0.0363784163378905	0.970980624053332	0.988507995789789
B9J08_00876	874.041913127761	0.00380977390992104	0.106434816065089	0.0357944331635921	0.971446271916214	0.98879991618433
B9J08_04570	3784.03295867498	-0.00257109472864646	0.0727429825718073	-0.0353449176504199	0.97180470658317	0.988800554728494
B9J08_02775	171.866008455447	0.00743012911480455	0.209165421244984	0.0355227411422945	0.971662913007495	0.988800554728494
B9J08_01173	1375.97261690262	0.00326694773625061	0.0949745665411976	0.034398132628839	0.972559672538449	0.989386583861588
B9J08_04208	2149.06610337948	0.00283384284952778	0.0840398242569293	0.0337202376918836	0.973100240804015	0.989724682535358
B9J08_02610	10.5854756122733	-0.0270662246647973	0.809879861026701	-0.0334200490310809	0.973339621777154	0.989724682535358
B9J08_00130	371.376343678001	-0.00490536372926225	0.147274277559744	-0.0333076747042424	0.973429233628045	0.989724682535358
B9J08_03320	678.451361656766	0.00380928956274792	0.117394190576746	0.0324487058859836	0.974114221237852	0.990056877672234
B9J08_03049	646.705380650572	0.00393213508722456	0.120519266242594	0.0326266099173684	0.973972349477731	0.990056877672234
B9J08_04033	58681.4310619026	0.00192227370595531	0.0609142893313563	0.0315570242558144	0.974825315981209	0.990415353203703
B9J08_02505	1236.19248674102	0.00306516343715872	0.0964552344856728	0.0317780932626732	0.974649016855693	0.990415353203703
B9J08_05516	1991.08552343596	0.00280078439504468	0.0927352489843646	0.0302019396693149	0.975906001606084	0.990645719806755
B9J08_05127	2269.9432693804	0.00242909526454181	0.0814889685643914	0.0298088846543981	0.976219472987226	0.990645719806755
B9J08_04900	36975.3946594246	-0.00182331747966171	0.0612542645713693	-0.0297663761441019	0.976253374827353	0.990645719806755
B9J08_04580	1253.54448446648	0.00333636159788452	0.107952240936684	0.0309059040269608	0.97534458144121	0.990645719806755
B9J08_02537	174.246779602248	-0.0060870250367734	0.204953860053652	-0.0296994896079536	0.976306718977274	0.990645719806755
B9J08_01581	1745.09198578447	-0.00282099854351724	0.0918733851976841	-0.0307052857304353	0.975504575748268	0.990645719806755
B9J08_00250	2488.93573200342	0.00255005490857327	0.0839214368377564	0.0303862160213395	0.975759037802195	0.990645719806755
B9J08_05235	3.47358329458635	-0.0430396398428259	1.47831539496185	-0.029113976617917	0.976773688794385	0.990937624443202
B9J08_05313	3529.63306624615	0.00202585887803567	0.0820699702601195	0.0246845328640274	0.980306592308892	0.991065398882613
B9J08_04899	3789.31503446231	-0.00185417077443243	0.072738428853324	-0.0254909379218423	0.979663376630979	0.991065398882613
B9J08_04737	6.41272663892078	0.0258220709569742	1.02781153525177	0.0251233519680717	0.979956573882253	0.991065398882613
B9J08_03770	47.8443546559257	-0.00958336983560054	0.385260850705582	-0.0248750160262824	0.980154655389489	0.991065398882613
B9J08_03245	1119.25707657416	-0.00246087478012357	0.0990187491975337	-0.0248526142782751	0.980172523874273	0.991065398882613
B9J08_03007	8529.09593796217	-0.00176401762662932	0.0700022185713596	-0.0251994531406329	0.979895873149365	0.991065398882613
B9J08_02998	400.924796646192	0.00367969202194125	0.145346338564062	0.0253167163225058	0.97980234050736	0.991065398882613
B9J08_02944	156.650304157358	0.00593032488193683	0.212575831158429	0.0278974559319355	0.977743937527383	0.991065398882613
B9J08_02534	1423.07100262319	0.00254053168153314	0.0914201640110322	0.0277896206927233	0.977829944254456	0.991065398882613
B9J08_02388	382.091731103258	-0.0041901854579101	0.159011431570644	-0.0263514730766292	0.978976999568282	0.991065398882613
B9J08_02317	425.008466645313	0.00374274107548991	0.138698991379072	0.0269846308057193	0.97847199240881	0.991065398882613
B9J08_01697	661.012176099134	-0.00301756457117261	0.117141361781024	-0.0257600263928418	0.979448745577082	0.991065398882613
B9J08_01649	8280.46377050047	-0.001940891010533	0.0772811854401962	-0.0251146640605682	0.979963503642955	0.991065398882613
B9J08_01574	1762.08606610528	0.00245099375542128	0.0904746485527501	0.0270903926638881	0.978387637493592	0.991065398882613
B9J08_01414	1657.99388334661	0.00236855105410242	0.0874795101957407	0.0270754951508375	0.97839951963076	0.991065398882613
B9J08_01150	521.15435347935	-0.0035436774705822	0.127566007710816	-0.0277791673046278	0.977838281632691	0.991065398882613
B9J08_01146	2807.29656496667	0.00221617371500058	0.0838299957966534	0.0264365242290642	0.978909162200232	0.991065398882613
B9J08_01134	59615.4703197945	0.00161937894454238	0.0648322659943131	0.024977978475786	0.980072528758568	0.991065398882613
B9J08_00764	3239.38440428251	0.00215974648591514	0.0771663517476339	0.027988189631906	0.977671570766604	0.991065398882613
B9J08_05437	2.64430135576086	-0.0381769091257097	1.57339796379261	-0.0242639878811625	0.980642038176063	0.991223215983742
B9J08_05533	239.010906023284	-0.00411709404934091	0.182517646791548	-0.0225572382819674	0.982003454047485	0.991320314390172
B9J08_05333	4622.26285307973	-0.00163348436689097	0.0711459109385758	-0.0229596380922194	0.981682468591193	0.991320314390172
B9J08_04588	9.32078959418864	-0.019962780173637	0.84021131397851	-0.0237592375174176	0.981044654611579	0.991320314390172
B9J08_04204	80.2920095772972	0.00711211208132494	0.314417409474207	0.0226199690825593	0.981953414877961	0.991320314390172
B9J08_03369	878.712836954642	-0.00255534623721708	0.10793543568256	-0.0236747665033048	0.981112033776628	0.991320314390172
B9J08_02828	3464.06083493032	-0.00165962532219766	0.0761452306464512	-0.021795525578003	0.982611063412002	0.991320314390172
B9J08_02692	2413.89947864707	-0.00173015556586993	0.0798404067098979	-0.021670174754451	0.982711055282026	0.991320314390172
B9J08_02050	40153.1484695494	0.00140936560644458	0.0645026708636104	0.021849724787748	0.982567828995268	0.991320314390172
B9J08_01219	694.58445812399	0.00252031200556739	0.113795366411589	0.0221477559679505	0.982330092051539	0.991320314390172
B9J08_01052	542.98313300421	0.00287458228700493	0.126645751387444	0.0226978185648787	0.981891315921607	0.991320314390172
B9J08_00465	2022.67565266722	-0.00191795294154521	0.0826014529232552	-0.023219360842565	0.981475295051241	0.991320314390172
B9J08_02008	3698.24101023312	-0.0017080009764048	0.0798703944684292	-0.0213846568277553	0.982938812845878	0.9913691274816
B9J08_04699	423.602038025857	0.00265228516706757	0.139087334175314	0.0190692070043162	0.984785896212656	0.99155620792264
B9J08_04625	518.413725474817	-0.00239691567208169	0.126799450293425	-0.0189032023919269	0.984918324858927	0.99155620792264
B9J08_04329	3639.5939422682	-0.00141130426647691	0.0744213706398976	-0.0189636962386218	0.984870066403146	0.99155620792264
B9J08_04311	2175.70886072011	-0.00166636548184967	0.0863853515947165	-0.0192899079657341	0.984609834708911	0.99155620792264
B9J08_04276	2275.70387355482	0.00164450510679023	0.0812007481151747	0.0202523393560078	0.983842075663551	0.99155620792264
B9J08_04226	930.835194458213	0.00216274166110413	0.113165278740816	0.0191113536339842	0.984752274194698	0.99155620792264
B9J08_02440	590.30699925387	-0.0027798777248754	0.139273705643168	-0.019959817339805	0.984075427291666	0.99155620792264
B9J08_02094	450.916767235924	-0.00291888804944163	0.140111473288377	-0.0208326126400368	0.983379182254939	0.99155620792264
B9J08_01172	1180.7345367576	-0.00199450933369753	0.0972480024722043	-0.0205095146737601	0.983636922061663	0.99155620792264
B9J08_01149	25780.261733842	0.00127476115096485	0.0674286631187183	0.0189053303447592	0.984916627301573	0.99155620792264
B9J08_02245	5387.84675933227	0.00136697537255234	0.0775497593116815	0.0176270743414987	0.985936357829064	0.992400336864185
B9J08_02338	1032.5862592322	0.0017304097764193	0.101012347082397	0.01713067586686	0.986332366697055	0.992518307248568
B9J08_00930	2.12442947461753	-0.0298363765807801	1.75199306614848	-0.01702996270777	0.986412712450947	0.992518307248568
B9J08_04219	58038.8630722297	-0.00103131967833308	0.0642283621187875	-0.016057075788819	0.987188857654287	0.99305170101394
B9J08_00691	683.422654573225	-0.00182259422094422	0.114520234909446	-0.0159150408867514	0.987302170629926	0.99305170101394
B9J08_03433	4409.85086057371	-0.0011502787945818	0.0784401918621648	-0.0146644056735999	0.988299916461529	0.993707725243375
B9J08_01758	1370.59078282223	-0.00130563931527956	0.0919719445728229	-0.01419606078075	0.988673562712741	0.993707725243375
B9J08_01249	1141.14099188274	0.00148969822417997	0.104614370293141	0.0142399005032069	0.98863858721039	0.993707725243375
B9J08_00556	1830.03537147515	0.00127613804468482	0.0875134775472841	0.0145821887148218	0.988365509089991	0.993707725243375
B9J08_03794	1217.13251520007	-0.00134227149350403	0.0961717612425682	-0.0139570231028472	0.988864268289937	0.993718692879724
B9J08_05502	57.2654178638255	0.00487512558204518	0.362062216019208	0.0134648835651676	0.989256901917471	0.993932538974343
B9J08_03745	506.299036158551	-0.0017140868287952	0.131601900767818	-0.0130247877788583	0.98960801674918	0.99410459988599
B9J08_04150	7729.59712365398	-0.000890001442004265	0.0705845669972852	-0.0126090090208883	0.989939732951377	0.99411051951521
B9J08_01016	1577.99473998727	0.00110956745735134	0.0882955829838843	0.0125665114817109	0.989973638395462	0.99411051951521
B9J08_00585	1476.82962136503	-0.00107211536410048	0.0895643767797579	-0.0119703324317976	0.990449284650719	0.994407483426798
B9J08_00720	1429.95485252078	-0.0010739872083131	0.0921781663985854	-0.011651210370893	0.990703889456464	0.994482454962928
B9J08_05309	1145.40001507873	-0.00101622406246365	0.0972343415609223	-0.0104512875404924	0.99166123083768	0.99472080269326
B9J08_05137	2948.20802800692	-0.00080582099271605	0.0759004901242509	-0.010616808816345	0.991529171294618	0.99472080269326
B9J08_01971	1423.56631757819	-0.000965822488039777	0.0922110808624805	-0.0104740393346019	0.991643078526	0.99472080269326
B9J08_01888	1057.88239824085	-0.00109895947976769	0.103512127871506	-0.0106167219471314	0.991529240602316	0.99472080269326
B9J08_02370	556.468341804251	0.00115127507007087	0.124095109771089	0.00927736050352476	0.992597843472605	0.995479637247884
B9J08_05442	761.883806170785	0.000810070857311025	0.113549780794591	0.00713405919097658	0.994307892598819	0.996319292850447
B9J08_05257	4.88501358796184	-0.00778891275689994	1.14773968146429	-0.00678630606111206	0.99458535272997	0.996319292850447
B9J08_04995	1874.97192720116	0.000603607490736206	0.0908161372932355	0.00664647835425132	0.994696916582009	0.996319292850447
B9J08_03269	563.589945385932	0.000895628406608562	0.12315863626709	0.00727215267848729	0.994197712795636	0.996319292850447
B9J08_02409	1007.68175275703	0.000694232560661619	0.100630078922713	0.00689885736047975	0.994495551888258	0.996319292850447
B9J08_02377	3272.984631243	-0.000520929532605985	0.0752254763305415	-0.00692490839562139	0.99447476666603	0.996319292850447
B9J08_01692	2473.74851632822	-0.000584777493085812	0.0796033533107563	-0.0073461414471191	0.994138679876383	0.996319292850447
B9J08_03282	3751.23482741226	-0.000496053344215976	0.0804588911289739	-0.00616530177405519	0.995080832065515	0.996347147568625
B9J08_01446	768.56238822134	0.000693753242469504	0.112626906097149	0.00615974696020766	0.995085264081565	0.996347147568625
B9J08_01807	228.765299640163	-0.000895150000035202	0.188906770497216	-0.00473858082311768	0.996219173670329	0.997301824465841
B9J08_05477	4448.39551763677	0.000320572723396074	0.0714222400843013	0.0044884159754398	0.996418774215229	0.99732100055914
B9J08_02979	482.024245034687	0.000477956981420084	0.131541199343926	0.00363351545982504	0.997100880492408	0.997823024892547
B9J08_03793	1170.73597632199	-0.000321584737108424	0.0962588162898412	-0.00334083411269169	0.997334404999808	0.997836567147593
B9J08_01461	656.450679088075	0.000375868176536743	0.118794902842386	0.00316400929285187	0.997475490047123	0.997836567147593
B9J08_01654	513.98760461558	0.000379905149398131	0.129474746251701	0.00293420269509228	0.997658848330696	0.997839387391197
B9J08_01433	1598.56302164786	-0.00016027498643223	0.0899784236255147	-0.00178126021744153	0.998578760725303	0.998578760725303
B9J08_05526	0	NA	NA	NA	NA	NA
B9J08_05428	0	NA	NA	NA	NA	NA
B9J08_05426	0	NA	NA	NA	NA	NA
B9J08_05388	0	NA	NA	NA	NA	NA
B9J08_05341	0	NA	NA	NA	NA	NA
B9J08_05330	0	NA	NA	NA	NA	NA
B9J08_05246	0	NA	NA	NA	NA	NA
B9J08_05067	0	NA	NA	NA	NA	NA
B9J08_04998	0	NA	NA	NA	NA	NA
B9J08_04881	0	NA	NA	NA	NA	NA
B9J08_04859	0	NA	NA	NA	NA	NA
B9J08_04858	0	NA	NA	NA	NA	NA
B9J08_04684	0	NA	NA	NA	NA	NA
B9J08_04429	0	NA	NA	NA	NA	NA
B9J08_04414	0	NA	NA	NA	NA	NA
B9J08_04357	0	NA	NA	NA	NA	NA
B9J08_04257	0	NA	NA	NA	NA	NA
B9J08_04063	0	NA	NA	NA	NA	NA
B9J08_03974	0	NA	NA	NA	NA	NA
B9J08_03877	0	NA	NA	NA	NA	NA
B9J08_03738	0	NA	NA	NA	NA	NA
B9J08_03584	0	NA	NA	NA	NA	NA
B9J08_03583	0	NA	NA	NA	NA	NA
B9J08_03577	0	NA	NA	NA	NA	NA
B9J08_03576	0	NA	NA	NA	NA	NA
B9J08_03055	0	NA	NA	NA	NA	NA
B9J08_03020	0	NA	NA	NA	NA	NA
B9J08_03019	0	NA	NA	NA	NA	NA
B9J08_03018	0	NA	NA	NA	NA	NA
B9J08_03017	0	NA	NA	NA	NA	NA
B9J08_03016	0	NA	NA	NA	NA	NA
B9J08_03015	0	NA	NA	NA	NA	NA
B9J08_03014	0	NA	NA	NA	NA	NA
B9J08_03013	0	NA	NA	NA	NA	NA
B9J08_02949	0	NA	NA	NA	NA	NA
B9J08_02914	0	NA	NA	NA	NA	NA
B9J08_02703	0	NA	NA	NA	NA	NA
B9J08_02702	0	NA	NA	NA	NA	NA
B9J08_02681	0	NA	NA	NA	NA	NA
B9J08_02435	0	NA	NA	NA	NA	NA
B9J08_02428	0	NA	NA	NA	NA	NA
B9J08_02413	0	NA	NA	NA	NA	NA
B9J08_02411	0	NA	NA	NA	NA	NA
B9J08_02374	0	NA	NA	NA	NA	NA
B9J08_02263	0	NA	NA	NA	NA	NA
B9J08_02262	0	NA	NA	NA	NA	NA
B9J08_02150	0	NA	NA	NA	NA	NA
B9J08_02126	0	NA	NA	NA	NA	NA
B9J08_02084	0	NA	NA	NA	NA	NA
B9J08_01959	0	NA	NA	NA	NA	NA
B9J08_01920	0	NA	NA	NA	NA	NA
B9J08_01851	0	NA	NA	NA	NA	NA
B9J08_01835	0	NA	NA	NA	NA	NA
B9J08_01689	0	NA	NA	NA	NA	NA
B9J08_01627	0	NA	NA	NA	NA	NA
B9J08_01530	0	NA	NA	NA	NA	NA
B9J08_01407	0	NA	NA	NA	NA	NA
B9J08_01276	0	NA	NA	NA	NA	NA
B9J08_01082	0	NA	NA	NA	NA	NA
B9J08_00955	0	NA	NA	NA	NA	NA
B9J08_00929	0	NA	NA	NA	NA	NA
B9J08_00809	0	NA	NA	NA	NA	NA
B9J08_00793	0	NA	NA	NA	NA	NA
B9J08_00739	0	NA	NA	NA	NA	NA
B9J08_00518	0	NA	NA	NA	NA	NA
B9J08_00131	0	NA	NA	NA	NA	NA
B9J08_00099	0	NA	NA	NA	NA	NA
