v3_locus	v2_locus
B9J08_00001	B9J08_001530
B9J08_00002	B9J08_001531
B9J08_00003	B9J08_001532
B9J08_00004	B9J08_001533
B9J08_00005	B9J08_001534
B9J08_00006	B9J08_001535
B9J08_00007	B9J08_001536
B9J08_00008	B9J08_001537
B9J08_00009	B9J08_001538
B9J08_00010	B9J08_001539
B9J08_00012	B9J08_001541
B9J08_00013	B9J08_001542
B9J08_00015	B9J08_001544
B9J08_00016	B9J08_001545
B9J08_00017	B9J08_001546
B9J08_00018	B9J08_001547
B9J08_00019	B9J08_001548
B9J08_00020	B9J08_001549
B9J08_00021	B9J08_001550
B9J08_00022	B9J08_001551
B9J08_00023	B9J08_001552
B9J08_00024	B9J08_001553
B9J08_00025	B9J08_001554
B9J08_00026	B9J08_001555
B9J08_00027	B9J08_001556
B9J08_00029	B9J08_001558
B9J08_00030	B9J08_001559
B9J08_00031	B9J08_001560
B9J08_00033	B9J08_001562
B9J08_00034	B9J08_001563
B9J08_00035	B9J08_001564
B9J08_00036	B9J08_001565
B9J08_00037	B9J08_001566
B9J08_00038	B9J08_001567
B9J08_00039	B9J08_001568
B9J08_00040	B9J08_001569
B9J08_00041	B9J08_001570
B9J08_00042	B9J08_001571
B9J08_00043	B9J08_001572
B9J08_00045	B9J08_001574
B9J08_00046	B9J08_001575
B9J08_00047	B9J08_001576
B9J08_00048	B9J08_001577
B9J08_00050	B9J08_001579
B9J08_00051	B9J08_001580
B9J08_00052	B9J08_001581
B9J08_00053	B9J08_001582
B9J08_00054	B9J08_001584
B9J08_00055	B9J08_001585
B9J08_00056	B9J08_001586
B9J08_00057	B9J08_001587
B9J08_00058	B9J08_001588
B9J08_00059	B9J08_001589
B9J08_00060	B9J08_001590
B9J08_00063	B9J08_001593
B9J08_00065	B9J08_001595
B9J08_00066	B9J08_001596
B9J08_00067	B9J08_001597
B9J08_00069	B9J08_001599
B9J08_00070	B9J08_001600
B9J08_00071	B9J08_001601
B9J08_00073	B9J08_001603
B9J08_00074	B9J08_001604
B9J08_00075	B9J08_001605
B9J08_00077	B9J08_001607
B9J08_00078	B9J08_001608
B9J08_00079	B9J08_001609
B9J08_00080	B9J08_001610
B9J08_00081	B9J08_001611
B9J08_00082	B9J08_001612
B9J08_00085	B9J08_001615
B9J08_00086	B9J08_001616
B9J08_00087	B9J08_001617
B9J08_00088	B9J08_001618
B9J08_00089	B9J08_001619
B9J08_00090	B9J08_001620
B9J08_00091	B9J08_001621
B9J08_00092	B9J08_001622
B9J08_00093	B9J08_001623
B9J08_00096	B9J08_001626
B9J08_00097	B9J08_001627
B9J08_00100	B9J08_001630
B9J08_00101	B9J08_001631
B9J08_00102	B9J08_001632
B9J08_00103	B9J08_001633
B9J08_00104	B9J08_001634
B9J08_00105	B9J08_001635
B9J08_00106	B9J08_001636
B9J08_00107	B9J08_001637
B9J08_00108	B9J08_001638
B9J08_00109	B9J08_001639
B9J08_00110	B9J08_001640
B9J08_00111	B9J08_001641
B9J08_00112	B9J08_001642
B9J08_00113	B9J08_001643
B9J08_00114	B9J08_001644
B9J08_00116	B9J08_001646
B9J08_00117	B9J08_001647
B9J08_00118	B9J08_001648
B9J08_00119	B9J08_001649
B9J08_00120	B9J08_001650
B9J08_00121	B9J08_001651
B9J08_00124	B9J08_001654
B9J08_00125	B9J08_001655
B9J08_00126	B9J08_001656
B9J08_00127	B9J08_001657
B9J08_00128	B9J08_001658
B9J08_00129	B9J08_001659
B9J08_00130	B9J08_001660
B9J08_00133	B9J08_001663
B9J08_00134	B9J08_001664
B9J08_00135	B9J08_001665
B9J08_00136	B9J08_001666
B9J08_00137	B9J08_001667
B9J08_00138	B9J08_001668
B9J08_00139	B9J08_001669
B9J08_00141	B9J08_001671
B9J08_00142	B9J08_001672
B9J08_00143	B9J08_001673
B9J08_00145	B9J08_001675
B9J08_00146	B9J08_001676
B9J08_00147	B9J08_001677
B9J08_00148	B9J08_001678
B9J08_00149	B9J08_001679
B9J08_00150	B9J08_001680
B9J08_00151	B9J08_001681
B9J08_00152	B9J08_001682
B9J08_00153	B9J08_001683
B9J08_00155	B9J08_001685
B9J08_00157	B9J08_001687
B9J08_00158	B9J08_001688
B9J08_00159	B9J08_001689
B9J08_00160	B9J08_001690
B9J08_00161	B9J08_001691
B9J08_00162	B9J08_001692
B9J08_00164	B9J08_001694
B9J08_00166	B9J08_001696
B9J08_00167	B9J08_001697
B9J08_00168	B9J08_001698
B9J08_00169	B9J08_001699
B9J08_00170	B9J08_001700
B9J08_00173	B9J08_001703
B9J08_00174	B9J08_001704
B9J08_00175	B9J08_001705
B9J08_00176	B9J08_001706
B9J08_00177	B9J08_001707
B9J08_00178	B9J08_001708
B9J08_00179	B9J08_001709
B9J08_00180	B9J08_001710
B9J08_00181	B9J08_001711
B9J08_00182	B9J08_001712
B9J08_00183	B9J08_001713
B9J08_00184	B9J08_001714
B9J08_00186	B9J08_001716
B9J08_00187	B9J08_001717
B9J08_00188	B9J08_001718
B9J08_00189	B9J08_001719
B9J08_00190	B9J08_001720
B9J08_00191	B9J08_001721
B9J08_00192	B9J08_001722
B9J08_00194	B9J08_001724
B9J08_00195	B9J08_001725
B9J08_00196	B9J08_001726
B9J08_00197	B9J08_001727
B9J08_00198	B9J08_001728
B9J08_00199	B9J08_001729
B9J08_00200	B9J08_001730
B9J08_00201	B9J08_001731
B9J08_00203	B9J08_001733
B9J08_00204	B9J08_001734
B9J08_00205	B9J08_001735
B9J08_00206	B9J08_001736
B9J08_00207	B9J08_001737
B9J08_00208	B9J08_001738
B9J08_00209	B9J08_001739
B9J08_00210	B9J08_001740
B9J08_00211	B9J08_001741
B9J08_00212	B9J08_001742
B9J08_00213	B9J08_001743
B9J08_00214	B9J08_001744
B9J08_00215	B9J08_001745
B9J08_00216	B9J08_001746
B9J08_00217	B9J08_001747
B9J08_00218	B9J08_001748
B9J08_00219	B9J08_001749
B9J08_00220	B9J08_001750
B9J08_00221	B9J08_001751
B9J08_00222	B9J08_001752
B9J08_00223	B9J08_001753
B9J08_00224	B9J08_001754
B9J08_00225	B9J08_001755
B9J08_00227	B9J08_001757
B9J08_00228	B9J08_001758
B9J08_00229	B9J08_001759
B9J08_00230	B9J08_001760
B9J08_00232	B9J08_001762
B9J08_00233	B9J08_001763
B9J08_00234	B9J08_001764
B9J08_00236	B9J08_001766
B9J08_00237	B9J08_001767
B9J08_00238	B9J08_001768
B9J08_00239	B9J08_001769
B9J08_00240	B9J08_001770
B9J08_00241	B9J08_001771
B9J08_00243	B9J08_001773
B9J08_00244	B9J08_001774
B9J08_00245	B9J08_001775
B9J08_00247	B9J08_001777
B9J08_00248	B9J08_001778
B9J08_00249	B9J08_001779
B9J08_00250	B9J08_001780
B9J08_00251	B9J08_001781
B9J08_00252	B9J08_001782
B9J08_00253	B9J08_001783
B9J08_00255	B9J08_001785
B9J08_00256	B9J08_001786
B9J08_00257	B9J08_001787
B9J08_00258	B9J08_001788
B9J08_00259	B9J08_001789
B9J08_00260	B9J08_001790
B9J08_00261	B9J08_001791
B9J08_00262	B9J08_001792
B9J08_00263	B9J08_001793
B9J08_00265	B9J08_001795
B9J08_00266	B9J08_001796
B9J08_00269	B9J08_001799
B9J08_00270	B9J08_001800
B9J08_00271	B9J08_001801
B9J08_00272	B9J08_001802
B9J08_00274	B9J08_001804
B9J08_00275	B9J08_001805
B9J08_00276	B9J08_001806
B9J08_00277	B9J08_001807
B9J08_00278	B9J08_001808
B9J08_00279	B9J08_001809
B9J08_00280	B9J08_001810
B9J08_00281	B9J08_001811
B9J08_00282	B9J08_001812
B9J08_00283	B9J08_001813
B9J08_00284	B9J08_001814
B9J08_00285	B9J08_001815
B9J08_00286	B9J08_001816
B9J08_00287	B9J08_001817
B9J08_00288	B9J08_001818
B9J08_00289	B9J08_001819
B9J08_00290	B9J08_001820
B9J08_00293	B9J08_001823
B9J08_00294	B9J08_001824
B9J08_00295	B9J08_001825
B9J08_00298	B9J08_001828
B9J08_00299	B9J08_001829
B9J08_00300	B9J08_001830
B9J08_00301	B9J08_001831
B9J08_00302	B9J08_001832
B9J08_00303	B9J08_001833
B9J08_00304	B9J08_001834
B9J08_00305	B9J08_001835
B9J08_00306	B9J08_001836
B9J08_00307	B9J08_001837
B9J08_00308	B9J08_001838
B9J08_00309	B9J08_001839
B9J08_00310	B9J08_001840
B9J08_00311	B9J08_001841
B9J08_00314	B9J08_001844
B9J08_00315	B9J08_001845
B9J08_00316	B9J08_001846
B9J08_00317	B9J08_001847
B9J08_00318	B9J08_001848
B9J08_00319	B9J08_001849
B9J08_00322	B9J08_001852
B9J08_00323	B9J08_001853
B9J08_00324	B9J08_001854
B9J08_00325	B9J08_001855
B9J08_00326	B9J08_001856
B9J08_00327	B9J08_001857
B9J08_00328	B9J08_001858
B9J08_00329	B9J08_001859
B9J08_00331	B9J08_001861
B9J08_00332	B9J08_001862
B9J08_00333	B9J08_001863
B9J08_00334	B9J08_001864
B9J08_00335	B9J08_001865
B9J08_00336	B9J08_001866
B9J08_00337	B9J08_001867
B9J08_00338	B9J08_001868
B9J08_00339	B9J08_001869
B9J08_00342	B9J08_001872
B9J08_00343	B9J08_001873
B9J08_00344	B9J08_001874
B9J08_00346	B9J08_001876
B9J08_00347	B9J08_001877
B9J08_00350	B9J08_001880
B9J08_00351	B9J08_001881
B9J08_00352	B9J08_001882
B9J08_00355	B9J08_001885
B9J08_00358	B9J08_001888
B9J08_00359	B9J08_001889
B9J08_00361	B9J08_001891
B9J08_00362	B9J08_001892
B9J08_00364	B9J08_001894
B9J08_00365	B9J08_001895
B9J08_00366	B9J08_001896
B9J08_00367	B9J08_001897
B9J08_00368	B9J08_001898
B9J08_00369	B9J08_001899
B9J08_00370	B9J08_001900
B9J08_00371	B9J08_001901
B9J08_00372	B9J08_001902
B9J08_00373	B9J08_001903
B9J08_00374	B9J08_001904
B9J08_00375	B9J08_001905
B9J08_00376	B9J08_001906
B9J08_00377	B9J08_001907
B9J08_00379	B9J08_001909
B9J08_00380	B9J08_001910
B9J08_00381	B9J08_001911
B9J08_00383	B9J08_001913
B9J08_00384	B9J08_001914
B9J08_00386	B9J08_001916
B9J08_00387	B9J08_001917
B9J08_00388	B9J08_001918
B9J08_00389	B9J08_001919
B9J08_00390	B9J08_001920
B9J08_00391	B9J08_001921
B9J08_00393	B9J08_001923
B9J08_00394	B9J08_001924
B9J08_00395	B9J08_001925
B9J08_00396	B9J08_001926
B9J08_00398	B9J08_001928
B9J08_00399	B9J08_001929
B9J08_00400	B9J08_001930
B9J08_00402	B9J08_001932
B9J08_00403	B9J08_001933
B9J08_00404	B9J08_001934
B9J08_00405	B9J08_001935
B9J08_00406	B9J08_001936
B9J08_00407	B9J08_001937
B9J08_00408	B9J08_001938
B9J08_00409	B9J08_001939
B9J08_00410	B9J08_001940
B9J08_00411	B9J08_001941
B9J08_00412	B9J08_001942
B9J08_00413	B9J08_001943
B9J08_00414	B9J08_001944
B9J08_00415	B9J08_001945
B9J08_00416	B9J08_001946
B9J08_00422	B9J08_004533
B9J08_00424	B9J08_000352
B9J08_00431	B9J08_003690
B9J08_00432	B9J08_001530
B9J08_00442	B9J08_003356
B9J08_00445	B9J08_002585
B9J08_00448	B9J08_002588
B9J08_00449	B9J08_002589
B9J08_00450	B9J08_002590
B9J08_00451	B9J08_002591
B9J08_00452	B9J08_002592
B9J08_00453	B9J08_002593
B9J08_00454	B9J08_002594
B9J08_00455	B9J08_002595
B9J08_00456	B9J08_002596
B9J08_00457	B9J08_002597
B9J08_00458	B9J08_002598
B9J08_00459	B9J08_002599
B9J08_00462	B9J08_002602
B9J08_00463	B9J08_002603
B9J08_00464	B9J08_002604
B9J08_00465	B9J08_002605
B9J08_00466	B9J08_002606
B9J08_00467	B9J08_002607
B9J08_00468	B9J08_002608
B9J08_00469	B9J08_002609
B9J08_00470	B9J08_002610
B9J08_00471	B9J08_002611
B9J08_00472	B9J08_002612
B9J08_00473	B9J08_002613
B9J08_00474	B9J08_002614
B9J08_00475	B9J08_002615
B9J08_00476	B9J08_002616
B9J08_00477	B9J08_002617
B9J08_00479	B9J08_002619
B9J08_00480	B9J08_002620
B9J08_00481	B9J08_002621
B9J08_00483	B9J08_002623
B9J08_00484	B9J08_002624
B9J08_00486	B9J08_002626
B9J08_00488	B9J08_002628
B9J08_00490	B9J08_002630
B9J08_00491	B9J08_002631
B9J08_00493	B9J08_002633
B9J08_00494	B9J08_002634
B9J08_00495	B9J08_002635
B9J08_00496	B9J08_002636
B9J08_00497	B9J08_002637
B9J08_00499	B9J08_002639
B9J08_00500	B9J08_002640
B9J08_00501	B9J08_002641
B9J08_00503	B9J08_002643
B9J08_00504	B9J08_002644
B9J08_00505	B9J08_002645
B9J08_00506	B9J08_002646
B9J08_00507	B9J08_002647
B9J08_00508	B9J08_002648
B9J08_00509	B9J08_002649
B9J08_00510	B9J08_002650
B9J08_00513	B9J08_002653
B9J08_00514	B9J08_002654
B9J08_00515	B9J08_002655
B9J08_00516	B9J08_002656
B9J08_00517	B9J08_002657
B9J08_00519	B9J08_002659
B9J08_00520	B9J08_002660
B9J08_00521	B9J08_002661
B9J08_00522	B9J08_002662
B9J08_00523	B9J08_002663
B9J08_00524	B9J08_002664
B9J08_00525	B9J08_002665
B9J08_00526	B9J08_002666
B9J08_00527	B9J08_002667
B9J08_00528	B9J08_002668
B9J08_00530	B9J08_002670
B9J08_00531	B9J08_002671
B9J08_00532	B9J08_002672
B9J08_00533	B9J08_002673
B9J08_00534	B9J08_002674
B9J08_00535	B9J08_002675
B9J08_00536	B9J08_002676
B9J08_00537	B9J08_002677
B9J08_00538	B9J08_002678
B9J08_00539	B9J08_002679
B9J08_00540	B9J08_002680
B9J08_00542	B9J08_002683
B9J08_00543	B9J08_002684
B9J08_00544	B9J08_002685
B9J08_00545	B9J08_002686
B9J08_00546	B9J08_002687
B9J08_00547	B9J08_002688
B9J08_00549	B9J08_002690
B9J08_00550	B9J08_002691
B9J08_00551	B9J08_002692
B9J08_00552	B9J08_002693
B9J08_00553	B9J08_002694
B9J08_00554	B9J08_002695
B9J08_00555	B9J08_002696
B9J08_00556	B9J08_002697
B9J08_00557	B9J08_002698
B9J08_00558	B9J08_002699
B9J08_00560	B9J08_002701
B9J08_00561	B9J08_002702
B9J08_00562	B9J08_002703
B9J08_00563	B9J08_002704
B9J08_00564	B9J08_002705
B9J08_00565	B9J08_002706
B9J08_00566	B9J08_002707
B9J08_00568	B9J08_002709
B9J08_00569	B9J08_002710
B9J08_00570	B9J08_002711
B9J08_00572	B9J08_002713
B9J08_00573	B9J08_002714
B9J08_00574	B9J08_002715
B9J08_00576	B9J08_002717
B9J08_00579	B9J08_002720
B9J08_00581	B9J08_002722
B9J08_00582	B9J08_002723
B9J08_00583	B9J08_002724
B9J08_00584	B9J08_002725
B9J08_00585	B9J08_002726
B9J08_00586	B9J08_002727
B9J08_00587	B9J08_002728
B9J08_00588	B9J08_002729
B9J08_00589	B9J08_002730
B9J08_00590	B9J08_002731
B9J08_00591	B9J08_002732
B9J08_00593	B9J08_002734
B9J08_00594	B9J08_002735
B9J08_00595	B9J08_002736
B9J08_00596	B9J08_002737
B9J08_00597	B9J08_002738
B9J08_00598	B9J08_002739
B9J08_00599	B9J08_002740
B9J08_00600	B9J08_002741
B9J08_00602	B9J08_002743
B9J08_00603	B9J08_002744
B9J08_00604	B9J08_002745
B9J08_00606	B9J08_002747
B9J08_00607	B9J08_002748
B9J08_00609	B9J08_002750
B9J08_00610	B9J08_002751
B9J08_00611	B9J08_002752
B9J08_00612	B9J08_002753
B9J08_00613	B9J08_002754
B9J08_00614	B9J08_002755
B9J08_00615	B9J08_002756
B9J08_00616	B9J08_002757
B9J08_00617	B9J08_002758
B9J08_00619	B9J08_002760
B9J08_00620	B9J08_002761
B9J08_00622	B9J08_002763
B9J08_00623	B9J08_002764
B9J08_00624	B9J08_002765
B9J08_00625	B9J08_002766
B9J08_00627	B9J08_002768
B9J08_00632	B9J08_002773
B9J08_00633	B9J08_002774
B9J08_00634	B9J08_002775
B9J08_00635	B9J08_002776
B9J08_00636	B9J08_002777
B9J08_00640	B9J08_002781
B9J08_00641	B9J08_002782
B9J08_00643	B9J08_002784
B9J08_00644	B9J08_002785
B9J08_00648	B9J08_002789
B9J08_00649	B9J08_002790
B9J08_00650	B9J08_002791
B9J08_00651	B9J08_002792
B9J08_00652	B9J08_002793
B9J08_00653	B9J08_002794
B9J08_00654	B9J08_002795
B9J08_00655	B9J08_002796
B9J08_00656	B9J08_002797
B9J08_00657	B9J08_002798
B9J08_00658	B9J08_002799
B9J08_00659	B9J08_002800
B9J08_00660	B9J08_002801
B9J08_00661	B9J08_002802
B9J08_00662	B9J08_002803
B9J08_00663	B9J08_002804
B9J08_00664	B9J08_002805
B9J08_00666	B9J08_002807
B9J08_00667	B9J08_002808
B9J08_00668	B9J08_002809
B9J08_00669	B9J08_002810
B9J08_00670	B9J08_002811
B9J08_00673	B9J08_002814
B9J08_00674	B9J08_002815
B9J08_00675	B9J08_002816
B9J08_00676	B9J08_002817
B9J08_00677	B9J08_002818
B9J08_00679	B9J08_002820
B9J08_00680	B9J08_002821
B9J08_00682	B9J08_002823
B9J08_00683	B9J08_002824
B9J08_00684	B9J08_002825
B9J08_00686	B9J08_002827
B9J08_00687	B9J08_002828
B9J08_00688	B9J08_002829
B9J08_00689	B9J08_002830
B9J08_00690	B9J08_002831
B9J08_00691	B9J08_002832
B9J08_00692	B9J08_002833
B9J08_00693	B9J08_002834
B9J08_00694	B9J08_002835
B9J08_00695	B9J08_002836
B9J08_00696	B9J08_002837
B9J08_00697	B9J08_002838
B9J08_00698	B9J08_002839
B9J08_00699	B9J08_002840
B9J08_00700	B9J08_002841
B9J08_00701	B9J08_002842
B9J08_00702	B9J08_002843
B9J08_00703	B9J08_002844
B9J08_00704	B9J08_002845
B9J08_00705	B9J08_002846
B9J08_00707	B9J08_002848
B9J08_00708	B9J08_002849
B9J08_00709	B9J08_002850
B9J08_00710	B9J08_002851
B9J08_00711	B9J08_002852
B9J08_00712	B9J08_002853
B9J08_00713	B9J08_002854
B9J08_00715	B9J08_002856
B9J08_00716	B9J08_002857
B9J08_00717	B9J08_002858
B9J08_00718	B9J08_002859
B9J08_00719	B9J08_002860
B9J08_00720	B9J08_002861
B9J08_00721	B9J08_002862
B9J08_00722	B9J08_002863
B9J08_00723	B9J08_002864
B9J08_00724	B9J08_002865
B9J08_00726	B9J08_002867
B9J08_00727	B9J08_002868
B9J08_00728	B9J08_002869
B9J08_00729	B9J08_002870
B9J08_00730	B9J08_002871
B9J08_00731	B9J08_002872
B9J08_00733	B9J08_002874
B9J08_00734	B9J08_002875
B9J08_00736	B9J08_002877
B9J08_00737	B9J08_002878
B9J08_00738	B9J08_002879
B9J08_00740	B9J08_002881
B9J08_00741	B9J08_002882
B9J08_00743	B9J08_002884
B9J08_00745	B9J08_002886
B9J08_00746	B9J08_002887
B9J08_00747	B9J08_002888
B9J08_00748	B9J08_002889
B9J08_00749	B9J08_002890
B9J08_00750	B9J08_002891
B9J08_00751	B9J08_002892
B9J08_00752	B9J08_002893
B9J08_00753	B9J08_002894
B9J08_00754	B9J08_002895
B9J08_00755	B9J08_002896
B9J08_00756	B9J08_002897
B9J08_00757	B9J08_002898
B9J08_00758	B9J08_002899
B9J08_00759	B9J08_002900
B9J08_00760	B9J08_002901
B9J08_00761	B9J08_002903
B9J08_00762	B9J08_002904
B9J08_00763	B9J08_002905
B9J08_00765	B9J08_002907
B9J08_00766	B9J08_002908
B9J08_00767	B9J08_002909
B9J08_00769	B9J08_002911
B9J08_00770	B9J08_002912
B9J08_00771	B9J08_002913
B9J08_00772	B9J08_002914
B9J08_00773	B9J08_002915
B9J08_00774	B9J08_002916
B9J08_00775	B9J08_002917
B9J08_00776	B9J08_002918
B9J08_00780	B9J08_002922
B9J08_00781	B9J08_002923
B9J08_00782	B9J08_002924
B9J08_00783	B9J08_002925
B9J08_00784	B9J08_002926
B9J08_00785	B9J08_002927
B9J08_00786	B9J08_002928
B9J08_00787	B9J08_002929
B9J08_00788	B9J08_002930
B9J08_00789	B9J08_002931
B9J08_00790	B9J08_002932
B9J08_00791	B9J08_002933
B9J08_00792	B9J08_002934
B9J08_00794	B9J08_002936
B9J08_00795	B9J08_002937
B9J08_00796	B9J08_002938
B9J08_00797	B9J08_002939
B9J08_00798	B9J08_002940
B9J08_00799	B9J08_002941
B9J08_00800	B9J08_002942
B9J08_00801	B9J08_002943
B9J08_00803	B9J08_002945
B9J08_00804	B9J08_002946
B9J08_00805	B9J08_002947
B9J08_00806	B9J08_002948
B9J08_00807	B9J08_002949
B9J08_00808	B9J08_002950
B9J08_00809	B9J08_002951
B9J08_00810	B9J08_002952
B9J08_00811	B9J08_002953
B9J08_00812	B9J08_002954
B9J08_00813	B9J08_002955
B9J08_00814	B9J08_002956
B9J08_00816	B9J08_002958
B9J08_00817	B9J08_002959
B9J08_00820	B9J08_002962
B9J08_00823	B9J08_002965
B9J08_00824	B9J08_002966
B9J08_00825	B9J08_002967
B9J08_00826	B9J08_002968
B9J08_00827	B9J08_002969
B9J08_00829	B9J08_002971
B9J08_00831	B9J08_002973
B9J08_00832	B9J08_002974
B9J08_00833	B9J08_002975
B9J08_00834	B9J08_002976
B9J08_00835	B9J08_002977
B9J08_00836	B9J08_002978
B9J08_00837	B9J08_002979
B9J08_00838	B9J08_002980
B9J08_00839	B9J08_002981
B9J08_00840	B9J08_002982
B9J08_00841	B9J08_002983
B9J08_00842	B9J08_002984
B9J08_00843	B9J08_002985
B9J08_00845	B9J08_002987
B9J08_00846	B9J08_002988
B9J08_00847	B9J08_002989
B9J08_00848	B9J08_002990
B9J08_00849	B9J08_002991
B9J08_00850	B9J08_002992
B9J08_00851	B9J08_002993
B9J08_00854	B9J08_002996
B9J08_00855	B9J08_002997
B9J08_00856	B9J08_002998
B9J08_00857	B9J08_002999
B9J08_00858	B9J08_003000
B9J08_00859	B9J08_003001
B9J08_00860	B9J08_003002
B9J08_00861	B9J08_003003
B9J08_00862	B9J08_003004
B9J08_00863	B9J08_003005
B9J08_00864	B9J08_003006
B9J08_00865	B9J08_003007
B9J08_00866	B9J08_003008
B9J08_00867	B9J08_003009
B9J08_00868	B9J08_003010
B9J08_00869	B9J08_003011
B9J08_00870	B9J08_003012
B9J08_00872	B9J08_003014
B9J08_00873	B9J08_003015
B9J08_00874	B9J08_003016
B9J08_00875	B9J08_003017
B9J08_00876	B9J08_003018
B9J08_00877	B9J08_003019
B9J08_00878	B9J08_003020
B9J08_00879	B9J08_003021
B9J08_00880	B9J08_003022
B9J08_00882	B9J08_003024
B9J08_00883	B9J08_003025
B9J08_00884	B9J08_003026
B9J08_00885	B9J08_003027
B9J08_00886	B9J08_003028
B9J08_00887	B9J08_003029
B9J08_00888	B9J08_003030
B9J08_00889	B9J08_003031
B9J08_00890	B9J08_003032
B9J08_00891	B9J08_003033
B9J08_00892	B9J08_003034
B9J08_00893	B9J08_003035
B9J08_00894	B9J08_003036
B9J08_00895	B9J08_003037
B9J08_00896	B9J08_003038
B9J08_00897	B9J08_003039
B9J08_00898	B9J08_003040
B9J08_00899	B9J08_003041
B9J08_00900	B9J08_003042
B9J08_00902	B9J08_003044
B9J08_00903	B9J08_003045
B9J08_00904	B9J08_003046
B9J08_00905	B9J08_003047
B9J08_00906	B9J08_003048
B9J08_00907	B9J08_003049
B9J08_00908	B9J08_003050
B9J08_00909	B9J08_003051
B9J08_00911	B9J08_003053
B9J08_00912	B9J08_003054
B9J08_00914	B9J08_003056
B9J08_00915	B9J08_003057
B9J08_00916	B9J08_003058
B9J08_00918	B9J08_003060
B9J08_00921	B9J08_003063
B9J08_00923	B9J08_003065
B9J08_00924	B9J08_003066
B9J08_00925	B9J08_003067
B9J08_00926	B9J08_003068
B9J08_00927	B9J08_003069
B9J08_00928	B9J08_003070
B9J08_00931	B9J08_003073
B9J08_00932	B9J08_003074
B9J08_00933	B9J08_003075
B9J08_00934	B9J08_003076
B9J08_00935	B9J08_003077
B9J08_00937	B9J08_003079
B9J08_00938	B9J08_003080
B9J08_00939	B9J08_003081
B9J08_00940	B9J08_003082
B9J08_00941	B9J08_003083
B9J08_00943	B9J08_003085
B9J08_00944	B9J08_003086
B9J08_00945	B9J08_003087
B9J08_00946	B9J08_003088
B9J08_00948	B9J08_003090
B9J08_00949	B9J08_003091
B9J08_00950	B9J08_003092
B9J08_00951	B9J08_003093
B9J08_00952	B9J08_003094
B9J08_00953	B9J08_003095
B9J08_00956	B9J08_003098
B9J08_00958	B9J08_003100
B9J08_00959	B9J08_003101
B9J08_00960	B9J08_003102
B9J08_00964	B9J08_003106
B9J08_00967	B9J08_003109
B9J08_00968	B9J08_003110
B9J08_00969	B9J08_003111
B9J08_00970	B9J08_003112
B9J08_00971	B9J08_003113
B9J08_00972	B9J08_003114
B9J08_00974	B9J08_003116
B9J08_00975	B9J08_003117
B9J08_00977	B9J08_003119
B9J08_00978	B9J08_003120
B9J08_00979	B9J08_003121
B9J08_00981	B9J08_003123
B9J08_00982	B9J08_003124
B9J08_00984	B9J08_003126
B9J08_00986	B9J08_003128
B9J08_00987	B9J08_003129
B9J08_00988	B9J08_003130
B9J08_00989	B9J08_003131
B9J08_00990	B9J08_003132
B9J08_00992	B9J08_003134
B9J08_00993	B9J08_003135
B9J08_00994	B9J08_003136
B9J08_00995	B9J08_003137
B9J08_00996	B9J08_003138
B9J08_00997	B9J08_003139
B9J08_00998	B9J08_003140
B9J08_00999	B9J08_003141
B9J08_01000	B9J08_003142
B9J08_01001	B9J08_003143
B9J08_01002	B9J08_003144
B9J08_01003	B9J08_003145
B9J08_01004	B9J08_003146
B9J08_01005	B9J08_003147
B9J08_01006	B9J08_003148
B9J08_01007	B9J08_003149
B9J08_01008	B9J08_003150
B9J08_01009	B9J08_003151
B9J08_01010	B9J08_003152
B9J08_01012	B9J08_003154
B9J08_01013	B9J08_003155
B9J08_01014	B9J08_003156
B9J08_01016	B9J08_003158
B9J08_01019	B9J08_003161
B9J08_01020	B9J08_003162
B9J08_01023	B9J08_003165
B9J08_01024	B9J08_003166
B9J08_01025	B9J08_003167
B9J08_01026	B9J08_003168
B9J08_01027	B9J08_003169
B9J08_01029	B9J08_003171
B9J08_01031	B9J08_003173
B9J08_01032	B9J08_003174
B9J08_01033	B9J08_003175
B9J08_01034	B9J08_003176
B9J08_01036	B9J08_003178
B9J08_01037	B9J08_003179
B9J08_01039	B9J08_003181
B9J08_01040	B9J08_003182
B9J08_01041	B9J08_003183
B9J08_01042	B9J08_003184
B9J08_01046	B9J08_003188
B9J08_01047	B9J08_003189
B9J08_01048	B9J08_003190
B9J08_01049	B9J08_003191
B9J08_01050	B9J08_003192
B9J08_01051	B9J08_003193
B9J08_01052	B9J08_003194
B9J08_01053	B9J08_003195
B9J08_01055	B9J08_003197
B9J08_01056	B9J08_003198
B9J08_01058	B9J08_003200
B9J08_01059	B9J08_003201
B9J08_01060	B9J08_003202
B9J08_01063	B9J08_005579
B9J08_01064	B9J08_005578
B9J08_01065	B9J08_003204
B9J08_01067	B9J08_003206
B9J08_01068	B9J08_003207
B9J08_01069	B9J08_003208
B9J08_01070	B9J08_003209
B9J08_01071	B9J08_003210
B9J08_01072	B9J08_003211
B9J08_01073	B9J08_003212
B9J08_01074	B9J08_003213
B9J08_01075	B9J08_003214
B9J08_01077	B9J08_003216
B9J08_01078	B9J08_003217
B9J08_01079	B9J08_003218
B9J08_01080	B9J08_003219
B9J08_01081	B9J08_003220
B9J08_01084	B9J08_003223
B9J08_01086	B9J08_003225
B9J08_01087	B9J08_003226
B9J08_01088	B9J08_003227
B9J08_01089	B9J08_003228
B9J08_01090	B9J08_003229
B9J08_01091	B9J08_003230
B9J08_01092	B9J08_003231
B9J08_01094	B9J08_003233
B9J08_01095	B9J08_003234
B9J08_01096	B9J08_003235
B9J08_01097	B9J08_003236
B9J08_01098	B9J08_003237
B9J08_01100	B9J08_003239
B9J08_01102	B9J08_003241
B9J08_01103	B9J08_003242
B9J08_01105	B9J08_003244
B9J08_01107	B9J08_003246
B9J08_01108	B9J08_003247
B9J08_01112	B9J08_003251
B9J08_01113	B9J08_003252
B9J08_01114	B9J08_003253
B9J08_01115	B9J08_003254
B9J08_01116	B9J08_003255
B9J08_01118	B9J08_003257
B9J08_01119	B9J08_003258
B9J08_01120	B9J08_003259
B9J08_01121	B9J08_003260
B9J08_01122	B9J08_003261
B9J08_01123	B9J08_003262
B9J08_01124	B9J08_003263
B9J08_01125	B9J08_003264
B9J08_01126	B9J08_003265
B9J08_01127	B9J08_003266
B9J08_01128	B9J08_003267
B9J08_01129	B9J08_003268
B9J08_01130	B9J08_003269
B9J08_01131	B9J08_003270
B9J08_01133	B9J08_003272
B9J08_01135	B9J08_003274
B9J08_01136	B9J08_003275
B9J08_01137	B9J08_003276
B9J08_01138	B9J08_003277
B9J08_01139	B9J08_003278
B9J08_01140	B9J08_003279
B9J08_01141	B9J08_003280
B9J08_01142	B9J08_003281
B9J08_01143	B9J08_003282
B9J08_01144	B9J08_003283
B9J08_01145	B9J08_003284
B9J08_01146	B9J08_003285
B9J08_01147	B9J08_003286
B9J08_01148	B9J08_003287
B9J08_01150	B9J08_003289
B9J08_01152	B9J08_003291
B9J08_01153	B9J08_003292
B9J08_01155	B9J08_003294
B9J08_01156	B9J08_003295
B9J08_01158	B9J08_003297
B9J08_01159	B9J08_003298
B9J08_01161	B9J08_003300
B9J08_01162	B9J08_003301
B9J08_01163	B9J08_003302
B9J08_01164	B9J08_003303
B9J08_01165	B9J08_003304
B9J08_01166	B9J08_003305
B9J08_01168	B9J08_003307
B9J08_01169	B9J08_003308
B9J08_01171	B9J08_003310
B9J08_01172	B9J08_003311
B9J08_01173	B9J08_003312
B9J08_01175	B9J08_003314
B9J08_01176	B9J08_003315
B9J08_01177	B9J08_003316
B9J08_01178	B9J08_003317
B9J08_01179	B9J08_003318
B9J08_01180	B9J08_003319
B9J08_01181	B9J08_003320
B9J08_01183	B9J08_003322
B9J08_01184	B9J08_003323
B9J08_01185	B9J08_003324
B9J08_01186	B9J08_003325
B9J08_01187	B9J08_003326
B9J08_01189	B9J08_003328
B9J08_01190	B9J08_003329
B9J08_01193	B9J08_003332
B9J08_01194	B9J08_003333
B9J08_01195	B9J08_003334
B9J08_01196	B9J08_003335
B9J08_01197	B9J08_003336
B9J08_01198	B9J08_003337
B9J08_01199	B9J08_003338
B9J08_01201	B9J08_003340
B9J08_01202	B9J08_003341
B9J08_01203	B9J08_003342
B9J08_01204	B9J08_003343
B9J08_01205	B9J08_003344
B9J08_01206	B9J08_003345
B9J08_01207	B9J08_003346
B9J08_01208	B9J08_003347
B9J08_01209	B9J08_003348
B9J08_01211	B9J08_003350
B9J08_01212	B9J08_003351
B9J08_01213	B9J08_003352
B9J08_01215	B9J08_003354
B9J08_01216	B9J08_003355
B9J08_01217	B9J08_003356
B9J08_01218	B9J08_003357
B9J08_01219	B9J08_003358
B9J08_01221	B9J08_003360
B9J08_01222	B9J08_003361
B9J08_01227	B9J08_003366
B9J08_01228	B9J08_003367
B9J08_01231	B9J08_003370
B9J08_01232	B9J08_003371
B9J08_01233	B9J08_003372
B9J08_01234	B9J08_003373
B9J08_01236	B9J08_003375
B9J08_01237	B9J08_003376
B9J08_01238	B9J08_003377
B9J08_01239	B9J08_003378
B9J08_01240	B9J08_003379
B9J08_01241	B9J08_003380
B9J08_01242	B9J08_003381
B9J08_01243	B9J08_003382
B9J08_01246	B9J08_003385
B9J08_01247	B9J08_003386
B9J08_01248	B9J08_003387
B9J08_01249	B9J08_003388
B9J08_01250	B9J08_003389
B9J08_01251	B9J08_003390
B9J08_01252	B9J08_003391
B9J08_01253	B9J08_003392
B9J08_01255	B9J08_003394
B9J08_01256	B9J08_003395
B9J08_01257	B9J08_003396
B9J08_01258	B9J08_003397
B9J08_01259	B9J08_003398
B9J08_01260	B9J08_003399
B9J08_01261	B9J08_003400
B9J08_01262	B9J08_003401
B9J08_01263	B9J08_003402
B9J08_01264	B9J08_003403
B9J08_01265	B9J08_003404
B9J08_01266	B9J08_003405
B9J08_01267	B9J08_003406
B9J08_01268	B9J08_003407
B9J08_01269	B9J08_003408
B9J08_01270	B9J08_003409
B9J08_01271	B9J08_003410
B9J08_01272	B9J08_003411
B9J08_01273	B9J08_003412
B9J08_01274	B9J08_003413
B9J08_01275	B9J08_003414
B9J08_01278	B9J08_003417
B9J08_01279	B9J08_003418
B9J08_01280	B9J08_003419
B9J08_01281	B9J08_003420
B9J08_01282	B9J08_003421
B9J08_01283	B9J08_003422
B9J08_01284	B9J08_003424
B9J08_01285	B9J08_003425
B9J08_01286	B9J08_003426
B9J08_01287	B9J08_003427
B9J08_01288	B9J08_003428
B9J08_01289	B9J08_003429
B9J08_01290	B9J08_003430
B9J08_01291	B9J08_003431
B9J08_01293	B9J08_003434
B9J08_01294	B9J08_003435
B9J08_01295	B9J08_003436
B9J08_01296	B9J08_003437
B9J08_01297	B9J08_003438
B9J08_01298	B9J08_003439
B9J08_01300	B9J08_003441
B9J08_01302	B9J08_003443
B9J08_01303	B9J08_003444
B9J08_01304	B9J08_003445
B9J08_01306	B9J08_003447
B9J08_01307	B9J08_003448
B9J08_01309	B9J08_003450
B9J08_01310	B9J08_003451
B9J08_01312	B9J08_003453
B9J08_01313	B9J08_003454
B9J08_01314	B9J08_003455
B9J08_01316	B9J08_003457
B9J08_01317	B9J08_003458
B9J08_01318	B9J08_003459
B9J08_01319	B9J08_003460
B9J08_01320	B9J08_003461
B9J08_01323	B9J08_003464
B9J08_01324	B9J08_003465
B9J08_01326	B9J08_003467
B9J08_01327	B9J08_003468
B9J08_01328	B9J08_003469
B9J08_01329	B9J08_003470
B9J08_01330	B9J08_003471
B9J08_01332	B9J08_003473
B9J08_01333	B9J08_003474
B9J08_01334	B9J08_003475
B9J08_01336	B9J08_003477
B9J08_01337	B9J08_003478
B9J08_01338	B9J08_003479
B9J08_01339	B9J08_003480
B9J08_01340	B9J08_003481
B9J08_01341	B9J08_003482
B9J08_01342	B9J08_003483
B9J08_01343	B9J08_003484
B9J08_01345	B9J08_003486
B9J08_01346	B9J08_003487
B9J08_01347	B9J08_003488
B9J08_01348	B9J08_003489
B9J08_01350	B9J08_003491
B9J08_01353	B9J08_003494
B9J08_01354	B9J08_003495
B9J08_01355	B9J08_003496
B9J08_01356	B9J08_003497
B9J08_01357	B9J08_003498
B9J08_01358	B9J08_003499
B9J08_01359	B9J08_003500
B9J08_01361	B9J08_003502
B9J08_01362	B9J08_003503
B9J08_01363	B9J08_003504
B9J08_01364	B9J08_003505
B9J08_01365	B9J08_003506
B9J08_01366	B9J08_003507
B9J08_01368	B9J08_003509
B9J08_01370	B9J08_003511
B9J08_01372	B9J08_003513
B9J08_01374	B9J08_003515
B9J08_01375	B9J08_003516
B9J08_01378	B9J08_003519
B9J08_01380	B9J08_003521
B9J08_01381	B9J08_003522
B9J08_01382	B9J08_003523
B9J08_01383	B9J08_003524
B9J08_01385	B9J08_003526
B9J08_01386	B9J08_003527
B9J08_01387	B9J08_003528
B9J08_01388	B9J08_003529
B9J08_01389	B9J08_003530
B9J08_01391	B9J08_003532
B9J08_01392	B9J08_003533
B9J08_01393	B9J08_003535
B9J08_01394	B9J08_003536
B9J08_01395	B9J08_003537
B9J08_01396	B9J08_003538
B9J08_01397	B9J08_003539
B9J08_01398	B9J08_003540
B9J08_01400	B9J08_003542
B9J08_01401	B9J08_003543
B9J08_01402	B9J08_003544
B9J08_01403	B9J08_003545
B9J08_01404	B9J08_003546
B9J08_01405	B9J08_003547
B9J08_01408	B9J08_003550
B9J08_01409	B9J08_003551
B9J08_01410	B9J08_003552
B9J08_01411	B9J08_003553
B9J08_01412	B9J08_003554
B9J08_01413	B9J08_003555
B9J08_01414	B9J08_003556
B9J08_01415	B9J08_003557
B9J08_01416	B9J08_003558
B9J08_01417	B9J08_003559
B9J08_01418	B9J08_003560
B9J08_01419	B9J08_003561
B9J08_01420	B9J08_003562
B9J08_01421	B9J08_003563
B9J08_01422	B9J08_003564
B9J08_01425	B9J08_003567
B9J08_01426	B9J08_003568
B9J08_01427	B9J08_003569
B9J08_01428	B9J08_003570
B9J08_01429	B9J08_003571
B9J08_01431	B9J08_003573
B9J08_01432	B9J08_003574
B9J08_01433	B9J08_003575
B9J08_01434	B9J08_003576
B9J08_01435	B9J08_003577
B9J08_01436	B9J08_003578
B9J08_01437	B9J08_003579
B9J08_01438	B9J08_003580
B9J08_01439	B9J08_003581
B9J08_01441	B9J08_003583
B9J08_01442	B9J08_003584
B9J08_01443	B9J08_003585
B9J08_01444	B9J08_003586
B9J08_01445	B9J08_003587
B9J08_01446	B9J08_003588
B9J08_01447	B9J08_003589
B9J08_01448	B9J08_003590
B9J08_01449	B9J08_003591
B9J08_01450	B9J08_003592
B9J08_01451	B9J08_003593
B9J08_01452	B9J08_003594
B9J08_01453	B9J08_003595
B9J08_01454	B9J08_003596
B9J08_01455	B9J08_003597
B9J08_01456	B9J08_003598
B9J08_01457	B9J08_003599
B9J08_01458	B9J08_003600
B9J08_01459	B9J08_003601
B9J08_01460	B9J08_003602
B9J08_01461	B9J08_003603
B9J08_01462	B9J08_003604
B9J08_01464	B9J08_003606
B9J08_01465	B9J08_003607
B9J08_01466	B9J08_003608
B9J08_01469	B9J08_003611
B9J08_01470	B9J08_003612
B9J08_01471	B9J08_003613
B9J08_01474	B9J08_003616
B9J08_01475	B9J08_003617
B9J08_01476	B9J08_003618
B9J08_01477	B9J08_003619
B9J08_01478	B9J08_003620
B9J08_01479	B9J08_003621
B9J08_01480	B9J08_003622
B9J08_01481	B9J08_003623
B9J08_01482	B9J08_003624
B9J08_01484	B9J08_003626
B9J08_01485	B9J08_003627
B9J08_01486	B9J08_003628
B9J08_01487	B9J08_003629
B9J08_01488	B9J08_003630
B9J08_01489	B9J08_003631
B9J08_01491	B9J08_003633
B9J08_01493	B9J08_003635
B9J08_01494	B9J08_003636
B9J08_01495	B9J08_003637
B9J08_01496	B9J08_003638
B9J08_01497	B9J08_003639
B9J08_01498	B9J08_003640
B9J08_01499	B9J08_003641
B9J08_01500	B9J08_003642
B9J08_01501	B9J08_003643
B9J08_01502	B9J08_003644
B9J08_01505	B9J08_003647
B9J08_01506	B9J08_003648
B9J08_01507	B9J08_003649
B9J08_01509	B9J08_003651
B9J08_01510	B9J08_003652
B9J08_01512	B9J08_003654
B9J08_01513	B9J08_003655
B9J08_01514	B9J08_003656
B9J08_01515	B9J08_003657
B9J08_01516	B9J08_003658
B9J08_01517	B9J08_003659
B9J08_01518	B9J08_003660
B9J08_01519	B9J08_003661
B9J08_01520	B9J08_003662
B9J08_01521	B9J08_003663
B9J08_01522	B9J08_003664
B9J08_01523	B9J08_003665
B9J08_01524	B9J08_003666
B9J08_01526	B9J08_003668
B9J08_01527	B9J08_003669
B9J08_01528	B9J08_003670
B9J08_01529	B9J08_003671
B9J08_01530	B9J08_003672
B9J08_01531	B9J08_003673
B9J08_01533	B9J08_003675
B9J08_01534	B9J08_003676
B9J08_01536	B9J08_003678
B9J08_01537	B9J08_003679
B9J08_01538	B9J08_003680
B9J08_01539	B9J08_003681
B9J08_01541	B9J08_003683
B9J08_01543	B9J08_003685
B9J08_01544	B9J08_003686
B9J08_01545	B9J08_003687
B9J08_01547	B9J08_003689
B9J08_01548	B9J08_003690
B9J08_01549	B9J08_003691
B9J08_01550	B9J08_003692
B9J08_01551	B9J08_003693
B9J08_01552	B9J08_003694
B9J08_01554	B9J08_003696
B9J08_01555	B9J08_003697
B9J08_01556	B9J08_003698
B9J08_01557	B9J08_003699
B9J08_01558	B9J08_003700
B9J08_01559	B9J08_003701
B9J08_01560	B9J08_003702
B9J08_01561	B9J08_003703
B9J08_01562	B9J08_003704
B9J08_01563	B9J08_003705
B9J08_01564	B9J08_004248
B9J08_01565	B9J08_003707
B9J08_01567	B9J08_003709
B9J08_01568	B9J08_003710
B9J08_01569	B9J08_003711
B9J08_01570	B9J08_003712
B9J08_01571	B9J08_003713
B9J08_01572	B9J08_003714
B9J08_01573	B9J08_003715
B9J08_01574	B9J08_003716
B9J08_01575	B9J08_003717
B9J08_01576	B9J08_003718
B9J08_01577	B9J08_003719
B9J08_01578	B9J08_003720
B9J08_01579	B9J08_003721
B9J08_01581	B9J08_003723
B9J08_01582	B9J08_003724
B9J08_01583	B9J08_003725
B9J08_01584	B9J08_003726
B9J08_01585	B9J08_003727
B9J08_01586	B9J08_003728
B9J08_01587	B9J08_003729
B9J08_01589	B9J08_003731
B9J08_01590	B9J08_003732
B9J08_01591	B9J08_003733
B9J08_01592	B9J08_003734
B9J08_01593	B9J08_003735
B9J08_01594	B9J08_003736
B9J08_01595	B9J08_003737
B9J08_01597	B9J08_003739
B9J08_01598	B9J08_003740
B9J08_01599	B9J08_003741
B9J08_01601	B9J08_003743
B9J08_01602	B9J08_003744
B9J08_01603	B9J08_003745
B9J08_01604	B9J08_003746
B9J08_01605	B9J08_003747
B9J08_01606	B9J08_003748
B9J08_01607	B9J08_003749
B9J08_01608	B9J08_003750
B9J08_01609	B9J08_003751
B9J08_01610	B9J08_003752
B9J08_01611	B9J08_003753
B9J08_01612	B9J08_003754
B9J08_01615	B9J08_003757
B9J08_01616	B9J08_003758
B9J08_01617	B9J08_003759
B9J08_01618	B9J08_003760
B9J08_01619	B9J08_003761
B9J08_01620	B9J08_003762
B9J08_01621	B9J08_003763
B9J08_01623	B9J08_003765
B9J08_01624	B9J08_003766
B9J08_01630	B9J08_003772
B9J08_01631	B9J08_003773
B9J08_01633	B9J08_003775
B9J08_01634	B9J08_003776
B9J08_01635	B9J08_003777
B9J08_01637	B9J08_003779
B9J08_01639	B9J08_003781
B9J08_01640	B9J08_003782
B9J08_01642	B9J08_003784
B9J08_01644	B9J08_003786
B9J08_01646	B9J08_003788
B9J08_01647	B9J08_003789
B9J08_01648	B9J08_003790
B9J08_01650	B9J08_003792
B9J08_01651	B9J08_003793
B9J08_01652	B9J08_003794
B9J08_01654	B9J08_003796
B9J08_01655	B9J08_003797
B9J08_01656	B9J08_003798
B9J08_01657	B9J08_003799
B9J08_01658	B9J08_003800
B9J08_01659	B9J08_003801
B9J08_01660	B9J08_003802
B9J08_01661	B9J08_003803
B9J08_01663	B9J08_003805
B9J08_01664	B9J08_003806
B9J08_01665	B9J08_003807
B9J08_01666	B9J08_003808
B9J08_01668	B9J08_003810
B9J08_01669	B9J08_003811
B9J08_01670	B9J08_003812
B9J08_01671	B9J08_003813
B9J08_01673	B9J08_003815
B9J08_01674	B9J08_003816
B9J08_01675	B9J08_003817
B9J08_01676	B9J08_003818
B9J08_01678	B9J08_003820
B9J08_01679	B9J08_003821
B9J08_01680	B9J08_003822
B9J08_01681	B9J08_003823
B9J08_01682	B9J08_003824
B9J08_01683	B9J08_003825
B9J08_01684	B9J08_003826
B9J08_01685	B9J08_003827
B9J08_01686	B9J08_003828
B9J08_01687	B9J08_003829
B9J08_01688	B9J08_003830
B9J08_01690	B9J08_003832
B9J08_01691	B9J08_003833
B9J08_01693	B9J08_003835
B9J08_01694	B9J08_003836
B9J08_01697	B9J08_003839
B9J08_01699	B9J08_003841
B9J08_01700	B9J08_003842
B9J08_01701	B9J08_003843
B9J08_01702	B9J08_003844
B9J08_01703	B9J08_003845
B9J08_01704	B9J08_003846
B9J08_01705	B9J08_003847
B9J08_01706	B9J08_003848
B9J08_01707	B9J08_003849
B9J08_01708	B9J08_003850
B9J08_01709	B9J08_003851
B9J08_01711	B9J08_003853
B9J08_01712	B9J08_003854
B9J08_01713	B9J08_003855
B9J08_01714	B9J08_003856
B9J08_01715	B9J08_003857
B9J08_01716	B9J08_003858
B9J08_01719	B9J08_003861
B9J08_01720	B9J08_003862
B9J08_01721	B9J08_003863
B9J08_01722	B9J08_003864
B9J08_01723	B9J08_003865
B9J08_01725	B9J08_003867
B9J08_01726	B9J08_003868
B9J08_01727	B9J08_003869
B9J08_01728	B9J08_003870
B9J08_01729	B9J08_003871
B9J08_01730	B9J08_003872
B9J08_01731	B9J08_003873
B9J08_01733	B9J08_003875
B9J08_01734	B9J08_003876
B9J08_01735	B9J08_003877
B9J08_01736	B9J08_003878
B9J08_01738	B9J08_003880
B9J08_01739	B9J08_003881
B9J08_01741	B9J08_003883
B9J08_01742	B9J08_003884
B9J08_01743	B9J08_003885
B9J08_01744	B9J08_003886
B9J08_01745	B9J08_003887
B9J08_01746	B9J08_003888
B9J08_01748	B9J08_003890
B9J08_01749	B9J08_003891
B9J08_01750	B9J08_003892
B9J08_01751	B9J08_003893
B9J08_01753	B9J08_003895
B9J08_01754	B9J08_003896
B9J08_01755	B9J08_003897
B9J08_01756	B9J08_003898
B9J08_01757	B9J08_003899
B9J08_01758	B9J08_003900
B9J08_01759	B9J08_003901
B9J08_01760	B9J08_003902
B9J08_01761	B9J08_003903
B9J08_01762	B9J08_003904
B9J08_01764	B9J08_003906
B9J08_01765	B9J08_003907
B9J08_01766	B9J08_003908
B9J08_01767	B9J08_003909
B9J08_01768	B9J08_003910
B9J08_01769	B9J08_003911
B9J08_01770	B9J08_003912
B9J08_01771	B9J08_003913
B9J08_01772	B9J08_003914
B9J08_01773	B9J08_003915
B9J08_01775	B9J08_003917
B9J08_01778	B9J08_003920
B9J08_01779	B9J08_003921
B9J08_01780	B9J08_003922
B9J08_01781	B9J08_003923
B9J08_01782	B9J08_003924
B9J08_01783	B9J08_003926
B9J08_01785	B9J08_003928
B9J08_01786	B9J08_003929
B9J08_01787	B9J08_003930
B9J08_01788	B9J08_003931
B9J08_01790	B9J08_003933
B9J08_01791	B9J08_003934
B9J08_01792	B9J08_003935
B9J08_01793	B9J08_003936
B9J08_01794	B9J08_003937
B9J08_01795	B9J08_003938
B9J08_01796	B9J08_003939
B9J08_01798	B9J08_003941
B9J08_01799	B9J08_003942
B9J08_01801	B9J08_003944
B9J08_01802	B9J08_003945
B9J08_01803	B9J08_003946
B9J08_01804	B9J08_003947
B9J08_01805	B9J08_003948
B9J08_01806	B9J08_003949
B9J08_01807	B9J08_003950
B9J08_01809	B9J08_003952
B9J08_01811	B9J08_003954
B9J08_01812	B9J08_003955
B9J08_01813	B9J08_003956
B9J08_01814	B9J08_003957
B9J08_01815	B9J08_003958
B9J08_01816	B9J08_003959
B9J08_01817	B9J08_003960
B9J08_01818	B9J08_003961
B9J08_01819	B9J08_003962
B9J08_01820	B9J08_003963
B9J08_01821	B9J08_003964
B9J08_01823	B9J08_003966
B9J08_01824	B9J08_003967
B9J08_01825	B9J08_003968
B9J08_01826	B9J08_003969
B9J08_01827	B9J08_003970
B9J08_01828	B9J08_003971
B9J08_01829	B9J08_003972
B9J08_01830	B9J08_003973
B9J08_01831	B9J08_003974
B9J08_01832	B9J08_003975
B9J08_01833	B9J08_003976
B9J08_01834	B9J08_003977
B9J08_01836	B9J08_003979
B9J08_01837	B9J08_003980
B9J08_01838	B9J08_003981
B9J08_01839	B9J08_003982
B9J08_01840	B9J08_003983
B9J08_01841	B9J08_003984
B9J08_01842	B9J08_003985
B9J08_01843	B9J08_003986
B9J08_01844	B9J08_003987
B9J08_01845	B9J08_003988
B9J08_01846	B9J08_003989
B9J08_01847	B9J08_003990
B9J08_01849	B9J08_003992
B9J08_01850	B9J08_003993
B9J08_01852	B9J08_003995
B9J08_01854	B9J08_003997
B9J08_01856	B9J08_003999
B9J08_01857	B9J08_004000
B9J08_01858	B9J08_004001
B9J08_01859	B9J08_004002
B9J08_01860	B9J08_004003
B9J08_01861	B9J08_004004
B9J08_01864	B9J08_004007
B9J08_01865	B9J08_004008
B9J08_01866	B9J08_004009
B9J08_01867	B9J08_004010
B9J08_01868	B9J08_004011
B9J08_01869	B9J08_004012
B9J08_01870	B9J08_004013
B9J08_01871	B9J08_004014
B9J08_01872	B9J08_004015
B9J08_01873	B9J08_004016
B9J08_01874	B9J08_004017
B9J08_01875	B9J08_004018
B9J08_01876	B9J08_004019
B9J08_01877	B9J08_004020
B9J08_01878	B9J08_004021
B9J08_01879	B9J08_004022
B9J08_01880	B9J08_004023
B9J08_01882	B9J08_004025
B9J08_01883	B9J08_004026
B9J08_01884	B9J08_004027
B9J08_01885	B9J08_004028
B9J08_01886	B9J08_004029
B9J08_01888	B9J08_004031
B9J08_01889	B9J08_004032
B9J08_01890	B9J08_004033
B9J08_01891	B9J08_004034
B9J08_01892	B9J08_004035
B9J08_01893	B9J08_004036
B9J08_01894	B9J08_004037
B9J08_01896	B9J08_004039
B9J08_01897	B9J08_004040
B9J08_01898	B9J08_004041
B9J08_01899	B9J08_004042
B9J08_01900	B9J08_004043
B9J08_01901	B9J08_004044
B9J08_01902	B9J08_004045
B9J08_01904	B9J08_004047
B9J08_01905	B9J08_004048
B9J08_01906	B9J08_004049
B9J08_01908	B9J08_004051
B9J08_01909	B9J08_004052
B9J08_01910	B9J08_004053
B9J08_01911	B9J08_004054
B9J08_01912	B9J08_004055
B9J08_01913	B9J08_004056
B9J08_01914	B9J08_004057
B9J08_01915	B9J08_004058
B9J08_01916	B9J08_004059
B9J08_01917	B9J08_004060
B9J08_01918	B9J08_004061
B9J08_01919	B9J08_004062
B9J08_01921	B9J08_004064
B9J08_01922	B9J08_004065
B9J08_01926	B9J08_004069
B9J08_01927	B9J08_004070
B9J08_01928	B9J08_004071
B9J08_01929	B9J08_004072
B9J08_01930	B9J08_004073
B9J08_01931	B9J08_004074
B9J08_01932	B9J08_004075
B9J08_01934	B9J08_004077
B9J08_01935	B9J08_004078
B9J08_01936	B9J08_004079
B9J08_01937	B9J08_004080
B9J08_01938	B9J08_004081
B9J08_01939	B9J08_004082
B9J08_01940	B9J08_004083
B9J08_01941	B9J08_004084
B9J08_01942	B9J08_004085
B9J08_01943	B9J08_004086
B9J08_01944	B9J08_004087
B9J08_01945	B9J08_004088
B9J08_01946	B9J08_004089
B9J08_01947	B9J08_004090
B9J08_01948	B9J08_004091
B9J08_01949	B9J08_004092
B9J08_01950	B9J08_004093
B9J08_01951	B9J08_004094
B9J08_01953	B9J08_004096
B9J08_01954	B9J08_004097
B9J08_01955	B9J08_004098
B9J08_01956	B9J08_004099
B9J08_01957	B9J08_004100
B9J08_01958	B9J08_004101
B9J08_01959	B9J08_004102
B9J08_01960	B9J08_000001
B9J08_01961	B9J08_000002
B9J08_01962	B9J08_000003
B9J08_01963	B9J08_000004
B9J08_01964	B9J08_000005
B9J08_01965	B9J08_000006
B9J08_01966	B9J08_000007
B9J08_01967	B9J08_000008
B9J08_01968	B9J08_000009
B9J08_01969	B9J08_000010
B9J08_01970	B9J08_000011
B9J08_01973	B9J08_000014
B9J08_01975	B9J08_000016
B9J08_01976	B9J08_000017
B9J08_01977	B9J08_000018
B9J08_01978	B9J08_000019
B9J08_01980	B9J08_000021
B9J08_01981	B9J08_000022
B9J08_01983	B9J08_000024
B9J08_01984	B9J08_000025
B9J08_01985	B9J08_000026
B9J08_01986	B9J08_000027
B9J08_01987	B9J08_000028
B9J08_01988	B9J08_000029
B9J08_01989	B9J08_000030
B9J08_01990	B9J08_000031
B9J08_01991	B9J08_000032
B9J08_01992	B9J08_000033
B9J08_01993	B9J08_000034
B9J08_01994	B9J08_000035
B9J08_01995	B9J08_000036
B9J08_01996	B9J08_000037
B9J08_01998	B9J08_000039
B9J08_01999	B9J08_000040
B9J08_02000	B9J08_000041
B9J08_02001	B9J08_000042
B9J08_02002	B9J08_000043
B9J08_02003	B9J08_000044
B9J08_02006	B9J08_000047
B9J08_02007	B9J08_000048
B9J08_02008	B9J08_000049
B9J08_02009	B9J08_000050
B9J08_02011	B9J08_000052
B9J08_02012	B9J08_000053
B9J08_02013	B9J08_000054
B9J08_02014	B9J08_000055
B9J08_02015	B9J08_000056
B9J08_02018	B9J08_000059
B9J08_02019	B9J08_000060
B9J08_02020	B9J08_000061
B9J08_02021	B9J08_000062
B9J08_02024	B9J08_000065
B9J08_02025	B9J08_000066
B9J08_02026	B9J08_000067
B9J08_02027	B9J08_000068
B9J08_02028	B9J08_000069
B9J08_02029	B9J08_000070
B9J08_02031	B9J08_000072
B9J08_02032	B9J08_000073
B9J08_02033	B9J08_000074
B9J08_02035	B9J08_000076
B9J08_02036	B9J08_000077
B9J08_02037	B9J08_000078
B9J08_02038	B9J08_000079
B9J08_02039	B9J08_000080
B9J08_02040	B9J08_000081
B9J08_02042	B9J08_000083
B9J08_02043	B9J08_000084
B9J08_02044	B9J08_000085
B9J08_02045	B9J08_000086
B9J08_02046	B9J08_000087
B9J08_02047	B9J08_000088
B9J08_02048	B9J08_000089
B9J08_02051	B9J08_000092
B9J08_02052	B9J08_000093
B9J08_02053	B9J08_000094
B9J08_02054	B9J08_000095
B9J08_02055	B9J08_000096
B9J08_02056	B9J08_000097
B9J08_02057	B9J08_000098
B9J08_02058	B9J08_000099
B9J08_02059	B9J08_000100
B9J08_02060	B9J08_000101
B9J08_02062	B9J08_000103
B9J08_02063	B9J08_000104
B9J08_02064	B9J08_000105
B9J08_02065	B9J08_000106
B9J08_02067	B9J08_000108
B9J08_02068	B9J08_000109
B9J08_02069	B9J08_000110
B9J08_02070	B9J08_000111
B9J08_02071	B9J08_000112
B9J08_02073	B9J08_000114
B9J08_02074	B9J08_000115
B9J08_02075	B9J08_000116
B9J08_02076	B9J08_000117
B9J08_02077	B9J08_000118
B9J08_02078	B9J08_000119
B9J08_02079	B9J08_000120
B9J08_02080	B9J08_000121
B9J08_02081	B9J08_000122
B9J08_02082	B9J08_000123
B9J08_02083	B9J08_000124
B9J08_02086	B9J08_000127
B9J08_02087	B9J08_000128
B9J08_02088	B9J08_000129
B9J08_02089	B9J08_000130
B9J08_02090	B9J08_000131
B9J08_02092	B9J08_000133
B9J08_02093	B9J08_000134
B9J08_02094	B9J08_000135
B9J08_02095	B9J08_000136
B9J08_02096	B9J08_000137
B9J08_02097	B9J08_000138
B9J08_02098	B9J08_000139
B9J08_02099	B9J08_000140
B9J08_02102	B9J08_000143
B9J08_02103	B9J08_000144
B9J08_02104	B9J08_000145
B9J08_02105	B9J08_000146
B9J08_02106	B9J08_000147
B9J08_02107	B9J08_000148
B9J08_02108	B9J08_000149
B9J08_02110	B9J08_000151
B9J08_02111	B9J08_000152
B9J08_02112	B9J08_000153
B9J08_02113	B9J08_000154
B9J08_02114	B9J08_000155
B9J08_02115	B9J08_000156
B9J08_02116	B9J08_000157
B9J08_02117	B9J08_000158
B9J08_02118	B9J08_000159
B9J08_02119	B9J08_000160
B9J08_02120	B9J08_000161
B9J08_02121	B9J08_000162
B9J08_02124	B9J08_000165
B9J08_02125	B9J08_000166
B9J08_02127	B9J08_000168
B9J08_02128	B9J08_000169
B9J08_02129	B9J08_000170
B9J08_02131	B9J08_000172
B9J08_02133	B9J08_000174
B9J08_02135	B9J08_000176
B9J08_02136	B9J08_000177
B9J08_02138	B9J08_000179
B9J08_02139	B9J08_000180
B9J08_02140	B9J08_000181
B9J08_02141	B9J08_000182
B9J08_02142	B9J08_000183
B9J08_02143	B9J08_000184
B9J08_02146	B9J08_000187
B9J08_02148	B9J08_000189
B9J08_02149	B9J08_000190
B9J08_02152	B9J08_000193
B9J08_02153	B9J08_000194
B9J08_02154	B9J08_000195
B9J08_02155	B9J08_000196
B9J08_02156	B9J08_000197
B9J08_02157	B9J08_000198
B9J08_02158	B9J08_000199
B9J08_02160	B9J08_000201
B9J08_02161	B9J08_000202
B9J08_02163	B9J08_000204
B9J08_02164	B9J08_000205
B9J08_02165	B9J08_000206
B9J08_02166	B9J08_000207
B9J08_02167	B9J08_000208
B9J08_02169	B9J08_000210
B9J08_02170	B9J08_000211
B9J08_02172	B9J08_000213
B9J08_02173	B9J08_000214
B9J08_02175	B9J08_000216
B9J08_02179	B9J08_000220
B9J08_02180	B9J08_000221
B9J08_02181	B9J08_000222
B9J08_02183	B9J08_000224
B9J08_02184	B9J08_000225
B9J08_02185	B9J08_000226
B9J08_02186	B9J08_000227
B9J08_02187	B9J08_000228
B9J08_02190	B9J08_000231
B9J08_02191	B9J08_000232
B9J08_02192	B9J08_000233
B9J08_02193	B9J08_000234
B9J08_02194	B9J08_000235
B9J08_02195	B9J08_000236
B9J08_02196	B9J08_000237
B9J08_02197	B9J08_000238
B9J08_02198	B9J08_000239
B9J08_02199	B9J08_000240
B9J08_02200	B9J08_000241
B9J08_02201	B9J08_000242
B9J08_02202	B9J08_000243
B9J08_02203	B9J08_000244
B9J08_02204	B9J08_000245
B9J08_02205	B9J08_000246
B9J08_02206	B9J08_000247
B9J08_02207	B9J08_000248
B9J08_02208	B9J08_000249
B9J08_02209	B9J08_000250
B9J08_02210	B9J08_000251
B9J08_02211	B9J08_000252
B9J08_02212	B9J08_000253
B9J08_02215	B9J08_000256
B9J08_02216	B9J08_000257
B9J08_02217	B9J08_000258
B9J08_02218	B9J08_000259
B9J08_02219	B9J08_000260
B9J08_02220	B9J08_000261
B9J08_02222	B9J08_000263
B9J08_02225	B9J08_000266
B9J08_02226	B9J08_000267
B9J08_02227	B9J08_000268
B9J08_02229	B9J08_000270
B9J08_02230	B9J08_000271
B9J08_02234	B9J08_000275
B9J08_02236	B9J08_000277
B9J08_02237	B9J08_000278
B9J08_02238	B9J08_000279
B9J08_02239	B9J08_000280
B9J08_02240	B9J08_000281
B9J08_02241	B9J08_000282
B9J08_02243	B9J08_000284
B9J08_02244	B9J08_000285
B9J08_02245	B9J08_000286
B9J08_02246	B9J08_000287
B9J08_02247	B9J08_000288
B9J08_02248	B9J08_000289
B9J08_02249	B9J08_000290
B9J08_02250	B9J08_000291
B9J08_02251	B9J08_000292
B9J08_02252	B9J08_000293
B9J08_02253	B9J08_000294
B9J08_02254	B9J08_000295
B9J08_02255	B9J08_000296
B9J08_02256	B9J08_000297
B9J08_02257	B9J08_000298
B9J08_02258	B9J08_000299
B9J08_02259	B9J08_000301
B9J08_02260	B9J08_000302
B9J08_02261	B9J08_000303
B9J08_02264	B9J08_000306
B9J08_02265	B9J08_000307
B9J08_02266	B9J08_000308
B9J08_02267	B9J08_000309
B9J08_02268	B9J08_000310
B9J08_02269	B9J08_000311
B9J08_02270	B9J08_000312
B9J08_02271	B9J08_000313
B9J08_02272	B9J08_000314
B9J08_02273	B9J08_000315
B9J08_02274	B9J08_000316
B9J08_02275	B9J08_000317
B9J08_02279	B9J08_000321
B9J08_02280	B9J08_000322
B9J08_02281	B9J08_000323
B9J08_02282	B9J08_000324
B9J08_02283	B9J08_000325
B9J08_02285	B9J08_000327
B9J08_02287	B9J08_005587
B9J08_02288	B9J08_000330
B9J08_02289	B9J08_000331
B9J08_02290	B9J08_000332
B9J08_02291	B9J08_000333
B9J08_02292	B9J08_000334
B9J08_02293	B9J08_000335
B9J08_02294	B9J08_000336
B9J08_02295	B9J08_000337
B9J08_02296	B9J08_000338
B9J08_02297	B9J08_000339
B9J08_02298	B9J08_000340
B9J08_02299	B9J08_000341
B9J08_02300	B9J08_000342
B9J08_02301	B9J08_000343
B9J08_02302	B9J08_000344
B9J08_02303	B9J08_000345
B9J08_02305	B9J08_000347
B9J08_02306	B9J08_000348
B9J08_02307	B9J08_000349
B9J08_02308	B9J08_000350
B9J08_02310	B9J08_000352
B9J08_02312	B9J08_000354
B9J08_02313	B9J08_000355
B9J08_02315	B9J08_000357
B9J08_02316	B9J08_000358
B9J08_02317	B9J08_000359
B9J08_02318	B9J08_000360
B9J08_02319	B9J08_000361
B9J08_02320	B9J08_000362
B9J08_02321	B9J08_000363
B9J08_02322	B9J08_000364
B9J08_02323	B9J08_000365
B9J08_02324	B9J08_000366
B9J08_02326	B9J08_000368
B9J08_02327	B9J08_000369
B9J08_02330	B9J08_000372
B9J08_02331	B9J08_000373
B9J08_02332	B9J08_000374
B9J08_02333	B9J08_000375
B9J08_02334	B9J08_000376
B9J08_02336	B9J08_000378
B9J08_02338	B9J08_000380
B9J08_02339	B9J08_000381
B9J08_02341	B9J08_000383
B9J08_02342	B9J08_000384
B9J08_02343	B9J08_000385
B9J08_02346	B9J08_000388
B9J08_02347	B9J08_000389
B9J08_02348	B9J08_000390
B9J08_02349	B9J08_000391
B9J08_02350	B9J08_000392
B9J08_02351	B9J08_000393
B9J08_02352	B9J08_000394
B9J08_02353	B9J08_000395
B9J08_02354	B9J08_000396
B9J08_02355	B9J08_000397
B9J08_02356	B9J08_000398
B9J08_02357	B9J08_000399
B9J08_02358	B9J08_000400
B9J08_02359	B9J08_000401
B9J08_02360	B9J08_000402
B9J08_02361	B9J08_000403
B9J08_02362	B9J08_000404
B9J08_02363	B9J08_000405
B9J08_02364	B9J08_000406
B9J08_02365	B9J08_000407
B9J08_02366	B9J08_000408
B9J08_02368	B9J08_000410
B9J08_02369	B9J08_000411
B9J08_02370	B9J08_000412
B9J08_02371	B9J08_000413
B9J08_02372	B9J08_000414
B9J08_02373	B9J08_000415
B9J08_02375	B9J08_000417
B9J08_02376	B9J08_000418
B9J08_02377	B9J08_000419
B9J08_02378	B9J08_000420
B9J08_02379	B9J08_000421
B9J08_02380	B9J08_000422
B9J08_02381	B9J08_000423
B9J08_02383	B9J08_000425
B9J08_02385	B9J08_000427
B9J08_02387	B9J08_000429
B9J08_02388	B9J08_000430
B9J08_02390	B9J08_000432
B9J08_02393	B9J08_000435
B9J08_02394	B9J08_000436
B9J08_02396	B9J08_000438
B9J08_02397	B9J08_000439
B9J08_02398	B9J08_000440
B9J08_02399	B9J08_000441
B9J08_02400	B9J08_000442
B9J08_02401	B9J08_000443
B9J08_02403	B9J08_000445
B9J08_02404	B9J08_000446
B9J08_02405	B9J08_000447
B9J08_02406	B9J08_000448
B9J08_02407	B9J08_000449
B9J08_02408	B9J08_000450
B9J08_02409	B9J08_000451
B9J08_02410	B9J08_000452
B9J08_02412	B9J08_000454
B9J08_02414	B9J08_000456
B9J08_02415	B9J08_000457
B9J08_02417	B9J08_000459
B9J08_02418	B9J08_000460
B9J08_02421	B9J08_000463
B9J08_02422	B9J08_000464
B9J08_02424	B9J08_000466
B9J08_02425	B9J08_000467
B9J08_02426	B9J08_000468
B9J08_02427	B9J08_000469
B9J08_02429	B9J08_000471
B9J08_02430	B9J08_000472
B9J08_02431	B9J08_000473
B9J08_02432	B9J08_000474
B9J08_02434	B9J08_000476
B9J08_02436	B9J08_000478
B9J08_02437	B9J08_000479
B9J08_02439	B9J08_000481
B9J08_02440	B9J08_000482
B9J08_02443	B9J08_000485
B9J08_02445	B9J08_000487
B9J08_02446	B9J08_000488
B9J08_02447	B9J08_000489
B9J08_02448	B9J08_000490
B9J08_02449	B9J08_000491
B9J08_02450	B9J08_000492
B9J08_02451	B9J08_000493
B9J08_02452	B9J08_000494
B9J08_02453	B9J08_000495
B9J08_02455	B9J08_000497
B9J08_02457	B9J08_000499
B9J08_02458	B9J08_000500
B9J08_02459	B9J08_000501
B9J08_02460	B9J08_000502
B9J08_02461	B9J08_000503
B9J08_02462	B9J08_000504
B9J08_02463	B9J08_000505
B9J08_02466	B9J08_000508
B9J08_02467	B9J08_000509
B9J08_02468	B9J08_000510
B9J08_02469	B9J08_000511
B9J08_02470	B9J08_000512
B9J08_02471	B9J08_000513
B9J08_02472	B9J08_000514
B9J08_02473	B9J08_000515
B9J08_02474	B9J08_000516
B9J08_02475	B9J08_000517
B9J08_02476	B9J08_000518
B9J08_02477	B9J08_000519
B9J08_02478	B9J08_000520
B9J08_02479	B9J08_000521
B9J08_02481	B9J08_000523
B9J08_02482	B9J08_000524
B9J08_02483	B9J08_000525
B9J08_02484	B9J08_000526
B9J08_02485	B9J08_000527
B9J08_02487	B9J08_000529
B9J08_02488	B9J08_000530
B9J08_02489	B9J08_000531
B9J08_02490	B9J08_000532
B9J08_02491	B9J08_000533
B9J08_02492	B9J08_000534
B9J08_02493	B9J08_000535
B9J08_02494	B9J08_000536
B9J08_02496	B9J08_000538
B9J08_02497	B9J08_000539
B9J08_02498	B9J08_000540
B9J08_02499	B9J08_000541
B9J08_02500	B9J08_000542
B9J08_02502	B9J08_000544
B9J08_02503	B9J08_000545
B9J08_02504	B9J08_000546
B9J08_02505	B9J08_000547
B9J08_02506	B9J08_000548
B9J08_02507	B9J08_000549
B9J08_02508	B9J08_000550
B9J08_02509	B9J08_000551
B9J08_02510	B9J08_000552
B9J08_02511	B9J08_000553
B9J08_02513	B9J08_000555
B9J08_02514	B9J08_000556
B9J08_02515	B9J08_000557
B9J08_02516	B9J08_000558
B9J08_02518	B9J08_000560
B9J08_02519	B9J08_000561
B9J08_02520	B9J08_000562
B9J08_02521	B9J08_000563
B9J08_02524	B9J08_000566
B9J08_02525	B9J08_000567
B9J08_02526	B9J08_000568
B9J08_02527	B9J08_000569
B9J08_02528	B9J08_000570
B9J08_02529	B9J08_000571
B9J08_02530	B9J08_000572
B9J08_02531	B9J08_000573
B9J08_02532	B9J08_000574
B9J08_02533	B9J08_000575
B9J08_02534	B9J08_000576
B9J08_02535	B9J08_000577
B9J08_02536	B9J08_000578
B9J08_02537	B9J08_000579
B9J08_02538	B9J08_000580
B9J08_02539	B9J08_000581
B9J08_02540	B9J08_000582
B9J08_02541	B9J08_000583
B9J08_02542	B9J08_000584
B9J08_02544	B9J08_000586
B9J08_02545	B9J08_000587
B9J08_02546	B9J08_000588
B9J08_02547	B9J08_000589
B9J08_02548	B9J08_000590
B9J08_02549	B9J08_000591
B9J08_02550	B9J08_000592
B9J08_02551	B9J08_000593
B9J08_02552	B9J08_000594
B9J08_02553	B9J08_000595
B9J08_02554	B9J08_000596
B9J08_02555	B9J08_000597
B9J08_02556	B9J08_000598
B9J08_02557	B9J08_000599
B9J08_02558	B9J08_000600
B9J08_02559	B9J08_000601
B9J08_02561	B9J08_000603
B9J08_02564	B9J08_000606
B9J08_02565	B9J08_000607
B9J08_02566	B9J08_000608
B9J08_02567	B9J08_000609
B9J08_02568	B9J08_000610
B9J08_02569	B9J08_000611
B9J08_02570	B9J08_000612
B9J08_02571	B9J08_000613
B9J08_02572	B9J08_000614
B9J08_02573	B9J08_000615
B9J08_02574	B9J08_000616
B9J08_02575	B9J08_000617
B9J08_02576	B9J08_000618
B9J08_02578	B9J08_000620
B9J08_02579	B9J08_000621
B9J08_02581	B9J08_000623
B9J08_02582	B9J08_000624
B9J08_02583	B9J08_000625
B9J08_02584	B9J08_000626
B9J08_02585	B9J08_000627
B9J08_02586	B9J08_000628
B9J08_02587	B9J08_000629
B9J08_02588	B9J08_000630
B9J08_02589	B9J08_000631
B9J08_02591	B9J08_000633
B9J08_02592	B9J08_000634
B9J08_02593	B9J08_000635
B9J08_02594	B9J08_000636
B9J08_02595	B9J08_000637
B9J08_02596	B9J08_000638
B9J08_02597	B9J08_000639
B9J08_02598	B9J08_000640
B9J08_02600	B9J08_000642
B9J08_02601	B9J08_000643
B9J08_02602	B9J08_000644
B9J08_02604	B9J08_000646
B9J08_02605	B9J08_000647
B9J08_02606	B9J08_000648
B9J08_02608	B9J08_000650
B9J08_02609	B9J08_000651
B9J08_02610	B9J08_000652
B9J08_02611	B9J08_000653
B9J08_02612	B9J08_000654
B9J08_02614	B9J08_000656
B9J08_02615	B9J08_000657
B9J08_02616	B9J08_000658
B9J08_02618	B9J08_000660
B9J08_02619	B9J08_000661
B9J08_02620	B9J08_000662
B9J08_02621	B9J08_000663
B9J08_02622	B9J08_000664
B9J08_02624	B9J08_000666
B9J08_02625	B9J08_000667
B9J08_02627	B9J08_000669
B9J08_02629	B9J08_000671
B9J08_02630	B9J08_000672
B9J08_02632	B9J08_000674
B9J08_02633	B9J08_000675
B9J08_02634	B9J08_000676
B9J08_02636	B9J08_000678
B9J08_02637	B9J08_000679
B9J08_02638	B9J08_000680
B9J08_02639	B9J08_000681
B9J08_02641	B9J08_000683
B9J08_02642	B9J08_000684
B9J08_02643	B9J08_000685
B9J08_02645	B9J08_000687
B9J08_02646	B9J08_000688
B9J08_02647	B9J08_000689
B9J08_02648	B9J08_000690
B9J08_02649	B9J08_000691
B9J08_02650	B9J08_000692
B9J08_02651	B9J08_000693
B9J08_02653	B9J08_000695
B9J08_02654	B9J08_000696
B9J08_02656	B9J08_000698
B9J08_02658	B9J08_000700
B9J08_02659	B9J08_000701
B9J08_02660	B9J08_000702
B9J08_02661	B9J08_000703
B9J08_02662	B9J08_000704
B9J08_02664	B9J08_000706
B9J08_02665	B9J08_000707
B9J08_02666	B9J08_000708
B9J08_02667	B9J08_000709
B9J08_02668	B9J08_000710
B9J08_02670	B9J08_000712
B9J08_02672	B9J08_000714
B9J08_02673	B9J08_000715
B9J08_02674	B9J08_000716
B9J08_02675	B9J08_000717
B9J08_02676	B9J08_000718
B9J08_02677	B9J08_000719
B9J08_02678	B9J08_000720
B9J08_02679	B9J08_000721
B9J08_02680	B9J08_000722
B9J08_02682	B9J08_000724
B9J08_02683	B9J08_000725
B9J08_02684	B9J08_000726
B9J08_02686	B9J08_000728
B9J08_02687	B9J08_000729
B9J08_02688	B9J08_000730
B9J08_02689	B9J08_000731
B9J08_02690	B9J08_000732
B9J08_02691	B9J08_000733
B9J08_02692	B9J08_000734
B9J08_02693	B9J08_000735
B9J08_02694	B9J08_000736
B9J08_02695	B9J08_000737
B9J08_02696	B9J08_000738
B9J08_02697	B9J08_000739
B9J08_02699	B9J08_000741
B9J08_02700	B9J08_000742
B9J08_02704	B9J08_000746
B9J08_02705	B9J08_000747
B9J08_02706	B9J08_000748
B9J08_02707	B9J08_000749
B9J08_02708	B9J08_000750
B9J08_02709	B9J08_000751
B9J08_02710	B9J08_000752
B9J08_02711	B9J08_000753
B9J08_02712	B9J08_000754
B9J08_02713	B9J08_000755
B9J08_02714	B9J08_000756
B9J08_02715	B9J08_000757
B9J08_02716	B9J08_000758
B9J08_02717	B9J08_000759
B9J08_02718	B9J08_000760
B9J08_02719	B9J08_000761
B9J08_02720	B9J08_000762
B9J08_02723	B9J08_000765
B9J08_02724	B9J08_000766
B9J08_02725	B9J08_000767
B9J08_02726	B9J08_000768
B9J08_02727	B9J08_000769
B9J08_02728	B9J08_000770
B9J08_02730	B9J08_000772
B9J08_02731	B9J08_000773
B9J08_02734	B9J08_000776
B9J08_02735	B9J08_000777
B9J08_02736	B9J08_000778
B9J08_02737	B9J08_000779
B9J08_02738	B9J08_000780
B9J08_02739	B9J08_000781
B9J08_02740	B9J08_000782
B9J08_02741	B9J08_000783
B9J08_02742	B9J08_000784
B9J08_02743	B9J08_000785
B9J08_02744	B9J08_000786
B9J08_02745	B9J08_000787
B9J08_02747	B9J08_000789
B9J08_02748	B9J08_000790
B9J08_02749	B9J08_000791
B9J08_02750	B9J08_000792
B9J08_02751	B9J08_000793
B9J08_02752	B9J08_000794
B9J08_02753	B9J08_000795
B9J08_02754	B9J08_000796
B9J08_02755	B9J08_000797
B9J08_02756	B9J08_000798
B9J08_02757	B9J08_000799
B9J08_02759	B9J08_000801
B9J08_02760	B9J08_000802
B9J08_02761	B9J08_000803
B9J08_02762	B9J08_000804
B9J08_02763	B9J08_000805
B9J08_02764	B9J08_000806
B9J08_02765	B9J08_000807
B9J08_02767	B9J08_000809
B9J08_02768	B9J08_000810
B9J08_02769	B9J08_000811
B9J08_02772	B9J08_000814
B9J08_02773	B9J08_000815
B9J08_02775	B9J08_000817
B9J08_02776	B9J08_000818
B9J08_02777	B9J08_000819
B9J08_02778	B9J08_000820
B9J08_02779	B9J08_000821
B9J08_02780	B9J08_000822
B9J08_02782	B9J08_000824
B9J08_02783	B9J08_000825
B9J08_02784	B9J08_000826
B9J08_02785	B9J08_000827
B9J08_02786	B9J08_000828
B9J08_02787	B9J08_000829
B9J08_02788	B9J08_000830
B9J08_02789	B9J08_000831
B9J08_02792	B9J08_000834
B9J08_02793	B9J08_000835
B9J08_02794	B9J08_000836
B9J08_02797	B9J08_000839
B9J08_02798	B9J08_000840
B9J08_02799	B9J08_000841
B9J08_02800	B9J08_000842
B9J08_02801	B9J08_000843
B9J08_02802	B9J08_000844
B9J08_02803	B9J08_000845
B9J08_02804	B9J08_000846
B9J08_02805	B9J08_000847
B9J08_02806	B9J08_000848
B9J08_02807	B9J08_000849
B9J08_02808	B9J08_000850
B9J08_02810	B9J08_000852
B9J08_02811	B9J08_000853
B9J08_02812	B9J08_000854
B9J08_02813	B9J08_000855
B9J08_02814	B9J08_000856
B9J08_02815	B9J08_000857
B9J08_02816	B9J08_000858
B9J08_02817	B9J08_000859
B9J08_02818	B9J08_000860
B9J08_02819	B9J08_000861
B9J08_02820	B9J08_000862
B9J08_02822	B9J08_000864
B9J08_02823	B9J08_000865
B9J08_02824	B9J08_000866
B9J08_02826	B9J08_000868
B9J08_02827	B9J08_000869
B9J08_02828	B9J08_000870
B9J08_02829	B9J08_000871
B9J08_02830	B9J08_000872
B9J08_02832	B9J08_000874
B9J08_02833	B9J08_000875
B9J08_02834	B9J08_000876
B9J08_02835	B9J08_000877
B9J08_02837	B9J08_000879
B9J08_02838	B9J08_000880
B9J08_02839	B9J08_000881
B9J08_02840	B9J08_000882
B9J08_02841	B9J08_000883
B9J08_02842	B9J08_000884
B9J08_02843	B9J08_000885
B9J08_02844	B9J08_000886
B9J08_02845	B9J08_000887
B9J08_02846	B9J08_000888
B9J08_02847	B9J08_000889
B9J08_02848	B9J08_000890
B9J08_02849	B9J08_000891
B9J08_02850	B9J08_000892
B9J08_02852	B9J08_000894
B9J08_02854	B9J08_000896
B9J08_02855	B9J08_000897
B9J08_02856	B9J08_000898
B9J08_02857	B9J08_000899
B9J08_02858	B9J08_000900
B9J08_02859	B9J08_000901
B9J08_02860	B9J08_000902
B9J08_02861	B9J08_000903
B9J08_02862	B9J08_000904
B9J08_02863	B9J08_000905
B9J08_02864	B9J08_000906
B9J08_02865	B9J08_000907
B9J08_02866	B9J08_000908
B9J08_02867	B9J08_000909
B9J08_02868	B9J08_000910
B9J08_02869	B9J08_000911
B9J08_02870	B9J08_000912
B9J08_02871	B9J08_000913
B9J08_02873	B9J08_000915
B9J08_02874	B9J08_000916
B9J08_02875	B9J08_000917
B9J08_02876	B9J08_000918
B9J08_02877	B9J08_000919
B9J08_02878	B9J08_000920
B9J08_02879	B9J08_000921
B9J08_02880	B9J08_000922
B9J08_02881	B9J08_000923
B9J08_02882	B9J08_000924
B9J08_02883	B9J08_000925
B9J08_02884	B9J08_000926
B9J08_02885	B9J08_000927
B9J08_02886	B9J08_000928
B9J08_02887	B9J08_000929
B9J08_02888	B9J08_000930
B9J08_02889	B9J08_000931
B9J08_02890	B9J08_000932
B9J08_02891	B9J08_000933
B9J08_02893	B9J08_000935
B9J08_02894	B9J08_000936
B9J08_02895	B9J08_000937
B9J08_02896	B9J08_000938
B9J08_02897	B9J08_000939
B9J08_02898	B9J08_000940
B9J08_02899	B9J08_000941
B9J08_02900	B9J08_000942
B9J08_02901	B9J08_000943
B9J08_02903	B9J08_000945
B9J08_02904	B9J08_000946
B9J08_02905	B9J08_000947
B9J08_02906	B9J08_000948
B9J08_02907	B9J08_000949
B9J08_02908	B9J08_000950
B9J08_02909	B9J08_000951
B9J08_02910	B9J08_000952
B9J08_02911	B9J08_000953
B9J08_02912	B9J08_000954
B9J08_02915	B9J08_000957
B9J08_02916	B9J08_000958
B9J08_02917	B9J08_000959
B9J08_02918	B9J08_000960
B9J08_02919	B9J08_000961
B9J08_02920	B9J08_000962
B9J08_02921	B9J08_000963
B9J08_02923	B9J08_000965
B9J08_02924	B9J08_000966
B9J08_02925	B9J08_000967
B9J08_02926	B9J08_000968
B9J08_02928	B9J08_000970
B9J08_02929	B9J08_000971
B9J08_02930	B9J08_000972
B9J08_02931	B9J08_000973
B9J08_02932	B9J08_000974
B9J08_02935	B9J08_000977
B9J08_02936	B9J08_000978
B9J08_02937	B9J08_000979
B9J08_02939	B9J08_000981
B9J08_02940	B9J08_000982
B9J08_02941	B9J08_000983
B9J08_02942	B9J08_000984
B9J08_02943	B9J08_000985
B9J08_02944	B9J08_000986
B9J08_02945	B9J08_000987
B9J08_02946	B9J08_000988
B9J08_02947	B9J08_000989
B9J08_02948	B9J08_000990
B9J08_02951	B9J08_000993
B9J08_02952	B9J08_000994
B9J08_02953	B9J08_000995
B9J08_02955	B9J08_000997
B9J08_02957	B9J08_000999
B9J08_02958	B9J08_001000
B9J08_02959	B9J08_001001
B9J08_02960	B9J08_001002
B9J08_02961	B9J08_001003
B9J08_02962	B9J08_001004
B9J08_02964	B9J08_001006
B9J08_02965	B9J08_001007
B9J08_02966	B9J08_001008
B9J08_02967	B9J08_001009
B9J08_02968	B9J08_001010
B9J08_02969	B9J08_001011
B9J08_02970	B9J08_001012
B9J08_02971	B9J08_001013
B9J08_02972	B9J08_001014
B9J08_02973	B9J08_001015
B9J08_02974	B9J08_001016
B9J08_02975	B9J08_001017
B9J08_02976	B9J08_001018
B9J08_02977	B9J08_001019
B9J08_02978	B9J08_001020
B9J08_02979	B9J08_001021
B9J08_02980	B9J08_001022
B9J08_02981	B9J08_001023
B9J08_02982	B9J08_001024
B9J08_02983	B9J08_001025
B9J08_02984	B9J08_001026
B9J08_02985	B9J08_001027
B9J08_02986	B9J08_001028
B9J08_02987	B9J08_001029
B9J08_02988	B9J08_001030
B9J08_02990	B9J08_001032
B9J08_02991	B9J08_001033
B9J08_02992	B9J08_001034
B9J08_02993	B9J08_001035
B9J08_02994	B9J08_001036
B9J08_02995	B9J08_001037
B9J08_02996	B9J08_001038
B9J08_02998	B9J08_001040
B9J08_02999	B9J08_001041
B9J08_03000	B9J08_001042
B9J08_03001	B9J08_001043
B9J08_03002	B9J08_001044
B9J08_03006	B9J08_001048
B9J08_03008	B9J08_001050
B9J08_03009	B9J08_001051
B9J08_03010	B9J08_001052
B9J08_03011	B9J08_001053
B9J08_03012	B9J08_001054
B9J08_03021	B9J08_001948
B9J08_03022	B9J08_001949
B9J08_03023	B9J08_001950
B9J08_03024	B9J08_001951
B9J08_03025	B9J08_001952
B9J08_03027	B9J08_001954
B9J08_03028	B9J08_001955
B9J08_03029	B9J08_001956
B9J08_03030	B9J08_001957
B9J08_03031	B9J08_001958
B9J08_03034	B9J08_001961
B9J08_03035	B9J08_001962
B9J08_03036	B9J08_001963
B9J08_03037	B9J08_001964
B9J08_03038	B9J08_001965
B9J08_03039	B9J08_001966
B9J08_03040	B9J08_001967
B9J08_03041	B9J08_001968
B9J08_03042	B9J08_001969
B9J08_03043	B9J08_001970
B9J08_03044	B9J08_001971
B9J08_03045	B9J08_001972
B9J08_03046	B9J08_001973
B9J08_03049	B9J08_001976
B9J08_03050	B9J08_001977
B9J08_03051	B9J08_001978
B9J08_03052	B9J08_001979
B9J08_03053	B9J08_001980
B9J08_03054	B9J08_001981
B9J08_03057	B9J08_001984
B9J08_03058	B9J08_001985
B9J08_03059	B9J08_001986
B9J08_03060	B9J08_001987
B9J08_03061	B9J08_001988
B9J08_03065	B9J08_001992
B9J08_03066	B9J08_001993
B9J08_03067	B9J08_001994
B9J08_03068	B9J08_001995
B9J08_03069	B9J08_001996
B9J08_03070	B9J08_001997
B9J08_03074	B9J08_002001
B9J08_03075	B9J08_002002
B9J08_03076	B9J08_002003
B9J08_03077	B9J08_002004
B9J08_03078	B9J08_002005
B9J08_03079	B9J08_002006
B9J08_03080	B9J08_002007
B9J08_03081	B9J08_002008
B9J08_03082	B9J08_002009
B9J08_03084	B9J08_002011
B9J08_03085	B9J08_002012
B9J08_03086	B9J08_002013
B9J08_03087	B9J08_002014
B9J08_03088	B9J08_002015
B9J08_03089	B9J08_002016
B9J08_03090	B9J08_002017
B9J08_03092	B9J08_002019
B9J08_03094	B9J08_002021
B9J08_03095	B9J08_002022
B9J08_03096	B9J08_002023
B9J08_03097	B9J08_002024
B9J08_03098	B9J08_002025
B9J08_03100	B9J08_002027
B9J08_03101	B9J08_002028
B9J08_03102	B9J08_002029
B9J08_03103	B9J08_002030
B9J08_03104	B9J08_002031
B9J08_03105	B9J08_002032
B9J08_03106	B9J08_002033
B9J08_03107	B9J08_002034
B9J08_03108	B9J08_002035
B9J08_03109	B9J08_002036
B9J08_03110	B9J08_002037
B9J08_03111	B9J08_002038
B9J08_03112	B9J08_002039
B9J08_03113	B9J08_002040
B9J08_03114	B9J08_002041
B9J08_03115	B9J08_002042
B9J08_03117	B9J08_002044
B9J08_03120	B9J08_002047
B9J08_03122	B9J08_002049
B9J08_03123	B9J08_002050
B9J08_03124	B9J08_002051
B9J08_03125	B9J08_002052
B9J08_03126	B9J08_002053
B9J08_03127	B9J08_002054
B9J08_03128	B9J08_002055
B9J08_03129	B9J08_002056
B9J08_03130	B9J08_002057
B9J08_03131	B9J08_002058
B9J08_03132	B9J08_002059
B9J08_03134	B9J08_002061
B9J08_03135	B9J08_002062
B9J08_03136	B9J08_002063
B9J08_03137	B9J08_002064
B9J08_03138	B9J08_002065
B9J08_03139	B9J08_002066
B9J08_03140	B9J08_002067
B9J08_03141	B9J08_002068
B9J08_03142	B9J08_002069
B9J08_03143	B9J08_002070
B9J08_03144	B9J08_002071
B9J08_03147	B9J08_002074
B9J08_03148	B9J08_002075
B9J08_03149	B9J08_002076
B9J08_03150	B9J08_002077
B9J08_03152	B9J08_002079
B9J08_03153	B9J08_002080
B9J08_03155	B9J08_002082
B9J08_03156	B9J08_002083
B9J08_03157	B9J08_002084
B9J08_03159	B9J08_002086
B9J08_03160	B9J08_002087
B9J08_03161	B9J08_002088
B9J08_03162	B9J08_002089
B9J08_03163	B9J08_002090
B9J08_03164	B9J08_002091
B9J08_03165	B9J08_002092
B9J08_03166	B9J08_002093
B9J08_03167	B9J08_002094
B9J08_03168	B9J08_002095
B9J08_03169	B9J08_002096
B9J08_03170	B9J08_002097
B9J08_03171	B9J08_002098
B9J08_03172	B9J08_002099
B9J08_03174	B9J08_002101
B9J08_03175	B9J08_002102
B9J08_03176	B9J08_002103
B9J08_03177	B9J08_002104
B9J08_03178	B9J08_002105
B9J08_03179	B9J08_002106
B9J08_03180	B9J08_002107
B9J08_03181	B9J08_002108
B9J08_03182	B9J08_002109
B9J08_03183	B9J08_002110
B9J08_03184	B9J08_002111
B9J08_03187	B9J08_002114
B9J08_03191	B9J08_002118
B9J08_03192	B9J08_002119
B9J08_03193	B9J08_002120
B9J08_03194	B9J08_002121
B9J08_03195	B9J08_002122
B9J08_03196	B9J08_002123
B9J08_03198	B9J08_002125
B9J08_03199	B9J08_002126
B9J08_03200	B9J08_002127
B9J08_03201	B9J08_002128
B9J08_03202	B9J08_002129
B9J08_03203	B9J08_002130
B9J08_03204	B9J08_002131
B9J08_03205	B9J08_002132
B9J08_03206	B9J08_002133
B9J08_03208	B9J08_002135
B9J08_03209	B9J08_002136
B9J08_03210	B9J08_002137
B9J08_03211	B9J08_002138
B9J08_03212	B9J08_002139
B9J08_03213	B9J08_002140
B9J08_03214	B9J08_002141
B9J08_03216	B9J08_002143
B9J08_03217	B9J08_002144
B9J08_03218	B9J08_002145
B9J08_03219	B9J08_002146
B9J08_03220	B9J08_002147
B9J08_03221	B9J08_002148
B9J08_03222	B9J08_002149
B9J08_03223	B9J08_002150
B9J08_03224	B9J08_002151
B9J08_03225	B9J08_002152
B9J08_03226	B9J08_002153
B9J08_03227	B9J08_002154
B9J08_03228	B9J08_002155
B9J08_03229	B9J08_002156
B9J08_03230	B9J08_002157
B9J08_03231	B9J08_002158
B9J08_03232	B9J08_002159
B9J08_03233	B9J08_002160
B9J08_03234	B9J08_002161
B9J08_03235	B9J08_002162
B9J08_03236	B9J08_002163
B9J08_03237	B9J08_002164
B9J08_03238	B9J08_002165
B9J08_03239	B9J08_002166
B9J08_03240	B9J08_002167
B9J08_03241	B9J08_002168
B9J08_03242	B9J08_002169
B9J08_03243	B9J08_002170
B9J08_03244	B9J08_002171
B9J08_03245	B9J08_002172
B9J08_03247	B9J08_002174
B9J08_03248	B9J08_002175
B9J08_03249	B9J08_002176
B9J08_03250	B9J08_002177
B9J08_03251	B9J08_002178
B9J08_03252	B9J08_002179
B9J08_03253	B9J08_002180
B9J08_03254	B9J08_002181
B9J08_03255	B9J08_002182
B9J08_03256	B9J08_002183
B9J08_03257	B9J08_002184
B9J08_03259	B9J08_002186
B9J08_03260	B9J08_002187
B9J08_03261	B9J08_002188
B9J08_03262	B9J08_002189
B9J08_03263	B9J08_002190
B9J08_03264	B9J08_002191
B9J08_03265	B9J08_002192
B9J08_03266	B9J08_002193
B9J08_03267	B9J08_002194
B9J08_03268	B9J08_002195
B9J08_03269	B9J08_002196
B9J08_03270	B9J08_002197
B9J08_03271	B9J08_002198
B9J08_03272	B9J08_002199
B9J08_03273	B9J08_002200
B9J08_03274	B9J08_002201
B9J08_03275	B9J08_002202
B9J08_03276	B9J08_002203
B9J08_03277	B9J08_002204
B9J08_03278	B9J08_002205
B9J08_03279	B9J08_002206
B9J08_03280	B9J08_002207
B9J08_03281	B9J08_002208
B9J08_03283	B9J08_002210
B9J08_03284	B9J08_002211
B9J08_03286	B9J08_002213
B9J08_03287	B9J08_002214
B9J08_03288	B9J08_002215
B9J08_03289	B9J08_002216
B9J08_03290	B9J08_002217
B9J08_03291	B9J08_002218
B9J08_03292	B9J08_002219
B9J08_03293	B9J08_002220
B9J08_03294	B9J08_002221
B9J08_03295	B9J08_002222
B9J08_03296	B9J08_002223
B9J08_03298	B9J08_002225
B9J08_03299	B9J08_002226
B9J08_03300	B9J08_002227
B9J08_03301	B9J08_002228
B9J08_03302	B9J08_002229
B9J08_03303	B9J08_002230
B9J08_03306	B9J08_002233
B9J08_03307	B9J08_002234
B9J08_03308	B9J08_002235
B9J08_03312	B9J08_001062
B9J08_03313	B9J08_001063
B9J08_03314	B9J08_001064
B9J08_03315	B9J08_001065
B9J08_03316	B9J08_001066
B9J08_03317	B9J08_001067
B9J08_03318	B9J08_001068
B9J08_03319	B9J08_001069
B9J08_03320	B9J08_001070
B9J08_03321	B9J08_001071
B9J08_03322	B9J08_001072
B9J08_03324	B9J08_001074
B9J08_03325	B9J08_001075
B9J08_03326	B9J08_001076
B9J08_03327	B9J08_001077
B9J08_03328	B9J08_001078
B9J08_03329	B9J08_001079
B9J08_03330	B9J08_001080
B9J08_03332	B9J08_001082
B9J08_03333	B9J08_001083
B9J08_03334	B9J08_001084
B9J08_03337	B9J08_001087
B9J08_03338	B9J08_001088
B9J08_03339	B9J08_001089
B9J08_03341	B9J08_001091
B9J08_03342	B9J08_001092
B9J08_03343	B9J08_001093
B9J08_03344	B9J08_001094
B9J08_03346	B9J08_001096
B9J08_03350	B9J08_001100
B9J08_03351	B9J08_001101
B9J08_03352	B9J08_001102
B9J08_03353	B9J08_001103
B9J08_03354	B9J08_001104
B9J08_03355	B9J08_001105
B9J08_03356	B9J08_001106
B9J08_03357	B9J08_001107
B9J08_03359	B9J08_001109
B9J08_03360	B9J08_001110
B9J08_03361	B9J08_001111
B9J08_03362	B9J08_001112
B9J08_03363	B9J08_001113
B9J08_03364	B9J08_001114
B9J08_03365	B9J08_001115
B9J08_03366	B9J08_001116
B9J08_03367	B9J08_001117
B9J08_03368	B9J08_001118
B9J08_03369	B9J08_001119
B9J08_03370	B9J08_001120
B9J08_03371	B9J08_001121
B9J08_03373	B9J08_001123
B9J08_03374	B9J08_001124
B9J08_03375	B9J08_001125
B9J08_03376	B9J08_001126
B9J08_03377	B9J08_001127
B9J08_03378	B9J08_001128
B9J08_03379	B9J08_001129
B9J08_03380	B9J08_001130
B9J08_03381	B9J08_001131
B9J08_03382	B9J08_001132
B9J08_03383	B9J08_001133
B9J08_03384	B9J08_001134
B9J08_03387	B9J08_001137
B9J08_03388	B9J08_001138
B9J08_03390	B9J08_001140
B9J08_03391	B9J08_001141
B9J08_03392	B9J08_001142
B9J08_03394	B9J08_001144
B9J08_03395	B9J08_001145
B9J08_03396	B9J08_001146
B9J08_03397	B9J08_001147
B9J08_03398	B9J08_001148
B9J08_03399	B9J08_001149
B9J08_03401	B9J08_001151
B9J08_03402	B9J08_001152
B9J08_03403	B9J08_001153
B9J08_03405	B9J08_001155
B9J08_03407	B9J08_001157
B9J08_03408	B9J08_001158
B9J08_03409	B9J08_001159
B9J08_03410	B9J08_001160
B9J08_03411	B9J08_001161
B9J08_03412	B9J08_001162
B9J08_03413	B9J08_001163
B9J08_03414	B9J08_001164
B9J08_03415	B9J08_001165
B9J08_03416	B9J08_001166
B9J08_03417	B9J08_001167
B9J08_03418	B9J08_001168
B9J08_03419	B9J08_001169
B9J08_03421	B9J08_001171
B9J08_03422	B9J08_001172
B9J08_03423	B9J08_001173
B9J08_03424	B9J08_001174
B9J08_03425	B9J08_001175
B9J08_03427	B9J08_001177
B9J08_03428	B9J08_001178
B9J08_03429	B9J08_001179
B9J08_03430	B9J08_001180
B9J08_03431	B9J08_001181
B9J08_03432	B9J08_001182
B9J08_03433	B9J08_001183
B9J08_03434	B9J08_001184
B9J08_03435	B9J08_001185
B9J08_03436	B9J08_001186
B9J08_03437	B9J08_001187
B9J08_03438	B9J08_001188
B9J08_03439	B9J08_001189
B9J08_03440	B9J08_001190
B9J08_03441	B9J08_001191
B9J08_03442	B9J08_001192
B9J08_03443	B9J08_001193
B9J08_03444	B9J08_001194
B9J08_03445	B9J08_001195
B9J08_03446	B9J08_001196
B9J08_03447	B9J08_001197
B9J08_03448	B9J08_001198
B9J08_03449	B9J08_001199
B9J08_03450	B9J08_001200
B9J08_03451	B9J08_001201
B9J08_03452	B9J08_001202
B9J08_03453	B9J08_001203
B9J08_03454	B9J08_001204
B9J08_03456	B9J08_001206
B9J08_03458	B9J08_001208
B9J08_03459	B9J08_001209
B9J08_03460	B9J08_001210
B9J08_03461	B9J08_001211
B9J08_03463	B9J08_001213
B9J08_03464	B9J08_001214
B9J08_03465	B9J08_001215
B9J08_03466	B9J08_001216
B9J08_03467	B9J08_001217
B9J08_03468	B9J08_001218
B9J08_03469	B9J08_001219
B9J08_03470	B9J08_001220
B9J08_03471	B9J08_001221
B9J08_03472	B9J08_001222
B9J08_03473	B9J08_001223
B9J08_03474	B9J08_001224
B9J08_03475	B9J08_001225
B9J08_03476	B9J08_001226
B9J08_03478	B9J08_001228
B9J08_03479	B9J08_001229
B9J08_03480	B9J08_001230
B9J08_03481	B9J08_001231
B9J08_03482	B9J08_001232
B9J08_03484	B9J08_001234
B9J08_03485	B9J08_001235
B9J08_03486	B9J08_001236
B9J08_03487	B9J08_001237
B9J08_03489	B9J08_001239
B9J08_03490	B9J08_001240
B9J08_03491	B9J08_001241
B9J08_03492	B9J08_001242
B9J08_03494	B9J08_001244
B9J08_03495	B9J08_001245
B9J08_03496	B9J08_001246
B9J08_03497	B9J08_001247
B9J08_03498	B9J08_001248
B9J08_03499	B9J08_001249
B9J08_03501	B9J08_001251
B9J08_03502	B9J08_001252
B9J08_03503	B9J08_001253
B9J08_03507	B9J08_001257
B9J08_03509	B9J08_001259
B9J08_03510	B9J08_001260
B9J08_03511	B9J08_001261
B9J08_03512	B9J08_001262
B9J08_03513	B9J08_001263
B9J08_03515	B9J08_001265
B9J08_03517	B9J08_001267
B9J08_03518	B9J08_001268
B9J08_03519	B9J08_001269
B9J08_03520	B9J08_001270
B9J08_03522	B9J08_001272
B9J08_03523	B9J08_001273
B9J08_03524	B9J08_001274
B9J08_03525	B9J08_001275
B9J08_03526	B9J08_001276
B9J08_03529	B9J08_001279
B9J08_03530	B9J08_001280
B9J08_03532	B9J08_001282
B9J08_03533	B9J08_001283
B9J08_03534	B9J08_001284
B9J08_03535	B9J08_001285
B9J08_03536	B9J08_001286
B9J08_03537	B9J08_001287
B9J08_03538	B9J08_001288
B9J08_03539	B9J08_001289
B9J08_03540	B9J08_001290
B9J08_03541	B9J08_001291
B9J08_03542	B9J08_001292
B9J08_03544	B9J08_001294
B9J08_03545	B9J08_001295
B9J08_03547	B9J08_001297
B9J08_03548	B9J08_001298
B9J08_03549	B9J08_001299
B9J08_03550	B9J08_001300
B9J08_03551	B9J08_001301
B9J08_03552	B9J08_001302
B9J08_03553	B9J08_001303
B9J08_03554	B9J08_001304
B9J08_03555	B9J08_001305
B9J08_03556	B9J08_001306
B9J08_03557	B9J08_001307
B9J08_03558	B9J08_001308
B9J08_03559	B9J08_001309
B9J08_03562	B9J08_001312
B9J08_03563	B9J08_001313
B9J08_03564	B9J08_001314
B9J08_03566	B9J08_001316
B9J08_03567	B9J08_001317
B9J08_03568	B9J08_001318
B9J08_03569	B9J08_001319
B9J08_03570	B9J08_001320
B9J08_03571	B9J08_001321
B9J08_03572	B9J08_001322
B9J08_03573	B9J08_001323
B9J08_03574	B9J08_001324
B9J08_03575	B9J08_001325
B9J08_03578	B9J08_001328
B9J08_03579	B9J08_001329
B9J08_03581	B9J08_001331
B9J08_03582	B9J08_001332
B9J08_03585	B9J08_001335
B9J08_03586	B9J08_001336
B9J08_03589	B9J08_001339
B9J08_03591	B9J08_001341
B9J08_03592	B9J08_001342
B9J08_03594	B9J08_001344
B9J08_03595	B9J08_001345
B9J08_03596	B9J08_001346
B9J08_03597	B9J08_001347
B9J08_03598	B9J08_001348
B9J08_03599	B9J08_001349
B9J08_03600	B9J08_001350
B9J08_03601	B9J08_001351
B9J08_03602	B9J08_001352
B9J08_03603	B9J08_001353
B9J08_03605	B9J08_001355
B9J08_03606	B9J08_001356
B9J08_03607	B9J08_001357
B9J08_03609	B9J08_001359
B9J08_03610	B9J08_001360
B9J08_03611	B9J08_001361
B9J08_03612	B9J08_001362
B9J08_03614	B9J08_001364
B9J08_03615	B9J08_001365
B9J08_03616	B9J08_001366
B9J08_03617	B9J08_001367
B9J08_03619	B9J08_001369
B9J08_03620	B9J08_001370
B9J08_03621	B9J08_001371
B9J08_03622	B9J08_001372
B9J08_03623	B9J08_001373
B9J08_03624	B9J08_001374
B9J08_03625	B9J08_001375
B9J08_03626	B9J08_001376
B9J08_03627	B9J08_001377
B9J08_03628	B9J08_001378
B9J08_03629	B9J08_001379
B9J08_03630	B9J08_001380
B9J08_03632	B9J08_001382
B9J08_03633	B9J08_001383
B9J08_03635	B9J08_001385
B9J08_03636	B9J08_001386
B9J08_03638	B9J08_001388
B9J08_03640	B9J08_001390
B9J08_03641	B9J08_001391
B9J08_03643	B9J08_001393
B9J08_03644	B9J08_001394
B9J08_03646	B9J08_001396
B9J08_03647	B9J08_001397
B9J08_03648	B9J08_001398
B9J08_03649	B9J08_001399
B9J08_03650	B9J08_001400
B9J08_03651	B9J08_001401
B9J08_03652	B9J08_001402
B9J08_03653	B9J08_001403
B9J08_03654	B9J08_001404
B9J08_03655	B9J08_001405
B9J08_03657	B9J08_001407
B9J08_03658	B9J08_001408
B9J08_03659	B9J08_001409
B9J08_03660	B9J08_001410
B9J08_03661	B9J08_001411
B9J08_03662	B9J08_001412
B9J08_03664	B9J08_001414
B9J08_03665	B9J08_001415
B9J08_03666	B9J08_001416
B9J08_03667	B9J08_001417
B9J08_03668	B9J08_001418
B9J08_03669	B9J08_001419
B9J08_03670	B9J08_001420
B9J08_03673	B9J08_001423
B9J08_03674	B9J08_001424
B9J08_03675	B9J08_001425
B9J08_03676	B9J08_001426
B9J08_03677	B9J08_001427
B9J08_03678	B9J08_001428
B9J08_03681	B9J08_001431
B9J08_03683	B9J08_001433
B9J08_03684	B9J08_001434
B9J08_03685	B9J08_001435
B9J08_03686	B9J08_001436
B9J08_03687	B9J08_001437
B9J08_03688	B9J08_001438
B9J08_03689	B9J08_001439
B9J08_03690	B9J08_001440
B9J08_03691	B9J08_001441
B9J08_03692	B9J08_001442
B9J08_03693	B9J08_001443
B9J08_03694	B9J08_001444
B9J08_03695	B9J08_001445
B9J08_03696	B9J08_001446
B9J08_03699	B9J08_001449
B9J08_03700	B9J08_001450
B9J08_03701	B9J08_001451
B9J08_03702	B9J08_001452
B9J08_03704	B9J08_001454
B9J08_03705	B9J08_001455
B9J08_03706	B9J08_001456
B9J08_03707	B9J08_001457
B9J08_03708	B9J08_001458
B9J08_03709	B9J08_001459
B9J08_03710	B9J08_001460
B9J08_03712	B9J08_001462
B9J08_03713	B9J08_001463
B9J08_03715	B9J08_001465
B9J08_03716	B9J08_001466
B9J08_03718	B9J08_001468
B9J08_03719	B9J08_001469
B9J08_03720	B9J08_001470
B9J08_03722	B9J08_001472
B9J08_03723	B9J08_001473
B9J08_03724	B9J08_001474
B9J08_03725	B9J08_001475
B9J08_03726	B9J08_001476
B9J08_03727	B9J08_001477
B9J08_03729	B9J08_001479
B9J08_03730	B9J08_001480
B9J08_03731	B9J08_001481
B9J08_03732	B9J08_001482
B9J08_03733	B9J08_001483
B9J08_03735	B9J08_001485
B9J08_03736	B9J08_001486
B9J08_03737	B9J08_001487
B9J08_03739	B9J08_001489
B9J08_03740	B9J08_001490
B9J08_03741	B9J08_001491
B9J08_03742	B9J08_001492
B9J08_03743	B9J08_001493
B9J08_03744	B9J08_001494
B9J08_03745	B9J08_001495
B9J08_03746	B9J08_001496
B9J08_03747	B9J08_001497
B9J08_03748	B9J08_001498
B9J08_03749	B9J08_001499
B9J08_03750	B9J08_001500
B9J08_03751	B9J08_001501
B9J08_03752	B9J08_001502
B9J08_03756	B9J08_001506
B9J08_03757	B9J08_001507
B9J08_03758	B9J08_001508
B9J08_03759	B9J08_001509
B9J08_03760	B9J08_001510
B9J08_03761	B9J08_001511
B9J08_03762	B9J08_001512
B9J08_03763	B9J08_001513
B9J08_03764	B9J08_001514
B9J08_03765	B9J08_001515
B9J08_03766	B9J08_001516
B9J08_03767	B9J08_001517
B9J08_03768	B9J08_001518
B9J08_03769	B9J08_001519
B9J08_03770	B9J08_001520
B9J08_03771	B9J08_001521
B9J08_03772	B9J08_001522
B9J08_03773	B9J08_001523
B9J08_03774	B9J08_001524
B9J08_03775	B9J08_001525
B9J08_03776	B9J08_001526
B9J08_03777	B9J08_001527
B9J08_03778	B9J08_001528
B9J08_03779	B9J08_001529
B9J08_03780	B9J08_004897
B9J08_03781	B9J08_004898
B9J08_03782	B9J08_004899
B9J08_03783	B9J08_004900
B9J08_03785	B9J08_004902
B9J08_03786	B9J08_004903
B9J08_03787	B9J08_004904
B9J08_03788	B9J08_004905
B9J08_03789	B9J08_004906
B9J08_03790	B9J08_004907
B9J08_03791	B9J08_004908
B9J08_03792	B9J08_004909
B9J08_03793	B9J08_004910
B9J08_03794	B9J08_004911
B9J08_03795	B9J08_004912
B9J08_03796	B9J08_004913
B9J08_03802	B9J08_004919
B9J08_03803	B9J08_004920
B9J08_03804	B9J08_004921
B9J08_03805	B9J08_004922
B9J08_03806	B9J08_004923
B9J08_03807	B9J08_004924
B9J08_03808	B9J08_004925
B9J08_03809	B9J08_004926
B9J08_03810	B9J08_004927
B9J08_03812	B9J08_004929
B9J08_03813	B9J08_004930
B9J08_03814	B9J08_004931
B9J08_03817	B9J08_004934
B9J08_03818	B9J08_004935
B9J08_03819	B9J08_004936
B9J08_03820	B9J08_004937
B9J08_03821	B9J08_004938
B9J08_03822	B9J08_004939
B9J08_03823	B9J08_004940
B9J08_03824	B9J08_004941
B9J08_03825	B9J08_004942
B9J08_03826	B9J08_004943
B9J08_03827	B9J08_004944
B9J08_03828	B9J08_004945
B9J08_03829	B9J08_004946
B9J08_03830	B9J08_004947
B9J08_03831	B9J08_004948
B9J08_03832	B9J08_004949
B9J08_03833	B9J08_004950
B9J08_03834	B9J08_004951
B9J08_03835	B9J08_004952
B9J08_03836	B9J08_004953
B9J08_03837	B9J08_004954
B9J08_03840	B9J08_004957
B9J08_03842	B9J08_004959
B9J08_03843	B9J08_004960
B9J08_03844	B9J08_004961
B9J08_03845	B9J08_004962
B9J08_03846	B9J08_004963
B9J08_03847	B9J08_004964
B9J08_03849	B9J08_004966
B9J08_03850	B9J08_004967
B9J08_03851	B9J08_004968
B9J08_03852	B9J08_004969
B9J08_03853	B9J08_004970
B9J08_03854	B9J08_004971
B9J08_03855	B9J08_004972
B9J08_03856	B9J08_004973
B9J08_03857	B9J08_004974
B9J08_03858	B9J08_004975
B9J08_03859	B9J08_004976
B9J08_03860	B9J08_004977
B9J08_03861	B9J08_004978
B9J08_03862	B9J08_004979
B9J08_03863	B9J08_004980
B9J08_03865	B9J08_004982
B9J08_03866	B9J08_004983
B9J08_03867	B9J08_004984
B9J08_03868	B9J08_004985
B9J08_03869	B9J08_004986
B9J08_03870	B9J08_004987
B9J08_03871	B9J08_004988
B9J08_03872	B9J08_004989
B9J08_03874	B9J08_004991
B9J08_03883	B9J08_005000
B9J08_03884	B9J08_005001
B9J08_03885	B9J08_005002
B9J08_03887	B9J08_005004
B9J08_03889	B9J08_005006
B9J08_03890	B9J08_005007
B9J08_03891	B9J08_005008
B9J08_03892	B9J08_005009
B9J08_03894	B9J08_005011
B9J08_03895	B9J08_005012
B9J08_03896	B9J08_005013
B9J08_03897	B9J08_005014
B9J08_03898	B9J08_005015
B9J08_03899	B9J08_005016
B9J08_03900	B9J08_005017
B9J08_03902	B9J08_005019
B9J08_03903	B9J08_005020
B9J08_03904	B9J08_005021
B9J08_03905	B9J08_005022
B9J08_03906	B9J08_005023
B9J08_03907	B9J08_005024
B9J08_03908	B9J08_005025
B9J08_03909	B9J08_005026
B9J08_03910	B9J08_005027
B9J08_03911	B9J08_005028
B9J08_03912	B9J08_005029
B9J08_03914	B9J08_005031
B9J08_03915	B9J08_005032
B9J08_03916	B9J08_005033
B9J08_03917	B9J08_005034
B9J08_03918	B9J08_005035
B9J08_03919	B9J08_005036
B9J08_03920	B9J08_005037
B9J08_03921	B9J08_005038
B9J08_03923	B9J08_005040
B9J08_03924	B9J08_005041
B9J08_03925	B9J08_005042
B9J08_03926	B9J08_005043
B9J08_03927	B9J08_005044
B9J08_03928	B9J08_005045
B9J08_03929	B9J08_005046
B9J08_03930	B9J08_005047
B9J08_03931	B9J08_005048
B9J08_03932	B9J08_005049
B9J08_03933	B9J08_005050
B9J08_03934	B9J08_005051
B9J08_03935	B9J08_005052
B9J08_03936	B9J08_005053
B9J08_03937	B9J08_005054
B9J08_03938	B9J08_005055
B9J08_03941	B9J08_005058
B9J08_03942	B9J08_005059
B9J08_03943	B9J08_005060
B9J08_03944	B9J08_005061
B9J08_03945	B9J08_005062
B9J08_03946	B9J08_005063
B9J08_03947	B9J08_005064
B9J08_03948	B9J08_005065
B9J08_03949	B9J08_005066
B9J08_03951	B9J08_005068
B9J08_03952	B9J08_005069
B9J08_03953	B9J08_005070
B9J08_03955	B9J08_005072
B9J08_03956	B9J08_005073
B9J08_03957	B9J08_005074
B9J08_03960	B9J08_005077
B9J08_03963	B9J08_005080
B9J08_03964	B9J08_005081
B9J08_03966	B9J08_005083
B9J08_03967	B9J08_005084
B9J08_03969	B9J08_005086
B9J08_03970	B9J08_005087
B9J08_03971	B9J08_005088
B9J08_03972	B9J08_005089
B9J08_03973	B9J08_005090
B9J08_03975	B9J08_005092
B9J08_03976	B9J08_005093
B9J08_03977	B9J08_005094
B9J08_03978	B9J08_005095
B9J08_03979	B9J08_005096
B9J08_03981	B9J08_005098
B9J08_03983	B9J08_005100
B9J08_03985	B9J08_005102
B9J08_03986	B9J08_005103
B9J08_03987	B9J08_005104
B9J08_03988	B9J08_005105
B9J08_03989	B9J08_005106
B9J08_03990	B9J08_005107
B9J08_03991	B9J08_005108
B9J08_03992	B9J08_005109
B9J08_03997	B9J08_005114
B9J08_04000	B9J08_005117
B9J08_04001	B9J08_005118
B9J08_04002	B9J08_005119
B9J08_04003	B9J08_005120
B9J08_04004	B9J08_005121
B9J08_04005	B9J08_005122
B9J08_04006	B9J08_005123
B9J08_04007	B9J08_005124
B9J08_04008	B9J08_005125
B9J08_04009	B9J08_005126
B9J08_04010	B9J08_005127
B9J08_04011	B9J08_005128
B9J08_04013	B9J08_005130
B9J08_04018	B9J08_005135
B9J08_04019	B9J08_005136
B9J08_04020	B9J08_005137
B9J08_04022	B9J08_005139
B9J08_04023	B9J08_005140
B9J08_04024	B9J08_005141
B9J08_04025	B9J08_005142
B9J08_04026	B9J08_005143
B9J08_04029	B9J08_005146
B9J08_04030	B9J08_005147
B9J08_04031	B9J08_005148
B9J08_04032	B9J08_005149
B9J08_04034	B9J08_005151
B9J08_04037	B9J08_005154
B9J08_04038	B9J08_005155
B9J08_04039	B9J08_005156
B9J08_04040	B9J08_005157
B9J08_04041	B9J08_005158
B9J08_04042	B9J08_005159
B9J08_04043	B9J08_005160
B9J08_04045	B9J08_005162
B9J08_04046	B9J08_005163
B9J08_04047	B9J08_005164
B9J08_04049	B9J08_005166
B9J08_04050	B9J08_005167
B9J08_04051	B9J08_005168
B9J08_04052	B9J08_005169
B9J08_04053	B9J08_005170
B9J08_04054	B9J08_005171
B9J08_04055	B9J08_005172
B9J08_04056	B9J08_005173
B9J08_04057	B9J08_005174
B9J08_04058	B9J08_005175
B9J08_04059	B9J08_005176
B9J08_04060	B9J08_005177
B9J08_04061	B9J08_005178
B9J08_04062	B9J08_005179
B9J08_04064	B9J08_005181
B9J08_04065	B9J08_005182
B9J08_04066	B9J08_005183
B9J08_04067	B9J08_005184
B9J08_04068	B9J08_005185
B9J08_04070	B9J08_005187
B9J08_04071	B9J08_005188
B9J08_04072	B9J08_005189
B9J08_04073	B9J08_005190
B9J08_04074	B9J08_005191
B9J08_04075	B9J08_005192
B9J08_04076	B9J08_005193
B9J08_04077	B9J08_005194
B9J08_04078	B9J08_005195
B9J08_04079	B9J08_005196
B9J08_04080	B9J08_005197
B9J08_04081	B9J08_005198
B9J08_04082	B9J08_005199
B9J08_04083	B9J08_005200
B9J08_04085	B9J08_005202
B9J08_04086	B9J08_005203
B9J08_04087	B9J08_005204
B9J08_04088	B9J08_005205
B9J08_04089	B9J08_005206
B9J08_04091	B9J08_005208
B9J08_04092	B9J08_005209
B9J08_04093	B9J08_005210
B9J08_04094	B9J08_005211
B9J08_04095	B9J08_005212
B9J08_04097	B9J08_005214
B9J08_04098	B9J08_005215
B9J08_04099	B9J08_005216
B9J08_04100	B9J08_005217
B9J08_04102	B9J08_005219
B9J08_04103	B9J08_005220
B9J08_04104	B9J08_005221
B9J08_04105	B9J08_005222
B9J08_04106	B9J08_005223
B9J08_04107	B9J08_005224
B9J08_04109	B9J08_005226
B9J08_04110	B9J08_005227
B9J08_04112	B9J08_005229
B9J08_04115	B9J08_005232
B9J08_04116	B9J08_005233
B9J08_04117	B9J08_005234
B9J08_04118	B9J08_005235
B9J08_04119	B9J08_005236
B9J08_04120	B9J08_005237
B9J08_04123	B9J08_005240
B9J08_04125	B9J08_005242
B9J08_04126	B9J08_005243
B9J08_04127	B9J08_005244
B9J08_04128	B9J08_005245
B9J08_04129	B9J08_005246
B9J08_04132	B9J08_005249
B9J08_04133	B9J08_005250
B9J08_04135	B9J08_005252
B9J08_04138	B9J08_005255
B9J08_04139	B9J08_005256
B9J08_04140	B9J08_005257
B9J08_04141	B9J08_005258
B9J08_04143	B9J08_005260
B9J08_04144	B9J08_005261
B9J08_04145	B9J08_005262
B9J08_04146	B9J08_005263
B9J08_04148	B9J08_005265
B9J08_04149	B9J08_005266
B9J08_04150	B9J08_005267
B9J08_04151	B9J08_005268
B9J08_04152	B9J08_005269
B9J08_04153	B9J08_005270
B9J08_04154	B9J08_005271
B9J08_04155	B9J08_005272
B9J08_04156	B9J08_005273
B9J08_04157	B9J08_005274
B9J08_04158	B9J08_005275
B9J08_04160	B9J08_005277
B9J08_04161	B9J08_005278
B9J08_04162	B9J08_005279
B9J08_04163	B9J08_005280
B9J08_04164	B9J08_005281
B9J08_04165	B9J08_005282
B9J08_04166	B9J08_005283
B9J08_04167	B9J08_005284
B9J08_04168	B9J08_005285
B9J08_04170	B9J08_005287
B9J08_04171	B9J08_005288
B9J08_04172	B9J08_005289
B9J08_04174	B9J08_005291
B9J08_04175	B9J08_005292
B9J08_04176	B9J08_005293
B9J08_04177	B9J08_005294
B9J08_04179	B9J08_005296
B9J08_04180	B9J08_005297
B9J08_04181	B9J08_005298
B9J08_04182	B9J08_005299
B9J08_04183	B9J08_005300
B9J08_04184	B9J08_005301
B9J08_04185	B9J08_005302
B9J08_04186	B9J08_005303
B9J08_04187	B9J08_005304
B9J08_04188	B9J08_005305
B9J08_04189	B9J08_005306
B9J08_04191	B9J08_005308
B9J08_04192	B9J08_005309
B9J08_04193	B9J08_005310
B9J08_04194	B9J08_005311
B9J08_04196	B9J08_005313
B9J08_04197	B9J08_005314
B9J08_04198	B9J08_005315
B9J08_04200	B9J08_005317
B9J08_04203	B9J08_005320
B9J08_04204	B9J08_005321
B9J08_04205	B9J08_005322
B9J08_04206	B9J08_005323
B9J08_04208	B9J08_005325
B9J08_04209	B9J08_005326
B9J08_04210	B9J08_005327
B9J08_04211	B9J08_005328
B9J08_04212	B9J08_005329
B9J08_04213	B9J08_005330
B9J08_04214	B9J08_005331
B9J08_04215	B9J08_005332
B9J08_04216	B9J08_005333
B9J08_04217	B9J08_005334
B9J08_04218	B9J08_005335
B9J08_04220	B9J08_005337
B9J08_04221	B9J08_005338
B9J08_04222	B9J08_005339
B9J08_04224	B9J08_005341
B9J08_04226	B9J08_005343
B9J08_04227	B9J08_005344
B9J08_04228	B9J08_005345
B9J08_04229	B9J08_005346
B9J08_04230	B9J08_005347
B9J08_04231	B9J08_005348
B9J08_04233	B9J08_005350
B9J08_04234	B9J08_005351
B9J08_04236	B9J08_005353
B9J08_04237	B9J08_005354
B9J08_04238	B9J08_005355
B9J08_04239	B9J08_005356
B9J08_04240	B9J08_005357
B9J08_04241	B9J08_005358
B9J08_04242	B9J08_005359
B9J08_04243	B9J08_005360
B9J08_04244	B9J08_005361
B9J08_04245	B9J08_005362
B9J08_04246	B9J08_005363
B9J08_04247	B9J08_005364
B9J08_04249	B9J08_005366
B9J08_04250	B9J08_005367
B9J08_04253	B9J08_005370
B9J08_04254	B9J08_005371
B9J08_04255	B9J08_005372
B9J08_04258	B9J08_005375
B9J08_04260	B9J08_005377
B9J08_04262	B9J08_005379
B9J08_04263	B9J08_005380
B9J08_04264	B9J08_005381
B9J08_04266	B9J08_005383
B9J08_04267	B9J08_005384
B9J08_04268	B9J08_005385
B9J08_04269	B9J08_005386
B9J08_04271	B9J08_005388
B9J08_04272	B9J08_005389
B9J08_04273	B9J08_005390
B9J08_04274	B9J08_005391
B9J08_04275	B9J08_005392
B9J08_04276	B9J08_005393
B9J08_04277	B9J08_005394
B9J08_04278	B9J08_005395
B9J08_04279	B9J08_005396
B9J08_04280	B9J08_005397
B9J08_04281	B9J08_005398
B9J08_04282	B9J08_005399
B9J08_04283	B9J08_005400
B9J08_04284	B9J08_005401
B9J08_04285	B9J08_005402
B9J08_04286	B9J08_005403
B9J08_04287	B9J08_005404
B9J08_04288	B9J08_005405
B9J08_04289	B9J08_005406
B9J08_04291	B9J08_005408
B9J08_04292	B9J08_005409
B9J08_04293	B9J08_005410
B9J08_04295	B9J08_005412
B9J08_04296	B9J08_005413
B9J08_04297	B9J08_005414
B9J08_04298	B9J08_005415
B9J08_04299	B9J08_005416
B9J08_04300	B9J08_005417
B9J08_04301	B9J08_005418
B9J08_04302	B9J08_005419
B9J08_04303	B9J08_005420
B9J08_04304	B9J08_005421
B9J08_04305	B9J08_005422
B9J08_04306	B9J08_005423
B9J08_04307	B9J08_005424
B9J08_04309	B9J08_005426
B9J08_04310	B9J08_005427
B9J08_04312	B9J08_005429
B9J08_04313	B9J08_005430
B9J08_04314	B9J08_005431
B9J08_04316	B9J08_005433
B9J08_04317	B9J08_005434
B9J08_04318	B9J08_005435
B9J08_04319	B9J08_005436
B9J08_04320	B9J08_005437
B9J08_04321	B9J08_005438
B9J08_04322	B9J08_005439
B9J08_04323	B9J08_005440
B9J08_04324	B9J08_005441
B9J08_04325	B9J08_005442
B9J08_04326	B9J08_005443
B9J08_04327	B9J08_005444
B9J08_04329	B9J08_005446
B9J08_04331	B9J08_005449
B9J08_04332	B9J08_005450
B9J08_04333	B9J08_005451
B9J08_04334	B9J08_005452
B9J08_04335	B9J08_005453
B9J08_04336	B9J08_005454
B9J08_04337	B9J08_005455
B9J08_04338	B9J08_005456
B9J08_04339	B9J08_005457
B9J08_04341	B9J08_005459
B9J08_04342	B9J08_005460
B9J08_04343	B9J08_005461
B9J08_04344	B9J08_005462
B9J08_04345	B9J08_005463
B9J08_04346	B9J08_005464
B9J08_04347	B9J08_005465
B9J08_04349	B9J08_005467
B9J08_04350	B9J08_005468
B9J08_04351	B9J08_005469
B9J08_04352	B9J08_005470
B9J08_04353	B9J08_005471
B9J08_04354	B9J08_005472
B9J08_04355	B9J08_005473
B9J08_04356	B9J08_005474
B9J08_04358	B9J08_005476
B9J08_04359	B9J08_005477
B9J08_04361	B9J08_005479
B9J08_04362	B9J08_005480
B9J08_04363	B9J08_005481
B9J08_04364	B9J08_005482
B9J08_04366	B9J08_005484
B9J08_04367	B9J08_005485
B9J08_04369	B9J08_005487
B9J08_04371	B9J08_005489
B9J08_04372	B9J08_005490
B9J08_04373	B9J08_005491
B9J08_04374	B9J08_005492
B9J08_04375	B9J08_005493
B9J08_04376	B9J08_005494
B9J08_04378	B9J08_005496
B9J08_04379	B9J08_005497
B9J08_04380	B9J08_005498
B9J08_04382	B9J08_005500
B9J08_04384	B9J08_005502
B9J08_04385	B9J08_005503
B9J08_04386	B9J08_005504
B9J08_04388	B9J08_005506
B9J08_04389	B9J08_005507
B9J08_04390	B9J08_005508
B9J08_04393	B9J08_005511
B9J08_04394	B9J08_005512
B9J08_04395	B9J08_005513
B9J08_04396	B9J08_005514
B9J08_04397	B9J08_005515
B9J08_04399	B9J08_005517
B9J08_04400	B9J08_005518
B9J08_04401	B9J08_005519
B9J08_04403	B9J08_005521
B9J08_04404	B9J08_005522
B9J08_04405	B9J08_005523
B9J08_04406	B9J08_005524
B9J08_04408	B9J08_005526
B9J08_04411	B9J08_005529
B9J08_04412	B9J08_005530
B9J08_04413	B9J08_005531
B9J08_04416	B9J08_005534
B9J08_04418	B9J08_005567
B9J08_04419	B9J08_005568
B9J08_04420	B9J08_005569
B9J08_04421	B9J08_005570
B9J08_04422	B9J08_005571
B9J08_04423	B9J08_005572
B9J08_04424	B9J08_005573
B9J08_04425	B9J08_005574
B9J08_04426	B9J08_005575
B9J08_04427	B9J08_005576
B9J08_04430	B9J08_004471
B9J08_04432	B9J08_004473
B9J08_04433	B9J08_004474
B9J08_04434	B9J08_004475
B9J08_04435	B9J08_004476
B9J08_04436	B9J08_004477
B9J08_04437	B9J08_004478
B9J08_04439	B9J08_004480
B9J08_04440	B9J08_004481
B9J08_04441	B9J08_004482
B9J08_04443	B9J08_004484
B9J08_04445	B9J08_004486
B9J08_04446	B9J08_004487
B9J08_04447	B9J08_004488
B9J08_04448	B9J08_004489
B9J08_04449	B9J08_004490
B9J08_04450	B9J08_004491
B9J08_04451	B9J08_004492
B9J08_04452	B9J08_004493
B9J08_04453	B9J08_004494
B9J08_04454	B9J08_004495
B9J08_04455	B9J08_004496
B9J08_04456	B9J08_004497
B9J08_04457	B9J08_004498
B9J08_04461	B9J08_004502
B9J08_04462	B9J08_004503
B9J08_04463	B9J08_004504
B9J08_04464	B9J08_004505
B9J08_04465	B9J08_004506
B9J08_04466	B9J08_004507
B9J08_04468	B9J08_004509
B9J08_04469	B9J08_004510
B9J08_04470	B9J08_004511
B9J08_04471	B9J08_004512
B9J08_04472	B9J08_004513
B9J08_04473	B9J08_004514
B9J08_04474	B9J08_004515
B9J08_04475	B9J08_004516
B9J08_04476	B9J08_004517
B9J08_04477	B9J08_004518
B9J08_04478	B9J08_004519
B9J08_04479	B9J08_004520
B9J08_04480	B9J08_004521
B9J08_04481	B9J08_004522
B9J08_04482	B9J08_004523
B9J08_04483	B9J08_004524
B9J08_04484	B9J08_004525
B9J08_04485	B9J08_004526
B9J08_04486	B9J08_004527
B9J08_04487	B9J08_004528
B9J08_04488	B9J08_004529
B9J08_04489	B9J08_004530
B9J08_04491	B9J08_004532
B9J08_04492	B9J08_004533
B9J08_04493	B9J08_004534
B9J08_04494	B9J08_004535
B9J08_04495	B9J08_004536
B9J08_04498	B9J08_004539
B9J08_04499	B9J08_004540
B9J08_04500	B9J08_004541
B9J08_04501	B9J08_004542
B9J08_04502	B9J08_004543
B9J08_04505	B9J08_004546
B9J08_04506	B9J08_004547
B9J08_04507	B9J08_004548
B9J08_04508	B9J08_004549
B9J08_04510	B9J08_004551
B9J08_04511	B9J08_004552
B9J08_04512	B9J08_004553
B9J08_04513	B9J08_004554
B9J08_04514	B9J08_004555
B9J08_04515	B9J08_004556
B9J08_04516	B9J08_004557
B9J08_04517	B9J08_004558
B9J08_04518	B9J08_004559
B9J08_04523	B9J08_004564
B9J08_04524	B9J08_004565
B9J08_04525	B9J08_004566
B9J08_04526	B9J08_004567
B9J08_04527	B9J08_004568
B9J08_04529	B9J08_004570
B9J08_04530	B9J08_004571
B9J08_04531	B9J08_004572
B9J08_04532	B9J08_004573
B9J08_04534	B9J08_004575
B9J08_04535	B9J08_004576
B9J08_04536	B9J08_004577
B9J08_04537	B9J08_004578
B9J08_04539	B9J08_004580
B9J08_04540	B9J08_004581
B9J08_04541	B9J08_004582
B9J08_04542	B9J08_004583
B9J08_04543	B9J08_004584
B9J08_04544	B9J08_004585
B9J08_04545	B9J08_004586
B9J08_04547	B9J08_004588
B9J08_04548	B9J08_004589
B9J08_04549	B9J08_004590
B9J08_04551	B9J08_004592
B9J08_04553	B9J08_004594
B9J08_04554	B9J08_004595
B9J08_04555	B9J08_004596
B9J08_04556	B9J08_004597
B9J08_04557	B9J08_004598
B9J08_04558	B9J08_004599
B9J08_04559	B9J08_004600
B9J08_04562	B9J08_004603
B9J08_04563	B9J08_004604
B9J08_04565	B9J08_004606
B9J08_04566	B9J08_004607
B9J08_04568	B9J08_004609
B9J08_04570	B9J08_004611
B9J08_04571	B9J08_004612
B9J08_04572	B9J08_004613
B9J08_04573	B9J08_004614
B9J08_04574	B9J08_004615
B9J08_04575	B9J08_004616
B9J08_04576	B9J08_004617
B9J08_04579	B9J08_004620
B9J08_04580	B9J08_004621
B9J08_04581	B9J08_004622
B9J08_04582	B9J08_004623
B9J08_04583	B9J08_004624
B9J08_04585	B9J08_004626
B9J08_04586	B9J08_004627
B9J08_04587	B9J08_004628
B9J08_04588	B9J08_004629
B9J08_04589	B9J08_004630
B9J08_04590	B9J08_004631
B9J08_04591	B9J08_004632
B9J08_04592	B9J08_004633
B9J08_04593	B9J08_004634
B9J08_04595	B9J08_004636
B9J08_04596	B9J08_004637
B9J08_04597	B9J08_004638
B9J08_04598	B9J08_004639
B9J08_04599	B9J08_004640
B9J08_04600	B9J08_004641
B9J08_04601	B9J08_004642
B9J08_04602	B9J08_004643
B9J08_04603	B9J08_004644
B9J08_04604	B9J08_004645
B9J08_04605	B9J08_004646
B9J08_04607	B9J08_004648
B9J08_04608	B9J08_004649
B9J08_04609	B9J08_004650
B9J08_04610	B9J08_004651
B9J08_04611	B9J08_004652
B9J08_04612	B9J08_004653
B9J08_04613	B9J08_004654
B9J08_04614	B9J08_004655
B9J08_04615	B9J08_004656
B9J08_04616	B9J08_004657
B9J08_04617	B9J08_004658
B9J08_04618	B9J08_004659
B9J08_04619	B9J08_004660
B9J08_04620	B9J08_004661
B9J08_04621	B9J08_004662
B9J08_04622	B9J08_004663
B9J08_04624	B9J08_004665
B9J08_04625	B9J08_004666
B9J08_04626	B9J08_004667
B9J08_04627	B9J08_004668
B9J08_04628	B9J08_004669
B9J08_04629	B9J08_004670
B9J08_04630	B9J08_004671
B9J08_04632	B9J08_004673
B9J08_04633	B9J08_004674
B9J08_04634	B9J08_004675
B9J08_04635	B9J08_004676
B9J08_04636	B9J08_004677
B9J08_04637	B9J08_004678
B9J08_04638	B9J08_004679
B9J08_04639	B9J08_005536
B9J08_04640	B9J08_004681
B9J08_04641	B9J08_005538
B9J08_04643	B9J08_005540
B9J08_04644	B9J08_005541
B9J08_04646	B9J08_005543
B9J08_04647	B9J08_004687
B9J08_04648	B9J08_004688
B9J08_04650	B9J08_004690
B9J08_04651	B9J08_004691
B9J08_04652	B9J08_004692
B9J08_04653	B9J08_004693
B9J08_04654	B9J08_004694
B9J08_04655	B9J08_004695
B9J08_04657	B9J08_004697
B9J08_04658	B9J08_004698
B9J08_04660	B9J08_004700
B9J08_04663	B9J08_004703
B9J08_04664	B9J08_004704
B9J08_04665	B9J08_004705
B9J08_04667	B9J08_004707
B9J08_04668	B9J08_004708
B9J08_04669	B9J08_004709
B9J08_04670	B9J08_004710
B9J08_04671	B9J08_004711
B9J08_04672	B9J08_004712
B9J08_04675	B9J08_004715
B9J08_04676	B9J08_004716
B9J08_04677	B9J08_004717
B9J08_04678	B9J08_004718
B9J08_04679	B9J08_004719
B9J08_04680	B9J08_004720
B9J08_04681	B9J08_004721
B9J08_04682	B9J08_004722
B9J08_04683	B9J08_004723
B9J08_04685	B9J08_004725
B9J08_04686	B9J08_004726
B9J08_04687	B9J08_004727
B9J08_04688	B9J08_004728
B9J08_04689	B9J08_004729
B9J08_04691	B9J08_004731
B9J08_04692	B9J08_004732
B9J08_04693	B9J08_004733
B9J08_04694	B9J08_004734
B9J08_04695	B9J08_004735
B9J08_04698	B9J08_004738
B9J08_04700	B9J08_004740
B9J08_04701	B9J08_004741
B9J08_04702	B9J08_004742
B9J08_04703	B9J08_004743
B9J08_04704	B9J08_004744
B9J08_04705	B9J08_004745
B9J08_04706	B9J08_004746
B9J08_04708	B9J08_004748
B9J08_04709	B9J08_004749
B9J08_04710	B9J08_004750
B9J08_04711	B9J08_004751
B9J08_04712	B9J08_004752
B9J08_04715	B9J08_004755
B9J08_04716	B9J08_004756
B9J08_04717	B9J08_004757
B9J08_04718	B9J08_004758
B9J08_04720	B9J08_004760
B9J08_04721	B9J08_004761
B9J08_04722	B9J08_004762
B9J08_04723	B9J08_004763
B9J08_04725	B9J08_004765
B9J08_04726	B9J08_004766
B9J08_04727	B9J08_004767
B9J08_04728	B9J08_004768
B9J08_04730	B9J08_004770
B9J08_04731	B9J08_004771
B9J08_04732	B9J08_004772
B9J08_04733	B9J08_004773
B9J08_04734	B9J08_004774
B9J08_04735	B9J08_004775
B9J08_04736	B9J08_004776
B9J08_04737	B9J08_004777
B9J08_04738	B9J08_004778
B9J08_04739	B9J08_004779
B9J08_04740	B9J08_004780
B9J08_04742	B9J08_004782
B9J08_04743	B9J08_004783
B9J08_04744	B9J08_004784
B9J08_04745	B9J08_004785
B9J08_04746	B9J08_004786
B9J08_04747	B9J08_004787
B9J08_04748	B9J08_004788
B9J08_04749	B9J08_004789
B9J08_04750	B9J08_004790
B9J08_04751	B9J08_004791
B9J08_04752	B9J08_004792
B9J08_04753	B9J08_004793
B9J08_04754	B9J08_004794
B9J08_04755	B9J08_004795
B9J08_04756	B9J08_004796
B9J08_04757	B9J08_004797
B9J08_04759	B9J08_004799
B9J08_04760	B9J08_004800
B9J08_04761	B9J08_004801
B9J08_04762	B9J08_004802
B9J08_04763	B9J08_004803
B9J08_04764	B9J08_004804
B9J08_04765	B9J08_004805
B9J08_04766	B9J08_004806
B9J08_04767	B9J08_004807
B9J08_04768	B9J08_004808
B9J08_04769	B9J08_004809
B9J08_04770	B9J08_004810
B9J08_04771	B9J08_004811
B9J08_04772	B9J08_004812
B9J08_04773	B9J08_004813
B9J08_04774	B9J08_004814
B9J08_04775	B9J08_004815
B9J08_04776	B9J08_004816
B9J08_04777	B9J08_004817
B9J08_04778	B9J08_004818
B9J08_04779	B9J08_004819
B9J08_04780	B9J08_004820
B9J08_04781	B9J08_004821
B9J08_04782	B9J08_004822
B9J08_04783	B9J08_004823
B9J08_04784	B9J08_004824
B9J08_04785	B9J08_004825
B9J08_04786	B9J08_004826
B9J08_04787	B9J08_004827
B9J08_04788	B9J08_004828
B9J08_04789	B9J08_004829
B9J08_04790	B9J08_004830
B9J08_04791	B9J08_004831
B9J08_04792	B9J08_004832
B9J08_04793	B9J08_004833
B9J08_04796	B9J08_004836
B9J08_04801	B9J08_004841
B9J08_04802	B9J08_004842
B9J08_04803	B9J08_004843
B9J08_04804	B9J08_004844
B9J08_04805	B9J08_004845
B9J08_04806	B9J08_004846
B9J08_04807	B9J08_004847
B9J08_04808	B9J08_004848
B9J08_04809	B9J08_004849
B9J08_04810	B9J08_004850
B9J08_04811	B9J08_004851
B9J08_04812	B9J08_004852
B9J08_04813	B9J08_004853
B9J08_04814	B9J08_004854
B9J08_04815	B9J08_004855
B9J08_04818	B9J08_004858
B9J08_04819	B9J08_004859
B9J08_04820	B9J08_004860
B9J08_04821	B9J08_004861
B9J08_04822	B9J08_004862
B9J08_04823	B9J08_004863
B9J08_04824	B9J08_004864
B9J08_04825	B9J08_004865
B9J08_04827	B9J08_004867
B9J08_04828	B9J08_004868
B9J08_04829	B9J08_004869
B9J08_04830	B9J08_004870
B9J08_04831	B9J08_004871
B9J08_04832	B9J08_004872
B9J08_04833	B9J08_004873
B9J08_04834	B9J08_004874
B9J08_04835	B9J08_004875
B9J08_04836	B9J08_004876
B9J08_04837	B9J08_004877
B9J08_04838	B9J08_004878
B9J08_04839	B9J08_004879
B9J08_04840	B9J08_004880
B9J08_04841	B9J08_004881
B9J08_04842	B9J08_004882
B9J08_04843	B9J08_004883
B9J08_04845	B9J08_004885
B9J08_04846	B9J08_004886
B9J08_04847	B9J08_004887
B9J08_04848	B9J08_004888
B9J08_04849	B9J08_004889
B9J08_04850	B9J08_004890
B9J08_04851	B9J08_004891
B9J08_04852	B9J08_004892
B9J08_04853	B9J08_004893
B9J08_04854	B9J08_004894
B9J08_04855	B9J08_004895
B9J08_04856	B9J08_004896
B9J08_04857	B9J08_004103
B9J08_04858	B9J08_004104
B9J08_04859	B9J08_004105
B9J08_04860	B9J08_004106
B9J08_04861	B9J08_004107
B9J08_04862	B9J08_004108
B9J08_04863	B9J08_004109
B9J08_04864	B9J08_004110
B9J08_04865	B9J08_004111
B9J08_04866	B9J08_004112
B9J08_04867	B9J08_004113
B9J08_04868	B9J08_004114
B9J08_04869	B9J08_004115
B9J08_04870	B9J08_004116
B9J08_04871	B9J08_004117
B9J08_04872	B9J08_004118
B9J08_04873	B9J08_004119
B9J08_04874	B9J08_004120
B9J08_04875	B9J08_004121
B9J08_04877	B9J08_004123
B9J08_04879	B9J08_004125
B9J08_04880	B9J08_004126
B9J08_04884	B9J08_004130
B9J08_04885	B9J08_004131
B9J08_04886	B9J08_004132
B9J08_04887	B9J08_004133
B9J08_04888	B9J08_004134
B9J08_04889	B9J08_004135
B9J08_04890	B9J08_004136
B9J08_04891	B9J08_004137
B9J08_04892	B9J08_004138
B9J08_04893	B9J08_004139
B9J08_04894	B9J08_004140
B9J08_04895	B9J08_004141
B9J08_04896	B9J08_004142
B9J08_04897	B9J08_004143
B9J08_04898	B9J08_004144
B9J08_04900	B9J08_004146
B9J08_04902	B9J08_004148
B9J08_04903	B9J08_004149
B9J08_04904	B9J08_004150
B9J08_04905	B9J08_004151
B9J08_04906	B9J08_004152
B9J08_04907	B9J08_004153
B9J08_04908	B9J08_004154
B9J08_04910	B9J08_004156
B9J08_04911	B9J08_004157
B9J08_04913	B9J08_004159
B9J08_04914	B9J08_004160
B9J08_04915	B9J08_004161
B9J08_04917	B9J08_004163
B9J08_04918	B9J08_004164
B9J08_04919	B9J08_004165
B9J08_04920	B9J08_004166
B9J08_04921	B9J08_004167
B9J08_04922	B9J08_004168
B9J08_04923	B9J08_004169
B9J08_04925	B9J08_004171
B9J08_04926	B9J08_004172
B9J08_04927	B9J08_004173
B9J08_04928	B9J08_004174
B9J08_04929	B9J08_004175
B9J08_04930	B9J08_004176
B9J08_04931	B9J08_004177
B9J08_04932	B9J08_004178
B9J08_04933	B9J08_004179
B9J08_04934	B9J08_004180
B9J08_04935	B9J08_004181
B9J08_04936	B9J08_004182
B9J08_04937	B9J08_004183
B9J08_04938	B9J08_004184
B9J08_04939	B9J08_004185
B9J08_04940	B9J08_004186
B9J08_04941	B9J08_004187
B9J08_04942	B9J08_004188
B9J08_04944	B9J08_004190
B9J08_04945	B9J08_004191
B9J08_04946	B9J08_004192
B9J08_04947	B9J08_004193
B9J08_04948	B9J08_004194
B9J08_04949	B9J08_004195
B9J08_04950	B9J08_004196
B9J08_04951	B9J08_004197
B9J08_04952	B9J08_004198
B9J08_04954	B9J08_004200
B9J08_04955	B9J08_004201
B9J08_04958	B9J08_004204
B9J08_04959	B9J08_004205
B9J08_04960	B9J08_004206
B9J08_04961	B9J08_004207
B9J08_04962	B9J08_004208
B9J08_04963	B9J08_004209
B9J08_04964	B9J08_004210
B9J08_04965	B9J08_004211
B9J08_04966	B9J08_004212
B9J08_04967	B9J08_004213
B9J08_04968	B9J08_004214
B9J08_04969	B9J08_004215
B9J08_04970	B9J08_004216
B9J08_04971	B9J08_004217
B9J08_04973	B9J08_004219
B9J08_04974	B9J08_004220
B9J08_04975	B9J08_004221
B9J08_04976	B9J08_004222
B9J08_04977	B9J08_004223
B9J08_04980	B9J08_004226
B9J08_04981	B9J08_004227
B9J08_04982	B9J08_004228
B9J08_04983	B9J08_004229
B9J08_04986	B9J08_004232
B9J08_04987	B9J08_004233
B9J08_04988	B9J08_004234
B9J08_04989	B9J08_004235
B9J08_04990	B9J08_004236
B9J08_04991	B9J08_004237
B9J08_04993	B9J08_004239
B9J08_04994	B9J08_004240
B9J08_04995	B9J08_004241
B9J08_04996	B9J08_004242
B9J08_04997	B9J08_004243
B9J08_04999	B9J08_004245
B9J08_05000	B9J08_004246
B9J08_05001	B9J08_004247
B9J08_05002	B9J08_004248
B9J08_05003	B9J08_004249
B9J08_05005	B9J08_004251
B9J08_05006	B9J08_004252
B9J08_05007	B9J08_004253
B9J08_05008	B9J08_004254
B9J08_05010	B9J08_004256
B9J08_05011	B9J08_004257
B9J08_05012	B9J08_004258
B9J08_05013	B9J08_004259
B9J08_05014	B9J08_004260
B9J08_05015	B9J08_004261
B9J08_05016	B9J08_004262
B9J08_05017	B9J08_004263
B9J08_05018	B9J08_004264
B9J08_05019	B9J08_004265
B9J08_05020	B9J08_004266
B9J08_05021	B9J08_004267
B9J08_05022	B9J08_004268
B9J08_05023	B9J08_004269
B9J08_05024	B9J08_004270
B9J08_05025	B9J08_004271
B9J08_05026	B9J08_004272
B9J08_05028	B9J08_004274
B9J08_05029	B9J08_004275
B9J08_05030	B9J08_004276
B9J08_05031	B9J08_004277
B9J08_05032	B9J08_004278
B9J08_05033	B9J08_004279
B9J08_05036	B9J08_004282
B9J08_05037	B9J08_004283
B9J08_05038	B9J08_004284
B9J08_05040	B9J08_004286
B9J08_05041	B9J08_004287
B9J08_05044	B9J08_004290
B9J08_05045	B9J08_004291
B9J08_05048	B9J08_004294
B9J08_05050	B9J08_004296
B9J08_05054	B9J08_004300
B9J08_05055	B9J08_004301
B9J08_05056	B9J08_004302
B9J08_05057	B9J08_004303
B9J08_05058	B9J08_004304
B9J08_05059	B9J08_004305
B9J08_05060	B9J08_004306
B9J08_05061	B9J08_004307
B9J08_05062	B9J08_004308
B9J08_05064	B9J08_004310
B9J08_05065	B9J08_004311
B9J08_05068	B9J08_004314
B9J08_05069	B9J08_004315
B9J08_05070	B9J08_004316
B9J08_05072	B9J08_004318
B9J08_05073	B9J08_004319
B9J08_05074	B9J08_004320
B9J08_05075	B9J08_004321
B9J08_05077	B9J08_004323
B9J08_05078	B9J08_004324
B9J08_05079	B9J08_004325
B9J08_05080	B9J08_004326
B9J08_05081	B9J08_004327
B9J08_05082	B9J08_004328
B9J08_05083	B9J08_004329
B9J08_05084	B9J08_004330
B9J08_05086	B9J08_004332
B9J08_05087	B9J08_004333
B9J08_05088	B9J08_004334
B9J08_05089	B9J08_004335
B9J08_05090	B9J08_004336
B9J08_05091	B9J08_004337
B9J08_05093	B9J08_004339
B9J08_05094	B9J08_004340
B9J08_05095	B9J08_004341
B9J08_05097	B9J08_004343
B9J08_05098	B9J08_004344
B9J08_05099	B9J08_004345
B9J08_05100	B9J08_004346
B9J08_05101	B9J08_004347
B9J08_05102	B9J08_004348
B9J08_05103	B9J08_004349
B9J08_05104	B9J08_004350
B9J08_05105	B9J08_004351
B9J08_05107	B9J08_004353
B9J08_05108	B9J08_004354
B9J08_05109	B9J08_004355
B9J08_05110	B9J08_004356
B9J08_05112	B9J08_004358
B9J08_05114	B9J08_004360
B9J08_05116	B9J08_004362
B9J08_05117	B9J08_004363
B9J08_05118	B9J08_004364
B9J08_05120	B9J08_004366
B9J08_05121	B9J08_004367
B9J08_05122	B9J08_004368
B9J08_05124	B9J08_004370
B9J08_05125	B9J08_004371
B9J08_05127	B9J08_004373
B9J08_05128	B9J08_004374
B9J08_05130	B9J08_004376
B9J08_05131	B9J08_004377
B9J08_05132	B9J08_004378
B9J08_05133	B9J08_004379
B9J08_05135	B9J08_004381
B9J08_05136	B9J08_004382
B9J08_05137	B9J08_004383
B9J08_05138	B9J08_004384
B9J08_05139	B9J08_004385
B9J08_05140	B9J08_004386
B9J08_05141	B9J08_004387
B9J08_05142	B9J08_004388
B9J08_05143	B9J08_004389
B9J08_05144	B9J08_004390
B9J08_05146	B9J08_004392
B9J08_05148	B9J08_004394
B9J08_05149	B9J08_004395
B9J08_05150	B9J08_004396
B9J08_05151	B9J08_004397
B9J08_05152	B9J08_004398
B9J08_05153	B9J08_004399
B9J08_05155	B9J08_004401
B9J08_05157	B9J08_004403
B9J08_05158	B9J08_004404
B9J08_05159	B9J08_004405
B9J08_05161	B9J08_004407
B9J08_05162	B9J08_004408
B9J08_05163	B9J08_004409
B9J08_05164	B9J08_004410
B9J08_05165	B9J08_004411
B9J08_05168	B9J08_004414
B9J08_05169	B9J08_004415
B9J08_05170	B9J08_004416
B9J08_05171	B9J08_004417
B9J08_05172	B9J08_004418
B9J08_05173	B9J08_004419
B9J08_05174	B9J08_004420
B9J08_05175	B9J08_004421
B9J08_05176	B9J08_004422
B9J08_05178	B9J08_004424
B9J08_05179	B9J08_004425
B9J08_05180	B9J08_004426
B9J08_05181	B9J08_004427
B9J08_05182	B9J08_004428
B9J08_05183	B9J08_004429
B9J08_05184	B9J08_004430
B9J08_05186	B9J08_004432
B9J08_05187	B9J08_004433
B9J08_05189	B9J08_004435
B9J08_05190	B9J08_004436
B9J08_05191	B9J08_004437
B9J08_05192	B9J08_004438
B9J08_05193	B9J08_004439
B9J08_05194	B9J08_004440
B9J08_05195	B9J08_004441
B9J08_05196	B9J08_004442
B9J08_05197	B9J08_004443
B9J08_05198	B9J08_004444
B9J08_05199	B9J08_004445
B9J08_05200	B9J08_004446
B9J08_05201	B9J08_004447
B9J08_05202	B9J08_004448
B9J08_05203	B9J08_004449
B9J08_05205	B9J08_004451
B9J08_05206	B9J08_004452
B9J08_05207	B9J08_004453
B9J08_05208	B9J08_004454
B9J08_05209	B9J08_004455
B9J08_05210	B9J08_004456
B9J08_05212	B9J08_004458
B9J08_05214	B9J08_004460
B9J08_05216	B9J08_004462
B9J08_05217	B9J08_004463
B9J08_05218	B9J08_004464
B9J08_05219	B9J08_004465
B9J08_05221	B9J08_004467
B9J08_05222	B9J08_004468
B9J08_05223	B9J08_004469
B9J08_05224	B9J08_004469
B9J08_05225	B9J08_005545
B9J08_05226	B9J08_005546
B9J08_05227	B9J08_005547
B9J08_05228	B9J08_005548
B9J08_05230	B9J08_005550
B9J08_05231	B9J08_005551
B9J08_05232	B9J08_005552
B9J08_05233	B9J08_005553
B9J08_05234	B9J08_005554
B9J08_05235	B9J08_005555
B9J08_05236	B9J08_005556
B9J08_05237	B9J08_005557
B9J08_05238	B9J08_005558
B9J08_05239	B9J08_005559
B9J08_05240	B9J08_005560
B9J08_05241	B9J08_005561
B9J08_05242	B9J08_005562
B9J08_05243	B9J08_005563
B9J08_05244	B9J08_005564
B9J08_05245	B9J08_005565
B9J08_05247	B9J08_002237
B9J08_05248	B9J08_002238
B9J08_05249	B9J08_002239
B9J08_05250	B9J08_002240
B9J08_05251	B9J08_002241
B9J08_05252	B9J08_002242
B9J08_05253	B9J08_002243
B9J08_05254	B9J08_002244
B9J08_05255	B9J08_002245
B9J08_05256	B9J08_002246
B9J08_05257	B9J08_002247
B9J08_05258	B9J08_002248
B9J08_05259	B9J08_002249
B9J08_05260	B9J08_002250
B9J08_05261	B9J08_002251
B9J08_05262	B9J08_002252
B9J08_05263	B9J08_002253
B9J08_05264	B9J08_002254
B9J08_05265	B9J08_002255
B9J08_05266	B9J08_002256
B9J08_05267	B9J08_002257
B9J08_05268	B9J08_002258
B9J08_05269	B9J08_002259
B9J08_05270	B9J08_002260
B9J08_05271	B9J08_002261
B9J08_05272	B9J08_002262
B9J08_05273	B9J08_002263
B9J08_05275	B9J08_002265
B9J08_05276	B9J08_002266
B9J08_05277	B9J08_002267
B9J08_05278	B9J08_002268
B9J08_05279	B9J08_002269
B9J08_05280	B9J08_002270
B9J08_05281	B9J08_002271
B9J08_05282	B9J08_002272
B9J08_05284	B9J08_002274
B9J08_05285	B9J08_002275
B9J08_05287	B9J08_002277
B9J08_05288	B9J08_002278
B9J08_05289	B9J08_002279
B9J08_05290	B9J08_002280
B9J08_05291	B9J08_002281
B9J08_05292	B9J08_002282
B9J08_05293	B9J08_002283
B9J08_05294	B9J08_002284
B9J08_05295	B9J08_002285
B9J08_05296	B9J08_002286
B9J08_05297	B9J08_002287
B9J08_05298	B9J08_002288
B9J08_05302	B9J08_002292
B9J08_05303	B9J08_002293
B9J08_05304	B9J08_002294
B9J08_05305	B9J08_002295
B9J08_05306	B9J08_002296
B9J08_05307	B9J08_002297
B9J08_05309	B9J08_002299
B9J08_05310	B9J08_002300
B9J08_05311	B9J08_002301
B9J08_05312	B9J08_002302
B9J08_05314	B9J08_002304
B9J08_05315	B9J08_002305
B9J08_05316	B9J08_002306
B9J08_05317	B9J08_002307
B9J08_05318	B9J08_002308
B9J08_05319	B9J08_002309
B9J08_05320	B9J08_002310
B9J08_05321	B9J08_002311
B9J08_05322	B9J08_002312
B9J08_05323	B9J08_002313
B9J08_05324	B9J08_002314
B9J08_05325	B9J08_002315
B9J08_05327	B9J08_002317
B9J08_05328	B9J08_002318
B9J08_05329	B9J08_002319
B9J08_05331	B9J08_002321
B9J08_05332	B9J08_002322
B9J08_05333	B9J08_002323
B9J08_05334	B9J08_002324
B9J08_05335	B9J08_002325
B9J08_05336	B9J08_002326
B9J08_05338	B9J08_002328
B9J08_05340	B9J08_002330
B9J08_05342	B9J08_002332
B9J08_05343	B9J08_002333
B9J08_05344	B9J08_002334
B9J08_05345	B9J08_002335
B9J08_05346	B9J08_002336
B9J08_05347	B9J08_002337
B9J08_05349	B9J08_002339
B9J08_05350	B9J08_002340
B9J08_05351	B9J08_002341
B9J08_05352	B9J08_002342
B9J08_05353	B9J08_002343
B9J08_05354	B9J08_002344
B9J08_05356	B9J08_002346
B9J08_05357	B9J08_002347
B9J08_05358	B9J08_002348
B9J08_05359	B9J08_002349
B9J08_05363	B9J08_002353
B9J08_05364	B9J08_002354
B9J08_05365	B9J08_002355
B9J08_05366	B9J08_002356
B9J08_05367	B9J08_002357
B9J08_05368	B9J08_002358
B9J08_05369	B9J08_002359
B9J08_05371	B9J08_002361
B9J08_05372	B9J08_002362
B9J08_05374	B9J08_002364
B9J08_05375	B9J08_002365
B9J08_05376	B9J08_002366
B9J08_05378	B9J08_002368
B9J08_05379	B9J08_002369
B9J08_05380	B9J08_002370
B9J08_05381	B9J08_002371
B9J08_05382	B9J08_002372
B9J08_05383	B9J08_002373
B9J08_05384	B9J08_002374
B9J08_05385	B9J08_002375
B9J08_05386	B9J08_002376
B9J08_05387	B9J08_002377
B9J08_05389	B9J08_002379
B9J08_05390	B9J08_002380
B9J08_05391	B9J08_002381
B9J08_05392	B9J08_002382
B9J08_05393	B9J08_002383
B9J08_05394	B9J08_002384
B9J08_05395	B9J08_002385
B9J08_05396	B9J08_002386
B9J08_05397	B9J08_002387
B9J08_05398	B9J08_002388
B9J08_05399	B9J08_002389
B9J08_05401	B9J08_002391
B9J08_05403	B9J08_002393
B9J08_05404	B9J08_002394
B9J08_05406	B9J08_002396
B9J08_05407	B9J08_002397
B9J08_05408	B9J08_002398
B9J08_05409	B9J08_002399
B9J08_05410	B9J08_002400
B9J08_05411	B9J08_002401
B9J08_05412	B9J08_002402
B9J08_05413	B9J08_002403
B9J08_05414	B9J08_002404
B9J08_05415	B9J08_002405
B9J08_05417	B9J08_002407
B9J08_05418	B9J08_002408
B9J08_05419	B9J08_002409
B9J08_05420	B9J08_002410
B9J08_05421	B9J08_002411
B9J08_05422	B9J08_002412
B9J08_05423	B9J08_002413
B9J08_05424	B9J08_002414
B9J08_05425	B9J08_002415
B9J08_05427	B9J08_002417
B9J08_05429	B9J08_002419
B9J08_05431	B9J08_002421
B9J08_05432	B9J08_002422
B9J08_05433	B9J08_002423
B9J08_05434	B9J08_002424
B9J08_05435	B9J08_002425
B9J08_05436	B9J08_002426
B9J08_05437	B9J08_002427
B9J08_05438	B9J08_002428
B9J08_05440	B9J08_002430
B9J08_05441	B9J08_002431
B9J08_05442	B9J08_002432
B9J08_05443	B9J08_002433
B9J08_05444	B9J08_002434
B9J08_05445	B9J08_002435
B9J08_05446	B9J08_002436
B9J08_05447	B9J08_002437
B9J08_05448	B9J08_002438
B9J08_05450	B9J08_002440
B9J08_05451	B9J08_002441
B9J08_05452	B9J08_002442
B9J08_05453	B9J08_002443
B9J08_05454	B9J08_002444
B9J08_05455	B9J08_002445
B9J08_05456	B9J08_002446
B9J08_05457	B9J08_002447
B9J08_05458	B9J08_002448
B9J08_05461	B9J08_002451
B9J08_05462	B9J08_002452
B9J08_05464	B9J08_002454
B9J08_05465	B9J08_002455
B9J08_05466	B9J08_002456
B9J08_05468	B9J08_002458
B9J08_05470	B9J08_002460
B9J08_05471	B9J08_002461
B9J08_05472	B9J08_002462
B9J08_05473	B9J08_002463
B9J08_05474	B9J08_002464
B9J08_05475	B9J08_002465
B9J08_05476	B9J08_002466
B9J08_05477	B9J08_002467
B9J08_05478	B9J08_002468
B9J08_05480	B9J08_002470
B9J08_05481	B9J08_002471
B9J08_05482	B9J08_002472
B9J08_05484	B9J08_002474
B9J08_05485	B9J08_002475
B9J08_05487	B9J08_002477
B9J08_05488	B9J08_002478
B9J08_05489	B9J08_002479
B9J08_05490	B9J08_002480
B9J08_05491	B9J08_002481
B9J08_05492	B9J08_002482
B9J08_05493	B9J08_002483
B9J08_05495	B9J08_002485
B9J08_05496	B9J08_002486
B9J08_05497	B9J08_002487
B9J08_05498	B9J08_002488
B9J08_05499	B9J08_002489
B9J08_05500	B9J08_002490
B9J08_05501	B9J08_002491
B9J08_05502	B9J08_002492
B9J08_05503	B9J08_002493
B9J08_05504	B9J08_002494
B9J08_05506	B9J08_002496
B9J08_05508	B9J08_002498
B9J08_05509	B9J08_002499
B9J08_05510	B9J08_002500
B9J08_05513	B9J08_002503
B9J08_05514	B9J08_002504
B9J08_05515	B9J08_002505
B9J08_05516	B9J08_002506
B9J08_05517	B9J08_002507
B9J08_05519	B9J08_002509
B9J08_05520	B9J08_002510
B9J08_05521	B9J08_002511
B9J08_05522	B9J08_002512
B9J08_05523	B9J08_002513
B9J08_05524	B9J08_002514
B9J08_05525	B9J08_002515
B9J08_05527	B9J08_002517
B9J08_05528	B9J08_002518
B9J08_05529	B9J08_002519
B9J08_05530	B9J08_002520
B9J08_05531	B9J08_002521
B9J08_05532	B9J08_002522
B9J08_05533	B9J08_002523
B9J08_05534	B9J08_002524
B9J08_05535	B9J08_002525
B9J08_05536	B9J08_002526
B9J08_05537	B9J08_002527
B9J08_05538	B9J08_002528
B9J08_05539	B9J08_002529
B9J08_05541	B9J08_002531
B9J08_05542	B9J08_002532
B9J08_05543	B9J08_002533
B9J08_05544	B9J08_002534
B9J08_05545	B9J08_002535
B9J08_05546	B9J08_002536
B9J08_05547	B9J08_002537
B9J08_05548	B9J08_002538
B9J08_05549	B9J08_002539
B9J08_05550	B9J08_002540
B9J08_05551	B9J08_002541
B9J08_05552	B9J08_002542
B9J08_05553	B9J08_002543
B9J08_05554	B9J08_002544
B9J08_05555	B9J08_002545
B9J08_05556	B9J08_002546
B9J08_05557	B9J08_002547
B9J08_05558	B9J08_002548
B9J08_05559	B9J08_002549
B9J08_05560	B9J08_002550
B9J08_05561	B9J08_002551
B9J08_05562	B9J08_002552
B9J08_05563	B9J08_002553
B9J08_05564	B9J08_002554
B9J08_05565	B9J08_002555
B9J08_05566	B9J08_002556
B9J08_05567	B9J08_002557
B9J08_05568	B9J08_002558
B9J08_05569	B9J08_002559
B9J08_05570	B9J08_002560
B9J08_05572	B9J08_002562
B9J08_05573	B9J08_002563
B9J08_05574	B9J08_002564
B9J08_05575	B9J08_002565
B9J08_05577	B9J08_002567
B9J08_05578	B9J08_002568
B9J08_05580	B9J08_002570
B9J08_05581	B9J08_002571
B9J08_05582	B9J08_002572
B9J08_05583	B9J08_002573
B9J08_05584	B9J08_002574
B9J08_05585	B9J08_002575
B9J08_05586	B9J08_002576
B9J08_05587	B9J08_002577
B9J08_05588	B9J08_002578
B9J08_05589	B9J08_002579
B9J08_05590	B9J08_002580
B9J08_05591	B9J08_002581
B9J08_05592	B9J08_002582
B9J08_05593	B9J08_002583
B9J08_05594	B9J08_002584
