GeneID	Base mean	log2(FC)	StdErr	Wald-Stats	P-value	P-adj	Chromosome	Start	End	Strand	Feature	Gene name
B9J08_05200	3392.62907068863	-3.64519655003336	0.0875238407110362	-41.6480414984088	0	0	CM076443.1	836614	838609	+	NA	B9J08_05200
B9J08_03708	19427.7510342583	-7.34633321761848	0.0960674294897708	-76.4705921313396	0	0	CM076440.1	1506982	1509280	+	NA	B9J08_03708
B9J08_00369	11024.4941744765	-5.40142030583245	0.0831055017959908	-64.9947378826011	0	0	CM076438.1	768481	773296	+	NA	B9J08_00369
B9J08_01084	3556.92220620224	-2.54055444522551	0.0801701799168505	-31.6895190688168	2.16655939471187e-220	2.99364344364312e-217	CM076438.1	2231605	2232628	-	NA	B9J08_01084
B9J08_02614	874.949835266102	4.24749183507011	0.14285036078638	29.733854445225	2.80457613199833e-194	3.10017845631096e-191	CM076439.1	1396585	1397608	-	NA	B9J08_02614
B9J08_03871	20766.0299000108	-1.97402610266661	0.0707569943074386	-27.8986709651554	2.76897992617044e-171	2.55069200865733e-168	CM076441.1	212002	213549	-	NA	B9J08_03871
B9J08_01126	2203.65614642166	2.14754457123989	0.0859257947353338	24.9930137725778	7.28190051724679e-138	5.74958059411757e-135	CM076438.1	2322972	2324712	-	NA	B9J08_01126
B9J08_02246	2628.00994435771	2.41880575408495	0.100472536885449	24.0742976047544	4.64752656128884e-128	3.21085991303043e-125	CM076439.1	588283	589264	+	NA	B9J08_02246
B9J08_02757	1386.31186305023	2.28216571257252	0.102380352839064	22.2910514496854	4.51269125120098e-110	2.77129383837642e-107	CM076439.1	1730650	1732462	+	NA	B9J08_02757
B9J08_05222	1515.00473904659	2.23784497022255	0.102351878178444	21.8642296560597	5.69179861338852e-106	3.14585709361984e-103	CM076443.1	892384	894328	-	NA	B9J08_05222
B9J08_05199	1143.76679593812	-2.29038059955402	0.105109723478351	-21.7903779380199	2.86278375965243e-105	1.43841871269082e-102	CM076443.1	834192	835890	-	NA	B9J08_05199
B9J08_00453	761.544221251876	-3.2901298979871	0.155173564888057	-21.2029020559051	8.97856385859107e-100	4.13537687053607e-97	CM076438.1	959998	961045	+	NA	B9J08_00453
B9J08_02779	3663.52811593479	1.55702752337373	0.0748555247293489	20.8004356258726	4.28896070366991e-96	1.82346813916797e-93	CM076439.1	1774011	1775808	-	NA	B9J08_02779
B9J08_02123	12314.0188177582	-1.38553051052861	0.0705150276577972	-19.6487267544227	5.92813075397085e-86	2.34034133408549e-83	CM076439.1	348927	353454	-	NA	B9J08_02123
B9J08_02735	2592.0334509335	1.59046936507726	0.0843842452567873	18.8479420564508	3.05497668234314e-79	1.12565707488737e-76	CM076439.1	1677399	1679322	+	NA	B9J08_02735
B9J08_03071	1579.19115630507	1.88436611964409	0.10240438103904	18.4012256167606	1.28426870012522e-75	4.43634569099507e-73	CM076440.1	116506	118816	-	NA	B9J08_03071
B9J08_04902	8596.99478020609	-1.29134441595705	0.0708031520206743	-18.2385159290645	2.55296213709623e-74	8.30013043042991e-72	CM076443.1	149288	150299	-	NA	B9J08_04902
B9J08_04747	687.720404091406	-2.65669855918746	0.149142543037576	-17.8131504604834	5.58744186377365e-71	1.71565506561539e-68	CM076442.1	739152	740343	+	NA	B9J08_04747
B9J08_00946	1778.45904869769	-1.77288528189103	0.1000793764875	-17.7147914396976	3.22420274550515e-70	9.37903609179313e-68	CM076438.1	1963080	1964643	+	NA	B9J08_00946
B9J08_00523	3664.24525312273	1.57024919251871	0.0899964129702141	17.447908652075	3.57068954668301e-68	9.86760056225849e-66	CM076438.1	1110799	1112464	-	NA	B9J08_00523
B9J08_05550	1622.95297402301	-1.53235002684956	0.0916149183476898	-16.7259880212314	8.4758849620467e-63	2.23077219929677e-60	CM076444.1	689442	690603	+	NA	B9J08_05550
B9J08_03182	11218.1772486277	1.20148330389399	0.073458502530805	16.3559460443689	3.94533333045537e-60	9.91175332610311e-58	CM076440.1	350704	353911	-	NA	B9J08_03182
B9J08_04729	17114.2882147124	1.2416998098284	0.0760110100589501	16.335788839872	5.49173669627311e-60	1.3196882052305e-57	CM076442.1	690246	691392	-	NA	B9J08_04729
B9J08_03382	2198.01164301024	-1.34997899386954	0.0829488739745659	-16.2748320644289	1.48927504644075e-59	3.42967632569918e-57	CM076440.1	789733	792709	+	NA	B9J08_03382
B9J08_05063	27667.2392990167	1.3742856221201	0.0873759650456403	15.7284170927583	9.65958219760562e-56	2.13554043224665e-53	CM076443.1	523814	526754	+	NA	B9J08_05063
B9J08_05314	1376.80378613776	1.72652942201914	0.109814343222241	15.7222578704953	1.06461126347602e-55	2.26311786662769e-53	CM076444.1	165540	167055	-	NA	B9J08_05314
B9J08_05184	2525.84691497582	-1.35429776431903	0.0878812938198728	-15.4105351145021	1.39055587601552e-53	2.84651938027325e-51	CM076443.1	793502	798395	-	NA	B9J08_05184
B9J08_05253	3064.10794989153	1.45831663254913	0.0951742495604947	15.3225965981711	5.40158180611118e-53	1.06623366579916e-50	CM076444.1	16913	18536	-	NA	B9J08_05253
B9J08_00666	2452.79647693951	1.40891236087348	0.0922878063285073	15.2665061282129	1.27841619853285e-52	2.43648494113484e-50	CM076438.1	1413664	1415458	+	NA	B9J08_00666
B9J08_00594	3062.83928908444	-1.20461392664149	0.0793505614109845	-15.1809124626399	4.73153631116628e-52	8.71706706393868e-50	CM076438.1	1273404	1275798	+	NA	B9J08_00594
B9J08_01066	2826.2641420847	-1.3364804237662	0.0882094898123733	-15.151209088829	7.43854299338139e-52	1.32622022981997e-49	CM076438.1	2196595	2197705	+	NA	B9J08_01066
B9J08_03732	556.204440965445	-2.08885442537995	0.139392644322515	-14.9853992334555	9.14742450406866e-51	1.57993172606211e-48	CM076440.1	1569154	1570223	-	NA	B9J08_03732
B9J08_03946	1011.32336518256	-1.68890862640068	0.115697210061243	-14.5976607863464	2.90647964845645e-48	4.86791303546025e-46	CM076441.1	364940	365303	-	NA	B9J08_03946
B9J08_00322	1138.28606987399	1.8940752512497	0.129895843152776	14.5814924117471	3.68374678974372e-48	5.98825544320986e-46	CM076438.1	684233	685241	+	NA	B9J08_00322
B9J08_03432	1536.29829282353	-1.38812676887482	0.0955797635996458	-14.5232287316514	8.63454698702044e-48	1.36351831992177e-45	CM076440.1	892155	894552	+	NA	B9J08_03432
B9J08_03811	25374.8299429587	1.32773462061458	0.0918800027667784	14.4507464152435	2.47983808740155e-47	3.80724030807454e-45	CM076441.1	79250	82085	+	NA	B9J08_03811
B9J08_02896	4877.70666905085	-1.15184390166983	0.079819679739762	-14.4305753346194	3.32297592575161e-47	4.96380755179166e-45	CM076439.1	2038274	2039975	+	NA	B9J08_02896
B9J08_03612	448.178191757177	-2.30981929088885	0.160627757722552	-14.379951034855	6.91434555354307e-47	1.00567336511665e-44	CM076440.1	1286041	1287634	+	NA	B9J08_03612
B9J08_01770	9106.29571453789	-0.928384884173356	0.0657284878084103	-14.1245434837855	2.68131785838042e-45	3.79990866750476e-43	CM076438.1	3726649	3728236	-	NA	B9J08_01770
B9J08_03290	985.383726137196	1.43264018223062	0.103528100934344	13.838176971286	1.4996172345837e-43	2.07209611388603e-41	CM076440.1	595076	597326	+	NA	B9J08_03290
B9J08_01490	123071.852175451	1.04746391768658	0.0758795603852062	13.8042960761644	2.40106433422688e-43	3.23675184762731e-41	CM076438.1	3117855	3119370	-	NA	B9J08_01490
B9J08_00957	481.525924314531	-2.12734585191246	0.154176463255651	-13.7981233126678	2.6157383250705e-43	3.44218707682492e-41	CM076438.1	1981933	1982926	+	NA	B9J08_00957
B9J08_02079	3422.80516954048	-1.21838634324226	0.0885186813593484	-13.7641718621646	4.18654026687796e-43	5.38116466396151e-41	CM076439.1	261996	264321	+	NA	B9J08_02079
B9J08_02116	2278.506996964	1.14889259678765	0.0837589103802304	13.7166612074126	8.06967255379011e-43	1.01366091374541e-40	CM076439.1	331472	331850	-	NA	B9J08_02116
B9J08_05570	773.086867037296	-1.63285259983633	0.119383223273686	-13.6774042035456	1.38551041953774e-42	1.70171468639668e-40	CM076444.1	727713	728148	-	NA	B9J08_05570
B9J08_05576	61594.7808207441	1.11080162191044	0.0816629965106101	13.6022638082613	3.88227895815372e-42	4.56539485142886e-40	CM076444.1	737304	738759	+	NA	B9J08_05576
B9J08_00300	2501.27947522705	-1.09686655656642	0.0806366987521542	-13.6025726938272	3.86591456641406e-42	4.56539485142886e-40	CM076438.1	641483	643208	-	NA	B9J08_00300
B9J08_03024	10571.0539417175	1.26364243192933	0.0937330093833629	13.4812958662311	2.01535753043654e-41	2.32060022306724e-39	CM076440.1	23435	25220	+	NA	B9J08_03024
B9J08_00060	6491.15988840501	1.31595761293281	0.0976446417671017	13.4770079455212	2.13594432270261e-41	2.40925801460761e-39	CM076438.1	142610	143444	-	NA	B9J08_00060
B9J08_04698	5694.61574207284	1.02663755619228	0.0766176392207422	13.3994934669607	6.08772153746202e-41	6.59741900736325e-39	CM076442.1	625309	626716	+	NA	B9J08_04698
B9J08_03317	5888.84702605209	0.925822670954436	0.0690890899477759	13.4004178033646	6.01237340766331e-41	6.59741900736325e-39	CM076440.1	655378	656479	+	NA	B9J08_03317
B9J08_05224	3639.87311489518	1.2757041002829	0.0953309195390255	13.3818503634664	7.72012190757753e-41	8.20559880445788e-39	CM076443.1	898561	899269	+	NA	B9J08_05224
B9J08_00651	2468.75714123389	1.0894415974248	0.0815402350840601	13.3607855839721	1.02476892543124e-40	1.06865997186009e-38	CM076438.1	1386837	1388496	+	NA	B9J08_00651
B9J08_02734	3064.78677683279	1.05759310126173	0.0800600118749006	13.2100043017018	7.68200394501387e-40	7.86267329705401e-38	CM076439.1	1674632	1675904	+	NA	B9J08_02734
B9J08_00529	1216.56286177737	-1.3110264640575	0.100134699257828	-13.092628966527	3.62828559580593e-39	3.64609717963988e-37	CM076438.1	1137212	1138874	-	NA	B9J08_00529
B9J08_03475	744.654974977798	-1.59299473084807	0.124055537799441	-12.8409804117205	9.66427651083132e-38	9.53829576345798e-36	CM076440.1	982236	984768	+	NA	B9J08_03475
B9J08_01779	381.087800897262	2.01611688404469	0.157306257614833	12.8165078402742	1.32536599745185e-37	1.28513997682744e-35	CM076438.1	3746659	3748678	+	NA	B9J08_01779
B9J08_00330	81839.6746666868	1.02648450131576	0.0803996305913759	12.7672788266004	2.49733392833023e-37	2.37978700377262e-35	CM076438.1	700077	701328	+	NA	B9J08_00330
B9J08_01782	3336.34151744235	0.945752622361672	0.074589459013443	12.6794406994053	7.68784700716053e-37	7.201818713318e-35	CM076438.1	3752902	3760783	-	NA	B9J08_01782
B9J08_03639	4157.54799518557	1.01583168736354	0.0803875412816766	12.6366806493569	1.32531765430006e-36	1.22083844588607e-34	CM076440.1	1356283	1357582	+	NA	B9J08_03639
B9J08_00351	4211.28378512755	1.2331952024053	0.0978187811686577	12.6069369058999	1.9336315216383e-36	1.75199695411391e-34	CM076438.1	733223	733882	-	NA	B9J08_00351
B9J08_00855	3469.32266543001	0.956749722511817	0.0763180041532395	12.5363566975723	4.72210491350568e-36	4.20952804144289e-34	CM076438.1	1795933	1797859	-	NA	B9J08_00855
B9J08_05223	1023.27007817544	1.54254115921146	0.123270757983798	12.5134393950446	6.30345979841118e-36	5.53003528663787e-34	CM076443.1	896127	896721	+	NA	B9J08_05223
B9J08_05366	986.156373167687	1.44103348863042	0.115252135811254	12.5033126586944	7.16041003408953e-36	6.183685352877e-34	CM076444.1	285883	286609	+	NA	B9J08_05366
B9J08_00967	152.218858314426	-4.67336126745302	0.379740591033956	-12.3067203712103	8.33414772696894e-35	7.08658992107036e-33	CM076438.1	1998976	2000338	+	NA	B9J08_00967
B9J08_03375	7284.20457299743	0.889723575852239	0.0734475271655668	12.1137308523214	8.93362594208197e-34	7.48123493664955e-32	CM076440.1	768196	772657	-	NA	B9J08_03375
B9J08_00593	1255.79369959596	-1.15568019050538	0.095764834666551	-12.0678973083325	1.56071293270178e-33	1.28747169836459e-31	CM076438.1	1270721	1272305	+	NA	B9J08_00593
B9J08_00834	3330.70824312632	1.24537863504171	0.103935837205296	11.9821869773542	4.40546321259044e-33	3.58073458470403e-31	CM076438.1	1760648	1761608	-	NA	B9J08_00834
B9J08_02134	1412.76284710982	-1.16303042521	0.0974631392128249	-11.9330285747348	7.96229901358168e-33	6.3779169055168e-31	CM076439.1	374904	378432	+	NA	B9J08_02134
B9J08_00512	12412.7415617465	-0.865752663679194	0.0730157995496339	-11.8570592805833	1.97800782544554e-32	1.5617784644625e-30	CM076438.1	1083156	1084796	-	NA	B9J08_00512
B9J08_03431	1356.13389859813	1.15664250406478	0.0990697775244417	11.6750287824097	1.7100784304306e-31	1.33121175844929e-29	CM076440.1	890297	891557	+	NA	B9J08_03431
B9J08_01946	600.814877499039	-1.51677491111292	0.130067147914844	-11.6614759024775	2.0053582199288e-31	1.53939095577035e-29	CM076438.1	4106236	4107685	-	NA	B9J08_01946
B9J08_01624	2041.75473557127	1.13285730549081	0.0995040905470019	11.3850325073389	4.9649726757657e-30	3.75909643547356e-28	CM076438.1	3379119	3381126	-	NA	B9J08_01624
B9J08_00874	833.086231215987	-1.29271708779395	0.113866818208161	-11.3528867156955	7.17539174373705e-30	5.35924191454523e-28	CM076438.1	1837155	1839315	-	NA	B9J08_00874
B9J08_02802	657.858180400343	-1.42620440946622	0.126093637686971	-11.3106770145437	1.16189513911316e-29	8.56239257850455e-28	CM076439.1	1827820	1828549	-	NA	B9J08_02802
B9J08_02039	2227.45714003702	0.917976436616172	0.0814136379020069	11.2754626899376	1.73464256862524e-29	1.26149598378838e-27	CM076439.1	172534	174136	+	NA	B9J08_02039
B9J08_02328	1456.19792973824	1.12446836086337	0.0999823548567775	11.2466680993276	2.40506595955046e-29	1.72633760499161e-27	CM076439.1	753026	753866	+	NA	B9J08_02328
B9J08_04454	373.418170377902	-1.84434809228361	0.164692708095675	-11.1987234505378	4.13650970030727e-29	2.93108834789722e-27	CM076442.1	70958	71798	-	NA	B9J08_04454
B9J08_03600	2863.16737555487	1.02539206781437	0.0921551457986765	11.1268020784695	9.29091535728995e-29	6.50011255439766e-27	CM076440.1	1259280	1263063	+	NA	B9J08_03600
B9J08_00487	6236.37297719456	1.09861045677568	0.099128858387497	11.0826501449375	1.5229680013414e-28	1.05218051792674e-26	CM076438.1	1031954	1033043	+	NA	B9J08_00487
B9J08_00148	3711.58038090528	0.913380388395623	0.0829117788094034	11.0162922748925	3.18926793537387e-28	2.17618319491499e-26	CM076438.1	318658	320539	-	NA	B9J08_00148
B9J08_03332	5515.92243860805	0.902394642850861	0.0819830872684994	11.0070829596288	3.5325661810294e-28	2.38103576616457e-26	CM076440.1	688662	691152	-	NA	B9J08_03332
B9J08_05129	68679.7882458104	0.774580530949243	0.0704645972574028	10.9924779406565	4.1536324326066e-28	2.76591885000201e-26	CM076443.1	669373	670120	-	NA	B9J08_05129
B9J08_01232	1177.91660494897	1.17280803779391	0.107035021809467	10.9572364069923	6.13441010049461e-28	4.03629578874211e-26	CM076438.1	2544723	2545479	+	NA	B9J08_01232
B9J08_00878	1854.56697089297	0.939486468399378	0.0861235248484358	10.9085928618543	1.04866961150039e-27	6.81881993266197e-26	CM076438.1	1845549	1846923	-	NA	B9J08_00878
B9J08_04471	4604.68996758657	0.860042875006868	0.0789544477474693	10.8928996344533	1.24608494322798e-27	8.00826916421055e-26	CM076442.1	106350	107268	+	NA	B9J08_04471
B9J08_02433	5203.88860639261	-0.868625444118372	0.08020479925963	-10.830093113338	2.47903105741111e-27	1.57489708670244e-25	CM076439.1	1010442	1011180	-	NA	B9J08_02433
B9J08_01167	228542.747279092	0.893722979827432	0.0827995896546797	10.7938092876396	3.68204215948579e-27	2.31257352448613e-25	CM076438.1	2424367	2425363	+	NA	B9J08_01167
B9J08_05392	1280.69710626329	1.12894157693372	0.106728676931781	10.5776779904742	3.78215195574313e-26	2.34875886060587e-24	CM076444.1	332413	333370	-	NA	B9J08_05392
B9J08_04263	8712.28580652009	0.794464996819028	0.0752484854034357	10.5578868805079	4.67057383849745e-26	2.86825128948616e-24	CM076441.1	1049224	1050049	+	NA	B9J08_04263
B9J08_03986	4441.81201280919	-0.780071749289601	0.073927944955959	-10.5517845755663	4.9841305675549e-26	3.02717468646988e-24	CM076441.1	446499	447360	+	NA	B9J08_03986
B9J08_04163	657.217173388258	-1.27869971734441	0.121641863348634	-10.5120036979339	7.60601157534704e-26	4.5693941279286e-24	CM076441.1	833660	835364	+	NA	B9J08_04163
B9J08_02407	7672.37861712714	0.80943989438265	0.0772289059085181	10.4810483181191	1.05567000574824e-25	6.27385819545217e-24	CM076439.1	955949	957704	+	NA	B9J08_02407
B9J08_01359	3280.54488919305	0.927149533030062	0.0889833839559648	10.4193557472357	2.02319004029185e-25	1.18959269709501e-23	CM076438.1	2831555	2832635	+	NA	B9J08_01359
B9J08_02316	2675.9021706733	0.922523424542689	0.0891409897011851	10.34903726821	4.22714980987652e-25	2.45931126307237e-23	CM076439.1	726797	727751	+	NA	B9J08_02316
B9J08_02040	3842.87260685024	0.847231712503527	0.0818933268051259	10.3455525078326	4.38380281063239e-25	2.52388313899638e-23	CM076439.1	174261	177372	-	NA	B9J08_02040
B9J08_01972	2650.62042258245	-0.808050579835246	0.0783007287627373	-10.3198347270018	5.73217426083963e-25	3.26615743707842e-23	CM076439.1	32094	33861	-	NA	B9J08_01972
B9J08_05132	21605.4786713735	2.52124193288662	0.244539998002741	10.3101412999045	6.34080257661055e-25	3.57608324907413e-23	CM076443.1	677733	678492	+	NA	B9J08_05132
B9J08_03782	11166.2014305412	0.780264291153156	0.0761136820606129	10.2513013433221	1.16760809120096e-24	6.51855547481587e-23	CM076441.1	12423	14982	-	NA	B9J08_03782
B9J08_04258	2616.96629563705	0.816212426983488	0.0797210159207751	10.2383595787919	1.33480300926376e-24	7.37745623220078e-23	CM076441.1	1037691	1039365	-	NA	B9J08_04258
B9J08_03340	11521.3395960535	0.665314427563121	0.0650536258221867	10.2271690340773	1.49835460021105e-24	8.19941175778861e-23	CM076440.1	702727	703690	+	NA	B9J08_03340
B9J08_04597	2710.68482548209	-0.894895487539443	0.0881849577584431	-10.1479380416641	3.38438327844017e-24	1.83387121371949e-22	CM076442.1	412575	414471	-	NA	B9J08_04597
B9J08_00345	32011.2272900364	0.712365829666376	0.0703634257964904	10.1240924756382	4.31967238413699e-24	2.31794458904128e-22	CM076438.1	724703	725450	-	NA	B9J08_00345
B9J08_00301	1395.08548940203	-1.00801928760178	0.0996435604624823	-10.1162511949913	4.67998566167284e-24	2.48714238000632e-22	CM076438.1	644063	645122	+	NA	B9J08_00301
B9J08_02233	132895.104443608	0.710720442066927	0.0704584836269355	10.0870811502282	6.30154437309781e-24	3.31701292858206e-22	CM076439.1	565452	566772	-	NA	B9J08_02233
B9J08_03115	1670.39141243496	0.885557044229451	0.0878885936070894	10.075904140512	7.06083654204022e-24	3.68162675168455e-22	CM076440.1	214695	215934	-	NA	B9J08_03115
B9J08_03865	980.497291190891	1.05322418672	0.104683488139272	10.0610345092703	8.21307188041541e-24	4.24239703579962e-22	CM076441.1	193122	194163	+	NA	B9J08_03865
B9J08_01062	898.739338628161	-1.1647650920677	0.115847586471728	-10.0542888077514	8.79541931830391e-24	4.50113727520979e-22	CM076438.1	2186889	2188533	+	NA	B9J08_01062
B9J08_05088	1432.88804777244	-0.94369477839136	0.0941481377233838	-10.0235097709954	1.20158505123676e-23	6.09280786989502e-22	CM076443.1	585259	586915	+	NA	B9J08_05088
B9J08_00811	717.077914941059	-1.1618108452298	0.116394451428185	-9.98166863604003	1.83356940322327e-23	9.21285281055908e-22	CM076438.1	1713364	1718812	+	NA	B9J08_00811
B9J08_04823	688.699544261532	-1.36522968989748	0.137480167567021	-9.93037551566796	3.07096828205093e-23	1.52912087341401e-21	CM076442.1	910931	911216	+	NA	B9J08_04823
B9J08_00269	16716.3317997961	0.63570377607324	0.0640357202380234	9.92733077273596	3.16617567291653e-23	1.56245115573301e-21	CM076438.1	578787	580737	-	NA	B9J08_00269
B9J08_04607	2216.29874858756	-0.841650231665728	0.0849618230729563	-9.90621671268762	3.91179238787484e-23	1.91331650688356e-21	CM076442.1	435020	436652	-	NA	B9J08_04607
B9J08_01247	2681.82369898012	0.930396657594849	0.0942508846169983	9.87148992156037	5.5336472356423e-23	2.68284809398202e-21	CM076438.1	2573401	2574487	+	NA	B9J08_01247
B9J08_01580	1731.94683320132	-0.887122991900461	0.0901151280931882	-9.84432925604994	7.25213383096627e-23	3.4854385811957e-21	CM076438.1	3294804	3296109	-	NA	B9J08_01580
B9J08_03291	366.424599122143	1.50130782198563	0.153725928338271	9.76613274165459	1.5734374451724e-22	7.49688686161022e-21	CM076440.1	597409	597853	+	NA	B9J08_03291
B9J08_04122	93692.2180079391	0.74038357716154	0.0767435490755209	9.64750244262161	5.03674578444714e-22	2.37932426928541e-20	CM076441.1	742506	743580	-	NA	B9J08_04122
B9J08_01974	1839.08901689656	-0.845408198539196	0.087945755566317	-9.61283683442462	7.05771840736667e-22	3.30576352860302e-20	CM076439.1	38249	39545	+	NA	B9J08_01974
B9J08_02390	531.665495843744	-1.35996464557608	0.142412429247393	-9.54948000510273	1.30348888460965e-21	6.054103416166e-20	CM076439.1	892461	893853	-	NA	B9J08_02390
B9J08_00432	3074.80604972935	-0.864085406947691	0.0905089128335541	-9.54696482253348	1.33551619949187e-21	6.15116502882628e-20	CM076438.1	915358	917086	+	NA	B9J08_00432
B9J08_05136	5058.93166687171	-0.6961275801408	0.0731798340072825	-9.51256025084075	1.86026705727667e-21	8.46082490176526e-20	CM076443.1	691313	692546	-	NA	B9J08_05136
B9J08_00052	138.036414728528	-2.48180131638419	0.26090852022827	-9.51215128663814	1.86759659492557e-21	8.46082490176526e-20	CM076438.1	120462	123801	-	NA	B9J08_00052
B9J08_04757	27946.132584844	0.707650190572421	0.0744531082368244	9.50464268491638	2.00735961373788e-21	9.02006226433274e-20	CM076442.1	765455	767096	-	NA	B9J08_04757
B9J08_00659	245.209439221167	-1.7619911522839	0.186213441071089	-9.46221251349539	3.01495064479864e-21	1.34384130756468e-19	CM076438.1	1405514	1406207	-	NA	B9J08_00659
B9J08_00166	2667.81875533181	0.921146377516108	0.0976490914840185	9.43323039177344	3.97649561414127e-21	1.75824730074871e-19	CM076438.1	358357	359791	-	NA	B9J08_00166
B9J08_02434	5751.85975486367	0.710035814114242	0.0753559884854139	9.42242054527196	4.40806761371259e-21	1.93360235722139e-19	CM076439.1	1011612	1014312	-	NA	B9J08_02434
B9J08_03973	1156.0751945376	1.23443549104839	0.131089044177772	9.41677085824463	4.65173907083308e-21	2.02442219247988e-19	CM076441.1	422794	423505	-	NA	B9J08_03973
B9J08_00566	797.007674811389	-1.05424901663482	0.111973711624738	-9.41514754970318	4.72418407680493e-21	2.03988792128913e-19	CM076438.1	1221787	1226758	+	NA	B9J08_00566
B9J08_03042	1079.87181149113	1.01454370057828	0.107805813784051	9.41084404418622	4.92168597427335e-21	2.10869444804719e-19	CM076440.1	59871	61446	+	NA	B9J08_03042
B9J08_01495	5076.45551836633	0.815733500869044	0.087376783147866	9.33581520721121	1.00217033676268e-20	4.26076573175949e-19	CM076438.1	3128350	3129205	-	NA	B9J08_01495
B9J08_00229	7730.09617325099	0.864645589152616	0.0927538976329165	9.32193267580564	1.14240091201482e-20	4.81988537458467e-19	CM076438.1	498129	499266	+	NA	B9J08_00229
B9J08_03306	7951.52477061472	0.634789644246324	0.0681119226930621	9.31980216014345	1.16557433550741e-20	4.88040102450714e-19	CM076440.1	629502	632325	-	NA	B9J08_03306
B9J08_05546	5030.4504572287	0.835632828837518	0.0897283895095444	9.31291460155575	1.24371651828229e-20	5.16843698988437e-19	CM076444.1	683191	684262	+	NA	B9J08_05546
B9J08_00827	538.266227691552	-1.26668813327604	0.136127162306598	-9.3051828291483	1.33762004959906e-20	5.51718359263733e-19	CM076438.1	1752513	1753161	+	NA	B9J08_00827
B9J08_00622	9141.2885447577	-0.602563797851031	0.0650814677019871	-9.25860800512699	2.07114619710232e-20	8.47942594917372e-19	CM076438.1	1334827	1336921	+	NA	B9J08_00622
B9J08_01250	1230.77796183997	0.911371172994143	0.0991484081740498	9.19198996512661	3.85640059363795e-20	1.56722985889978e-18	CM076438.1	2577731	2578001	-	NA	B9J08_01250
B9J08_00632	680.038536128552	1.13570108070988	0.123851635849078	9.16985127345284	4.73672098529711e-20	1.91093845881293e-18	CM076438.1	1355413	1356430	+	NA	B9J08_00632
B9J08_00998	438.565489416421	-1.28848356609832	0.140587128644522	-9.16501801069058	4.95387006830875e-20	1.98406085996685e-18	CM076438.1	2056832	2057576	-	NA	B9J08_00998
B9J08_03734	415.128063002501	-1.35079964850383	0.147527405309464	-9.15626249692589	5.37258655877891e-20	2.1362795618972e-18	CM076440.1	1575411	1576662	-	NA	B9J08_03734
B9J08_00701	4998.9069585139	0.641916590223226	0.0705826609682841	9.09453655355481	9.49907176918858e-20	3.75009783345038e-18	CM076438.1	1486795	1489075	-	NA	B9J08_00701
B9J08_03531	7174.76827169388	0.702106933333373	0.0773060824611371	9.08216935823041	1.06431998932185e-19	4.17198339076726e-18	CM076440.1	1098072	1099587	-	NA	B9J08_03531
B9J08_05592	99.682702901839	3.07283154050462	0.342071858328355	8.98300010857664	2.63482273266353e-19	1.02553980587545e-17	CM076444.1	767616	770202	+	NA	B9J08_05592
B9J08_02283	358.698938273049	-1.43390793421268	0.159744568099577	-8.97625472509868	2.80140352838863e-19	1.08275225883944e-17	CM076439.1	662186	665300	+	NA	B9J08_02283
B9J08_05039	2431.83710857498	0.821593373220845	0.0919083238821354	8.93927055262663	3.91747651012887e-19	1.50360365774182e-17	CM076443.1	465335	467744	+	NA	B9J08_05039
B9J08_02321	491.599132186969	-1.44927253948496	0.162147646120383	-8.93798074878605	3.96346111973592e-19	1.51076204198486e-17	CM076439.1	733194	734004	-	NA	B9J08_02321
B9J08_00528	608.31473779508	-1.19731594895625	0.134225359903497	-8.92019175673715	4.65481542338556e-19	1.76213457842822e-17	CM076438.1	1134028	1135588	-	NA	B9J08_00528
B9J08_00262	358.211554620366	1.35416332168951	0.152679246454961	8.86933458955059	7.35842721241953e-19	2.76666851721379e-17	CM076438.1	568036	568354	+	NA	B9J08_00262
B9J08_01235	629.657716104391	-1.13173559064621	0.127667790676088	-8.86469159255358	7.67161238485133e-19	2.86493254399144e-17	CM076438.1	2551850	2553509	+	NA	B9J08_01235
B9J08_03615	4983.63673920876	0.626173530402922	0.070664640777157	8.86120022003053	7.9157555182987e-19	2.9211773797851e-17	CM076440.1	1294157	1295750	+	NA	B9J08_03615
B9J08_00926	1028.39354605812	1.0156747474864	0.114622664569898	8.86102893609693	7.92792847779565e-19	2.9211773797851e-17	CM076438.1	1928257	1929223	+	NA	B9J08_00926
B9J08_01467	11824.0698340304	0.750255641294233	0.0847087700791713	8.85688271229794	8.22830289616626e-19	3.01177682828549e-17	CM076438.1	3055595	3058721	-	NA	B9J08_01467
B9J08_00647	1431.29265608969	-0.805916351721734	0.0911609595316087	-8.84058653904685	9.52174038296885e-19	3.46228020372821e-17	CM076438.1	1376957	1378304	-	NA	B9J08_00647
B9J08_03693	3038.2795215726	0.736531479577364	0.0834054889021609	8.8307315174587	1.0399333590723e-18	3.75667429777293e-17	CM076440.1	1465905	1469595	+	NA	B9J08_03693
B9J08_00456	787.735828373423	-0.988432380595273	0.112017916354963	-8.82387757921802	1.10563090004389e-18	3.96806622372897e-17	CM076438.1	965343	966918	-	NA	B9J08_00456
B9J08_05542	6012.24488001936	0.600643846434247	0.0682762122648189	8.79726373959593	1.40192553029983e-18	4.99899510062399e-17	CM076444.1	673146	674499	+	NA	B9J08_05542
B9J08_04925	33982.976296841	0.726198179600294	0.0831446076092766	8.73415847980104	2.45476746825023e-18	8.69711525449938e-17	CM076443.1	209290	210076	-	NA	B9J08_04925
B9J08_05552	1197.96299041265	0.852927109268026	0.0982031698908663	8.68533174861757	3.7763861981873e-18	1.32943226225358e-16	CM076444.1	694650	696039	+	NA	B9J08_05552
B9J08_02018	741.991412958694	-1.03870691101128	0.119777861040629	-8.67194406367759	4.24804344901717e-18	1.48600861662771e-16	CM076439.1	129643	130165	-	NA	B9J08_02018
B9J08_01884	133.024155416393	2.25332487516622	0.260359963162597	8.65465199716211	4.94417885504246e-18	1.71864632275595e-16	CM076438.1	3983974	3985288	+	NA	B9J08_01884
B9J08_05445	9815.97644600332	0.658178326212443	0.0765084664520041	8.60268616971086	7.78716939011926e-18	2.68998032619932e-16	CM076444.1	443792	445319	-	NA	B9J08_05445
B9J08_03829	423.734002185781	-1.22035517579507	0.1420959234827	-8.58824902139892	8.83047166316093e-18	3.03142962001804e-16	CM076441.1	116207	117707	+	NA	B9J08_03829
B9J08_05461	15171.1413631315	1.93965690606332	0.226693228182178	8.55630722460112	1.16540462995963e-17	3.97604406776967e-16	CM076444.1	479359	483769	+	NA	B9J08_05461
B9J08_00155	637.166700411175	-1.07279816143319	0.125644945194437	-8.53833124582151	1.36174082974161e-17	4.61738746379257e-16	CM076438.1	336588	337389	+	NA	B9J08_00155
B9J08_05015	969.142628518577	1.11253104556952	0.130645795156527	8.51562841526278	1.65689322715101e-17	5.58393223564856e-16	CM076443.1	416373	418128	+	NA	B9J08_05015
B9J08_01163	2675.43891454064	0.809303451186178	0.0951651976766684	8.50419555619327	1.82859081878601e-17	6.1252251245032e-16	CM076438.1	2413243	2414695	+	NA	B9J08_01163
B9J08_03482	2558.01290639014	0.931170191672303	0.109681344767343	8.48977730577163	2.07033436886189e-17	6.89321569680702e-16	CM076440.1	997070	998450	-	NA	B9J08_03482
B9J08_00388	2804.19905495088	0.665777684377342	0.0786568815205416	8.46432850510952	2.57632706967593e-17	8.52656270305322e-16	CM076438.1	817945	819691	-	NA	B9J08_00388
B9J08_01766	307.199253642559	1.44650603568871	0.17119644673701	8.44939286567561	2.92821562592653e-17	9.63348081219997e-16	CM076438.1	3715354	3717208	+	NA	B9J08_01766
B9J08_02441	727.071351840074	1.11559613030357	0.132342827319278	8.42959269422425	3.46870419811922e-17	1.13440994692337e-15	CM076439.1	1030340	1032284	-	NA	B9J08_02441
B9J08_02955	2500.18726734565	0.790144031812204	0.0938133368001771	8.42251281920837	3.68494122267899e-17	1.19803941986746e-15	CM076439.1	2172898	2174563	-	NA	B9J08_02955
B9J08_03737	3204.45811820505	-0.699772534203009	0.0831589672076237	-8.41487764579713	3.9330521388522e-17	1.27122685213077e-15	CM076440.1	1580961	1582983	-	NA	B9J08_03737
B9J08_04734	8607.6106621271	0.709406418160978	0.0845740101261538	8.38799552135225	4.94501048713894e-17	1.58901586990796e-15	CM076442.1	703073	704246	+	NA	B9J08_04734
B9J08_02459	5463.11887885673	0.589173982413092	0.070433916104283	8.36491870678856	6.01563878779534e-17	1.92187488902571e-15	CM076439.1	1073261	1075919	+	NA	B9J08_02459
B9J08_02766	32630.6964096333	0.56053471512558	0.0670337628205361	8.36197598852169	6.16763993552463e-17	1.95911183469222e-15	CM076439.1	1751338	1752997	+	NA	B9J08_02766
B9J08_03322	1071.10527155708	-0.844237422526611	0.100985087112091	-8.36002073840394	6.27072324696653e-17	1.98047356491337e-15	CM076440.1	664410	665088	-	NA	B9J08_03322
B9J08_03961	1012.43657712867	0.85481563705575	0.102339775499693	8.35272144072971	6.67078433836126e-17	2.09485369534788e-15	CM076441.1	401135	402203	+	NA	B9J08_03961
B9J08_03823	1821.68902438242	-0.75808596970895	0.0908203500366372	-8.34709367892918	6.99632246908761e-17	2.18467086365239e-15	CM076441.1	106589	107579	+	NA	B9J08_03823
B9J08_02812	3860.55454134558	0.622971933025015	0.0747831261769848	8.33038099464664	8.05826011158692e-17	2.50213503577196e-15	CM076439.1	1849136	1850087	+	NA	B9J08_02812
B9J08_03209	336.166850271068	11.9996664129218	1.45053451604312	8.27258247232576	1.3108812517286e-16	4.04762049067262e-15	CM076440.1	413307	414369	-	NA	B9J08_03209
B9J08_01809	1218.25012425648	-0.819158606352904	0.0996651533967603	-8.21910746569454	2.05023264241113e-16	6.29535323033684e-15	CM076438.1	3821042	3821330	-	NA	B9J08_01809
B9J08_04198	723.904325696818	-0.974782540598512	0.118891277254271	-8.19894077270078	2.42514366890333e-16	7.40539726962911e-15	CM076441.1	902839	904147	-	NA	B9J08_04198
B9J08_02326	997.621066864171	-0.877154156909192	0.107717760586843	-8.14307828282431	3.85352935749439e-16	1.17024487686107e-14	CM076439.1	747597	749541	+	NA	B9J08_02326
B9J08_05490	11237.1915428558	2.72869618572428	0.33552210487553	8.13268677703532	4.19878539182992e-16	1.26812496506251e-14	CM076444.1	553820	555455	-	NA	B9J08_05490
B9J08_03911	1128.44770332669	0.825126837465656	0.101677597486985	8.11512917160811	4.85268358957344e-16	1.4576512064985e-14	CM076441.1	287548	289594	+	NA	B9J08_03911
B9J08_01595	8706.01104680134	0.687642904690834	0.0847817524279496	8.11074181646831	5.0311655490835e-16	1.50309470215051e-14	CM076438.1	3328721	3329813	-	NA	B9J08_01595
B9J08_03064	2284.45268701032	0.666153494480453	0.0825283831936896	8.07181079649927	6.92631505550926e-16	2.05815824256987e-14	CM076440.1	105578	106832	+	NA	B9J08_03064
B9J08_04685	1416.04289187393	0.729631531430991	0.0906296464307304	8.0506937869239	8.23260104594074e-16	2.43323989202751e-14	CM076442.1	594546	596491	+	NA	B9J08_04685
B9J08_01695	625.105217407996	0.97568878938693	0.121210257980566	8.04955624748664	8.30947635300213e-16	2.44289764909802e-14	CM076438.1	3559899	3560658	-	NA	B9J08_01695
B9J08_00389	111.074012929652	2.18594960698033	0.271987779813121	8.03694051432114	9.21093567977191e-16	2.69358949746557e-14	CM076438.1	826139	828260	+	NA	B9J08_00389
B9J08_00537	8668.23147449418	0.535091837962352	0.0667007609666838	8.02227486174593	1.03804540511025e-15	3.01961944949702e-14	CM076438.1	1164605	1167578	+	NA	B9J08_00537
B9J08_01849	885.369347074775	-0.847073214832522	0.105963186278112	-7.99403306549587	1.305947120201e-15	3.77904174520991e-14	CM076438.1	3902886	3905634	-	NA	B9J08_01849
B9J08_01427	630.936657338108	1.05552356641597	0.132183929278967	7.98526395889129	1.40221932211399e-15	4.01557833850985e-14	CM076438.1	2963308	2963995	+	NA	B9J08_01427
B9J08_00904	2125.8015730935	-0.736910674209548	0.0922794040428833	-7.98564622141574	1.39788055055827e-15	4.01557833850985e-14	CM076438.1	1887720	1888773	+	NA	B9J08_00904
B9J08_01855	406.363315959704	-1.1522124118039	0.144534256109752	-7.97189844689114	1.56255186019134e-15	4.45166192333894e-14	CM076438.1	3915277	3917296	+	NA	B9J08_01855
B9J08_02425	2662.9606635351	0.726727375419241	0.0913128560508786	7.95865343445523	1.73921629860821e-15	4.92956332431157e-14	CM076439.1	990781	993085	+	NA	B9J08_02425
B9J08_03138	3088.54632127441	0.651356851532989	0.0818935179986259	7.95370460875692	1.8101543244404e-15	5.10445048529698e-14	CM076440.1	257402	259151	-	NA	B9J08_03138
B9J08_04903	3197.66798890764	-0.8310831130976	0.105067397268268	-7.9100000067157	2.57388880901184e-15	7.22126063320226e-14	CM076443.1	153521	154718	+	NA	B9J08_04903
B9J08_01887	2482.71113242109	0.628075398487765	0.0794178163184291	7.9084949398441	2.60519232382462e-15	7.27217069382761e-14	CM076438.1	3994940	3996092	-	NA	B9J08_01887
B9J08_03690	7314.4391908211	1.9640161562213	0.248430815662695	7.90568654288012	2.66460912943914e-15	7.40065058211565e-14	CM076440.1	1458276	1459008	-	NA	B9J08_03690
B9J08_00473	172.096380880742	-1.7707357353122	0.224890187758043	-7.87377943415351	3.4408533345109e-15	9.50879818992087e-14	CM076438.1	997241	998525	-	NA	B9J08_00473
B9J08_01442	1935.26192962132	-0.718059157124725	0.0912178228812298	-7.87191729032685	3.49247036181676e-15	9.60342472127423e-14	CM076438.1	2995208	2996627	-	NA	B9J08_01442
B9J08_05270	1246.03931035639	0.847773222073489	0.108030782345811	7.84751534391126	4.24360507885697e-15	1.16110917182389e-13	CM076444.1	63235	63922	+	NA	B9J08_05270
B9J08_04598	287.314504325788	-1.32358691690336	0.169250129890144	-7.82030074518977	5.26972839381655e-15	1.43476792278936e-13	CM076442.1	418442	420404	+	NA	B9J08_04598
B9J08_03601	59008.3468516587	0.64319157573409	0.0825497495965856	7.79156301354419	6.61852912250177e-15	1.79316717941506e-13	CM076440.1	1263695	1264442	+	NA	B9J08_03601
B9J08_03125	656.135384073379	-0.940812362034325	0.121356786072443	-7.75244955377046	9.01366290775568e-15	2.43017145810564e-13	CM076440.1	232462	235060	-	NA	B9J08_03125
B9J08_04620	2267.64351256414	-0.622830660206121	0.0805478900455506	-7.73242675697531	1.05515529618014e-14	2.8309919038775e-13	CM076442.1	466005	468756	-	NA	B9J08_04620
B9J08_03195	2339.40894951621	0.814978530863022	0.105749270980845	7.70670590259333	1.29106860866364e-14	3.44438705547452e-13	CM076440.1	379646	380351	-	NA	B9J08_03195
B9J08_01077	4863.50102641718	0.574317221464688	0.074526688268399	7.70619538864189	1.29624119330324e-14	3.44438705547452e-13	CM076438.1	2219814	2221653	-	NA	B9J08_01077
B9J08_00129	1361.22984180651	0.780524925067025	0.101391227544337	7.69815046105159	1.38049764316723e-14	3.6507227147298e-13	CM076438.1	275851	276325	+	NA	B9J08_00129
B9J08_04093	2344.2877742087	-0.630827377434408	0.0820719099850006	-7.68627631000299	1.51479173826754e-14	3.98678758924034e-13	CM076441.1	658750	660124	-	NA	B9J08_04093
B9J08_04227	6114.00062799788	0.580066566920436	0.0757497196534947	7.65767278841242	1.89332525287152e-14	4.95943538986771e-13	CM076441.1	970555	971980	+	NA	B9J08_04227
B9J08_01812	505.101043443449	-1.00313046044281	0.131059932532117	-7.65398273188479	1.94848453650953e-14	5.07984624211707e-13	CM076438.1	3828729	3830064	+	NA	B9J08_01812
B9J08_02970	57.1074934010321	3.33298470322456	0.436497850273473	7.63574139285311	2.2452459973691e-14	5.82604442603711e-13	CM076439.1	2204493	2205525	-	NA	B9J08_02970
B9J08_03980	2145.40194805408	-0.709635980220198	0.0933024252758241	-7.60576135210147	2.83231510803089e-14	7.3150493467695e-13	CM076441.1	432620	433157	-	NA	B9J08_03980
B9J08_05449	2948.00617318052	0.64522132437925	0.0849604608176306	7.59437176034427	3.09289274136383e-14	7.95089217745017e-13	CM076444.1	451908	452652	+	NA	B9J08_05449
B9J08_03303	3426.99544326228	0.590392259884461	0.0777530595781962	7.59317077793837	3.12170676510795e-14	7.98781170868132e-13	CM076440.1	621842	622628	-	NA	B9J08_03303
B9J08_04741	2697.20181984523	-0.656126571979436	0.0866927065573359	-7.56841720641741	3.77798981900179e-14	9.6225574790889e-13	CM076442.1	715599	717936	-	NA	B9J08_04741
B9J08_02642	561.544531904136	1.0296354438653	0.136098987885906	7.56534240157947	3.86844265438047e-14	9.80774428933984e-13	CM076439.1	1461940	1463632	-	NA	B9J08_02642
B9J08_00736	3539.95060191208	0.587464262284467	0.0776774476983405	7.56286772662611	3.94278499417921e-14	9.95058112457923e-13	CM076438.1	1567469	1577135	-	NA	B9J08_00736
B9J08_05509	1520.02272901396	-0.799007694297301	0.105701446033813	-7.5590989932314	4.05870930448314e-14	1.0196584693581e-12	CM076444.1	603240	604491	+	NA	B9J08_05509
B9J08_02747	6740.52691372388	0.66809718412107	0.088538129516016	7.54586964704529	4.49279259474624e-14	1.1236047362517e-12	CM076439.1	1700458	1701832	-	NA	B9J08_02747
B9J08_00547	179.649558695144	-1.60676748035167	0.212965590179361	-7.54472813658975	4.53231973966385e-14	1.12838428833883e-12	CM076438.1	1189499	1190627	-	NA	B9J08_00547
B9J08_00012	5371.87136035984	0.585538902899365	0.0776770723947768	7.53811755318855	4.76803966181809e-14	1.18174687044254e-12	CM076438.1	30369	31800	+	NA	B9J08_00012
B9J08_03697	4925.50952121245	0.60215884338641	0.0799312078110458	7.53346358546076	4.94117968927129e-14	1.21919197065189e-12	CM076440.1	1473515	1474571	-	NA	B9J08_03697
B9J08_00245	2039.99130027342	0.714995743750751	0.0949874398829149	7.52726617995055	5.1813677495415e-14	1.27277420229848e-12	CM076438.1	535254	536025	+	NA	B9J08_00245
B9J08_02917	3137.48383041986	-0.585816278806301	0.0778604272269646	-7.52392838917562	5.31544654777211e-14	1.29993243670515e-12	CM076439.1	2078117	2080973	-	NA	B9J08_02917
B9J08_02698	8115.05455335207	-0.620525343843236	0.0825547361953491	-7.51653233286202	5.62481753176694e-14	1.36953156379189e-12	CM076439.1	1595350	1596718	+	NA	B9J08_02698
B9J08_03102	4203.37930185744	0.634504990568024	0.0845252158284566	7.50669471055534	6.06389182458916e-14	1.46800847181065e-12	CM076440.1	179102	179582	-	NA	B9J08_03102
B9J08_00490	257.460031509922	-1.45476016772124	0.193805337135548	-7.5062956945493	6.08239442816426e-14	1.46800847181065e-12	CM076438.1	1039596	1041081	-	NA	B9J08_00490
B9J08_00117	248.509560826122	-1.42355844590646	0.190177817349994	-7.48540742418244	7.13255201495133e-14	1.71398326028852e-12	CM076438.1	251481	253206	+	NA	B9J08_00117
B9J08_02336	1005.57643121705	-0.76154125864791	0.102252986408403	-7.44761874832956	9.50399939611779e-14	2.2739655697984e-12	CM076439.1	768090	769698	-	NA	B9J08_02336
B9J08_00015	1663.08864633013	0.675918891018114	0.0908376113173416	7.44095844458953	9.9957389745409e-14	2.38131247035722e-12	CM076438.1	37089	38265	-	NA	B9J08_00015
B9J08_04007	5045.40153059217	0.524225287452533	0.0706487348992833	7.42016524711826	1.16974297309103e-13	2.7747508207185e-12	CM076441.1	498970	500680	+	NA	B9J08_04007
B9J08_01400	1525.33504669425	0.762027640440806	0.103025769444915	7.39647609085067	1.39845970369839e-13	3.30311400954743e-12	CM076438.1	2908274	2909135	+	NA	B9J08_01400
B9J08_05258	1268.88354208315	1.89066774087238	0.256062841112249	7.38360838558213	1.54056144196238e-13	3.62326939988344e-12	CM076444.1	29517	30898	+	NA	B9J08_05258
B9J08_01125	2409.0093375203	-0.645964361036205	0.0880922031372522	-7.3328210446702	2.25357776527373e-13	5.27776453757116e-12	CM076438.1	2320247	2322074	-	NA	B9J08_01125
B9J08_01520	9349.48771855263	0.489110305624307	0.0667295463355313	7.32974120886345	2.30597587462434e-13	5.37769141732014e-12	CM076438.1	3175884	3177957	+	NA	B9J08_01520
B9J08_02220	9996.60019941638	0.569495033776817	0.0779056980406632	7.31005623593241	2.67030605684336e-13	6.20116872948455e-12	CM076439.1	544067	545552	+	NA	B9J08_02220
B9J08_01300	2374.27338098105	0.820877980390188	0.112500196223607	7.29668043208206	2.94954221663444e-13	6.82097064072743e-12	CM076438.1	2697648	2699064	-	NA	B9J08_01300
B9J08_02197	2806.49715088201	0.593709894904865	0.081754441690389	7.26211179024737	3.81093025421577e-13	8.77625479793773e-12	CM076439.1	506776	507235	+	NA	B9J08_02197
B9J08_04043	2417.2987974985	0.66387516329856	0.0914292386998666	7.26108160517286	3.84007172620313e-13	8.80667071814302e-12	CM076441.1	561216	562032	+	NA	B9J08_04043
B9J08_04109	22236.7214136228	1.41049648454912	0.194547300935603	7.25014676516129	4.16320264375834e-13	9.46914444940425e-12	CM076441.1	711993	713412	+	NA	B9J08_04109
B9J08_00357	6054.94868574944	0.514891106769279	0.0710152285971811	7.25043229375336	4.15443513419832e-13	9.46914444940425e-12	CM076438.1	742102	743818	+	NA	B9J08_00357
B9J08_00705	3443.16677036307	-0.53465336897568	0.0737515986913526	-7.24938006039954	4.18683526162396e-13	9.48386823401459e-12	CM076438.1	1496168	1498541	-	NA	B9J08_00705
B9J08_03848	13004.6062855459	0.471298164421418	0.0652116915220464	7.22720348792185	4.93041073274574e-13	1.11226041305656e-11	CM076441.1	158121	159399	+	NA	B9J08_03848
B9J08_04084	15132.9455895172	-0.471149299661245	0.0652320314409199	-7.22266790185679	5.09774027094158e-13	1.14533375924773e-11	CM076441.1	642356	645893	+	NA	B9J08_04084
B9J08_00931	2633.60541733697	0.58142176851927	0.0805322494700946	7.21973833271824	5.20877036429328e-13	1.16554144953235e-11	CM076438.1	1937284	1938151	+	NA	B9J08_00931
B9J08_04846	2199.48784692714	-0.653071608274499	0.0905977471658092	-7.20847514099073	5.6581898327451e-13	1.26100061312831e-11	CM076442.1	963100	965266	-	NA	B9J08_04846
B9J08_02298	1114.16943693969	-0.750133413633219	0.104071054149103	-7.20789675636898	5.68226851836673e-13	1.26128104823345e-11	CM076439.1	692998	695710	-	NA	B9J08_02298
B9J08_02421	1175.32776030142	0.939978901013851	0.131070578728777	7.1715476511242	7.41546167478325e-13	1.63287875205287e-11	CM076439.1	984006	984588	+	NA	B9J08_02421
B9J08_01279	4334.34990409701	-0.565206953242376	0.0788066372409766	-7.1720729754535	7.38705442421511e-13	1.63287875205287e-11	CM076438.1	2651429	2651864	+	NA	B9J08_01279
B9J08_04031	203.378770597676	-1.48701359694241	0.207957041469242	-7.15058065087132	8.64115944988383e-13	1.8952257253773e-11	CM076441.1	539495	540191	-	NA	B9J08_04031
B9J08_00179	713.715271208938	-0.845205353066695	0.118316047587625	-7.14362396563945	9.09018654892838e-13	1.98582850023428e-11	CM076438.1	390241	391744	+	NA	B9J08_00179
B9J08_00574	1206.65052163631	0.681939512402981	0.095566617124911	7.13575025379048	9.6260650881926e-13	2.09461660403309e-11	CM076438.1	1244067	1245708	-	NA	B9J08_00574
B9J08_03110	6224.1972828448	0.589902026120816	0.0829095033127781	7.11501097643049	1.11903929936461e-12	2.42546282650517e-11	CM076440.1	194820	195954	+	NA	B9J08_03110
B9J08_03085	816.036416071641	0.935963260097803	0.131713389166265	7.10606010537251	1.19402430834577e-12	2.57787982508869e-11	CM076440.1	148667	149615	+	NA	B9J08_03085
B9J08_00823	800.254364125818	-0.794176719430641	0.111783959330896	-7.10456781263016	1.20699645919935e-12	2.59574685992015e-11	CM076438.1	1740574	1742290	-	NA	B9J08_00823
B9J08_04434	1371.27733257355	0.675312214218867	0.0951492943296108	7.09739592896494	1.27129469890284e-12	2.72342860497519e-11	CM076442.1	24519	26472	+	NA	B9J08_04434
B9J08_05391	734.041081103986	-0.802601689456007	0.113107110651439	-7.09594370180118	1.284717719926e-12	2.73179554277694e-11	CM076444.1	331599	332217	+	NA	B9J08_05391
B9J08_01781	805.787617705548	-0.808979020832436	0.114006475966524	-7.09590410521927	1.28508565428262e-12	2.73179554277694e-11	CM076438.1	3752082	3752803	+	NA	B9J08_01781
B9J08_00741	2827.44602227573	0.645964454074537	0.0910635077480817	7.09355997861992	1.30705268148845e-12	2.76784680865389e-11	CM076438.1	1584863	1585493	+	NA	B9J08_00741
B9J08_01688	8540.66957988104	-0.47287624113807	0.0667285395801496	-7.08656661922123	1.37480051023624e-12	2.90019939697545e-11	CM076438.1	3540001	3541744	-	NA	B9J08_01688
B9J08_00333	3849.92679416032	0.573047240994308	0.080887235872408	7.0845200087964	1.395270528601e-12	2.93219019451624e-11	CM076438.1	706138	707572	+	NA	B9J08_00333
B9J08_02733	2162.6891824304	0.672152505852506	0.0949432190891062	7.0795209210431	1.44653661556932e-12	3.02841207358016e-11	CM076439.1	1671713	1674350	+	NA	B9J08_02733
B9J08_01253	1066.9347309073	-0.755772972191957	0.107283360684877	-7.04464296576139	1.85937651539862e-12	3.87802792475779e-11	CM076438.1	2584904	2586752	+	NA	B9J08_01253
B9J08_04460	3518.68096647371	0.526090092026233	0.0747385351419623	7.03907416738835	1.93521347805701e-12	4.02102439594778e-11	CM076442.1	84284	85946	+	NA	B9J08_04460
B9J08_04183	8404.28188701135	1.29245810020655	0.18383648228985	7.03047667202841	2.05829136917338e-12	4.26074022375328e-11	CM076441.1	873013	873961	+	NA	B9J08_04183
B9J08_01565	4118.8294187361	0.534592400320347	0.0762330883334638	7.01260321478644	2.33924167319343e-12	4.82424952527614e-11	CM076438.1	3259053	3261420	+	NA	B9J08_01565
B9J08_03730	685.428832863901	-0.848064215901099	0.121085474577024	-7.00384764451359	2.49026913855226e-12	5.11662361664623e-11	CM076440.1	1561096	1563106	-	NA	B9J08_03730
B9J08_03411	25068.7700104451	0.616471846867836	0.0880637840126146	7.00028795923112	2.55436953234324e-12	5.22888903898559e-11	CM076440.1	849675	850638	+	NA	B9J08_03411
B9J08_02398	518.873983755193	-1.01338206820329	0.144814146823772	-6.99781126657809	2.59991988420404e-12	5.30249343173274e-11	CM076439.1	920792	921848	+	NA	B9J08_02398
B9J08_02511	2107.20225564052	-0.611983880107749	0.0875822338084844	-6.98753449753257	2.79758799650542e-12	5.68465766789906e-11	CM076439.1	1192208	1192811	+	NA	B9J08_02511
B9J08_01536	422.830775853421	-0.99487365087543	0.142400034868698	-6.98647055664534	2.81887527614162e-12	5.70693174037901e-11	CM076438.1	3202354	3203437	-	NA	B9J08_01536
B9J08_04036	9761.31926107476	0.45203484450323	0.0647731810293755	6.97873467567119	2.97850366842431e-12	6.0080984581683e-11	CM076441.1	546763	547921	-	NA	B9J08_04036
B9J08_01821	5518.10303883723	0.49706755696058	0.0713913374743742	6.96257521634193	3.34108104550357e-12	6.71496543218118e-11	CM076438.1	3845809	3847429	-	NA	B9J08_01821
B9J08_03066	3012.60998414051	0.571696720822462	0.0823270267156219	6.94421678554293	3.80565721927208e-12	7.62096646772346e-11	CM076440.1	110109	110910	+	NA	B9J08_03066
B9J08_03407	596.642662073387	-0.86515185170657	0.124668993786967	-6.93959119606702	3.93236204079787e-12	7.84626895288441e-11	CM076440.1	843731	845561	+	NA	B9J08_03407
B9J08_00689	603.558133316037	-0.976494238399832	0.140784483817643	-6.93609275624915	4.03092990220238e-12	8.01401063650093e-11	CM076438.1	1457433	1458324	+	NA	B9J08_00689
B9J08_02794	3013.59384515887	0.550857235252432	0.0794326009364024	6.93490114585918	4.06505316114112e-12	8.05288488230357e-11	CM076439.1	1806612	1807419	+	NA	B9J08_02794
B9J08_04797	3165.16123259324	0.584425263722357	0.084340170536358	6.9293820489777	4.22682875609215e-12	8.34345804818617e-11	CM076442.1	851783	852473	+	NA	B9J08_04797
B9J08_00112	10124.8186151591	0.504076988616253	0.0728324999656306	6.92104471017918	4.48324951005862e-12	8.81812101142135e-11	CM076438.1	238732	240838	-	NA	B9J08_00112
B9J08_02860	1320.5276684517	-0.65819347740692	0.0951386978509064	-6.91825190248439	4.57250706708673e-12	8.96178956020863e-11	CM076439.1	1938238	1940497	-	NA	B9J08_02860
B9J08_01969	2771.3047675629	-0.632226354557711	0.0917304942192986	-6.89221572322784	5.49299877420064e-12	1.07278460159035e-10	CM076439.1	24848	26711	+	NA	B9J08_01969
B9J08_00038	6547.18319752467	0.498818498309476	0.0724622214521178	6.88384220512877	5.82594069429126e-12	1.13380190906154e-10	CM076438.1	90816	92448	+	NA	B9J08_00038
B9J08_00842	1590.42365699557	0.692490517623063	0.100666619229349	6.8790481186754	6.02538071932839e-12	1.16850102581502e-10	CM076438.1	1773213	1775091	-	NA	B9J08_00842
B9J08_01252	4369.09621657657	0.633492292879951	0.0922772297284825	6.86509873285041	6.64452814393902e-12	1.28406668012416e-10	CM076438.1	2582602	2584159	+	NA	B9J08_01252
B9J08_04038	522.644281536818	-0.920336692192459	0.134177839514885	-6.85908116809678	6.93048550350337e-12	1.33466179016945e-10	CM076441.1	550104	552954	-	NA	B9J08_04038
B9J08_00491	1211.38555791473	0.700838232130665	0.102236354025868	6.85507849735467	7.12733715193526e-12	1.36780529301202e-10	CM076438.1	1042488	1043595	-	NA	B9J08_00491
B9J08_04399	1605.65133348094	-0.606831596429193	0.0885716945310193	-6.85130390292658	7.31798636882531e-12	1.39953324084766e-10	CM076441.1	1359802	1362100	+	NA	B9J08_04399
B9J08_02074	818.362130580962	-0.756825309086836	0.110646381792534	-6.84003667201616	7.91729103838007e-12	1.50892646790092e-10	CM076439.1	251878	254218	+	NA	B9J08_02074
B9J08_05190	848.385347813121	-0.747564935811469	0.109481281865546	-6.82824427219947	8.59601317422375e-12	1.63265171181906e-10	CM076443.1	808703	810755	-	NA	B9J08_05190
B9J08_00937	4070.88844795863	-0.541229269849063	0.0794161036934829	-6.81510732304382	9.41934197566591e-12	1.78290079107895e-10	CM076438.1	1948121	1950830	+	NA	B9J08_00937
B9J08_04106	2821.69830569591	0.623514792936444	0.0919111752720108	6.78388445247441	1.16986907108929e-11	2.20678032624932e-10	CM076441.1	703027	704578	+	NA	B9J08_04106
B9J08_03200	1636.80719787767	-0.709902003296627	0.104732661529672	-6.77822937876457	1.21657594310424e-11	2.28708001276774e-10	CM076440.1	391418	393875	+	NA	B9J08_03200
B9J08_04504	56.683904084811	-2.95039364447817	0.435886953827677	-6.7687128934916	1.29933090606466e-11	2.43437353146419e-10	CM076442.1	184992	187716	-	NA	B9J08_04504
B9J08_00569	4853.47677223048	0.533259135971617	0.0788436700713295	6.76349966318387	1.34697687258877e-11	2.51511526175612e-10	CM076438.1	1229858	1232738	-	NA	B9J08_00569
B9J08_04809	865.845701510017	-0.722158289809364	0.106889371812601	-6.75612811230154	1.41728111062706e-11	2.63747902304234e-10	CM076442.1	871934	874550	-	NA	B9J08_04809
B9J08_00820	2148.60071268949	0.581334846614914	0.0861421473129721	6.74855299929784	1.49326855094329e-11	2.76956217485355e-10	CM076438.1	1737256	1738621	-	NA	B9J08_00820
B9J08_00734	1909.79956004174	0.594455660685088	0.0881621424132312	6.74275425271281	1.55411949836791e-11	2.87278209614698e-10	CM076438.1	1562429	1565942	-	NA	B9J08_00734
B9J08_00497	754.983333372163	-0.759196402678949	0.112742598972896	-6.73389126732361	1.65184639839948e-11	3.04325168131798e-10	CM076438.1	1056118	1057607	-	NA	B9J08_00497
B9J08_03474	3049.32066644704	-0.563474430601981	0.0838512428345305	-6.71992938392009	1.81812651233935e-11	3.33846685504969e-10	CM076440.1	975028	979327	-	NA	B9J08_03474
B9J08_05271	6056.95632515227	0.556764359062231	0.0832966925585079	6.68411124092541	2.32330280270689e-11	4.24384890400019e-10	CM076444.1	65725	66235	+	NA	B9J08_05271
B9J08_03997	237.58284241077	-1.24473178647459	0.186228188114363	-6.68390644336937	2.32655367814738e-11	4.24384890400019e-10	CM076441.1	477733	478264	+	NA	B9J08_03997
B9J08_02118	4024.61346988202	-0.503763578987058	0.0754670799987415	-6.67527588182104	2.46767508460371e-11	4.4864605896726e-10	CM076439.1	337981	341269	+	NA	B9J08_02118
B9J08_03028	1566.71932751145	0.61140270672196	0.0918422229690929	6.65709830355164	2.79286401055158e-11	5.06103586436675e-10	CM076440.1	30761	32060	-	NA	B9J08_03028
B9J08_05254	206.568426122652	1.37150320702206	0.206647567413191	6.63691919624561	3.2030711806563e-11	5.78541647564947e-10	CM076444.1	21130	21604	+	NA	B9J08_05254
B9J08_05503	13774.572541933	-0.446687269442728	0.0673965630393765	-6.62774553031363	3.40852393354637e-11	6.13645334876572e-10	CM076444.1	587407	587656	-	NA	B9J08_05503
B9J08_03412	12159.4298727379	0.421468150982647	0.0636653657940702	6.62005386642894	3.59068001012766e-11	6.4434053298622e-10	CM076440.1	851778	853980	+	NA	B9J08_03412
B9J08_00831	2415.83317383405	-0.54694160857821	0.082688050335616	-6.61451813603383	3.72763958518209e-11	6.66752879847942e-10	CM076438.1	1756255	1757269	-	NA	B9J08_00831
B9J08_00945	532.767916547423	-0.862031249204938	0.13040450183447	-6.61044087495662	3.83177135528662e-11	6.83167750989328e-10	CM076438.1	1960267	1961653	-	NA	B9J08_00945
B9J08_01233	8705.49088518676	-0.543796509000998	0.082381593462474	-6.60094671813681	4.08540377801227e-11	7.26045873989511e-10	CM076438.1	2546910	2548284	+	NA	B9J08_01233
B9J08_04669	7641.73180150138	0.467508572509406	0.0709017237759667	6.59375467353413	4.28840128873472e-11	7.59679292398615e-10	CM076442.1	564390	566430	-	NA	B9J08_04669
B9J08_02130	781.705185919618	-0.759462636765037	0.115362527682428	-6.58326973257466	4.60213118908441e-11	8.12651088884011e-10	CM076439.1	364909	366112	-	NA	B9J08_02130
B9J08_05487	10482.6061960393	0.507416380013814	0.0771438324803345	6.57753657939102	4.78306213227221e-11	8.41910331371609e-10	CM076444.1	545689	547360	-	NA	B9J08_05487
B9J08_05584	1649.03596063993	0.735878479475108	0.112297314067246	6.55294817678764	5.64120978645875e-11	9.86676154739161e-10	CM076444.1	751645	752359	-	NA	B9J08_05584
B9J08_00410	2042.32556744161	0.664847838034	0.101452270288463	6.55330665487933	5.62767832166558e-11	9.86676154739161e-10	CM076438.1	872114	872474	+	NA	B9J08_00410
B9J08_04926	12013.4867882583	1.68987636353973	0.258097835365917	6.54742555722683	5.85373831517843e-11	1.0206186646054e-09	CM076443.1	213853	215395	+	NA	B9J08_04926
B9J08_00551	1289.70103550085	0.832477262509521	0.127167446183853	6.54630793879404	5.89769104626067e-11	1.02504837775732e-09	CM076438.1	1196173	1197313	-	NA	B9J08_00551
B9J08_00711	5338.74270627805	-0.451641850643479	0.0690455490000093	-6.54121601152622	6.10206181805457e-11	1.05724437831936e-09	CM076438.1	1511316	1512705	-	NA	B9J08_00711
B9J08_03304	204895.548669357	1.16414548583481	0.178100908568171	6.53643765881862	6.30013807056921e-11	1.08815197237613e-09	CM076440.1	624195	625884	+	NA	B9J08_03304
B9J08_02179	2316.70793737228	0.580705168493203	0.0890091371421208	6.52410737974003	6.84076899044e-11	1.17784829315146e-09	CM076439.1	471383	472945	+	NA	B9J08_02179
B9J08_01742	4193.35897025791	-0.508517218541753	0.0781595627526934	-6.50614205904356	7.71053149800506e-11	1.32348160215758e-09	CM076438.1	3662453	3664820	+	NA	B9J08_01742
B9J08_04336	517.32250336335	-0.864414467386502	0.132991515419931	-6.49977154299688	8.04420780669579e-11	1.37648100766587e-09	CM076441.1	1238333	1238942	+	NA	B9J08_04336
B9J08_00165	4180.76391101382	0.532071169163843	0.0819285451618217	6.4943319585734	8.3402664096558e-11	1.42273618661011e-09	CM076438.1	356830	358282	+	NA	B9J08_00165
B9J08_02962	700.922243737246	-0.746450770955329	0.115646703682351	-6.45457887849201	1.08520243861119e-10	1.84551196252433e-09	CM076439.1	2189915	2191463	+	NA	B9J08_02962
B9J08_05232	322.868813226352	-1.08928835188628	0.168947872731185	-6.44748190241765	1.13723746374355e-10	1.92807100064742e-09	CM076443.1	922048	923356	+	NA	B9J08_05232
B9J08_02983	9726.23950690562	0.606393592618645	0.0941301424223936	6.44207665061797	1.17849731892555e-10	1.99191274669771e-09	CM076439.1	2243630	2245721	+	NA	B9J08_02983
B9J08_01540	1285.60204829374	0.664280142896155	0.103166967326126	6.43888407416562	1.20355076473936e-10	2.02805642582758e-09	CM076438.1	3209222	3210257	+	NA	B9J08_01540
B9J08_03435	1227.42506292838	0.6227623754713	0.0967387946903948	6.43756599887774	1.21404540055882e-10	2.03952247078681e-09	CM076440.1	898107	899595	-	NA	B9J08_03435
B9J08_03991	1487.66556676744	0.611446039722065	0.0950255120252315	6.43454612020099	1.23842831828433e-10	2.07417979247197e-09	CM076441.1	458093	459869	-	NA	B9J08_03991
B9J08_00331	669.127703141738	-0.763876037979396	0.118723945422608	-6.4340519956637	1.2424632529555e-10	2.07465087585651e-09	CM076438.1	701405	703364	-	NA	B9J08_00331
B9J08_00343	3137.25163251927	0.514965266821027	0.080368908509494	6.4075184840938	1.47907160535372e-10	2.46229782011748e-09	CM076438.1	720014	723231	-	NA	B9J08_00343
B9J08_00462	1198.10626467458	-0.653972545955665	0.102205213942165	-6.39862215175958	1.56785288609032e-10	2.60225912955591e-09	CM076438.1	976749	977211	+	NA	B9J08_00462
B9J08_03725	1552.01108977068	-0.601551708193605	0.094181478127625	-6.38715509835644	1.69000211929408e-10	2.79659931537077e-09	CM076440.1	1549755	1552482	-	NA	B9J08_03725
B9J08_04826	1119.33107514236	-0.700908071194826	0.109790417167221	-6.38405508676845	1.7245900623511e-10	2.84531620137748e-09	CM076442.1	915505	916873	-	NA	B9J08_04826
B9J08_02632	3274.29985881797	-0.494677698248529	0.0776233262614785	-6.37279696804257	1.85611538246226e-10	3.05319932109193e-09	CM076439.1	1434048	1435737	-	NA	B9J08_02632
B9J08_03072	2444.82361565208	0.535906041761491	0.0841703432841569	6.36692237255451	1.92858718666123e-10	3.16299744233728e-09	CM076440.1	120796	122854	+	NA	B9J08_03072
B9J08_04467	773.20208505776	-0.734463713435176	0.115492114003664	-6.3594273926952	2.02507224466689e-10	3.3114125136905e-09	CM076442.1	98944	99448	-	NA	B9J08_04467
B9J08_03614	426.466275562649	1.03772551203574	0.163500727445215	6.34691678899994	2.19672868470348e-10	3.58151015939709e-09	CM076440.1	1289741	1291466	-	NA	B9J08_03614
B9J08_01006	1016.26190225163	-0.653638143491608	0.103239370785872	-6.33128755547446	2.4312375256804e-10	3.95219111895164e-09	CM076438.1	2070360	2071359	+	NA	B9J08_01006
B9J08_01137	5325.25983133782	0.508535801851887	0.0803337560097291	6.33028787786666	2.44704214411922e-10	3.96621757494044e-09	CM076438.1	2346753	2349447	-	NA	B9J08_01137
B9J08_05085	150964.997834096	1.19289558980737	0.18863143896258	6.32394894704701	2.54961992386372e-10	4.12039453777626e-09	CM076443.1	578242	579289	+	NA	B9J08_05085
B9J08_03307	29947.8125501709	0.443944162445407	0.0702406069698127	6.32033494010382	2.60996977740916e-10	4.20562768505551e-09	CM076440.1	633855	634602	+	NA	B9J08_03307
B9J08_03469	848.521753426339	0.675614328525743	0.106938342956383	6.31779313058279	2.65324850147681e-10	4.26293734525068e-09	CM076440.1	967666	968701	-	NA	B9J08_03469
B9J08_03797	46617.1780947432	-0.386062402708747	0.0611599985115064	-6.31233505730244	2.74856342852938e-10	4.40327828100924e-09	CM076441.1	55026	57384	+	NA	B9J08_03797
B9J08_04470	3311.45210715662	0.484333013864103	0.076744284935292	6.31099780618811	2.77242124737893e-10	4.42866249545183e-09	CM076442.1	103925	105725	-	NA	B9J08_04470
B9J08_03315	379.71036410041	-0.977616588052766	0.155161229572896	-6.30064991585719	2.96400171196575e-10	4.72104825995236e-09	CM076440.1	648704	649655	+	NA	B9J08_03315
B9J08_00796	490.622719716273	0.906985033337387	0.144242956364052	6.28789825305762	3.21792691797874e-10	5.110770711399e-09	CM076438.1	1685539	1686748	-	NA	B9J08_00796
B9J08_05459	2811.88144280744	0.489712376870297	0.0781957151829085	6.26264975932256	3.78490085279555e-10	5.99402493220659e-09	CM076444.1	474036	475011	-	NA	B9J08_05459
B9J08_03826	3309.0912311913	-0.466760846735049	0.0746751922544849	-6.25054764029772	4.09015944627483e-10	6.45894607416028e-09	CM076441.1	110554	111211	+	NA	B9J08_03826
B9J08_00729	3668.77811077941	0.485318106444267	0.0777079433821598	6.24541179860496	4.22685002701138e-10	6.65578350407177e-09	CM076438.1	1557663	1558877	-	NA	B9J08_00729
B9J08_04609	1600.52324600766	-0.59336217290389	0.0951407690033605	-6.23667623374929	4.46965720997338e-10	7.01812369304627e-09	CM076442.1	442037	444125	+	NA	B9J08_04609
B9J08_03376	1040.54599385089	0.625993222314569	0.100401132563278	6.23492192102548	4.52003480527299e-10	7.07711965120221e-09	CM076440.1	773771	775007	-	NA	B9J08_03376
B9J08_03736	948.794491276352	-0.654421205670945	0.105157730659278	-6.22323438864743	4.8700897238861e-10	7.60366833444024e-09	CM076440.1	1579111	1580395	-	NA	B9J08_03736
B9J08_01966	778.968122167428	-0.742434206347544	0.119369027801262	-6.2196552993933	4.98248254866734e-10	7.75723409760124e-09	CM076439.1	16280	17627	-	NA	B9J08_01966
B9J08_04717	649.969371919813	-0.751011796605812	0.120815095184486	-6.21620829300353	5.09311865044156e-10	7.90720976994116e-09	CM076442.1	659914	663604	+	NA	B9J08_04717
B9J08_01570	3160.39303618493	0.487924972862501	0.0785072902074355	6.2150275671633	5.13156401016181e-10	7.9445810319788e-09	CM076438.1	3272450	3274208	+	NA	B9J08_01570
B9J08_01376	1406.26996830499	-0.606900756694637	0.0977209296918342	-6.21055037655205	5.27993462973529e-10	8.15145215043211e-09	CM076438.1	2865893	2867186	+	NA	B9J08_01376
B9J08_00296	2703.49403642847	0.564324548357683	0.0909277763521783	6.20629439096763	5.42485146532738e-10	8.35185349550542e-09	CM076438.1	634309	635113	-	NA	B9J08_00296
B9J08_01299	10735.3672354242	-0.449321410798951	0.0725473977654319	-6.19348763206843	5.88473083095265e-10	9.03469647296536e-09	CM076438.1	2695682	2696885	-	NA	B9J08_01299
B9J08_02688	1370.77486931882	-0.581906720226398	0.0940187519619664	-6.18926233419689	6.04464144838675e-10	9.25449675491234e-09	CM076439.1	1568352	1569498	+	NA	B9J08_02688
B9J08_02188	1246.80136467516	-0.659633762986667	0.10662225670236	-6.18664229578313	6.14592077366909e-10	9.38356467294726e-09	CM076439.1	489085	490192	-	NA	B9J08_02188
B9J08_03939	2273.51558745987	-0.537548196947826	0.0869224645519495	-6.18422636448094	6.24077626196899e-10	9.50214060603378e-09	CM076441.1	348692	348982	+	NA	B9J08_03939
B9J08_05553	1403.49894393292	0.634103530667041	0.102688889541044	6.17499647236513	6.6164947999194e-10	1.00465293294381e-08	CM076444.1	697127	698525	+	NA	B9J08_05553
B9J08_02235	1997.59064969575	0.521413253848276	0.084490223956878	6.17128502481416	6.77371847920461e-10	1.02555775543971e-08	CM076439.1	569647	571624	-	NA	B9J08_02235
B9J08_01683	413.778197047109	-0.894023596095577	0.144877914578065	-6.1708756555427	6.79128168067549e-10	1.02555775543971e-08	CM076438.1	3528632	3529562	-	NA	B9J08_01683
B9J08_00706	1023.77098603166	-0.641547901970314	0.104042883775443	-6.16618723636085	6.99562446023422e-10	1.05353723138187e-08	CM076438.1	1500158	1502882	+	NA	B9J08_00706
B9J08_03076	287.527905078173	-1.05701619138916	0.171851934889078	-6.15073779687967	7.71233297850564e-10	1.15831696663589e-08	CM076440.1	128765	130817	+	NA	B9J08_03076
B9J08_05539	900.730536020777	0.654720775446188	0.10666271517755	6.13823466200297	8.34435413153018e-10	1.24668384442134e-08	CM076444.1	664431	665244	+	NA	B9J08_05539
B9J08_01375	540.224039145843	-0.802832360483288	0.130792652124695	-6.13820690567452	8.34581187689334e-10	1.24668384442134e-08	CM076438.1	2863878	2864313	-	NA	B9J08_01375
B9J08_03813	7549.00601439697	0.594610292681905	0.0968852181085194	6.13726535678427	8.39540883579505e-10	1.25071225432451e-08	CM076441.1	83520	85371	+	NA	B9J08_03813
B9J08_04800	494.544665851842	-0.835206168841601	0.136171449486676	-6.13348959704891	8.59720428735489e-10	1.27733193807017e-08	CM076442.1	854854	855652	+	NA	B9J08_04800
B9J08_04449	475.447048025766	-0.872636068465156	0.142359155683799	-6.12982048308444	8.79782849549986e-10	1.30363533765758e-08	CM076442.1	55610	57872	+	NA	B9J08_04449
B9J08_04836	728.760513647162	0.701182877562486	0.114408011257248	6.1287917677886	8.85489259212357e-10	1.30858265659537e-08	CM076442.1	942314	943007	-	NA	B9J08_04836
B9J08_02458	1221.7134238057	0.590160900955905	0.0965074807796278	6.11518294942877	9.64462521399903e-10	1.4214891615406e-08	CM076439.1	1071992	1072508	+	NA	B9J08_02458
B9J08_04661	4508.18156040208	0.452021793899449	0.0739504488577372	6.11249560863423	9.80850076617363e-10	1.44179743975111e-08	CM076442.1	546268	547687	-	NA	B9J08_04661
B9J08_05385	2625.91916152517	-0.479856295827637	0.0786235024725596	-6.1032169864871	1.03954560235281e-09	1.52367226887489e-08	CM076444.1	319919	321257	+	NA	B9J08_05385
B9J08_02550	125.821605060397	-1.52920411636734	0.250572926051869	-6.10283058294492	1.04206281460957e-09	1.52367226887489e-08	CM076439.1	1265966	1267295	-	NA	B9J08_02550
B9J08_00759	11533.5799215333	0.427505486542433	0.0701038275305953	6.09817611393411	1.07285510845252e-09	1.56455677689105e-08	CM076438.1	1618109	1619996	-	NA	B9J08_00759
B9J08_03885	1003.20409167507	-0.651831441250172	0.106979693991705	-6.09303893971422	1.10787099454505e-09	1.61136920706592e-08	CM076441.1	232439	234335	-	NA	B9J08_03885
B9J08_00581	581.026697407711	-0.763330308826702	0.125467141224689	-6.08390612375327	1.17289295242071e-09	1.7014643958082e-08	CM076438.1	1252411	1253539	-	NA	B9J08_00581
B9J08_00780	394.874589917853	-0.879671733481049	0.144990968714471	-6.06707949660902	1.30257092459521e-09	1.88463599482663e-08	CM076438.1	1654033	1655347	+	NA	B9J08_00780
B9J08_04561	192.476822546944	-1.22469929957024	0.2027837418292	-6.03943535375623	1.54654457399353e-09	2.23178899750973e-08	CM076442.1	328178	330509	+	NA	B9J08_04561
B9J08_03352	1500.53168884566	-0.588169510009761	0.0974286702951277	-6.03692432862008	1.57079337064317e-09	2.2608788957148e-08	CM076440.1	721683	722428	-	NA	B9J08_03352
B9J08_04223	10733.9875531465	-0.390326681288773	0.0647570231723735	-6.02755750908718	1.6645602978117e-09	2.38961682233903e-08	CM076441.1	960902	962030	-	NA	B9J08_04223
B9J08_04115	2083.30722000523	0.543408555425622	0.090261163656524	6.02040272263148	1.7398364289081e-09	2.49121138408681e-08	CM076441.1	724256	726806	-	NA	B9J08_04115
B9J08_01925	1751.84409007703	-0.528892213354445	0.0878766257243651	-6.01857671473839	1.75957319602654e-09	2.51296151277485e-08	CM076438.1	4067432	4068725	+	NA	B9J08_01925
B9J08_01265	1813.39136060435	0.636726381821913	0.105949217751905	6.00973178785421	1.85830503788661e-09	2.64712678979364e-08	CM076438.1	2619421	2621509	-	NA	B9J08_01265
B9J08_01373	894.792791812109	-0.681254595701835	0.113609312420329	-5.99646790556521	2.01655441834884e-09	2.86516613630181e-08	CM076438.1	2858716	2860093	+	NA	B9J08_01373
B9J08_00427	3833.74573750214	-0.435423241472668	0.0728138773314569	-5.97994856791616	2.23208084523902e-09	3.16325918759899e-08	CM076438.1	904401	906015	-	NA	B9J08_00427
B9J08_01072	1515.51891108269	0.540053077109623	0.0903233202807737	5.97911010612593	2.24359876068766e-09	3.17145021747332e-08	CM076438.1	2207521	2208643	-	NA	B9J08_01072
B9J08_05491	105870.974776512	1.33689752286226	0.22387766814941	5.97155372357217	2.35004647086515e-09	3.31344562358972e-08	CM076444.1	557458	559120	-	NA	B9J08_05491
B9J08_02348	612.31344189825	-0.794187251436077	0.133077055220673	-5.96787515412879	2.40363166019826e-09	3.37975326743756e-08	CM076439.1	798049	799249	+	NA	B9J08_02348
B9J08_01586	777.998234944053	-0.661358921133049	0.11082697729498	-5.96749038253348	2.40930484416573e-09	3.37975326743756e-08	CM076438.1	3310062	3310611	+	NA	B9J08_01586
B9J08_01672	755.839861631516	-0.668494578933574	0.112072088110065	-5.96486235071351	2.44840355242647e-09	3.42590542639522e-08	CM076438.1	3509256	3510798	-	NA	B9J08_01672
B9J08_04002	1153.32320244886	-0.575492815355759	0.0964903463871184	-5.96425276624966	2.45756060013954e-09	3.43003470630587e-08	CM076441.1	485250	487659	+	NA	B9J08_04002
B9J08_02577	4117.6438248381	0.48966023190228	0.0822122029164857	5.95605292805127	2.5840267450116e-09	3.59745990420129e-08	CM076439.1	1336384	1337338	-	NA	B9J08_02577
B9J08_03222	1988.8359995337	0.519412706265624	0.0872604398295618	5.95244199181379	2.64170780554496e-09	3.66852237217262e-08	CM076440.1	446865	448536	-	NA	B9J08_03222
B9J08_02792	185.518660309003	1.21204237043509	0.203760006331933	5.94838208073388	2.70805871621115e-09	3.75123822669149e-08	CM076439.1	1803830	1805096	+	NA	B9J08_02792
B9J08_00548	7972.71046387569	-0.399976529235597	0.0672602296070664	-5.94670181134165	2.73599161217353e-09	3.78045641012078e-08	CM076438.1	1191783	1192563	-	NA	B9J08_00548
B9J08_05382	470.292410793827	0.931406413730208	0.156640189006777	5.94615225911093	2.74518814195973e-09	3.78370445401782e-08	CM076444.1	316817	317153	+	NA	B9J08_05382
B9J08_02976	20161.9838497766	-0.370176763343737	0.0623473830170649	-5.93732640297697	2.89707536513101e-09	3.98311829429828e-08	CM076439.1	2221558	2229207	+	NA	B9J08_02976
B9J08_05344	2002.39346067331	-0.512984788207009	0.0866046773612516	-5.92329194954691	3.15559888787021e-09	4.3277903357962e-08	CM076444.1	229309	230692	-	NA	B9J08_05344
B9J08_02226	645.622299202435	0.753970219136306	0.127566694737307	5.91040020821208	3.41277551628459e-09	4.6689134352735e-08	CM076439.1	554719	555904	+	NA	B9J08_02226
B9J08_00304	12842.9998425621	0.387282052988786	0.0656589407379492	5.89839020605685	3.67065088963538e-09	5.00930554741105e-08	CM076438.1	652870	654916	-	NA	B9J08_00304
B9J08_01874	639.097741470637	-0.741717769042784	0.125781180774879	-5.89688985644284	3.70416936669205e-09	5.04259706643028e-08	CM076438.1	3959272	3960004	-	NA	B9J08_01874
B9J08_04863	667.354038440316	-0.745379990670471	0.126521538927839	-5.89132883607745	3.83102339948907e-09	5.18972213945492e-08	CM076443.1	24783	33624	+	NA	B9J08_04863
B9J08_04212	1427.78831154035	0.559383712139961	0.0949489186541295	5.89141740705472	3.82897022973364e-09	5.18972213945492e-08	CM076441.1	935208	936306	+	NA	B9J08_04212
B9J08_03519	545.364796360287	0.733024980472609	0.125166523163611	5.85639803635384	4.73013770663716e-09	6.39204672483706e-08	CM076440.1	1067492	1068188	-	NA	B9J08_03519
B9J08_01169	820.762851576435	-0.672370391455344	0.114876630888051	-5.85297798392588	4.82848064441285e-09	6.50902744430971e-08	CM076438.1	2427040	2428255	+	NA	B9J08_01169
B9J08_02378	4199.10308526013	-0.519054224794845	0.088799594165299	-5.84523194811717	5.05862903247972e-09	6.80268677920083e-08	CM076439.1	859920	861483	-	NA	B9J08_02378
B9J08_01552	121.386119099878	-1.48982451269117	0.255819854199433	-5.8237251262356	5.75502015458529e-09	7.7203874743672e-08	CM076438.1	3228981	3230796	-	NA	B9J08_01552
B9J08_05211	590.870113382435	0.720834959190023	0.123890224657696	5.81833604048795	5.94363206149383e-09	7.95410518253666e-08	CM076443.1	867544	868048	-	NA	B9J08_05211
B9J08_03041	461.297401748862	-0.819177360922153	0.141406013000541	-5.7930871788247	6.91042128064452e-09	9.22557932804886e-08	CM076440.1	58090	59590	+	NA	B9J08_03041
B9J08_02431	1613.12697513718	-0.507945657559813	0.0877024673728555	-5.79169175937034	6.96809400221691e-09	9.28015796391635e-08	CM076439.1	1000893	1003158	-	NA	B9J08_02431
B9J08_00183	3277.90796441332	-0.446488474889765	0.0771351686185192	-5.78839046943587	7.106406345107e-09	9.44161246860731e-08	CM076438.1	397208	398756	-	NA	B9J08_00183
B9J08_01399	544.431562169298	-0.827356332804897	0.143028610594324	-5.78455128220151	7.27061411598632e-09	9.63661492063702e-08	CM076438.1	2905319	2906627	-	NA	B9J08_01399
B9J08_02827	1081.88383421542	-0.619677552333655	0.107182350229368	-5.78152607222701	7.40260055558252e-09	9.78807972983363e-08	CM076439.1	1874501	1876340	-	NA	B9J08_02827
B9J08_02682	191.836817878364	-1.43147753381491	0.248044079774162	-5.77106107558881	7.87739144650914e-09	1.03910125357652e-07	CM076439.1	1553997	1554441	-	NA	B9J08_02682
B9J08_03122	526.254713625139	-0.735599890574278	0.128213598490759	-5.73730009322917	9.61977199903864e-09	1.26591618663539e-07	CM076440.1	228314	229478	-	NA	B9J08_03122
B9J08_04708	1238.89420641548	0.698490182686478	0.121932850796736	5.72848234189876	1.01333098550529e-08	1.33032787574531e-07	CM076442.1	640344	641604	+	NA	B9J08_04708
B9J08_02137	1068.55419046014	-0.589575719262844	0.103138305373978	-5.71636034861201	1.08829829572926e-08	1.42536129869565e-07	CM076439.1	381081	381471	-	NA	B9J08_02137
B9J08_00329	3392.84490317034	0.44427857289512	0.0777435387580917	5.71466876852037	1.09917912969636e-08	1.43620875882548e-07	CM076438.1	698424	699285	-	NA	B9J08_00329
B9J08_01805	630.537905535262	-0.743547314729186	0.130739812400831	-5.68722947566704	1.29116906881549e-08	1.68308760456208e-07	CM076438.1	3807807	3809631	-	NA	B9J08_01805
B9J08_03258	18049.9690352102	0.363949233310682	0.0640363519674781	5.6834785575468	1.31982278798519e-08	1.71639071745744e-07	CM076440.1	527226	528432	+	NA	B9J08_03258
B9J08_04990	523.182151897934	0.723996569196055	0.127587778649233	5.67449779956184	1.3909610496467e-08	1.80465768107918e-07	CM076443.1	358287	359538	-	NA	B9J08_04990
B9J08_05217	523.793192405161	-0.75262749938152	0.132881808450188	-5.6638866385059	1.47982189831275e-08	1.91545096767555e-07	CM076443.1	880339	882880	+	NA	B9J08_05217
B9J08_03106	576.017080140343	-0.702975650582827	0.124193220506603	-5.66033836400477	1.51074823453247e-08	1.95091249819182e-07	CM076440.1	185850	187509	-	NA	B9J08_03106
B9J08_00324	859.492652642901	-0.609985748298569	0.107834138473088	-5.65670349794471	1.54307996667718e-08	1.98801934168409e-07	CM076438.1	687784	689668	+	NA	B9J08_00324
B9J08_05173	438.213746298597	-0.783322723702064	0.138496800020692	-5.6558904146885	1.55040370463431e-08	1.99280959895671e-07	CM076443.1	769282	772147	+	NA	B9J08_05173
B9J08_05335	1108.33618182502	-0.563658324640131	0.0999271048271065	-5.6406950408037	1.69365098163372e-08	2.17188143282821e-07	CM076444.1	212867	214808	-	NA	B9J08_05335
B9J08_03274	606.546638864555	-0.706876714337663	0.125518207327124	-5.63166674692389	1.78476300322424e-08	2.28342248120842e-07	CM076440.1	563130	563853	-	NA	B9J08_03274
B9J08_00848	701.390377896238	0.693367194113067	0.123224758954873	5.62684966879903	1.83530540498549e-08	2.34266350423899e-07	CM076438.1	1785948	1787625	-	NA	B9J08_00848
B9J08_03203	9359.28435613363	1.29413524766783	0.230862156207498	5.60566213591396	2.07460309778613e-08	2.64201182522211e-07	CM076440.1	399555	401001	-	NA	B9J08_03203
B9J08_01090	1856.12765804539	0.496277575799123	0.0885624273701615	5.60370340488578	2.09819625221966e-08	2.66591510023403e-07	CM076438.1	2247230	2249182	+	NA	B9J08_01090
B9J08_01313	1444.42970666664	1.45086140781258	0.259150530257833	5.59852764479815	2.16179933472979e-08	2.74042773464485e-07	CM076438.1	2728383	2729826	-	NA	B9J08_01313
B9J08_03937	3003.05788604936	0.438731889043659	0.0784443915158006	5.59290320908777	2.23303790580327e-08	2.82425640855256e-07	CM076441.1	344735	346469	+	NA	B9J08_03937
B9J08_03808	2415.6447738371	0.499958184691851	0.0894879237297715	5.58687880838073	2.31186938449317e-08	2.91728358175657e-07	CM076441.1	72538	73348	+	NA	B9J08_03808
B9J08_03505	365.296027902187	-0.865659582303307	0.155020899939765	-5.58414757390565	2.34849228233258e-08	2.95674643381598e-07	CM076440.1	1039888	1041604	-	NA	B9J08_03505
B9J08_02626	1412.21390978879	0.545567135571011	0.0977346913033879	5.58212368909482	2.37599298728535e-08	2.98457119107412e-07	CM076439.1	1424600	1425497	+	NA	B9J08_02626
B9J08_05525	383.570485895756	-0.883192933988597	0.158544838015951	-5.57061929635163	2.53835439790113e-08	3.18128906058946e-07	CM076444.1	631697	632285	+	NA	B9J08_05525
B9J08_04516	1613.48954152523	-0.50045514544655	0.0899188328260742	-5.56563213419993	2.61203765045771e-08	3.26622898056103e-07	CM076442.1	218453	222089	-	NA	B9J08_04516
B9J08_02713	1172.77905305372	-0.592561624920558	0.106610117099982	-5.55821193184544	2.72552326024212e-08	3.40044403145784e-07	CM076439.1	1625396	1626518	-	NA	B9J08_02713
B9J08_04418	24691.4032323256	1.20741123177817	0.217264704457327	5.55732802893124	2.73935656038011e-08	3.41000533991461e-07	CM076441.1	1407032	1408322	+	NA	B9J08_04418
B9J08_00596	273.197484987929	0.946976543325284	0.170466617099186	5.55520229966368	2.77290427209472e-08	3.44400941839719e-07	CM076438.1	1281232	1282714	+	NA	B9J08_00596
B9J08_01579	2950.07503340821	0.449825793446655	0.0810191652006096	5.55209119142183	2.82272266992424e-08	3.49802425934333e-07	CM076438.1	3293426	3294101	-	NA	B9J08_01579
B9J08_04155	3321.20929504938	0.442605817459823	0.0797981573664976	5.5465668890952	2.91333205927794e-08	3.59419336866723e-07	CM076441.1	814754	816419	-	NA	B9J08_04155
B9J08_03155	1785.40150942742	-0.47838603282567	0.0862459628384437	-5.54676435953049	2.91004506594903e-08	3.59419336866723e-07	CM076440.1	297087	298428	-	NA	B9J08_03155
B9J08_02481	1239.46702924952	-0.526887692861001	0.095042595685805	-5.54370058034614	2.96145074406026e-08	3.6454205484234e-07	CM076439.1	1141028	1143353	-	NA	B9J08_02481
B9J08_04026	1361.98030377342	0.528606199746317	0.0955779025174878	5.53063193293657	3.1907920715133e-08	3.90889301225717e-07	CM076441.1	531116	532007	-	NA	B9J08_04026
B9J08_03964	177.774352394929	-1.22858090876317	0.222154192410324	-5.53030710531876	3.19670642580105e-08	3.90889301225717e-07	CM076441.1	404377	404758	-	NA	B9J08_03964
B9J08_02806	1465.24966667062	-0.503739905500911	0.0910819432218879	-5.5306231694435	3.19095149489056e-08	3.90889301225717e-07	CM076439.1	1838112	1839393	+	NA	B9J08_02806
B9J08_01749	32.8179555242096	-3.26569251177307	0.590762046284595	-5.52793215527567	3.24027302575611e-08	3.95341920824592e-07	CM076438.1	3678137	3678512	-	NA	B9J08_01749
B9J08_01666	1285.97374165463	-0.515963630837059	0.0933722560717415	-5.52587730600216	3.278431930245e-08	3.99116592036655e-07	CM076438.1	3493434	3498117	-	NA	B9J08_01666
B9J08_04469	5319.61737334735	-0.408493579183001	0.0739905545663621	-5.52088819413596	3.37290354381988e-08	4.09715118388845e-07	CM076442.1	103303	103882	+	NA	B9J08_04469
B9J08_00248	769.884512943908	-0.66316845403439	0.120327502378345	-5.5113622482514	3.56067041518067e-08	4.31575118085605e-07	CM076438.1	537878	539459	+	NA	B9J08_00248
B9J08_02871	299.826880567668	-0.902541850787107	0.163862416413424	-5.50792470013381	3.63088644988655e-08	4.39122744168992e-07	CM076439.1	1966434	1967769	+	NA	B9J08_02871
B9J08_00849	1760.01708272664	0.497350666726214	0.0903650034367546	5.50379735307932	3.71696775148657e-08	4.48551981713238e-07	CM076438.1	1788169	1788640	+	NA	B9J08_00849
B9J08_05010	694.750030021661	0.629500837645171	0.114712164721981	5.48765546505765	4.07303501915907e-08	4.9045020808044e-07	CM076443.1	405312	405999	-	NA	B9J08_05010
B9J08_03524	3172.20391579904	-0.440237787635164	0.0802558828149871	-5.48542701411732	4.12471831981735e-08	4.9559387290501e-07	CM076440.1	1078383	1081536	+	NA	B9J08_03524
B9J08_04946	3603.41909987496	-0.428030414554137	0.0781503283622424	-5.4770136418382	4.32563881560137e-08	5.17484972593697e-07	CM076443.1	261433	264619	-	NA	B9J08_04946
B9J08_02129	229.067011788878	1.02389685320354	0.186935645599906	5.47726919559769	4.31939851766544e-08	5.17484972593697e-07	CM076439.1	362956	364141	-	NA	B9J08_02129
B9J08_05255	1995.70037688407	0.458594729400042	0.0838791193588644	5.46732885258383	4.56867976980103e-08	5.45379980295687e-07	CM076444.1	21814	22876	-	NA	B9J08_05255
B9J08_00222	520.633302381398	-0.721132215826898	0.131920475631973	-5.46641612965893	4.59225555312363e-08	5.47012854355911e-07	CM076438.1	479392	480634	+	NA	B9J08_00222
B9J08_04793	288.908274857699	-0.937145471001245	0.171509861730397	-5.46409087819323	4.65285138770242e-08	5.53038916555512e-07	CM076442.1	844535	845735	-	NA	B9J08_04793
B9J08_05458	944.971396720682	-0.579253506756892	0.106104389173982	-5.45927940650104	4.78070908501582e-08	5.67016719160568e-07	CM076444.1	470051	472637	-	NA	B9J08_05458
B9J08_01092	164.435394800522	-1.31330956323029	0.240643102086119	-5.45749930849999	4.82887031901256e-08	5.71502489361508e-07	CM076438.1	2253645	2255901	-	NA	B9J08_01092
B9J08_00156	7381.69522124362	0.40095662091742	0.0736487825042273	5.44417174709448	5.20469850110317e-08	6.14665996059769e-07	CM076438.1	337889	339061	+	NA	B9J08_00156
B9J08_02275	613.960913677807	-0.674646655968989	0.123973121572805	-5.44187842824295	5.27216523602813e-08	6.2130612493662e-07	CM076439.1	643277	645089	-	NA	B9J08_02275
B9J08_04720	361.441540382192	-0.815574258550869	0.149941800704216	-5.43927213572498	5.34986844117252e-08	6.29121763284266e-07	CM076442.1	665176	666539	-	NA	B9J08_04720
B9J08_02405	28.2938940141298	-4.2634311610691	0.783963640361471	-5.43830216297189	5.37906936615558e-08	6.31212662138894e-07	CM076439.1	948114	949302	-	NA	B9J08_02405
B9J08_01775	1556.81355790648	0.519678554219601	0.0955804819900809	5.43707819210967	5.41613737563839e-08	6.3421591684647e-07	CM076438.1	3736779	3737196	+	NA	B9J08_01775
B9J08_01657	17985.3468013563	-0.412195170485561	0.076123147536025	-5.41484665082314	6.13412545453222e-08	7.16771910934451e-07	CM076438.1	3470704	3471796	-	NA	B9J08_01657
B9J08_05427	104.272720819868	-1.51518498689621	0.280199992401969	-5.40751259094454	6.39060516561192e-08	7.45166133973356e-07	CM076444.1	398564	400732	+	NA	B9J08_05427
B9J08_03958	7726.79033428437	1.89702144975986	0.35095103420559	5.4053735845342	6.46734514141286e-08	7.52526665191345e-07	CM076441.1	393414	394008	-	NA	B9J08_03958
B9J08_03534	932.926875123821	-0.55940430066316	0.103520961506514	-5.40377806119933	6.52516742687513e-08	7.57659671603758e-07	CM076440.1	1103197	1105201	-	NA	B9J08_03534
B9J08_02832	19012.3770268261	1.23571510749225	0.228881495810071	5.39892970866313	6.70396317015319e-08	7.76788353069952e-07	CM076439.1	1885643	1887050	+	NA	B9J08_02832
B9J08_02494	1635.38847316366	-0.473264305340186	0.0879118526001416	-5.38339588283712	7.30935345593666e-08	8.45163107760709e-07	CM076439.1	1164065	1165826	-	NA	B9J08_02494
B9J08_04677	5259.72034207663	0.400472582179616	0.0745420768403223	5.37243660432851	7.76797438575486e-08	8.96317211483656e-07	CM076442.1	578394	579300	-	NA	B9J08_04677
B9J08_03968	585.104580682272	-0.704518929139995	0.131151900447002	-5.37177827190302	7.79639388383646e-08	8.97722270749253e-07	CM076441.1	412984	414175	-	NA	B9J08_03968
B9J08_01444	370.542456541046	-0.819997933860838	0.152788515354825	-5.3668820065208	8.01094260818194e-08	9.2050893545575e-07	CM076438.1	3000574	3004591	-	NA	B9J08_01444
B9J08_04205	585.980005099369	0.663762765601311	0.123922525603478	5.35627209313978	8.49565421464235e-08	9.74180100504736e-07	CM076441.1	918809	920690	-	NA	B9J08_04205
B9J08_03908	275.68517599018	-0.898107741620275	0.168373542810003	-5.33401938708222	9.60622601369506e-08	1.0992466082338e-06	CM076441.1	281801	283694	+	NA	B9J08_03908
B9J08_02244	4968.77009691402	1.4337751406929	0.268986103715474	5.33029446833248	9.80536470813116e-08	1.1197159244182e-06	CM076439.1	581626	582892	-	NA	B9J08_02244
B9J08_05418	877.750291188668	0.561165124345561	0.105289936405015	5.32971282447116	9.8368186213369e-08	1.1209916808274e-06	CM076444.1	380155	381382	+	NA	B9J08_05418
B9J08_04832	1031.32107065168	-0.54020266463163	0.101530923282101	-5.32057275920449	1.03441068118184e-07	1.17637609771441e-06	CM076442.1	931750	932974	+	NA	B9J08_04832
B9J08_01794	921.251652547027	-0.565745743808762	0.106699006231532	-5.30225879124983	1.14378540465263e-07	1.29809074569098e-06	CM076438.1	3785911	3787366	-	NA	B9J08_01794
B9J08_03616	7603.37547817395	-0.397071406856535	0.0749465676305913	-5.29805993002487	1.17039556011822e-07	1.32556890589619e-06	CM076440.1	1296062	1296839	-	NA	B9J08_03616
B9J08_04354	712.148200150157	0.686624946521409	0.129650480524776	5.2959691606403	1.18386818452297e-07	1.33808577829416e-06	CM076441.1	1266914	1268141	-	NA	B9J08_04354
B9J08_04968	732.479112217215	-0.62651411035495	0.118542984503327	-5.28512178919677	1.25621154607912e-07	1.41695535003659e-06	CM076443.1	309350	311369	-	NA	B9J08_04968
B9J08_04830	1546.69685359865	0.536317211145235	0.101655412629365	5.2758352681194	1.32152761948883e-07	1.48759331016594e-06	CM076442.1	925876	926488	+	NA	B9J08_04830
B9J08_05474	3331.84887606478	0.418286364453232	0.0793464458818424	5.27164587908722	1.35205759469385e-07	1.51886632639693e-06	CM076444.1	517115	518363	+	NA	B9J08_05474
B9J08_00162	1589.28801207146	0.472377567935464	0.0897751623889752	5.26178461130219	1.42663836006848e-07	1.59939760975629e-06	CM076438.1	345890	347271	-	NA	B9J08_00162
B9J08_03292	2439.39575178956	0.463791789384381	0.088390482541968	5.24707837367186	1.54530172836371e-07	1.72892361390005e-06	CM076440.1	598835	600416	+	NA	B9J08_03292
B9J08_03421	6070.67709878127	1.14776625239988	0.219009414243258	5.24071650693987	1.59954292188999e-07	1.78499299176422e-06	CM076440.1	872455	873466	+	NA	B9J08_03421
B9J08_02375	1614.38749664602	-0.478245628018781	0.0912604535100799	-5.2404476377707	1.60187538251321e-07	1.78499299176422e-06	CM076439.1	851062	853423	+	NA	B9J08_02375
B9J08_02769	143.131425953565	-1.21439052373542	0.23178268838418	-5.23934954849849	1.61143558242892e-07	1.79203309136512e-06	CM076439.1	1754960	1757306	-	NA	B9J08_02769
B9J08_01838	83.1418391344152	-1.90619954351977	0.363909423935863	-5.23811536096886	1.6222465376613e-07	1.8004330549506e-06	CM076438.1	3875494	3877144	-	NA	B9J08_01838
B9J08_03825	257.855690509199	-0.916632114056383	0.175382160918309	-5.22648432005201	1.72763462717363e-07	1.91355442572918e-06	CM076441.1	108822	109803	-	NA	B9J08_03825
B9J08_03621	171.23772370034	-1.12573222569615	0.215405571432075	-5.22610542620593	1.73117674995312e-07	1.91364277939818e-06	CM076440.1	1309996	1312372	-	NA	B9J08_03621
B9J08_02582	256.48679748016	-0.906373366994879	0.173488299348358	-5.2244063167333	1.74714755347412e-07	1.92744202156716e-06	CM076439.1	1343013	1343598	+	NA	B9J08_02582
B9J08_02310	297.493058969394	-0.854614955143502	0.163837355931067	-5.21623991236207	1.8259165319123e-07	2.00832379321777e-06	CM076439.1	715184	716048	+	NA	B9J08_02310
B9J08_00510	2156.75305868654	0.43074716496227	0.0825810109283896	5.21605584770322	1.82773089920126e-07	2.00832379321777e-06	CM076438.1	1076920	1079128	-	NA	B9J08_00510
B9J08_00935	584.137944329048	-0.64475676388537	0.123686908904213	-5.21281330091846	1.8599806679545e-07	2.03970499043344e-06	CM076438.1	1945180	1946242	+	NA	B9J08_00935
B9J08_04584	1312.53573412436	-0.492291801201442	0.0945237525336831	-5.20812798905773	1.9075533421123e-07	2.08773214294153e-06	CM076442.1	378951	379737	-	NA	B9J08_04584
B9J08_03498	1108.38448065833	-0.588012112221076	0.113013177975252	-5.20304023615583	1.96054400518169e-07	2.14148749340695e-06	CM076440.1	1029165	1030704	-	NA	B9J08_03498
B9J08_02723	2628.80266461477	0.459361940810033	0.0883098636708377	5.20170592180097	1.97467514660382e-07	2.15266854739237e-06	CM076439.1	1643869	1645909	+	NA	B9J08_02723
B9J08_03870	49.6208363818187	-2.30039110304332	0.443120088007663	-5.19134917441058	2.08775672185073e-07	2.27146287434429e-06	CM076441.1	206003	207701	-	NA	B9J08_03870
B9J08_05245	150.531039676524	-1.32241150578418	0.254874432929732	-5.1884823855548	2.1201481173202e-07	2.30217262169524e-06	CM076443.1	954373	956416	-	NA	B9J08_05245
B9J08_02128	197.358357656644	1.0272763266948	0.198125918799108	5.1849668782428	2.16053258612662e-07	2.34142423598467e-06	CM076439.1	362507	362885	+	NA	B9J08_02128
B9J08_00514	1654.35413391335	-0.462886893795382	0.0893798395071295	-5.17887362908566	2.23229615831734e-07	2.41446200920155e-06	CM076438.1	1089280	1090915	-	NA	B9J08_00514
B9J08_00708	368.048276102886	-0.800977231364088	0.155099106386451	-5.16429301254863	2.41349379115803e-07	2.60534769213485e-06	CM076438.1	1506136	1508251	-	NA	B9J08_00708
B9J08_00284	1156.61827850495	0.55154168782989	0.106879084355966	5.16042676781319	2.46387529594469e-07	2.65454946602072e-06	CM076438.1	611982	612471	-	NA	B9J08_00284
B9J08_04707	3045.01920452156	-0.412980670470097	0.0800410307765171	-5.15961209474153	2.47462025109527e-07	2.66093893537034e-06	CM076442.1	638267	639782	+	NA	B9J08_04707
B9J08_00226	1278.43224411468	-0.490522540617723	0.0951151091866893	-5.15714637571345	2.5074178752464e-07	2.69097060125958e-06	CM076438.1	489445	491485	-	NA	B9J08_00226
B9J08_04224	709.763710538725	-0.609269887608313	0.118430426169787	-5.14453850512063	2.68179245406447e-07	2.87253234372371e-06	CM076441.1	962457	965895	-	NA	B9J08_04224
B9J08_05242	297.283070840389	-0.891779122353876	0.173499828764649	-5.13994237748537	2.74822734901611e-07	2.93799856054391e-06	CM076443.1	943085	944498	-	NA	B9J08_05242
B9J08_02620	3905.62474756649	0.420435280821727	0.0819169159268829	5.13245983524328	2.85979768524333e-07	3.05137100508492e-06	CM076439.1	1414171	1416661	+	NA	B9J08_02620
B9J08_00963	4084.4774765607	0.383332847053039	0.0747836674992308	5.1258899151607	2.96135608835214e-07	3.15364452800044e-06	CM076438.1	1990977	1992690	-	NA	B9J08_00963
B9J08_01542	5661.16384159172	0.418580506203998	0.0817793632501968	5.11841239119687	3.08118303487986e-07	3.27494204495788e-06	CM076438.1	3213646	3214759	+	NA	B9J08_01542
B9J08_02844	3039.10715435032	0.398031677047026	0.077835545336533	5.11375201813104	3.15821912535343e-07	3.35037948288453e-06	CM076439.1	1909449	1910205	-	NA	B9J08_02844
B9J08_02247	4233.04217828253	0.379203569544519	0.0741630363413266	5.11310739489251	3.16902007210891e-07	3.35539730623485e-06	CM076439.1	589389	592722	-	NA	B9J08_02247
B9J08_01166	1238.71057098158	-0.48684210983814	0.0953382528955782	-5.10647190452889	3.28229386140407e-07	3.46868798699432e-06	CM076438.1	2418699	2422737	-	NA	B9J08_01166
B9J08_03598	842.534633341658	0.584718432410683	0.114829613928204	5.09205258476506	3.54207827948922e-07	3.73608142189636e-06	CM076440.1	1255031	1255967	+	NA	B9J08_03598
B9J08_05506	4602.27750062226	0.405391989937742	0.0796421255162478	5.09017040052551	3.57741889181183e-07	3.76617032667505e-06	CM076444.1	595614	597534	+	NA	B9J08_05506
B9J08_01431	2803.00961548296	0.413034812532385	0.0814434212612909	5.07143248817195	3.9483233494374e-07	4.145704505283e-06	CM076438.1	2970421	2972302	-	NA	B9J08_01431
B9J08_01200	2644.37727636495	0.394796261500455	0.0778504984426386	5.07121045334536	3.95293337123963e-07	4.145704505283e-06	CM076438.1	2481083	2481641	-	NA	B9J08_01200
B9J08_03525	3589.86683855156	0.431187316989254	0.0850369067776588	5.07059032752279	3.965836327177e-07	4.14818397840389e-06	CM076440.1	1081673	1083980	-	NA	B9J08_03525
B9J08_00058	1366.44579551011	-0.481261819560183	0.0949163992354699	-5.07037586167025	3.97030816822084e-07	4.14818397840389e-06	CM076438.1	139310	140879	+	NA	B9J08_00058
B9J08_02764	610.264147756819	0.611115202667119	0.120648892803218	5.06523672508017	4.07893150080596e-07	4.2536329065952e-06	CM076439.1	1747551	1748463	-	NA	B9J08_02764
B9J08_05362	598.472253680877	0.673901426142975	0.133138474698157	5.06165800435074	4.15626082482099e-07	4.32611178508204e-06	CM076444.1	271121	271643	+	NA	B9J08_05362
B9J08_04435	507.291682978423	0.714712618114067	0.141252839641716	5.05981061992749	4.19673089619134e-07	4.36002474873111e-06	CM076442.1	27722	28577	+	NA	B9J08_04435
B9J08_04657	1261.00986244333	0.50509090649057	0.099971467410327	5.05235063138019	4.36405614050018e-07	4.5253542755243e-06	CM076442.1	539482	540490	-	NA	B9J08_04657
B9J08_03050	569.447016342839	-0.627946774121905	0.124303788843147	-5.05171065150944	4.37870671223094e-07	4.53204344541206e-06	CM076440.1	80702	82292	-	NA	B9J08_03050
B9J08_01139	5010.30095091067	-0.356542329325002	0.0706157755695984	-5.0490464269361	4.44020829434087e-07	4.57855060500411e-06	CM076438.1	2352896	2355991	+	NA	B9J08_01139
B9J08_00040	439.608447872291	-0.737036093872157	0.145965374883563	-5.0493899286738	4.43223227700082e-07	4.57855060500411e-06	CM076438.1	94781	95342	+	NA	B9J08_00040
B9J08_00440	1515.44265327557	0.530398959641449	0.10533737890201	5.03523977120081	4.77251073957343e-07	4.91204224536729e-06	CM076438.1	936303	937242	-	NA	B9J08_00440
B9J08_01183	1672.80191742889	-0.437356856596834	0.0869156656340158	-5.03196809696488	4.85470066415443e-07	4.98734768973634e-06	CM076438.1	2455186	2458471	+	NA	B9J08_01183
B9J08_02021	1274.27391234221	-0.503412749794626	0.100214470699321	-5.02335387575955	5.0776860708453e-07	5.20674785038256e-06	CM076439.1	137071	140068	+	NA	B9J08_02021
B9J08_01141	2931.758282748	-0.380227735435165	0.0761234184884666	-4.99488518756909	5.88707800165742e-07	6.02553335465936e-06	CM076438.1	2361207	2361825	+	NA	B9J08_01141
B9J08_00020	37.9224262948398	2.46685608034614	0.493981484469356	4.9938229628102	5.91956645185392e-07	6.04758665053542e-06	CM076438.1	46979	47438	-	NA	B9J08_00020
B9J08_02945	702.4857705743	-0.61543308680962	0.123362877181858	-4.98880295976207	6.07545750867838e-07	6.19539735248439e-06	CM076439.1	2153713	2154739	-	NA	B9J08_02945
B9J08_03733	546.235901536641	-0.629507061700211	0.126218010279115	-4.98745828989173	6.11788222250559e-07	6.22717035797208e-06	CM076440.1	1571656	1573993	-	NA	B9J08_03733
B9J08_00448	1834.72384348312	0.448761101539202	0.0900521123205645	4.98334897399982	6.24930940598591e-07	6.34925240567723e-06	CM076438.1	950607	952233	+	NA	B9J08_00448
B9J08_04551	565.263279612376	-0.658700528638915	0.132238778780259	-4.98114497664469	6.32091615645008e-07	6.41022084343111e-06	CM076442.1	306738	308070	-	NA	B9J08_04551
B9J08_04408	1184.75971590462	-0.490945016551387	0.0985998595055842	-4.97916547765042	6.38590261515923e-07	6.46426442380678e-06	CM076441.1	1381562	1382549	-	NA	B9J08_04408
B9J08_00004	276.75070116173	-0.850840389762013	0.171598104596207	-4.95833209675685	7.11009489983432e-07	7.18418546826038e-06	CM076438.1	14044	15583	-	NA	B9J08_00004
B9J08_03796	444.052876634621	-0.677402988877441	0.136652542446054	-4.95711954385963	7.15459587298942e-07	7.21594300508771e-06	CM076441.1	48512	52991	-	NA	B9J08_03796
B9J08_00950	4118.49531711851	-0.355640923598684	0.0717485862584386	-4.95676559141756	7.16763652938874e-07	7.21594300508771e-06	CM076438.1	1970891	1972742	+	NA	B9J08_00950
B9J08_04736	617.412593313841	-0.600908836241468	0.121244212964353	-4.95618571434944	7.18905042481414e-07	7.22434212689959e-06	CM076442.1	706884	708561	-	NA	B9J08_04736
B9J08_02127	725.689575530653	0.558396613280164	0.112746476149038	4.95267464095311	7.32003099617066e-07	7.34261548381765e-06	CM076439.1	358805	361013	-	NA	B9J08_02127
B9J08_01048	1392.37112503079	0.464776746295574	0.0941692803416972	4.93554527133595	7.99271371852418e-07	8.00284940621071e-06	CM076438.1	2150893	2151859	+	NA	B9J08_01048
B9J08_04539	1321.84246545201	0.463461299824706	0.0939257738416455	4.93433570859986	8.04240084233899e-07	8.03803787624007e-06	CM076442.1	280684	281395	+	NA	B9J08_04539
B9J08_01336	917.380162906764	-0.557085582411464	0.113202542514126	-4.92114019737627	8.60414654107168e-07	8.58395630550599e-06	CM076438.1	2786003	2787881	+	NA	B9J08_01336
B9J08_01845	749.04785534616	-0.566528227750437	0.115134439038854	-4.92058008428959	8.62880834787934e-07	8.59304932229354e-06	CM076438.1	3892859	3895397	+	NA	B9J08_01845
B9J08_00627	2313.75121311014	0.404589365538345	0.0822573990155371	4.91857717822958	8.7175545272395e-07	8.66581364605264e-06	CM076438.1	1344503	1345547	+	NA	B9J08_00627
B9J08_02726	1366.05232908286	-0.471988374442725	0.0960086134373707	-4.91610447796559	8.82832946682048e-07	8.76017539732797e-06	CM076439.1	1649437	1650544	-	NA	B9J08_02726
B9J08_01372	945.141404932331	0.529133387730944	0.107643544625783	4.91560724398709	8.85076824278286e-07	8.76670180606825e-06	CM076438.1	2856662	2857577	-	NA	B9J08_01372
B9J08_03402	2188.64637193463	0.414913295094528	0.0844557522889404	4.91278905047255	8.97898680510232e-07	8.86193929853581e-06	CM076440.1	831036	833121	-	NA	B9J08_03402
B9J08_02401	940.744586008542	-0.506116177623208	0.103014382287334	-4.91306326733601	8.96643271350386e-07	8.86193929853581e-06	CM076439.1	933393	936906	+	NA	B9J08_02401
B9J08_04938	265.583853387738	-0.871084227858319	0.177361614347249	-4.91134584596677	9.045338479081e-07	8.91151261566501e-06	CM076443.1	244157	245516	-	NA	B9J08_04938
B9J08_03213	819.911145013275	-0.561173208609494	0.114277997897576	-4.91059713097581	9.07994656911321e-07	8.9296912255318e-06	CM076440.1	424360	426259	+	NA	B9J08_03213
B9J08_03492	509.612636290716	-0.638855518926711	0.130216232101174	-4.90611276810975	9.28991263320471e-07	9.11995508414253e-06	CM076440.1	1019292	1019652	+	NA	B9J08_03492
B9J08_01445	8587.22455388708	0.433715826996358	0.0884600684466311	4.90295604121111	9.44051163792789e-07	9.25136663525309e-06	CM076438.1	3008437	3009436	+	NA	B9J08_01445
B9J08_00552	2061.42667995709	0.459327746549032	0.0937518567986542	4.89939892641812	9.61302864725817e-07	9.40375386431786e-06	CM076438.1	1197565	1197850	-	NA	B9J08_00552
B9J08_01652	780.709127053492	-0.545734177350434	0.111462697105112	-4.89611494718985	9.77499020165099e-07	9.5452952022129e-06	CM076438.1	3456283	3458203	+	NA	B9J08_01652
B9J08_05057	243.320078062757	-0.879882085566081	0.180047754331464	-4.88693729523688	1.0241669482252e-06	9.98336988155326e-06	CM076443.1	508210	510730	-	NA	B9J08_05057
B9J08_02442	13361.1149157892	0.356478941814833	0.0730783654268243	4.8780366081366	1.0714704181157e-06	1.0426086269235e-05	CM076439.1	1033216	1033753	+	NA	B9J08_02442
B9J08_00302	3865.34077637566	-0.382097431577773	0.0784010076865593	-4.87362908784753	1.09566616566725e-06	1.06427889238012e-05	CM076438.1	645336	648180	-	NA	B9J08_00302
B9J08_02561	1618.98788299359	-0.469853941550243	0.0964479841463569	-4.87157866189566	1.10710068145125e-06	1.07349920462825e-05	CM076439.1	1293144	1293734	+	NA	B9J08_02561
B9J08_00233	524.89866923667	-0.62896512230028	0.129148570197177	-4.87008970629725	1.11547595226842e-06	1.07972602244966e-05	CM076438.1	503039	504455	+	NA	B9J08_00233
B9J08_03240	3545.97337126946	0.417131646879627	0.0856786441897728	4.86856031423311	1.12414213755207e-06	1.08621216682697e-05	CM076440.1	480156	481812	+	NA	B9J08_03240
B9J08_00277	825.610474152523	-0.534851005131206	0.109956099545448	-4.86422315216934	1.14907216414847e-06	1.10836332482524e-05	CM076438.1	595021	596113	-	NA	B9J08_00277
B9J08_00550	144821.386744773	0.987495519549776	0.203188722625419	4.8599917691802	1.17390633354582e-06	1.13001111109667e-05	CM076438.1	1194655	1195819	-	NA	B9J08_00550
B9J08_00540	895.367492582511	-0.511698765062816	0.105294189027409	-4.85970564747516	1.17560410508519e-06	1.13001111109667e-05	CM076438.1	1173057	1175838	+	NA	B9J08_00540
B9J08_00872	1613.8539635747	-0.464783583456221	0.095659068890272	-4.85875086228742	1.18128666346098e-06	1.13350197724806e-05	CM076438.1	1834254	1835514	-	NA	B9J08_00872
B9J08_03928	6629.17601203053	0.329320610641956	0.0678847299524842	4.85117361257035	1.22733051957724e-06	1.17564224986194e-05	CM076441.1	324619	326647	-	NA	B9J08_03928
B9J08_04764	204.846892962625	-0.948331364634278	0.195560576520452	-4.84929724337922	1.23899641057237e-06	1.18476352270475e-05	CM076442.1	780198	781266	+	NA	B9J08_04764
B9J08_04009	941.007505837525	-0.526596195986977	0.108658367910764	-4.8463473739956	1.25755249409524e-06	1.20043050688504e-05	CM076441.1	502777	503584	-	NA	B9J08_04009
B9J08_04016	897.59893949477	-0.508237897526753	0.10492789568876	-4.84368712619857	1.27451574055516e-06	1.21452560311179e-05	CM076441.1	517415	518984	+	NA	B9J08_04016
B9J08_01410	2074.08248427372	-0.398111587559753	0.0823263936174791	-4.83577100935013	1.32630536431244e-06	1.26170219424352e-05	CM076438.1	2931426	2934786	-	NA	B9J08_01410
B9J08_03105	339.47609734523	-0.760348756161708	0.157403897034547	-4.83055864871519	1.36150501766131e-06	1.29296189563815e-05	CM076440.1	184272	185571	-	NA	B9J08_03105
B9J08_03943	279.827006780332	-0.821676013687252	0.170679895011853	-4.81413474990824	1.47839030405689e-06	1.40155458156474e-05	CM076441.1	358219	359539	-	NA	B9J08_03943
B9J08_05114	1166.34397470917	0.478861062318066	0.0994873469762229	4.81328607981185	1.48468514968589e-06	1.40472879896745e-05	CM076443.1	643657	644479	+	NA	B9J08_05114
B9J08_01526	2137.07691161451	0.456957090323341	0.0949422818465872	4.81299881818426	1.48682168879312e-06	1.40472879896745e-05	CM076438.1	3189818	3190355	-	NA	B9J08_01526
B9J08_03845	3715.4295398176	0.381926664292114	0.0794994505977833	4.80414218488654	1.55416361896949e-06	1.46584681263556e-05	CM076441.1	151415	152315	-	NA	B9J08_03845
B9J08_04450	6463.37721120695	0.344557992424268	0.0717929634720634	4.79932817591999	1.59198748704675e-06	1.49896334598082e-05	CM076442.1	57956	61697	-	NA	B9J08_04450
B9J08_01796	461.583848716992	-0.645568162304458	0.134529673581885	-4.79870459145592	1.59695127615102e-06	1.50107988151134e-05	CM076438.1	3789306	3792459	+	NA	B9J08_01796
B9J08_01515	2016.38672768983	-0.415007002082511	0.0865732339525142	-4.79371028590827	1.63724668543565e-06	1.53634336679166e-05	CM076438.1	3165252	3166347	+	NA	B9J08_01515
B9J08_04045	908.519923184062	0.536698425599514	0.111995401782702	4.79214697261268	1.65005950882298e-06	1.54574218733298e-05	CM076441.1	564923	566411	-	NA	B9J08_04045
B9J08_04146	1649.95892132399	-0.441340578444555	0.0921308185280943	-4.7903685812796	1.66475228220593e-06	1.55686732043184e-05	CM076441.1	791220	794373	-	NA	B9J08_04146
B9J08_02631	914.371976591002	-0.519118302884431	0.108377161843678	-4.78992339394533	1.66844997843791e-06	1.55768970115309e-05	CM076439.1	1433227	1433791	-	NA	B9J08_02631
B9J08_03139	1489.84346028437	-0.435300473100401	0.0911180963222031	-4.7773218566939	1.7764530958336e-06	1.65572618223816e-05	CM076440.1	259678	261634	-	NA	B9J08_03139
B9J08_00111	2187.09443719347	-0.402173700809137	0.0842966791221462	-4.7709317258677	1.83375694027395e-06	1.70625835166568e-05	CM076438.1	237487	238363	-	NA	B9J08_00111
B9J08_04658	164.36111208634	1.03793879511109	0.217944958070658	4.76238956982245	1.91313895423946e-06	1.77712924371117e-05	CM076442.1	543176	543989	+	NA	B9J08_04658
B9J08_03559	2156.92427016568	0.396155101865997	0.083399543532938	4.75008717175459	2.03328980470263e-06	1.88556925345494e-05	CM076440.1	1178915	1180289	-	NA	B9J08_03559
B9J08_03699	8228.31446133569	1.17207993266774	0.247062287765512	4.7440665399333	2.09469992207059e-06	1.93926406520673e-05	CM076440.1	1477001	1478072	-	NA	B9J08_03699
B9J08_03678	3538.70178250781	0.35895231737318	0.075734254016411	4.73962967002221	2.14109179334159e-06	1.97889871936438e-05	CM076440.1	1436890	1437841	+	NA	B9J08_03678
B9J08_00387	45581.1033271842	0.297819026709656	0.0629618756791319	4.73014857796502	2.24355578394504e-06	2.07013903470187e-05	CM076438.1	812660	814035	-	NA	B9J08_00387
B9J08_01774	3510.26538239026	0.402407537176631	0.0850864622888132	4.72939556248935	2.2518925742994e-06	2.0743683763588e-05	CM076438.1	3735671	3736286	-	NA	B9J08_01774
B9J08_04116	2512.85756915091	0.392122097810669	0.082925021281092	4.72863427410513	2.26035119086623e-06	2.07869567918763e-05	CM076441.1	728348	729473	-	NA	B9J08_04116
B9J08_03623	1902.79817604491	-0.412122349988557	0.0871702004830651	-4.72778940170754	2.26977421977044e-06	2.08389403864971e-05	CM076440.1	1318711	1321447	-	NA	B9J08_03623
B9J08_00612	24797.496522523	-0.333832768382025	0.070620775043597	-4.72711844603711	2.27728438221124e-06	2.08732185414287e-05	CM076438.1	1311154	1311430	-	NA	B9J08_00612
B9J08_00620	14306.0027683262	-0.298659985219426	0.063291155063129	-4.71882658677237	2.37208915648706e-06	2.17061867018278e-05	CM076438.1	1327727	1329065	-	NA	B9J08_00620
B9J08_04473	108.504998264463	-1.24341145899623	0.263577991021085	-4.71743279542928	2.38839257245127e-06	2.17996131718725e-05	CM076442.1	109836	110754	+	NA	B9J08_04473
B9J08_00572	623.241673483336	-0.573469323391714	0.121567796200234	-4.71727991553911	2.39018736785865e-06	2.17996131718725e-05	CM076438.1	1240284	1240977	-	NA	B9J08_00572
B9J08_02470	1027.41413781	-0.548737501785746	0.116426125310888	-4.71318185948792	2.43878358199916e-06	2.21746381531335e-05	CM076439.1	1110417	1111170	+	NA	B9J08_02470
B9J08_01061	4687.43499385577	0.459102818143385	0.0974091985638084	4.71313618130887	2.43933055854988e-06	2.21746381531335e-05	CM076438.1	2179937	2186256	+	NA	B9J08_01061
B9J08_04752	93.0014273841993	-1.33624293959292	0.283896731975943	-4.70679225608749	2.51645119894252e-06	2.28381375641302e-05	CM076442.1	756036	757461	-	NA	B9J08_04752
B9J08_01780	486.21759973417	-0.672621233268007	0.142999903728329	-4.70364815451799	2.55553497717601e-06	2.31548226538554e-05	CM076438.1	3749329	3752002	+	NA	B9J08_01780
B9J08_04936	1360.71655724037	-0.439039753120916	0.0934074795524615	-4.7002633539034	2.59826194673792e-06	2.35034268078895e-05	CM076443.1	237134	239834	-	NA	B9J08_04936
B9J08_01588	8569.63052200842	-0.36661380368207	0.0780752116135482	-4.69564918372188	2.65761320895858e-06	2.40010264802518e-05	CM076438.1	3313548	3314751	-	NA	B9J08_01588
B9J08_02396	38.5382630562087	2.19845538694052	0.468329658933092	4.69424762025291	2.67589744108564e-06	2.41267294565748e-05	CM076439.1	912252	913092	+	NA	B9J08_02396
B9J08_04557	398.207743393353	-0.676780229435869	0.144357841193074	-4.68821245761562	2.75601814135686e-06	2.48086519011064e-05	CM076442.1	319180	320515	+	NA	B9J08_04557
B9J08_01690	1198.10724207963	-0.468524675015504	0.100351981905185	-4.66881337189908	3.0294441644769e-06	2.72255900765265e-05	CM076438.1	3546078	3550299	+	NA	B9J08_01690
B9J08_00877	314.943413894746	-0.765763708858381	0.164038884199717	-4.668184086927	3.03873574143235e-06	2.72647604592477e-05	CM076438.1	1843540	1845379	-	NA	B9J08_00877
B9J08_05376	411.734408728388	-0.667376292948976	0.143063299314162	-4.66490215274179	3.08763924904979e-06	2.76138869409356e-05	CM076444.1	307562	308633	+	NA	B9J08_05376
B9J08_01763	169.760635569229	-0.978285494467161	0.209709431782302	-4.66495706059952	3.0868149020507e-06	2.76138869409356e-05	CM076438.1	3709149	3709785	-	NA	B9J08_01763
B9J08_04333	2250.78695033104	0.388727912124461	0.0833401402338781	4.66435394797237	3.09588118816839e-06	2.76428680565536e-05	CM076441.1	1232884	1233868	-	NA	B9J08_04333
B9J08_03323	5331.29208555138	0.37561746150659	0.0805576841453593	4.66271424621419	3.12065930215128e-06	2.78191676822421e-05	CM076440.1	665564	666731	-	NA	B9J08_03323
B9J08_02754	466.714656018934	-0.626596581564391	0.134631832292248	-4.654148806385	3.25321803657623e-06	2.89180284055477e-05	CM076439.1	1721301	1722993	-	NA	B9J08_02754
B9J08_01710	3079.14115880704	0.360598633879375	0.0774802009847914	4.65407458029383	3.25439002501369e-06	2.89180284055477e-05	CM076438.1	3589368	3590739	-	NA	B9J08_01710
B9J08_01063	9016.52982890535	-0.360603747458405	0.0774992289139788	-4.65299787509707	3.27143620492e-06	2.90228377280784e-05	CM076438.1	2190268	2191441	+	NA	B9J08_01063
B9J08_03636	1800.225421943	0.436830424303458	0.0939122376053432	4.6514749881607	3.2956925230759e-06	2.91911739984623e-05	CM076440.1	1352070	1352694	-	NA	B9J08_03636
B9J08_03043	691.736928247837	-0.551344021130934	0.118793198391602	-4.64120866005669	3.46377131508246e-06	3.06308224935372e-05	CM076440.1	62222	63410	+	NA	B9J08_03043
B9J08_05260	20.0311245655526	-4.08568065089486	0.881384172491673	-4.63552759217883	3.5602822751214e-06	3.14339938252332e-05	CM076444.1	36450	38022	+	NA	B9J08_05260
B9J08_04005	282.639567828389	-0.768679638235946	0.166105786220328	-4.62765118378444	3.69836237534697e-06	3.26010348461606e-05	CM076441.1	493365	494355	+	NA	B9J08_04005
B9J08_05268	4501.88665912251	-0.376964668144101	0.0815043969606396	-4.62508382616641	3.74446933324165e-06	3.29549076509978e-05	CM076444.1	55119	56031	+	NA	B9J08_05268
B9J08_02552	1964.26834693532	0.413129908310916	0.0893556406830243	4.62343401214515	3.77438848518465e-06	3.31127700914533e-05	CM076439.1	1274864	1276754	+	NA	B9J08_02552
B9J08_00713	3603.52821457578	0.353318705122866	0.0764167767354492	4.6235750867383	3.77182118312871e-06	3.31127700914533e-05	CM076438.1	1515596	1517876	-	NA	B9J08_00713
B9J08_03447	872.085461351552	0.50065735760069	0.108511217951652	4.61387649177215	3.95227339002059e-06	3.46184073322406e-05	CM076440.1	924433	926950	-	NA	B9J08_03447
B9J08_01951	977.300304650039	-0.585765176684589	0.127385636869433	-4.59836125233634	4.25827157338114e-06	3.72396629526544e-05	CM076438.1	4120100	4123346	+	NA	B9J08_01951
B9J08_05308	3536.03070258909	-0.372141757276342	0.0810056099134741	-4.59402450859693	4.34778281793014e-06	3.79623943676143e-05	CM076444.1	149996	151457	-	NA	B9J08_05308
B9J08_03378	5656.26629234033	0.31198602539445	0.0682169195818528	4.57344053801932	4.79779883070694e-06	4.18256058948221e-05	CM076440.1	777861	778743	-	NA	B9J08_03378
B9J08_01512	2302.42949647162	0.395239578089357	0.0864724612485574	4.57069883732436	4.86100445216185e-06	4.23098765466119e-05	CM076438.1	3158891	3159662	-	NA	B9J08_01512
B9J08_04485	703.070409567486	-0.520384051853655	0.114478569619961	-4.54568967433115	5.47556618445969e-06	4.75840476438816e-05	CM076442.1	136522	137890	-	NA	B9J08_04485
B9J08_01518	2841.43743050824	0.372093002619079	0.0819360807046834	4.54125947224872	5.59191583308487e-06	4.85188678327474e-05	CM076438.1	3171375	3172884	-	NA	B9J08_01518
B9J08_04468	6290.85642726924	0.335068675405665	0.0738880440091621	4.53481588122858	5.76537567622205e-06	4.99455037029456e-05	CM076442.1	100340	103058	+	NA	B9J08_04468
B9J08_02502	825.401263637263	0.491984793095043	0.108550086442753	4.53232981398414	5.83366714839553e-06	5.04580255542756e-05	CM076439.1	1176608	1178009	-	NA	B9J08_02502
B9J08_05256	326.21295495898	-0.707039750341679	0.156042100619597	-4.53108326236467	5.86820028798493e-06	5.06774109245199e-05	CM076444.1	25366	27217	+	NA	B9J08_05256
B9J08_00776	9269.96624275215	-0.301065644839411	0.0664843891452375	-4.52836596244755	5.94415683203025e-06	5.12532836359301e-05	CM076438.1	1646343	1647867	+	NA	B9J08_00776
B9J08_04748	700.41615716193	0.533833068794969	0.118023644722101	4.52310272278013	6.09396457611416e-06	5.24631498632133e-05	CM076442.1	745542	747000	-	NA	B9J08_04748
B9J08_04249	2846.93818776064	0.348140910242448	0.077074194701241	4.51695812835839	6.27343043493029e-06	5.38404503320803e-05	CM076441.1	1022140	1024456	-	NA	B9J08_04249
B9J08_03722	178.11144840967	-0.964091547774734	0.213429791421579	-4.51713671907406	6.2681436942832e-06	5.38404503320803e-05	CM076440.1	1545298	1545598	+	NA	B9J08_03722
B9J08_04280	3041.38706404351	0.339456364299757	0.0752296390835818	4.51226894658651	6.4137787603205e-06	5.49596204779711e-05	CM076441.1	1098590	1099091	+	NA	B9J08_04280
B9J08_05064	3730.99717571094	0.458608680041829	0.101903266929787	4.50043157456196	6.781563285934e-06	5.8021207865878e-05	CM076443.1	530784	532602	+	NA	B9J08_05064
B9J08_01153	1544.5038891883	0.412829891929819	0.0917381115212805	4.50009145690834	6.79242320391325e-06	5.80243014652682e-05	CM076438.1	2391152	2391959	+	NA	B9J08_01153
B9J08_00638	3721.00079409724	0.343245806457466	0.0766045983946623	4.48074676521485	7.43823243110035e-06	6.34430719856352e-05	CM076438.1	1365941	1366340	-	NA	B9J08_00638
B9J08_04866	103.850730319395	-1.4116819018843	0.315345481116958	-4.4766200450506	7.58340354600959e-06	6.45733175422856e-05	CM076443.1	41880	47268	-	NA	B9J08_04866
B9J08_02908	473.667987763749	-0.631162407715731	0.141000330444032	-4.47631864214858	7.59411188754941e-06	6.45733175422856e-05	CM076439.1	2064477	2066901	-	NA	B9J08_02908
B9J08_01889	486.701182613293	-0.598455752634595	0.133823946672099	-4.47196310912094	7.7504800038867e-06	6.58016942879904e-05	CM076438.1	4001197	4001944	-	NA	B9J08_01889
B9J08_05269	263.187167041357	-0.771522007919377	0.172553348479874	-4.47120855501314	7.77788023475657e-06	6.59330430329748e-05	CM076444.1	57390	59565	+	NA	B9J08_05269
B9J08_00017	72.447786887721	1.59926937319229	0.35789487702821	4.46854502772397	7.87534362703065e-06	6.66570049411921e-05	CM076438.1	40528	41707	-	NA	B9J08_00017
B9J08_01506	1328.73523861963	-0.416875570528109	0.0933233975008214	-4.46699950593247	7.93243129728098e-06	6.70375348319143e-05	CM076438.1	3149072	3153272	+	NA	B9J08_01506
B9J08_02768	1784.8145290452	-0.386342702280026	0.0865828665653279	-4.46211493804638	8.11546737077715e-06	6.84796765775348e-05	CM076439.1	1754423	1754891	+	NA	B9J08_02768
B9J08_05441	278.165234465659	-0.742296329104269	0.16637435966883	-4.46160292115815	8.13488592842009e-06	6.85388940950882e-05	CM076444.1	438145	438970	-	NA	B9J08_05441
B9J08_03246	449.228524260412	0.609096754997244	0.136700625849321	4.45569836431199	8.3620535698233e-06	7.0345616560751e-05	CM076440.1	492542	495794	-	NA	B9J08_03246
B9J08_02404	78.8112619709624	-1.37427559028625	0.309338012543055	-4.44263405906175	8.8864230723911e-06	7.46432527676377e-05	CM076439.1	940974	943566	-	NA	B9J08_02404
B9J08_00285	8932.77901286199	0.357214492587868	0.0804192249680118	4.44190419305777	8.91662627027858e-06	7.47832980209859e-05	CM076438.1	613214	614834	+	NA	B9J08_00285
B9J08_01099	31593.8437752314	0.270712306889282	0.0609624537170296	4.4406399411981	8.96917559237956e-06	7.51100507561846e-05	CM076438.1	2271961	2273254	+	NA	B9J08_01099
B9J08_05312	367.1727018142	-0.701890311269152	0.158254257858292	-4.43520648839449	9.19840786471614e-06	7.69131622818247e-05	CM076444.1	159967	160558	+	NA	B9J08_05312
B9J08_03691	376.666561734216	0.678111343840078	0.153009072258581	4.43183749715237	9.34334248741926e-06	7.80070301026681e-05	CM076440.1	1461455	1461998	+	NA	B9J08_03691
B9J08_04525	1998.79494873779	-0.393436197429576	0.0888678990520122	-4.42720264152197	9.54630410814219e-06	7.94614801290691e-05	CM076442.1	247188	249315	+	NA	B9J08_04525
B9J08_01401	717.75716550573	-0.500156035620711	0.112970958689702	-4.42729743486105	9.54211121230047e-06	7.94614801290691e-05	CM076438.1	2909946	2911071	+	NA	B9J08_01401
B9J08_02372	1978.43024314691	0.375272341864882	0.0849028980785269	4.42001804835675	9.86926582554543e-06	8.19030513780625e-05	CM076439.1	842675	845738	-	NA	B9J08_02372
B9J08_01314	933.874631275005	0.479143680924746	0.108397707288819	4.42023814810121	9.85921878026927e-06	8.19030513780625e-05	CM076438.1	2737951	2739514	+	NA	B9J08_01314
B9J08_02169	3674.80503761839	0.445252868775033	0.100745305366136	4.41958925189479	9.88886748589174e-06	8.19426845495107e-05	CM076439.1	454722	455544	+	NA	B9J08_02169
B9J08_03969	645.976219144117	-0.534165373196904	0.121079779784609	-4.41168107628824	1.02571121503989e-05	8.4866854573735e-05	CM076441.1	414279	414996	+	NA	B9J08_03969
B9J08_05205	40.0177168833266	-2.06597456775309	0.468779399017663	-4.4071360048722	1.04746421306901e-05	8.65371405924129e-05	CM076443.1	851561	853715	+	NA	B9J08_05205
B9J08_03786	321.055954669746	-0.698336648598	0.15850697693739	-4.40571552174542	1.05435261212757e-05	8.69762221974491e-05	CM076441.1	24082	24877	+	NA	B9J08_03786
B9J08_00986	3248.66068123256	-0.328176522744165	0.0745551823779447	-4.40179357459727	1.07359676162102e-05	8.84317332560267e-05	CM076438.1	2036207	2038622	+	NA	B9J08_00986
B9J08_01618	1045.4986351305	-0.450113682151717	0.102396865516053	-4.39577598282198	1.10377723610358e-05	9.07823926182218e-05	CM076438.1	3368029	3370051	-	NA	B9J08_01618
B9J08_05522	3102.10415089767	0.358987183692329	0.0817069276089186	4.39359542939348	1.11491214616563e-05	9.1561952925073e-05	CM076444.1	626678	628274	+	NA	B9J08_05522
B9J08_02415	2934.65639824515	0.432133282171268	0.0983819746594641	4.39240301556295	1.12104643280195e-05	9.19291340370384e-05	CM076439.1	970166	970736	+	NA	B9J08_02415
B9J08_00230	375.801733320456	-0.697102936666417	0.158864180036806	-4.38804352563877	1.14374889671323e-05	9.36518541056894e-05	CM076438.1	499393	500419	-	NA	B9J08_00230
B9J08_00928	328.122746600887	-0.698365094628522	0.159192686590678	-4.3869169469084	1.1496866393484e-05	9.39987878058969e-05	CM076438.1	1935084	1936095	-	NA	B9J08_00928
B9J08_04840	2316.42122824592	-0.365408135562247	0.0833291433925367	-4.38511810737004	1.15922864264965e-05	9.46389469412793e-05	CM076442.1	951965	953363	-	NA	B9J08_04840
B9J08_01064	2982.82025768795	0.344177124998161	0.0785723729171535	4.38038348874941	1.18470625244359e-05	9.65762751807625e-05	CM076438.1	2192624	2194710	+	NA	B9J08_01064
B9J08_02248	1097.90856394851	-0.436890815157608	0.099780059111384	-4.37853834772646	1.19477920063675e-05	9.72539711622875e-05	CM076439.1	593498	596450	-	NA	B9J08_02248
B9J08_00368	172.270039352018	-0.925723161577762	0.211837922826887	-4.36995958619863	1.24269533420667e-05	0.000101005545767063	CM076438.1	763670	767381	-	NA	B9J08_00368
B9J08_01603	528.466539109123	-0.567659382416735	0.129921808132191	-4.3692386257368	1.24680468619738e-05	0.000101190741565535	CM076438.1	3345391	3346636	-	NA	B9J08_01603
B9J08_01201	831.487927724425	-0.524611491636483	0.120204030360039	-4.36434194481792	1.27505998698406e-05	0.000103332207449573	CM076438.1	2481880	2484148	-	NA	B9J08_01201
B9J08_03814	954.503337519159	-0.447904034550075	0.102668422295913	-4.36262703306298	1.2850992078148e-05	0.000103993313639713	CM076441.1	86388	88629	+	NA	B9J08_03814
B9J08_05514	776.688118692321	-0.477993495619093	0.109969771245766	-4.34658988742323	1.38270402096156e-05	0.000111728145085593	CM076444.1	611801	614435	-	NA	B9J08_05514
B9J08_05541	175.166196026697	-0.952037142659646	0.219117894788702	-4.34486258449	1.39362875362683e-05	0.000112381272674337	CM076444.1	670507	672166	-	NA	B9J08_05541
B9J08_00083	54.7869194572755	-1.67521333966306	0.385578982432305	-4.34466974598952	1.39485350198291e-05	0.000112381272674337	CM076438.1	189050	190055	-	NA	B9J08_00083
B9J08_03223	1243.06623328542	-0.443603864762928	0.102171053442449	-4.3417763624489	1.413353556644e-05	0.000113706042322727	CM076440.1	450098	453818	+	NA	B9J08_03223
B9J08_00211	114.734930084875	-1.15459247968298	0.266444311266054	-4.33333507552384	1.46867313974289e-05	0.000117984832025566	CM076438.1	454290	456405	+	NA	B9J08_00211
B9J08_03289	4075.36711136317	0.406450667806568	0.0938322801531232	4.33167207642497	1.4798122816171e-05	0.000118707147757587	CM076440.1	589103	590138	-	NA	B9J08_03289
B9J08_03249	797.474183245467	-0.473426479437773	0.109328372552308	-4.33031671820837	1.48895031341246e-05	0.000119267078003343	CM076440.1	500849	502028	-	NA	B9J08_03249
B9J08_04074	1511.86882873526	-0.399892591232856	0.0923663889090956	-4.32941674948903	1.49504773793302e-05	0.000119582183032645	CM076441.1	623502	625461	-	NA	B9J08_04074
B9J08_03448	596.127821037482	0.560091695569389	0.129420134304034	4.32770139346033	1.50673553281925e-05	0.000120342879911734	CM076440.1	928205	929264	+	NA	B9J08_03448
B9J08_01469	6726.86399318372	0.3810632434812	0.0881401029364682	4.32338096718439	1.53656058470234e-05	0.00012254791272222	CM076438.1	3061703	3063263	-	NA	B9J08_01469
B9J08_04719	1282.95632872312	-0.51801787162939	0.119934053360875	-4.3191892303573	1.56603462140558e-05	0.000124718636203295	CM076442.1	664569	665032	+	NA	B9J08_04719
B9J08_01939	2298.00658515473	0.408421439689383	0.0946706035916282	4.31413156982872	1.60231504975711e-05	0.000127424392518094	CM076438.1	4086979	4088353	+	NA	B9J08_01939
B9J08_00032	2602.21787340259	0.334895321266435	0.0776560367843071	4.31254716483435	1.61384440766426e-05	0.000128156868407476	CM076438.1	72294	74700	-	NA	B9J08_00032
B9J08_04154	800.654048945162	-0.469264181896321	0.10893283078703	-4.30783060080168	1.6486356910459e-05	0.000130731843104888	CM076441.1	813461	814556	-	NA	B9J08_04154
B9J08_05538	1042.55939181291	-0.459106065683378	0.106790973155948	-4.29910929843238	1.71485892802093e-05	0.000135788328011056	CM076444.1	657646	657909	-	NA	B9J08_05538
B9J08_04388	353.17416885553	-0.680208269475587	0.158243178957218	-4.29849977710247	1.7195807409501e-05	0.000135967421391004	CM076441.1	1329771	1332495	-	NA	B9J08_04388
B9J08_02993	1457.85704221117	0.385032210248611	0.0895839324897985	4.29800522869944	1.72342098819467e-05	0.000136076397167885	CM076439.1	2262493	2263177	-	NA	B9J08_02993
B9J08_01286	8363.12264474432	-0.281121176566309	0.0655005583182323	-4.29188977596941	1.77158890039011e-05	0.000139680054956578	CM076438.1	2666390	2671121	+	NA	B9J08_01286
B9J08_05471	674.148103168163	-0.498096255737039	0.116151338477045	-4.28833849241847	1.80014620389645e-05	0.000141729459671449	CM076444.1	508908	509454	+	NA	B9J08_05471
B9J08_01903	1695.80610930718	-0.371401484895792	0.0867740706258757	-4.28009752472119	1.86811434103359e-05	0.000146871521520521	CM076438.1	4025562	4028478	-	NA	B9J08_01903
B9J08_03514	615.888971884656	0.547023132028404	0.127844589328572	4.2788133224982	1.87892360594044e-05	0.000147511516619784	CM076440.1	1060046	1060439	-	NA	B9J08_03514
B9J08_05591	27.3344543988033	2.43758837309913	0.570118352272711	4.27558306688773	1.90637702465645e-05	0.000149454550571294	CM076444.1	763313	765233	-	NA	B9J08_05591
B9J08_01422	5739.28732343824	0.291896603772715	0.068435156437539	4.26530191450838	1.99632062807152e-05	0.000156284194211775	CM076438.1	2951915	2954654	-	NA	B9J08_01422
B9J08_00727	265.619339121991	0.7417761126672	0.174101235017713	4.26060224438805	2.03876787343727e-05	0.000159381471520337	CM076438.1	1554948	1556391	-	NA	B9J08_00727
B9J08_04135	336.03905071144	-0.683680712556469	0.1604941625424	-4.25984784571746	2.04566111530294e-05	0.000159694477179087	CM076441.1	767926	770026	+	NA	B9J08_04135
B9J08_00607	696.08318985317	-0.490808483361435	0.1153399650932	-4.2553202002865	2.08750057544606e-05	0.000162730827651486	CM076438.1	1298683	1301128	-	NA	B9J08_00607
B9J08_05219	204.16365509848	-0.818017452789781	0.192285291757451	-4.25418629429873	2.09810573602344e-05	0.00016332718877467	CM076443.1	885993	887637	+	NA	B9J08_05219
B9J08_00532	1017.23647988793	-0.431192567268203	0.101405571417428	-4.25215854751444	2.11719878684048e-05	0.000164581683472115	CM076438.1	1146513	1147740	+	NA	B9J08_00532
B9J08_01823	1693.93674568488	0.378359794096078	0.089094097706527	4.24674365458397	2.16899881688829e-05	0.000168371579507606	CM076438.1	3851358	3852693	+	NA	B9J08_01823
B9J08_03046	2433.23440836418	0.360778791462845	0.084967684883597	4.24607063211267	2.17552075155596e-05	0.000168640998511218	CM076440.1	72135	72462	+	NA	B9J08_03046
B9J08_02759	354.691914831346	0.669879294491895	0.157865457474679	4.24335573600287	2.2020195136517e-05	0.00017045604834668	CM076439.1	1735462	1735813	-	NA	B9J08_02759
B9J08_04416	1193.92710712188	-0.420912692549838	0.0993658179374394	-4.23599081944703	2.27546074005391e-05	0.000175894706437454	CM076441.1	1397540	1398929	+	NA	B9J08_04416
B9J08_05534	57.9503861860487	-1.56524390319336	0.369542577081034	-4.23562533864706	2.27916527464091e-05	0.000175935006605311	CM076444.1	648262	650197	-	NA	B9J08_05534
B9J08_00816	3326.66776882235	0.385579087158454	0.0910736439272427	4.23370659755842	2.29870809681929e-05	0.000177196089973782	CM076438.1	1728880	1729864	-	NA	B9J08_00816
B9J08_02603	18813.7188837226	0.302369464606434	0.0714882587094463	4.22963812610642	2.34067526691287e-05	0.000180179835657764	CM076439.1	1379445	1380036	+	NA	B9J08_02603
B9J08_04480	489.380041089868	-0.568535695351579	0.134754801631556	-4.219038494124	2.4534638556995e-05	0.000188450501328847	CM076442.1	123043	127534	+	NA	B9J08_04480
B9J08_00405	1500.00237656908	-0.393255357150865	0.0932127007421004	-4.21890315396952	2.45493687274778e-05	0.000188450501328847	CM076438.1	860694	862365	+	NA	B9J08_00405
B9J08_05291	1727.2420228651	-0.402598434577369	0.0954353966017152	-4.21854415566114	2.45884822031958e-05	0.00018848896135515	CM076444.1	110073	113490	-	NA	B9J08_05291
B9J08_02406	823.406798487858	-0.486505535980374	0.115402658548599	-4.21572208213463	2.48980232825781e-05	0.000190597471859846	CM076439.1	951717	953355	-	NA	B9J08_02406
B9J08_03489	2423.57303799036	-0.350590286064315	0.0832352747178647	-4.21203975421094	2.53074990053284e-05	0.000193313631868041	CM076440.1	1011968	1014847	+	NA	B9J08_03489
B9J08_00678	18627.3942026277	-0.272619374131022	0.0647307240243341	-4.21159160877818	2.5357767885712e-05	0.000193313631868041	CM076438.1	1434958	1436989	+	NA	B9J08_00678
B9J08_00628	5310.08920107843	0.291633295579243	0.0692437510346382	4.21169118110539	2.53465905671101e-05	0.000193313631868041	CM076438.1	1345767	1347099	+	NA	B9J08_00628
B9J08_05234	384.665481946514	0.606164903883974	0.144065099993777	4.20757632424618	2.58124234197939e-05	0.000196508628431406	CM076443.1	928061	928982	+	NA	B9J08_05234
B9J08_02938	3947.40001267155	-0.392771297032412	0.0935397647507065	-4.1989767461912	2.68123850278092e-05	0.000203840511758874	CM076439.1	2135935	2137174	-	NA	B9J08_02938
B9J08_03933	157.133688024777	-0.927873417523285	0.221450990370994	-4.18997185774077	2.78989053729023e-05	0.000211402723985656	CM076441.1	334743	335319	+	NA	B9J08_03933
B9J08_01676	500.719002999931	-0.562603026994861	0.134279675358641	-4.18978542726018	2.7921836169627e-05	0.000211402723985656	CM076438.1	3514964	3515810	-	NA	B9J08_01676
B9J08_01396	389.479379018318	-0.626492485431357	0.149511146148135	-4.19027277612221	2.78619304270789e-05	0.000211402723985656	CM076438.1	2900335	2901694	+	NA	B9J08_01396
B9J08_00115	1405.93655865798	-0.392110757632289	0.0938752076978754	-4.17693624598141	2.95461794264652e-05	0.000223394984528144	CM076438.1	247697	248912	-	NA	B9J08_00115
B9J08_03442	2123.21250990872	-0.354474680427602	0.0848776805707185	-4.17630027168639	2.96288655925167e-05	0.000223484074633112	CM076440.1	908939	913925	-	NA	B9J08_03442
B9J08_02093	2310.05676943722	-0.334117030684483	0.0800045813042225	-4.17622372666363	2.96388324056579e-05	0.000223484074633112	CM076439.1	291460	292867	-	NA	B9J08_02093
B9J08_00204	578.134528110798	-0.524614311274409	0.125842561237327	-4.16881463724372	3.06187868875088e-05	0.000230558630963571	CM076438.1	437029	441205	-	NA	B9J08_00204
B9J08_04908	248.793501643361	-0.726709243778454	0.174780036060821	-4.15785040532645	3.2125627616382e-05	0.000241575978007814	CM076443.1	173221	174610	+	NA	B9J08_04908
B9J08_04472	262.131575239108	0.775047609842533	0.186520974710261	4.15528393547418	3.24883833537022e-05	0.000243971867929228	CM076442.1	107740	109321	+	NA	B9J08_04472
B9J08_00076	6275.74969371068	-0.30638522534528	0.0737485127831503	-4.15445971427483	3.26057054821051e-05	0.00024452067055576	CM076438.1	172944	175320	-	NA	B9J08_00076
B9J08_05036	318.057014106805	-0.660591384471928	0.159043132143057	-4.15353606012825	3.27376594299936e-05	0.000245177565947933	CM076443.1	459770	460562	+	NA	B9J08_05036
B9J08_02031	1373.24932179807	0.400393884950371	0.0965661019121683	4.14631922612502	3.37862697268911e-05	0.000252688379946586	CM076439.1	157583	158213	+	NA	B9J08_02031
B9J08_00354	363.137597463328	-0.650471740151222	0.156907920346965	-4.1455634534755	3.38979109224757e-05	0.000253180748200707	CM076438.1	738202	739219	-	NA	B9J08_00354
B9J08_05225	12929.6902856663	0.775115552620211	0.18699175542532	4.14518571076667	3.39538415488992e-05	0.000253256251337066	CM076443.1	901348	902041	+	NA	B9J08_05225
B9J08_00113	806.157133399129	-0.474595417304263	0.114651344168128	-4.13946666519935	3.48114177466663e-05	0.000259302838121057	CM076438.1	242342	245457	+	NA	B9J08_00113
B9J08_03214	7800.71994636397	0.308506523794126	0.0746003947734491	4.13545430598614	3.54253102171986e-05	0.000263520443567237	CM076440.1	426285	427206	-	NA	B9J08_03214
B9J08_05059	407.711815068204	-0.671978706385395	0.162513047387968	-4.13492157821137	3.55075866747806e-05	0.000263777461762785	CM076443.1	516743	518732	+	NA	B9J08_05059
B9J08_00800	1101.82101910787	0.413800867575362	0.100377640183679	4.12244068318558	3.7487916101757e-05	0.000278115050059612	CM076438.1	1694664	1696449	-	NA	B9J08_00800
B9J08_05411	6274.77907651362	-0.284493346486817	0.0690304990379493	-4.12127031459555	3.76789006402451e-05	0.00027915721694187	CM076444.1	368318	369203	+	NA	B9J08_05411
B9J08_01711	7078.28611208135	0.283665396848265	0.068906087659608	4.1166957301299	3.84342938528113e-05	0.000284372613285794	CM076438.1	3591142	3592870	-	NA	B9J08_01711
B9J08_00981	832.360866126565	0.462417794134625	0.112401287229926	4.11399020002958	3.88877951224804e-05	0.000287343373852873	CM076438.1	2027703	2029023	+	NA	B9J08_00981
B9J08_02803	253.240545683619	-0.720423862847432	0.175161887843639	-4.11290305052279	3.90714498583228e-05	0.000288314957766289	CM076439.1	1829975	1830938	-	NA	B9J08_02803
B9J08_01825	9771.43564238241	0.776553004115146	0.188875268718861	4.11145942707322	3.93165972317717e-05	0.000289737110533337	CM076438.1	3858021	3858252	+	NA	B9J08_01825
B9J08_02163	2392.26120813354	0.327264470045101	0.0796193636356618	4.11036279494349	3.95037955731191e-05	0.000290728998845046	CM076439.1	443139	445176	+	NA	B9J08_02163
B9J08_04113	78000.9231810322	0.277624432744819	0.0675575830122365	4.1094488637128	3.96604522822225e-05	0.000291493776281707	CM076441.1	720323	722432	-	NA	B9J08_04113
B9J08_00557	1080.36775560855	-0.417407508473438	0.101633407515042	-4.10699118212347	4.00846525974022e-05	0.000294220285399525	CM076438.1	1205937	1209309	-	NA	B9J08_00557
B9J08_01168	556.55299532733	-0.578849938097745	0.140992728750039	-4.10553042862209	4.03388177122014e-05	0.000295693163786919	CM076438.1	2425715	2426708	+	NA	B9J08_01168
B9J08_00949	478.867229626485	-0.557575946370816	0.135826327453883	-4.1050653199773	4.04200651896448e-05	0.000295896291792274	CM076438.1	1969159	1970344	+	NA	B9J08_00949
B9J08_03953	3800.33340222296	0.361202500362341	0.0881101709278101	4.09944160315248	4.1414814875876e-05	0.000302777356903395	CM076441.1	382825	384685	+	NA	B9J08_03953
B9J08_03945	116.692544903244	-1.02395905074122	0.250001004455307	-4.09581974669334	4.20677161896665e-05	0.000307144342642387	CM076441.1	361206	362919	-	NA	B9J08_03945
B9J08_03409	802.345546315096	0.467970603357659	0.114285918078573	4.09473547769833	4.22650657629763e-05	0.000308178124633206	CM076440.1	847036	848131	-	NA	B9J08_03409
B9J08_00745	1041.8152380278	-0.420062135138498	0.102632348905328	-4.0928824061698	4.2604381204815e-05	0.00031024297090779	CM076438.1	1590177	1591809	+	NA	B9J08_00745
B9J08_03527	3124.2372536812	-0.332383402072934	0.0812413782509964	-4.09130678514624	4.28949241040995e-05	0.000311947691478103	CM076440.1	1090655	1092428	+	NA	B9J08_03527
B9J08_04121	3134.90455952888	0.313912594678343	0.0767752530109047	4.08872107049594	4.33758044856683e-05	0.000315030317204059	CM076441.1	739712	741773	-	NA	B9J08_04121
B9J08_04452	8174.79524746397	0.268948038088746	0.0657936930906567	4.08774801132023	4.35580908012812e-05	0.00031593906543134	CM076442.1	64928	68792	+	NA	B9J08_04452
B9J08_00072	2958.27606530482	0.317627863342805	0.0778373152806115	4.08066313949452	4.49073975119095e-05	0.000325299064283518	CM076438.1	165864	166610	+	NA	B9J08_00072
B9J08_02652	1773.82455320844	-0.36893956924839	0.090431690053098	-4.07975975050077	4.50822696348049e-05	0.000326138356376396	CM076439.1	1486749	1487757	-	NA	B9J08_02652
B9J08_01402	1601.50703905608	-0.359689896274018	0.0881774507369172	-4.07915961811116	4.5198796142778e-05	0.000326553916707365	CM076438.1	2911201	2912187	-	NA	B9J08_01402
B9J08_01460	2298.48677796705	-0.377645172960922	0.0926305298214203	-4.07689747310065	4.56406051204662e-05	0.000329315436685139	CM076438.1	3040305	3041751	-	NA	B9J08_01460
B9J08_01457	2298.00043370437	0.326940638416181	0.0802208624389855	4.07550640165264	4.59143190815182e-05	0.000330858463576989	CM076438.1	3038040	3038706	+	NA	B9J08_01457
B9J08_02195	4917.87799367601	0.293031179161907	0.0719361485383142	4.07348996458761	4.63138480407252e-05	0.000333302914220167	CM076439.1	502886	503903	-	NA	B9J08_02195
B9J08_04978	20791.5443390586	0.292247033784395	0.0717645661785278	4.07230266058288	4.65506355441852e-05	0.00033457134285138	CM076443.1	330857	332082	+	NA	B9J08_04978
B9J08_03463	723.690626036576	-0.533038007944197	0.130919022183404	-4.07150923566681	4.67095099868653e-05	0.000335262471764859	CM076440.1	955203	956889	-	NA	B9J08_03463
B9J08_02212	7185.43134296059	0.332520035326817	0.0816758276632553	4.07121721126326	4.67681139371641e-05	0.000335262471764859	CM076439.1	531204	532581	+	NA	B9J08_02212
B9J08_05587	66.1951645749905	-1.3867036410692	0.341057395780643	-4.06589523706175	4.78484279285102e-05	0.000342562514457093	CM076444.1	757552	758872	+	NA	B9J08_05587
B9J08_03142	153.307125955168	0.889919779840848	0.218971115942879	4.0640966549807	4.82188428915482e-05	0.000344767845616542	CM076440.1	268001	269132	+	NA	B9J08_03142
B9J08_03597	1374.01721870474	-0.38073250598224	0.0936986065846804	-4.06337425773938	4.8368383280619e-05	0.000345390251152431	CM076440.1	1250511	1252449	-	NA	B9J08_03597
B9J08_01040	1762.35463471962	0.382885901594037	0.0943213499242689	4.05937682085188	4.92038556392963e-05	0.000350902851765665	CM076438.1	2138274	2139576	+	NA	B9J08_01040
B9J08_02551	497.674993570212	-0.547232178580975	0.134866249836677	-4.05759171952711	4.95813475545907e-05	0.000353139314348225	CM076439.1	1271641	1273327	+	NA	B9J08_02551
B9J08_04037	1148.22600055848	-0.396665768302251	0.0977809735158566	-4.05667640686688	4.97759700526207e-05	0.000354069223270058	CM076441.1	549104	550020	+	NA	B9J08_04037
B9J08_02236	267.180640669176	-0.688002974151797	0.169612772825045	-4.05631582275628	4.98528395305206e-05	0.00035416021090641	CM076439.1	572064	573615	-	NA	B9J08_02236
B9J08_02223	8172.76059314624	0.266329652313321	0.0656800580148275	4.0549545838281	5.01440444495918e-05	0.000355771673521045	CM076439.1	549519	551184	-	NA	B9J08_02223
B9J08_03162	1148.1632350917	-0.413327832447002	0.101955768146208	-4.05399164718445	5.03510148975672e-05	0.000356782127357505	CM076440.1	312276	313364	-	NA	B9J08_03162
B9J08_00790	757.001228967145	-0.490825923512295	0.121104806638698	-4.05290208650938	5.05861778719989e-05	0.000357989507168422	CM076438.1	1679026	1679935	+	NA	B9J08_00790
B9J08_03858	703.398070113803	0.471202722809217	0.116449462331457	4.0464138981424	5.20082419037947e-05	0.000367582548596258	CM076441.1	182620	183481	-	NA	B9J08_03858
B9J08_02355	875.947224094654	-0.430666645214813	0.106529394462117	-4.04270246150666	5.28386536190498e-05	0.000372974761880573	CM076439.1	812978	813665	+	NA	B9J08_02355
B9J08_04308	1377.32861597382	0.382860762496702	0.0947313229359485	4.0415435004066	5.31005280106982e-05	0.000374345176422359	CM076441.1	1165658	1165975	-	NA	B9J08_04308
B9J08_04234	3934.00242296768	0.292475546852696	0.0723866195589294	4.04046422715726	5.3345501925124e-05	0.000375527124647386	CM076441.1	987751	990643	+	NA	B9J08_04234
B9J08_03520	1344.64707515445	-0.424604963485304	0.105102211361304	-4.0399241651126	5.34684870696414e-05	0.000375527124647386	CM076440.1	1069450	1070599	+	NA	B9J08_03520
B9J08_01145	501.719558389786	-0.529077573209473	0.130962755809462	-4.03990867433508	5.34720186534273e-05	0.000375527124647386	CM076438.1	2372772	2373255	+	NA	B9J08_01145
B9J08_02297	16156.2722089584	0.253514660089044	0.0627599207982654	4.03943562809676	5.35799701114864e-05	0.000375693114916506	CM076439.1	692374	692824	+	NA	B9J08_02297
B9J08_00495	951.910780284437	-0.445218979130281	0.11022427976162	-4.03920969221254	5.36316026178982e-05	0.000375693114916506	CM076438.1	1051959	1053315	+	NA	B9J08_00495
B9J08_01411	263.297806079553	-0.715074103960785	0.177090293463717	-4.03790682128658	5.39302651036768e-05	0.00037730705725066	CM076438.1	2936468	2938244	+	NA	B9J08_01411
B9J08_02491	537.396167488516	-0.509097607957965	0.126138794640484	-4.03601135882879	5.43675850184497e-05	0.000379885767884919	CM076439.1	1159103	1160087	+	NA	B9J08_02491
B9J08_02149	788.072017638488	-0.450910776365317	0.111771264188948	-4.03422811433053	5.47820796582868e-05	0.000382298679635545	CM076439.1	412321	416135	+	NA	B9J08_02149
B9J08_03445	2902.21892650586	-0.315350964591962	0.0782221600048664	-4.03147860622033	5.54270426430788e-05	0.00038631180919079	CM076440.1	919901	923378	+	NA	B9J08_03445
B9J08_01053	4138.89982965067	0.298192691302202	0.0740621881676049	4.02624738317727	5.66740641097531e-05	0.000394505733418898	CM076438.1	2160477	2163174	-	NA	B9J08_01053
B9J08_02705	486.312196455792	0.53877061064374	0.134137504600093	4.01655459634492	5.90551873815738e-05	0.000410563547997432	CM076439.1	1604804	1605065	-	NA	B9J08_02705
B9J08_04221	3121.3389107432	-0.352604303739994	0.0879695784362897	-4.0082527392735	6.1169637787383e-05	0.000424342489606073	CM076441.1	956871	959079	+	NA	B9J08_04221
B9J08_04143	2172.79487035686	-0.331729509279825	0.0827633034167892	-4.00817144295537	6.11906937246318e-05	0.000424342489606073	CM076441.1	786352	788702	+	NA	B9J08_04143
B9J08_04731	3435.03016460047	0.319090549888849	0.0796300360430768	4.00716319802032	6.14524024888839e-05	0.000425623344055215	CM076442.1	695362	697135	+	NA	B9J08_04731
B9J08_03972	1924.07299366567	-0.34968147049262	0.0872714276803584	-4.0068265156996	6.15400304311987e-05	0.000425696806249356	CM076441.1	422009	422417	-	NA	B9J08_03972
B9J08_04083	3086.93929531216	0.377698046496314	0.0943187763518016	4.0044841664138	6.2152953656045e-05	0.000429399218571201	CM076441.1	639936	640140	-	NA	B9J08_04083
B9J08_00636	1823.46596096378	0.378403453419841	0.0945761646154089	4.001044607366	6.30634669695278e-05	0.000435145795181748	CM076438.1	1362196	1363024	-	NA	B9J08_00636
B9J08_00218	2053.80358444	0.402313172375298	0.10062010155732	3.99833796774807	6.37888257901723e-05	0.00043960204506519	CM076438.1	474760	476914	+	NA	B9J08_00218
B9J08_03267	522.024848837566	0.519834940181153	0.130150370288436	3.99411034351349	6.49376184293629e-05	0.000446961665079812	CM076440.1	549591	550496	+	NA	B9J08_03267
B9J08_03768	351.012013702762	0.604645575649213	0.151519432265948	3.99054805450916	6.59207905522735e-05	0.000453164439530368	CM076440.1	1655122	1656307	+	NA	B9J08_03768
B9J08_00750	499.572103238717	-0.51654550259807	0.129605982120494	-3.9855066421073	6.7336293525079e-05	0.000462320117159145	CM076438.1	1599350	1602371	+	NA	B9J08_00750
B9J08_01940	1277.06579618418	-0.389041454886769	0.0976794151050988	-3.98283972593588	6.80966812335435e-05	0.000466960740915378	CM076438.1	4089049	4090489	+	NA	B9J08_01940
B9J08_04878	3034.37907605343	0.371007867165515	0.0932150811345611	3.98012706366628	6.88784424057536e-05	0.000471736246811153	CM076443.1	74640	75981	-	NA	B9J08_04878
B9J08_03100	459.125796237399	-0.541014489066287	0.136009504967166	-3.97776970952796	6.95646960960546e-05	0.000475846627874869	CM076440.1	174762	178461	+	NA	B9J08_03100
B9J08_01815	1397.86693088804	0.408075163132516	0.102687296689413	3.97395954795439	7.06875737298741e-05	0.000482333604944462	CM076438.1	3835973	3836306	-	NA	B9J08_01815
B9J08_01608	210.093845575895	-0.760821786327699	0.191443607506798	-3.97413001267583	7.0636972476349e-05	0.000482333604944462	CM076438.1	3353825	3354782	+	NA	B9J08_01608
B9J08_04117	4414.62509589777	0.284715664973225	0.071674062767517	3.97236676671634	7.11620396180213e-05	0.000484972371108266	CM076441.1	729907	733249	+	NA	B9J08_04117
B9J08_01305	3570.88983926501	-0.303406548303968	0.0763949182830349	-3.97155406567594	7.14052903857056e-05	0.000486030837391373	CM076438.1	2706727	2707459	-	NA	B9J08_01305
B9J08_05046	1609.74559288519	-0.420362601247345	0.105967404751203	-3.96690474994928	7.28120743499446e-05	0.000494996721933756	CM076443.1	485761	486768	+	NA	B9J08_05046
B9J08_05315	285.727982136515	-0.683320794731844	0.172397978072918	-3.96362418150186	7.3820435209864e-05	0.000501235313765256	CM076444.1	168392	172436	+	NA	B9J08_05315
B9J08_04986	7537.41550348198	0.273118412114038	0.0691174361789524	3.95151248676102	7.76588193344359e-05	0.000526650668050831	CM076443.1	342596	345869	+	NA	B9J08_04986
B9J08_04827	447.240152994234	0.53389488560116	0.135168484270078	3.94984739589439	7.82010354124633e-05	0.000529677846476329	CM076442.1	918234	918915	-	NA	B9J08_04827
B9J08_03698	21179.8871302916	0.312486124874977	0.0792440777214749	3.94333726708633	8.03555240236747e-05	0.000543604628248286	CM076440.1	1474721	1476296	-	NA	B9J08_03698
B9J08_05165	1987.78159557912	-0.333526422897814	0.0847472592394333	-3.93554229235324	8.30090440137596e-05	0.000560869176361919	CM076443.1	758343	760473	-	NA	B9J08_05165
B9J08_03111	565.947246446772	0.48466348386943	0.123189265768952	3.93429963921079	8.34396387491402e-05	0.000562989805393685	CM076440.1	196253	196809	+	NA	B9J08_03111
B9J08_02102	17418.8734077446	0.27786511230522	0.0706308151194629	3.93404934992251	8.35266221137727e-05	0.000562989805393685	CM076439.1	306408	307940	+	NA	B9J08_02102
B9J08_01799	3176.53356579952	-0.320447640631641	0.0815342447228932	-3.93022148817019	8.48676476364849e-05	0.000571331898278748	CM076438.1	3795424	3796396	+	NA	B9J08_01799
B9J08_03781	720.346223334614	-0.46720763200943	0.118978806015366	-3.92681392305358	8.6078522616008e-05	0.000578778582115178	CM076441.1	9960	11718	-	NA	B9J08_03781
B9J08_00208	547.377173039762	-0.510678136350243	0.130180318520721	-3.92285210355326	8.75068722063264e-05	0.000587667658182705	CM076438.1	446168	448481	+	NA	B9J08_00208
B9J08_03510	232.375548583332	-0.755512683649021	0.192794329886719	-3.91874949897614	8.90095618212717e-05	0.000597033796342438	CM076440.1	1052831	1055303	+	NA	B9J08_03510
B9J08_05551	674.133308592901	-0.474629585666089	0.121250499921359	-3.91445467007497	9.06087573703577e-05	0.00060702375998299	CM076444.1	691908	693354	+	NA	B9J08_05551
B9J08_01642	1395.73249926333	-0.360047661022319	0.0920669649678806	-3.91071500128118	9.20233042670644e-05	0.000615753998406859	CM076438.1	3427807	3434086	-	NA	B9J08_01642
B9J08_00936	4036.50156606357	-0.308353575539932	0.0788661903298436	-3.90983226462821	9.23602329763665e-05	0.000617261194268897	CM076438.1	1946309	1946963	-	NA	B9J08_00936
B9J08_03220	1504.36888075149	-0.356833689248719	0.0912883398705266	-3.90886382373491	9.27312139848006e-05	0.000618992052770523	CM076440.1	442052	444332	-	NA	B9J08_03220
B9J08_01301	2147.00902241849	0.337470000688858	0.0864647609276386	3.90297731779173	9.50166100906429e-05	0.000633482272582609	CM076438.1	2701322	2701808	-	NA	B9J08_01301
B9J08_01202	1452.97703253416	-0.367444624034324	0.0942806752408489	-3.89734824337704	9.72517254858369e-05	0.000647602755132796	CM076438.1	2484459	2485551	-	NA	B9J08_01202
B9J08_00142	3271.33917803829	0.300632465242915	0.0771727662031866	3.89557715802729	9.79651686818236e-05	0.000651568576780312	CM076438.1	297671	299399	+	NA	B9J08_00142
B9J08_04906	2329.8635152799	-0.325974346095669	0.0837778659298154	-3.89093637654548	9.98581164459075e-05	0.000663360348072753	CM076443.1	167714	168563	+	NA	B9J08_04906
B9J08_03536	4208.25438207338	0.278848785845867	0.0717234485542885	3.88783293980632	0.00010114319931909	0.000671090591400492	CM076440.1	1109543	1112318	+	NA	B9J08_03536
B9J08_01883	1558.92451983128	0.890208318770487	0.229035144813726	3.88677606440921	0.000101584386191397	0.000673209715203661	CM076438.1	3974182	3975997	-	NA	B9J08_01883
B9J08_03346	3226.95448688391	0.288924687108323	0.0744596466045959	3.88028550071697	0.000104333922705057	0.00069060310274353	CM076440.1	712952	715247	+	NA	B9J08_03346
B9J08_00185	3082.20620958717	0.306864404522719	0.0791512190394041	3.87693845081466	0.000105779103431618	0.000699331464912147	CM076438.1	400795	402484	-	NA	B9J08_00185
B9J08_03154	2051.74686640608	-0.330804353634529	0.0853516300240204	-3.87578249579336	0.00010628259229189	0.000701820654238086	CM076440.1	295897	296755	+	NA	B9J08_03154
B9J08_02943	815.380105652219	-0.419539724902702	0.108440020884124	-3.8688642945856	0.000109343475154152	0.000721171106416468	CM076439.1	2150116	2151880	-	NA	B9J08_02943
B9J08_02724	6081.10525259763	-0.264843486769024	0.0685899284573327	-3.86125911960636	0.000112804190972484	0.000743109372473087	CM076439.1	1646035	1647253	-	NA	B9J08_02724
B9J08_01393	829.144235856843	-0.427353882351812	0.110715056171913	-3.85994368903392	0.000113413157102131	0.000746231570599379	CM076438.1	2894133	2897481	+	NA	B9J08_01393
B9J08_03714	121.026083669711	-1.0658283175816	0.276405044539081	-3.85603786413855	0.000115239645723243	0.000757212875451988	CM076440.1	1525593	1527255	+	NA	B9J08_03714
B9J08_01941	9799.93849214366	0.299041049064199	0.0775563471678749	3.85579078933292	0.000115356113828582	0.000757212875451988	CM076438.1	4090807	4091497	-	NA	B9J08_01941
B9J08_03423	254.730422377011	-0.696862303298008	0.180801489191269	-3.85429515218649	0.000116063512674285	0.000760952591400678	CM076440.1	876985	878041	+	NA	B9J08_03423
B9J08_03638	1791.55605753946	0.329004315591543	0.0854357395057917	3.8508979672288	0.000117685525060231	0.000769012712725905	CM076440.1	1354136	1355450	-	NA	B9J08_03638
B9J08_00295	2182.05585267255	0.339433423655608	0.088134382967531	3.85131673050524	0.000117484434388653	0.000769012712725905	CM076438.1	628772	633377	+	NA	B9J08_00295
B9J08_00106	887.905817602043	-0.40947869347427	0.106334723790364	-3.8508464486309	0.000117710286767888	0.000769012712725905	CM076438.1	233034	233856	-	NA	B9J08_00106
B9J08_03983	1433.81158002729	-0.374335671034163	0.09724477231009	-3.84941691097283	0.0001183993372124	0.000772601105989299	CM076441.1	441625	442249	+	NA	B9J08_03983
B9J08_03599	1176.17576632111	-0.37061691618662	0.096412034023029	-3.84409394472576	0.00012099865044217	0.00078863153419089	CM076440.1	1256117	1257599	-	NA	B9J08_03599
B9J08_02930	794.174659731382	-0.416714812617737	0.108778832718198	-3.83084468002406	0.000127704103037376	0.00083135521494414	CM076439.1	2121019	2122051	+	NA	B9J08_02930
B9J08_02595	1428.38899731362	-0.348856106329938	0.0912312095907255	-3.8238680369903	0.000131374247848391	0.000854241726891835	CM076439.1	1364727	1366614	-	NA	B9J08_02595
B9J08_05216	514.644422874863	-0.497997133012152	0.130245790989534	-3.82351805174395	0.00013156095488653	0.000854450526037429	CM076443.1	877453	879271	-	NA	B9J08_05216
B9J08_04985	5101.51425137199	0.290382425703388	0.0759816691235757	3.82174317901747	0.000132511653691341	0.000859614917784085	CM076443.1	341245	342349	+	NA	B9J08_04985
B9J08_00081	1957.73595735916	-0.318861084114868	0.0834754096491503	-3.81982053703061	0.000133548806518285	0.000865327378225743	CM076438.1	182050	185545	-	NA	B9J08_00081
B9J08_02228	3752.36634032876	-0.289915744858787	0.075940067126395	-3.81769144839245	0.000134706247878103	0.000871804955529594	CM076439.1	558201	558777	-	NA	B9J08_02228
B9J08_01044	651.046688386453	-0.472281351325868	0.123723117052141	-3.8172442028504	0.000134950583185972	0.000872364764057153	CM076438.1	2144649	2145663	-	NA	B9J08_01044
B9J08_00675	2372.77467647917	-0.315307342105134	0.0826299307240259	-3.81589745195627	0.000135688852540282	0.00087611248596979	CM076438.1	1429566	1430466	-	NA	B9J08_00675
B9J08_03054	802.240594776802	0.420903221275492	0.110376000007643	3.81335816886233	0.000137091212770508	0.000884134344203729	CM076440.1	84833	86825	+	NA	B9J08_03054
B9J08_00880	336.881234561584	-0.599735979919575	0.157493121475198	-3.80801379959963	0.000140087457402312	0.000902404868371305	CM076438.1	1849318	1850275	-	NA	B9J08_00880
B9J08_01258	510.287855893788	-0.49520547041846	0.130152946663535	-3.80479645765256	0.000141920844774411	0.000913150767250488	CM076438.1	2598484	2601733	-	NA	B9J08_01258
B9J08_01348	4539.24811943164	0.268324031951781	0.0706186748467658	3.79961862119351	0.000144918934024804	0.000931356916691969	CM076438.1	2809279	2811622	-	NA	B9J08_01348
B9J08_01298	586.107540659493	-0.463155381078418	0.122043967982319	-3.79498789440801	0.00014765066025866	0.000947810916666217	CM076438.1	2692909	2695318	-	NA	B9J08_01298
B9J08_03788	342.758454088605	-0.595566845367752	0.156975746894922	-3.79400548905443	0.000148236394339847	0.000950466997118715	CM076441.1	27802	28636	+	NA	B9J08_03788
B9J08_03148	797.603703047542	-0.419199777028382	0.110556493449028	-3.79172461020261	0.000149604757176648	0.000958129192254153	CM076440.1	274280	275369	-	NA	B9J08_03148
B9J08_01797	3698.78091589322	-0.281900140029655	0.0745232842611383	-3.78271224657577	0.000155128715777082	0.000992356958448997	CM076438.1	3792591	3793233	+	NA	B9J08_01797
B9J08_05134	1943.41367077007	-0.351528916216698	0.0929433749725595	-3.78218368248929	0.000155458576936893	0.000993317404312379	CM076443.1	684513	686412	-	NA	B9J08_05134
B9J08_04870	2190.29020366597	-0.331003762393988	0.0875614891185423	-3.78024364051037	0.000156674966681939	0.000999933649943506	CM076443.1	59339	60320	-	NA	B9J08_04870
B9J08_04710	963.282148692031	0.40083488099576	0.106141236572334	3.77642934961094	0.000159092658800043	0.00101419276261573	CM076442.1	646025	647762	-	NA	B9J08_04710
B9J08_04274	1108.68379649654	-0.3909800916109	0.103567719352107	-3.77511539364554	0.000159933610364399	0.00101837910654843	CM076441.1	1081376	1085207	+	NA	B9J08_04274
B9J08_01945	3419.14413678438	0.301761464426561	0.0799582685486835	3.77398697975595	0.000160659149190202	0.00102182176936047	CM076438.1	4098824	4099865	+	NA	B9J08_01945
B9J08_04810	1400.98879994892	-0.346927162890321	0.0919425676930572	-3.77330296069726	0.000161100461047362	0.00102345086001008	CM076442.1	875589	876645	-	NA	B9J08_04810
B9J08_00246	1434.5077052824	-0.347181342828495	0.092175586674577	-3.76652165018713	0.000165537735032088	0.00105043290645505	CM076438.1	536572	536920	+	NA	B9J08_00246
B9J08_00445	1925.36689706374	0.3345508318444	0.0889477729637225	3.76120526346227	0.000169096591430763	0.00107178539086906	CM076438.1	944920	946360	-	NA	B9J08_00445
B9J08_00814	563.055628781096	0.495317423645788	0.131846087171657	3.75678515966051	0.000172110130911019	0.00108963653327056	CM076438.1	1725167	1727189	+	NA	B9J08_00814
B9J08_04385	561.630430061556	-0.46851269563624	0.12475327412793	-3.75551422526832	0.000172985934807402	0.00109392821702576	CM076441.1	1325064	1326357	+	NA	B9J08_04385
B9J08_05018	976.0619264259	-0.380954716346101	0.101463441375159	-3.7546007821431	0.000173617977578287	0.00109541844985753	CM076443.1	421749	423573	-	NA	B9J08_05018
B9J08_04825	1447.45897965452	-0.34316729928907	0.0913952116757138	-3.75476234473517	0.00017350602898765	0.00109541844985753	CM076442.1	913263	914562	-	NA	B9J08_04825
B9J08_03415	2952.69632568884	0.306654979451554	0.0817065265875326	3.75312710329245	0.000174642247159315	0.00110062451544987	CM076440.1	859307	861743	+	NA	B9J08_03415
B9J08_01975	598.755468925097	-0.470232449693368	0.125408311752868	-3.74961151394827	0.000177108727054046	0.00111489741962154	CM076439.1	40147	42958	-	NA	B9J08_01975
B9J08_02327	304.026838196635	-0.59961081829904	0.159952982344669	-3.74866919959635	0.000177775384692076	0.00111782087735279	CM076439.1	749869	750187	+	NA	B9J08_02327
B9J08_00352	1149.38162925773	0.367508964129982	0.0980975223378664	3.74636336750904	0.000179416652951529	0.0011268589100717	CM076438.1	734338	735346	-	NA	B9J08_00352
B9J08_01020	3075.0256509343	0.288902823889366	0.0771544795878842	3.74447245879335	0.000180773204306284	0.00113409023859345	CM076438.1	2099915	2101801	+	NA	B9J08_01020
B9J08_05124	2521.2470224367	0.356785018017046	0.0953581628611552	3.74152571014332	0.000182906461413937	0.00114617234947259	CM076443.1	659008	660622	-	NA	B9J08_05124
B9J08_02099	12416.04381588	0.242604426426673	0.0649169529571212	3.73715054967102	0.000186117494293426	0.00116380280269417	CM076439.1	302202	302616	+	NA	B9J08_02099
B9J08_00721	1336.06991260436	0.351013667899196	0.0939262829576135	3.73711869400388	0.00018614106704933	0.00116380280269417	CM076438.1	1544046	1544461	+	NA	B9J08_00721
B9J08_02343	1027.45130430069	0.377917694766872	0.10121670977552	3.73374806990885	0.00018865120246294	0.00117803094545074	CM076439.1	785712	787548	-	NA	B9J08_02343
B9J08_00851	1127.26508147936	0.392176286943918	0.105042749158854	3.73349222182711	0.000188843028346183	0.00117803094545074	CM076438.1	1790628	1792284	+	NA	B9J08_00851
B9J08_02480	3409.35392248599	0.276800421343796	0.0741791638130577	3.73151174959823	0.000190334130905106	0.00118599407160374	CM076439.1	1139559	1140831	-	NA	B9J08_02480
B9J08_02655	5087.84110111714	0.263018392135374	0.0704991818320203	3.73080063201404	0.000190872227846957	0.00118800766138528	CM076439.1	1495739	1496591	-	NA	B9J08_02655
B9J08_04775	274.650534653645	-0.625910622797742	0.168006045272315	-3.72552441064383	0.000194909588552398	0.00121177198642194	CM076442.1	801756	803370	-	NA	B9J08_04775
B9J08_00214	4483.96480235022	0.263886703681102	0.0708798703744649	3.72301335043312	0.000196859108222209	0.00122251718106084	CM076438.1	462433	463486	+	NA	B9J08_00214
B9J08_05574	283.523115821612	0.621486306426807	0.167100846075903	3.71922896275765	0.000199831849031083	0.00123958544286734	CM076444.1	734781	735636	-	NA	B9J08_05574
B9J08_02651	9654.22869712422	0.245386502849892	0.0660098454246525	3.71742277642492	0.000201265478985361	0.00124707881429607	CM076439.1	1483047	1486290	-	NA	B9J08_02651
B9J08_03136	2765.68858342495	0.308943664294642	0.0831378279173429	3.71604204769217	0.000202367919596886	0.00125250558971108	CM076440.1	254853	255597	+	NA	B9J08_03136
B9J08_04078	599.564660186022	0.44955480723691	0.120987156105663	3.71572340161707	0.000202623146450891	0.00125268247252134	CM076441.1	630279	630801	-	NA	B9J08_04078
B9J08_04922	501.367224086973	-0.495140978203722	0.133329422479887	-3.71366626356171	0.00020427814984031	0.00126009523902611	CM076443.1	203373	204741	-	NA	B9J08_04922
B9J08_00521	2203.88160650947	-0.338801022989699	0.0912253737430239	-3.71389021594014	0.000204097362219073	0.00126009523902611	CM076438.1	1106377	1109431	+	NA	B9J08_00521
B9J08_04666	3349.55374239198	0.28670552572017	0.0772668568788	3.71058869613259	0.000206777831145171	0.00127409261174957	CM076442.1	555114	556371	+	NA	B9J08_04666
B9J08_04000	212.387528758491	-0.705730299338792	0.190282981580819	-3.70884612736134	0.000208205901646507	0.00128146327216063	CM076441.1	482319	482925	-	NA	B9J08_04000
B9J08_03875	6895.10000682156	0.251016815121442	0.06778062934082	3.70337097136202	0.000212753413835515	0.00130799568216784	CM076441.1	218481	220062	+	NA	B9J08_03875
B9J08_00219	725.366853118702	-0.436310679095269	0.117952621984201	-3.69903332164764	0.000216422189052916	0.00132907270988385	CM076438.1	477038	477818	-	NA	B9J08_00219
B9J08_05175	825.377932761906	0.41392582402382	0.112131836983714	3.69142105541299	0.000223004615360655	0.00136797614772291	CM076443.1	776399	777797	+	NA	B9J08_05175
B9J08_04021	20377.2421633584	0.311379172555553	0.0844141951297938	3.68870629017764	0.000225397233748847	0.00138112030036572	CM076441.1	524078	524927	-	NA	B9J08_04021
B9J08_00195	572.678001533456	0.476211019016683	0.129259957717361	3.68413410793436	0.000229481403875235	0.00140458883634377	CM076438.1	417848	418238	-	NA	B9J08_00195
B9J08_03785	2101.53058020789	0.318361388306702	0.086506706936334	3.68019312700234	0.000233057376708201	0.00142489836401131	CM076441.1	19233	21816	-	NA	B9J08_03785
B9J08_05336	1565.36433455534	-0.325240060455761	0.0883944192043343	-3.67941849025479	0.000233766389133804	0.00142607818183502	CM076444.1	216466	217726	+	NA	B9J08_05336
B9J08_05157	1087.65566867624	0.397397981134885	0.108001760561619	3.67955095424721	0.000233645003701003	0.00142607818183502	CM076443.1	745652	746411	+	NA	B9J08_05157
B9J08_02718	1219.70189549675	0.400105934479913	0.108808726918741	3.67714930419796	0.000235855005043068	0.00143723331077512	CM076439.1	1636071	1636752	+	NA	B9J08_02718
B9J08_05109	1952.98768489057	-0.311108586131182	0.0848348991374918	-3.6672240940249	0.000245197894769059	0.00149171202448204	CM076443.1	632664	634722	-	NA	B9J08_05109
B9J08_01023	897.155240656378	0.393940819159151	0.10742626132981	3.66708116137179	0.000245334943053044	0.00149171202448204	CM076438.1	2102557	2104312	-	NA	B9J08_01023
B9J08_02609	3341.80963936233	0.275974884310972	0.075286724806333	3.66565134850649	0.000246709852401832	0.00149842346618124	CM076439.1	1386309	1388802	-	NA	B9J08_02609
B9J08_02448	5787.35115867598	0.258986513424029	0.0706604566413383	3.6652255835057	0.00024712066288595	0.00149927102499522	CM076439.1	1043895	1044945	-	NA	B9J08_02448
B9J08_03351	451.204596541788	-0.507259975980593	0.138483529293113	-3.662962509476	0.000249315039637937	0.00151092568429702	CM076440.1	718275	721107	-	NA	B9J08_03351
B9J08_03795	1515.68100793689	-0.333640163127225	0.0911448130682394	-3.66055019365097	0.000251674243829624	0.00152355262392808	CM076441.1	47907	48312	-	NA	B9J08_03795
B9J08_04960	574.756124397212	-0.467593155385002	0.127763270182768	-3.65984022415912	0.000252372559816057	0.00152610846619622	CM076443.1	294384	296172	-	NA	B9J08_04960
B9J08_02528	866.152687234367	-0.451512053203625	0.123515929902863	-3.65549653035613	0.00025668468028614	0.00155048768081038	CM076439.1	1220958	1221222	+	NA	B9J08_02528
B9J08_03551	1737.5237629455	-0.321907663736473	0.0880716793058912	-3.65506444606808	0.000257117381295169	0.00155140585853537	CM076440.1	1152077	1154867	-	NA	B9J08_03551
B9J08_04066	1723.52296201619	-0.313128755578703	0.0858522433338337	-3.6472984679167	0.000265012023404316	0.00159729711380115	CM076441.1	608955	609993	-	NA	B9J08_04066
B9J08_02474	866.718174773116	0.413380666808002	0.113396549925154	3.64544306754348	0.000266931507230878	0.00160711376956979	CM076439.1	1126464	1127304	-	NA	B9J08_02474
B9J08_04611	669.3243531332	-0.423250707702412	0.116123179046554	-3.64484258162386	0.000267555519605076	0.00160911790735283	CM076442.1	448652	450935	+	NA	B9J08_04611
B9J08_01297	606.872557653043	-0.442238431399796	0.121373300513028	-3.64362202832514	0.000268828109895131	0.00161501409064173	CM076438.1	2692029	2692836	+	NA	B9J08_01297
B9J08_03484	495.776001344194	-0.482883031882907	0.132582271865876	-3.64213876476189	0.000270382247862053	0.00162258706181712	CM076440.1	1002570	1003068	+	NA	B9J08_03484
B9J08_01778	1344.51914385194	-0.357524654790087	0.0982112331975507	-3.64036417372879	0.000272252698521565	0.00163027157608742	CM076438.1	3740933	3744320	-	NA	B9J08_01778
B9J08_01451	564.31437296443	-0.468987230145104	0.12882895218062	-3.64038690222037	0.000272228665803107	0.00163027157608742	CM076438.1	3027852	3029376	+	NA	B9J08_01451
B9J08_02423	7191.69741798817	0.285784105371413	0.0785223577958285	3.63952526889857	0.000273141134657112	0.00163382148403664	CM076439.1	985639	986779	-	NA	B9J08_02423
B9J08_03370	1779.44744666517	0.320904954953362	0.0882274584748843	3.63724582460588	0.000275568905685997	0.00164656145051514	CM076440.1	755807	757706	-	NA	B9J08_03370
B9J08_01725	3324.66901535718	-0.377374662583359	0.103820301708501	-3.63488312375477	0.000278106685809626	0.00165689190513986	CM076438.1	3622267	3623440	-	NA	B9J08_01725
B9J08_00649	560.438610794583	0.548867879448799	0.151003628830689	3.63479926740177	0.000278197157222687	0.00165689190513986	CM076438.1	1383006	1384251	+	NA	B9J08_00649
B9J08_00489	4414.55048586326	-0.298067825324734	0.0819939508422758	-3.63524165213237	0.000277720185556479	0.00165689190513986	CM076438.1	1036997	1039040	-	NA	B9J08_00489
B9J08_00161	1054.75816118953	-0.380946428322217	0.104829628664133	-3.63395762416314	0.000279106722856853	0.00166051976020433	CM076438.1	344691	345849	+	NA	B9J08_00161
B9J08_04527	183.43848948353	-0.734431840581299	0.202204245174719	-3.63212869218792	0.000281092869712569	0.00167053794720577	CM076442.1	249760	250747	+	NA	B9J08_04527
B9J08_00177	1273.65081023793	0.342806088882396	0.0948248758016196	3.61514935806055	0.000300174511546923	0.00178202419475816	CM076438.1	383548	386371	-	NA	B9J08_00177
B9J08_04443	1311.48692706025	0.333133369261861	0.0922744559963697	3.6102447385327	0.000305908225877983	0.00181362906326082	CM076442.1	43871	44549	-	NA	B9J08_04443
B9J08_02950	1273.84014267253	0.349704677570226	0.0968701355308979	3.6100360101043	0.000306154499008928	0.00181362906326082	CM076439.1	2162036	2163170	+	NA	B9J08_02950
B9J08_05206	192.470058053938	0.712179875391735	0.197373676433312	3.60828195664868	0.000308231407642423	0.00182397750539579	CM076443.1	854194	858553	-	NA	B9J08_05206
B9J08_00430	806.991729096611	0.405452389575518	0.112396708154591	3.60733331280359	0.000309360150577375	0.00182869898635417	CM076438.1	909730	910945	-	NA	B9J08_00430
B9J08_02363	1153.05370706645	-0.346831071895087	0.0961536519368333	-3.60705043343473	0.000309697482679032	0.00182873716534937	CM076439.1	827154	829587	+	NA	B9J08_02363
B9J08_04686	2139.33372627724	0.307516175546099	0.0853100410716478	3.60468910439078	0.000312526821166639	0.00184347464310353	CM076442.1	596896	600229	+	NA	B9J08_04686
B9J08_02385	400.946063694647	-0.512139378770421	0.14210256803199	-3.60401212914835	0.000313342423723575	0.00184631511292132	CM076439.1	883700	884402	+	NA	B9J08_02385
B9J08_05429	180.134260097776	0.774545559909919	0.215170094655933	3.59968963692865	0.000318597216102555	0.00187527882151099	CM076444.1	402246	403281	-	NA	B9J08_05429
B9J08_02985	372.206344820504	-0.53502063707929	0.148706859101505	-3.59782084237347	0.000320894527836611	0.00188679154824782	CM076439.1	2247324	2248431	-	NA	B9J08_02985
B9J08_04921	549.658739572379	0.47819777142621	0.132963788414043	3.5964511626062	0.000322588113736716	0.00189473379874902	CM076443.1	199061	201716	-	NA	B9J08_04921
B9J08_01321	2113.10754215472	-0.306623227361455	0.0852818876455015	-3.59540854250344	0.000323882899941917	0.00190031930783331	CM076438.1	2753580	2755380	+	NA	B9J08_01321
B9J08_02690	682.849319175628	-0.419958583816322	0.116896971752556	-3.59255314761513	0.000327453840295727	0.00191923369598567	CM076439.1	1573074	1574100	+	NA	B9J08_02690
B9J08_02499	1184.13442393108	-0.347125605348494	0.0966462334366602	-3.59171374822375	0.000328510575615831	0.00192338766041176	CM076439.1	1170314	1171688	+	NA	B9J08_02499
B9J08_01650	623.015894080691	-0.452373372124783	0.126328117717783	-3.5809397012895	0.000342360666419075	0.00200235704052723	CM076438.1	3452484	3453339	-	NA	B9J08_01650
B9J08_01686	1012.95837702777	-0.380886468932103	0.106427651709345	-3.57882996396751	0.000345135919263012	0.00201645478410853	CM076438.1	3533832	3535770	+	NA	B9J08_01686
B9J08_02717	471.259391529791	-0.515953137214339	0.144372594547897	-3.57376092623428	0.000351890243969392	0.00205321820462739	CM076439.1	1633533	1635801	+	NA	B9J08_02717
B9J08_01942	4634.07610272391	0.253552583345386	0.0709525385110746	3.57355196397674	0.000352171314996701	0.00205321820462739	CM076438.1	4093635	4094184	+	NA	B9J08_01942
B9J08_00564	529.811691801205	0.451194736132008	0.12629681487851	3.57249497199143	0.000353596274289816	0.00205935364383542	CM076438.1	1217754	1218783	+	NA	B9J08_00564
B9J08_03624	1572.16798172019	-0.320110700365649	0.0896933870373693	-3.56894427715479	0.000358422641687115	0.00208526520063651	CM076440.1	1321856	1324733	-	NA	B9J08_03624
B9J08_01822	1742.02785973342	0.347655859141774	0.0974193949385876	3.56865138980728	0.000358823493989316	0.0020854021569705	CM076438.1	3849786	3850734	+	NA	B9J08_01822
B9J08_01858	3581.45016837813	0.266635032301896	0.0747453255935743	3.56724691724157	0.000360751518952087	0.00209440508954641	CM076438.1	3924039	3925124	+	NA	B9J08_01858
B9J08_03869	1916.99561063952	0.349167206578532	0.0980004629066864	3.56291384981518	0.000366761068049128	0.00212706025509709	CM076441.1	202005	203022	-	NA	B9J08_03869
B9J08_05160	563.139597981826	-0.449250633045048	0.126273966166099	-3.55774548535293	0.00037405147623878	0.00216706761967687	CM076443.1	750591	751368	+	NA	B9J08_05160
B9J08_01639	203.131453266311	-0.690338208532254	0.194259822230626	-3.55368495968601	0.000379873971990154	0.00219849575203098	CM076438.1	3422299	3422902	+	NA	B9J08_01639
B9J08_00860	16728.1723346265	-0.301335092531157	0.0848171048522921	-3.5527632434039	0.000381207390239093	0.00220390506888229	CM076438.1	1811399	1812596	-	NA	B9J08_00860
B9J08_03087	823.851962475969	0.388907489202682	0.109502595089015	3.55158239753623	0.00038292207585037	0.00221150502949321	CM076440.1	151687	152413	-	NA	B9J08_03087
B9J08_02055	1437.04420167124	-0.323949748387842	0.0912292907249188	-3.55094011817585	0.000383857742448989	0.00221459472078868	CM076439.1	216942	219468	+	NA	B9J08_02055
B9J08_01996	2474.99392824452	0.285689076165104	0.0804687259114361	3.55031191222703	0.000384774973701256	0.00221757172017398	CM076439.1	88750	91891	+	NA	B9J08_01996
B9J08_02176	5500.3344980382	0.245807244106372	0.0692558203042399	3.54926478419494	0.000386308418959883	0.00222409024124091	CM076439.1	468898	470029	-	NA	B9J08_02176
B9J08_02805	576.978529811805	-0.44802428433567	0.12624102083932	-3.54895961199423	0.000386756395777098	0.00222435234074924	CM076439.1	1835747	1837277	+	NA	B9J08_02805
B9J08_04781	8580.479220979	0.238699300544075	0.0672825453342102	3.54771507763852	0.000388588338803282	0.00223256522719931	CM076442.1	817452	819225	-	NA	B9J08_04781
B9J08_01024	1568.88091284161	0.338497913304338	0.0954444636067156	3.54654319918584	0.000390320742740844	0.00223892441864772	CM076438.1	2104640	2105567	-	NA	B9J08_01024
B9J08_00795	850.95959089905	0.388649703283733	0.109589348318721	3.54641860040464	0.000390505362687969	0.00223892441864772	CM076438.1	1684461	1685325	-	NA	B9J08_00795
B9J08_05054	6120.1985017893	0.247989511678223	0.0699681122965435	3.54432188519218	0.000393624364136121	0.00225446824930605	CM076443.1	500348	504221	-	NA	B9J08_05054
B9J08_04184	833.91217792673	-0.380531603485841	0.107454113300676	-3.54134050151291	0.000398099466772499	0.00227773887458758	CM076441.1	874334	875723	-	NA	B9J08_04184
B9J08_03867	591.351318539372	-0.441919579388957	0.124824530302562	-3.54032639512272	0.000399632458934946	0.00228414539869022	CM076441.1	196189	196507	+	NA	B9J08_03867
B9J08_04821	2073.90975263846	-0.29007559003984	0.0819930021268231	-3.53780911194304	0.00040346162447149	0.00230364917195654	CM076442.1	902247	904986	-	NA	B9J08_04821
B9J08_04678	2907.18812382106	-0.289708221718801	0.0819153009724752	-3.53668018403726	0.00040519000198368	0.00231113017643323	CM076442.1	580720	584380	+	NA	B9J08_04678
B9J08_01264	1217.06651529016	0.341668686300771	0.0967289872328227	3.53222644085364	0.000412076331543644	0.00234798544787806	CM076438.1	2617314	2619237	+	NA	B9J08_01264
B9J08_03860	5076.29949907944	-0.254340169136594	0.0720682470060611	-3.52915714898967	0.000416885494384175	0.00237294142889942	CM076441.1	185306	186728	-	NA	B9J08_03860
B9J08_05452	2037.69354153841	0.318091439167562	0.0902178631115705	3.52581438084147	0.000422182759088955	0.00240062151181549	CM076444.1	455751	456285	-	NA	B9J08_05452
B9J08_03835	584.741070768252	-0.432237809845135	0.122617403643636	-3.52509347776887	0.000423333379039532	0.00240469022194398	CM076441.1	128449	131416	+	NA	B9J08_03835
B9J08_03314	3421.05429244749	0.259915718223868	0.0737527100089275	3.5241514270107	0.000424841382418589	0.00241077856327263	CM076440.1	647436	648600	+	NA	B9J08_03314
B9J08_01891	659.67198532696	-0.44885893107114	0.12739175137538	-3.52345364770522	0.000425961596251524	0.00241465614613556	CM076438.1	4003954	4004710	-	NA	B9J08_01891
B9J08_05263	371.838119107231	-0.517901338378917	0.147057493259934	-3.5217609582362	0.000428690507852291	0.00242763569354468	CM076444.1	46783	47413	+	NA	B9J08_05263
B9J08_01803	616.361682461276	-0.457822041700402	0.130122476354463	-3.51839324401776	0.000434168464468085	0.00245614033072171	CM076438.1	3802548	3804846	-	NA	B9J08_01803
B9J08_00308	250.334938809043	-0.613558283846295	0.174425986264375	-3.51758529211544	0.000435492371505449	0.00246111077434624	CM076438.1	659215	661171	-	NA	B9J08_00308
B9J08_02205	892.692355323241	0.36740993308536	0.104462106822265	3.5171598990482	0.000436190932592579	0.00246254063783369	CM076439.1	519457	521404	-	NA	B9J08_02205
B9J08_04071	16857.8613620603	0.224654140996946	0.0638901311864217	3.5162573127521	0.000437676584436961	0.00246840661447253	CM076441.1	618016	621154	+	NA	B9J08_04071
B9J08_01905	2011.7566349575	0.29137439714576	0.0829910167051198	3.51091490035674	0.000446567331362973	0.0025159812848554	CM076438.1	4030624	4031716	-	NA	B9J08_01905
B9J08_00748	1421.36126090058	0.334932056212179	0.095498813629915	3.50718551866137	0.000452873297875937	0.00254891111747485	CM076438.1	1596142	1597132	-	NA	B9J08_00748
B9J08_05089	945.221518895429	0.388494061567331	0.110787735473537	3.50665224726185	0.000453781761203671	0.00255142603679826	CM076443.1	587226	588243	+	NA	B9J08_05089
B9J08_05135	3117.25485126086	-0.310079204909295	0.0884983036010006	-3.5037869912999	0.0004586921011976	0.00257140801173163	CM076443.1	688275	689703	-	NA	B9J08_05135
B9J08_02044	343.53126924864	-0.549308709624076	0.156776734866677	-3.50376419110406	0.000458731373180277	0.00257140801173163	CM076439.1	182862	184041	+	NA	B9J08_02044
B9J08_01843	1430.61130211513	0.353551344649142	0.100902708264381	3.50388359966298	0.000458525733837885	0.00257140801173163	CM076438.1	3890577	3891250	-	NA	B9J08_01843
B9J08_04783	203.900936563403	-0.677021614719972	0.193437255422229	-3.49995461444171	0.000465337378745581	0.00260579502768675	CM076442.1	821709	822165	-	NA	B9J08_04783
B9J08_03034	753.795376620833	-0.3918794829765	0.112090736178029	-3.49609161593954	0.000472126569493263	0.00264113719594055	CM076440.1	46798	49831	-	NA	B9J08_03034
B9J08_03160	1581.88722629353	0.322240813718687	0.0924161932907055	3.4868436173847	0.000488757061859751	0.00273140574408377	CM076440.1	309850	311257	+	NA	B9J08_03160
B9J08_01475	3819.34074315566	0.259330539937476	0.0744675762840669	3.4824624739796	0.000496824848344548	0.00277368781494981	CM076438.1	3079687	3081562	-	NA	B9J08_01475
B9J08_01646	2047.15168765002	-0.28767263400885	0.0827252043496353	-3.47744845443973	0.000506210371803822	0.00282323382942454	CM076438.1	3439871	3442820	-	NA	B9J08_01646
B9J08_01989	402.860075010141	-0.523020960906427	0.150468132394269	-3.47595834801727	0.00050903133736504	0.00283610504195219	CM076439.1	73623	74457	-	NA	B9J08_01989
B9J08_00650	2666.42061730351	-0.289945297067212	0.0834233511282408	-3.47558918631187	0.000509732470032058	0.00283715142181992	CM076438.1	1384452	1385184	-	NA	B9J08_00650
B9J08_03929	5191.44764024245	0.244182781057776	0.0702967159085548	3.47360154598716	0.000513523006049546	0.00285537389782278	CM076441.1	327351	328119	+	NA	B9J08_03929
B9J08_01600	3529.71044278872	0.257430904828542	0.0742778345367171	3.4657836544937	0.000528688512794552	0.00293674513589496	CM076438.1	3340561	3342481	-	NA	B9J08_01600
B9J08_04114	2006.58368416056	-0.385634575064627	0.111491893811149	-3.45885751764011	0.000542471791552005	0.00301028272279913	CM076441.1	722685	723978	-	NA	B9J08_04114
B9J08_04818	635.657014953264	-0.451210070661139	0.130480995304051	-3.45805202979726	0.000544096295233858	0.00301446464350202	CM076442.1	898121	900365	+	NA	B9J08_04818
B9J08_01041	7764.53302736199	0.259742582055755	0.0751147633604736	3.45794315838097	0.00054431621389814	0.00301446464350202	CM076438.1	2139830	2140070	-	NA	B9J08_01041
B9J08_04773	781.628768027826	-0.383981355843879	0.111153345655264	-3.45451910223895	0.000551275161908563	0.00304994776763626	CM076442.1	797833	799375	+	NA	B9J08_04773
B9J08_03130	1256.78812158482	0.326212384951171	0.0944418838722708	3.45410713526597	0.000552117993888364	0.00305155615222099	CM076440.1	242888	244760	-	NA	B9J08_03130
B9J08_04172	1453.50858284354	-0.319052338477209	0.0924441881647493	-3.45129688313786	0.000557899511105401	0.00308043016771184	CM076441.1	850287	852051	+	NA	B9J08_04172
B9J08_03250	2159.00553330426	-0.324772410072715	0.0941090483463241	-3.45102214696235	0.000558467739952207	0.00308049021827929	CM076440.1	502678	504253	-	NA	B9J08_03250
B9J08_01587	1182.48679222088	0.36894195601342	0.107049779932457	3.44645226030547	0.000567998911653589	0.00312994016421674	CM076438.1	3312077	3313088	+	NA	B9J08_01587
B9J08_05110	3343.41438309651	0.259759183959699	0.0754872512399613	3.44110004925161	0.000579354267833117	0.00318933370349964	CM076443.1	635725	637000	-	NA	B9J08_05110
B9J08_03112	596.154899297261	0.490357594728993	0.14274333887734	3.43523977080541	0.000592029759821573	0.00325586913684959	CM076440.1	197004	197826	+	NA	B9J08_03112
B9J08_02193	915.053038811537	0.370516627287434	0.107881975049834	3.43446277393679	0.000593729615933774	0.00326197175672561	CM076439.1	497442	499731	+	NA	B9J08_02193
B9J08_02707	866.955510168614	-0.36770793675986	0.10715364117184	-3.43159534980407	0.000600042151719393	0.00329337931733176	CM076439.1	1612944	1613634	-	NA	B9J08_02707
B9J08_02787	133.247953744514	-0.80418899224121	0.234458134237864	-3.4299897286794	0.000603604097755555	0.00330964270664182	CM076439.1	1791761	1794383	-	NA	B9J08_02787
B9J08_02295	2611.05433964961	-0.270203747413511	0.0788581994990758	-3.42645088437097	0.000611524345684098	0.00334974733260258	CM076439.1	687237	687885	+	NA	B9J08_02295
B9J08_01221	5323.52189963536	0.245973727542916	0.0718592142613608	3.42299495021306	0.000619352279029039	0.00338926737246881	CM076438.1	2529349	2530195	+	NA	B9J08_01221
B9J08_04845	59.5294173070468	1.211654906942	0.354122773954645	3.42156730958283	0.000622613116132917	0.00340374153597095	CM076442.1	961653	963084	+	NA	B9J08_04845
B9J08_03976	1681.12238965024	0.298411847264969	0.0872412192193075	3.42053733241416	0.000624975571631479	0.00341232024506239	CM076441.1	427969	428656	+	NA	B9J08_03976
B9J08_03700	1298.09863321544	-0.33741906804488	0.0986505879750412	-3.42034523028132	0.000625417117468464	0.00341232024506239	CM076440.1	1479623	1481906	-	NA	B9J08_03700
B9J08_04702	6172.22597889879	-0.258323543182182	0.0756217748959373	-3.41599418339043	0.000635496044002138	0.00346389214516747	CM076442.1	631485	631875	+	NA	B9J08_04702
B9J08_03467	1326.45695568587	0.323325574541176	0.0947436442748638	3.41263603501641	0.00064337806895493	0.00349995136526958	CM076440.1	965176	966355	+	NA	B9J08_03467
B9J08_02109	5584.7724270689	-0.267719455423723	0.0784488667890319	-3.41266185710095	0.000643317115677437	0.00349995136526958	CM076439.1	322621	323499	+	NA	B9J08_02109
B9J08_03919	2780.45332611135	-0.264619169285232	0.0777012536568253	-3.40559716647491	0.000660195153290136	0.003587904240152	CM076441.1	309725	312239	-	NA	B9J08_03919
B9J08_03715	280.763548008072	-0.591433217164827	0.174090082971734	-3.39728264280772	0.00068058631351482	0.00369508895363105	CM076440.1	1528791	1529502	+	NA	B9J08_03715
B9J08_01430	3400.17716694484	0.26292759122124	0.0774307231015772	3.39564943590052	0.000684659883775129	0.00371355758353792	CM076438.1	2968758	2970220	-	NA	B9J08_01430
B9J08_02961	264.349055765859	-0.582467693889283	0.171586725925617	-3.39459646862067	0.00068729821509517	0.00372421297532451	CM076439.1	2187613	2189254	+	NA	B9J08_02961
B9J08_00271	1559.55984456298	-0.319200513841049	0.0940515316115963	-3.39388958767039	0.000689074685121298	0.00373018196343331	CM076438.1	584647	586060	+	NA	B9J08_00271
B9J08_03537	171.776524198575	0.700789243066871	0.206508998746074	3.3935046284766	0.000690043924190687	0.00373177374657723	CM076440.1	1113146	1113773	-	NA	B9J08_03537
B9J08_05155	2198.02019981039	-0.27400891930718	0.0808293468378488	-3.38996824825106	0.000699007193465847	0.00377655206088537	CM076443.1	740730	744669	+	NA	B9J08_05155
B9J08_04171	137.538426550214	-0.783695630310247	0.231402537791	-3.38672011893868	0.000707335079236196	0.00381781345990083	CM076441.1	847448	849245	+	NA	B9J08_04171
B9J08_05389	1826.89483756266	-0.28742926041888	0.0848788618837729	-3.38634677751058	0.00070829817509332	0.00381796376452682	CM076444.1	328166	329258	+	NA	B9J08_05389
B9J08_04815	939.067660474867	-0.401579039474544	0.118598345308317	-3.38604251543787	0.000709083970362019	0.00381796376452682	CM076442.1	888643	891850	-	NA	B9J08_04815
B9J08_03689	1342.01685418528	0.393876235230579	0.116328145758835	3.38590658916838	0.000709435278843685	0.00381796376452682	CM076440.1	1456320	1457298	-	NA	B9J08_03689
B9J08_04404	2405.2090825564	0.298805914088363	0.0883545817006704	3.38189495481586	0.000719876666012931	0.00387038748351505	CM076441.1	1370672	1373240	+	NA	B9J08_04404
B9J08_03504	947.910213226545	-0.349199013986744	0.10340828949576	-3.37689575651536	0.000733088274210463	0.00393758881590013	CM076440.1	1036757	1039844	+	NA	B9J08_03504
B9J08_03672	4151.03658538233	0.24544760391647	0.0727191702666207	3.37528058992629	0.000737404655912751	0.00395332853156687	CM076440.1	1421300	1422404	+	NA	B9J08_03672
B9J08_02868	4825.6235979883	-0.261682045264387	0.0775293570256908	-3.37526396843036	0.000737449197764689	0.00395332853156687	CM076439.1	1961870	1963394	-	NA	B9J08_02868
B9J08_04635	4605.46367832885	0.238630905625155	0.0707248527697032	3.37407426498565	0.000740643832588986	0.00396660703751872	CM076442.1	495674	497426	-	NA	B9J08_04635
B9J08_00818	405.768355494419	0.482449175258111	0.143074503352492	3.37201362893782	0.000746207556902225	0.0039925354956424	CM076438.1	1734344	1734653	-	NA	B9J08_00818
B9J08_03695	1120.40289388907	0.330344759443497	0.0980161699727551	3.37030879226684	0.000750839935812219	0.00401343551763456	CM076440.1	1470177	1471632	-	NA	B9J08_03695
B9J08_03671	4723.78556189992	0.236655194945057	0.0703278881288048	3.36502632514183	0.000765363563282562	0.00408711537609925	CM076440.1	1420317	1421163	+	NA	B9J08_03671
B9J08_02933	9936.04295930374	0.222704968337326	0.0662876999642694	3.35967258567379	0.00078034893619724	0.00416311638065844	CM076439.1	2124280	2125771	-	NA	B9J08_02933
B9J08_01448	1265.46818743463	0.333246143274471	0.099345908489957	3.35440229335825	0.000795366365130257	0.00423914165870292	CM076438.1	3020399	3021962	-	NA	B9J08_01448
B9J08_01714	1837.32788989112	-0.2847229085515	0.0849169530919693	-3.35295719151783	0.0007995307172392	0.00425723147801643	CM076438.1	3598740	3600117	-	NA	B9J08_01714
B9J08_05093	3044.56668017299	0.260095288437692	0.0775804502062388	3.35258802631666	0.000800597781147081	0.00425881033339742	CM076443.1	595970	598748	+	NA	B9J08_05093
B9J08_02452	2458.99596880792	0.274605253232453	0.0819388654714051	3.35134312212663	0.000804205900035786	0.00427389039374788	CM076439.1	1055365	1057870	-	NA	B9J08_02452
B9J08_05397	1303.57976657716	-0.3149345638672	0.094053098455729	-3.34847622288	0.000812572529105781	0.00430748159548675	CM076444.1	339278	341453	+	NA	B9J08_05397
B9J08_01558	574.050093362193	-0.413902612136387	0.12360517620552	-3.34858640101111	0.000812249503566959	0.00430748159548675	CM076438.1	3240325	3244582	-	NA	B9J08_01558
B9J08_00718	890.540242929739	0.363681878809099	0.108614389171434	3.34837659709225	0.000812864719394369	0.00430748159548675	CM076438.1	1535670	1536978	+	NA	B9J08_00718
B9J08_04716	491.076569827322	-0.449692414191766	0.134377603439102	-3.346483362427	0.000818435908666847	0.00433284987279853	CM076442.1	656414	658178	-	NA	B9J08_04716
B9J08_00884	1501.89138818538	-0.326664053920223	0.0977521471890264	-3.34175834816745	0.000832495036188112	0.00440306226316909	CM076438.1	1855845	1857171	+	NA	B9J08_00884
B9J08_04618	542.551507927481	-0.419603579589611	0.125889791249548	-3.33310251311674	0.00085883291869988	0.00453802059431571	CM076442.1	463321	464830	+	NA	B9J08_04618
B9J08_04075	1582.47485831591	0.292836379776501	0.087892086262076	3.33177186058962	0.000862949674036802	0.00455541819331557	CM076441.1	626927	627770	-	NA	B9J08_04075
B9J08_00418	1631.32350350321	0.309069285728878	0.0928234223115554	3.32964760436766	0.000869559609504813	0.00458593126119571	CM076438.1	889549	890500	-	NA	B9J08_00418
B9J08_02389	5355.65682155722	-0.234988627661963	0.0705803451697718	-3.32937770560244	0.000870402792189333	0.00458600212815104	CM076439.1	888900	890964	-	NA	B9J08_02389
B9J08_04332	846.806448169864	-0.370363292803296	0.111354093895283	-3.32599619688508	0.000881031307140286	0.00463758098529939	CM076441.1	1230549	1232445	-	NA	B9J08_04332
B9J08_01260	367.021565600408	-0.490591117442918	0.147557137043262	-3.32475356511614	0.000884967197207378	0.00465386650710293	CM076438.1	2604634	2606257	+	NA	B9J08_01260
B9J08_00506	495.317705735847	-0.432995126656817	0.130248362599602	-3.32438057580726	0.000886151773745987	0.00465566621054569	CM076438.1	1070404	1072039	-	NA	B9J08_00506
B9J08_01388	176.029276341982	0.693839715301195	0.208980980047565	3.32010939533002	0.000899821804920785	0.00472299631129836	CM076438.1	2887588	2889016	-	NA	B9J08_01388
B9J08_02691	5406.03974552051	0.245616545395135	0.0739963644457561	3.31930557987328	0.000902416190524249	0.00473211981501663	CM076439.1	1574263	1577035	-	NA	B9J08_02691
B9J08_03247	2986.18971895878	0.252148850296485	0.0760177745995911	3.31697226898091	0.000909986481305075	0.00476729410632526	CM076440.1	498230	500492	+	NA	B9J08_03247
B9J08_04604	914.034159949455	-0.361375368075216	0.108974539646399	-3.31614493851325	0.000912684810216889	0.00477690241104995	CM076442.1	431293	433027	+	NA	B9J08_04604
B9J08_00724	1234.08265245444	0.345659391545439	0.104278074029063	3.31478496092191	0.000917136478863395	0.00479566066100093	CM076438.1	1549401	1553481	+	NA	B9J08_00724
B9J08_02771	922.823532227349	-0.346559430638541	0.104676640095482	-3.31076188844449	0.000930423433238815	0.00486053905057744	CM076439.1	1759586	1760774	-	NA	B9J08_02771
B9J08_02302	985.837160010867	0.358266308100476	0.108273548190386	3.30889967206494	0.000936633942182235	0.00488836241590294	CM076439.1	703526	704118	-	NA	B9J08_02302
B9J08_01745	2541.2859814619	0.267343227052757	0.0808479770550227	3.30673984422407	0.000943885081455938	0.0049215592879311	CM076438.1	3669544	3672395	-	NA	B9J08_01745
B9J08_03107	1033.13099529301	-0.333405431744884	0.100864759140125	-3.30546996381268	0.000948172661610058	0.00493925570284523	CM076440.1	188136	190401	-	NA	B9J08_03107
B9J08_02575	262.099806131607	0.569262559118482	0.172398095667204	3.30202347604455	0.000959900358654167	0.00499350688007633	CM076439.1	1334883	1335201	+	NA	B9J08_02575
B9J08_00054	1129.35765893172	0.318671554047408	0.0965121767002524	3.30187925443997	0.000960394031757037	0.00499350688007633	CM076438.1	129940	130291	-	NA	B9J08_00054
B9J08_00728	1867.65369306282	0.889500419771026	0.269599475944948	3.29934031456598	0.000969123467473536	0.00503415921496826	CM076438.1	1557269	1557551	+	NA	B9J08_00728
B9J08_05266	191.058945445259	-0.657871564820206	0.199704192103248	-3.29423012051787	0.000986916654928426	0.00512177310027174	CM076444.1	50996	51836	-	NA	B9J08_05266
B9J08_03816	1057.96818310968	-0.327158043468755	0.0993496672686073	-3.2929958646387	0.000991259325684738	0.00513466756612891	CM076441.1	90374	90860	-	NA	B9J08_03816
B9J08_02583	3326.23790751126	-0.249453699422256	0.0757516233593097	-3.29304757257851	0.000991077039252739	0.00513466756612891	CM076439.1	1343705	1344179	-	NA	B9J08_02583
B9J08_04364	276.569996433366	-0.551154430851786	0.167413079538683	-3.29218262020223	0.000994130349462427	0.00514471764183411	CM076441.1	1287041	1288115	+	NA	B9J08_04364
B9J08_05267	216.787959806521	-0.634683012552596	0.192839749650447	-3.2912457815521	0.000997447243737974	0.00515223450106522	CM076444.1	52767	53805	+	NA	B9J08_05267
B9J08_04891	927.83413786527	-0.341582954612642	0.103784093920008	-3.29128425860631	0.000997310813517348	0.00515223450106522	CM076443.1	117096	118998	+	NA	B9J08_04891
B9J08_01142	936.95763517965	-0.345914739127688	0.105116573867309	-3.2907725813471	0.000999126509393773	0.0051560898388603	CM076438.1	2363240	2368271	+	NA	B9J08_01142
B9J08_03949	1654.6814914482	-0.295263615134271	0.0898077808530025	-3.28772866147933	0.00100999131809744	0.00520314178202458	CM076441.1	375049	378916	+	NA	B9J08_03949
B9J08_02581	367.21257683738	-0.48724189956253	0.1482018587701	-3.2876908805737	0.00101012685581914	0.00520314178202458	CM076439.1	1341387	1342944	+	NA	B9J08_02581
B9J08_02772	795.951426520248	-0.381161840797704	0.116000999302887	-3.28584963136796	0.00101675271605742	0.00522863005386873	CM076439.1	1762459	1764292	+	NA	B9J08_02772
B9J08_02708	716.139773049139	-0.375565507167374	0.114299903619899	-3.2857902349271	0.00101696712645357	0.00522863005386873	CM076439.1	1613764	1615606	-	NA	B9J08_02708
B9J08_00735	5289.08448531704	0.238293479384947	0.0726083168085048	3.28190336670956	0.00103108933916387	0.00529631113156014	CM076438.1	1566805	1567361	+	NA	B9J08_00735
B9J08_01486	898.727200553134	-0.347294661191829	0.105930159295378	-3.27852486489164	0.00104351170578291	0.00535514317350245	CM076438.1	3111191	3113327	+	NA	B9J08_01486
B9J08_02596	5245.00492071894	0.229103763691733	0.0699013674301216	3.2775290686661	0.00104719947341182	0.00535914026809919	CM076439.1	1366890	1367835	-	NA	B9J08_02596
B9J08_01131	162.039081914621	-0.71459538673332	0.218004363942223	-3.27789487242882	0.00104584338031459	0.00535914026809919	CM076438.1	2332431	2333313	-	NA	B9J08_01131
B9J08_00143	53.7219792615349	-1.20745380644217	0.36839940021276	-3.27756724290224	0.00104705787941122	0.00535914026809919	CM076438.1	299589	301350	-	NA	B9J08_00143
B9J08_02902	922.570989093056	0.368186998973481	0.112350500639936	3.27712824487944	0.0010486872593187	0.00536178953030013	CM076439.1	2054014	2054746	-	NA	B9J08_02902
B9J08_04688	4673.71477775721	0.230506469869083	0.0703505317054923	3.27654197176575	0.00105086692251676	0.00536796809681159	CM076442.1	601963	603118	+	NA	B9J08_04688
B9J08_01129	43.5753966048383	-1.34857678227408	0.411762853250489	-3.27512977828939	0.00105613443663787	0.00538989384237996	CM076438.1	2329053	2329866	+	NA	B9J08_01129
B9J08_00601	6896.31162919758	0.218207981063578	0.0666670446621772	3.27310115769052	0.0010637439985154	0.00542372055331609	CM076438.1	1290602	1291886	+	NA	B9J08_00601
B9J08_04924	13531.6474357749	0.222047974923704	0.0678694609652785	3.2716920359409	0.00106905957581987	0.00544579933231006	CM076443.1	206253	208476	+	NA	B9J08_04924
B9J08_03216	790.082814161848	-0.393774219608378	0.120386118576069	-3.27092711573354	0.00107195533477599	0.00545552222403948	CM076440.1	431357	431930	-	NA	B9J08_03216
B9J08_03373	822.186374564897	-0.353693588843241	0.108429132527391	-3.26197932787014	0.0011063721133342	0.00562550015675999	CM076440.1	763868	764747	-	NA	B9J08_03373
B9J08_05568	278.116180545938	-0.562628265656033	0.17249589051634	-3.26169083780427	0.00110749857931185	0.00562605206604465	CM076444.1	724880	725540	-	NA	B9J08_05568
B9J08_01215	2271.98593890097	0.26906477091721	0.0825605533842134	3.25899912110641	0.00111806014262836	0.00567448889651694	CM076438.1	2506402	2515759	-	NA	B9J08_01215
B9J08_03319	386.929098454309	-0.526143235285392	0.161590459711218	-3.25602907638034	0.00112982180651259	0.00572892213265605	CM076440.1	658385	659141	-	NA	B9J08_03319
B9J08_01154	261.001756538557	-0.55348928457347	0.170108626339296	-3.25374025106456	0.00113896370117005	0.00576998384634912	CM076438.1	2392068	2393178	-	NA	B9J08_01154
B9J08_03596	2281.94658266731	-0.261042689290899	0.0802933925260596	-3.25111047221198	0.00114955180484479	0.00581829013312928	CM076440.1	1248962	1250072	-	NA	B9J08_03596
B9J08_03633	128.083157268604	-0.776672396592271	0.238944129389119	-3.25043514807374	0.00115228546021763	0.00582679024576657	CM076440.1	1345829	1349129	+	NA	B9J08_03633
B9J08_03021	75.3767239752609	0.99714266574861	0.307026459788136	3.2477417954032	0.00116324779876391	0.00587684696870944	CM076440.1	15340	17323	-	NA	B9J08_03021
B9J08_00900	2277.8458154428	0.26620212178276	0.0819796849524223	3.24717180771373	0.00116558005397392	0.005883252016725	CM076438.1	1881783	1883169	+	NA	B9J08_00900
B9J08_01419	879.540418902797	-0.349884864795911	0.107827217144327	-3.24486594444507	0.00117505927263858	0.00592568667871665	CM076438.1	2946031	2947435	-	NA	B9J08_01419
B9J08_00093	1542.58292826139	-0.289277174211841	0.0892456969506024	-3.24135710847725	0.00118962056750232	0.00599364893034211	CM076438.1	207596	210623	+	NA	B9J08_00093
B9J08_03176	208.494079483633	0.635747012156274	0.19651138732182	3.23516627112877	0.00121571912492014	0.00611956248035849	CM076440.1	335671	336043	+	NA	B9J08_03176
B9J08_02221	2560.93570512625	-0.263294027303366	0.0814781921430061	-3.23146624119061	0.00123156870844846	0.00618835565532089	CM076439.1	546143	547379	+	NA	B9J08_02221
B9J08_00370	1441.14633007304	0.289770351325768	0.089671839486143	3.23145318515013	0.00123162497211018	0.00618835565532089	CM076438.1	773608	776410	+	NA	B9J08_00370
B9J08_03010	338.306764305926	-0.492461050397174	0.15249195527649	-3.22942314894101	0.00124040214007975	0.00622679621091806	CM076439.1	2298638	2300639	+	NA	B9J08_03010
B9J08_03052	2033.12077390387	-0.269121307447167	0.0834413090387432	-3.22527667108158	0.00125850982113876	0.00631196350402351	CM076440.1	83345	83792	+	NA	B9J08_03052
B9J08_03923	1100.66088889995	0.316375859064312	0.0981450618474596	3.223553514654	0.00126610638851848	0.00634430644545933	CM076441.1	316153	317107	+	NA	B9J08_03923
B9J08_01785	618.943442057533	-0.40222497150118	0.124912448546961	-3.22005513605766	0.00128165943846049	0.00641642365613324	CM076438.1	3765979	3767854	+	NA	B9J08_01785
B9J08_04643	2896.46915826324	0.272537385554557	0.0847476149818758	3.21587086094213	0.00130049339237207	0.00648721536884793	CM076442.1	510718	511159	+	NA	B9J08_04643
B9J08_03635	8126.30900533348	-0.223997166614438	0.0696648765573425	-3.21535295379533	0.00130284223980843	0.00648721536884793	CM076440.1	1350656	1351946	+	NA	B9J08_03635
B9J08_03562	196.149924705084	-0.628150471483853	0.195357125408561	-3.21539575364947	0.00130264798271524	0.00648721536884793	CM076440.1	1183250	1184636	+	NA	B9J08_03562
B9J08_01560	70.7605978295461	-1.02991761967074	0.320292980266008	-3.21554852315332	0.00130195482075992	0.00648721536884793	CM076438.1	3246277	3246991	-	NA	B9J08_01560
B9J08_01011	1192.20907858888	0.316573771352438	0.098441744515951	3.21584885466086	0.00130059311718668	0.00648721536884793	CM076438.1	2081017	2081755	-	NA	B9J08_01011
B9J08_00459	1845.55998846098	-0.286416377883001	0.0890511042391902	-3.21631472546022	0.00129848345879909	0.00648721536884793	CM076438.1	970378	972370	+	NA	B9J08_00459
B9J08_01687	960.844072669152	-0.329839454480585	0.102780533504236	-3.20916270070723	0.00133122138646395	0.00662255679836746	CM076438.1	3535812	3538272	-	NA	B9J08_01687
B9J08_02773	1437.45457386915	-0.298588619095302	0.0930637169861176	-3.20843212333592	0.00133460807828029	0.0066334342164165	CM076439.1	1764307	1766233	-	NA	B9J08_02773
B9J08_01042	640.925882417001	-0.403818920234977	0.125900253374688	-3.20745121166025	0.00133916773148627	0.0066501168480904	CM076438.1	2140700	2142863	-	NA	B9J08_01042
B9J08_04930	38.9150962283639	-1.45355611559533	0.454042803540887	-3.20136362532268	0.00136778803722273	0.00678614405900363	CM076443.1	223505	225083	+	NA	B9J08_04930
B9J08_03372	9749.91355135333	0.207567241448602	0.0649242174553028	3.1970695925831	0.0013883142735722	0.00688180537222739	CM076440.1	760955	763811	+	NA	B9J08_03372
B9J08_00912	409.146060122425	0.458419628573701	0.14342566506661	3.19621755535037	0.00139242078588671	0.00689597641899268	CM076438.1	1903146	1903884	+	NA	B9J08_00912
B9J08_02907	307.876103844077	-0.52690533036595	0.164936712406027	-3.19459095964554	0.00140029150996833	0.00692874769525063	CM076439.1	2063460	2064327	-	NA	B9J08_02907
B9J08_01356	1342.9465786894	-0.303380947677618	0.0950166603960471	-3.19292370846407	0.001408401513541	0.00696264326059135	CM076438.1	2822591	2824954	+	NA	B9J08_01356
B9J08_01836	1460.93194767364	-0.287615430514259	0.0901098152984322	-3.19183242759641	0.00141373325350445	0.00697652115367778	CM076438.1	3872472	3873780	+	NA	B9J08_01836
B9J08_01660	1913.13108567335	-0.267800518664057	0.0838967093875781	-3.19202648851098	0.00141278375950497	0.00697652115367778	CM076438.1	3481617	3484338	-	NA	B9J08_01660
B9J08_03308	4015.84832995089	0.23104788920271	0.0724067645146105	3.19097104740937	0.00141795488801454	0.00698488116404308	CM076440.1	636317	637682	+	NA	B9J08_03308
B9J08_01112	945.977936411543	-0.339181880607715	0.106292183959276	-3.19103313125701	0.00141765022612179	0.00698488116404308	CM076438.1	2302082	2303333	+	NA	B9J08_01112
B9J08_04592	5576.03450215238	-0.254580310218483	0.0798281111653343	-3.18910602420762	0.00142713524250977	0.00702384370912867	CM076442.1	396970	399115	-	NA	B9J08_04592
B9J08_02444	68528.1341372503	0.19684285218277	0.061892632714069	3.180392294704	0.0014707580068499	0.00723209920272187	CM076439.1	1035421	1037130	+	NA	B9J08_02444
B9J08_05178	3184.92833984005	-0.237589931772282	0.0747502734214226	-3.1784489995483	0.00148065264094864	0.00726782162213421	CM076443.1	780964	783766	-	NA	B9J08_05178
B9J08_00543	1180.48537744393	0.304295650485831	0.0957370826674016	3.17845125428543	0.00148064112509437	0.00726782162213421	CM076438.1	1180629	1182699	+	NA	B9J08_00543
B9J08_01811	1386.72976387655	-0.298058710094688	0.0938218439135955	-3.17685836966904	0.00148879722769777	0.00729484244457939	CM076438.1	3823812	3825201	-	NA	B9J08_01811
B9J08_00614	5429.32907470333	0.225986035788881	0.0711321899511499	3.17698690204923	0.00148813756669297	0.00729484244457939	CM076438.1	1314807	1316091	-	NA	B9J08_00614
B9J08_00817	1037.9583163678	0.370657258252731	0.11678312065729	3.17389410530017	0.00150408554594836	0.00736322481174187	CM076438.1	1730065	1730416	-	NA	B9J08_00817
B9J08_03842	12674.8848273276	-0.226812299971732	0.0715060430255259	-3.1719319147721	0.00151428504250498	0.00740659595568587	CM076441.1	145683	146964	+	NA	B9J08_03842
B9J08_00625	2426.47869393067	0.261415664146932	0.0824656321951788	3.16999527182688	0.00152441418150827	0.00744954657930701	CM076438.1	1339178	1343177	-	NA	B9J08_00625
B9J08_01174	78227.8573137439	0.223491648220565	0.070526524992736	3.16890203003174	0.00153015963823279	0.00747101795098287	CM076438.1	2437008	2438100	+	NA	B9J08_01174
B9J08_03602	491.010433102639	-0.430061551891515	0.135816521834497	-3.16648921708935	0.00154291066244679	0.00752662597647255	CM076440.1	1265916	1267125	+	NA	B9J08_03602
B9J08_01389	4542.80354581091	0.227588761555336	0.0720929627163502	3.1568790209217	0.00159467492227328	0.00777228244744659	CM076438.1	2889230	2889965	-	NA	B9J08_01389
B9J08_05554	888.110024757326	-0.339272065681583	0.107481914657962	-3.15655026021115	0.00159647371402297	0.00777419402414535	CM076444.1	698590	700120	-	NA	B9J08_05554
B9J08_01429	1126.96801342711	-0.306239313997141	0.0970256349251948	-3.15627219789128	0.00159799657077577	0.00777475972418812	CM076438.1	2965388	2966720	-	NA	B9J08_01429
B9J08_05076	4070.08337166188	-0.247001800538721	0.0782859622223423	-3.15512249612778	0.00160430731819454	0.00779859854675571	CM076443.1	561160	562858	+	NA	B9J08_05076
B9J08_04323	4036.72949901541	-0.240429599697487	0.0762567778428486	-3.15289481799203	0.00161660044512929	0.00785145049229315	CM076441.1	1214075	1215065	-	NA	B9J08_04323
B9J08_02167	1131.54436364854	0.322303502803198	0.102318523826069	3.15000149289762	0.00163269628259327	0.00792266229490169	CM076439.1	450175	451069	-	NA	B9J08_02167
B9J08_04411	3507.60064700534	-0.241101035483011	0.0765602416587756	-3.14916763922434	0.00163736239083665	0.00793833502995981	CM076441.1	1388241	1389630	+	NA	B9J08_04411
B9J08_03855	1586.52044315591	-0.299783100526531	0.0952256917018538	-3.14813255927965	0.00164317159895642	0.00795951746488355	CM076441.1	176274	178254	-	NA	B9J08_03855
B9J08_03192	103.957007917408	0.856789537933707	0.272313502518764	3.1463351248059	0.00165330447359399	0.00800158828857618	CM076440.1	374602	376609	+	NA	B9J08_03192
B9J08_00952	4862.33990033619	-0.235532876942362	0.0748690545258781	-3.14593096485479	0.00165559079203963	0.00800564331373843	CM076438.1	1973741	1976561	+	NA	B9J08_00952
B9J08_01827	971.296909534816	0.333148830584661	0.1059792538196	3.14352874338739	0.0016692402124054	0.00806458973248657	CM076438.1	3859329	3860796	-	NA	B9J08_01827
B9J08_05469	15030.9860375369	0.223503896447221	0.0711548282331149	3.14109248798951	0.00168318868911291	0.00812487675522015	CM076444.1	505025	505949	+	NA	B9J08_05469
B9J08_00555	1133.02534530197	-0.320368039145019	0.102019206395884	-3.14027182197279	0.00168791139975291	0.0081405639672202	CM076438.1	1201705	1202635	+	NA	B9J08_00555
B9J08_00216	1257.64961395152	0.292994843386137	0.0934123015703393	3.13657664419618	0.00170932752798299	0.00823666368540715	CM076438.1	465931	466726	-	NA	B9J08_00216
B9J08_04621	911.229976794537	-0.327854333408928	0.104632433751878	-3.13339106864695	0.00172799044948285	0.00831934077899977	CM076442.1	472002	473865	+	NA	B9J08_04621
B9J08_03338	768.51007185095	0.353256984426864	0.11277092707087	3.1325182261281	0.00173313666536634	0.00832960552128673	CM076440.1	700413	700992	-	NA	B9J08_03338
B9J08_03241	386.779834298056	-0.453892305283288	0.144891681210941	-3.13263191847768	0.00173246554617623	0.00832960552128673	CM076440.1	482067	483807	-	NA	B9J08_03241
B9J08_04608	817.264228359537	0.344499566284435	0.110043073462337	3.13058837276427	0.0017445650058994	0.00837724655743351	CM076442.1	437488	439483	-	NA	B9J08_04608
B9J08_01740	14616.8259050126	0.206126733978692	0.0658616642036464	3.12969215811707	0.00174989579804333	0.00839555041300824	CM076438.1	3659191	3660295	-	NA	B9J08_01740
B9J08_02737	647.950216760123	0.429274348502783	0.13720042221864	3.12881215349834	0.0017551447401865	0.00841343016392956	CM076439.1	1680856	1682350	+	NA	B9J08_02737
B9J08_01175	2348.6213708779	-0.320667851533117	0.102619379777494	-3.12482741786601	0.00177909405504692	0.00852084301754273	CM076438.1	2438376	2439237	-	NA	B9J08_01175
B9J08_03683	3708.54518671049	-0.235058961581723	0.0753282496047725	-3.12046228095058	0.00180567421315491	0.00864065920009278	CM076440.1	1448816	1449140	+	NA	B9J08_03683
B9J08_03456	370.087966050537	0.481834559458428	0.154445776115561	3.11976521195314	0.00180995243868006	0.0086461600074198	CM076440.1	938266	939649	+	NA	B9J08_03456
B9J08_02824	1197.47077051694	-0.297515169055473	0.0953617055734312	-3.11985998222712	0.00180937024428527	0.0086461600074198	CM076439.1	1870782	1871601	-	NA	B9J08_02824
B9J08_01237	2226.64371557236	-0.253449382475427	0.0812864271193134	-3.11797911972943	0.00182095703916312	0.00869121723268962	CM076438.1	2555177	2556191	-	NA	B9J08_01237
B9J08_02541	560.226701557927	-0.394230596168966	0.126472917586201	-3.11711474435043	0.00182630473948938	0.00870922027192217	CM076439.1	1249275	1250286	+	NA	B9J08_02541
B9J08_00712	679.413365607672	-0.361253877242755	0.116040867429425	-3.11316077900286	0.00185095153567759	0.00881914580835349	CM076438.1	1513040	1515296	-	NA	B9J08_00712
B9J08_05104	866.969347632374	-0.338813352830312	0.108856823696701	-3.11246774730741	0.0018553028512835	0.0088314658976087	CM076443.1	623835	624339	+	NA	B9J08_05104
B9J08_02232	2023.53883815048	-0.259929055360901	0.0835183118835351	-3.11224029196577	0.00185673301484011	0.0088314658976087	CM076439.1	564007	565369	+	NA	B9J08_02232
B9J08_04131	2791.3062567226	0.247789121274393	0.0796284617788121	3.11181599818779	0.00185940354018785	0.0088365635138592	CM076441.1	758535	759537	-	NA	B9J08_04131
B9J08_05555	1245.91719669333	-0.29513855674399	0.0949098012845776	-3.10967416167111	0.00187293830782091	0.00889323885509119	CM076444.1	701317	703105	-	NA	B9J08_05555
B9J08_01584	1473.24238006574	0.280585365944706	0.0903694832279874	3.10486854546723	0.00190363607429824	0.00902349621153206	CM076438.1	3303741	3306495	-	NA	B9J08_01584
B9J08_00007	398.430011455347	-0.441025416009937	0.14203485511743	-3.10505062750486	0.00190246458132112	0.00902349621153206	CM076438.1	20464	21907	+	NA	B9J08_00007
B9J08_00863	7494.02542703577	0.239069296343587	0.0770693504148833	3.10200222340811	0.00192216514677436	0.00910351907988164	CM076438.1	1815529	1815778	+	NA	B9J08_00863
B9J08_02674	618.22097640953	0.391624950654827	0.126277239743291	3.10131066731394	0.00192666037632213	0.00911699648966816	CM076439.1	1536502	1537504	-	NA	B9J08_02674
B9J08_01398	408.621765106398	-0.450079844447908	0.145228976812611	-3.09910497426863	0.00194106231995061	0.00917728951442859	CM076438.1	2903444	2905133	-	NA	B9J08_01398
B9J08_00719	4143.45012262465	0.223422155484177	0.0721857089678662	3.09510232258902	0.00196745010508535	0.00929409976992027	CM076438.1	1537779	1539786	+	NA	B9J08_00719
B9J08_03361	3691.20210890553	0.22910234236801	0.0740427704868331	3.09418922146829	0.00197351574077161	0.00931479205742503	CM076440.1	742599	744300	+	NA	B9J08_03361
B9J08_00608	10152.1900566422	0.203998390455698	0.0660385639879848	3.08907974578027	0.00200777538606471	0.00946840832660379	CM076438.1	1301885	1302587	+	NA	B9J08_00608
B9J08_01302	2354.20676639742	0.251609062379704	0.0814865813420267	3.08773614300514	0.00201687459425136	0.00950321047095249	CM076438.1	2702166	2702919	-	NA	B9J08_01302
B9J08_00077	7930.41246258113	0.204144408375986	0.0661525517353762	3.08596422996055	0.00202893228610308	0.00955188138440522	CM076438.1	176398	177499	-	NA	B9J08_00077
B9J08_05026	989.044131076187	0.35835128376631	0.116140356967439	3.08550182833324	0.00203208974764831	0.00955860428532105	CM076443.1	441780	443499	+	NA	B9J08_05026
B9J08_01350	44.0779059041174	-1.31070772645159	0.424850932039742	-3.08510027307408	0.00203483538318552	0.00956338024053262	CM076438.1	2815254	2816109	+	NA	B9J08_01350
B9J08_04140	162.79027283395	0.652322189187764	0.211766743444946	3.08038069895215	0.00206736158366908	0.00970568073356023	CM076441.1	775528	777025	-	NA	B9J08_04140
B9J08_00978	1849.91517302127	-0.30239951186165	0.0981753256543294	-3.08019871435298	0.00206862527666618	0.00970568073356023	CM076438.1	2022535	2023909	+	NA	B9J08_00978
B9J08_00819	76220.5868680431	0.187589922352806	0.0609119712042055	3.07968891244574	0.00207216909235724	0.00971406155509624	CM076438.1	1735658	1736759	+	NA	B9J08_00819
B9J08_00758	583.350279786245	0.376465057057453	0.122286367815909	3.07855293914844	0.002080085688699	0.00974290983172829	CM076438.1	1617664	1617976	-	NA	B9J08_00758
B9J08_02925	903.018237536317	-0.331190492023289	0.107681283771411	-3.07565512244773	0.00210040638467364	0.00982975960041591	CM076439.1	2105726	2107043	-	NA	B9J08_02925
B9J08_05537	2523.14248903849	-0.245518168979723	0.0799415650169273	-3.07122044618135	0.0021318569059617	0.00996850517703074	CM076444.1	656925	657234	-	NA	B9J08_05537
B9J08_01447	7683.71986334085	0.203671488785758	0.0663621927173946	3.06908919741545	0.00214712474036921	0.0100314103465939	CM076438.1	3011878	3020038	+	NA	B9J08_01447
B9J08_01130	710.034229593894	-0.357799876055127	0.116603306067404	-3.0685225670042	0.00215120080204953	0.0100419652305133	CM076438.1	2329878	2332002	-	NA	B9J08_01130
B9J08_05284	496.212003966959	-0.406424214337378	0.132547140043765	-3.06626166511915	0.0021675353491399	0.0101096775313892	CM076444.1	91821	93558	-	NA	B9J08_05284
B9J08_01736	5525.90360951529	0.20978907706987	0.0684469058147099	3.06498993011872	0.00217677326068615	0.0101442038885433	CM076438.1	3648148	3649612	-	NA	B9J08_01736
B9J08_03116	9002.53400811924	0.20172087676392	0.0658477412141877	3.06344413710059	0.00218805052629455	0.0101881678675905	CM076440.1	216595	221296	-	NA	B9J08_03116
B9J08_01094	1323.39759180455	-0.293711792056094	0.095903188800934	-3.06258629904112	0.0021943319278368	0.0102088152905336	CM076438.1	2260025	2262293	+	NA	B9J08_01094
B9J08_05244	445.066848803813	-0.434166514336863	0.141897326184037	-3.0597230124954	0.00221541779428419	0.0102982457098475	CM076443.1	948105	949872	-	NA	B9J08_05244
B9J08_03009	1418.71800194907	-0.281194316100098	0.0919354107992804	-3.05860727281701	0.00222368450132557	0.0103106579184785	CM076439.1	2295430	2297308	+	NA	B9J08_03009
B9J08_02012	6528.5637457684	0.208971771807477	0.0683192336882438	3.05875462188382	0.00222259114904635	0.0103106579184785	CM076439.1	118470	118992	+	NA	B9J08_02012
B9J08_01898	3817.37353305883	0.22709933993647	0.0742443768483156	3.05880862062381	0.00222219059362525	0.0103106579184785	CM076438.1	4015967	4016767	-	NA	B9J08_01898
B9J08_00773	711.681166015204	-0.36009764920425	0.117766542682533	-3.0577245540355	0.0022302447349162	0.010332407921108	CM076438.1	1641467	1642106	-	NA	B9J08_00773
B9J08_01612	493.937156268857	-0.406115414271203	0.132908466809809	-3.05560228042018	0.00224608979591805	0.0103971007554766	CM076438.1	3360371	3361223	-	NA	B9J08_01612
B9J08_04461	2694.58069935959	-0.290594278516972	0.0951540565438813	-3.05393473564589	0.00225861210678177	0.0104463172503622	CM076442.1	85982	88832	-	NA	B9J08_04461
B9J08_03538	2360.81490312467	-0.277154714164656	0.0907640641530224	-3.05357320378902	0.00226133542807951	0.0104501679857822	CM076440.1	1114811	1116128	+	NA	B9J08_03538
B9J08_01673	868.812869633441	-0.349234601779089	0.114458510657924	-3.05118946395195	0.00227936693489283	0.010524695947496	CM076438.1	3510901	3512131	-	NA	B9J08_01673
B9J08_05154	1756.89623588533	0.275125014540125	0.0901918281776268	3.05044281837025	0.00228504187434297	0.0105420921865556	CM076443.1	738226	739807	+	NA	B9J08_05154
B9J08_02284	981.025654026163	0.320224439169686	0.105044039855862	3.04847794895445	0.00230003792285191	0.0106024266885759	CM076439.1	665395	666997	+	NA	B9J08_02284
B9J08_04521	15.1857845444903	-2.31184152226931	0.758573819580603	-3.04761575287093	0.00230664668800431	0.0106240302038332	CM076442.1	238136	240446	+	NA	B9J08_04521
B9J08_04969	1062.79403161	-0.315180563935291	0.10345587892914	-3.04652154326742	0.00231505888727114	0.010653897144003	CM076443.1	311772	312756	-	NA	B9J08_04969
B9J08_03883	1052.38711720061	0.30518455628241	0.100234060992071	3.04471906317903	0.0023289775011795	0.0107090338178195	CM076441.1	230032	231160	-	NA	B9J08_03883
B9J08_02940	281.534578468789	-0.517794164962343	0.170220886222659	-3.04189560078448	0.00235093416849297	0.0108010084366257	CM076439.1	2139657	2142663	-	NA	B9J08_02940
B9J08_03985	552.531783356926	0.413311526005252	0.1362897420521	3.03259452826064	0.00242461145040804	0.0111302553873798	CM076441.1	443891	444770	+	NA	B9J08_03985
B9J08_04110	655.977946660769	0.355447704188643	0.117253356558785	3.03145014028183	0.00243382112606679	0.0111632608827976	CM076441.1	715492	716362	-	NA	B9J08_04110
B9J08_04872	501.703003389056	0.398196314277702	0.131373760719125	3.03101861511783	0.00243730220961915	0.0111699579706178	CM076443.1	62891	64313	-	NA	B9J08_04872
B9J08_04310	7227.6453468566	0.201343367572656	0.0664479591348443	3.03009106967553	0.00244480008278189	0.0111950373301868	CM076441.1	1168519	1171486	-	NA	B9J08_04310
B9J08_02042	251.000276096579	-0.541297291992981	0.178852460296687	-3.02650179424458	0.00247401352708331	0.0113100684567324	CM076439.1	180938	181298	-	NA	B9J08_02042
B9J08_00504	1080.66688341501	0.298483239785998	0.0986220565592506	3.02653635707418	0.00247373070051284	0.0113100684567324	CM076438.1	1066574	1067873	+	NA	B9J08_00504
B9J08_05520	267.674788843563	-0.514916982553614	0.170158593605805	-3.02610036696993	0.00247730056217242	0.0113157357083694	CM076444.1	623967	626052	+	NA	B9J08_05520
B9J08_01103	4800.83475306789	0.217417448467418	0.0719845350736984	3.02033552407921	0.00252494804134749	0.0115238545206669	CM076438.1	2282032	2285950	-	NA	B9J08_01103
B9J08_04652	797.682236631694	-0.330726540233084	0.109746790861897	-3.01354178683241	0.00258217478162443	0.0117753135462361	CM076442.1	528215	529982	+	NA	B9J08_04652
B9J08_02069	393.856153536344	-0.438129309182516	0.145405105216551	-3.01316317972476	0.00258539858267379	0.0117802951083578	CM076439.1	243319	244141	-	NA	B9J08_02069
B9J08_05451	465.936604172155	0.399853978953919	0.132740520447043	3.01229780934481	0.00259278094719565	0.0118042012315901	CM076444.1	453761	454469	-	NA	B9J08_05451
B9J08_05393	484.597698409685	0.40797985845937	0.135507929272739	3.01074527999187	0.00260607370247898	0.0118452050605274	CM076444.1	334634	335486	+	NA	B9J08_05393
B9J08_00358	613.290078219917	-0.366427128484022	0.1217014719805	-3.01086850077486	0.00260501641429098	0.0118452050605274	CM076438.1	744628	746530	+	NA	B9J08_00358
B9J08_04152	3908.75543363108	-0.235962834684536	0.0783904065661005	-3.01009836561527	0.0026116309501304	0.0118607101572479	CM076441.1	808201	811387	+	NA	B9J08_04152
B9J08_03044	833.47040547596	-0.37618799869588	0.125041852933039	-3.0084966742882	0.00262543675513203	0.0119136198239858	CM076440.1	64023	66405	+	NA	B9J08_03044
B9J08_00374	366.074954540678	-0.44707758190568	0.148667666217464	-3.00722808987743	0.00263641865062695	0.0119536389516121	CM076438.1	784984	786238	+	NA	B9J08_00374
B9J08_04673	73.5245976732417	-0.972280572658673	0.323422705978848	-3.00622236684354	0.00264515482767528	0.0119834186332469	CM076442.1	572718	572792	-	NA	B9J08_04673
B9J08_04048	6664.16857014247	-0.205539727576216	0.0683820531080719	-3.0057554319315	0.00264921982856562	0.0119920049078478	CM076441.1	570002	571439	+	NA	B9J08_04048
B9J08_03095	1329.7571808237	0.279061388401854	0.0928632230043503	3.0050797223437	0.00265511247244899	0.0119990242315827	CM076440.1	163320	165243	+	NA	B9J08_03095
B9J08_02835	4087.10911247982	-0.220017965836732	0.073210404893302	-3.00528273484335	0.00265334080864982	0.0119990242315827	CM076439.1	1891293	1892553	+	NA	B9J08_02835
B9J08_05189	317.822010202302	-0.508327521651992	0.169178681963819	-3.00467834216077	0.00265861844783975	0.0120050524192895	CM076443.1	806925	807951	-	NA	B9J08_05189
B9J08_00307	1944.82436043251	0.255742399625254	0.0851711751399915	3.00268722610558	0.00267607308635702	0.0120740048557512	CM076438.1	658462	659197	+	NA	B9J08_00307
B9J08_01578	3031.15980937712	0.233902496160881	0.0779817152715536	2.99945308135848	0.0027046477631834	0.0121929756828015	CM076438.1	3286548	3292323	-	NA	B9J08_01578
B9J08_02067	1769.82979762259	-0.270147108075682	0.0901211568841639	-2.99759920329155	0.00272115279437296	0.0122573850810916	CM076439.1	237742	239443	+	NA	B9J08_02067
B9J08_01363	5680.69527277987	-0.248875539122646	0.0830394041307622	-2.99707761306598	0.00272581305904176	0.0122683784831627	CM076438.1	2839437	2840928	+	NA	B9J08_01363
B9J08_01421	247.140607667836	-0.559945014240757	0.186872705475195	-2.99639807117302	0.002731895516722	0.0122857498136066	CM076438.1	2950616	2951756	+	NA	B9J08_01421
B9J08_00213	1967.89455089338	-0.265685621353263	0.0887473020057796	-2.99373181323259	0.00275588067543557	0.0123835386123028	CM076438.1	459898	462144	+	NA	B9J08_00213
B9J08_04722	2552.13370134683	-0.246004007918463	0.0822061659469858	-2.99252501420769	0.00276679992207731	0.01242250460546	CM076442.1	668540	670409	-	NA	B9J08_04722
B9J08_03927	7030.08277338615	0.205646332164836	0.0689601836453298	2.9821024436724	0.00286276187919045	0.012840486102144	CM076441.1	322527	324420	+	NA	B9J08_03927
B9J08_02567	445.369607558729	-0.40814773826319	0.136874498213411	-2.98191221586667	0.00286454122741877	0.012840486102144	CM076439.1	1302632	1304045	-	NA	B9J08_02567
B9J08_00488	83.5364837427755	-0.882063628820699	0.295913873469403	-2.98081201289775	0.00287485210048194	0.0128762622036983	CM076438.1	1033158	1036404	-	NA	B9J08_00488
B9J08_04941	994.319287411749	0.300446118499861	0.100818486912466	2.98006970448504	0.00288182798951571	0.0128970553020675	CM076443.1	250707	251166	-	NA	B9J08_04941
B9J08_01181	1823.72096937516	0.252856330642327	0.0851072429820406	2.97103186265457	0.00296800985979006	0.0132719987824107	CM076438.1	2450486	2452445	-	NA	B9J08_01181
B9J08_02259	541.208711757582	-0.396680450375426	0.13356304491746	-2.96998657540765	0.00297812763195112	0.0133064764929619	CM076439.1	615344	616865	-	NA	B9J08_02259
B9J08_04759	399.657030581906	-0.43475857646916	0.146530857193175	-2.96701039492322	0.00300710792193124	0.013425109438218	CM076442.1	772936	773815	-	NA	B9J08_04759
B9J08_02639	9349.11109762447	-0.195227599892449	0.065841021574936	-2.96513625126933	0.00302548899367769	0.0134962693043233	CM076439.1	1455730	1458343	-	NA	B9J08_02639
B9J08_00435	1991.16503983435	0.284065157132452	0.0958724410978477	2.9629490381134	0.00304707012278476	0.0135815778779285	CM076438.1	922966	924916	-	NA	B9J08_00435
B9J08_01069	455.332541673744	-0.41095291245817	0.138962753033729	-2.95728821922823	0.00310357865863596	0.0138223039857219	CM076438.1	2201861	2203139	+	NA	B9J08_01069
B9J08_02258	3269.35657690009	0.231207761669431	0.0781993625071342	2.95664509603052	0.00311005865000122	0.0138400113998041	CM076439.1	612625	615286	+	NA	B9J08_02258
B9J08_04410	9259.40281376172	-0.216502943767968	0.0733474768379765	-2.95174357866761	0.00315985214700519	0.0140502838427174	CM076441.1	1384608	1386195	-	NA	B9J08_04410
B9J08_04464	1754.53042336587	0.261850840179145	0.088721906406367	2.9513662497265	0.00316371531595142	0.0140561531762568	CM076442.1	93914	95699	-	NA	B9J08_04464
B9J08_04799	1603.35962944614	-0.262960885567838	0.0891646532058909	-2.94916063836005	0.00318638306182537	0.0141228060807609	CM076442.1	853833	854436	-	NA	B9J08_04799
B9J08_03384	1325.3807320444	-0.272996721282515	0.0925673697901919	-2.9491679616832	0.00318630755348647	0.0141228060807609	CM076440.1	793748	794120	+	NA	B9J08_03384
B9J08_00149	17938.9152417274	0.524047916556388	0.177678678882851	2.94941362605419	0.00318377553493232	0.0141228060807609	CM076438.1	323157	325710	-	NA	B9J08_00149
B9J08_00279	4339.59938960964	0.211462102350243	0.0717506299680662	2.9471811250209	0.00320685306253881	0.0142021449332147	CM076438.1	598657	599491	-	NA	B9J08_00279
B9J08_00889	9408.91750024494	-0.213295370594369	0.0724559830614294	-2.94379237686325	0.00324217421757688	0.0143470751805824	CM076438.1	1860760	1862563	-	NA	B9J08_00889
B9J08_01458	1520.06474948611	-0.268973277085291	0.0913777218249069	-2.94353231524729	0.00324489944873335	0.0143476474025194	CM076438.1	3038917	3039661	-	NA	B9J08_01458
B9J08_05318	1809.78784109707	-0.259897478058119	0.0883379075490087	-2.94208324907325	0.00326012271763699	0.014403435859616	CM076444.1	174642	177264	-	NA	B9J08_05318
B9J08_03164	771.250822810932	0.325758919339756	0.110823166560986	2.93944785597234	0.00328797590695222	0.0145148904454672	CM076440.1	316404	317868	+	NA	B9J08_03164
B9J08_03343	1623.31116428151	0.263990816601641	0.0898326098729067	2.9386969495279	0.00329595174399776	0.0145384878603955	CM076440.1	706205	709157	-	NA	B9J08_03343
B9J08_01355	232.105587009523	-0.537367317733181	0.183072368544039	-2.93527265751147	0.00333254714306292	0.0146881882453818	CM076438.1	2820370	2821822	-	NA	B9J08_01355
B9J08_00029	1302.72044038777	0.313833667518481	0.107033135589363	2.93211691678841	0.00336659979034649	0.0148264518256932	CM076438.1	64924	66202	-	NA	B9J08_00029
B9J08_04772	253.033481800812	-0.516967420090295	0.176369350117721	-2.93116360493041	0.00337694882984894	0.0148400838990302	CM076442.1	796248	797532	-	NA	B9J08_04772
B9J08_03840	5537.8310530522	0.2273751794625	0.077586658069619	2.93059638241507	0.00338312026646969	0.0148400838990302	CM076441.1	139776	144155	+	NA	B9J08_03840
B9J08_02739	3362.03615908806	-0.224176680724615	0.0764898528921238	-2.93080287447773	0.00338087242484268	0.0148400838990302	CM076439.1	1685109	1686495	-	NA	B9J08_02739
B9J08_02462	2383.59343806543	0.273089246051279	0.0931765917802678	2.93087824778231	0.0033800522611936	0.0148400838990302	CM076439.1	1079192	1084187	-	NA	B9J08_02462
B9J08_01152	762.231955391079	-0.402236928600762	0.137217272066568	-2.93138700793895	0.00337452099814609	0.0148400838990302	CM076438.1	2388667	2390563	+	NA	B9J08_01152
B9J08_05340	95.7361456698949	0.796574232462748	0.271879179168472	2.92988317420638	0.00339089461469123	0.0148623905911169	CM076444.1	223196	224114	-	NA	B9J08_05340
B9J08_02036	2719.48682994326	-0.285599622692516	0.0975785490856447	-2.92686892117904	0.00342393153400414	0.0149861359168189	CM076439.1	166513	167443	+	NA	B9J08_02036
B9J08_00172	2132.12888689378	-0.249044749641128	0.0850907706772793	-2.92681271610138	0.00342455032801561	0.0149861359168189	CM076438.1	368438	370871	-	NA	B9J08_00172
B9J08_04787	170.714151898022	-0.609587459599697	0.208414369576308	-2.92488210308602	0.00344586746165182	0.0150674916618272	CM076442.1	829651	832243	-	NA	B9J08_04787
B9J08_03758	367.969067287491	-0.432732971234771	0.148026395810757	-2.9233500475685	0.00346286974352745	0.0151298664604555	CM076440.1	1628011	1629463	-	NA	B9J08_03758
B9J08_01662	20787.2125145867	0.196065895414703	0.0670865749064391	2.92258019861862	0.00347144208236169	0.0151553399598839	CM076438.1	3487700	3488036	+	NA	B9J08_01662
B9J08_00654	1557.36611316569	0.256852074144255	0.0879175308160052	2.92151146375798	0.00348337456053833	0.0151954310939979	CM076438.1	1395039	1396869	-	NA	B9J08_00654
B9J08_00828	5237.97860771293	0.205102856007059	0.0702295473339081	2.92046387586541	0.00349510714612441	0.0152345876945029	CM076438.1	1753272	1753728	-	NA	B9J08_00828
B9J08_01976	242.896695698645	-0.518092045679074	0.177568859558489	-2.91769653174138	0.00352627352047265	0.015346231297364	CM076439.1	43121	45017	-	NA	B9J08_01976
B9J08_01088	1139.52133226857	0.310918844021084	0.106557103702019	2.91786125203395	0.00352441135384427	0.015346231297364	CM076438.1	2240476	2243059	-	NA	B9J08_01088
B9J08_03791	333.520239940454	-0.450725437480667	0.154505209139701	-2.91721839017822	0.00353168399361769	0.0153576848408537	CM076441.1	40178	42464	+	NA	B9J08_03791
B9J08_03137	952.43431379512	-0.328094665745437	0.112500544887005	-2.91638290352258	0.00354115618454714	0.0153867690503082	CM076440.1	255883	257311	+	NA	B9J08_03137
B9J08_04349	643.536364256754	-0.364829633236133	0.125261802340662	-2.91253699387097	0.00358505732525438	0.0155652881670707	CM076441.1	1259018	1259818	+	NA	B9J08_04349
B9J08_05488	14149.1190403967	0.224635492363309	0.0771478349723599	2.91175367972141	0.00359405933120178	0.0155921239588322	CM076444.1	548571	549849	-	NA	B9J08_05488
B9J08_02136	1062.19345894509	0.302101961149935	0.103780152860793	2.91098011346315	0.00360296948548556	0.0156185194872774	CM076439.1	379841	381020	+	NA	B9J08_02136
B9J08_04254	2020.78723506569	0.252451210190434	0.0867650362801622	2.90959608862808	0.00361896121860106	0.0156679419521396	CM076441.1	1033010	1033504	-	NA	B9J08_04254
B9J08_03186	1196.07828272952	0.287219112290339	0.0987175888681987	2.90950291212861	0.00362004014345617	0.0156679419521396	CM076440.1	362851	364342	-	NA	B9J08_03186
B9J08_02758	6853.36848221135	0.203002105393728	0.0698495216204314	2.90627767641503	0.00365756712616591	0.0158179761395297	CM076439.1	1732799	1734248	-	NA	B9J08_02758
B9J08_01259	669.388486691156	-0.337578556089371	0.116189720949794	-2.9054080974619	0.00366774541160706	0.0158495925644661	CM076438.1	2602323	2603799	-	NA	B9J08_01259
B9J08_04655	1433.15407392309	0.279477858073918	0.0962147050107117	2.90473122630063	0.0036756859006499	0.0158714968538219	CM076442.1	536581	537772	-	NA	B9J08_04655
B9J08_05434	3935.70618244493	-0.209156832356561	0.0720145651519622	-2.90436846928405	0.00367994789416999	0.0158774957151269	CM076444.1	424782	427143	+	NA	B9J08_05434
B9J08_02893	469.831548245162	-0.390575822868312	0.134497392144216	-2.90396576945904	0.00368468443365348	0.0158792986671273	CM076439.1	2027086	2029915	+	NA	B9J08_02893
B9J08_01283	559.444989753741	0.403750702259015	0.139040055975954	2.90384450311817	0.00368611184909071	0.0158792986671273	CM076438.1	2658517	2659412	-	NA	B9J08_01283
B9J08_00438	494.416038049288	-0.37707276438734	0.129887405359389	-2.90307411518466	0.00369519176606588	0.0159060162702851	CM076438.1	930029	933539	+	NA	B9J08_00438
B9J08_02833	1357.25064712605	-0.26680568873802	0.0919845158897979	-2.90055001276157	0.00372508388283482	0.0160222090431347	CM076439.1	1887075	1888299	-	NA	B9J08_02833
B9J08_01047	770.535619898881	-0.322175064170915	0.111165520804907	-2.89815638732377	0.00375363369455299	0.0161324521227017	CM076438.1	2148769	2150584	-	NA	B9J08_01047
B9J08_05097	3597.484961768	-0.216758588185009	0.0748063759954625	-2.89759509534531	0.00376035718928792	0.0161487911306871	CM076443.1	604229	606386	+	NA	B9J08_05097
B9J08_01640	1307.61993865012	-0.277441783196904	0.0957943666210985	-2.8962223247875	0.00377684721131319	0.0162070143920249	CM076438.1	3422953	3425956	-	NA	B9J08_01640
B9J08_00804	1223.86633073492	-0.286374118738937	0.0988925575953033	-2.8958106221791	0.00378180546825838	0.0162157011815858	CM076438.1	1702620	1705062	+	NA	B9J08_00804
B9J08_03905	2626.82545345588	0.228958109256087	0.0791376292707998	2.89316361086101	0.00381382574804882	0.0163276645309573	CM076441.1	274508	276125	+	NA	B9J08_03905
B9J08_02222	641.888499513633	-0.340235122475722	0.117593657268992	-2.89331185352492	0.00381202599957441	0.0163276645309573	CM076439.1	548454	549318	+	NA	B9J08_02222
B9J08_05027	12583.0462087297	0.18721708661753	0.0647499570763517	2.89138549384315	0.00383547333092498	0.0164076324303579	CM076443.1	444071	444741	+	NA	B9J08_05027
B9J08_03318	4169.53736141903	0.209464322209625	0.0725164626871311	2.88850716717043	0.0038707520765772	0.0165457437952376	CM076440.1	657358	658348	+	NA	B9J08_03318
B9J08_03029	377.844525649391	-0.441535933632993	0.153020531675441	-2.8854685629344	0.0039083149276536	0.0166846806980355	CM076440.1	32507	33377	-	NA	B9J08_03029
B9J08_01621	537.505839323038	0.370929292931466	0.128554308854903	2.88538981101075	0.00390929283588854	0.0166846806980355	CM076438.1	3373572	3374619	-	NA	B9J08_01621
B9J08_03371	1486.95075074873	0.335975936170917	0.116575211951096	2.88205297290697	0.00395093305352274	0.0168493881071143	CM076440.1	758193	759636	-	NA	B9J08_03371
B9J08_02909	3100.03570349432	0.226741682921352	0.0787815641314266	2.87810587948079	0.00400070837844512	0.017048508255718	CM076439.1	2067547	2068597	-	NA	B9J08_02909
B9J08_02635	36.6256098533442	-1.28748173933138	0.447524985826465	-2.87689353691332	0.00401611067431815	0.017087793454162	CM076439.1	1447952	1449185	+	NA	B9J08_02635
B9J08_02367	1235.00779669549	-0.273345329944079	0.0950076506473382	-2.87708756170298	0.00401364205927768	0.017087793454162	CM076439.1	836387	838223	+	NA	B9J08_02367
B9J08_03360	576.703832641817	0.352694692792852	0.122611108980673	2.87653130067069	0.00402072316560274	0.0170942591817587	CM076440.1	741795	742377	+	NA	B9J08_03360
B9J08_02037	904.314679933232	0.310467335466652	0.107955081964724	2.87589365703137	0.00402885420877703	0.0171156627301389	CM076439.1	167929	169279	+	NA	B9J08_02037
B9J08_05000	1364.02817741083	-0.26558992575515	0.0923776600286893	-2.875044958626	0.0040396997156749	0.0171485563199195	CM076443.1	377715	382041	-	NA	B9J08_05000
B9J08_04324	463.095766887323	-0.38742017635131	0.134970422719335	-2.87040796454297	0.00409942515755442	0.0173887358755206	CM076441.1	1216965	1219428	+	NA	B9J08_04324
B9J08_04501	1673.13104932545	-0.24778924391398	0.0863404197340799	-2.86991011483551	0.00410588497142492	0.0174027808566453	CM076442.1	178729	179401	-	NA	B9J08_04501
B9J08_02100	5261.37711267222	0.218912546403819	0.0762880911488	2.8695507137127	0.00411055409535807	0.0174092202950529	CM076439.1	302784	304338	-	NA	B9J08_02100
B9J08_03990	1382.8294609705	-0.272502387271479	0.0950111651320324	-2.86810909952315	0.00412933114737048	0.0174727836639433	CM076441.1	456143	457793	-	NA	B9J08_03990
B9J08_01025	1964.80255911951	-0.25741896774903	0.0897582750619171	-2.86791348843833	0.00413188497354331	0.0174727836639433	CM076438.1	2106831	2108610	+	NA	B9J08_01025
B9J08_01358	1379.6588430891	0.286437921446295	0.0999111274773094	2.86692712492257	0.00414478441866266	0.0175139323256487	CM076438.1	2826887	2829092	-	NA	B9J08_01358
B9J08_04820	548.091901657633	-0.367969101233592	0.128365572527855	-2.8665715735716	0.00414944319327882	0.0175202234753644	CM076442.1	901262	902201	+	NA	B9J08_04820
B9J08_02509	784.342242472298	-0.318371189226142	0.111091881930977	-2.86583667224173	0.00415908763746713	0.0175389039725694	CM076439.1	1188963	1189497	+	NA	B9J08_02509
B9J08_00909	951.639702404438	0.303663938682308	0.105963129735593	2.86575094035099	0.00416021405971386	0.0175389039725694	CM076438.1	1899211	1901290	+	NA	B9J08_00909
B9J08_01617	634.392800814328	0.366306125092099	0.127926468766845	2.86341152556723	0.00419105840865777	0.0176554724273258	CM076438.1	3366966	3367806	-	NA	B9J08_01617
B9J08_01323	192.18207912634	-0.570800615346671	0.19940311009902	-2.86254620132665	0.00420251985793076	0.0176902720904671	CM076438.1	2758674	2759904	-	NA	B9J08_01323
B9J08_00437	1009.79559460351	-0.291345492311832	0.101902499386907	-2.85906129942545	0.00424896669675845	0.0178721757480852	CM076438.1	927282	928800	-	NA	B9J08_00437
B9J08_02468	3604.57183125892	0.217504929463823	0.0761791166367959	2.85517788951052	0.00430127294591175	0.0180784300928169	CM076439.1	1100828	1104869	+	NA	B9J08_02468
B9J08_01641	3355.72637316613	0.219446167332924	0.0768903001822845	2.85401626489532	0.00431703210376524	0.0181308787519077	CM076438.1	3426312	3427434	-	NA	B9J08_01641
B9J08_01577	3007.05272862607	0.218338007340664	0.0767260790987671	2.84568180604672	0.0044316453477617	0.0185839938065849	CM076438.1	3285099	3286206	-	NA	B9J08_01577
B9J08_00640	127.051183057619	-0.690419495361515	0.242616903706121	-2.84571884652279	0.00443112993399132	0.0185839938065849	CM076438.1	1369056	1371234	-	NA	B9J08_00640
B9J08_04167	3460.38025959416	-0.231550115455691	0.0814748417631227	-2.8419830029114	0.00448338817841645	0.0187867221092553	CM076441.1	840715	842009	-	NA	B9J08_04167
B9J08_04091	702.094991213025	-0.335303772171675	0.118130214455455	-2.83842515411764	0.00453367505501958	0.0189830469917373	CM076441.1	655391	657089	+	NA	B9J08_04091
B9J08_03944	178.154749884644	-0.60983610994315	0.215263861676864	-2.83297022172065	0.00461176819323307	0.0192954146888714	CM076441.1	359981	361067	-	NA	B9J08_03944
B9J08_01769	17.6383996749162	-1.92054712154584	0.678290486902172	-2.83145224447596	0.00463371525026562	0.0193725750289093	CM076438.1	3724189	3725791	-	NA	B9J08_01769
B9J08_00687	946.845132123283	-0.300575023341387	0.106171911630844	-2.83102205399178	0.00463995216047441	0.019383987597084	CM076438.1	1454189	1454927	+	NA	B9J08_00687
B9J08_02911	926.624983544006	-0.296640071931346	0.104837414304348	-2.82952487811447	0.00466171755322344	0.0194308543866259	CM076439.1	2069403	2069727	-	NA	B9J08_02911
B9J08_02662	7246.32778004563	0.194907591635088	0.0688758586809539	2.8298390084389	0.00465714319380146	0.0194308543866259	CM076439.1	1507352	1511765	-	NA	B9J08_02662
B9J08_01787	3813.50474106503	0.210813315559108	0.0745031638027082	2.82958876910735	0.00466078684445411	0.0194308543866259	CM076438.1	3773743	3774379	+	NA	B9J08_01787
B9J08_00124	1876.94941382137	0.251979569887143	0.0891284020072329	2.8271523354216	0.004696398074296	0.0195606572393625	CM076438.1	264577	265665	+	NA	B9J08_00124
B9J08_03062	14196.2420439294	-0.193375534907143	0.0684406802084537	-2.82544729710704	0.00472146544502419	0.019650255658621	CM076440.1	101384	102934	-	NA	B9J08_03062
B9J08_03299	146.606552189776	-0.64703668412865	0.229024082563383	-2.82519059518372	0.00472524993327478	0.0196512087142285	CM076440.1	612343	613228	-	NA	B9J08_03299
B9J08_02447	717.220087573914	-0.37247159864726	0.131852437272874	-2.82491250333443	0.00472935286590674	0.0196534836765914	CM076439.1	1042318	1043815	+	NA	B9J08_02447
B9J08_03051	532.58486127625	-0.356170549906319	0.126163612031569	-2.82308459761913	0.0047564019159052	0.0197510393607874	CM076440.1	82749	83127	-	NA	B9J08_03051
B9J08_01344	1895.20451630287	-0.243714281626282	0.0863558162033585	-2.8222103888447	0.00476938774447928	0.0197900946424452	CM076438.1	2800431	2802066	+	NA	B9J08_01344
B9J08_00152	383.53640080339	-0.428715218416468	0.152058498176163	-2.81940979003878	0.0048112052344823	0.0199486356571521	CM076438.1	330872	332513	+	NA	B9J08_00152
B9J08_04843	290.035480707064	-0.493608694792203	0.175108858654121	-2.81886763802846	0.00481933867166508	0.0199673799387503	CM076442.1	957862	959494	+	NA	B9J08_04843
B9J08_04911	7085.51953715562	-0.199366496303837	0.0708027290261709	-2.81580242804123	0.00486555782915243	0.0201437738739517	CM076443.1	177956	179491	-	NA	B9J08_04911
B9J08_01907	1157.19229806219	-0.274867184151139	0.0976646658664434	-2.81439742523688	0.00488687707010771	0.0202048752912829	CM076438.1	4034009	4034525	+	NA	B9J08_01907
B9J08_01700	506.304515847269	-0.373063218200354	0.132557597893579	-2.81434805796541	0.00488762769394703	0.0202048752912829	CM076438.1	3567793	3568567	-	NA	B9J08_01700
B9J08_03381	2700.3253152929	0.218367695040521	0.0776090076653339	2.81369008069486	0.00489764212840853	0.0202311420356607	CM076440.1	786682	789274	+	NA	B9J08_03381
B9J08_04656	9750.43758619627	0.185865741621071	0.0660924429052755	2.81220868000682	0.00492025706278753	0.0203093807214538	CM076442.1	537929	539480	+	NA	B9J08_04656
B9J08_00637	13228.1856729252	0.178367090843732	0.0634587720080783	2.81075547476755	0.00494253329800338	0.0203709034586612	CM076438.1	1363265	1365443	-	NA	B9J08_00637
B9J08_00125	1087.47198818357	0.285230975429502	0.101476596736344	2.81080549213319	0.00494176506680916	0.0203709034586612	CM076438.1	265667	267602	-	NA	B9J08_00125
B9J08_01793	1975.41494603532	-0.234301925066532	0.0833849041779724	-2.80988420357778	0.00495593274382082	0.0204109092958999	CM076438.1	3781584	3785277	-	NA	B9J08_01793
B9J08_02324	597.37513905838	-0.344398790935194	0.122615554116717	-2.80876919258842	0.00497312863200002	0.020466479485528	CM076439.1	742263	742641	+	NA	B9J08_02324
B9J08_03400	2165.14355516348	-0.251705896118537	0.0896912215320647	-2.80636044218164	0.00501046110724656	0.0206047756992201	CM076440.1	828549	828885	+	NA	B9J08_03400
B9J08_03348	1874.7798439786	0.24573269185293	0.0876729800338239	2.80283266016654	0.00506559451966154	0.0208160155465943	CM076440.1	715566	716490	+	NA	B9J08_03348
B9J08_01661	589.890477442121	-0.344570765385403	0.123015906152231	-2.80102611250126	0.00509403968957603	0.0209173531681179	CM076438.1	3484829	3486446	+	NA	B9J08_01661
B9J08_04837	103.649938796123	-0.731182788367098	0.261156960105133	-2.7997828894652	0.0051136987616027	0.02098248927645	CM076442.1	943358	944756	-	NA	B9J08_04837
B9J08_02453	3559.02027809055	0.228196285219021	0.0816388381296642	2.79519271031986	0.00518687860183536	0.0212669718340831	CM076439.1	1058684	1060766	+	NA	B9J08_02453
B9J08_00415	1259.8054187949	-0.279800502524705	0.100174970247194	-2.79311789995307	0.00522026614838803	0.021387999260297	CM076438.1	881456	882677	-	NA	B9J08_00415
B9J08_02593	2554.63438000612	-0.230250547338974	0.0824630203908392	-2.7921672799236	0.00523562814980913	0.021435049469626	CM076439.1	1360877	1361561	-	NA	B9J08_02593
B9J08_00102	1491.01771266252	0.255760350172967	0.0916235946264655	2.79142453661265	0.00524765927569356	0.0214684032692511	CM076438.1	226366	228523	-	NA	B9J08_00102
B9J08_02313	1245.26108153187	-0.262880715871568	0.0941845007726544	-2.79112501223654	0.0052525181026566	0.0214723872436265	CM076439.1	719475	722718	+	NA	B9J08_02313
B9J08_03716	39.8147689314815	-1.1850116812295	0.424789093510866	-2.78964714332806	0.00527655135620266	0.0215546927906372	CM076440.1	1529726	1530353	-	NA	B9J08_03716
B9J08_01908	1310.67162662923	0.267024317401385	0.0957919085392603	2.78754564423304	0.00531089720613903	0.0216789725689294	CM076438.1	4034812	4035889	+	NA	B9J08_01908
B9J08_04220	668.485476288047	-0.322919595220348	0.116088954223948	-2.78165650969172	0.0054082246649767	0.0220538942321652	CM076441.1	955035	956284	+	NA	B9J08_04220
B9J08_03917	685.260508530095	-0.329079771122467	0.1183099078305	-2.78150644486964	0.00541072563394536	0.0220538942321652	CM076441.1	298278	306258	+	NA	B9J08_03917
B9J08_00546	1549.82162923357	0.254080354619515	0.0914520253273775	2.77829117190095	0.00546456260312872	0.0222569178389775	CM076438.1	1187242	1189450	+	NA	B9J08_00546
B9J08_01316	130.553136404021	-0.677910097402917	0.244687388262678	-2.77051507319684	0.00559677097031952	0.022778610569187	CM076438.1	2739963	2742258	+	NA	B9J08_01316
B9J08_04817	422.107771820706	-0.411286240126006	0.148879000400529	-2.76255374511868	0.00573511188150625	0.0233064755535285	CM076442.1	894569	895265	-	NA	B9J08_04817
B9J08_03461	1791.87188679958	0.236194959766953	0.0855058327084181	2.76232570674327	0.00573911945510265	0.0233064755535285	CM076440.1	948609	954675	+	NA	B9J08_03461
B9J08_01140	5312.91391175043	0.619732491572969	0.224348893350669	2.7623603678949	0.00573851015318225	0.0233064755535285	CM076438.1	2357983	2359873	+	NA	B9J08_01140
B9J08_04082	404.703634107308	-0.416336984398378	0.150779667257609	-2.76122763745765	0.00575845243631908	0.0233678168983374	CM076441.1	636623	637799	-	NA	B9J08_04082
B9J08_02566	1135.81957451209	-0.267166458542955	0.096769435097518	-2.76085582471079	0.00576501199498405	0.0233772716773858	CM076439.1	1301471	1302206	-	NA	B9J08_02566
B9J08_04156	1263.74646883196	0.258605767788989	0.0937961890691697	2.75710314411901	0.00583159532974713	0.0236299321022818	CM076441.1	817152	820722	-	NA	B9J08_04156
B9J08_05262	271.94618293775	-0.477776335435006	0.173317655489779	-2.75665127182143	0.00583965943163415	0.0236452730246461	CM076444.1	43569	46656	+	NA	B9J08_05262
B9J08_04040	726.691198516957	0.322101996433913	0.116985497013536	2.75334981392305	0.00589888285223376	0.0238501284010944	CM076441.1	555181	556672	-	NA	B9J08_04040
B9J08_03833	1164.12990724758	-0.271128604258936	0.0984683601603238	-2.75345911943177	0.00589691343561549	0.0238501284010944	CM076441.1	125311	126997	+	NA	B9J08_03833
B9J08_04409	323.037263974659	0.42493266481675	0.154656455729614	2.74759086397053	0.00600348714744983	0.0242480267575196	CM076441.1	1383952	1384333	+	NA	B9J08_04409
B9J08_04006	10896.1854578472	0.188619987859038	0.0686527509168821	2.74744981577505	0.00600606995314716	0.0242480267575196	CM076441.1	495121	497962	+	NA	B9J08_04006
B9J08_02002	836.022516343423	-0.296828705030342	0.108050743331506	-2.74712321154194	0.00601205441383299	0.0242544706169744	CM076439.1	97855	100393	+	NA	B9J08_02002
B9J08_02206	1271.69608620501	0.257072933544731	0.0936383267342053	2.74538153884828	0.00604405837458708	0.0243657991512347	CM076439.1	521808	522601	-	NA	B9J08_02206
B9J08_04991	6650.38369957911	0.185065900772884	0.0674381015976379	2.7442335473359	0.00606523703234978	0.0244155608723942	CM076443.1	359886	360471	+	NA	B9J08_04991
B9J08_04807	2852.06513293997	-0.212343634301858	0.0773756265260816	-2.74432200210078	0.00606360280571345	0.0244155608723942	CM076442.1	866793	869262	-	NA	B9J08_04807
B9J08_03149	2284.56456073744	0.230196225175579	0.0839089479392547	2.74340497442809	0.00608056442502737	0.0244594465626829	CM076440.1	275900	276560	+	NA	B9J08_03149
B9J08_00484	91.8922035699463	0.829427945147409	0.302492316623941	2.7419802076446	0.00610700213220192	0.0245479278434036	CM076438.1	1029033	1029237	-	NA	B9J08_00484
B9J08_00444	1109.79889742575	-0.285453000017498	0.104195983237597	-2.73957777591658	0.00615181575600153	0.0247100913396951	CM076438.1	942759	944694	-	NA	B9J08_00444
B9J08_03339	283.290251415059	0.450410184503079	0.164728710847818	2.73425429110037	0.00625217388043472	0.0250949637161675	CM076440.1	701171	701642	+	NA	B9J08_03339
B9J08_02157	1948.04903507946	0.23491011066485	0.0859395380728973	2.73343464408187	0.00626775608958571	0.0251392510211468	CM076439.1	430168	431332	+	NA	B9J08_02157
B9J08_04245	6835.33028795363	0.194411185056801	0.0711756528359891	2.7314281964478	0.00630604805485193	0.0252744942706067	CM076441.1	1016032	1017439	+	NA	B9J08_04245
B9J08_02068	2552.4088300876	-0.218995639255281	0.0802546420306116	-2.72875977905115	0.00635729955103119	0.0254614453757604	CM076439.1	239597	243308	+	NA	B9J08_02068
B9J08_03984	2625.4525289783	0.22683505071284	0.0831964698396162	2.72649850588764	0.0064010242409972	0.0255731994150767	CM076441.1	442349	442865	-	NA	B9J08_03984
B9J08_02091	1444.40951558595	-0.253825406057831	0.0930988920920468	-2.72640630145066	0.00640281286309876	0.0255731994150767	CM076439.1	285119	286493	-	NA	B9J08_02091
B9J08_01857	7617.85574389098	0.187708966054888	0.0688496616651152	2.72636003598543	0.00640371051030687	0.0255731994150767	CM076438.1	3918529	3921856	-	NA	B9J08_01857
B9J08_00167	3071.89087763337	0.206520642160515	0.0757481602756071	2.72641132681106	0.00640271536736819	0.0255731994150767	CM076438.1	360343	361348	-	NA	B9J08_00167
B9J08_04822	693.80290892956	-0.320412597910074	0.117651682011594	-2.72340006051506	0.00646137615677839	0.0257848563310572	CM076442.1	909271	910051	+	NA	B9J08_04822
B9J08_01853	4184.92772449124	-0.214000707384604	0.0786078428457417	-2.72238366602368	0.00648128483455001	0.0258456430595656	CM076438.1	3911574	3911973	+	NA	B9J08_01853
B9J08_00560	2741.30005187214	0.209808872242378	0.077074854387431	2.72214425716245	0.00648598228982451	0.0258457275528912	CM076438.1	1212040	1214460	+	NA	B9J08_00560
B9J08_03649	346.642032398637	-0.435839080220361	0.160183056995611	-2.7208812741806	0.00651081408397253	0.0259259866297667	CM076440.1	1370577	1371453	-	NA	B9J08_03649
B9J08_05203	100.834503230845	0.745949337425487	0.274235561821851	2.72010432370573	0.00652613233328662	0.0259682745904069	CM076443.1	842889	844617	-	NA	B9J08_05203
B9J08_04894	151.481406903685	0.621839532669205	0.229034012579173	2.71505321705983	0.00662651212253965	0.0263487284181846	CM076443.1	129392	131281	+	NA	B9J08_04894
B9J08_00898	2027.92097034863	0.231128082473313	0.0851949935524742	2.71293033587654	0.00666911252305669	0.0264990545757975	CM076438.1	1876721	1878614	-	NA	B9J08_00898
B9J08_01290	314.148721758915	-0.425978585039516	0.157073080641229	-2.71197701923536	0.00668832295606663	0.026556293806164	CM076438.1	2679038	2681018	-	NA	B9J08_01290
B9J08_04051	554.016519023469	-0.340533728844491	0.125815245250382	-2.70661737507886	0.00679725491397768	0.0269694385567514	CM076441.1	578548	580324	-	NA	B9J08_04051
B9J08_02471	3932.96437886676	0.227422876111223	0.084117682067738	2.703627471904	0.00685871350432856	0.0271937658094863	CM076439.1	1111232	1121009	-	NA	B9J08_02471
B9J08_04482	2275.652172014	0.215962934407668	0.0798957138995352	2.703060325354	0.00687042759385956	0.0272206833772486	CM076442.1	129839	131678	+	NA	B9J08_04482
B9J08_04305	672.78361632555	-0.314758727409561	0.116519543911084	-2.70133847803038	0.0069061015763529	0.0273424236479244	CM076441.1	1156772	1159742	-	NA	B9J08_04305
B9J08_01680	4516.98532492541	0.193341484976501	0.0717424468642874	2.69493853955438	0.00704016155675586	0.0278333139658009	CM076438.1	3523630	3525643	+	NA	B9J08_01680
B9J08_01671	972.18887810195	0.299334458578428	0.11106505391275	2.69512729731872	0.00703617442559987	0.0278333139658009	CM076438.1	3508060	3509254	+	NA	B9J08_01671
B9J08_04532	102.161375337651	-0.72044915944774	0.267523472633666	-2.6930315772115	0.00708055626154218	0.0279730053306245	CM076442.1	256997	258683	-	NA	B9J08_04532
B9J08_00676	720.358643530566	-0.312390480797311	0.116196221023899	-2.68847367018122	0.00717794962004208	0.0283375196785518	CM076438.1	1430856	1431288	-	NA	B9J08_00676
B9J08_05212	661.520325899415	-0.325287113912626	0.12101547475973	-2.68797948823047	0.00718858122761654	0.0283592351499191	CM076443.1	868264	871237	-	NA	B9J08_05212
B9J08_01338	1429.42721745852	-0.24490798336259	0.0912102781929294	-2.6850919459379	0.00725098556169187	0.0285798877916236	CM076438.1	2788715	2791742	-	NA	B9J08_01338
B9J08_00254	1710.2003449473	-0.241335670826347	0.0898858223184899	-2.68491364490419	0.00725485481665422	0.0285798877916236	CM076438.1	550707	551295	-	NA	B9J08_00254
B9J08_05394	1205.62052643438	0.256549186187466	0.0955724820915101	2.68434156540814	0.00726728184745842	0.0286084521160276	CM076444.1	335582	336104	+	NA	B9J08_05394
B9J08_03753	4642.89203763759	0.188198534271524	0.0701188294279861	2.68399423959022	0.00727483596897155	0.0286178066907514	CM076440.1	1620250	1621386	-	NA	B9J08_03753
B9J08_03720	539.310842618294	-0.36092035480485	0.134550183703233	-2.68242186573973	0.00730912235347657	0.0287322327508286	CM076440.1	1541362	1542937	-	NA	B9J08_03720
B9J08_01374	980.159339902812	-0.273865359731066	0.102196624517646	-2.67978870166869	0.00736686460310893	0.0289386358645224	CM076438.1	2861092	2862769	-	NA	B9J08_01374
B9J08_04499	2568.82792803154	-0.215269443243284	0.080347298266129	-2.67923686158384	0.00737901756181768	0.0289657883978454	CM076442.1	169749	175641	+	NA	B9J08_04499
B9J08_04552	1180.24494297046	-0.256165170339727	0.0956770996951824	-2.67739272151688	0.00741976091931782	0.0291050522363872	CM076442.1	310341	312276	+	NA	B9J08_04552
B9J08_04256	2060.84199615584	-0.221360281226726	0.0827158908845963	-2.67615181145257	0.00744729031786798	0.0291923216928059	CM076441.1	1035531	1037244	-	NA	B9J08_04256
B9J08_02786	229.383375372726	-0.502438687516299	0.188032463386641	-2.67208480103333	0.00753815959842565	0.029527574840892	CM076439.1	1790168	1791719	+	NA	B9J08_02786
B9J08_03509	949.751727368413	-0.286789142871204	0.107509664583504	-2.66756615772391	0.00764028453075634	0.0299064111908572	CM076440.1	1050757	1052710	-	NA	B9J08_03509
B9J08_03253	1695.7613184825	-0.230309103130195	0.0864024395267704	-2.66553935735619	0.00768649339026249	0.0300529637015377	CM076440.1	510597	512235	-	NA	B9J08_03253
B9J08_02083	636.394165058952	-0.32913178439555	0.123480885548918	-2.66544723041495	0.0076885997238962	0.0300529637015377	CM076439.1	271323	273303	-	NA	B9J08_02083
B9J08_01752	9863.91420678674	0.192090242370497	0.072130307935616	2.66310026767053	0.00774243398371433	0.0302420018572361	CM076438.1	3683212	3684799	-	NA	B9J08_01752
B9J08_03184	1404.64184996623	0.246657883762289	0.0926661174584436	2.66179149971297	0.00777260076988081	0.030316982678286	CM076440.1	360667	362068	-	NA	B9J08_03184
B9J08_03074	622.464561620755	0.31873808282574	0.119739876524804	2.66192092456112	0.00776961287288506	0.030316982678286	CM076440.1	125232	126002	-	NA	B9J08_03074
B9J08_04581	798.669005090121	0.301483471682474	0.113416244523303	2.65820361932835	0.00785584137597543	0.0305769262570537	CM076442.1	372187	373156	+	NA	B9J08_04581
B9J08_00869	2854.39885569088	0.205284632151257	0.0772140261415819	2.65864432162677	0.00784557402266197	0.0305769262570537	CM076438.1	1829602	1830139	-	NA	B9J08_00869
B9J08_00692	879.985471707896	0.279996938093902	0.105328122255901	2.65833029296424	0.00785288893868608	0.0305769262570537	CM076438.1	1464619	1465465	+	NA	B9J08_00692
B9J08_01771	923.622935779422	0.289057219144563	0.108865048851147	2.65518843921888	0.00792641164176726	0.0308298924307162	CM076438.1	3728667	3729705	-	NA	B9J08_01771
B9J08_02616	552.482520366452	0.331593987068215	0.124930791755767	2.65422144859582	0.00794916399347539	0.0308966451420102	CM076439.1	1401319	1405162	-	NA	B9J08_02616
B9J08_01804	1112.67377795865	0.278045776138866	0.104767047371058	2.65394303949504	0.0079557255247734	0.0309004181134382	CM076438.1	3806798	3807581	-	NA	B9J08_01804
B9J08_01885	1366.10776898612	-0.24486617615093	0.0924434372646564	-2.64882162970534	0.00807729502586893	0.0313505685449281	CM076438.1	3986438	3988793	-	NA	B9J08_01885
B9J08_01274	705.696105792562	0.302138412294986	0.114353291991966	2.64214879197542	0.0082381855679933	0.0319525976381046	CM076438.1	2638327	2640577	-	NA	B9J08_01274
B9J08_03278	129.351176264662	-0.657451074988496	0.248880769833406	-2.64163067089746	0.00825079729371322	0.0319790719792096	CM076440.1	571369	572665	+	NA	B9J08_03278
B9J08_02199	1137.17831560387	0.266319045025113	0.100837435159933	2.64107317488509	0.0082643867481797	0.0320092961157598	CM076439.1	508482	509646	-	NA	B9J08_02199
B9J08_03696	2994.88002782861	0.201603153079695	0.0763514433745962	2.64046289328923	0.00827928585577652	0.0320445468661602	CM076440.1	1471776	1473204	-	NA	B9J08_03696
B9J08_04312	1022.95860141727	0.340693637175228	0.129043531437655	2.6401450222232	0.00828705571483994	0.0320521742028834	CM076441.1	1181829	1182540	+	NA	B9J08_04312
B9J08_02770	2947.36051583852	-0.214545984093534	0.0812832627935906	-2.63948538382801	0.00830320035960677	0.0320921597115711	CM076439.1	1758491	1759448	+	NA	B9J08_02770
B9J08_03546	39977.0003436643	-0.161269564494908	0.0611315660361341	-2.63807350198723	0.00833785076415632	0.0322035647613501	CM076440.1	1135163	1141346	+	NA	B9J08_03546
B9J08_04543	23.3917435897231	-1.48933475783896	0.564855608156056	-2.63666454990299	0.00837255816534212	0.032269964421092	CM076442.1	292638	294213	+	NA	B9J08_04543
B9J08_04014	83.1762676546536	-0.782346328943783	0.29671116019222	-2.6367270056069	0.00837101693055613	0.032269964421092	CM076441.1	512927	514784	-	NA	B9J08_04014
B9J08_01912	976.638773695076	0.280863071747862	0.1065071489183	2.63703492770525	0.00836342197048901	0.032269964421092	CM076438.1	4043582	4044575	+	NA	B9J08_01912
B9J08_01096	912.504757143507	-0.278079416465259	0.105566928363463	-2.6341527671227	0.00843475280784303	0.0324870235323682	CM076438.1	2263661	2266382	-	NA	B9J08_01096
B9J08_03957	1322.21678856295	0.244433206619318	0.092816589513634	2.63350773714233	0.00845079102824339	0.0325261295355858	CM076441.1	392261	393272	+	NA	B9J08_03957
B9J08_00639	5163.64226907495	0.181952513934488	0.0691101924306669	2.63278841419849	0.00846870865198219	0.0325724096865035	CM076438.1	1367520	1369017	+	NA	B9J08_00639
B9J08_03297	5809.79347109682	-0.197867370154683	0.0751653341456059	-2.63242853110167	0.00847768572820721	0.0325842621834501	CM076440.1	606630	609726	-	NA	B9J08_03297
B9J08_03188	11737.8798293197	0.174160346646185	0.0661910702261014	2.63117586785154	0.00850899908653503	0.0326818887778173	CM076440.1	365766	367824	-	NA	B9J08_03188
B9J08_03799	9293.19318142056	-0.183506332025325	0.0697890756511849	-2.62944207690203	0.00855251002363004	0.0328118357161151	CM076441.1	59127	60015	+	NA	B9J08_03799
B9J08_03321	5136.02621100947	0.189395879493068	0.0720313128789689	2.62935481699885	0.00855470513242661	0.0328118357161151	CM076440.1	662169	664122	-	NA	B9J08_03321
B9J08_00312	5038.59015877599	0.184315951295735	0.0701352865401665	2.62800596373378	0.00858870099659856	0.0329193830847436	CM076438.1	665053	666343	+	NA	B9J08_00312
B9J08_01992	81.7706869508681	-0.833819993923052	0.317457292179709	-2.62655801099392	0.00862532887943952	0.0330368625895095	CM076439.1	81938	83501	+	NA	B9J08_01992
B9J08_02589	1949.34065941438	-0.242496781992128	0.092347910065217	-2.6259043850681	0.0086419089069426	0.0330774449644541	CM076439.1	1354632	1357125	-	NA	B9J08_02589
B9J08_04981	2061.61524532172	0.237254652502607	0.0903822686172196	2.6250132479791	0.00866455959250364	0.0331411909119499	CM076443.1	335766	336207	-	NA	B9J08_04981
B9J08_05410	1027.22628050588	0.270829749905932	0.103312011588592	2.62147397714438	0.00875504460214438	0.0334189805157052	CM076444.1	365384	366449	-	NA	B9J08_05410
B9J08_05316	676.757031554606	-0.341879294753618	0.130396928415729	-2.62183549035485	0.00874576359107533	0.0334189805157052	CM076444.1	172480	173011	-	NA	B9J08_05316
B9J08_03344	1970.06443561618	0.221537877898799	0.0845092508596576	2.62146304274667	0.00875532545444926	0.0334189805157052	CM076440.1	709933	710689	+	NA	B9J08_03344
B9J08_03333	526.850690176045	0.331302249954134	0.126667199153998	2.61553308328345	0.00890882902555694	0.0339814341092155	CM076440.1	693204	693705	+	NA	B9J08_03333
B9J08_00140	873.515958762848	0.274218334426414	0.104873372765356	2.61475651250342	0.00892910842222491	0.034035298103198	CM076438.1	295301	296054	+	NA	B9J08_00140
B9J08_04088	3513.19879490906	-0.19211403256568	0.0735021704906297	-2.6137191770435	0.00895626175521987	0.034115271344659	CM076441.1	648903	651399	+	NA	B9J08_04088
B9J08_00114	4061.27743109326	0.20413288685751	0.0781601994548464	2.6117242315309	0.0090086888890481	0.0342913384915763	CM076438.1	245536	247378	-	NA	B9J08_00114
B9J08_00803	2618.46279559696	0.202838701927035	0.0777445384795134	2.60904117374734	0.00907963168427703	0.0345375941631102	CM076438.1	1699997	1702520	+	NA	B9J08_00803
B9J08_01326	1799.88350559337	-0.222221906478979	0.0851831944840373	-2.60875290983155	0.00908728327232998	0.0345429261665528	CM076438.1	2765878	2768590	+	NA	B9J08_01326
B9J08_02239	268.760846445975	-0.443503582201007	0.170180090916924	-2.60608382456153	0.00915840452432183	0.0347893483202246	CM076439.1	575675	576125	+	NA	B9J08_02239
B9J08_02071	2267.62958555609	-0.222158256377492	0.0852752178565874	-2.60519130834833	0.00918229739114676	0.0348561522533435	CM076439.1	246642	247635	-	NA	B9J08_02071
B9J08_01002	1353.38008779614	0.270383405840676	0.103829743908081	2.60410356092221	0.00921149185386906	0.0349429756186234	CM076438.1	2062758	2064648	+	NA	B9J08_01002
B9J08_02035	457.883596799065	0.363850663560715	0.139760876863465	2.60337994241526	0.009230959181382	0.0349928061697519	CM076439.1	165293	165824	+	NA	B9J08_02035
B9J08_04653	2100.16405078934	0.224674598650503	0.0863693221629534	2.60132409313817	0.00928646767053335	0.0351550046678341	CM076442.1	531996	533364	-	NA	B9J08_04653
B9J08_03587	532.256384651625	-0.350791266676908	0.134850030775662	-2.60134361600917	0.00928593914999563	0.0351550046678341	CM076440.1	1233431	1234022	+	NA	B9J08_03587
B9J08_02465	19274.9216215616	-0.167329189174113	0.0644381879949696	-2.59673951705742	0.00941132646418094	0.0356032863569665	CM076439.1	1089349	1091239	+	NA	B9J08_02465
B9J08_04087	1294.06097691423	0.254783583704744	0.0981306617051824	2.59637079050991	0.00942143332671811	0.0356171422686532	CM076441.1	647268	648126	+	NA	B9J08_04087
B9J08_00494	3191.84071495576	0.193621141432244	0.0745825189262531	2.59606599803495	0.0094297950524182	0.0356243863668595	CM076438.1	1048676	1050794	+	NA	B9J08_00494
B9J08_04667	3430.32946769239	0.200126525132976	0.0771576054527473	2.59373685793732	0.00949391193156528	0.0358421115066675	CM076442.1	558766	561145	+	NA	B9J08_04667
B9J08_05486	2973.50607512161	-0.209594029389743	0.0808253969105347	-2.59317043158776	0.00950956324568145	0.0358766935555504	CM076444.1	543778	545527	+	NA	B9J08_05486
B9J08_03183	671.670174401799	0.334507935110556	0.129048767995245	2.59210483220484	0.00953906992613017	0.0359634648579273	CM076440.1	358525	360562	+	NA	B9J08_03183
B9J08_01312	2117.80868810569	-0.216265860008739	0.083443240130708	-2.59177207967924	0.00954830062941712	0.0359737270475722	CM076438.1	2725020	2726358	+	NA	B9J08_01312
B9J08_02399	860.499839179539	0.291192784023023	0.11244634743556	2.58961532022993	0.00960832345703155	0.0361505811756388	CM076439.1	925859	926890	-	NA	B9J08_02399
B9J08_01800	1717.96562691118	0.271788493670968	0.104945410837205	2.58980827749177	0.00960293976829072	0.0361505811756388	CM076438.1	3796516	3797503	-	NA	B9J08_01800
B9J08_00695	1639.0268984617	0.226803539098493	0.0876886488089794	2.58646406552073	0.00969662806149388	0.0364365318823922	CM076438.1	1471550	1474226	-	NA	B9J08_00695
B9J08_00313	7174.28838423034	0.177681674690973	0.0686975823789002	2.58643271768973	0.00969751011380475	0.0364365318823922	CM076438.1	666413	668169	-	NA	B9J08_00313
B9J08_04112	1578.23421132384	0.261426343423294	0.101094244629597	2.58596663322569	0.00971063304521444	0.0364510863269297	CM076441.1	718319	718821	+	NA	B9J08_04112
B9J08_01347	755.735066133892	0.286178919715861	0.110672115584123	2.5858267749326	0.0097145739387674	0.0364510863269297	CM076438.1	2808228	2809242	+	NA	B9J08_01347
B9J08_01210	8623.23753427693	0.179905127373834	0.0695961494023748	2.58498679767037	0.00973827262259342	0.0364904629051348	CM076438.1	2498307	2500413	-	NA	B9J08_01210
B9J08_00699	347.245205753687	-0.485582166484309	0.187835887301213	-2.58514053656653	0.00973393126436331	0.0364904629051348	CM076438.1	1483163	1484921	+	NA	B9J08_00699
B9J08_05523	351.899977491036	-0.388380901418019	0.150389355732666	-2.58250259485392	0.00980866245790186	0.0367293207349753	CM076444.1	628330	629008	-	NA	B9J08_05523
B9J08_02418	3768.70600279372	-0.200480451787858	0.0776568645979631	-2.5816191887963	0.00983380281892043	0.0367736320569508	CM076439.1	976738	978001	+	NA	B9J08_02418
B9J08_01875	471.530089885004	0.351615417614896	0.136196000749556	2.58168680196025	0.00983187662643067	0.0367736320569508	CM076438.1	3960510	3961323	-	NA	B9J08_01875
B9J08_05156	719.966901109325	-0.304964013872344	0.118170616835746	-2.58070933399829	0.0098597558756226	0.0368208585976798	CM076443.1	744761	745100	-	NA	B9J08_05156
B9J08_00425	2270.58293793106	-0.210425148595521	0.0815322982870986	-2.58088086582024	0.00985485837116741	0.0368208585976798	CM076438.1	901004	903539	-	NA	B9J08_00425
B9J08_00894	1189.74601457045	-0.257785710982177	0.0999340388671212	-2.57955861590809	0.00989266680320104	0.0369188179752141	CM076438.1	1871122	1872676	+	NA	B9J08_00894
B9J08_05207	556.523096594889	0.329611682889414	0.127812703396501	2.57886480866375	0.0099125571873899	0.0369680860827962	CM076443.1	859794	861225	-	NA	B9J08_05207
B9J08_01087	388.666742252938	0.36817596173022	0.142783830877425	2.57855500491708	0.00992145028387555	0.0369763019008632	CM076438.1	2239761	2240298	-	NA	B9J08_01087
B9J08_01056	1289.30682029811	0.239633240479875	0.0929775311332038	2.57732419391267	0.00995685168145024	0.0370832339914929	CM076438.1	2168356	2170168	-	NA	B9J08_01056
B9J08_05259	707.622659920449	-0.299971348391481	0.116427117598037	-2.57647320126165	0.00998139424410731	0.0371356032782682	CM076444.1	31707	33468	+	NA	B9J08_05259
B9J08_05196	729.326504723267	0.294311401069702	0.114234876255515	2.57637081351059	0.00998435072761109	0.0371356032782682	CM076443.1	827412	828261	-	NA	B9J08_05196
B9J08_00323	2126.09097578613	-0.237613941417542	0.0922443794983175	-2.57591782512751	0.00999744029328417	0.0371592821122943	CM076438.1	685319	686015	-	NA	B9J08_00323
B9J08_01503	2906.37078666064	-0.201218397150784	0.0781528548238126	-2.57467750352064	0.0100333589183056	0.0372426962669411	CM076438.1	3144344	3145964	-	NA	B9J08_01503
B9J08_00805	7187.0087848707	0.17163068013843	0.066656194538619	2.57486466676388	0.0100279314825835	0.0372426962669411	CM076438.1	1705112	1706213	-	NA	B9J08_00805
B9J08_00829	2364.66171080868	0.206166516935572	0.0801004533958865	2.57384956258138	0.0100573992825636	0.0373068763991469	CM076438.1	1754529	1755477	+	NA	B9J08_00829
B9J08_03434	439.496583608077	-0.366307288158917	0.142335550161121	-2.57354742187924	0.0100661851065706	0.0373144232622505	CM076440.1	896899	897766	-	NA	B9J08_03434
B9J08_02280	29.262839395379	-1.28519940084303	0.499607102014093	-2.57242019911634	0.0100990234964769	0.0374110609014931	CM076439.1	654618	654960	-	NA	B9J08_02280
B9J08_05058	1488.83631266642	-0.248170790247376	0.0965099302904548	-2.57145341935783	0.0101272637983658	0.0374905472294492	CM076443.1	511483	513553	-	NA	B9J08_05058
B9J08_03544	27.8535566848981	-1.36739226351231	0.532401919353655	-2.56834585640178	0.0102185147033993	0.0378030326410225	CM076440.1	1129177	1130815	-	NA	B9J08_03544
B9J08_01191	4355.75003360748	0.182958897709404	0.0712774601527807	2.56685489798933	0.0102625546781645	0.037940561676398	CM076438.1	2472817	2474179	+	NA	B9J08_01191
B9J08_01557	1642.46484255993	0.246081403650432	0.0960025461923703	2.5632799692347	0.0103688399449231	0.0383078732457151	CM076438.1	3238791	3239967	-	NA	B9J08_01557
B9J08_01669	1169.11636132481	0.261204572328863	0.102061317767134	2.55929061120721	0.010488601984088	0.0387244510127282	CM076438.1	3506067	3506687	-	NA	B9J08_01669
B9J08_05086	713.273166176227	-0.28925929154436	0.113081493678249	-2.5579719734459	0.0105284577261946	0.0388456514370346	CM076443.1	579527	580016	-	NA	B9J08_05086
B9J08_02052	2887.00415972989	0.197172377477617	0.0770988768842247	2.55739623514491	0.0105459015902038	0.0388840547625461	CM076439.1	207312	208905	+	NA	B9J08_02052
B9J08_05507	1707.3192905649	0.219038687432912	0.0856770188700125	2.55656289541579	0.0105711958619292	0.0389513330192553	CM076444.1	600085	601066	+	NA	B9J08_05507
B9J08_04749	453.572543546914	-0.350502366456847	0.137131902529126	-2.55595058474743	0.010589815638176	0.0389679833769632	CM076442.1	748725	750753	+	NA	B9J08_04749
B9J08_04242	12309.4662999717	-0.168108164911943	0.0657671831848118	-2.55611015663457	0.0105849604029588	0.0389679833769632	CM076441.1	1008574	1009747	+	NA	B9J08_04242
B9J08_02158	302.689066230206	-0.42567165884707	0.166603942308115	-2.55499151430546	0.0106190386724291	0.0390495187907621	CM076439.1	431665	433858	+	NA	B9J08_02158
B9J08_05037	187.990440282715	-0.511067074824748	0.200194146120951	-2.55285723747376	0.01068432796072	0.0392634844673535	CM076443.1	460580	460916	+	NA	B9J08_05037
B9J08_05236	162.72077562377	-0.546589226075808	0.214216150314081	-2.55157804523331	0.0107236303642068	0.0393230097550919	CM076443.1	933189	935352	+	NA	B9J08_05236
B9J08_03982	93909.281690862	0.156726971089401	0.0614182715661577	2.55179716219432	0.0107168890189319	0.0393230097550919	CM076441.1	439592	440489	-	NA	B9J08_03982
B9J08_01028	1561.276520336	-0.227876459289707	0.08931413867447	-2.5514040965033	0.0107289847495347	0.0393230097550919	CM076438.1	2111245	2111551	+	NA	B9J08_01028
B9J08_00789	1079.82335450208	0.259386981349969	0.101640431958894	2.55200589323423	0.0107104707112205	0.0393230097550919	CM076438.1	1673528	1676756	+	NA	B9J08_00789
B9J08_04101	4401.38587766078	0.18356547832842	0.0719572376931865	2.5510356457972	0.0107403340282964	0.0393385196649397	CM076441.1	686884	689128	-	NA	B9J08_04101
B9J08_00481	513.565173298329	-0.351430737445977	0.137872233368518	-2.54895948850439	0.010804485039114	0.0395472773583994	CM076438.1	1022292	1023036	-	NA	B9J08_00481
B9J08_02354	1029.66771596887	-0.269658517054039	0.105846521934769	-2.54763701371524	0.010845525447836	0.039671223792316	CM076439.1	807945	811377	-	NA	B9J08_02354
B9J08_02966	739.685854107791	0.286623362339695	0.112542282407153	2.54680602000549	0.0108713845409232	0.039713246766479	CM076439.1	2195961	2198445	-	NA	B9J08_02966
B9J08_02671	2993.29151092833	0.192329242916936	0.0755175398206041	2.54681552621847	0.0108710884143568	0.039713246766479	CM076439.1	1531345	1531747	-	NA	B9J08_02671
B9J08_03682	11247.768533081	0.168313952970803	0.0661166685940877	2.54571133951316	0.0109055327486022	0.0398116773457889	CM076440.1	1446746	1448672	+	NA	B9J08_03682
B9J08_03047	50394.6438960548	0.167488481557863	0.0658211986614067	2.54459786457927	0.0109403650073017	0.039912473528288	CM076440.1	74333	75086	-	NA	B9J08_03047
B9J08_04039	58.3468213307753	-0.887185357002301	0.348812073400043	-2.5434479614036	0.0109764405692105	0.0400176695422339	CM076441.1	553881	554766	-	NA	B9J08_04039
B9J08_00586	1585.84314201589	0.223456773027263	0.0879181446861964	2.54164568445842	0.0110331955447693	0.0401980697270532	CM076438.1	1261639	1263151	-	NA	B9J08_00586
B9J08_03081	827.85839293879	-0.27702368380854	0.109116954351793	-2.53877763959042	0.0111240499895646	0.0405023875443502	CM076440.1	139275	142026	+	NA	B9J08_03081
B9J08_03744	447.18775804472	-0.346251207698907	0.136698636299418	-2.53295290335227	0.0113106148551162	0.0411545545123286	CM076440.1	1598664	1600971	-	NA	B9J08_03744
B9J08_02569	2573.83833206864	-0.204810944489617	0.080917211689724	-2.53111717782568	0.0113699857278716	0.0413433625775965	CM076439.1	1313011	1316755	+	NA	B9J08_02569
B9J08_04714	3989.01092027322	0.192137900965742	0.0759229410552011	2.53069623351452	0.0113836388040634	0.0413526021762563	CM076442.1	652709	653120	+	NA	B9J08_04714
B9J08_01278	562.051190256118	0.314264944955467	0.124198352129699	2.53034713880329	0.0113949725193484	0.0413526021762563	CM076438.1	2648739	2649651	-	NA	B9J08_01278
B9J08_00615	846.748776945547	-0.272370420772157	0.107636303370576	-2.53046985304229	0.0113909873354257	0.0413526021762563	CM076438.1	1316345	1318127	-	NA	B9J08_00615
B9J08_05185	15694.2452040087	0.182055514551445	0.0719753731679	2.52941397228684	0.0114253179117267	0.0414355197494183	CM076443.1	799864	800629	-	NA	B9J08_05185
B9J08_00315	565.287772577239	0.319055163622248	0.126174035001558	2.52869113378445	0.011448872984049	0.0414937186772713	CM076438.1	670972	671947	-	NA	B9J08_00315
B9J08_01479	632.393549596869	-0.317461075344023	0.125616450539725	-2.52722532741544	0.0114967714517646	0.0416400103629771	CM076438.1	3091062	3093228	-	NA	B9J08_01479
B9J08_00641	502.695781496962	0.332915761227606	0.131774709180177	2.52640103172155	0.0115237851936415	0.0417105178554398	CM076438.1	1371839	1372664	-	NA	B9J08_00641
B9J08_01591	86.5193899495964	-0.718113378808859	0.284427960767197	-2.52476365850906	0.0115776121664167	0.0418779204475035	CM076438.1	3319306	3320563	-	NA	B9J08_01591
B9J08_00133	841.379121107918	0.284744894810015	0.112863461710671	2.52291477236422	0.0116386604980538	0.0420712076996358	CM076438.1	280029	280847	+	NA	B9J08_00133
B9J08_04271	2784.28739826792	-0.194659819104679	0.0771751947293882	-2.52231069564833	0.0116586683026842	0.0420884779287626	CM076441.1	1072540	1073722	-	NA	B9J08_04271
B9J08_04191	7.94130840387585	2.64235788765325	1.04758203360304	2.52233982914461	0.0116577026635966	0.0420884779287626	CM076441.1	884768	886382	+	NA	B9J08_04191
B9J08_01485	1049.65054362562	0.250157963288769	0.0992939525086869	2.5193675643729	0.0117565857719454	0.0424142621158892	CM076438.1	3109150	3109720	+	NA	B9J08_01485
B9J08_04534	1036.09180081675	-0.257328052009285	0.102316334906125	-2.51502413808491	0.0119024234411164	0.0429123903190152	CM076442.1	262067	263033	-	NA	B9J08_04534
B9J08_02449	353.835676035812	-0.373744035480026	0.148706541485194	-2.51329922508646	0.0119607837910026	0.0430946884047402	CM076439.1	1046518	1048228	+	NA	B9J08_02449
B9J08_01596	5994.89195387645	0.223383670412709	0.0889029918493278	2.51266763655488	0.0119822161953458	0.0431437843072811	CM076438.1	3331601	3332678	-	NA	B9J08_01596
B9J08_03025	56.0693445263332	0.874617784789893	0.348496143409692	2.50969143082222	0.0120836700239745	0.0434807579573614	CM076440.1	25662	27288	+	NA	B9J08_03025
B9J08_03153	3205.33811642891	0.191373920418562	0.0763127408307014	2.50775844682504	0.0121499693189039	0.0436908786113088	CM076440.1	292675	295762	+	NA	B9J08_03153
B9J08_02728	507.161813491915	-0.330065053744581	0.131760913579741	-2.50503009410925	0.0122440974989946	0.0440007326898198	CM076439.1	1654285	1655494	+	NA	B9J08_02728
B9J08_04302	2657.22248450951	-0.203535101820601	0.0812621371554718	-2.50467325799215	0.0122564560020969	0.0440165252265039	CM076441.1	1149999	1151706	-	NA	B9J08_04302
B9J08_02349	1353.27284872009	0.231801022301406	0.0926102307367805	2.50297424439247	0.0123154505905611	0.0441996723467735	CM076439.1	799336	799930	-	NA	B9J08_02349
B9J08_05150	5037.0230075395	0.17905969746508	0.0717033841345444	2.49722798479208	0.012516845458352	0.0448933191747639	CM076443.1	728269	729037	-	NA	B9J08_05150
B9J08_02252	2252.13700029424	0.216001285006868	0.0865630495157063	2.49530586336005	0.0125848598919956	0.0450864855227246	CM076439.1	605611	606028	+	NA	B9J08_02252
B9J08_00914	1181.68967468986	-0.242460866577197	0.0971691611471154	-2.49524503160121	0.0125870177603698	0.0450864855227246	CM076438.1	1906010	1908614	+	NA	B9J08_00914
B9J08_02796	746.443871398025	-0.29656094221824	0.118898680653819	-2.49423240516601	0.0126229865245262	0.0451860404929123	CM076439.1	1811990	1813127	-	NA	B9J08_02796
B9J08_00843	1175.99366349988	0.243338495057693	0.0976192358869908	2.49273099555291	0.0126764844742513	0.0453481745561081	CM076438.1	1775682	1777626	+	NA	B9J08_00843
B9J08_01993	598.039393578433	-0.311228105596038	0.124929454586322	-2.49123080402939	0.0127301393740968	0.0455106599745363	CM076439.1	84027	85014	-	NA	B9J08_01993
B9J08_04632	1167.08042683123	0.239600670064784	0.0962247300783313	2.490011350198	0.0127739015838165	0.045619044516114	CM076442.1	489047	490407	+	NA	B9J08_04632
B9J08_01289	2720.13735968143	-0.214394107598945	0.0861046050371525	-2.48992614862397	0.0127769641597511	0.045619044516114	CM076438.1	2678295	2678904	-	NA	B9J08_01289
B9J08_03517	844.996149565827	0.266304895892845	0.10701154836124	2.48856221567672	0.0128260793533687	0.0457648422117941	CM076440.1	1065582	1066155	+	NA	B9J08_03517
B9J08_04422	9.54094422955355	-2.45820136667578	0.987908318904144	-2.48828896329427	0.0128359392289721	0.0457704749151798	CM076441.1	1417642	1419127	-	NA	B9J08_04422
B9J08_00722	1307.91885122147	-0.238350495865506	0.0958037689052366	-2.4879031231148	0.0128498730765874	0.0457906179847185	CM076438.1	1544823	1546323	+	NA	B9J08_00722
B9J08_03650	1547.63079485572	0.234336267473652	0.0942328118999408	2.48677995221534	0.0128905103651183	0.0459058316933046	CM076440.1	1372320	1374036	+	NA	B9J08_03650
B9J08_03262	977.827737918369	-0.255404521457865	0.102810158944288	-2.48423428268665	0.0129830360426082	0.0462055635592373	CM076440.1	534233	535193	-	NA	B9J08_03262
B9J08_00883	374.540801866463	-0.372320159287707	0.149906148008769	-2.48368838925757	0.013002953578098	0.0462466695148956	CM076438.1	1853262	1854519	-	NA	B9J08_00883
B9J08_02867	706.304131568352	0.293686016099809	0.11830913893328	2.48236120005431	0.013051490343723	0.0463894450995222	CM076439.1	1960146	1961616	-	NA	B9J08_02867
B9J08_04102	2265.07232510075	0.21560063165662	0.0869336881322063	2.48005849388031	0.0131360831255608	0.0466601101767188	CM076441.1	689223	692550	-	NA	B9J08_04102
B9J08_04937	8.90405502419402	-2.67143254437336	1.07763533251054	-2.47897638819041	0.0131760028146507	0.0467718481416662	CM076443.1	242536	244084	+	NA	B9J08_04937
B9J08_03036	2211.36526480698	-0.203841984649222	0.0822564491100418	-2.47812769520995	0.0132073867511645	0.0468531621140477	CM076440.1	51064	52300	-	NA	B9J08_03036
B9J08_03088	703.228053249762	-0.288358798675672	0.116470072508409	-2.47581883023943	0.0132931013229715	0.047126985896128	CM076440.1	153078	154512	+	NA	B9J08_03088
B9J08_04368	738.956635630018	-0.289490219069418	0.117065058239531	-2.47290031220999	0.0134021521486037	0.0474831377726492	CM076441.1	1292324	1292666	-	NA	B9J08_04368
B9J08_02286	1445.24768729651	0.222339314032734	0.0899331577094177	2.472272960226	0.0134256962226398	0.047536081372537	CM076439.1	667481	668675	-	NA	B9J08_02286
B9J08_04241	1370.68818096471	-0.238983071323776	0.0967120783791704	-2.47107781498415	0.0134706503392569	0.0476647147407636	CM076441.1	1003788	1005621	-	NA	B9J08_04241
B9J08_04405	1524.34508493893	0.21817754245733	0.08832073782899	2.47028668261099	0.0135004810580962	0.0477397049316043	CM076441.1	1373877	1374816	+	NA	B9J08_04405
B9J08_04266	1864.0770900964	-0.214979655929372	0.0870407686157778	-2.46987313356977	0.0135160977043867	0.0477643682942106	CM076441.1	1057545	1065273	+	NA	B9J08_04266
B9J08_04046	3456.09634379722	-0.245656932732646	0.099486158811265	-2.46925738884623	0.0135393793406361	0.0478160700419781	CM076441.1	566708	567731	-	NA	B9J08_04046
B9J08_01604	801.628260573075	-0.278790194351912	0.112973944764477	-2.46773886609979	0.0135969469975443	0.0479580893780646	CM076438.1	3347296	3348727	+	NA	B9J08_01604
B9J08_01089	2561.62535233184	-0.194817318042669	0.0789404080288584	-2.46790361118288	0.0135906910216602	0.0479580893780646	CM076438.1	2244930	2246838	+	NA	B9J08_01089
B9J08_05220	98.6578811351442	-0.662342529641792	0.268671612177223	-2.46524939599831	0.0136917914746474	0.0482618185461583	CM076443.1	887851	889612	-	NA	B9J08_05220
B9J08_02565	317.081249538674	0.400143849844605	0.162346283626384	2.46475521894592	0.0137106881192058	0.0482976247513387	CM076439.1	1299922	1301437	+	NA	B9J08_02565
B9J08_01547	269.0030049112	0.422294751719985	0.171505579245216	2.46227996534267	0.0138056854328425	0.0486012887817329	CM076438.1	3220573	3221497	-	NA	B9J08_01547
B9J08_04149	271.819761424211	-0.414951677555969	0.168610861730791	-2.46100205702343	0.0138549571709114	0.0487436971888142	CM076441.1	799494	802422	-	NA	B9J08_04149
B9J08_03712	1759.19277032662	-0.289334406543138	0.117650981253046	-2.45926046227215	0.0139223570264587	0.0489496611229243	CM076440.1	1515855	1517232	+	NA	B9J08_03712
B9J08_02750	216.702495370293	0.45596774190227	0.18547514167608	2.45837656616318	0.0139566744809014	0.0490391226039048	CM076439.1	1711020	1711947	-	NA	B9J08_02750
B9J08_00947	44621.6753605798	-0.173934607003037	0.0707937614885756	-2.45691997918638	0.0140133897157996	0.0492071187796852	CM076438.1	1965282	1965867	+	NA	B9J08_00947
B9J08_01239	841.018361140622	0.269160117258359	0.10960222688769	2.45579058839899	0.0140575048064218	0.0493306851206943	CM076438.1	2558528	2560103	-	NA	B9J08_01239
B9J08_00053	1539.00034025632	0.21925938446895	0.0893175759432534	2.45482909890269	0.0140951580562586	0.0494314331071961	CM076438.1	126019	126928	+	NA	B9J08_00053
B9J08_01000	2014.88758331158	0.202604298356797	0.082562483995917	2.45395109922826	0.0141296194492032	0.0495106053015829	CM076438.1	2058495	2059506	-	NA	B9J08_01000
B9J08_00971	713.754700268018	0.277105126120437	0.1129290856761	2.45379765949068	0.0141356495686444	0.0495106053015829	CM076438.1	2006361	2008770	+	NA	B9J08_00971
B9J08_01880	2199.22936761663	0.198986737901575	0.0811398883223648	2.45239107442459	0.0141910337036605	0.0496731116403619	CM076438.1	3967856	3970460	-	NA	B9J08_01880
B9J08_04839	2721.46647468641	-0.19145203998467	0.0780834679404195	-2.45188956170279	0.0142108269662139	0.0497109117989012	CM076442.1	949169	951845	+	NA	B9J08_04839
B9J08_01114	876.896242588005	-0.281661483227938	0.114897967130671	-2.45140527949995	0.0142299633026586	0.0497463675988576	CM076438.1	2306553	2308059	+	NA	B9J08_01114
B9J08_05456	214.677171694248	-0.453310466462832	0.185059197767224	-2.44954302154183	0.0143037621103701	0.0499727516965963	CM076444.1	467129	468749	+	NA	B9J08_05456
B9J08_02443	2049.04864997559	-0.204750403564899	0.0836124537432244	-2.44880271297494	0.0143331932114836	0.050043941174902	CM076439.1	1033841	1034236	-	NA	B9J08_02443
B9J08_04814	2051.90532735301	0.232303954439906	0.094926594866579	2.44719569648962	0.0143972643339923	0.0502359090744793	CM076442.1	886484	888584	+	NA	B9J08_04814
B9J08_00176	1433.63440460727	0.225826481447528	0.092338016112248	2.44565013366768	0.0144591234831507	0.0504199214456616	CM076438.1	381610	383422	+	NA	B9J08_00176
B9J08_03169	2678.42116008024	0.205683999817983	0.0841884543115621	2.4431378566091	0.0145601743244604	0.0507083071778783	CM076440.1	325762	327502	+	NA	B9J08_03169
B9J08_01491	1490.06430894208	-0.224627579689966	0.0919354177287924	-2.44331929129439	0.0145528557069154	0.0507083071778783	CM076438.1	3120606	3123912	-	NA	B9J08_01491
B9J08_01065	1950.99136458027	0.236389465679064	0.096767143972124	2.4428690976677	0.0145710213458591	0.0507141278202541	CM076438.1	2194781	2196200	+	NA	B9J08_01065
B9J08_03703	2520.60402580437	0.198624038051222	0.0813863278836611	2.44050866055965	0.0146665942742581	0.0510146422616893	CM076440.1	1487913	1489548	-	NA	B9J08_03703
B9J08_05042	1163.62376436555	-0.238590085416035	0.0978443714318352	-2.43846510457939	0.0147497826880392	0.0512445674292458	CM076443.1	476408	478121	-	NA	B9J08_05042
B9J08_00797	3212.07701017136	0.197588003698053	0.0810308492943675	2.43842938113926	0.0147512405970563	0.0512445674292458	CM076438.1	1686919	1688638	+	NA	B9J08_00797
B9J08_02155	2310.16153840645	0.194746221131889	0.0798782611597149	2.43803781284745	0.0147672292148103	0.0512678868531763	CM076439.1	424352	426650	-	NA	B9J08_02155
B9J08_02455	1568.04786115595	0.238395219822311	0.0977940474511416	2.43772730586096	0.0147799187719467	0.0512797307297863	CM076439.1	1066518	1067674	-	NA	B9J08_02455
B9J08_05556	230.388194408603	-0.436040018562459	0.179239647422592	-2.43272080051804	0.0149858514101272	0.0519616064891926	CM076444.1	704614	704896	-	NA	B9J08_05556
B9J08_02489	608.416150453439	0.303166533257387	0.12472698727991	2.43064103341987	0.0150721389051402	0.0522261439743293	CM076439.1	1156987	1157338	-	NA	B9J08_02489
B9J08_01818	315.439568211364	0.441805147778617	0.181780874506999	2.43042701261517	0.0150810432030088	0.0522261439743293	CM076438.1	3842616	3843039	-	NA	B9J08_01818
B9J08_03293	6408.52069167988	-0.175857832511011	0.0724057978629413	-2.42878108799929	0.0151496765731712	0.0524309720851077	CM076440.1	602162	603251	+	NA	B9J08_03293
B9J08_05557	2849.87005003278	0.19256523649005	0.0793429546739357	2.42699855685243	0.0152243164141687	0.0526563184112079	CM076444.1	709637	711149	+	NA	B9J08_05557
B9J08_01123	592.710434128364	-0.299101279865342	0.123260950734704	-2.4265696320086	0.0152423250224014	0.052685635021146	CM076438.1	2318119	2318809	-	NA	B9J08_01123
B9J08_03589	91.7547197302033	0.667489065907968	0.27511117396872	2.42625210847982	0.0152556684738223	0.05269879978426	CM076440.1	1239204	1239651	+	NA	B9J08_03589
B9J08_02279	28.0546374931444	-1.25956409226458	0.519367157290874	-2.42519010796663	0.0153003722114732	0.0527961542862914	CM076439.1	651749	653648	-	NA	B9J08_02279
B9J08_00726	975.021171667715	0.251868035494063	0.103857591012614	2.42512880414753	0.0153029562450948	0.0527961542862914	CM076438.1	1553861	1554842	-	NA	B9J08_00726
B9J08_02174	1641.54853196972	-0.278326693857429	0.11485187516356	-2.42335350172617	0.0153779543443259	0.0530218051535178	CM076439.1	466128	466347	+	NA	B9J08_02174
B9J08_00320	16200.2830446205	0.174117903376842	0.0718724500550445	2.4225959076599	0.0154100574656721	0.0530993688358912	CM076438.1	678583	680353	-	NA	B9J08_00320
B9J08_00684	220.426986529666	-0.448647234704471	0.185292002216276	-2.42129843348988	0.0154651750967081	0.0532560889467325	CM076438.1	1447925	1448132	-	NA	B9J08_00684
B9J08_04633	697.122205695352	0.27967937098237	0.115566404530582	2.42007503926766	0.0155173046086626	0.0533359095597503	CM076442.1	490429	492370	-	NA	B9J08_04633
B9J08_03582	800.878091339327	-0.265709748341275	0.109785786886771	-2.42025635445249	0.0155095689199123	0.0533359095597503	CM076440.1	1226771	1228181	+	NA	B9J08_03582
B9J08_03266	2649.90557226546	-0.195535850285422	0.0807946958752031	-2.42015701856778	0.0155138065972828	0.0533359095597503	CM076440.1	544723	548590	-	NA	B9J08_03266
B9J08_00220	1803.31291352433	-0.208711751569796	0.0862594865168683	-2.41958026876246	0.0155384309314516	0.053375331111332	CM076438.1	478221	478623	+	NA	B9J08_00220
B9J08_03294	3781.21599858589	-0.223714022640262	0.0925164165718405	-2.41810081853467	0.0156017533944557	0.0535263134768197	CM076440.1	603590	604106	-	NA	B9J08_03294
B9J08_00297	672.201700976595	-0.28170131550218	0.116489280531613	-2.41825955329624	0.0155949484764306	0.0535263134768197	CM076438.1	637041	638007	+	NA	B9J08_00297
B9J08_04297	757.155577306816	-0.279544387084306	0.11569239362529	-2.41627282766495	0.0156803073727489	0.0537624434548284	CM076441.1	1142438	1143320	-	NA	B9J08_04297
B9J08_00970	1274.39011200619	-0.235639723972588	0.0976581136171649	-2.41290472695727	0.0158259558057888	0.0542281821070023	CM076438.1	2005073	2005985	+	NA	B9J08_00970
B9J08_00379	1762.43098314818	0.212271648439189	0.0880467899178327	2.41089594109321	0.0159133880041813	0.0544939872980856	CM076438.1	796048	797740	+	NA	B9J08_00379
B9J08_01842	1000.96282876207	0.276601246296325	0.114761099696729	2.41023523674207	0.0159422377727282	0.0545589771949652	CM076438.1	3886490	3887774	-	NA	B9J08_01842
B9J08_01206	2485.62188259267	0.203203092814471	0.084357333262667	2.40883732279384	0.0160034295525783	0.054734501941275	CM076438.1	2490524	2491220	+	NA	B9J08_01206
B9J08_02555	792.233412265824	-0.27300555106672	0.113450011237013	-2.40639509939204	0.0161108301841982	0.0550337196712381	CM076439.1	1281460	1282882	-	NA	B9J08_02555
B9J08_00188	1153.34397669924	0.237729418739375	0.0987838234399321	2.40656223317709	0.0161034600680394	0.0550337196712381	CM076438.1	407146	408550	+	NA	B9J08_00188
B9J08_02359	1342.99392380369	-0.221078333339569	0.0919327945930199	-2.40478204016605	0.0161821139617817	0.0552430783611904	CM076439.1	820071	821685	-	NA	B9J08_02359
B9J08_03841	58889.0587721232	0.153344209583716	0.0638127249374212	2.40303497044037	0.0162596324468688	0.0554734497122494	CM076441.1	144649	145481	+	NA	B9J08_03841
B9J08_05098	2164.69808775168	-0.197302046186269	0.0821523404007429	-2.40166068579204	0.0163208393572681	0.0556048940388046	CM076443.1	606490	611416	-	NA	B9J08_05098
B9J08_04835	2018.88853502186	0.206803907161085	0.0861092350428048	2.40164608428217	0.0163214907543247	0.0556048940388046	CM076442.1	937322	941939	-	NA	B9J08_04835
B9J08_00629	21150.8971467071	0.153760652339737	0.0640271201969897	2.40149255294737	0.016328341419392	0.0556048940388046	CM076438.1	1348426	1349527	+	NA	B9J08_00629
B9J08_01701	1102.50732156168	0.244376644700714	0.101852882730913	2.39931004551276	0.0164259998597091	0.0559030179954507	CM076438.1	3568635	3569907	-	NA	B9J08_01701
B9J08_02585	320.299519123268	-0.372622229449326	0.155506785936548	-2.39617986575434	0.0165669584079105	0.0563480486895516	CM076439.1	1346104	1347142	+	NA	B9J08_02585
B9J08_01272	451.837022359598	0.340205327582016	0.142046452088541	2.39502868660146	0.0166190649772293	0.0564905117645426	CM076438.1	2634343	2636218	+	NA	B9J08_01272
B9J08_00016	190.270132641363	-0.477310313389138	0.199323654045104	-2.3946496248816	0.0166362541625531	0.0565141836241125	CM076438.1	39552	40416	+	NA	B9J08_00016
B9J08_05454	2804.7588430354	-0.182981821019899	0.07646361797237	-2.39305732415146	0.0167086303373454	0.0567251841981008	CM076444.1	461522	463673	+	NA	B9J08_05454
B9J08_01764	3152.82145013123	-0.195319751716099	0.0816390206402346	-2.39248033825431	0.0167349247165436	0.0567795757571128	CM076438.1	3710034	3711858	+	NA	B9J08_01764
B9J08_04993	4293.05967483703	0.171545344661234	0.07181457984141	2.38872586931598	0.0169069122411859	0.0573279165380578	CM076443.1	362340	363558	-	NA	B9J08_04993
B9J08_00565	1995.97419884062	0.196762805402543	0.0824141160778672	2.38748911917754	0.0169639049079955	0.057485899709682	CM076438.1	1219102	1221142	+	NA	B9J08_00565
B9J08_02293	383.725023768606	-0.342772524279893	0.143643170007059	-2.38627791535823	0.0170198836777862	0.0576402555680909	CM076439.1	678530	679310	+	NA	B9J08_02293
B9J08_01122	4195.36929952984	0.172916851003668	0.0724722296159629	2.3859739367751	0.0170339582171552	0.0576525946516942	CM076438.1	2317201	2317990	+	NA	B9J08_01122
B9J08_03567	819.297392659039	0.329523628538016	0.138186417370937	2.38463110056227	0.0170962552738004	0.057757336734899	CM076440.1	1197314	1197674	-	NA	B9J08_03567
B9J08_02549	892.294074254968	-0.252440578945093	0.105852344255035	-2.38483692280708	0.0170866937853614	0.057757336734899	CM076439.1	1262448	1265079	+	NA	B9J08_02549
B9J08_02110	658.802257620598	0.311634545898715	0.130673649073639	2.38483082172978	0.0170869771438923	0.057757336734899	CM076439.1	324384	326298	+	NA	B9J08_02110
B9J08_01616	311.537132131351	-0.376775546388631	0.158189324802202	-2.38180134379957	0.0172281885702931	0.0581675004447219	CM076438.1	3364343	3366962	+	NA	B9J08_01616
B9J08_01732	2919.55972481349	0.185737514354911	0.0780506877349738	2.37970375079326	0.0173265613302733	0.058463922144335	CM076438.1	3634452	3636195	-	NA	B9J08_01732
B9J08_03503	562.177512021441	-0.296338681916527	0.124564180402429	-2.37900398781694	0.0173594881658798	0.0585392868168502	CM076440.1	1035243	1036227	+	NA	B9J08_03503
B9J08_03909	422.178203369957	0.330488948031746	0.138941018357883	2.37862765033488	0.0173772191322571	0.0585633476487714	CM076441.1	284413	285052	+	NA	B9J08_03909
B9J08_04347	1295.10326027032	0.221277998498826	0.0930381394017856	2.37835794999334	0.0173899357059485	0.0585704903392917	CM076441.1	1257079	1257565	-	NA	B9J08_04347
B9J08_03789	1000.99728537869	-0.245189991231331	0.103157676626308	-2.37684677718694	0.0174613397074879	0.0587036645762078	CM076441.1	28748	31064	+	NA	B9J08_03789
B9J08_02719	1257.1172748329	-0.22499160439167	0.0946566918667205	-2.37692232798992	0.0174577637825111	0.0587036645762078	CM076439.1	1636949	1637231	-	NA	B9J08_02719
B9J08_00400	8103.67337859146	0.219845272248947	0.0924863531159439	2.37705634228373	0.0174514222785027	0.0587036645762078	CM076438.1	850433	851435	-	NA	B9J08_00400
B9J08_03654	1370.18907206731	-0.238334782361483	0.100307731171115	-2.37603602014393	0.0174997544131479	0.058797047198461	CM076440.1	1378391	1380720	-	NA	B9J08_03654
B9J08_00744	4425.85095132853	0.19880653082564	0.0837159315549812	2.37477535198986	0.0175596336615947	0.0589623907944314	CM076438.1	1587215	1588280	+	NA	B9J08_00744
B9J08_02124	758.358783534554	-0.262575300330912	0.110588586287111	-2.37434358414902	0.0175801830337417	0.0589955504720646	CM076439.1	355553	355787	+	NA	B9J08_02124
B9J08_01238	1467.29184014382	0.211902263740201	0.0892835555653885	2.3733627362657	0.0176269434390646	0.0591165754779792	CM076438.1	2556740	2558402	-	NA	B9J08_01238
B9J08_04493	112.751752842504	-0.595297819134416	0.25091928759687	-2.37246735727557	0.0176697243917896	0.0591954330028146	CM076442.1	153406	154927	+	NA	B9J08_04493
B9J08_00382	2463.28486592799	-0.199183772768593	0.083957973359309	-2.37242235369547	0.0176718770498723	0.0591954330028146	CM076438.1	803289	804945	-	NA	B9J08_00382
B9J08_00902	1446.41708669207	0.214865912830694	0.0905961893458326	2.37168819552097	0.0177070265409776	0.0592772475420855	CM076438.1	1883871	1886055	+	NA	B9J08_00902
B9J08_02745	3348.58777545437	0.189182750867489	0.0798820783059707	2.36827527374621	0.0178712336031486	0.0597907434168295	CM076439.1	1697165	1698284	+	NA	B9J08_02745
B9J08_03359	1964.08667018989	0.205353137559694	0.0867248130555958	2.36787062807562	0.0178907906509948	0.0598199636588314	CM076440.1	738665	741320	+	NA	B9J08_03359
B9J08_01702	906.297590274457	0.249479675439395	0.105515044825737	2.36439908499705	0.0180593467021368	0.0603470430608888	CM076438.1	3570056	3570800	+	NA	B9J08_01702
B9J08_04700	3917.13206710978	-0.176974369480677	0.0749234358009636	-2.36206959262806	0.0181732303243731	0.0606909027207312	CM076442.1	628073	628787	+	NA	B9J08_04700
B9J08_04291	1818.67459830795	0.200855362496974	0.0850598832510754	2.36134067929649	0.0182089941888785	0.0607736176823259	CM076441.1	1129368	1131192	+	NA	B9J08_04291
B9J08_05495	1359.48008221783	-0.232714413849745	0.098637328850133	-2.3592935510584	0.018309765553483	0.0609437129222146	CM076444.1	568075	569491	+	NA	B9J08_05495
B9J08_05352	8069.38168170391	0.15873854266413	0.067275352000162	2.35953492541737	0.0182978583926518	0.0609437129222146	CM076444.1	242737	244402	-	NA	B9J08_05352
B9J08_04928	11.7274860959486	1.91010231268942	0.809492361816097	2.35962981590599	0.0182931792371637	0.0609437129222146	CM076443.1	218421	219159	+	NA	B9J08_04928
B9J08_02602	420.936023015196	0.326276842490858	0.138297445275985	2.35923983873847	0.0183124161411476	0.0609437129222146	CM076439.1	1377902	1378844	+	NA	B9J08_02602
B9J08_01332	1825.67992641227	-0.200392883613157	0.0849415492544872	-2.35918564438675	0.0183150908564861	0.0609437129222146	CM076438.1	2778663	2783262	-	NA	B9J08_01332
B9J08_02347	9.47505103998674	-2.21030762127724	0.937259926388351	-2.35826536379771	0.0183605627503674	0.0610582613244768	CM076439.1	795624	796455	-	NA	B9J08_02347
B9J08_02082	1647.3323573036	0.203581062857449	0.0864301232333495	2.35544108051087	0.0185007307237643	0.0614873954962389	CM076439.1	268405	271210	+	NA	B9J08_02082
B9J08_00028	7352.01915971463	-0.163249161449095	0.0693219864666939	-2.3549406150894	0.01852566604292	0.0615332669586651	CM076438.1	60524	64850	+	NA	B9J08_00028
B9J08_02305	295.71312669449	-0.381745552139611	0.162142669871144	-2.35438057386737	0.0185536045478099	0.0615890524539012	CM076439.1	706623	708090	-	NA	B9J08_02305
B9J08_03451	217.514426871823	0.431432719392896	0.183327238309152	2.35334761692833	0.0186052318963388	0.061723359358382	CM076440.1	931399	931846	+	NA	B9J08_03451
B9J08_03749	30.1396006941919	-1.1409088920517	0.484927616561357	-2.35274060104461	0.0186356292448895	0.0617871162786469	CM076440.1	1609628	1611671	-	NA	B9J08_03749
B9J08_00355	19945.5013554182	0.145419081024886	0.0618533558527501	2.35102977065748	0.0187215359062993	0.0620347295887986	CM076438.1	740048	740700	+	NA	B9J08_00355
B9J08_04713	4366.00921305655	-0.17212699839161	0.0732906273007746	-2.34855403386335	0.018846464476481	0.0624112697192991	CM076442.1	650350	651022	+	NA	B9J08_04713
B9J08_02532	449.992851731752	-0.334432627744862	0.142595190464098	-2.34532894592306	0.0190102993283691	0.0629161223879615	CM076439.1	1226607	1227633	+	NA	B9J08_02532
B9J08_03766	1838.14137256494	-0.214809281631955	0.0917015635730251	-2.34248221363091	0.0191559470051549	0.0633602148997554	CM076440.1	1648462	1650727	+	NA	B9J08_03766
B9J08_01345	3930.38555710867	-0.182129456541406	0.077765354498481	-2.34203853008815	0.019178734876278	0.0633976481227203	CM076438.1	2803219	2805127	+	NA	B9J08_01345
B9J08_00359	504.007436501442	-0.351656801870255	0.150225216947116	-2.34086399751414	0.0192391740479718	0.0635594231698388	CM076438.1	747218	748067	+	NA	B9J08_00359
B9J08_04917	5476.21268023775	0.165073047601797	0.0705358353506395	2.34027210114129	0.019269694923397	0.0635925706298549	CM076443.1	190358	191159	+	NA	B9J08_04917
B9J08_04202	2062.45530666838	0.204815376915989	0.0875195914618895	2.34022318311639	0.0192722192518558	0.0635925706298549	CM076441.1	914707	915844	+	NA	B9J08_04202
B9J08_00707	1353.38790810958	0.230383286039351	0.0985469253341919	2.33780288180555	0.0193974760575814	0.0639676910323703	CM076438.1	1503007	1504867	-	NA	B9J08_00707
B9J08_04503	8958.61371133591	0.209145873933822	0.0894974762508719	2.33689130347723	0.0194448366552417	0.0640474446922055	CM076442.1	180741	183486	-	NA	B9J08_04503
B9J08_02180	12.7712644599458	1.77640014641851	0.760147110233253	2.33691626594939	0.0194435383982598	0.0640474446922055	CM076439.1	474805	475288	+	NA	B9J08_02180
B9J08_03124	1345.18479838716	0.219424782071429	0.0939243231324277	2.33618699345912	0.019481497884355	0.0641299814215785	CM076440.1	230359	232270	-	NA	B9J08_03124
B9J08_05319	69.3838914865283	0.749705907902829	0.321322388419982	2.33318914249738	0.0196382204417094	0.0645991380287189	CM076444.1	179248	179593	+	NA	B9J08_05319
B9J08_02527	5105.95643745425	0.166317679228673	0.0712887525898526	2.3330143001036	0.0196473947939708	0.0645991380287189	CM076439.1	1219608	1220496	-	NA	B9J08_02527
B9J08_02716	774.032873924016	-0.25942305758361	0.111209017628098	-2.33275199364826	0.0196611655920471	0.064605982299194	CM076439.1	1631631	1633116	+	NA	B9J08_02716
B9J08_05141	10.9432337439391	1.97376087980258	0.846667800150283	2.3312105166303	0.0197422618758717	0.0648339164515406	CM076443.1	706744	708349	+	NA	B9J08_05141
B9J08_00598	3320.81523612068	0.176928889163798	0.0759286561130633	2.33019913983909	0.0197956284276897	0.0649705690735397	CM076438.1	1285506	1287156	+	NA	B9J08_00598
B9J08_00193	555.469312036797	0.289635720128695	0.124366084093628	2.32889635658742	0.0198645570026176	0.0651581047795058	CM076438.1	413995	414643	-	NA	B9J08_00193
B9J08_00868	8746.70590402025	0.151606315145957	0.0651609685745697	2.3266430573766	0.0199842708649567	0.0655119009908754	CM076438.1	1828185	1829439	+	NA	B9J08_00868
B9J08_05304	469.810919071133	-0.316397274193242	0.136123339727739	-2.3243425765638	0.0201071405874776	0.0658756170877229	CM076444.1	136413	137406	-	NA	B9J08_05304
B9J08_02700	540.452878814235	-0.32335128405743	0.139174725631013	-2.32334773854495	0.0201604792049595	0.0660112373020208	CM076439.1	1598466	1600695	+	NA	B9J08_02700
B9J08_02306	1021.20199245285	-0.234374224149063	0.100910904246084	-2.32258570964256	0.0202014191418087	0.0661061240951906	CM076439.1	708217	710088	-	NA	B9J08_02306
B9J08_04081	131.594012192296	0.571207196106299	0.246063952751586	2.32137698236101	0.0202665067044369	0.0662798713345696	CM076441.1	635623	636520	+	NA	B9J08_04081
B9J08_00595	1220.02521786805	-0.220230492103958	0.0949085241054049	-2.32045007737525	0.0203165425701059	0.066404216904184	CM076438.1	1276391	1278794	+	NA	B9J08_00595
B9J08_04356	320.300109936125	-0.368773015409875	0.159032027047284	-2.31886005766769	0.0204026254870712	0.0666461649332403	CM076441.1	1270627	1271598	-	NA	B9J08_04356
B9J08_04260	3858.29383825913	0.168720113459425	0.072773680998662	2.31842214306195	0.0204263897841939	0.066684380589037	CM076441.1	1041209	1044089	-	NA	B9J08_04260
B9J08_00476	219.751550446365	0.429962134999238	0.185495740376349	2.3179084011681	0.0204542997708187	0.0667360772333619	CM076438.1	1010828	1011746	+	NA	B9J08_00476
B9J08_05432	44244.7928951198	0.158813743816514	0.0685948164735815	2.31524409541469	0.0205995773104211	0.0671704211178156	CM076444.1	418667	419755	+	NA	B9J08_05432
B9J08_05577	1105.06127012066	0.242373421555663	0.104716187469582	2.31457454107627	0.0206362274954719	0.0672502531647837	CM076444.1	739100	739532	+	NA	B9J08_05577
B9J08_02523	3739.1507900783	0.181838009586787	0.0785753719285309	2.3141857954192	0.0206575328022267	0.0672800140235161	CM076439.1	1212956	1213703	+	NA	B9J08_02523
B9J08_01162	2518.04401178446	0.191514592314725	0.0827891584046662	2.31328106246254	0.0207071911957663	0.0674020292926974	CM076438.1	2409606	2412120	+	NA	B9J08_01162
B9J08_04992	7904.52748140869	0.159212083996187	0.0688817348342818	2.3113831900318	0.0208116986219816	0.0677023297726263	CM076443.1	361055	362258	+	NA	B9J08_04992
B9J08_05370	638.677312557165	0.279214793988729	0.120897155662459	2.30952326759686	0.0209145620611867	0.0679969320659876	CM076444.1	292419	293484	-	NA	B9J08_05370
B9J08_02361	2440.368753514	0.183895478587138	0.0796547962353066	2.30865543920163	0.0209627089227674	0.0681133993040184	CM076439.1	824018	824765	-	NA	B9J08_02361
B9J08_01521	1652.66687335635	-0.226096012003447	0.097993393923288	-2.30725769310981	0.0210404585322085	0.0683258603451919	CM076438.1	3178175	3180563	+	NA	B9J08_01521
B9J08_04019	680.046280260063	-0.283243671493994	0.122878360558546	-2.30507365337969	0.0211624487644046	0.0686816525665674	CM076441.1	521652	522267	+	NA	B9J08_04019
B9J08_04687	1388.38496289877	0.221729409101155	0.0962022640450198	2.30482526894993	0.0211763613005573	0.0686864723639556	CM076442.1	600251	601451	-	NA	B9J08_04687
B9J08_01718	2880.56072737576	0.176931601521177	0.076804787866144	2.30365328043787	0.0212421143957131	0.0688593350528484	CM076438.1	3608840	3609392	-	NA	B9J08_01718
B9J08_04383	5693.18346717777	0.159124298873525	0.0690929105397355	2.30304813663932	0.0212761348718658	0.0689126176078515	CM076441.1	1321732	1322638	+	NA	B9J08_04383
B9J08_03284	3061.07710497929	-0.202339957592569	0.0878624448226373	-2.30291745239983	0.0212834880145834	0.0689126176078515	CM076440.1	581348	583019	+	NA	B9J08_03284
B9J08_01665	696.655773574667	0.261839648316477	0.113721922310942	2.3024553489392	0.0213095067055346	0.0689564657854155	CM076438.1	3491601	3493257	+	NA	B9J08_01665
B9J08_01706	1381.87576331915	0.214525636134911	0.0932345220120338	2.30092493108102	0.0213958746335603	0.0691954354006365	CM076438.1	3582150	3583968	+	NA	B9J08_01706
B9J08_04293	2113.26964948441	0.195223781261821	0.0848761722022092	2.30010114966918	0.0214424901689054	0.0692651333509878	CM076441.1	1132080	1132992	+	NA	B9J08_04293
B9J08_03674	2118.84810700139	0.191916048325518	0.0834340631195051	2.30021218133211	0.0214362020389705	0.0692651333509878	CM076440.1	1425159	1427778	+	NA	B9J08_03674
B9J08_05524	639.976340090199	-0.279637719723094	0.121628165870879	-2.29911976161805	0.0214981396439127	0.0694043328340569	CM076444.1	630527	631523	+	NA	B9J08_05524
B9J08_03196	295.214102502165	-0.403147186912333	0.175382074879853	-2.29867953830807	0.0215231432736167	0.0694444908775714	CM076440.1	381052	382171	-	NA	B9J08_03196
B9J08_05107	356.061463314751	-0.343497740262207	0.149588827535252	-2.2962793807663	0.0216599122771828	0.0698450030081619	CM076443.1	628213	630769	-	NA	B9J08_05107
B9J08_04240	498.436833019366	-0.306317690754112	0.133518733207488	-2.29419260799977	0.0217794377257631	0.0701894765657684	CM076441.1	1000978	1003777	+	NA	B9J08_04240
B9J08_05090	762.774896145086	0.260715607937857	0.113672815872253	2.29356162189958	0.0218156919694943	0.0702653435404399	CM076443.1	588329	589718	-	NA	B9J08_05090
B9J08_02882	1067.4059128225	-0.236865743121654	0.103304767717921	-2.29288297485385	0.0218547432493977	0.0703501257655334	CM076439.1	1993878	1995369	-	NA	B9J08_02882
B9J08_03548	3894.93352286377	-0.207338537261178	0.0904382387878623	-2.29259813149972	0.0218711520601934	0.0703619659119259	CM076440.1	1145608	1146820	-	NA	B9J08_03548
B9J08_03987	1194.55787540254	0.219334951139033	0.0957009203833315	2.29187922394564	0.0219126134419914	0.0704543423466472	CM076441.1	447456	450009	-	NA	B9J08_03987
B9J08_02592	550.193271219028	0.290185671694349	0.126736685057537	2.28967383486957	0.0220402312826702	0.0708234641275106	CM076439.1	1359911	1360730	-	NA	B9J08_02592
B9J08_00573	10984.0287538688	0.158725458877853	0.0693507507085079	2.28873454513854	0.0220947805824472	0.0709574969664066	CM076438.1	1242249	1243695	+	NA	B9J08_00573
B9J08_02669	64482.8205970603	0.147705714041084	0.0645656597367199	2.28768225467509	0.0221560318450547	0.0711128850218452	CM076439.1	1528523	1529459	+	NA	B9J08_02669
B9J08_04674	25.8834638875653	1.31724389547803	0.575957129581066	2.28705198325465	0.0221927890809596	0.0711579658165019	CM076442.1	572955	573735	+	NA	B9J08_04674
B9J08_03310	2045.83547405158	-0.18761973103034	0.0820401592692244	-2.28692548504987	0.0222001728043195	0.0711579658165019	CM076440.1	639744	640290	+	NA	B9J08_03310
B9J08_01537	775.770343405335	-0.256403052507208	0.112124085903772	-2.28677942335476	0.0222087011097278	0.0711579658165019	CM076438.1	3204794	3206045	-	NA	B9J08_01537
B9J08_01324	8.25239676391707	-2.31673386817454	1.01373619630255	-2.2853419623611	0.0222927842355755	0.0713050065591519	CM076438.1	2761713	2763387	+	NA	B9J08_01324
B9J08_01157	3803.6194356764	-0.16578592984213	0.0725434386530934	-2.28533321441967	0.0222932967856368	0.0713050065591519	CM076438.1	2398126	2399452	-	NA	B9J08_01157
B9J08_01128	43.2453704408058	-0.916233622620457	0.400887479890747	-2.28551318906282	0.0222827539660843	0.0713050065591519	CM076438.1	2327290	2328400	-	NA	B9J08_01128
B9J08_01873	1319.52956718406	0.215344995562699	0.0942648391717381	2.28446786155726	0.0223440492868644	0.0714260037064774	CM076438.1	3957300	3959244	+	NA	B9J08_01873
B9J08_02784	1665.45553158029	-0.200956386498666	0.0879939826310367	-2.28375146220267	0.0223861417218531	0.071519193813111	CM076439.1	1786966	1787788	-	NA	B9J08_02784
B9J08_04008	4696.91629025795	0.174044193061699	0.0762220825436875	2.28338281051221	0.02240782890631	0.071547123261222	CM076441.1	501984	502527	+	NA	B9J08_04008
B9J08_02106	200.235519990815	-0.459207546550394	0.201130394012214	-2.28313353039277	0.0224225040031347	0.0715526441254765	CM076439.1	316432	317023	-	NA	B9J08_02106
B9J08_04419	35.499888952837	-1.05897285095213	0.463941200301422	-2.28255832908161	0.0224563979358301	0.071578149591311	CM076441.1	1410750	1412436	+	NA	B9J08_04419
B9J08_02346	616.401272823161	-0.290555830472602	0.127283268611428	-2.28274959971067	0.0224451223096103	0.071578149591311	CM076439.1	793711	795502	+	NA	B9J08_02346
B9J08_04851	1393.80264045885	-0.207377127509443	0.0909221607327868	-2.28082049346482	0.0225590711853971	0.0718639691306569	CM076442.1	976076	977696	+	NA	B9J08_04851
B9J08_03355	2051.17455396789	-0.187178570060076	0.0821207556525376	-2.27930891006471	0.0226487087531187	0.0721079569576537	CM076440.1	728415	731208	-	NA	B9J08_03355
B9J08_05573	413.195062276061	0.327354429326815	0.143658028712781	2.27870612077869	0.0226845406609295	0.0721804583954851	CM076444.1	733010	733787	-	NA	B9J08_05573
B9J08_04178	2556.23227880548	-0.197893036326681	0.0868559835725002	-2.27840418342044	0.0227025073861014	0.0721960634769748	CM076441.1	862315	863140	+	NA	B9J08_04178
B9J08_03146	23097.900927462	-0.200970472982535	0.088277814877336	-2.27656827779196	0.0228120190035787	0.072461778915888	CM076440.1	271882	272194	+	NA	B9J08_03146
B9J08_01869	166.587431603481	-0.486727437673974	0.213799160476884	-2.27656383957877	0.0228122842977465	0.072461778915888	CM076438.1	3947912	3948767	-	NA	B9J08_01869
B9J08_03516	3397.49994825224	-0.168743056900957	0.0741500046705364	-2.275698533678	0.0228640591873653	0.07258452333634	CM076440.1	1063935	1065139	+	NA	B9J08_03516
B9J08_03211	1250.79198485906	-0.217841366743905	0.0957711235327223	-2.27460385456869	0.0229297046790402	0.0727273869851862	CM076440.1	421870	422578	-	NA	B9J08_03211
B9J08_02103	1762.04175133913	0.198749928544	0.0873941181047368	2.2741796914274	0.0229551847816693	0.0727273869851862	CM076439.1	308938	310036	+	NA	B9J08_02103
B9J08_00381	2049.50892892062	0.186444063905203	0.0819869006054869	2.27407137638187	0.0229616953662294	0.0727273869851862	CM076438.1	800937	803112	+	NA	B9J08_00381
B9J08_00190	486.437148514894	-0.302231495190196	0.132878551873141	-2.27449419736856	0.0229362895922232	0.0727273869851862	CM076438.1	409491	411387	-	NA	B9J08_00190
B9J08_04568	1713.5002322954	0.19773357150466	0.0869917794028203	2.27301444874513	0.0230253092456426	0.0728410657230472	CM076442.1	344786	346199	-	NA	B9J08_04568
B9J08_03454	122.83946026534	-0.545424908074445	0.240000412221076	-2.27259988025366	0.0230503028676695	0.0728410657230472	CM076440.1	934824	936066	-	NA	B9J08_03454
B9J08_01878	45.2495106146311	-0.911903155912569	0.401184087975245	-2.27302922335454	0.0230244189443653	0.0728410657230472	CM076438.1	3965228	3966611	-	NA	B9J08_01878
B9J08_00588	6645.08449196643	0.164154211848894	0.0722310512606789	2.2726266471807	0.0230486884243809	0.0728410657230472	CM076438.1	1264629	1265142	+	NA	B9J08_00588
B9J08_03446	233.260335532644	0.403789344616836	0.177999512417202	2.26848567804174	0.02329962095571	0.0735868600126911	CM076440.1	923498	923909	-	NA	B9J08_03446
B9J08_05227	455.665040414289	0.307637942455063	0.135639177306427	2.26806110567942	0.0233254825505733	0.0736264660519809	CM076443.1	905467	906406	-	NA	B9J08_05227
B9J08_01813	7853.06737153152	0.153098939565235	0.0675197116443509	2.26747028144401	0.0233615123608243	0.0736981043483311	CM076438.1	3832382	3833786	+	NA	B9J08_01813
B9J08_05483	6730.010102587	0.152703015340281	0.0674527423880367	2.26385184551613	0.0235832285245925	0.0742280774803092	CM076444.1	536271	537222	-	NA	B9J08_05483
B9J08_03535	575.365244761669	0.279149092879476	0.12330625202053	2.2638681194608	0.0235822272808399	0.0742280774803092	CM076440.1	1107486	1108984	+	NA	B9J08_03535
B9J08_03523	884.971308035772	-0.25703392900206	0.113527022009803	-2.26407708448359	0.0235693741224982	0.0742280774803092	CM076440.1	1073717	1076105	-	NA	B9J08_03523
B9J08_02913	35555.5745641432	0.139266806913603	0.0615084698708089	2.26418909795865	0.0235624868268837	0.0742280774803092	CM076439.1	2072729	2073346	-	NA	B9J08_02913
B9J08_05302	136.314740901646	-0.525399414915266	0.232259687808655	-2.26212055941499	0.0236899556885156	0.0744791724063855	CM076444.1	132995	134384	+	NA	B9J08_05302
B9J08_00116	4516.53277943784	-0.166436109715855	0.0735696277935184	-2.2622937577308	0.0236792598439201	0.0744791724063855	CM076438.1	249343	250075	-	NA	B9J08_00116
B9J08_01360	1494.88080837122	-0.211260034250278	0.0934082727843756	-2.26168440923806	0.0237169086689422	0.0745160145212609	CM076438.1	2832842	2834531	+	NA	B9J08_01360
B9J08_00861	117.224791422403	-0.563960025694899	0.249374901457789	-2.26149473101791	0.0237286386027536	0.0745160145212609	CM076438.1	1813710	1814652	+	NA	B9J08_00861
B9J08_03330	496.942026374892	-0.326129625237907	0.144226826257587	-2.26122721896024	0.0237451904311148	0.0745256487863551	CM076440.1	686439	686856	+	NA	B9J08_03330
B9J08_01548	43.1678193901596	-0.920543781221406	0.407347811289391	-2.2598471274648	0.023830740336535	0.0747517036549539	CM076438.1	3222361	3224077	+	NA	B9J08_01548
B9J08_03491	338.187753421395	-0.349908388015467	0.154871681019578	-2.25934390142788	0.023862001051396	0.0747710940792039	CM076440.1	1015706	1017623	-	NA	B9J08_03491
B9J08_01631	3794.22117136024	-0.173719068726865	0.0768902489414744	-2.25931208597194	0.02386397864225	0.0747710940792039	CM076438.1	3399181	3401221	+	NA	B9J08_01631
B9J08_03566	663.653732700662	0.281290331569336	0.124571945783786	2.2580552129896	0.0239422174007962	0.0749737312035132	CM076440.1	1193879	1195136	+	NA	B9J08_03566
B9J08_01095	3058.02011765689	0.178218588117626	0.0789949167376907	2.25607666262142	0.0240658303998274	0.075318145311351	CM076438.1	2262457	2263627	+	NA	B9J08_01095
B9J08_01513	1991.61372602078	0.18808216862166	0.0833937813626006	2.25535004587295	0.0241113656401616	0.0754179501376191	CM076438.1	3160015	3160486	+	NA	B9J08_01513
B9J08_04492	62.0466951444966	0.772843405454428	0.34296238502416	2.25343489315887	0.0242317415240185	0.0756714006199061	CM076442.1	150235	151894	-	NA	B9J08_04492
B9J08_00525	3375.03873002126	0.1720053135362	0.0763212437521459	2.25370165736278	0.0242149430372236	0.0756714006199061	CM076438.1	1121133	1124880	+	NA	B9J08_00525
B9J08_00317	1549.57712003362	0.211189853337789	0.0937202237509955	2.25340748117395	0.024233468264381	0.0756714006199061	CM076438.1	674520	674955	-	NA	B9J08_00317
B9J08_00184	76.1732687638853	-0.707223567763765	0.313936003779356	-2.25276349080631	0.0242740653135385	0.0757553692760741	CM076438.1	400426	400777	+	NA	B9J08_00184
B9J08_05197	861.575912440757	-0.237591324776262	0.105586150654367	-2.25021296167912	0.0244354298894009	0.0762159260715116	CM076443.1	828652	829828	-	NA	B9J08_05197
B9J08_02429	579.055052173757	-0.28348250801521	0.126118520377067	-2.24774685880916	0.0245923361805469	0.0766194707461879	CM076439.1	998618	999809	+	NA	B9J08_02429
B9J08_02243	8.65998424740095	2.15777379766139	0.9599732198938	2.24774374216408	0.0245925350287203	0.0766194707461879	CM076439.1	579864	581259	-	NA	B9J08_02243
B9J08_01306	959.3867379772	-0.232348308133132	0.103542102389359	-2.24399836174286	0.0248325067508409	0.0773235294714917	CM076438.1	2708195	2709302	-	NA	B9J08_01306
B9J08_04662	16074.9584791428	-0.150157720504683	0.0669587846222199	-2.24253951668731	0.024926524311647	0.0774853205120771	CM076442.1	547851	549414	-	NA	B9J08_04662
B9J08_04603	871.174410485966	-0.236304666256437	0.105357433633654	-2.2428855573505	0.0249041953358649	0.0774853205120771	CM076442.1	428719	430177	-	NA	B9J08_04603
B9J08_00798	2194.44077016265	-0.192275231947139	0.0857375024853886	-2.24260360254728	0.0249223877339844	0.0774853205120771	CM076438.1	1689488	1691174	+	NA	B9J08_00798
B9J08_04966	890.62147525755	0.234265323369306	0.104486688377367	2.2420590317039	0.0249575573268552	0.0775381783842206	CM076443.1	304401	305121	+	NA	B9J08_04966
B9J08_00517	622.429899675408	-0.268127826579465	0.119639248097948	-2.2411360054683	0.0250172665637884	0.0776800181449767	CM076438.1	1096769	1097834	+	NA	B9J08_00517
B9J08_00469	765.312632023151	-0.258573413614508	0.115421958336036	-2.24024455434818	0.0250750506216587	0.077815724191975	CM076438.1	985536	985832	+	NA	B9J08_00469
B9J08_03337	6407.86913725004	-0.163483137265918	0.0730304438451996	-2.23856146366094	0.0251844640119342	0.0781114099853873	CM076440.1	698183	700289	+	NA	B9J08_03337
B9J08_02694	954.139639234372	-0.232120417135221	0.1037562586375	-2.23717026985519	0.0252752136661056	0.0783489096649275	CM076439.1	1583893	1587489	+	NA	B9J08_02694
B9J08_02629	811.587430419245	-0.25332755994601	0.113259737108686	-2.23669563794689	0.0253062392992533	0.0784011124478547	CM076439.1	1427419	1427989	-	NA	B9J08_02629
B9J08_01147	1884.83067787761	0.496545949115803	0.22202722776927	2.23641917302058	0.025324326383576	0.0784131943540755	CM076438.1	2376356	2376971	+	NA	B9J08_01147
B9J08_00862	667.786872569779	0.263481889220456	0.117847825616759	2.23578065901105	0.0253661424619074	0.0784986950654884	CM076438.1	1814773	1815307	+	NA	B9J08_00862
B9J08_05571	427.61142960117	0.333911924756665	0.149473713912875	2.23391736256246	0.0254885109218859	0.0787968528656284	CM076444.1	729247	729820	-	NA	B9J08_05571
B9J08_02364	688.043731660268	0.258928230804191	0.115909667920132	2.23387949815029	0.0254910028810826	0.0787968528656284	CM076439.1	829699	830743	+	NA	B9J08_02364
B9J08_05466	311.661644875094	-0.353874409903798	0.158546293692352	-2.23199421230538	0.0256153454573542	0.0791369560328656	CM076444.1	493398	495576	+	NA	B9J08_05466
B9J08_00985	62320.003746904	0.156174514393334	0.0699866491747858	2.23149009467936	0.0256486829208816	0.0791956818456496	CM076438.1	2033978	2034536	-	NA	B9J08_00985
B9J08_02501	4892.04700622685	0.155942868830915	0.0699288297787807	2.23002257186683	0.0257459444174046	0.0794516107174736	CM076439.1	1176061	1176373	-	NA	B9J08_02501
B9J08_03705	2194.79037494272	0.182742595894889	0.0820041605041937	2.22845517558275	0.0258501772508043	0.0797238197337941	CM076440.1	1491725	1494353	+	NA	B9J08_03705
B9J08_01561	861.870461405904	0.256225100251556	0.114988730468625	2.22826271067899	0.0258630014081225	0.0797238197337941	CM076438.1	3248031	3249390	+	NA	B9J08_01561
B9J08_04650	505.542874906224	0.295048178271893	0.132491459172427	2.22692224928939	0.0259524705667754	0.0799550194105727	CM076442.1	522986	524666	-	NA	B9J08_04650
B9J08_01404	1054.3559016165	-0.228698810350868	0.102774722342141	-2.2252437675241	0.0260648781368019	0.0802565913437906	CM076438.1	2915995	2917657	+	NA	B9J08_01404
B9J08_05281	886.762671773439	0.241346546349752	0.108536568852663	2.22364267546891	0.0261724949030926	0.0805430842591273	CM076444.1	87832	88876	-	NA	B9J08_05281
B9J08_04453	1174.79091974514	0.219394152704319	0.0987666296778022	2.22133886131408	0.0263280186242102	0.0809766048614411	CM076442.1	68903	70256	-	NA	B9J08_04453
B9J08_04567	3188.84607308476	-0.175308922520571	0.0789404086790266	-2.2207754615685	0.0263661733889968	0.0810488544610597	CM076442.1	342961	344638	+	NA	B9J08_04567
B9J08_04433	403.179157210652	0.328855135544463	0.14819598885843	2.21905557685921	0.0264829437422561	0.0811938166591467	CM076442.1	21852	23808	+	NA	B9J08_04433
B9J08_02843	418.1575450854	0.325354358974121	0.146597806649694	2.21936716796574	0.0264617554054888	0.0811938166591467	CM076439.1	1907301	1909320	+	NA	B9J08_02843
B9J08_02166	1772.33720046989	-0.204258107637405	0.0920189850032381	-2.21973875967244	0.0264365061497596	0.0811938166591467	CM076439.1	449495	450125	+	NA	B9J08_02166
B9J08_02113	1064.11607472867	0.233061792941045	0.105030141371826	2.21899913583819	0.0264867833248492	0.0811938166591467	CM076439.1	328799	329165	-	NA	B9J08_02113
B9J08_00278	1009.02336142849	-0.222107635869463	0.100090005086374	-2.21907907465677	0.0264813453705216	0.0811938166591467	CM076438.1	596450	598448	-	NA	B9J08_00278
B9J08_00150	813.072306669924	-0.250208492140011	0.112916494520677	-2.2158719432633	0.0267002735392676	0.0818028890529556	CM076438.1	327515	327872	+	NA	B9J08_00150
B9J08_04494	325.832397478171	0.349412084536009	0.157961702142866	2.21200506069497	0.0269663152639955	0.0825722019191707	CM076442.1	155481	156960	-	NA	B9J08_04494
B9J08_00623	1928.18913238025	-0.183900643976132	0.0831609589682788	-2.21138195443705	0.0270093984018421	0.0826583305465013	CM076438.1	1337011	1338148	-	NA	B9J08_00623
B9J08_03271	4328.17364901532	0.164151229237648	0.0743454477951147	2.20795266026273	0.0272475733510097	0.0833410835146821	CM076440.1	556998	558761	+	NA	B9J08_03271
B9J08_01285	1505.72684675239	-0.207580033347594	0.0940658489597042	-2.20675235107394	0.0273313656241768	0.0835511381663856	CM076438.1	2664228	2664637	-	NA	B9J08_01285
B9J08_05103	1166.20328151151	-0.218837354577499	0.0992028287420021	-2.20595881541475	0.0273868834828599	0.0836745743558687	CM076443.1	621349	623740	+	NA	B9J08_05103
B9J08_02277	112.740168127391	-0.556952210959486	0.25254920799594	-2.20532155051715	0.0274315386410364	0.0837647039055295	CM076439.1	647775	648834	-	NA	B9J08_02277
B9J08_01607	4499.0052851326	0.158935519446096	0.0720984932569435	2.20442220449301	0.0274946655191054	0.083911107854277	CM076438.1	3351772	3352444	+	NA	B9J08_01607
B9J08_04327	1017.16106267006	0.223468881741673	0.101396346394164	2.20391453625921	0.0275303550622745	0.0839736602810107	CM076441.1	1222196	1223162	+	NA	B9J08_04327
B9J08_00645	6269.42030507244	0.150440785134111	0.0682812834249892	2.20325069459743	0.0275770840272073	0.0840697978038472	CM076438.1	1375486	1375987	-	NA	B9J08_00645
B9J08_05343	49.9185586441558	-0.819594807011869	0.372734908152913	-2.19886785241921	0.0278873200755162	0.084965039901734	CM076444.1	227281	228751	-	NA	B9J08_05343
B9J08_02915	2332.50825977607	-0.182068542710713	0.0828085411323354	-2.19866864240189	0.0279014922058345	0.084965039901734	CM076439.1	2074643	2075408	+	NA	B9J08_02915
B9J08_01847	1019.78425101999	-0.230340962536032	0.104791525718063	-2.19808768846209	0.027942857693355	0.0850441489378705	CM076438.1	3897196	3900514	-	NA	B9J08_01847
B9J08_02675	794.032948065678	0.242345984710722	0.110320388737126	2.196747015533	0.0280385190459187	0.0852883295359343	CM076439.1	1539421	1542650	+	NA	B9J08_02675
B9J08_01117	1839.74664130943	0.186650177038467	0.0850615749298396	2.19429486454277	0.0282142184105538	0.085728414049	CM076438.1	2309736	2311128	+	NA	B9J08_01117
B9J08_00460	9280.2381970577	-0.146627686874924	0.0668181252686519	-2.19442982402434	0.0282045237992246	0.085728414049	CM076438.1	972441	973197	-	NA	B9J08_00460
B9J08_05297	2525.36548186871	-0.175096261991344	0.0798215188872865	-2.19359722080197	0.0282643783996064	0.0858005207561387	CM076444.1	121425	124566	-	NA	B9J08_05297
B9J08_03177	7968.22240595237	0.144424483528294	0.0658410342524584	2.19353303252373	0.0282689973397736	0.0858005207561387	CM076440.1	337971	340240	-	NA	B9J08_03177
B9J08_04072	18.9003923847132	-1.37694737537527	0.627904398812129	-2.19292519367627	0.0283127692165333	0.0858862104609109	CM076441.1	621261	621702	-	NA	B9J08_04072
B9J08_00294	3721.24975784265	0.165612791196277	0.0756069248196284	2.1904447455226	0.0284919979175051	0.0863824862808834	CM076438.1	625200	626808	-	NA	B9J08_00294
B9J08_05378	2200.16676866531	0.176787637868169	0.0807166134938871	2.19022615315195	0.028507839410533	0.0863831296173332	CM076444.1	310503	311444	+	NA	B9J08_05378
B9J08_04962	2209.89267047901	0.182910994822398	0.0835694035963059	2.18873160452331	0.028616353458571	0.0866169690939332	CM076443.1	298600	299212	+	NA	B9J08_04962
B9J08_03357	1608.55001332492	0.225907478383331	0.103209398316118	2.18882661917476	0.0286094441970977	0.0866169690939332	CM076440.1	732830	735683	-	NA	B9J08_03357
B9J08_01441	2950.68826774008	0.168162274674777	0.0768409388639889	2.18844638236956	0.0286371028337124	0.0866323302473609	CM076438.1	2992939	2994934	-	NA	B9J08_01441
B9J08_04444	16161.2100738871	0.141405327333255	0.0646326859166058	2.18782997067007	0.0286819898889521	0.0866732411789164	CM076442.1	44745	45936	-	NA	B9J08_04444
B9J08_03988	380.160532269688	-0.34394486993005	0.157203496598267	-2.18789579985615	0.0286771933244007	0.0866732411789164	CM076441.1	450878	453602	+	NA	B9J08_03988
B9J08_01882	1471.21657113477	-0.197292598200541	0.0902958923633118	-2.18495651393222	0.0288920351980773	0.0872602614971439	CM076438.1	3972546	3973392	-	NA	B9J08_01882
B9J08_03168	339.324603486551	-0.333619549595539	0.152793617779342	-2.1834652156567	0.029001567860445	0.0875432362450463	CM076440.1	323423	324659	+	NA	B9J08_03168
B9J08_05413	1904.48889877557	0.203110706033965	0.0930740414446123	2.18224870094241	0.0290911827860984	0.0877658118224705	CM076444.1	372188	374696	+	NA	B9J08_05413
B9J08_04287	1592.52370403987	-0.216823903547958	0.0994265583151525	-2.18074433252222	0.0292023320380488	0.088053076472611	CM076441.1	1112789	1114061	+	NA	B9J08_04287
B9J08_00433	1099.7378589621	-0.220734789462004	0.10126972030371	-2.17967215471729	0.0292817720384699	0.0882444678607543	CM076438.1	918781	920182	+	NA	B9J08_00433
B9J08_02547	3459.49842550884	-0.160119959375067	0.0734807399771919	-2.17907385560852	0.02932618210495	0.0883301408686967	CM076439.1	1258961	1259678	-	NA	B9J08_02547
B9J08_02965	2915.39846258785	-0.174713763755607	0.0802000810831718	-2.17847365483856	0.0293707915398371	0.0884163207193245	CM076439.1	2194900	2195797	-	NA	B9J08_02965
B9J08_04239	1459.41190820939	-0.207137815862205	0.0952445772386997	-2.17479904754137	0.0296451785060861	0.0891937406658344	CM076441.1	997609	1000774	+	NA	B9J08_04239
B9J08_01288	443.769379997085	-0.304580145821781	0.140141692845578	-2.1733728174484	0.0297522689862079	0.0894672419405719	CM076438.1	2676607	2677497	-	NA	B9J08_01288
B9J08_02617	1454.17106037487	0.215714131007717	0.0993075647197519	2.1721822664413	0.0298419177359387	0.0896880257349282	CM076439.1	1406622	1407966	+	NA	B9J08_02617
B9J08_03571	509.912662244048	-0.278381399826764	0.12820524556811	-2.1713729309061	0.0299029933922968	0.0898227415647959	CM076440.1	1205422	1207342	-	NA	B9J08_03571
B9J08_03478	8844.91416934072	-0.147613699517655	0.0680067594350502	-2.17057393623694	0.0299633940621608	0.0899552846179048	CM076440.1	989361	991629	+	NA	B9J08_03478
B9J08_05119	35.4774685800489	-0.987206876291715	0.454876071239517	-2.17027656258466	0.0299859010361425	0.0899739820992181	CM076443.1	649587	650520	-	NA	B9J08_05119
B9J08_04531	1614.91084905085	0.199045925946837	0.0917396132726819	2.16968350798693	0.0300308302618701	0.0900319644944434	CM076442.1	255278	256913	+	NA	B9J08_04531
B9J08_03061	657.636355092712	0.265830690644879	0.122525686313867	2.16959152519184	0.030037803967388	0.0900319644944434	CM076440.1	100197	100638	+	NA	B9J08_03061
B9J08_04251	13453.6855627732	-0.153953399559891	0.0710005546352733	-2.16834080171264	0.0301327661966595	0.0902676416091801	CM076441.1	1027410	1028643	+	NA	B9J08_04251
B9J08_03002	6024.17164678247	0.154286948628728	0.0711653771143687	2.16800577590948	0.0301582470803727	0.090295033376609	CM076439.1	2280156	2281023	-	NA	B9J08_03002
B9J08_02115	3097.7994395026	0.168461553587476	0.0777485211823679	2.16674929665003	0.03025397548356	0.0905326055753309	CM076439.1	330344	330686	-	NA	B9J08_02115
B9J08_03225	32259.6142463411	-0.142247024907831	0.0657610638539451	-2.16308886400866	0.0305343454447272	0.0913221467927527	CM076440.1	457039	457546	+	NA	B9J08_03225
B9J08_02159	2483.26444744968	0.170684161728692	0.0789690575213326	2.16140558195953	0.0306640232978219	0.0916603876511962	CM076439.1	433985	436766	+	NA	B9J08_02159
B9J08_02140	1280.6720906393	0.203538298245641	0.0943440239535067	2.15740531001673	0.0309740978542329	0.0925372101839703	CM076439.1	387039	395481	+	NA	B9J08_02140
B9J08_01922	2001.32828070348	-0.205007797119477	0.0950793441718674	-2.15617596971326	0.031069927195183	0.0927733590533638	CM076438.1	4059516	4059879	-	NA	B9J08_01922
B9J08_05501	2266.98288238813	0.180268062182946	0.0836259339078413	2.15564782070604	0.0311111754619579	0.0927962583800546	CM076444.1	581091	584550	+	NA	B9J08_05501
B9J08_04209	291.317480920657	-0.364538458944203	0.169098488843062	-2.15577597078662	0.0311011626662815	0.0927962583800546	CM076441.1	930714	931496	-	NA	B9J08_04209
B9J08_05374	3574.26230337202	0.16184307993222	0.0753444668712829	2.14804200829651	0.0317104184395582	0.094532622823861	CM076444.1	301707	302322	-	NA	B9J08_05374
B9J08_03347	5.33637211721695	2.81341118957125	1.31004588041465	2.147566914741	0.0317481761015767	0.0945941613549403	CM076440.1	715375	715462	+	NA	B9J08_03347
B9J08_03328	798.577287250045	0.249986643508814	0.116431270171898	2.14707477758969	0.0317873289319751	0.0946597882580961	CM076440.1	680645	681383	-	NA	B9J08_03328
B9J08_02260	1534.01759957098	0.192441993880936	0.0896500004618771	2.14659222408783	0.0318257595098496	0.0947231948362622	CM076439.1	617795	618170	+	NA	B9J08_02260
B9J08_00850	186.489885625251	0.426928888524794	0.198925431144374	2.14617550942968	0.0318589787269329	0.0947710309062207	CM076438.1	1788792	1789653	-	NA	B9J08_00850
B9J08_03804	6996.5876919975	0.146972250421462	0.068498660509718	2.14562225491418	0.0319031284134992	0.0948513129324423	CM076441.1	68835	69678	+	NA	B9J08_03804
B9J08_01789	46.5766504651863	0.825680411777713	0.384931137619163	2.14500810946246	0.0319521986112791	0.09494612995943	CM076438.1	3777138	3778116	+	NA	B9J08_01789
B9J08_01236	968.216879025672	0.229922923510604	0.107255174124564	2.14370006283871	0.032056927170953	0.0952061453379135	CM076438.1	2553686	2554880	+	NA	B9J08_01236
B9J08_02151	9449.64114600425	0.145832140309553	0.0680871854397424	2.1418441571302	0.0322060247692399	0.0955975826528405	CM076439.1	416267	419771	-	NA	B9J08_02151
B9J08_05130	158.966896770153	1.29123999945532	0.603059626361836	2.14114814358435	0.0322620933143083	0.095605548537813	CM076443.1	670710	671724	-	NA	B9J08_05130
B9J08_02510	1461.75184838528	0.192973703656308	0.0901213894842937	2.14126418556761	0.0322527395507679	0.095605548537813	CM076439.1	1189704	1190817	-	NA	B9J08_02510
B9J08_01474	1311.72812435299	0.21289541335635	0.0994395961278322	2.14095211210097	0.0322779000491332	0.095605548537813	CM076438.1	3077588	3078803	-	NA	B9J08_01474
B9J08_00535	1782.00063134302	0.189020061875932	0.088267415242831	2.1414477965161	0.0322379440220579	0.095605548537813	CM076438.1	1154963	1157306	-	NA	B9J08_00535
B9J08_04934	29.6970344528147	1.03942015839851	0.485552633016073	2.14069513317644	0.0322986312497455	0.0956157123285183	CM076443.1	234226	234646	-	NA	B9J08_04934
B9J08_02315	362.398294531295	-0.327223148140497	0.152885724069464	-2.14031198878858	0.032329561752214	0.0956560427218879	CM076439.1	724971	725349	+	NA	B9J08_02315
B9J08_03312	7931.22076538294	0.143438599238913	0.0670425058907657	2.13951727091796	0.0323937987029624	0.0957948236657427	CM076440.1	642676	644347	+	NA	B9J08_03312
B9J08_03117	2171.0072355471	0.175330442934567	0.0820975726866872	2.13563491826596	0.032709182944957	0.096675750875282	CM076440.1	221625	223254	-	NA	B9J08_03117
B9J08_02855	1261.99737027671	-0.216983390335796	0.10171359835667	-2.13327808514767	0.0329019208554595	0.0971934348306384	CM076439.1	1931291	1931816	+	NA	B9J08_02855
B9J08_04058	2221.13032090342	0.177937033298377	0.0834510771033712	2.13223171557109	0.0329878024021412	0.0973430773500451	CM076441.1	592663	593896	-	NA	B9J08_04058
B9J08_00714	104098.176607606	0.127797321027817	0.0599346535658808	2.13227762945757	0.0329840299649503	0.0973430773500451	CM076438.1	1520371	1523071	-	NA	B9J08_00714
B9J08_00875	1811.78971331809	-0.192107211284977	0.0901126559697635	-2.13185605526305	0.0330186817745844	0.0973822060662369	CM076438.1	1840367	1841903	-	NA	B9J08_00875
B9J08_03830	3635.85142285117	0.161372519766601	0.0757121260818549	2.13139596148886	0.0330565353063278	0.0974418510069727	CM076441.1	119596	120319	+	NA	B9J08_03830
B9J08_03810	15499.6283604182	0.162151296557599	0.0760914646886307	2.13100506372335	0.0330887250188282	0.0974847458310572	CM076441.1	76237	77389	-	NA	B9J08_03810
B9J08_04360	4905.80774591337	0.148045051171399	0.0694816151269197	2.1307082585943	0.0331131842915748	0.0975048319549994	CM076441.1	1277819	1281029	-	NA	B9J08_04360
B9J08_02314	1120.98394804492	0.206537866585588	0.0971288778802801	2.12643109951465	0.0334673805639333	0.0984953207544512	CM076439.1	722761	724303	-	NA	B9J08_02314
B9J08_05294	1242.52787300203	-0.207853038514582	0.0977671015581866	-2.12600184726635	0.0335031057226314	0.098547985805739	CM076444.1	117157	118786	+	NA	B9J08_05294
B9J08_02217	309.71063730655	0.340957745741415	0.160419386743689	2.12541484332053	0.0335520128067288	0.0986393482887182	CM076439.1	539387	539909	-	NA	B9J08_02217
B9J08_03226	826.728415020954	0.234192612825942	0.110201566541367	2.12512961635651	0.0335757989420677	0.0986567999749112	CM076440.1	457619	458906	-	NA	B9J08_03226
B9J08_03120	712.651727142823	0.25735214048324	0.121131697853428	2.12456479223664	0.0336229442864531	0.0986903946209381	CM076440.1	223879	226654	-	NA	B9J08_03120
B9J08_01133	514.712849722845	-0.280091624146216	0.131829785597156	-2.12464598100854	0.0336161640526576	0.0986903946209381	CM076438.1	2338546	2341042	-	NA	B9J08_01133
B9J08_02312	3356.29581989237	-0.162908312754349	0.0766872910390992	-2.12431956517136	0.0336434307826956	0.098698111430976	CM076439.1	718395	718962	-	NA	B9J08_02312
B9J08_04322	713.899632887444	-0.245107267883521	0.115404313549207	-2.12390040151324	0.0336784728232096	0.0987484982991403	CM076441.1	1212460	1213414	-	NA	B9J08_04322
B9J08_00520	6.91128408886751	-2.36786007238683	1.11501114023488	-2.12362010292384	0.0337019231699253	0.0987648618028512	CM076438.1	1103751	1105901	+	NA	B9J08_00520
B9J08_00282	316.203227403539	-0.344541300853846	0.162347525892053	-2.12224546669677	0.033817130287634	0.0990499624270021	CM076438.1	606830	607937	-	NA	B9J08_00282
B9J08_02318	417.152006054201	-0.304518600987625	0.143622241021896	-2.12027467905336	0.0339828877460705	0.0994827439473155	CM076439.1	728580	729393	-	NA	B9J08_02318
B9J08_02804	56.5645998556817	-0.828868987797658	0.391059282581005	-2.11954817266347	0.0340441671486197	0.0996093762998523	CM076439.1	1833376	1833658	-	NA	B9J08_02804
B9J08_03123	702.154869629418	0.259798215716553	0.122649715132309	2.11821295659997	0.0341570363779555	0.0998867407729948	CM076440.1	229761	230340	+	NA	B9J08_03123
B9J08_04003	4451.09441964086	-0.172945269965845	0.0816728936333644	-2.11753572418053	0.0342144067139379	0.0999700862745727	CM076441.1	487826	490055	+	NA	B9J08_04003
B9J08_03193	2608.08376525907	-0.165563401743406	0.0781900099020085	-2.11744955590743	0.0342217121822854	0.0999700862745727	CM076440.1	376838	378866	+	NA	B9J08_03193
B9J08_04236	5119.42386135512	0.150332418528487	0.0710200339573031	2.11676072442977	0.0342801602296423	0.100087926882849	CM076441.1	991205	994172	-	NA	B9J08_04236
B9J08_02393	1358.72509972967	0.194206466774859	0.091835853212989	2.11471293596465	0.0344544211607055	0.100543603883432	CM076439.1	900174	904797	-	NA	B9J08_02393
B9J08_05479	1829.12131103971	-0.197727852638555	0.093554478576505	-2.11350494008538	0.0345575726342303	0.100791400500998	CM076444.1	529454	532892	+	NA	B9J08_05479
B9J08_01614	24903.1399526887	0.15064067450345	0.071300039851831	2.11277125253362	0.0346203513237625	0.100921245657403	CM076438.1	3362765	3363101	+	NA	B9J08_01614
B9J08_04869	4579.6627567391	-0.150603395340179	0.0713114237803632	-2.11191121080449	0.0346940656322134	0.101082815365969	CM076443.1	57872	58967	-	NA	B9J08_04869
B9J08_05465	228.371044358834	-0.38652004687405	0.183171364100679	-2.11015542069994	0.0348449709337353	0.101415563112562	CM076444.1	491004	492930	+	NA	B9J08_05465
B9J08_00915	1471.23946648197	0.211709319099982	0.100328051815097	2.1101707375935	0.0348436520695369	0.101415563112562	CM076438.1	1908641	1912073	-	NA	B9J08_00915
B9J08_03393	2762.63080843315	0.167008117809638	0.0791575266923606	2.10981980852814	0.0348738795889693	0.101446280256965	CM076440.1	816673	817813	+	NA	B9J08_03393
B9J08_01487	2483.75293675148	0.168468391820413	0.0798668023798047	2.10936693094667	0.0349129216062908	0.101506426995249	CM076438.1	3113446	3114523	-	NA	B9J08_01487
B9J08_00182	1602.75650292643	-0.186374042284164	0.0883840636551992	-2.10868378954875	0.034971884987411	0.101624399750484	CM076438.1	395379	397188	+	NA	B9J08_00182
B9J08_00716	567.12962010798	-0.262131646087741	0.124352009667665	-2.10798077802117	0.0350326521466071	0.101747487343299	CM076438.1	1529936	1534019	-	NA	B9J08_00716
B9J08_04299	580.112603005709	0.272727174911853	0.129458518978953	2.10667615436102	0.0351456605468419	0.101986509240942	CM076441.1	1146184	1146583	-	NA	B9J08_04299
B9J08_03403	575.514350981439	0.260785127437718	0.123794046923763	2.10660475134414	0.0351518545511116	0.101986509240942	CM076440.1	833603	833918	-	NA	B9J08_03403
B9J08_04933	45.9476135635063	0.807809457325213	0.383787646390159	2.10483444405606	0.0353057217681258	0.102325497751668	CM076443.1	233213	233867	-	NA	B9J08_04933
B9J08_00682	6701.00438993292	-0.151560053234911	0.0720030839495822	-2.10491058051119	0.0352990925180014	0.102325497751668	CM076438.1	1443037	1446685	+	NA	B9J08_00682
B9J08_02112	503.990122435185	0.326874850596986	0.155482007237152	2.10233233031532	0.0355241743899586	0.102904670782653	CM076439.1	328437	328641	+	NA	B9J08_02112
B9J08_03881	889.700056540737	-0.22167707552324	0.105482901873892	-2.1015450995865	0.0355931433766619	0.103050447062761	CM076441.1	226703	228173	-	NA	B9J08_03881
B9J08_05579	1926.06366247548	0.176133684381411	0.0838221398073856	2.10127878846982	0.0356165006356932	0.103064083253129	CM076444.1	741274	742477	-	NA	B9J08_05579
B9J08_01198	289.979467294876	-0.347299556931414	0.165498644571942	-2.09850393536271	0.035860652631675	0.103716288380569	CM076438.1	2479403	2479733	+	NA	B9J08_01198
B9J08_01418	5688.24856941129	0.147210754700048	0.0701818041527778	2.09756298626332	0.0359437676671319	0.103902303293012	CM076438.1	2944892	2945864	-	NA	B9J08_01418
B9J08_05201	1270.1596936002	0.215736537152416	0.102866390749606	2.09724999176413	0.0359714511870424	0.10392797214364	CM076443.1	839427	840987	+	NA	B9J08_05201
B9J08_03418	1512.6640472831	0.187421558247494	0.0893961020251095	2.09652942356314	0.0360352526146641	0.104057910763453	CM076440.1	865287	868584	+	NA	B9J08_03418
B9J08_03660	3563.57229061619	0.159844636792226	0.0762842936355867	2.09538070255734	0.036137163570936	0.104297703945986	CM076440.1	1388335	1392358	+	NA	B9J08_03660
B9J08_04577	9973.5105870354	0.138100753786703	0.0659413103098646	2.09429799222603	0.0362334430892189	0.104521002063733	CM076442.1	364118	365603	+	NA	B9J08_04577
B9J08_02526	94.344125550181	-0.573131090441183	0.273783573982343	-2.09337281307514	0.0363158873812174	0.104704178172138	CM076439.1	1217508	1219545	+	NA	B9J08_02526
B9J08_04648	860.718508383865	0.229535038066691	0.109740699849407	2.09161266860584	0.0364731783379348	0.105098328408858	CM076442.1	521324	522137	-	NA	B9J08_04648
B9J08_01601	1513.9193110815	-0.187654962895767	0.0897261950163144	-2.09141781685545	0.0364906264187803	0.105098328408858	CM076438.1	3343201	3343984	-	NA	B9J08_01601
B9J08_00579	610.421122778302	-0.263256897010085	0.125898766865545	-2.09102045686622	0.0365262302259131	0.105146080447199	CM076438.1	1249707	1250439	-	NA	B9J08_00579
B9J08_04798	61.2161100297986	-0.742251471500346	0.355609181207145	-2.0872674574394	0.0368639647082179	0.106063057231817	CM076442.1	852593	853196	-	NA	B9J08_04798
B9J08_02170	293.954090755476	-0.337318296473436	0.161634792022963	-2.08691638880269	0.0368956931681363	0.106099113496508	CM076439.1	456898	457483	-	NA	B9J08_02170
B9J08_01085	7163.90984033762	-0.143876135440992	0.068998308694106	-2.08521249526341	0.0370500161750196	0.106487487987173	CM076438.1	2234580	2237640	+	NA	B9J08_01085
B9J08_02946	198.556093933541	-0.399361112977255	0.191582247689081	-2.08454132778199	0.0371109550643413	0.106607197838157	CM076439.1	2155507	2157197	-	NA	B9J08_02946
B9J08_01571	1393.874736969	-0.209480936183336	0.100532767855089	-2.08370803522775	0.0371867328880129	0.106769388401064	CM076438.1	3275376	3277659	+	NA	B9J08_01571
B9J08_05581	1104.42392735677	0.203319823836282	0.0976044715576331	2.08309947886175	0.0372421568834536	0.106873001606879	CM076444.1	746447	747703	-	NA	B9J08_05581
B9J08_00101	3322.22295818647	0.175263406468536	0.0841843920160273	2.0818990583809	0.0373516908196569	0.107131704805523	CM076438.1	224821	226315	+	NA	B9J08_00101
B9J08_04627	3210.24291194933	0.156523906081721	0.0752039470165761	2.08132567891976	0.0374041062698946	0.107226398005035	CM076442.1	479819	480320	+	NA	B9J08_04627
B9J08_01881	4867.28550311445	0.171929372309694	0.0826478266084833	2.08026489461305	0.0375012428583337	0.107449128708144	CM076438.1	3971515	3972041	-	NA	B9J08_01881
B9J08_01656	2006.10195915964	-0.203174049997386	0.0976955541644601	-2.07966525943815	0.0375562466853432	0.107550971725333	CM076438.1	3467694	3469452	+	NA	B9J08_01656
B9J08_01329	1221.36325374619	0.208591138323245	0.100320347238696	2.0792505614732	0.0375943265833096	0.107604268786097	CM076438.1	2770503	2772477	-	NA	B9J08_01329
B9J08_05077	641.525396862063	-0.262055927088277	0.126133305441138	-2.07761087503228	0.0377452137326358	0.107980225828301	CM076443.1	563282	564290	+	NA	B9J08_05077
B9J08_05535	2287.48074338192	-0.177548115248551	0.0855028963272749	-2.07651580092631	0.0378462712743552	0.108213316778769	CM076444.1	653581	654247	+	NA	B9J08_05535
B9J08_04446	2161.27518359813	0.167767330745923	0.0808353502991541	2.07542034673014	0.0379475940721636	0.108446924734668	CM076442.1	46626	49158	-	NA	B9J08_04446
B9J08_05310	712.47847572424	-0.239248153298587	0.11533056467225	-2.07445575228466	0.0380370040755033	0.108480767939405	CM076444.1	155471	157079	+	NA	B9J08_05310
B9J08_03233	5486.21917352773	0.148501796840144	0.0715935563590727	2.07423411256934	0.0380575735542802	0.108480767939405	CM076440.1	466775	469400	-	NA	B9J08_03233
B9J08_02755	161.240877065971	-0.437060034029662	0.210693781465171	-2.07438506723042	0.0380435630402892	0.108480767939405	CM076439.1	1723391	1725167	-	NA	B9J08_02755
B9J08_01413	549.979415919793	-0.261463306018226	0.126012165660436	-2.07490526528041	0.0379953156371154	0.108480767939405	CM076438.1	2939252	2939735	-	NA	B9J08_01413
B9J08_01135	4132.61158021483	-0.149641086256932	0.072131509962049	-2.07455918135726	0.0380274084806589	0.108480767939405	CM076438.1	2343354	2344098	-	NA	B9J08_01135
B9J08_05014	351.32370924223	0.336427959121338	0.162545387612831	2.06974780436514	0.0384759675488655	0.10961684156834	CM076443.1	412871	414110	-	NA	B9J08_05014
B9J08_04901	8342.2794988085	0.138376669364776	0.0669068464634806	2.06819894643078	0.0386213193012173	0.109917627074062	CM076443.1	145467	147771	-	NA	B9J08_04901
B9J08_02659	18931.8818228126	-0.150771912874356	0.0728974345812516	-2.06827460719904	0.0386142081315609	0.109917627074062	CM076439.1	1502228	1504331	-	NA	B9J08_02659
B9J08_05131	470.153966722537	0.27273005970026	0.131890576149078	2.06785099939201	0.0386540363169163	0.109954121834069	CM076443.1	674041	674755	-	NA	B9J08_05131
B9J08_04566	3766.91292931338	0.181952648387202	0.0880193928224282	2.06718817924905	0.0387164256150864	0.110074940521905	CM076442.1	338784	340067	-	NA	B9J08_04566
B9J08_02606	3807.59536848756	-0.15358582366047	0.0743265883344816	-2.06636450161426	0.0387940751649511	0.110238999196239	CM076439.1	1382610	1383264	-	NA	B9J08_02606
B9J08_00135	68.1571820711379	-0.676479610639467	0.327923282504955	-2.0629203436607	0.0391201969290773	0.111102854828284	CM076438.1	284050	286495	+	NA	B9J08_00135
B9J08_00044	5906.93536154937	-0.15887531357234	0.0770218617549463	-2.06273011262464	0.0391382772481761	0.111102854828284	CM076438.1	105178	105769	+	NA	B9J08_00044
B9J08_03570	918.402455609175	-0.224425078727899	0.108859541917481	-2.06160226999688	0.0392456177484496	0.111350374381767	CM076440.1	1204119	1205400	+	NA	B9J08_03570
B9J08_00429	889.976224135653	-0.214941642668444	0.10428558768988	-2.06108674678641	0.0392947649751504	0.111432614683251	CM076438.1	908297	909707	+	NA	B9J08_00429
B9J08_03761	1506.95050500485	-0.185043251993796	0.0897921267315477	-2.06079595983979	0.0393225100928155	0.111454109375893	CM076440.1	1635590	1637576	+	NA	B9J08_03761
B9J08_01816	6171.26228122855	0.144828835990844	0.0703394094957612	2.05899988397786	0.0394942496018192	0.111883504638265	CM076438.1	3836803	3837673	+	NA	B9J08_01816
B9J08_01590	2969.36026940432	0.186680058128435	0.0906921945826259	2.05839167292791	0.0395525504409464	0.111991263466757	CM076438.1	3316726	3317953	-	NA	B9J08_01590
B9J08_05455	1426.71507167238	0.190549674696055	0.092601743473133	2.05773312196157	0.0396157590307012	0.112068260039328	CM076444.1	465035	466772	+	NA	B9J08_05455
B9J08_00090	193.198210360603	-0.408996818903332	0.198765430154285	-2.05768587920879	0.0396202967463085	0.112068260039328	CM076438.1	202765	204386	-	NA	B9J08_00090
B9J08_00414	2775.48865659574	0.157684613493132	0.0766443190508924	2.05735552805196	0.0396520396482487	0.112100676795842	CM076438.1	880529	881219	-	NA	B9J08_00414
B9J08_02912	908.073968790867	-0.213477293436402	0.103773970076492	-2.05713719229444	0.039673031018453	0.112102680183533	CM076439.1	2069836	2071450	-	NA	B9J08_02912
B9J08_03004	3408.43680650324	0.154639996027676	0.0751891538898484	2.0566795611801	0.0397170594709588	0.112169743329581	CM076439.1	2285152	2285677	-	NA	B9J08_03004
B9J08_00768	1428.33334685159	0.199809640010619	0.097218603581691	2.05526136613064	0.0398537667368239	0.112498349721361	CM076438.1	1635104	1635530	-	NA	B9J08_00768
B9J08_01902	3706.59061732245	0.151793425497531	0.0739383778875908	2.05297208072787	0.0400752853437832	0.11295058750387	CM076438.1	4023831	4025370	-	NA	B9J08_01902
B9J08_01462	2179.96850925378	0.167334528816906	0.0815063675189605	2.05302400181163	0.0400702497416186	0.11295058750387	CM076438.1	3045092	3047558	+	NA	B9J08_01462
B9J08_01443	1646.68739508621	0.242033131388389	0.117872817521818	2.05334135958521	0.0400394822439767	0.11295058750387	CM076438.1	2998130	2999081	-	NA	B9J08_01443
B9J08_02337	3797.52130973735	0.152165135582276	0.0741311340544741	2.05264815550319	0.0401067135781338	0.112981552470105	CM076439.1	770502	772111	-	NA	B9J08_02337
B9J08_04765	823.298420109169	-0.221456455923886	0.107923110813461	-2.05198362292077	0.0401712540412233	0.113105716294366	CM076442.1	781460	784196	-	NA	B9J08_04765
B9J08_04498	176.780876171933	-0.414350424147444	0.202036609881717	-2.05086803025465	0.0402798002461868	0.113353592648001	CM076442.1	167567	169103	+	NA	B9J08_04498
B9J08_01180	400.734132396699	0.302238159133794	0.147400250251565	2.0504589281088	0.0403196678152317	0.113408042755616	CM076438.1	2448386	2450234	-	NA	B9J08_01180
B9J08_05204	61.8748738825533	-0.69268619320847	0.337862701786227	-2.05020024272092	0.0403448943285338	0.113421277189118	CM076443.1	845730	846768	-	NA	B9J08_05204
B9J08_00832	335.528507737174	-0.343009936375828	0.167475812510109	-2.04811626965609	0.0405486080994455	0.113936022860008	CM076438.1	1757549	1759076	-	NA	B9J08_00832
B9J08_04132	4314.73368835698	-0.159252536954694	0.0777662101466753	-2.04783718602626	0.0405759553447661	0.113954931499249	CM076441.1	761246	765122	+	NA	B9J08_04132
B9J08_02580	1427.6515046962	0.186185074310708	0.0909284116130128	2.04760064547375	0.0405991460587316	0.113962153512752	CM076439.1	1340138	1341047	-	NA	B9J08_02580
B9J08_03513	2172.33854529352	-0.17530899918431	0.0856854861568494	-2.04595908884034	0.0407603959579228	0.114331826010885	CM076440.1	1059177	1059636	-	NA	B9J08_03513
B9J08_00865	497.770470586348	0.263613613991439	0.128853548655153	2.04583899118635	0.0407722144142309	0.114331826010885	CM076438.1	1817668	1819339	+	NA	B9J08_00865
B9J08_05296	1034.45546190241	-0.209567223265416	0.102467011718091	-2.04521650189215	0.0408335183010812	0.114343251445399	CM076444.1	119980	121081	-	NA	B9J08_05296
B9J08_05159	1069.6931849681	-0.213736730737969	0.104501958519172	-2.04528923444777	0.0408263514377142	0.114343251445399	CM076443.1	747406	749884	-	NA	B9J08_05159
B9J08_04791	141.172248267394	-0.473327790140242	0.231437182443081	-2.04516744087416	0.0408383532392287	0.114343251445399	CM076442.1	841473	842445	+	NA	B9J08_04791
B9J08_04417	5017.8846341904	-0.156719213006706	0.0766599049089573	-2.04434395258941	0.0409195800302094	0.11451266776049	CM076441.1	1402983	1403907	-	NA	B9J08_04417
B9J08_04709	7292.3064568291	0.147762288655028	0.0722882149610892	2.04407161989771	0.0409464723401687	0.114529935538518	CM076442.1	643228	645913	+	NA	B9J08_04709
B9J08_01073	1157.63655543073	-0.200443356021263	0.0981482118570469	-2.04225173570365	0.0411265669662176	0.114975485898981	CM076438.1	2209624	2214227	-	NA	B9J08_01073
B9J08_05489	130.029798983044	-0.479494599389321	0.235128388728354	-2.03928841592703	0.0414212510909743	0.115633574124793	CM076444.1	551757	552768	-	NA	B9J08_05489
B9J08_02904	5576.96453516686	0.14562962735377	0.0714093503683104	2.03936356517251	0.0414137559160046	0.115633574124793	CM076439.1	2057854	2060458	+	NA	B9J08_02904
B9J08_02678	1948.1319745963	-0.190510321005386	0.0934215958669781	-2.0392535498607	0.0414247289247495	0.115633574124793	CM076439.1	1546038	1548315	-	NA	B9J08_02678
B9J08_00266	2184.00577676502	0.186616890375016	0.0915909451109127	2.03750370900782	0.0415995906382498	0.116063067873602	CM076438.1	572983	575524	-	NA	B9J08_00266
B9J08_03641	1122.1085277147	0.204983378146198	0.100652655793034	2.03654217100533	0.0416959429731452	0.116273197180915	CM076440.1	1360431	1363428	+	NA	B9J08_03641
B9J08_03109	636.796138304678	-0.241150860115596	0.118481615055159	-2.03534413337739	0.0418162583893903	0.116549904245164	CM076440.1	192139	193540	+	NA	B9J08_03109
B9J08_00242	4146.97163586343	0.148038772184428	0.0728080193285036	2.03327564119674	0.0420246827202437	0.117071784977211	CM076438.1	526339	527302	-	NA	B9J08_00242
B9J08_02798	972.684723731064	-0.214059611317647	0.105291808462883	-2.03301296124197	0.0420512135427544	0.11708667871577	CM076439.1	1817849	1818537	+	NA	B9J08_02798
B9J08_02924	6102.19921213372	0.149885142911489	0.0737479183502046	2.03239828681989	0.0421133513957518	0.117200651140141	CM076439.1	2099587	2102998	-	NA	B9J08_02924
B9J08_00662	768.425557991111	0.244462835479633	0.120312490657079	2.03189905008629	0.0421638767348014	0.117282207706717	CM076438.1	1408971	1409721	+	NA	B9J08_00662
B9J08_00311	3515.24285088881	0.151204003381552	0.0744975882258302	2.02964964346491	0.0423921649240683	0.117857895138494	CM076438.1	663425	664832	-	NA	B9J08_00311
B9J08_00235	14795.4266256999	0.129058860662523	0.0636142757532556	2.0287719876449	0.0424815197268554	0.118046937923745	CM076438.1	507520	510799	-	NA	B9J08_00235
B9J08_03617	410.464824988764	-0.290578686972696	0.143294585231019	-2.02784136263227	0.0425764413178199	0.118251251841	CM076440.1	1298298	1300710	-	NA	B9J08_03617
B9J08_03628	693.959233296987	0.23092100431936	0.113899233162138	2.02741491675048	0.0426199976984034	0.118312771109531	CM076440.1	1335637	1337560	-	NA	B9J08_03628
B9J08_00775	864.695133006175	-0.217440593477634	0.107285261339013	-2.02675177152748	0.0426878049583253	0.118441515062582	CM076438.1	1643803	1645396	-	NA	B9J08_00775
B9J08_00749	292.988337444679	-0.33808528778589	0.166836587986335	-2.02644570874094	0.0427191309356056	0.118468959699494	CM076438.1	1597496	1598627	-	NA	B9J08_00749
B9J08_04892	3693.0744939462	0.147339101575328	0.0727272245903568	2.02591398757796	0.0427735995970867	0.118560524058725	CM076443.1	119597	124934	+	NA	B9J08_04892
B9J08_03060	596.3234480517	-0.248253555102899	0.122555432193174	-2.02564301443282	0.042801380229714	0.118578059413348	CM076440.1	97452	99138	+	NA	B9J08_03060
B9J08_03677	6484.43277769512	0.146399841196835	0.0722808797328023	2.02542970890815	0.0428232594076007	0.118579235844594	CM076440.1	1433265	1436364	-	NA	B9J08_03677
B9J08_05113	1707.23888118339	0.183213246388814	0.0904670936934247	2.02519213239775	0.0428476392391011	0.118587332035309	CM076443.1	642539	643385	+	NA	B9J08_05113
B9J08_04529	1288.09073971753	0.189680535787546	0.0938495113878912	2.02111372752463	0.0432679936246259	0.119690791172827	CM076442.1	252554	252821	-	NA	B9J08_04529
B9J08_05425	154.887315706619	-0.434685207910998	0.215206890162413	-2.0198480057165	0.0433991558901315	0.119993564084421	CM076444.1	394655	395279	-	NA	B9J08_05425
B9J08_05497	441.061422094551	-0.279484866599651	0.138397250804058	-2.01943943955464	0.0434415658038781	0.120050767099017	CM076444.1	571488	574611	+	NA	B9J08_05497
B9J08_01953	188.953128910266	-0.396915727226288	0.196779452899677	-2.01705880048689	0.0436893774247709	0.120675256884912	CM076438.1	4126169	4127303	+	NA	B9J08_01953
B9J08_05404	2180.79408304416	-0.18631055834545	0.092411059082321	-2.01610673219839	0.0437888162367738	0.120832770382558	CM076444.1	355117	355759	+	NA	B9J08_05404
B9J08_02830	2309.23515915498	0.176837458613205	0.087716403041531	2.01601356737665	0.043798557098493	0.120832770382558	CM076439.1	1881388	1883950	+	NA	B9J08_02830
B9J08_00688	2113.53545353061	0.167418599016843	0.0830496727499647	2.01588511397131	0.0438119905638946	0.120832770382558	CM076438.1	1455015	1456809	-	NA	B9J08_00688
B9J08_04671	1393.06964077464	0.194962042702008	0.0967549602336258	2.0150082458951	0.0439037850875309	0.121025546223832	CM076442.1	569013	569505	+	NA	B9J08_04671
B9J08_02590	79364.6705705195	0.124117145308324	0.0616128646048794	2.01446801904572	0.0439604192826103	0.121121254922726	CM076439.1	1357636	1358089	-	NA	B9J08_02590
B9J08_02605	573.564268516321	0.266714086856426	0.132465709357761	2.01345758196251	0.0440665131207897	0.121353073252917	CM076439.1	1381715	1382567	+	NA	B9J08_02605
B9J08_03854	437.838618273932	-0.282363809669699	0.140380074700824	-2.01142370291132	0.0442807217867848	0.121882245675079	CM076441.1	174652	175285	-	NA	B9J08_03854
B9J08_03556	2395.97272232759	-0.175602229246941	0.0873777993548115	-2.00968930945354	0.0444640821355502	0.122326023874159	CM076440.1	1166628	1167339	-	NA	B9J08_03556
B9J08_02542	1951.00659761995	0.191916468389263	0.0955879902069562	2.0077466632968	0.0446702192334408	0.122831990897128	CM076439.1	1250988	1252344	+	NA	B9J08_02542
B9J08_04646	881.318622822978	-0.210340235271451	0.104803112279825	-2.00700371101425	0.0447492678423585	0.122988166765149	CM076442.1	516969	518220	+	NA	B9J08_04646
B9J08_01093	243.482802210048	-0.354434823128203	0.176731592120485	-2.00549782229411	0.0449098533210719	0.123368170629008	CM076438.1	2256670	2258548	-	NA	B9J08_01093
B9J08_02475	58734.2547881234	0.14790153536171	0.0737563746110689	2.00527122084867	0.0449340597399652	0.123373347333725	CM076439.1	1130139	1131996	+	NA	B9J08_02475
B9J08_01268	332.70528010888	0.309176751847084	0.154376915657937	2.00273953219889	0.0452052532127393	0.124056322992458	CM076438.1	2625656	2627732	-	NA	B9J08_01268
B9J08_03425	790.427249437055	-0.219054062673502	0.109409192264874	-2.00215409819665	0.0452681607208762	0.124167307347039	CM076440.1	880022	882803	+	NA	B9J08_03425
B9J08_05357	2926.26372799668	0.157200651469426	0.0785361035333259	2.00163548224314	0.0453239499564988	0.124258666373794	CM076444.1	256964	259874	+	NA	B9J08_05357
B9J08_00603	1420.97318502503	-0.183195848524777	0.0915393227398976	-2.00128035735325	0.0453621853374893	0.124301833594598	CM076438.1	1293226	1294132	+	NA	B9J08_00603
B9J08_05543	971.99786024936	0.266679879884972	0.133347195328122	1.99989118052888	0.0455120157119577	0.124650600019817	CM076444.1	674850	675354	-	NA	B9J08_05543
B9J08_04261	2441.03349790316	0.157173759968713	0.0786557789792627	1.99824808816847	0.0456897704304269	0.125013545133153	CM076441.1	1044587	1045979	+	NA	B9J08_04261
B9J08_01296	5025.27139776749	0.171088540511795	0.085617663843797	1.99828555032678	0.0456857111536712	0.125013545133153	CM076438.1	2690799	2691465	+	NA	B9J08_01296
B9J08_04092	696.155264484444	-0.235469242207464	0.118030379530405	-1.99498843555617	0.0460441411642359	0.125920815544152	CM076441.1	657534	658608	-	NA	B9J08_04092
B9J08_03488	950.033194705231	0.207722690313807	0.104246724031542	1.99260640795731	0.046304562959896	0.126570385499182	CM076440.1	1009377	1010007	-	NA	B9J08_03488
B9J08_05405	670.499079435608	0.231050291469294	0.116061668502579	1.99075452257658	0.0465078813261628	0.127063302071034	CM076444.1	355857	356712	-	NA	B9J08_05405
B9J08_04379	4492.66751375744	-0.147560854790479	0.0742257144521095	-1.98800181149735	0.0468114896272824	0.12776647070123	CM076441.1	1314218	1316105	+	NA	B9J08_04379
B9J08_03626	2242.60111886789	0.162123381393154	0.0815443985924078	1.98816085705056	0.0467939025284214	0.12776647070123	CM076440.1	1330209	1333956	-	NA	B9J08_03626
B9J08_01387	86.3553646314488	0.562512819496628	0.28310229906305	1.98695955970089	0.0469268784951105	0.128018192222347	CM076438.1	2887157	2887499	-	NA	B9J08_01387
B9J08_00697	2835.19888802111	-0.15158090135057	0.0762968567635613	-1.98672537481208	0.0469528382665057	0.128025819979762	CM076438.1	1475508	1478630	-	NA	B9J08_00697
B9J08_04554	6232.46562135096	0.136500496580156	0.0687392712291778	1.98577165773348	0.0470586841639814	0.128251157482409	CM076442.1	314518	315439	-	NA	B9J08_04554
B9J08_05290	4410.22757649209	-0.174990145848339	0.0881672890937079	-1.98475134766084	0.0471721428772234	0.128433711173603	CM076444.1	108265	110041	+	NA	B9J08_05290
B9J08_01756	82.5139931746003	-0.575211875385311	0.289791124754124	-1.98491888208569	0.0471534972382069	0.128433711173603	CM076438.1	3693531	3694228	-	NA	B9J08_01756
B9J08_05286	21192.6411044008	-0.130154768200657	0.0656516604323267	-1.98250535239424	0.0474227089317547	0.129052344788679	CM076444.1	97154	97700	+	NA	B9J08_05286
B9J08_03921	3822.23948123498	-0.1453123906036	0.073380664826481	-1.98025448457317	0.0476749404006813	0.129674899406775	CM076441.1	314230	315157	+	NA	B9J08_03921
B9J08_03579	11021.4342313457	0.167592237600503	0.0847276417722968	1.97801135609206	0.0479274255707353	0.130297531298305	CM076440.1	1219668	1220187	-	NA	B9J08_03579
B9J08_00693	7051.06738202223	0.168488893665089	0.0852215045467498	1.97707016041545	0.0480337001476152	0.130522252072699	CM076438.1	1468051	1469539	+	NA	B9J08_00693
B9J08_04874	989.566827373441	-0.204329064503835	0.103458981634744	-1.97497656825201	0.0482708071717287	0.13103769707178	CM076443.1	66676	68737	+	NA	B9J08_04874
B9J08_04398	25.6525727134731	-1.05704756014936	0.535182128735904	-1.97511744767355	0.0482548212624195	0.13103769707178	CM076441.1	1357472	1358909	-	NA	B9J08_04398
B9J08_01155	18854.4283271756	0.130238414045989	0.0659542708706251	1.97467748982417	0.0483047590304177	0.131065490015277	CM076438.1	2393594	2396111	-	NA	B9J08_01155
B9J08_00008	50.4217744515658	-0.794583305665645	0.402521287987792	-1.9740156095539	0.0483799680548925	0.131205143984	CM076438.1	22526	23969	+	NA	B9J08_00008
B9J08_02274	454.869501576159	0.270503624702792	0.137176544633418	1.97193788067536	0.0486166982889991	0.131782487220843	CM076439.1	641431	642939	-	NA	B9J08_02274
B9J08_00953	4469.21141248057	-0.147631358508133	0.0750356124655066	-1.9674838874141	0.0491274516832069	0.133101679143669	CM076438.1	1976728	1978280	-	NA	B9J08_00953
B9J08_04366	844.787155131332	-0.21078795790778	0.107174685628685	-1.96677001356524	0.0492097310816021	0.133259276672227	CM076441.1	1289351	1290935	+	NA	B9J08_04366
B9J08_01497	212.926421858397	-0.365327898828539	0.186008981188455	-1.96403365307617	0.0495261893517638	0.134050562461899	CM076438.1	3131662	3134773	-	NA	B9J08_01497
B9J08_00570	1290.94084090139	-0.182707117293227	0.0930537640459407	-1.96345756849798	0.0495930302245828	0.134165774866015	CM076438.1	1235811	1238013	+	NA	B9J08_00570
B9J08_04582	1633.6358205338	0.187856176440879	0.0957346425669639	1.9622591300686	0.0497323228651551	0.134464380726709	CM076442.1	374026	375160	+	NA	B9J08_04582
B9J08_02417	4121.92300626328	-0.145763588153613	0.0742899788696691	-1.96208950886005	0.0497520641552596	0.134464380726709	CM076439.1	974179	974776	+	NA	B9J08_02417
B9J08_01318	1395.95720312555	-0.184024147994435	0.0938249440189761	-1.96135633139538	0.0498374703027946	0.134629373589221	CM076438.1	2744279	2745350	+	NA	B9J08_01318
B9J08_02885	2485.52339662287	0.158836144325364	0.0810138986123604	1.96060363772113	0.0499252777048124	0.134800688751587	CM076439.1	2004056	2005853	+	NA	B9J08_02885
B9J08_05101	1272.15363083141	-0.199744936094372	0.101964807107084	-1.95895958381601	0.0501175201576145	0.135208582580741	CM076443.1	617745	619488	+	NA	B9J08_05101
B9J08_00685	15646.5126455386	0.124065163041368	0.0633343109370484	1.95889338978809	0.0501252733323573	0.135208582580741	CM076438.1	1449058	1452220	-	NA	B9J08_00685
B9J08_04456	2061.04221120912	0.164298388915411	0.0839375907820726	1.95738747543969	0.0503019298857738	0.135552787166588	CM076442.1	73959	74874	-	NA	B9J08_04456
B9J08_00128	71.5592586007919	0.653822936929379	0.334001815994929	1.95754306000332	0.0502836543574583	0.135552787166588	CM076438.1	270766	274249	-	NA	B9J08_00128
B9J08_00956	1396.6212234088	-0.183958769180913	0.0940457989708062	-1.95605514753528	0.0504586580248954	0.13590887081072	CM076438.1	1979985	1981377	+	NA	B9J08_00956
B9J08_04372	704.445614916249	-0.227111748703689	0.116191884942492	-1.95462659734022	0.0506271596312595	0.1362963035957	CM076441.1	1301011	1302463	+	NA	B9J08_04372
B9J08_00576	408.569051840704	0.28908686331698	0.14806294902373	1.95245917512184	0.0508837133614371	0.136920293938005	CM076438.1	1246954	1247950	+	NA	B9J08_00576
B9J08_02482	1843.82981905374	-0.164116851186815	0.0840802705890733	-1.9519067914149	0.0509492718309698	0.137029988033951	CM076439.1	1144199	1146806	+	NA	B9J08_02482
B9J08_05590	4383.66855386489	0.138698655841395	0.0711125975615157	1.95040907796139	0.051127380724813	0.137442136802549	CM076444.1	761890	762925	-	NA	B9J08_05590
B9J08_02731	5579.05099291504	0.135588759035754	0.0695920574919094	1.94833669131736	0.0513746895888081	0.138039819813973	CM076439.1	1661197	1668031	+	NA	B9J08_02731
B9J08_04746	4890.67020836729	0.199176879152536	0.102285468153586	1.94726467745608	0.0515030111486522	0.138293246567747	CM076442.1	732955	733822	-	NA	B9J08_04746
B9J08_02774	29213.003397267	0.120554176114839	0.0619137522135621	1.94713083611871	0.0515190509648979	0.138293246567747	CM076439.1	1766635	1767091	-	NA	B9J08_02774
B9J08_02753	543.834212773442	-0.250247981083501	0.128564400290901	-1.94647958935185	0.051597157369375	0.13837407847911	CM076439.1	1720010	1720460	-	NA	B9J08_02753
B9J08_01529	566.467396860537	-0.257045802951355	0.132057942609682	-1.94646227157343	0.0515992357057076	0.13837407847911	CM076438.1	3194816	3195308	-	NA	B9J08_01529
B9J08_02989	4166.85380148913	-0.148106533387188	0.0761456488326184	-1.94504263418587	0.051769847255619	0.138764280204562	CM076439.1	2255871	2256207	-	NA	B9J08_02989
B9J08_05005	1479.82164741156	-0.185106226096774	0.0951813574290409	-1.94477396726321	0.0518021886158395	0.138783662859789	CM076443.1	391263	392124	-	NA	B9J08_05005
B9J08_01284	3693.86002262503	-0.156055418462062	0.0802662727777293	-1.94422156481845	0.0518687383632186	0.138894630297243	CM076438.1	2662004	2664092	+	NA	B9J08_01284
B9J08_01408	4568.21160870296	-0.151578885452236	0.0779993044455531	-1.94333637369862	0.051975529397433	0.139113196600296	CM076438.1	2924798	2926121	+	NA	B9J08_01408
B9J08_02045	3.52371087539701	-3.58321255933023	1.84565374220814	-1.94143271697501	0.0522058131169769	0.13966192115079	CM076439.1	184078	185171	-	NA	B9J08_02045
B9J08_00784	1791.94804196127	0.170119991066764	0.0876507462418854	1.94088468565108	0.0522722659604836	0.139772043523751	CM076438.1	1659780	1661499	+	NA	B9J08_00784
B9J08_02416	533.437318221634	-0.278041419751363	0.143286097807381	-1.94046333877508	0.0523234054651975	0.139841132498137	CM076439.1	972638	973877	+	NA	B9J08_02416
B9J08_04100	8622.8579147541	0.127017406625769	0.0655522764905168	1.9376505809702	0.0526658669905391	0.140620409109521	CM076441.1	684456	686790	-	NA	B9J08_04100
B9J08_00472	442.177750950304	-0.272471947727852	0.140619043588733	-1.93766036785706	0.0526646721679749	0.140620409109521	CM076438.1	993508	995101	-	NA	B9J08_00472
B9J08_03441	247.310127696435	0.339339739195174	0.175221030543238	1.93663818859596	0.0527895863879777	0.140882686608572	CM076440.1	908387	908885	+	NA	B9J08_03441
B9J08_04907	2493.79295925444	-0.167223162380328	0.0863652415521818	-1.93623220840865	0.0528392673790186	0.140947215638917	CM076443.1	168862	169612	-	NA	B9J08_04907
B9J08_00170	441.748387648111	-0.267771875951911	0.138340691645666	-1.93559734859328	0.0529170353677037	0.141086567524022	CM076438.1	364469	366500	+	NA	B9J08_00170
B9J08_02869	380.060652136212	-0.299941246304882	0.155145303797482	-1.93329246173258	0.0532001799273519	0.141773092795793	CM076439.1	1963563	1964124	-	NA	B9J08_02869
B9J08_03001	187.955922412316	-0.380121753870628	0.196661631095439	-1.93287196772082	0.0532519719161868	0.141774397293239	CM076439.1	2279075	2280034	+	NA	B9J08_03001
B9J08_02778	1263.99651779892	0.180202447794555	0.0932278547126121	1.93292496486221	0.0532454419720836	0.141774397293239	CM076439.1	1772823	1773819	+	NA	B9J08_02778
B9J08_03666	9133.66389169214	0.126386410661364	0.065444209227599	1.93120846218529	0.0534572779449965	0.142252467598457	CM076440.1	1411477	1413235	+	NA	B9J08_03666
B9J08_00939	410.813841223923	0.271519011620369	0.140613160544216	1.93096443156179	0.0534874511700966	0.142264264974554	CM076438.1	1952687	1953668	-	NA	B9J08_00939
B9J08_02813	1799.26597931768	0.175678183378373	0.091048555446446	1.9294999521624	0.0536688260108496	0.142678018933125	CM076439.1	1851311	1852149	+	NA	B9J08_02813
B9J08_03906	9156.9834439055	0.126292670789038	0.0654725017049008	1.92894218947471	0.0537380394667846	0.142679890603404	CM076441.1	276389	277682	+	NA	B9J08_03906
B9J08_03783	610.729594014197	-0.239160271912361	0.123989820059176	-1.92887022336365	0.0537469752553442	0.142679890603404	CM076441.1	16691	18002	-	NA	B9J08_03783
B9J08_00062	4684.42973960024	-0.138431086568192	0.0717609552985279	-1.92905858056535	0.0537235902039598	0.142679890603404	CM076438.1	147723	148743	+	NA	B9J08_00062
B9J08_04479	1979.170695603	0.16054802854469	0.083270706955787	1.9280252854096	0.0538519811570221	0.142890014332627	CM076442.1	120489	122826	+	NA	B9J08_04479
B9J08_01248	409.449830712265	0.279330977569164	0.144944851309518	1.92715350042116	0.0539605029619772	0.143109260974495	CM076438.1	2575034	2575910	+	NA	B9J08_01248
B9J08_00035	2040.60099764458	0.190047768640138	0.0986436988345189	1.92660829719043	0.0540284638461859	0.143220776823918	CM076438.1	78843	79560	-	NA	B9J08_00035
B9J08_03413	3412.02298267072	-0.160438103820968	0.0833076237639118	-1.92585139957466	0.0541229313586534	0.143333704657057	CM076440.1	854124	855822	-	NA	B9J08_03413
B9J08_02672	5514.5483770129	-0.140982297811541	0.0731984999125239	-1.92602714509207	0.0541009844863958	0.143333704657057	CM076439.1	1531926	1535550	-	NA	B9J08_02672
B9J08_04488	7525.47956653296	0.130311473222083	0.067728100069702	1.92403851707007	0.0543497556958641	0.143745718053231	CM076442.1	141933	143568	+	NA	B9J08_04488
B9J08_04371	1725.09517006952	-0.164807849399365	0.0856596573695392	-1.92398445733185	0.0543565317045873	0.143745718053231	CM076441.1	1297915	1298617	-	NA	B9J08_04371
B9J08_01124	2305.98638043181	0.159519944396532	0.0829033021104421	1.92416876452066	0.0543334329865738	0.143745718053231	CM076438.1	2319534	2320134	+	NA	B9J08_01124
B9J08_02562	31842.8499896394	-0.125907356995929	0.0654657074781486	-1.92325664605327	0.0544478263808365	0.143918286182154	CM076439.1	1295010	1295403	+	NA	B9J08_02562
B9J08_04138	3190.99064416825	0.165496769226712	0.0860879264035124	1.92241555977308	0.0545534892593584	0.143940466582411	CM076441.1	771985	773518	+	NA	B9J08_04138
B9J08_03932	3923.25592015112	0.152852028918236	0.0795233249382923	1.9221030941154	0.0545927868325468	0.143940466582411	CM076441.1	331369	334594	-	NA	B9J08_03932
B9J08_03711	7041.7758340853	0.130880631001379	0.0680897274228207	1.92217880663028	0.0545832626013797	0.143940466582411	CM076440.1	1512745	1514371	+	NA	B9J08_03711
B9J08_02627	2253.85010670293	0.154803492319687	0.0805451576373457	1.92194660561333	0.0546124766461579	0.143940466582411	CM076439.1	1426018	1426393	+	NA	B9J08_02627
B9J08_01055	1247.41254280442	0.185961619633517	0.0967161646035828	1.9227563499414	0.0545106563280762	0.143940466582411	CM076438.1	2165953	2168248	-	NA	B9J08_01055
B9J08_00118	2806.19305029324	0.148091469775841	0.0770331327029932	1.92243862581596	0.0545505892695736	0.143940466582411	CM076438.1	253582	255055	+	NA	B9J08_00118
B9J08_04320	3188.46164568001	0.14852595055572	0.0772933368986441	1.92158802446949	0.0546576166489058	0.143990775604625	CM076441.1	1206855	1207575	+	NA	B9J08_04320
B9J08_04740	671.253943772202	-0.224876538244108	0.117112465190407	-1.92017594265899	0.0548356792943834	0.144116404878772	CM076442.1	714171	715371	-	NA	B9J08_04740
B9J08_04346	1302.40428638167	-0.178783641880273	0.0930876044581955	-1.92059558220302	0.0547827125610729	0.144116404878772	CM076441.1	1253169	1256355	-	NA	B9J08_04346
B9J08_02308	214.137673210174	0.378411980642719	0.196996609930229	1.92090605405211	0.0547435523957425	0.144116404878772	CM076439.1	712287	713340	+	NA	B9J08_02308
B9J08_00677	4841.12794203069	0.144476135756843	0.0752374594614277	1.92026866392149	0.0548239723802782	0.144116404878772	CM076438.1	1431471	1432794	-	NA	B9J08_00677
B9J08_00168	314.303572141806	-0.30203799278632	0.15728701638587	-1.92029831658409	0.0548202288981503	0.144116404878772	CM076438.1	361951	362980	+	NA	B9J08_00168
B9J08_00299	856.627282638344	0.205825015953531	0.107287056941095	1.91845150591219	0.055053785504457	0.144620851940653	CM076438.1	639214	641197	-	NA	B9J08_00299
B9J08_03388	2461.34954022529	0.155243414883171	0.080939221899135	1.91802455275184	0.0551078979611039	0.144694228993359	CM076440.1	800163	807570	+	NA	B9J08_03388
B9J08_01501	593.145815533533	-0.236944763231448	0.123632222925115	-1.91652918329365	0.0552977722445091	0.145123830577114	CM076438.1	3140732	3142397	-	NA	B9J08_01501
B9J08_05381	4087.96284292668	0.138114153076204	0.0721047920681892	1.9154642724105	0.055433321277214	0.145410520502687	CM076444.1	312939	315180	-	NA	B9J08_05381
B9J08_02637	858.890833128884	0.205145873173695	0.107150508425672	1.91455809391702	0.0555488837324855	0.145644535289112	CM076439.1	1451380	1451830	+	NA	B9J08_02637
B9J08_04013	1154.25970360278	-0.183772239349804	0.0960246947731292	-1.91380185882381	0.0556454779150556	0.145711207728065	CM076441.1	510270	512784	-	NA	B9J08_04013
B9J08_03931	1174.31672767957	0.182743845499716	0.0955007209381031	1.91353367497778	0.055679766730898	0.145711207728065	CM076441.1	330254	331211	+	NA	B9J08_03931
B9J08_01675	1266.4752970665	-0.178992289006273	0.0935332216468009	-1.91367608059286	0.0556615571793747	0.145711207728065	CM076438.1	3513390	3514863	-	NA	B9J08_01675
B9J08_00584	929.390270649642	-0.202615047446969	0.105872411267396	-1.91376624959675	0.0556500297422606	0.145711207728065	CM076438.1	1257065	1258673	-	NA	B9J08_00584
B9J08_03166	4430.41263766576	0.139359880583491	0.072845094100639	1.91309905360214	0.055735372900803	0.145787698070392	CM076440.1	318974	321122	-	NA	B9J08_03166
B9J08_00815	555.363242104245	0.246512540671299	0.128938622224756	1.91185958417949	0.055894206788867	0.14613400232832	CM076438.1	1727235	1727937	-	NA	B9J08_00815
B9J08_02209	812.738262010034	-0.206976833456548	0.108273983811889	-1.91160264146317	0.0559271802785977	0.146151075839154	CM076439.1	526174	527659	+	NA	B9J08_02209
B9J08_00609	1855.04465151812	-0.172030961129286	0.0900680213609181	-1.91001155049169	0.0561317261485954	0.146616280918377	CM076438.1	1302971	1306217	+	NA	B9J08_00609
B9J08_04670	910.468387266312	0.206727498806748	0.108306341520368	1.90872940498938	0.0562970078245358	0.146909141759306	CM076442.1	566830	567691	-	NA	B9J08_04670
B9J08_03158	1682.55596319605	-0.169960528941255	0.0890371356827967	-1.90887237822605	0.0562785570622805	0.146909141759306	CM076440.1	305945	306668	+	NA	B9J08_03158
B9J08_03189	9880.8858044643	0.128987707216381	0.0676009337408833	1.9080758220115	0.0563814171533395	0.146994280978097	CM076440.1	369233	370889	+	NA	B9J08_03189
B9J08_01844	1382.21487229895	0.195513731250624	0.10246702230114	1.90806492527938	0.0563828253435074	0.146994280978097	CM076438.1	3891545	3891914	+	NA	B9J08_01844
B9J08_00541	1526.94933546704	-0.172534686397872	0.0904668162365974	-1.90715992421622	0.0564998813226218	0.147230006633725	CM076438.1	1175957	1177433	-	NA	B9J08_00541
B9J08_04196	2541.92972398899	0.151116932121907	0.0792921982767214	1.90582346568983	0.0566731133778813	0.147611827351343	CM076441.1	898739	900086	-	NA	B9J08_04196
B9J08_02816	1196.85873051604	0.193349103943776	0.101493057381205	1.90504758584188	0.0567738857382154	0.147747822040054	CM076439.1	1857833	1858349	+	NA	B9J08_02816
B9J08_02516	451.50184057957	-0.264184579937834	0.138678852233963	-1.90500985321203	0.0567787903045187	0.147747822040054	CM076439.1	1200575	1202141	+	NA	B9J08_02516
B9J08_01263	5683.76412941073	0.134589873029632	0.0706882752986052	1.90399146762445	0.0569112954228021	0.148022931671448	CM076438.1	2614009	2615494	-	NA	B9J08_01263
B9J08_05421	3848.64393508985	-0.141459477855532	0.0743493311795305	-1.90263282280175	0.0570884731462427	0.148413918663821	CM076444.1	383820	385233	-	NA	B9J08_05421
B9J08_03426	11043.265952222	0.123422318692326	0.0649236915363113	1.90103667508335	0.0572972089902161	0.148886541649706	CM076440.1	882965	884741	+	NA	B9J08_03426
B9J08_02261	997.838006043005	-0.195001770352712	0.102592318665381	-1.90074435288607	0.0573355060411023	0.148916044120852	CM076439.1	618231	619596	-	NA	B9J08_02261
B9J08_00272	815.606662249096	0.206224629573368	0.10852656652277	1.90022255546156	0.057403919490512	0.149023702688614	CM076438.1	586214	587309	-	NA	B9J08_00272
B9J08_01091	1737.29262297279	0.172356335350501	0.0907592075444224	1.89905068602699	0.0575578120527546	0.149353064420458	CM076438.1	2249764	2253361	+	NA	B9J08_01091
B9J08_02709	1167.11952518975	-0.199362927637371	0.105005909142115	-1.89858770107455	0.0576187067476482	0.149440916093032	CM076439.1	1616243	1617458	+	NA	B9J08_02709
B9J08_00394	9123.90560024528	0.123892897677288	0.0652953280163359	1.89742362035905	0.0577720506335175	0.149768350774602	CM076438.1	836993	839702	-	NA	B9J08_00394
B9J08_04108	19163.090047313	0.119754851395106	0.0631859107314444	1.89527776064024	0.0580556128980844	0.150432898494005	CM076441.1	709991	711401	+	NA	B9J08_04108
B9J08_03787	1800.96417059643	-0.17067749069693	0.0900971304332194	-1.89437210570693	0.0581756362517079	0.150673262213304	CM076441.1	24915	26694	-	NA	B9J08_03787
B9J08_04022	134.244923224625	0.431930848484845	0.228057058403941	1.89395957094122	0.058230376379432	0.150744398243148	CM076441.1	526203	527016	+	NA	B9J08_04022
B9J08_02848	18135.1976985236	-0.177493387953381	0.0937388120406966	-1.89348877043932	0.0582929001926305	0.150765025439714	CM076439.1	1917424	1918048	-	NA	B9J08_02848
B9J08_01730	6946.50130613456	0.127502390225949	0.0673320844296265	1.89363497812414	0.05827347737632	0.150765025439714	CM076438.1	3630343	3631651	-	NA	B9J08_01730
B9J08_03147	1587.49997880315	0.172393789494598	0.0911085950345661	1.89217921129388	0.0584671072197158	0.151144855754616	CM076440.1	272274	273936	-	NA	B9J08_03147
B9J08_04690	1463.32797872445	0.173463688087263	0.0916974639973477	1.8916955881384	0.058531551508406	0.151240713037382	CM076442.1	610175	611819	+	NA	B9J08_04690
B9J08_05195	1480.27219875914	0.173072441360208	0.0915247565070134	1.89099045947143	0.0586256178012199	0.151412985788478	CM076443.1	824258	827336	+	NA	B9J08_05195
B9J08_03685	1571.47792937471	0.172473199300039	0.0912318053357382	1.89049420501247	0.0586918948859591	0.151513359661231	CM076440.1	1450831	1452283	-	NA	B9J08_03685
B9J08_04610	3561.72831251844	0.146903484655001	0.0777492676377676	1.8894516838335	0.0588313310885465	0.151731575793932	CM076442.1	444201	447327	-	NA	B9J08_04610
B9J08_01986	1739.17989303744	0.170417108119852	0.0901871170273113	1.88959480840534	0.0588121720424807	0.151731575793932	CM076439.1	66404	67194	-	NA	B9J08_01986
B9J08_04335	4078.18126981559	0.135616678866932	0.0718126824434745	1.88847811072479	0.0589617938036634	0.151997124231739	CM076441.1	1236486	1238154	+	NA	B9J08_04335
B9J08_01320	1558.4295423613	-0.165961513105624	0.0879042192005702	-1.88798119834215	0.0590284745851459	0.152098078802844	CM076438.1	2751220	2752546	+	NA	B9J08_01320
B9J08_03386	8292.92485202359	0.124568490510474	0.0660938479464697	1.88472141327531	0.0594674597842053	0.153157805324931	CM076440.1	796726	798376	+	NA	B9J08_03386
B9J08_01677	5648.52168837858	0.132922624386255	0.0705376273084796	1.88442154149797	0.0595079782900678	0.153190775970752	CM076438.1	3517028	3518489	+	NA	B9J08_01677
B9J08_00108	397.396305671253	-0.267760818286952	0.142125519444908	-1.88397424567193	0.0595684592132775	0.153275081039006	CM076438.1	235154	235796	+	NA	B9J08_00108
B9J08_04645	5485.51098730505	0.137375943044151	0.0729445266129064	1.88329336583622	0.0596606219947462	0.153440790025576	CM076442.1	514526	515754	-	NA	B9J08_04645
B9J08_01910	575.336568866389	0.245974447375911	0.130682059136453	1.88223577896852	0.0598040097592602	0.153738028809038	CM076438.1	4039251	4040931	-	NA	B9J08_01910
B9J08_05515	5569.14395603066	-0.136693620702301	0.0726555360375361	-1.8813930521644	0.0599184712916558	0.15396066519246	CM076444.1	614727	616245	+	NA	B9J08_05515
B9J08_05191	3315.97161002484	-0.157592227416557	0.0837973250614275	-1.88063553700591	0.0600215141362025	0.154082168430465	CM076443.1	811309	812290	-	NA	B9J08_05191
B9J08_04004	4209.55282725506	-0.13731778247589	0.0730141541123486	-1.88070086061116	0.0600126225481159	0.154082168430465	CM076441.1	490224	491583	-	NA	B9J08_04004
B9J08_03593	796.645965879173	-0.217393483414359	0.115797834435153	-1.87735361783556	0.0604696440225443	0.15516050255924	CM076440.1	1242863	1245245	-	NA	B9J08_03593
B9J08_01292	15077.3159491197	0.12715537420027	0.0677761513469292	1.87610791809929	0.0606404626458045	0.155526606516641	CM076438.1	2682502	2684632	-	NA	B9J08_01292
B9J08_03325	1105.55340730409	0.182694680432426	0.0975195806846645	1.87341536078975	0.0610110504845676	0.156259534767472	CM076440.1	668015	676550	+	NA	B9J08_03325
B9J08_03215	21090.2172546919	-0.138341160468543	0.0738372273566919	-1.87359636082008	0.060986080019119	0.156259534767472	CM076440.1	430777	431266	+	NA	B9J08_03215
B9J08_00385	6414.02632411017	-0.139323018629684	0.0743522706649451	-1.87382331949912	0.0609547811382977	0.156259534767472	CM076438.1	808854	810768	-	NA	B9J08_00385
B9J08_00273	14634.8637947162	-0.135732585058926	0.0725270731944318	-1.87147473461464	0.0612793086398686	0.156873894790437	CM076438.1	588043	588988	-	NA	B9J08_00273
B9J08_03893	3101.22225679182	-0.150529441381701	0.0804696914486036	-1.8706352500164	0.0613956552156124	0.157030600846312	CM076441.1	250697	251702	+	NA	B9J08_03893
B9J08_01569	2904.91046109159	0.150070928329616	0.0802251031900834	1.87062306388115	0.0613973454729293	0.157030600846312	CM076438.1	3270493	3271228	+	NA	B9J08_01569
B9J08_02006	1293.17659987694	0.176404022577837	0.0943803503181837	1.86907573433588	0.0616122784744558	0.157507429754078	CM076439.1	109382	110450	-	NA	B9J08_02006
B9J08_02744	3487.45407575665	-0.147529278491958	0.0790022143359658	-1.86740687880688	0.0618447899323445	0.157955708852157	CM076439.1	1694242	1696972	+	NA	B9J08_02744
B9J08_00951	963.670450221633	0.195734952975309	0.104813569817029	1.86745812891403	0.0618376387745133	0.157955708852157	CM076438.1	1972946	1973408	+	NA	B9J08_00951
B9J08_01454	5576.16148534261	0.12893839083954	0.069195962727858	1.86338025740958	0.0624087856625745	0.159322567370462	CM076438.1	3034788	3035646	-	NA	B9J08_01454
B9J08_03656	4188.74928506153	0.146638255878215	0.078721908190946	1.86273756884212	0.0624991974541719	0.15947971575679	CM076440.1	1383579	1384305	+	NA	B9J08_03656
B9J08_02007	505.919390102056	-0.272249032202892	0.14617742062952	-1.86245612373264	0.0625388245287142	0.159507191126074	CM076439.1	110650	111865	-	NA	B9J08_02007
B9J08_03391	2320.71993443416	0.15242578222066	0.0818505959041561	1.86224401346014	0.0625687030854092	0.159509788723735	CM076440.1	810851	814382	+	NA	B9J08_03391
B9J08_04365	1186.26313710715	-0.184240776271186	0.0990012124320555	-1.86099515091929	0.0627448614733618	0.159885131103398	CM076441.1	1288134	1289049	-	NA	B9J08_04365
B9J08_05453	4215.00130803796	0.144056093325987	0.0775161529563299	1.85840096330818	0.0631120956001132	0.160746798332638	CM076444.1	458789	460496	+	NA	B9J08_05453
B9J08_01682	298.923271378173	-0.304314852052734	0.163914910373524	-1.856541612714	0.0633763974366417	0.161345623506365	CM076438.1	3527101	3528631	+	NA	B9J08_01682
B9J08_02536	929.280694401793	0.208789315138252	0.112519665528698	1.85558065923152	0.063513352555649	0.161619843266608	CM076439.1	1238221	1240168	+	NA	B9J08_02536
B9J08_00316	4231.23244860026	0.134794499912852	0.0726626930011819	1.85507162404041	0.063585999278459	0.161730242987594	CM076438.1	672399	674199	-	NA	B9J08_00316
B9J08_02866	1834.00412669603	-0.15941120851826	0.0859777586743226	-1.85409821070235	0.0637251106624118	0.16200951546971	CM076439.1	1959581	1960127	+	NA	B9J08_02866
B9J08_03896	1105.02850569052	0.183912748132536	0.0992178374901215	1.85362584778012	0.0637927070167346	0.16203230316245	CM076441.1	254914	256591	+	NA	B9J08_03896
B9J08_02028	863.94111566572	-0.200517911669127	0.108168089221694	-1.85376216878675	0.0637731930518248	0.16203230316245	CM076439.1	150094	150592	+	NA	B9J08_02028
B9J08_00765	1820.99126636896	-0.176050009943948	0.0950145277275865	-1.85287465142905	0.0639003271272723	0.162231101530746	CM076438.1	1631481	1632357	+	NA	B9J08_00765
B9J08_02145	1914.81644399209	-0.154502018241881	0.0834667687337671	-1.85106025530584	0.0641608850616549	0.162817819897046	CM076439.1	404002	404719	+	NA	B9J08_02145
B9J08_03159	452.017580423899	-0.252209983277153	0.136368171868103	-1.84947836303836	0.0643887692807259	0.163321123366027	CM076440.1	306765	308184	-	NA	B9J08_03159
B9J08_04342	311.054413436127	-0.290822745526662	0.157365212056419	-1.84807519861757	0.0645914650778115	0.163681401362903	CM076441.1	1248986	1250240	-	NA	B9J08_04342
B9J08_03663	6130.87502201426	0.132850074759345	0.0719011851727783	1.84767572940706	0.0646492670843527	0.163681401362903	CM076440.1	1397638	1398829	-	NA	B9J08_03663
B9J08_02473	748.695347386216	0.205288082318578	0.111104668934762	1.84769986974281	0.064645772838166	0.163681401362903	CM076439.1	1125152	1126457	+	NA	B9J08_02473
B9J08_00340	27021.4865419389	0.113567290648706	0.061449623929362	1.84813646344288	0.064582604013061	0.163681401362903	CM076438.1	717112	717968	+	NA	B9J08_00340
B9J08_03664	2277.41206146643	0.150272312351712	0.0813804815686832	1.84653997439036	0.0648138407014459	0.1640229384418	CM076440.1	1399192	1404556	+	NA	B9J08_03664
B9J08_02611	1237.56794181625	0.184702123344571	0.100083198095637	1.84548582438458	0.0649668987093152	0.164335033943426	CM076439.1	1390546	1392346	-	NA	B9J08_02611
B9J08_03210	4529.8129000491	0.139176605408755	0.0754555462571885	1.84448476370941	0.0651125242842172	0.164563222427503	CM076440.1	419264	421809	+	NA	B9J08_03210
B9J08_00049	796.521151689417	0.214059819840279	0.11605577805611	1.84445637628474	0.0651166577617058	0.164563222427503	CM076438.1	114823	116347	-	NA	B9J08_00049
B9J08_05099	2162.00387638674	0.157043460251554	0.0851993641458727	1.84324685783657	0.0652929762554913	0.164707567213191	CM076443.1	613088	614342	-	NA	B9J08_05099
B9J08_03003	7823.11284723649	-0.131058535828256	0.0710867340240766	-1.8436426659279	0.0652352337339504	0.164707567213191	CM076439.1	2281271	2284979	+	NA	B9J08_03003
B9J08_02715	5183.33712695533	0.138576401800127	0.075174991184193	1.84338434387825	0.0652729143083447	0.164707567213191	CM076439.1	1630654	1631386	+	NA	B9J08_02715
B9J08_02535	1077.9019052598	0.183786916059386	0.0996846807942649	1.84368264606972	0.0652294035676246	0.164707567213191	CM076439.1	1234517	1236110	-	NA	B9J08_02535
B9J08_05395	505.741672561085	0.245548404677903	0.13339092001601	1.84081798557527	0.0656482362331555	0.165336676309882	CM076444.1	336107	336869	-	NA	B9J08_05395
B9J08_05210	2367.90983131648	0.148041183130484	0.0804098640868079	1.84108236982795	0.0656094888421965	0.165336676309882	CM076443.1	864850	866653	-	NA	B9J08_05210
B9J08_02554	1068.99563756078	-0.182685744476842	0.0992466824384311	-1.84072394147959	0.065662023611397	0.165336676309882	CM076439.1	1279972	1281382	+	NA	B9J08_02554
B9J08_01346	27850.8469454317	-0.132329923444285	0.0718715745222292	-1.84119972776381	0.0655922952457741	0.165336676309882	CM076438.1	2806084	2806330	-	NA	B9J08_01346
B9J08_04247	1901.77462952126	-0.156800913133474	0.0853470718233524	-1.83721491298511	0.0661781749880936	0.166408904985984	CM076441.1	1018681	1020103	-	NA	B9J08_04247
B9J08_03792	4757.40144626966	-0.129543805962996	0.070510445066485	-1.83722859557683	0.0661761559098182	0.166408904985984	CM076441.1	43097	44813	+	NA	B9J08_03792
B9J08_02257	42.1516935403085	-0.802069299364518	0.436535259460996	-1.83735284145171	0.0661578238299958	0.166408904985984	CM076439.1	611257	611899	-	NA	B9J08_02257
B9J08_03035	1043.99538690404	-0.198678104414486	0.108213014272514	-1.83599085331966	0.0663590094302505	0.166787742210548	CM076440.1	50027	50807	-	NA	B9J08_03035
B9J08_03113	75.1794826199646	0.569592587734055	0.310476390351588	1.83457617208523	0.066568511908265	0.167238256962264	CM076440.1	197849	199245	-	NA	B9J08_03113
B9J08_03065	2686.69643845179	0.148318472183081	0.0808827642145572	1.83374633178507	0.0666916576121782	0.167416100291948	CM076440.1	107008	109972	+	NA	B9J08_03065
B9J08_02697	5001.73720792824	0.135859680237136	0.0740908277413796	1.83369094905197	0.0666998829098731	0.167416100291948	CM076439.1	1591985	1593341	+	NA	B9J08_02697
B9J08_05081	119.226082389596	-0.454748617845275	0.248243697401901	-1.83186369927872	0.0669717300367685	0.168022129783577	CM076443.1	571705	572002	+	NA	B9J08_05081
B9J08_03956	2381.66783474237	-0.146608421798401	0.0800626387229546	-1.83117149443098	0.0670749499998574	0.168160939902269	CM076441.1	389240	390527	-	NA	B9J08_03956
B9J08_03862	1099.80169188216	0.179090649684388	0.097816661839761	1.83088081637632	0.0671183342544607	0.168160939902269	CM076441.1	189051	189975	+	NA	B9J08_03862
B9J08_01164	1197.49423274079	-0.174517713439538	0.0953101404616144	-1.83105084720575	0.0670929540255445	0.168160939902269	CM076438.1	2414762	2415545	-	NA	B9J08_01164
B9J08_02056	673.55591713066	0.214629408893787	0.117324379051948	1.82936752470478	0.0673445692141586	0.168651306772385	CM076439.1	219698	220901	+	NA	B9J08_02056
B9J08_03251	2716.95926148156	0.153142968162038	0.0837323395153996	1.82895842930404	0.0674058360356297	0.168651903924366	CM076440.1	506776	509044	+	NA	B9J08_03251
B9J08_00080	656.519895277072	-0.222023951185684	0.12138828787432	-1.82903931733149	0.0673937184709082	0.168651903924366	CM076438.1	181370	182000	+	NA	B9J08_00080
B9J08_02927	1917.91160938432	-0.152815760758173	0.0835772974301732	-1.82843625550164	0.0674841042971446	0.168771332330461	CM076439.1	2110151	2113766	+	NA	B9J08_02927
B9J08_03470	393.989672570492	0.261908605519611	0.143277750369369	1.82797820906883	0.0675528221056104	0.168866778732568	CM076440.1	970397	971144	+	NA	B9J08_03470
B9J08_05208	1046.49403318876	0.180344628940272	0.0987459478691874	1.82634966630916	0.0677976084483557	0.169402071380679	CM076443.1	861642	862305	-	NA	B9J08_05208
B9J08_00151	2218.29454198191	-0.156751111408321	0.0858857988011973	-1.82511094495561	0.0679842888704565	0.169791759867606	CM076438.1	327984	330174	-	NA	B9J08_00151
B9J08_02558	723.716431458973	0.204756658701957	0.11220588804555	1.82482989323017	0.0680267033103769	0.169820952663258	CM076439.1	1287197	1288532	+	NA	B9J08_02558
B9J08_03152	57.1870953423669	-0.6351537053815	0.348384300116043	-1.82314101172165	0.0682820364744106	0.170381406588744	CM076440.1	290537	292235	+	NA	B9J08_03152
B9J08_02192	3440.52619014053	-0.140250929246498	0.0770771377273973	-1.81961776710664	0.0688172340696111	0.171639373963331	CM076439.1	494854	495655	-	NA	B9J08_02192
B9J08_02230	1220.95498292869	0.171957365442784	0.0945583682673505	1.81853143823927	0.0689829461513264	0.171975075948751	CM076439.1	562361	562799	+	NA	B9J08_02230
B9J08_04954	17.785687799836	1.18078156015493	0.649887556410561	1.8169013216326	0.069232224294176	0.172518712206452	CM076443.1	281126	281990	+	NA	B9J08_04954
B9J08_03757	6.54993400065225	1.94810774081821	1.072801425456	1.8159071143946	0.0693846217995696	0.172820551909068	CM076440.1	1626485	1627948	+	NA	B9J08_03757
B9J08_00306	1175.5709251258	0.17630814901306	0.097119532354408	1.81537271379847	0.0694666514082525	0.172946928979014	CM076438.1	657236	658328	+	NA	B9J08_00306
B9J08_04010	1491.91771175147	0.162585278643583	0.0895736153596456	1.81510233778986	0.0695081840070251	0.172972414681147	CM076441.1	504213	504882	-	NA	B9J08_04010
B9J08_03673	2309.35564308786	0.144861920276361	0.0798573917941697	1.81400765817319	0.069676546752915	0.173313354591972	CM076440.1	1422851	1424978	+	NA	B9J08_03673
B9J08_01541	329.843025522375	-0.281114516843805	0.155076816993403	-1.81274366016787	0.0698713671621042	0.173719768918106	CM076438.1	3210782	3212063	+	NA	B9J08_01541
B9J08_01499	2567.66723437375	-0.154564870235537	0.0852978185912103	-1.81206123190898	0.069976735773257	0.173869754487382	CM076438.1	3138047	3139868	+	NA	B9J08_01499
B9J08_01337	3099.63156988237	-0.140208400106336	0.0773800291366427	-1.81194555844308	0.0699946089622627	0.173869754487382	CM076438.1	2788019	2788584	+	NA	B9J08_01337
B9J08_03803	1968.74375368756	-0.150026488658237	0.0828367780117651	-1.81110965755971	0.0701238788823358	0.17411261391854	CM076441.1	67469	68108	+	NA	B9J08_03803
B9J08_00838	2000.76661468259	0.149518538758631	0.0825872328599731	1.8104316318739	0.0702288776589735	0.174295018779141	CM076438.1	1767929	1769726	-	NA	B9J08_00838
B9J08_01655	4104.24564949421	0.130889778633105	0.0723475059947889	1.80918162738786	0.0704227909675708	0.174619455216583	CM076438.1	3465727	3466936	+	NA	B9J08_01655
B9J08_01070	960.211923489515	0.189917737766383	0.104962627618985	1.80938436922317	0.0703913097975578	0.174619455216583	CM076438.1	2203180	2204209	-	NA	B9J08_01070
B9J08_00087	843.529819663968	-0.202790420378999	0.112125875679409	-1.80859609033349	0.070513776334963	0.174766655517193	CM076438.1	196522	197659	+	NA	B9J08_00087
B9J08_01956	5.00795110957723	-2.35594392718422	1.30427870215154	-1.80631940343566	0.0708684627047916	0.175555599216896	CM076438.1	4140998	4142567	+	NA	B9J08_01956
B9J08_01644	700.526927889837	0.204477475304691	0.113212074826493	1.80614546300003	0.0708956210334923	0.175555599216896	CM076438.1	3437828	3438128	+	NA	B9J08_01644
B9J08_05016	506.884228658737	-0.233600137689222	0.129367398430261	-1.80571102552666	0.0709634895520611	0.175644964959356	CM076443.1	418403	420515	+	NA	B9J08_05016
B9J08_04739	1.76020542015962	-4.09421057032059	2.26794589122955	-1.80525055123822	0.0710354837296437	0.175744457732203	CM076442.1	711666	713649	-	NA	B9J08_04739
B9J08_04555	517.732683789679	0.229827872395552	0.127484531910212	1.80279025974241	0.0714211604553443	0.176619576660711	CM076442.1	315529	317227	-	NA	B9J08_04555
B9J08_05164	2038.00749776302	-0.166387239359905	0.0923700795556784	-1.80131098901578	0.0716538767562215	0.177115821481054	CM076443.1	757060	758323	+	NA	B9J08_05164
B9J08_00911	8043.47022637519	-0.128646190307381	0.0714460952301169	-1.80060491609838	0.0717651737708431	0.177311629607264	CM076438.1	1901865	1902702	+	NA	B9J08_00911
B9J08_04518	537.607137582213	-0.229835410992766	0.127673491569652	-1.80018113523104	0.0718320415778076	0.177318308977464	CM076442.1	226181	226715	+	NA	B9J08_04518
B9J08_01801	16485.3344107853	0.112998155544991	0.0627663974288423	1.80029697694687	0.0718137580038335	0.177318308977464	CM076438.1	3797817	3800607	-	NA	B9J08_01801
B9J08_01658	2840.72927083515	-0.138449616343047	0.0769435827155566	-1.79936534609865	0.0719609075328505	0.177557114256279	CM076438.1	3476623	3480559	+	NA	B9J08_01658
B9J08_03836	2878.37404408738	-0.151613770579772	0.0843297495978605	-1.79786814620897	0.0721979050485209	0.178062392326272	CM076441.1	131462	132077	-	NA	B9J08_03836
B9J08_01097	2188.40444012486	0.145024081781518	0.0807120734192655	1.79680778398764	0.0723661402010969	0.178397706017602	CM076438.1	2268092	2270330	+	NA	B9J08_01097
B9J08_05460	4432.22384312834	-0.130380339538138	0.0726244152549223	-1.79526869965815	0.0726108994601425	0.178921284581457	CM076444.1	477484	478144	+	NA	B9J08_05460
B9J08_05593	305.566470092265	0.283437311629336	0.158096567658378	1.79281129139881	0.0730031034054925	0.179807554599892	CM076444.1	772241	773984	+	NA	B9J08_05593
B9J08_03585	2311.84130692587	0.146609066921717	0.0818344838452749	1.79153163840944	0.0732080221918561	0.180199415592619	CM076440.1	1230616	1231771	-	NA	B9J08_03585
B9J08_02351	1114.10679516904	-0.179655588828795	0.100287212758676	-1.79141072811651	0.0732274086160706	0.180199415592619	CM076439.1	801903	802644	-	NA	B9J08_02351
B9J08_02139	2269.76322219329	0.14872778475058	0.0830642323158997	1.7905153711041	0.0733710984339587	0.180472657340672	CM076439.1	383066	386255	-	NA	B9J08_02139
B9J08_00980	12186.741605578	0.114853715806075	0.0641904318473975	1.78926535467344	0.0735720908165911	0.180886541789724	CM076438.1	2025317	2026778	-	NA	B9J08_00980
B9J08_03992	4210.87814934145	-0.137704267825447	0.0769978779178638	-1.78841640249282	0.0737088519331822	0.181142207485415	CM076441.1	461716	465365	+	NA	B9J08_03992
B9J08_04701	197.411394102862	-0.352015486423172	0.197037346932823	-1.7865419520858	0.074011550912251	0.18180408277569	CM076442.1	629250	629928	+	NA	B9J08_04701
B9J08_02446	1363.04291760629	-0.166226916363411	0.0930649718081188	-1.78613836262839	0.0740768580443014	0.18180408277569	CM076439.1	1039646	1042121	-	NA	B9J08_02446
B9J08_02153	639.243091763644	-0.212662394709648	0.119057643379373	-1.78621370853114	0.0740646623156464	0.18180408277569	CM076439.1	421638	422916	+	NA	B9J08_02153
B9J08_05375	7314.14806453661	0.126252103396053	0.0707019137918835	1.78569569937931	0.0741485420869264	0.181899241950485	CM076444.1	303166	306982	+	NA	B9J08_05375
B9J08_00227	507.473950412214	0.237344721554408	0.133193158536489	1.78195880450862	0.0747559498793443	0.183307956957913	CM076438.1	492486	493302	+	NA	B9J08_00227
B9J08_01179	516.999041366694	0.240587548308912	0.13513618299039	1.78033405254624	0.0750213073946098	0.183877058079826	CM076438.1	2446782	2448039	-	NA	B9J08_01179
B9J08_02959	679.800817876768	0.204799020054592	0.115269656924449	1.77669497349874	0.0756184397705809	0.185094382910541	CM076439.1	2181167	2182139	-	NA	B9J08_02959
B9J08_02146	2037.03302945317	0.149907954053485	0.0843689324669399	1.77681463626704	0.0755987429475997	0.185094382910541	CM076439.1	404804	405379	-	NA	B9J08_02146
B9J08_01403	557.550749537852	-0.223528975689629	0.125799571990148	-1.77686594758157	0.0755902982459593	0.185094382910541	CM076438.1	2912581	2913688	-	NA	B9J08_01403
B9J08_02982	4501.66406373883	-0.134727418981772	0.0758429865659598	-1.77639917785412	0.0756671465255045	0.185131615248545	CM076439.1	2239128	2241861	+	NA	B9J08_02982
B9J08_01017	204.647710104393	-0.359368038627571	0.202622422599902	-1.77358474948836	0.0761318621109817	0.186186195525396	CM076438.1	2094516	2096067	-	NA	B9J08_01017
B9J08_04565	526.02447998872	0.229887715154937	0.129713907420483	1.77226728981133	0.0763501983250439	0.186637570164758	CM076442.1	337198	338689	+	NA	B9J08_04565
B9J08_05029	1527.98359844699	-0.172323021779582	0.0972513571326367	-1.77193436534319	0.0764054530373596	0.186690070264141	CM076443.1	446505	447678	-	NA	B9J08_05029
B9J08_03934	738.042025068336	-0.203865879259462	0.115240354109506	-1.76904939970717	0.076885631053546	0.187780328251414	CM076441.1	335320	337492	-	NA	B9J08_03934
B9J08_03295	591.707042146918	-0.222109532145486	0.125644631243873	-1.76775983141195	0.0771010628003185	0.188223310113675	CM076440.1	604763	605174	+	NA	B9J08_03295
B9J08_03669	2241.23733649748	-0.149493038330342	0.0845806335671251	-1.76746179385971	0.0771509220562856	0.188261874704234	CM076440.1	1417108	1418116	-	NA	B9J08_03669
B9J08_00710	3986.27837731691	-0.131591148475224	0.0745201621760097	-1.76584624392548	0.0774216478185177	0.188839120694152	CM076438.1	1510387	1511181	+	NA	B9J08_00710
B9J08_00197	1014.79021867388	-0.193063972099427	0.109386099997309	-1.76497719640957	0.0775675982780303	0.189111652264082	CM076438.1	421108	422830	+	NA	B9J08_00197
B9J08_03704	3437.13956380204	0.13267082737134	0.0751889402820052	1.76449923185167	0.077647964564711	0.189141053111035	CM076440.1	1489774	1491064	+	NA	B9J08_03704
B9J08_02500	659.612014241466	0.218516799507414	0.123840744943091	1.76449842584385	0.0776481001463612	0.189141053111035	CM076439.1	1173160	1175809	+	NA	B9J08_02500
B9J08_01861	1609.10331169447	0.155428010442266	0.088113068525851	1.76396093159173	0.0777385570522577	0.189277975695078	CM076438.1	3929748	3931182	-	NA	B9J08_01861
B9J08_02412	2374.95852121474	0.140140657173371	0.0795056040066239	1.76265131149366	0.0779593172273307	0.189731900623275	CM076439.1	964948	967237	+	NA	B9J08_02412
B9J08_04286	93.292985914021	-0.481102085541476	0.273042495604063	-1.76200442527129	0.078068549805219	0.18991411741789	CM076441.1	1108452	1110318	-	NA	B9J08_04286
B9J08_05240	32.8511084744407	-0.845578010270655	0.480193192385487	-1.76091211553838	0.0782532789900834	0.190279750540339	CM076443.1	939870	940401	-	NA	B9J08_05240
B9J08_01240	520.564218883514	0.222982228733072	0.126699696081742	1.75992710029242	0.0784201677118241	0.190601700502749	CM076438.1	2560644	2560950	-	NA	B9J08_01240
B9J08_00338	1915.0864513453	-0.156010124800073	0.0886893844388954	-1.75906198681039	0.078566980596081	0.19087459417782	CM076438.1	714060	715780	-	NA	B9J08_00338
B9J08_03128	197.24228924281	0.33793451053918	0.192177721882995	1.75844789514639	0.0786713298429292	0.19104413007112	CM076440.1	238848	239406	-	NA	B9J08_03128
B9J08_01364	741.290852602127	-0.196594827757579	0.111840314637989	-1.75781719135831	0.0787786192564134	0.191220653768202	CM076438.1	2842478	2845019	+	NA	B9J08_01364
B9J08_02991	17272.7762099922	0.118160559857485	0.0672662732354242	1.75660928090868	0.0789844299617706	0.191551972092456	CM076439.1	2259339	2261169	+	NA	B9J08_02991
B9J08_02301	508.232499193399	0.225113349972461	0.128151844415967	1.75661420245946	0.0789835905132106	0.191551972092456	CM076439.1	702887	703391	+	NA	B9J08_02301
B9J08_02061	125979.137990885	0.112849178689881	0.0642620709407653	1.75607752812544	0.0790751715958832	0.191634716146266	CM076439.1	226891	228733	+	NA	B9J08_02061
B9J08_00309	2382.78952060773	0.147521644514812	0.084009903823295	1.7560030163242	0.0790878935280681	0.191634716146266	CM076438.1	661403	662098	-	NA	B9J08_00309
B9J08_01439	359.330368960148	-0.261867222217708	0.149197852314731	-1.75516750512804	0.0792306603455849	0.191896520477672	CM076438.1	2989248	2991021	-	NA	B9J08_01439
B9J08_05499	556.333429530718	-0.217451144694958	0.123916889011502	-1.75481442787654	0.0792910548967083	0.191958677360537	CM076444.1	575910	578718	-	NA	B9J08_05499
B9J08_04640	4.06568644824607	-2.65011908977278	1.51339012706185	-1.75111429788287	0.0799262238505338	0.193411663407137	CM076442.1	506229	507165	+	NA	B9J08_04640
B9J08_04466	630.846186055518	0.216014394120573	0.123384716120179	1.75073867260976	0.0799909347024109	0.193483543151083	CM076442.1	96974	98390	-	NA	B9J08_04466
B9J08_00997	846.804726686715	0.189121271385546	0.108298210526255	1.7463009819511	0.0807586653408856	0.19525509332418	CM076438.1	2055368	2056646	-	NA	B9J08_00997
B9J08_03379	1477.39830183552	-0.155615158350061	0.0891488783010714	-1.74556496184418	0.0808865751193887	0.1954788372037	CM076440.1	779102	780506	+	NA	B9J08_03379
B9J08_05001	1298.36876005249	0.16523766086336	0.0946884382195429	1.74506691598654	0.0809732216487302	0.195602708064918	CM076443.1	382584	383223	+	NA	B9J08_05001
B9J08_02572	26094.4290322216	0.148716214545144	0.0852318335454123	1.74484354447106	0.0810121067294421	0.195611146305647	CM076439.1	1328824	1330780	+	NA	B9J08_02572
B9J08_03817	351.837494386693	-0.260581288621631	0.149372601118933	-1.74450526180602	0.0810710246974494	0.1956679272938	CM076441.1	91174	91858	+	NA	B9J08_03817
B9J08_01519	751.728469343761	-0.203827912479595	0.116877356533222	-1.74394697591965	0.0811683362262531	0.195817282550197	CM076438.1	3173717	3174647	-	NA	B9J08_01519
B9J08_00723	14.7379333436426	-1.20803727834077	0.692878276005335	-1.74350577897389	0.0812453057223667	0.195917454069599	CM076438.1	1547575	1549135	+	NA	B9J08_00723
B9J08_02560	4262.5013269855	0.139489920397901	0.0800852154368412	1.74176868523141	0.0815489282896052	0.196563858114543	CM076439.1	1291157	1293020	+	NA	B9J08_02560
B9J08_05346	1794.2299669148	0.152137418972268	0.0873676172602535	1.74134792435824	0.0816226104470606	0.196655696574065	CM076444.1	231829	233749	-	NA	B9J08_05346
B9J08_02464	4725.61982050164	0.122118009414788	0.070163122192493	1.74048710488904	0.0817735224070602	0.196796787154237	CM076439.1	1087451	1088261	+	NA	B9J08_02464
B9J08_02053	485.296160459698	-0.232915262596789	0.133828223688146	-1.74040464842111	0.0817879898847986	0.196796787154237	CM076439.1	209797	212443	+	NA	B9J08_02053
B9J08_00397	5577.42836825306	0.119933206210551	0.0689014180707077	1.74064931562764	0.0817450676274245	0.196796787154237	CM076438.1	844999	846250	+	NA	B9J08_00397
B9J08_04789	1282.193568204	-0.167947053559105	0.0965303881236558	-1.73983609538546	0.0818878024240924	0.196951211487362	CM076442.1	835995	837033	+	NA	B9J08_04789
B9J08_01397	985.093673227521	0.176797182148932	0.101634587130121	1.739537564339	0.0819402506997063	0.196991633587332	CM076438.1	2901785	2902732	-	NA	B9J08_01397
B9J08_00655	1648.35379216276	0.159982044125043	0.0919829215039659	1.73925813084927	0.0819893684518632	0.197024017144977	CM076438.1	1398325	1400866	+	NA	B9J08_00655
B9J08_02653	2961.85880809066	-0.142623858324688	0.0822762001848252	-1.73347648535418	0.0830110134478583	0.199389564031915	CM076439.1	1490527	1492987	+	NA	B9J08_02653
B9J08_01440	66941.3080949524	-0.117051552176081	0.0675318199752456	-1.73327998888505	0.0830459157592669	0.199389564031915	CM076438.1	2991604	2992399	-	NA	B9J08_01440
B9J08_04996	1956.66759832388	0.147226912957409	0.0850163702359088	1.73174780984973	0.0833184741433439	0.199957102297118	CM076443.1	366890	371588	-	NA	B9J08_04996
B9J08_03069	364.940947084371	-0.259397923241283	0.149889347987619	-1.73059611455986	0.083523825177675	0.20027600076226	CM076440.1	113313	114564	-	NA	B9J08_03069
B9J08_00562	1240.71826544482	0.167873464458142	0.0969976541457594	1.73069612803085	0.0835059762124408	0.20027600076226	CM076438.1	1215642	1216431	-	NA	B9J08_00562
B9J08_01754	964.629874311629	-0.183807575830587	0.10622436904465	-1.73037107665309	0.0835639980028653	0.200285436670354	CM076438.1	3688529	3691181	+	NA	B9J08_01754
B9J08_04455	1012.77257778452	-0.174849805417712	0.101225118105369	-1.72733614630812	0.0841073110991604	0.201325729079714	CM076442.1	72215	73247	-	NA	B9J08_04455
B9J08_03948	268.959934617017	-0.297806033208846	0.172390136307012	-1.72751202353294	0.0840757477114946	0.201325729079714	CM076441.1	371540	372515	+	NA	B9J08_03948
B9J08_01207	708.974855105017	-0.203164715193612	0.117607383764733	-1.72748265193988	0.0840810181475714	0.201325729079714	CM076438.1	2491263	2492430	-	NA	B9J08_01207
B9J08_04164	531.942857629821	0.230525156788424	0.133484885174043	1.72697572828456	0.0841720226281138	0.201393406521898	CM076441.1	835498	836467	-	NA	B9J08_04164
B9J08_03752	1370.27199515964	0.157723671233625	0.0913471337871413	1.72664061470342	0.0842322269985702	0.201450246049804	CM076440.1	1618326	1620090	-	NA	B9J08_03752
B9J08_02905	393.208023902819	-0.266013410174554	0.154203554331152	-1.725079628212	0.0845131232911032	0.20203461610291	CM076439.1	2060738	2061431	+	NA	B9J08_02905
B9J08_05167	2722.32351193054	-0.152125977646667	0.0882886168927554	-1.72305312961755	0.084878917643903	0.202733698279106	CM076443.1	762410	763010	+	NA	B9J08_05167
B9J08_03006	1586.34263636312	-0.150829029813758	0.0875260190601807	-1.72324791454358	0.0848437023386631	0.202733698279106	CM076439.1	2286565	2290645	-	NA	B9J08_03006
B9J08_00360	4667.90128373372	-0.128682301361372	0.0747168802764218	-1.72226544905649	0.0850214435546443	0.202986401091369	CM076438.1	749056	750079	+	NA	B9J08_00360
B9J08_05092	6956.3250053384	0.115608622151589	0.0672062935898302	1.72020529590822	0.0853951307209016	0.203790538641806	CM076443.1	593241	594828	+	NA	B9J08_05092
B9J08_02142	1183.04461712894	0.169778987838112	0.0987182188819175	1.71983439086552	0.0854625492982335	0.203863405253059	CM076439.1	396887	398753	-	NA	B9J08_02142
B9J08_02942	2270.18825072243	-0.142126181667813	0.08265802587716	-1.71944805310291	0.085532818788614	0.203869815862346	CM076439.1	2146612	2150008	+	NA	B9J08_02942
B9J08_00853	1976.15213109368	-0.160062701210214	0.0930914243208855	-1.71941403172089	0.0855390090437454	0.203869815862346	CM076438.1	1794415	1795015	+	NA	B9J08_00853
B9J08_01987	1724.19962671934	-0.159996857177047	0.0931074424677303	-1.71841104144279	0.0857216677959829	0.204217093926033	CM076439.1	67655	69692	+	NA	B9J08_01987
B9J08_04774	2626.39810855412	0.134981953056767	0.0786579645395855	1.71606211585651	0.0861506741230104	0.205150700507487	CM076442.1	799993	801727	+	NA	B9J08_04774
B9J08_03856	1071.66937693694	-0.188353615336932	0.109872399363395	-1.71429418514805	0.0864747105396932	0.205833645630011	CM076441.1	179591	180290	-	NA	B9J08_03856
B9J08_04490	74.0908163374064	-0.527845447309374	0.307998583355075	-1.71379180241504	0.0865669694826662	0.205964545988246	CM076442.1	145544	146810	-	NA	B9J08_04490
B9J08_01750	691.839278060611	0.200656327938094	0.11718633571721	1.71228434364831	0.0868442805011824	0.206535429574025	CM076438.1	3679167	3681102	+	NA	B9J08_01750
B9J08_04382	1911.20784966186	0.147832044707087	0.0863824958367921	1.7113657492184	0.087013615827533	0.206849141797323	CM076441.1	1319326	1320901	-	NA	B9J08_04382
B9J08_00679	3556.00740388219	0.133187883706622	0.0778624965752937	1.71055244263621	0.0871637645558289	0.207116993422213	CM076438.1	1437437	1439509	+	NA	B9J08_00679
B9J08_00835	49.956066838464	0.653752743322703	0.382381342175972	1.70968787232784	0.0873236065612035	0.207407637930284	CM076438.1	1762040	1763510	-	NA	B9J08_00835
B9J08_00037	10991.1214887186	0.113130767513583	0.0662122862153209	1.70860687615715	0.0875237941043133	0.207793818734768	CM076438.1	86148	89754	+	NA	B9J08_00037
B9J08_01496	1379.23829431629	-0.157016988575229	0.0919326805111047	-1.70795616642835	0.0876444761615124	0.207990991732365	CM076438.1	3129873	3131478	-	NA	B9J08_01496
B9J08_00844	11337.1997253163	0.150589298148203	0.088204835244918	1.70726806223335	0.087772239468934	0.208204792937682	CM076438.1	1777634	1779725	-	NA	B9J08_00844
B9J08_05214	1326.18626986383	-0.162271598727719	0.095073392602794	-1.70680349449264	0.0878585827053207	0.208230869044729	CM076443.1	875239	876136	+	NA	B9J08_05214
B9J08_04217	401.679201177198	0.250066305202716	0.146495154627202	1.70699369435856	0.0878232244219418	0.208230869044729	CM076441.1	948302	949721	+	NA	B9J08_04217
B9J08_00275	2042.63541783219	-0.148455835997265	0.0870646188587278	-1.70512244747952	0.0881715898896706	0.208883145015092	CM076438.1	591165	591660	+	NA	B9J08_00275
B9J08_04373	2.89012170511526	-3.2743737738908	1.92131348381937	-1.70423712812429	0.0883367954557362	0.209184862246724	CM076441.1	1303419	1305123	+	NA	B9J08_04373
B9J08_01919	499.18364018348	0.21976542441121	0.12897036575669	1.70399938871081	0.0883812014428379	0.209200385599385	CM076438.1	4055892	4056438	+	NA	B9J08_01919
B9J08_02524	978.004950531981	0.183822507298711	0.107908240055297	1.70350760242694	0.0884731165055701	0.209328302622554	CM076439.1	1214077	1215046	+	NA	B9J08_02524
B9J08_03083	3906.55486845776	0.122560202189145	0.0719939921315358	1.70236708037002	0.0886865771194211	0.209743565142936	CM076440.1	144488	145183	-	NA	B9J08_03083
B9J08_02693	1502.71876180347	-0.151691152213363	0.0891290576337579	-1.70192702851948	0.0887690483017566	0.20984881521121	CM076439.1	1578831	1583340	-	NA	B9J08_02693
B9J08_03861	417.362126856482	0.240418631348611	0.141334140957874	1.7010655013658	0.088930688119183	0.21014104883913	CM076441.1	187434	188259	-	NA	B9J08_03861
B9J08_05013	1115.38264088576	0.166897173981451	0.0981327567485486	1.70072847753683	0.0889939850605857	0.210159722864973	CM076443.1	408971	410237	+	NA	B9J08_05013
B9J08_01546	1468.81624774438	-0.153982979828734	0.0905452784626768	-1.70061854624708	0.0890146392666732	0.210159722864973	CM076438.1	3218956	3220399	+	NA	B9J08_01546
B9J08_03941	562.321713241661	-0.222401846901434	0.130804136987262	-1.70026615383802	0.089080873795958	0.210226297809676	CM076441.1	351238	352558	+	NA	B9J08_03941
B9J08_00290	2384.22970966494	0.1470689573344	0.0865290287785175	1.69964877001962	0.0891970109544761	0.210410533310025	CM076438.1	621515	621800	-	NA	B9J08_00290
B9J08_05194	1712.85250389281	-0.148063660138434	0.0871325235606497	-1.69929268759641	0.0892640496842172	0.21047884070165	CM076443.1	819012	820647	-	NA	B9J08_05194
B9J08_05368	1547.49965508052	0.154546621544298	0.0909694917885758	1.69888408196764	0.0893410268206924	0.210570513960753	CM076444.1	287955	289866	-	NA	B9J08_05368
B9J08_05540	431.412067658442	0.233405474525412	0.137489804558153	1.69762023646408	0.0895794609091933	0.210907230941834	CM076444.1	668973	670101	-	NA	B9J08_05540
B9J08_05367	2302.10569537659	0.143976568352597	0.0848158236157874	1.69752013497865	0.0895983676952102	0.210907230941834	CM076444.1	286661	287837	-	NA	B9J08_05367
B9J08_01681	867.683949462762	0.178800778051478	0.105320933216411	1.6976755958294	0.08956900622349	0.210907230941834	CM076438.1	3525835	3526537	+	NA	B9J08_01681
B9J08_01079	4593.85055181396	0.122044268044508	0.0719804683149594	1.69551922766726	0.0899769658853932	0.211708254767377	CM076438.1	2224700	2225678	-	NA	B9J08_01079
B9J08_04397	2535.53116550575	-0.133773902441952	0.0789212814368488	-1.69502952823941	0.0900698193729368	0.211746444778487	CM076441.1	1353084	1357413	+	NA	B9J08_04397
B9J08_01840	2191.05385740748	-0.155292699376067	0.0916082647162927	-1.69518219624618	0.0900408632297775	0.211746444778487	CM076438.1	3883152	3884730	+	NA	B9J08_01840
B9J08_04724	3283.48084138698	0.136189047930349	0.0805362564346397	1.6910277924437	0.0908314946849777	0.213355576338237	CM076442.1	672335	673649	-	NA	B9J08_04724
B9J08_01492	29691.1218176598	-0.11079823439873	0.0655161041542808	-1.69116030064633	0.0908061909082667	0.213355576338237	CM076438.1	3125494	3126084	-	NA	B9J08_01492
B9J08_04175	2.86657693864583	-3.26416597901024	1.93203116134833	-1.68949965420446	0.0911237180729802	0.213860207978498	CM076441.1	854135	855518	-	NA	B9J08_04175
B9J08_03543	320.654292977829	-0.286929919554431	0.169819648969329	-1.68961554976629	0.0911015290954112	0.213860207978498	CM076440.1	1126153	1128805	-	NA	B9J08_03543
B9J08_04491	1361.55188865264	-0.159832036049887	0.094679332705463	-1.68814071120576	0.0913842210931374	0.214380556019427	CM076442.1	147914	150041	+	NA	B9J08_04491
B9J08_05582	1150.22305037132	0.165869372115633	0.0983002072746634	1.68737560900734	0.0915311508027552	0.214568024455081	CM076444.1	747963	748935	-	NA	B9J08_05582
B9J08_04973	2335.99618522976	0.137816217470624	0.0816815283537275	1.68723847665779	0.091557505661089	0.214568024455081	CM076443.1	317831	319115	+	NA	B9J08_04973
B9J08_04898	2185.19644074526	-0.148868661458767	0.0882384227316776	-1.68711834198871	0.0915805988220619	0.214568024455081	CM076443.1	138391	138970	-	NA	B9J08_04898
B9J08_04545	1172.54148712675	-0.161179495926164	0.0955977882795211	-1.68601699711803	0.0917925255962646	0.214973427529896	CM076442.1	296552	297620	-	NA	B9J08_04545
B9J08_04278	1544.08290457174	-0.152767911891168	0.090682013828569	-1.68465504283981	0.0920551450278519	0.215497156530681	CM076441.1	1092598	1093693	+	NA	B9J08_04278
B9J08_02862	290.672833355911	-0.274047245978447	0.162727769611892	-1.68408407877804	0.0921654208313399	0.215663963139211	CM076439.1	1944028	1946929	+	NA	B9J08_02862
B9J08_04238	4560.56871940523	-0.119378046501717	0.0709812568591927	-1.68182491806999	0.0926027953150697	0.216412536873738	CM076441.1	996133	996598	+	NA	B9J08_04238
B9J08_03603	1014.83967810342	-0.182562935313264	0.108538550168714	-1.68201007871845	0.092566885551202	0.216412536873738	CM076440.1	1267225	1267624	+	NA	B9J08_03603
B9J08_00760	2046.64665463911	0.154508376162984	0.0918483284837084	1.68221217210708	0.0925277046410647	0.216412536873738	CM076438.1	1620955	1624774	+	NA	B9J08_00760
B9J08_02898	112.611209203908	-0.426364735806022	0.25356919996731	-1.68145317278671	0.0926749247790871	0.216489564350809	CM076439.1	2046744	2047665	+	NA	B9J08_02898
B9J08_04523	975.607621977757	0.179129103992913	0.106561697485032	1.68098958838446	0.0927649369113804	0.216581641337572	CM076442.1	241207	242461	+	NA	B9J08_04523
B9J08_03866	1148.17043415442	-0.169923535623838	0.101094017163735	-1.68084660587406	0.0927927133503474	0.216581641337572	CM076441.1	194273	195110	-	NA	B9J08_03866
B9J08_01081	670.202712004844	0.211131175839837	0.125664839118428	1.68011336600579	0.0929352608231704	0.216822788758828	CM076438.1	2227616	2229116	-	NA	B9J08_01081
B9J08_02977	42.5507023367649	-0.691772779256209	0.411866755002896	-1.67960334465778	0.093034516508793	0.216962773309746	CM076439.1	2229373	2230612	+	NA	B9J08_02977
B9J08_00191	421.702225732914	-0.234786106409748	0.139876624654372	-1.67852281959114	0.0932450794662615	0.21736210637285	CM076438.1	412522	413011	+	NA	B9J08_00191
B9J08_01381	2137.78343447966	0.137117122038183	0.0817279172672288	1.67772686033153	0.0934004332837781	0.217632459847994	CM076438.1	2876802	2878623	+	NA	B9J08_01381
B9J08_02070	2650.09180368618	0.133092424118112	0.0794012448581034	1.67620072400577	0.0936988824396742	0.218143944079225	CM076439.1	244243	246592	+	NA	B9J08_02070
B9J08_00807	463.280931492375	0.223690474740443	0.13344971270818	1.67621548372753	0.0936959923896475	0.218143944079225	CM076438.1	1707969	1708785	-	NA	B9J08_00807
B9J08_03521	8324.69583646761	0.111241372032435	0.0664582083816939	1.67385451310296	0.0941591956842165	0.219123315598596	CM076440.1	1071150	1072818	+	NA	B9J08_03521
B9J08_04735	18901.5264697291	0.141340806124356	0.0844965925705542	1.67273971440135	0.0943785473575174	0.219506530917303	CM076442.1	705062	706823	+	NA	B9J08_04735
B9J08_02437	151.925979820436	0.361422410451552	0.216082370192216	1.67261405976827	0.0944032972662257	0.219506530917303	CM076439.1	1017930	1022349	+	NA	B9J08_02437
B9J08_02870	808.671223546924	-0.183740368466888	0.109931845533038	-1.6714025637973	0.0946421898652412	0.219969463156093	CM076439.1	1964219	1966139	-	NA	B9J08_02870
B9J08_00522	221.723682652211	-0.314938451514253	0.188629064310701	-1.66961784317342	0.0949949978243666	0.220696659510414	CM076438.1	1109583	1110771	+	NA	B9J08_00522
B9J08_03439	9.93190369780592	1.41650836041151	0.849271845929261	1.6679092415475	0.0953337448313313	0.221390591463348	CM076440.1	905496	907023	+	NA	B9J08_03439
B9J08_01554	1218.31372309853	-0.170209613622789	0.102105704747134	-1.66699416104433	0.095515565918201	0.221719669395169	CM076438.1	3233728	3235921	-	NA	B9J08_01554
B9J08_04663	2262.20063011268	0.138211283572187	0.0829328924712171	1.66654362887626	0.0956051859503032	0.221834535158407	CM076442.1	550048	551509	-	NA	B9J08_04663
B9J08_02025	253.733697966559	-0.306053394260509	0.183725856143356	-1.66581558352737	0.0957501513056476	0.222077669436137	CM076439.1	145605	147030	+	NA	B9J08_02025
B9J08_01848	19100.5495361374	0.112208798506007	0.0674019434800791	1.66477096523441	0.0959584586718144	0.22246745011708	CM076438.1	3900718	3902422	-	NA	B9J08_01848
B9J08_05338	2179.32228241899	0.150617002551837	0.0905770445438005	1.66286064322846	0.0963403341176302	0.223259130678466	CM076444.1	219304	220114	-	NA	B9J08_05338
B9J08_01367	67349.0686279428	-0.118659394895647	0.0713887329976392	-1.66215857759475	0.0964809829841719	0.223491363350175	CM076438.1	2847096	2849309	-	NA	B9J08_01367
B9J08_03837	1033.73628193015	-0.170465435879185	0.102576884274896	-1.66183089966306	0.0965466848030711	0.223549864644564	CM076441.1	132179	134471	-	NA	B9J08_03837
B9J08_01863	6323.62616741619	0.113663128618086	0.0684409497080323	1.66074739031195	0.0967641912243524	0.223959667042293	CM076438.1	3933618	3934683	+	NA	B9J08_01863
B9J08_05444	619.951474124563	-0.216247197155345	0.13030491258524	-1.65954754018874	0.0970055093002145	0.224424215111882	CM076444.1	441816	443652	+	NA	B9J08_05444
B9J08_01505	322.861479932186	-0.257338349574949	0.155234005862297	-1.65774469418271	0.0973690085463905	0.225170924784896	CM076438.1	3148089	3148932	+	NA	B9J08_01505
B9J08_04517	668.706200144085	0.208789195829002	0.126053663382004	1.65635166981438	0.0976506224275109	0.225416035362983	CM076442.1	222396	223716	-	NA	B9J08_04517
B9J08_04027	38303.6521021169	-0.109218068828905	0.0659445035604583	-1.65621185894247	0.097678922506666	0.225416035362983	CM076441.1	532667	533060	-	NA	B9J08_04027
B9J08_01432	1735.06446501987	0.147625213841147	0.0891197991043022	1.65648055005569	0.0976245406968352	0.225416035362983	CM076438.1	2972545	2974063	-	NA	B9J08_01432
B9J08_01266	474.704962174568	-0.223821776212741	0.135126544073368	-1.65638644684952	0.0976435839866434	0.225416035362983	CM076438.1	2622456	2624427	-	NA	B9J08_01266
B9J08_00392	62593.2686316453	0.10282474694034	0.06207664423903	1.65641600316548	0.0976376024733361	0.225416035362983	CM076438.1	834520	835174	-	NA	B9J08_00392
B9J08_04533	41755.304130718	0.099791311490189	0.0603188803944322	1.65439595094674	0.0980470886351147	0.22617122658025	CM076442.1	260598	261957	+	NA	B9J08_04533
B9J08_05288	2663.05981798993	-0.129132464711828	0.0780737009011136	-1.65398159971159	0.0981312513843972	0.226254895456904	CM076444.1	98984	102141	-	NA	B9J08_05288
B9J08_01583	12051.0846441918	0.108454688232071	0.065578513072103	1.65381438448941	0.0981652323693968	0.226254895456904	CM076438.1	3302031	3303246	-	NA	B9J08_01583
B9J08_03558	1434.44553420234	-0.149627932127482	0.0905165461126707	-1.65304509013449	0.0983216872107199	0.226510639083657	CM076440.1	1177977	1178808	+	NA	B9J08_03558
B9J08_01566	11945.8681433667	0.106990951924223	0.0647305697655542	1.65286590727889	0.0983581570111772	0.226510639083657	CM076438.1	3261518	3263480	-	NA	B9J08_01566
B9J08_04695	561.016520651325	0.203058820165013	0.122931868295239	1.65179967555148	0.0985753948671965	0.226916371274883	CM076442.1	620666	621575	+	NA	B9J08_04695
B9J08_05386	821.276835491086	0.18562164595606	0.112449871831612	1.65070571386705	0.0987986805324007	0.227335681641373	CM076444.1	321306	322758	-	NA	B9J08_05386
B9J08_00991	3398.83396477188	0.134211921160487	0.0813835049925337	1.64912928206766	0.0991211518413939	0.227947434164191	CM076438.1	2047437	2047896	-	NA	B9J08_00991
B9J08_00475	5365.52157668132	-0.123870989667782	0.0751187190620074	-1.64900295445043	0.099147029442865	0.227947434164191	CM076438.1	1006390	1009969	-	NA	B9J08_00475
B9J08_00613	1025.226415331	-0.166133372204154	0.100797492848897	-1.64818952841615	0.0993137849833904	0.228235879252889	CM076438.1	1312528	1314622	-	NA	B9J08_00613
B9J08_04168	2451.06212789517	-0.129738382671934	0.0787634955198772	-1.6471892444031	0.0995191538709361	0.228612786136602	CM076441.1	843408	844539	+	NA	B9J08_04168
B9J08_02400	3260.83077897273	0.131452672923838	0.0798423176030059	1.64640352222051	0.0996807084118095	0.22888877249359	CM076439.1	928578	931260	-	NA	B9J08_02400
B9J08_04423	909.899656014484	-0.180198654560874	0.109551031259602	-1.64488323376763	0.0999938931128131	0.229496977395899	CM076441.1	1419879	1421421	-	NA	B9J08_04423
B9J08_03256	447.207354842636	0.222395193461023	0.135220970447887	1.64467976175879	0.100035868524439	0.229496977395899	CM076440.1	522959	524051	-	NA	B9J08_03256
B9J08_03030	1030.32090775628	-0.168764253080718	0.102635146832827	-1.64431248250273	0.100111672245615	0.229496977395899	CM076440.1	34014	34974	-	NA	B9J08_03030
B9J08_00260	384.980958834749	-0.235604036287521	0.143282087277253	-1.64433699120829	0.100106612404358	0.229496977395899	CM076438.1	564671	566099	-	NA	B9J08_00260
B9J08_00539	3434.73289573788	-0.141290073056326	0.0859411547981703	-1.64403274994548	0.100169437695898	0.229534196577623	CM076438.1	1168635	1171446	-	NA	B9J08_00539
B9J08_03950	375.079370554639	-0.269655561992275	0.164222568128129	-1.64201281873686	0.100587347544484	0.230300857447541	CM076441.1	378978	379428	-	NA	B9J08_03950
B9J08_00983	5915.51818639598	-0.112153026511462	0.0682947785618614	-1.64219035295464	0.100550561328585	0.230300857447541	CM076438.1	2030569	2031622	+	NA	B9J08_00983
B9J08_01231	342.34154680106	-0.249539305903868	0.151990777790915	-1.64180557222455	0.100630303904317	0.230303805250169	CM076438.1	2542595	2543267	-	NA	B9J08_01231
B9J08_03561	9237.02677582203	0.114266254143814	0.0696342687363961	1.64094857628755	0.100808090250478	0.230615196529135	CM076440.1	1182128	1182684	+	NA	B9J08_03561
B9J08_03285	7052.0660776722	0.111221791180554	0.0678546332457174	1.63911859604036	0.10118856288432	0.231389816740438	CM076440.1	583087	584683	-	NA	B9J08_03285
B9J08_04728	1179.4594065749	-0.160221009607914	0.0979268315661407	-1.63612982310879	0.101812419736693	0.232712031409598	CM076442.1	684669	690177	+	NA	B9J08_04728
B9J08_00704	2067.91981671905	0.144934306289972	0.0886017772870212	1.63579457125859	0.101882588590943	0.232712031409598	CM076438.1	1493979	1496121	+	NA	B9J08_00704
B9J08_00364	65.6537047932686	-0.550006634039192	0.336242405401152	-1.63574440702388	0.101893091371671	0.232712031409598	CM076438.1	755280	756129	-	NA	B9J08_00364
B9J08_05345	559.245279702711	0.215230401616287	0.131631689222471	1.63509564366773	0.102028999260583	0.232830007808936	CM076444.1	231368	231806	+	NA	B9J08_05345
B9J08_03179	510.184749146175	0.219182229102804	0.134032972094518	1.63528589777327	0.101989128437802	0.232830007808936	CM076440.1	345104	346133	+	NA	B9J08_03179
B9J08_02323	350.716972684648	-0.248820083727734	0.152356313622423	-1.63314586584427	0.102438322147747	0.2335925300203	CM076439.1	740532	742128	+	NA	B9J08_02323
B9J08_02214	899.974586623636	-0.17158274512727	0.105065580061151	-1.63310139274351	0.102447673741489	0.2335925300203	CM076439.1	534447	535773	+	NA	B9J08_02214
B9J08_02622	254.37255948127	-0.303720019560474	0.186038610491937	-1.63256443787317	0.10256063569341	0.233753663289681	CM076439.1	1417836	1419012	-	NA	B9J08_02622
B9J08_03477	57474.5690232244	-0.112893721535116	0.0692319441005399	-1.630659415994	0.102962204515554	0.234572178218248	CM076440.1	985834	986833	-	NA	B9J08_03477
B9J08_04023	617.11758945841	0.203103502048202	0.124606064889873	1.62996481935053	0.103108932611735	0.23480967059953	CM076441.1	527173	527677	+	NA	B9J08_04023
B9J08_04796	1362.2740259137	0.158061388642112	0.0970143795385126	1.62925732653235	0.103258555797089	0.235053557615532	CM076442.1	849266	850952	+	NA	B9J08_04796
B9J08_00228	2542.94201787724	0.131035459730887	0.0804763720521881	1.62824760099663	0.103472395193574	0.235443362797399	CM076438.1	494028	497706	+	NA	B9J08_00228
B9J08_01309	3421.88966306841	-0.120597422703147	0.0741159707176871	-1.62714488571581	0.10370632990254	0.235878553650757	CM076438.1	2714879	2717072	-	NA	B9J08_01309
B9J08_04506	62.3895601329301	-0.538436725631729	0.331184016638244	-1.62579321036459	0.103993653211401	0.236434768119874	CM076442.1	193383	194742	+	NA	B9J08_04506
B9J08_03097	1250.67241199756	-0.164336290237327	0.101177241691433	-1.62424165247078	0.104324244483101	0.237088856602836	CM076440.1	168117	170358	+	NA	B9J08_03097
B9J08_05360	32856.4625865509	-0.107653710883827	0.0663250203748009	-1.62312367603475	0.104562969327984	0.23753371618404	CM076444.1	264572	266341	-	NA	B9J08_05360
B9J08_02329	393.107131609669	-0.236048323056237	0.145498383903646	-1.62234326404997	0.10472986997332	0.237815115588555	CM076439.1	755233	756223	-	NA	B9J08_02329
B9J08_04489	12230.5516838932	0.122760076478926	0.0757108819864865	1.62143239198874	0.104924938534011	0.238160219826479	CM076442.1	144603	145083	+	NA	B9J08_04489
B9J08_00674	478.547293733712	-0.21745458899255	0.134200035217294	-1.62037654193199	0.105151415793418	0.238576303403211	CM076438.1	1428297	1429506	+	NA	B9J08_00674
B9J08_00030	606.873062462012	-0.198055040410497	0.122297802542673	-1.61944888863715	0.105350715182381	0.238930407391474	CM076438.1	66504	69378	-	NA	B9J08_00030
B9J08_01343	246.790466197756	-0.283457649894349	0.175074787515147	-1.61906607980218	0.105433046123831	0.239019050831179	CM076438.1	2798348	2798615	-	NA	B9J08_01343
B9J08_00383	3311.87234415976	0.122735123061078	0.0758361091170995	1.61842589882297	0.10557084432471	0.239233315532052	CM076438.1	805583	806435	+	NA	B9J08_00383
B9J08_04076	376.33875759292	-0.2440066248152	0.150984935774017	-1.61609913972088	0.106072880218471	0.240174030711794	CM076441.1	627919	628582	-	NA	B9J08_04076
B9J08_01477	3772.73738226831	-0.118201762204697	0.0731357053330505	-1.61619774727572	0.106051565696307	0.240174030711794	CM076438.1	3082791	3086244	-	NA	B9J08_01477
B9J08_05350	1151.07109668681	0.15882475387613	0.0982913284406179	1.61585723171992	0.106125184247002	0.240194059513997	CM076444.1	238681	240226	-	NA	B9J08_05350
B9J08_00480	527.600668725913	-0.225136742506056	0.139392128639717	-1.61513239451247	0.106282027046271	0.240450578585649	CM076438.1	1020276	1022280	+	NA	B9J08_00480
B9J08_01772	598.518355231864	0.206314248502571	0.12778413708295	1.61455289531473	0.106407553254128	0.240636066626663	CM076438.1	3731309	3732440	+	NA	B9J08_01772
B9J08_03886	2462.20101712913	0.130062801044226	0.0805959200351565	1.61376408368428	0.106578607788827	0.240852689519558	CM076441.1	236033	237029	-	NA	B9J08_03886
B9J08_03637	2029.27844438065	0.134271874194559	0.0832069783447811	1.61370929296558	0.106590497297782	0.240852689519558	CM076440.1	1353458	1354016	+	NA	B9J08_03637
B9J08_04162	2188.71754476668	0.132715142285775	0.0822566139702745	1.6134282202977	0.106651506202157	0.240892061618032	CM076441.1	831206	831554	+	NA	B9J08_04162
B9J08_00644	414.510966825724	0.225328731635088	0.139760354576271	1.61225071529223	0.106907393279295	0.241272830810397	CM076438.1	1374443	1375325	-	NA	B9J08_00644
B9J08_00192	939.592734623559	0.168821928919714	0.104710618445041	1.61227133815776	0.10690290748188	0.241272830810397	CM076438.1	413072	413784	-	NA	B9J08_00192
B9J08_04057	829.025966056222	-0.17927165791953	0.11121386844951	-1.61195416020366	0.106971915167334	0.241319908216266	CM076441.1	591641	592661	+	NA	B9J08_04057
B9J08_03174	2057.81613801752	-0.132489459407712	0.0822933938549818	-1.60996470313506	0.107405562157248	0.242199323559001	CM076440.1	332978	334109	+	NA	B9J08_03174
B9J08_04909	1347.65875741257	0.149203325746585	0.0927528649145082	1.60861150633037	0.10770131666433	0.242767201143455	CM076443.1	174644	175136	-	NA	B9J08_04909
B9J08_03895	6010.98282375387	0.117439319597659	0.0730483044869637	1.60769398307687	0.107902217011897	0.243120894180496	CM076441.1	253071	254170	-	NA	B9J08_03895
B9J08_04626	214.457753048643	-0.314343341187285	0.195715532135077	-1.6061236313648	0.108246748588761	0.243797791136954	CM076442.1	478334	478574	-	NA	B9J08_04626
B9J08_05380	706.169519417411	0.181529721799506	0.113065421837006	1.60552818757619	0.108377615025428	0.243893761500628	CM076444.1	312176	312788	+	NA	B9J08_05380
B9J08_01390	1058.22882916189	0.159069050886547	0.0990693239065987	1.6056337584025	0.108354403577903	0.243893761500628	CM076438.1	2890170	2891373	-	NA	B9J08_01390
B9J08_04664	1068.82880692793	0.16164124924878	0.100738340356508	1.60456533904311	0.108589494429679	0.244248592574924	CM076442.1	552044	553046	-	NA	B9J08_04664
B9J08_00286	1087.59433759149	-0.158718360889927	0.0989263000534369	-1.60441015992909	0.108623672977956	0.244248592574924	CM076438.1	615201	616086	+	NA	B9J08_00286
B9J08_03930	2185.86618040248	-0.132752943197116	0.082754838729538	-1.60417137215363	0.108676283145939	0.244267514008787	CM076441.1	328192	329443	-	NA	B9J08_03930
B9J08_02294	839.221706225965	0.182640427299771	0.11389245808009	1.60362178829556	0.10879744507617	0.244440438591865	CM076439.1	680496	685498	+	NA	B9J08_02294
B9J08_02064	3249.14376586873	-0.123440523370625	0.076997377199769	-1.60317828814298	0.108895297548957	0.244560873447008	CM076439.1	231658	234145	-	NA	B9J08_02064
B9J08_00661	3518.33600260621	0.126166056739315	0.0787210706190848	1.60269741947245	0.109001473536737	0.244699896115982	CM076438.1	1407861	1408515	+	NA	B9J08_00661
B9J08_04430	13.5638014919907	1.13569518116455	0.709059127202138	1.60169319820459	0.109223470004696	0.245098708370261	CM076442.1	14266	14620	+	NA	B9J08_04430
B9J08_00910	68.099114549876	-0.507924420544428	0.317179700471701	-1.60137745192727	0.109293343746598	0.245155970327697	CM076438.1	1901383	1901455	-	NA	B9J08_00910
B9J08_04514	1089.96350539225	0.162868520239115	0.101723619436668	1.60108852930184	0.1093573124547	0.245199945613439	CM076442.1	216080	217232	-	NA	B9J08_04514
B9J08_03005	1666.90113144487	-0.138726705093758	0.0866654780610087	-1.60071470437283	0.109440122820685	0.245286114691779	CM076439.1	2285885	2286407	+	NA	B9J08_03005
B9J08_00531	351.65047754836	-0.242078241620202	0.151263789646108	-1.6003713921657	0.109516217617412	0.245357168533212	CM076438.1	1144145	1146368	+	NA	B9J08_00531
B9J08_00558	5200.48090801989	-0.110993063939484	0.0693850260339665	-1.59966883755508	0.109672068494067	0.245606775756365	CM076438.1	1209773	1211261	-	NA	B9J08_00558
B9J08_01691	226.509962559457	-0.292683150411521	0.183028545691198	-1.59911203635596	0.109795710710695	0.245784079829085	CM076438.1	3550443	3551406	+	NA	B9J08_01691
B9J08_02332	799.54803953423	0.176830403278976	0.110611709141287	1.5986589905514	0.109896394464317	0.245909867289183	CM076439.1	760026	761286	-	NA	B9J08_02332
B9J08_03839	89067.2054240077	0.0993148515263041	0.0622116620884864	1.59640247812451	0.110398963230895	0.246934467736606	CM076441.1	137076	137847	+	NA	B9J08_03839
B9J08_05070	541.659750726376	0.204684475666813	0.128243635149757	1.59605952706964	0.110475503706049	0.247005707517531	CM076443.1	545145	545892	+	NA	B9J08_05070
B9J08_01022	3.69182427576079	-2.61030571658265	1.63590787350231	-1.59563124480491	0.11057114741159	0.24711958420698	CM076438.1	2102392	2102466	+	NA	B9J08_01022
B9J08_05161	665.242967171744	-0.185487397890035	0.11631151096025	-1.59474669668272	0.110768891100121	0.247461463666277	CM076443.1	751414	752467	-	NA	B9J08_05161
B9J08_00163	2099.5802002319	0.133671971867039	0.0838613916782849	1.59396319560067	0.110944278507302	0.247753142347416	CM076438.1	347389	354064	-	NA	B9J08_00163
B9J08_03802	1282.59167673714	-0.15558779920899	0.0976618868364992	-1.59312710668254	0.111131679484942	0.247835983619385	CM076441.1	64315	67216	-	NA	B9J08_03802
B9J08_03202	928.930347663448	-0.166329937159892	0.10441317771929	-1.59299755828774	0.111160738808116	0.247835983619385	CM076440.1	396706	399481	+	NA	B9J08_03202
B9J08_02953	69.4490029364776	-0.505371584422075	0.317225631435573	-1.59309820626747	0.111138161689337	0.247835983619385	CM076439.1	2167843	2170288	+	NA	B9J08_02953
B9J08_00447	79.9497085565899	-0.483254812602803	0.303263778433141	-1.59351312939387	0.111045125323399	0.247835983619385	CM076438.1	947882	949229	-	NA	B9J08_00447
B9J08_04437	326.829070946274	-0.246269997253027	0.154645863292669	-1.59247710872782	0.111277542599963	0.247895467047172	CM076442.1	32442	33990	+	NA	B9J08_04437
B9J08_02548	3328.80840745955	0.121581675068206	0.0763570053951109	1.59227924718994	0.111321973803344	0.247895467047172	CM076439.1	1260003	1262082	-	NA	B9J08_02548
B9J08_00979	430.376747452765	-0.223233816043357	0.14018281292946	-1.59244782850582	0.111284116797753	0.247895467047172	CM076438.1	2024063	2025056	-	NA	B9J08_00979
B9J08_04574	48.591308192477	0.62162867115766	0.390719064689898	1.59098627974816	0.111612663546992	0.248442686840202	CM076442.1	358364	358919	+	NA	B9J08_04574
B9J08_03512	1479.84990671295	0.14202585457923	0.0893028702375972	1.59038398431495	0.111748278162492	0.248644417634499	CM076440.1	1058375	1059161	+	NA	B9J08_03512
B9J08_05504	3118.80531362559	0.12035905946998	0.0757181092487112	1.58956768287276	0.111932286453288	0.248766883003637	CM076444.1	588825	591672	-	NA	B9J08_05504
B9J08_03975	3786.14759334158	-0.11604622219183	0.0729917139278918	-1.58985473757298	0.111867552193604	0.248766883003637	CM076441.1	426536	427784	+	NA	B9J08_03975
B9J08_00189	220.990712871352	-0.29082753491597	0.182963237761407	-1.58954081964391	0.111938345943558	0.248766883003637	CM076438.1	408717	409293	-	NA	B9J08_00189
B9J08_00617	1169.29233422857	-0.157892180039555	0.0993638900116441	-1.58902977752835	0.112053670085438	0.248923084631116	CM076438.1	1318908	1320462	+	NA	B9J08_00617
B9J08_02196	751.828028074136	-0.180999911638702	0.113972025739254	-1.58810822624838	0.112261868468176	0.249085594647901	CM076439.1	504233	505934	-	NA	B9J08_02196
B9J08_02141	3591.34653040965	0.123284789375677	0.0776300011167671	1.58810753062129	0.112262025740532	0.249085594647901	CM076439.1	395701	396682	+	NA	B9J08_02141
B9J08_00698	362.646555727637	0.23254803682886	0.146415531203652	1.58827437852481	0.112224308547652	0.249085594647901	CM076438.1	1479621	1480938	+	NA	B9J08_00698
B9J08_04268	8459.15403399066	0.124503720380352	0.0784341920635546	1.58736537095286	0.112429917514671	0.249358007264682	CM076441.1	1066214	1067499	-	NA	B9J08_04268
B9J08_00468	10396.7965749566	0.10635534381685	0.0670125712001914	1.58709540481781	0.112491038485288	0.249393489654307	CM076438.1	984513	985175	-	NA	B9J08_00468
B9J08_02892	5196.95402789503	-0.122836278826894	0.0774767675750964	-1.58545952124076	0.112861966893064	0.250115513639921	CM076439.1	2023296	2025326	-	NA	B9J08_02892
B9J08_04912	3122.58578033895	-0.123165586179825	0.0777404804701892	-1.58431727505279	0.113121536539956	0.250590273529594	CM076443.1	180686	181250	-	NA	B9J08_04912
B9J08_01262	911.291568691005	-0.175075355292055	0.110626026370093	-1.58258739861405	0.11351553753943	0.251362330120365	CM076438.1	2607376	2613946	+	NA	B9J08_01262
B9J08_00258	4043.21065475633	-0.118043327747816	0.0746063322739134	-1.58221593462638	0.113600283921896	0.251449246790678	CM076438.1	561300	563208	-	NA	B9J08_00258
B9J08_04508	926.813165188848	-0.163362655739291	0.103323292314568	-1.58108256211904	0.113859161309306	0.251820562047433	CM076442.1	197705	200363	+	NA	B9J08_04508
B9J08_00519	78.6500825605555	0.486739513397148	0.307830667753031	1.58119240344063	0.113834051776385	0.251820562047433	CM076438.1	1099846	1101607	+	NA	B9J08_00519
B9J08_00882	53.2851691359278	0.571763928743528	0.361834302331194	1.58018166066572	0.114065270409068	0.252175499820367	CM076438.1	1852344	1853232	+	NA	B9J08_00882
B9J08_03710	2694.82077527813	0.126112271171902	0.0799072117933305	1.57823390832451	0.114511883035525	0.253061646356395	CM076440.1	1511601	1512090	-	NA	B9J08_03710
B9J08_05365	826.724017257115	0.180329188592394	0.114353193426811	1.5769493023193	0.114807190909497	0.253612847384809	CM076444.1	283230	284478	+	NA	B9J08_05365
B9J08_02488	1754.33072195076	0.147524037636133	0.0935889037191378	1.57629838339442	0.114957054037531	0.253842444133213	CM076439.1	1154789	1156325	-	NA	B9J08_02488
B9J08_03681	1733.90772031522	-0.146239903007358	0.092842376142983	-1.5751417518886	0.115223728600479	0.254261737510684	CM076440.1	1443001	1446007	-	NA	B9J08_03681
B9J08_00856	2140.91619842356	-0.135134812310581	0.0857957508952349	-1.57507581553303	0.115238945624075	0.254261737510684	CM076438.1	1798058	1804481	-	NA	B9J08_00856
B9J08_04778	5406.09924162801	0.109594261660608	0.0696155755460213	1.57427789400603	0.11542321806941	0.254515304781886	CM076442.1	808544	810800	-	NA	B9J08_04778
B9J08_03437	1022.2084281582	0.159446304936244	0.101288518844234	1.57417945050068	0.115445968715069	0.254515304781886	CM076440.1	901950	902985	-	NA	B9J08_03437
B9J08_03090	571.57611135459	-0.198828976688792	0.126349868935499	-1.57363817124569	0.115571123283587	0.254588122115738	CM076440.1	155135	157100	-	NA	B9J08_03090
B9J08_00244	1534.87901057752	-0.143628768699675	0.0912609344965487	-1.57382531191488	0.115527840565801	0.254588122115738	CM076438.1	529942	534139	+	NA	B9J08_00244
B9J08_05306	892.219720932976	0.169047266451121	0.107577496968593	1.57139988580023	0.116089792500454	0.255628798067733	CM076444.1	143600	144191	-	NA	B9J08_05306
B9J08_01755	164.547300964725	-0.336239624722873	0.214082791173366	-1.5706055721713	0.116274294865231	0.255892622478169	CM076438.1	3691470	3693495	+	NA	B9J08_01755
B9J08_01371	9011.304525887	0.102075998814048	0.0649964598808631	1.5704855156904	0.116302201495415	0.255892622478169	CM076438.1	2855020	2856573	+	NA	B9J08_01371
B9J08_04590	294.513654865366	0.255090894673111	0.162465514748629	1.57012332782003	0.116386422447131	0.255976027403617	CM076442.1	394114	394921	+	NA	B9J08_04590
B9J08_05478	173.94183605216	-0.337288782494737	0.214909242881353	-1.56944753968049	0.116543694188368	0.256032215866026	CM076444.1	527542	527998	-	NA	B9J08_05478
B9J08_04321	2084.35414161461	0.136543869614848	0.0869946608080767	1.56956608999355	0.11651609268391	0.256032215866026	CM076441.1	1209305	1212308	+	NA	B9J08_04321
B9J08_04064	2633.12953232164	0.125034475705443	0.079669407397894	1.56941641452134	0.116550941762063	0.256032215866026	CM076441.1	604010	604982	-	NA	B9J08_04064
B9J08_00178	4440.50148426335	0.113744743181584	0.0725616441067569	1.56756017013942	0.116983813588516	0.256881024117492	CM076438.1	387176	387998	-	NA	B9J08_00178
B9J08_05177	2019.87116939448	-0.137482162092077	0.0877668246535621	-1.56644794470752	0.117243786137647	0.257027191508297	CM076443.1	779565	780168	-	NA	B9J08_05177
B9J08_05075	1484.43251903209	-0.143211185917159	0.0914376563765448	-1.56621671631006	0.117297890570544	0.257027191508297	CM076443.1	553123	558883	-	NA	B9J08_05075
B9J08_03096	479.175309792415	-0.20930585433446	0.13364935115118	-1.56608208368854	0.117329401877227	0.257027191508297	CM076440.1	165366	167325	+	NA	B9J08_03096
B9J08_03045	4354.95893432261	-0.111528483555633	0.0711817022998357	-1.56681394167627	0.117158187664094	0.257027191508297	CM076440.1	66503	70415	-	NA	B9J08_03045
B9J08_01502	193.903463327027	-0.303953645463968	0.193979561474399	-1.56693645017897	0.117129546638658	0.257027191508297	CM076438.1	3143299	3143740	-	NA	B9J08_01502
B9J08_00046	167.109250291466	0.324904978819543	0.207397690692465	1.56657953969855	0.117213003372746	0.257027191508297	CM076438.1	107376	107869	+	NA	B9J08_00046
B9J08_00088	1398.90865284632	-0.142966600335702	0.0913159719006234	-1.56562534855664	0.117436352084398	0.25715955545581	CM076438.1	197734	199159	-	NA	B9J08_00088
B9J08_01315	1.28294394931965	3.99029634603754	2.55022668588147	1.56468300176159	0.117657256093547	0.257439293123132	CM076438.1	2739614	2739686	-	NA	B9J08_01315
B9J08_00575	1.28294394931965	3.99029634603754	2.55022668588147	1.56468300176159	0.117657256093547	0.257439293123132	CM076438.1	1246829	1246903	+	NA	B9J08_00575
B9J08_03747	911.527071549594	-0.163229136830493	0.104340216901345	-1.56439330564961	0.117725231863609	0.257486092801807	CM076440.1	1604093	1605086	-	NA	B9J08_03747
B9J08_02712	1138.60721670445	0.162107686449099	0.103639332755489	1.56415216249559	0.117781838419944	0.257507998792337	CM076439.1	1623935	1625300	+	NA	B9J08_02712
B9J08_05011	393.86531807133	0.222757990245605	0.14265043297963	1.56156546876668	0.11839038958779	0.258736134144609	CM076443.1	406773	407628	-	NA	B9J08_05011
B9J08_02901	742.466308068921	0.182199604487711	0.116708987999138	1.56114458373212	0.118489640748897	0.258850689493736	CM076439.1	2052475	2053852	+	NA	B9J08_02901
B9J08_03272	1121.68560430186	-0.1552528202924	0.0994800662397107	-1.56064251021201	0.118608122730297	0.259007149083504	CM076440.1	558797	560348	-	NA	B9J08_03272
B9J08_03329	1972.16742760803	-0.134749862688529	0.0863824961986023	-1.55992091706548	0.118778570793663	0.25919020975355	CM076440.1	683384	684566	+	NA	B9J08_03329
B9J08_01071	1998.70876737669	0.133300686334276	0.085455152285582	1.55989057147542	0.118785742953816	0.25919020975355	CM076438.1	2204820	2207259	+	NA	B9J08_01071
B9J08_05179	141.108865852396	-0.359022945048384	0.230244508555637	-1.55931165221093	0.118922635171179	0.259353604692684	CM076443.1	784102	786079	-	NA	B9J08_05179
B9J08_04407	2861.9639999742	0.123595828830319	0.0792778017417511	1.55902189660776	0.118991197686201	0.259353604692684	CM076441.1	1380247	1381525	+	NA	B9J08_04407
B9J08_01625	336.606411217761	0.23662446248833	0.151781707514781	1.55897878843725	0.119001400669558	0.259353604692684	CM076438.1	3383231	3383750	+	NA	B9J08_01625
B9J08_01182	1318.54185154171	0.146647758984589	0.0940985386854031	1.55844884557529	0.119126885323975	0.259524751748367	CM076438.1	2453801	2454173	+	NA	B9J08_01182
B9J08_04477	1587.5096287872	0.142635051727914	0.0915533205251915	1.55794515053845	0.119246250884242	0.259682438391335	CM076442.1	117834	118404	+	NA	B9J08_04477
B9J08_04189	583.865631208817	0.193209230159888	0.124045843148004	1.55756311744653	0.11933684750537	0.2597773754085	CM076441.1	881250	881925	-	NA	B9J08_04189
B9J08_03661	945.346571608021	0.162756040173732	0.104577344708646	1.5563221711851	0.119631501869239	0.260296650950279	CM076440.1	1392716	1393451	+	NA	B9J08_03661
B9J08_02578	886.070278429742	0.167278070587107	0.107493997815554	1.55616196240216	0.119669583872744	0.260296650950279	CM076439.1	1337480	1339115	-	NA	B9J08_02578
B9J08_03031	2153.4592294974	-0.133931945372968	0.0860909514612633	-1.55570292928208	0.119778749706463	0.260431608822825	CM076440.1	36965	38738	+	NA	B9J08_03031
B9J08_04270	45098.1751715255	0.110556834890283	0.0710887015714075	1.55519558588689	0.119899495269702	0.260591628138279	CM076441.1	1071103	1071701	-	NA	B9J08_04270
B9J08_04641	528.440908082328	0.198316364165105	0.127568145984479	1.5545915685663	0.120043373097969	0.260645784567105	CM076442.1	507154	508093	-	NA	B9J08_04641
B9J08_03606	1730.34575550481	-0.135576742384013	0.0872158222299679	-1.55449709602609	0.120065888819948	0.260645784567105	CM076440.1	1272441	1274064	+	NA	B9J08_03606
B9J08_02819	711.640232270797	-0.195537273211763	0.125760313613572	-1.55484085235822	0.119983976949864	0.260645784567105	CM076439.1	1861238	1862402	-	NA	B9J08_02819
B9J08_03419	1658.39655512694	0.134014818791744	0.0863314840038139	1.55232845048538	0.120583653772161	0.261667002119645	CM076440.1	868656	869526	-	NA	B9J08_03419
B9J08_01533	2571.77658182457	-0.134942672057108	0.0869935768778373	-1.55117971809119	0.120858621215613	0.262160753319737	CM076438.1	3198098	3199019	-	NA	B9J08_01533
B9J08_01170	4162.51595573824	-0.114498837531325	0.0739085296645045	-1.54919652780367	0.121334483908528	0.263089718541558	CM076438.1	2428278	2429073	-	NA	B9J08_01170
B9J08_01977	703.006615331578	-0.179358235810129	0.115824400968398	-1.54853583796273	0.121493340197294	0.263227632799076	CM076439.1	45894	49302	+	NA	B9J08_01977
B9J08_00730	498.489153741008	-0.202625767212206	0.130843759134166	-1.54860857371452	0.121475843646843	0.263227632799076	CM076438.1	1559058	1559751	-	NA	B9J08_00730
B9J08_05032	660.30707206114	-0.182513584686045	0.117909754898695	-1.54790911780671	0.12164417909559	0.263451166873559	CM076443.1	453492	455727	-	NA	B9J08_05032
B9J08_05249	25.7580300821868	0.803061076688791	0.519020844128954	1.54726170590803	0.121800151810687	0.263685640053923	CM076444.1	4676	6161	-	NA	B9J08_05249
B9J08_04780	2495.04034943076	-0.124021036591589	0.0802314240631238	-1.54579129112818	0.122154980983587	0.264132648308602	CM076442.1	814777	817384	+	NA	B9J08_04780
B9J08_04055	132.386759816562	0.365358129637073	0.236414038625639	1.54541638796509	0.122245578862566	0.264132648308602	CM076441.1	585485	587213	-	NA	B9J08_04055
B9J08_03790	2134.93341283201	-0.126496133493205	0.0818289986776483	-1.54585948181421	0.122138507886479	0.264132648308602	CM076441.1	31092	38367	-	NA	B9J08_03790
B9J08_00890	1566.70942834938	0.135905960078822	0.0879186868028756	1.54581426339476	0.122149431287196	0.264132648308602	CM076438.1	1863649	1864879	+	NA	B9J08_00890
B9J08_00321	76465.8241810795	0.0923030018533536	0.0597237686810359	1.54549861624293	0.122225703349837	0.264132648308602	CM076438.1	681112	681727	-	NA	B9J08_00321
B9J08_02990	1497.05267722558	0.13866914129786	0.0897562531340864	1.54495242900461	0.122357770373796	0.264271745547469	CM076439.1	2256908	2258753	+	NA	B9J08_02990
B9J08_04813	1054.77266929177	-0.158725287513318	0.102757690784556	-1.54465603792232	0.122429483829651	0.264323342627533	CM076442.1	881905	885613	-	NA	B9J08_04813
B9J08_03248	250.556791541479	0.277278351319014	0.179611348256041	1.5437685536648	0.122644411954398	0.264683976912128	CM076440.1	500500	500782	-	NA	B9J08_03248
B9J08_05566	792.637553389174	0.170307867453818	0.110434490333598	1.54216193636024	0.123034247166516	0.265421656553214	CM076444.1	721524	721827	-	NA	B9J08_05566
B9J08_05120	226.540813904213	-0.279850216292701	0.181715145645995	-1.54004893371896	0.123548426030757	0.266426902330079	CM076443.1	652123	652516	-	NA	B9J08_05120
B9J08_04769	516.370268828002	0.198197963069659	0.128760995236054	1.5392702014015	0.123738345522278	0.266524487802662	CM076442.1	791500	792868	+	NA	B9J08_04769
B9J08_01111	17993.9488307427	0.100923877642661	0.0655582581925141	1.53945331107326	0.123693667727658	0.266524487802662	CM076438.1	2298263	2298590	-	NA	B9J08_01111
B9J08_00175	1566.3782388198	0.145917756068195	0.0947876848384844	1.5394168168242	0.123702571127225	0.266524487802662	CM076438.1	379835	381341	-	NA	B9J08_00175
B9J08_05400	6838.16192314406	0.104355173597042	0.0678196913187938	1.53871495973801	0.123873898566245	0.266712519429542	CM076444.1	345409	348466	-	NA	B9J08_05400
B9J08_00826	290.70748791183	-0.253335267253506	0.164699186562513	-1.53816951097904	0.124007173647891	0.266895501850425	CM076438.1	1750982	1751669	-	NA	B9J08_00826
B9J08_00771	442.332514619533	-0.21038448105621	0.136805551420169	-1.53783584709994	0.124088756302197	0.266967129654436	CM076438.1	1639574	1640339	+	NA	B9J08_00771
B9J08_04325	1899.46360885542	0.128926583799776	0.0838847808408728	1.53694844890095	0.12430593384598	0.267330309870323	CM076441.1	1219546	1220716	+	NA	B9J08_04325
B9J08_03609	858.335836180079	0.163929233103692	0.106673443908959	1.53673892110953	0.124357255911167	0.26733666021821	CM076440.1	1278989	1280540	-	NA	B9J08_03609
B9J08_05463	9428.9883199556	0.107378719032577	0.0699117420014227	1.53591823002195	0.124558436451298	0.26766503820619	CM076444.1	487772	488891	+	NA	B9J08_05463
B9J08_05069	539.578158168216	0.192877983918488	0.125606506041446	1.53557319598433	0.124643092306737	0.267742857045992	CM076443.1	540388	540870	-	NA	B9J08_05069
B9J08_02545	4246.5534252069	0.113110717673065	0.0737243004881382	1.53423927964245	0.124970797590945	0.268342501276284	CM076439.1	1256117	1256498	-	NA	B9J08_02545
B9J08_01189	2820.8383939001	0.132679783672102	0.0865065067241819	1.53375495897828	0.125089947482834	0.268389805798766	CM076438.1	2468939	2470646	-	NA	B9J08_01189
B9J08_00022	221.27665009516	0.287620595292743	0.187523166174042	1.5337870043523	0.125082061122146	0.268389805798766	CM076438.1	50908	51358	-	NA	B9J08_00022
B9J08_05030	1763.43173316758	-0.143931397537907	0.0940477697645838	-1.5304073440358	0.125915932275748	0.270057181873518	CM076443.1	447822	448722	-	NA	B9J08_05030
B9J08_00461	75309.3029229909	0.0934809824455196	0.0611123371250324	1.5296581155825	0.126101376201567	0.270350002430589	CM076438.1	974812	975475	-	NA	B9J08_00461
B9J08_04536	133802.120383263	0.137245300141731	0.0897367698304143	1.52942099878455	0.126160110030333	0.27037104619529	CM076442.1	271704	272136	-	NA	B9J08_04536
B9J08_02952	3752.62757867877	0.117779755143852	0.0771646578903696	1.52634325562858	0.126924401439865	0.271798204865608	CM076439.1	2164683	2166936	+	NA	B9J08_02952
B9J08_01493	584.873170188355	0.187042635267473	0.122539571566437	1.52638558203269	0.126913866202481	0.271798204865608	CM076438.1	3126384	3127533	-	NA	B9J08_01493
B9J08_03194	564.923183796565	-0.192044145754133	0.125911737497831	-1.52522830333781	0.12720216339993	0.272287512436644	CM076440.1	378976	379633	+	NA	B9J08_03194
B9J08_04177	891.895813413995	0.160745200782652	0.105407881817186	1.52498274333451	0.12726340192904	0.272313132970115	CM076441.1	858931	861412	+	NA	B9J08_04177
B9J08_02837	1830.69556291548	-0.13342479268613	0.0875124996443645	-1.52463697447045	0.127349669747891	0.272392269619424	CM076439.1	1894743	1896036	+	NA	B9J08_02837
B9J08_00571	12027.0554368113	-0.0982508308077272	0.0644812085179952	-1.52371261435504	0.127580516948746	0.272780470861013	CM076438.1	1238056	1239697	-	NA	B9J08_00571
B9J08_02906	3202.3176220194	-0.125128955471631	0.0821445364587945	-1.52327788147418	0.127689198444573	0.272907269838806	CM076439.1	2061604	2062828	-	NA	B9J08_02906
B9J08_02829	535.455768409101	-0.197324300819628	0.12957293944641	-1.52288202816637	0.127788222825259	0.273013338830771	CM076439.1	1879630	1881124	+	NA	B9J08_02829
B9J08_01234	309.363100473462	-0.248911120891205	0.163588716002655	-1.52156656628545	0.128117720224209	0.273611530015147	CM076438.1	2548408	2549332	-	NA	B9J08_01234
B9J08_02530	2126.35383676582	0.130960633818876	0.0861155262249833	1.52075519432734	0.128321282109199	0.273940411826011	CM076439.1	1222407	1224900	-	NA	B9J08_02530
B9J08_00859	2348.65334149519	-0.126811521262961	0.0834489788313134	-1.51962939557717	0.128604145615847	0.274438267497601	CM076438.1	1808233	1811134	+	NA	B9J08_00859
B9J08_04157	1898.17832811341	-0.127922419423758	0.0842292212956087	-1.51874156564745	0.12882755963363	0.274702902042852	CM076441.1	820915	825502	-	NA	B9J08_04157
B9J08_01527	3822.67286328677	0.115002272656093	0.0757187858060949	1.51880767014143	0.128810914677926	0.274702902042852	CM076438.1	3191476	3192943	+	NA	B9J08_01527
B9J08_04351	1586.77781659056	-0.136007905652933	0.0895685381116037	-1.51847856982399	0.128893797912988	0.274738149273076	CM076441.1	1261232	1263041	-	NA	B9J08_04351
B9J08_05569	618.755310561182	0.18362948377508	0.121000455222245	1.51759333002346	0.129116949362486	0.275107702053377	CM076444.1	726183	727671	+	NA	B9J08_05569
B9J08_04785	66.0515583386687	0.494313575011724	0.325871036484135	1.51689938555122	0.129292088786346	0.275374710875581	CM076442.1	825406	826402	-	NA	B9J08_04785
B9J08_04187	3383.39836021337	-0.115624261357699	0.0762582383060213	-1.51621993801775	0.129463748152812	0.275634104792215	CM076441.1	878170	879478	-	NA	B9J08_04187
B9J08_05354	616.71690331225	0.182680684348949	0.120547696833458	1.51542243566321	0.12966545926449	0.27585103670317	CM076444.1	245818	248365	-	NA	B9J08_05354
B9J08_03280	2822.65476118904	-0.12273346768165	0.0809839645476975	-1.51552802295031	0.129638739219314	0.27585103670317	CM076440.1	573641	576059	-	NA	B9J08_03280
B9J08_01709	892.378557401972	-0.167527070175327	0.110770525685925	-1.51237948125593	0.130437351737564	0.277386395942099	CM076438.1	3587327	3589172	-	NA	B9J08_01709
B9J08_05019	239.045950666968	-0.297716931931279	0.196885870327291	-1.5121294963238	0.130500922425071	0.277414845478217	CM076443.1	424271	426083	-	NA	B9J08_05019
B9J08_01455	2297.74548726573	-0.127892136644547	0.0846177511040953	-1.51141025347289	0.130683958572536	0.27769713149958	CM076438.1	3035955	3036329	-	NA	B9J08_01455
B9J08_03998	748.581999937493	-0.171359467066201	0.113692647666287	-1.50721678651709	0.131755098849573	0.279865653859181	CM076441.1	479067	480681	-	NA	B9J08_03998
B9J08_02880	866.679295820227	-0.16410510611414	0.108931806726775	-1.50649393455624	0.131940423023045	0.280151639665143	CM076439.1	1987270	1991986	+	NA	B9J08_02880
B9J08_02215	1710.48229424236	-0.131113426912793	0.0871602033414836	-1.50428087459945	0.132509061416369	0.281250991723606	CM076439.1	535959	536808	+	NA	B9J08_02215
B9J08_01786	6.06835748880593	-1.69565833589996	1.12825332393486	-1.50290568609737	0.132863366536608	0.281894751189188	CM076438.1	3770508	3771909	-	NA	B9J08_01786
B9J08_03902	708.088845707146	-0.175217405001767	0.11665064305154	-1.50206977362611	0.13307909012459	0.282244102501385	CM076441.1	267748	268438	-	NA	B9J08_03902
B9J08_05519	31.2146585573005	0.708824101077857	0.472073265782292	1.50151290584786	0.133222951171159	0.282332534939799	CM076444.1	621997	623419	-	NA	B9J08_05519
B9J08_03219	4111.72237016998	0.118234510922378	0.0787354174098614	1.50166868750949	0.133182694464694	0.282332534939799	CM076440.1	436811	441512	-	NA	B9J08_03219
B9J08_00270	1307.01231188606	0.147200898192189	0.09807680257246	1.50087374721903	0.133388219540898	0.282574430587406	CM076438.1	582662	584264	+	NA	B9J08_00270
B9J08_04893	638.95424707972	-0.180755475429997	0.120473068716821	-1.50038076854233	0.133515798249623	0.28273632832401	CM076443.1	125001	128766	-	NA	B9J08_04893
B9J08_01086	2488.17102859253	0.117478999910908	0.0783364950515639	1.49967138347942	0.133699546762591	0.283017003047431	CM076438.1	2237963	2239733	+	NA	B9J08_01086
B9J08_04654	1031.71767455046	0.148858997579635	0.0993748928992569	1.49795379131169	0.13414525648836	0.283851773587737	CM076442.1	533842	534304	-	NA	B9J08_04654
B9J08_03234	192.084363007546	0.290841731579693	0.194249279463048	1.4972602852564	0.13432554442538	0.284124486811739	CM076440.1	470311	471214	-	NA	B9J08_03234
B9J08_05484	949.906943110369	0.154710552813545	0.103342807575132	1.49706163828642	0.13437722037105	0.284125056232131	CM076444.1	538022	539198	+	NA	B9J08_05484
B9J08_02506	855.183982224921	0.158508588804554	0.105896916096508	1.49681968698786	0.134440182249353	0.28414947888802	CM076439.1	1184667	1185882	-	NA	B9J08_02506
B9J08_00634	1116.55173089355	-0.152524689740276	0.101967590179904	-1.49581538085947	0.134701772089322	0.284593537590857	CM076438.1	1359070	1359691	+	NA	B9J08_00634
B9J08_05532	697.397143452282	0.187452799288676	0.125433060877663	1.49444490931702	0.135059370936611	0.285062206747846	CM076444.1	645928	647050	+	NA	B9J08_05532
B9J08_03675	2071.67106151113	0.14561984108266	0.0974583621634238	1.49417492609281	0.135129904410956	0.285062206747846	CM076440.1	1427863	1428637	-	NA	B9J08_03675
B9J08_02686	5987.55466337124	0.110020259116794	0.0736295171468682	1.49424121439419	0.135112583868872	0.285062206747846	CM076439.1	1562778	1563510	-	NA	B9J08_02686
B9J08_00085	2362.31909571137	-0.118838851369782	0.079521958860565	-1.49441554348725	0.135067041419276	0.285062206747846	CM076438.1	194310	195525	+	NA	B9J08_00085
B9J08_05567	68.6450966659338	-0.476799734091932	0.319337518951793	-1.49309024400578	0.135413565952928	0.285189802594864	CM076444.1	722471	724355	-	NA	B9J08_05567
B9J08_05147	10128.9553701719	0.115689131627728	0.0774602012160206	1.49352996521523	0.135298516503128	0.285189802594864	CM076443.1	721738	723466	+	NA	B9J08_05147
B9J08_03960	1388.82594852054	-0.136447788830925	0.0913652224499584	-1.49343245900439	0.135324021685434	0.285189802594864	CM076441.1	397445	400355	-	NA	B9J08_03960
B9J08_02456	22815.833330112	0.0923104158543041	0.0618206979955793	1.49319594969479	0.135385902028205	0.285189802594864	CM076439.1	1069407	1070262	-	NA	B9J08_02456
B9J08_02218	1025.53477268472	0.149726616839837	0.100288618588197	1.49295721635814	0.135448386432335	0.285189802594864	CM076439.1	540585	541152	+	NA	B9J08_02218
B9J08_01098	107.710908894138	-0.385223872001657	0.258166300521048	-1.49215397681329	0.135658784344524	0.285524029349652	CM076438.1	2270632	2271490	+	NA	B9J08_01098
B9J08_05327	4377.8971276122	0.10740360704086	0.072002316316694	1.49166877588294	0.135785998505923	0.285682989623996	CM076444.1	194188	194971	-	NA	B9J08_05327
B9J08_03586	464.970992221515	0.205000081190772	0.137511010129676	1.49079030833568	0.136016557064164	0.28605917461706	CM076440.1	1232328	1232724	-	NA	B9J08_03586
B9J08_03178	495.948974977815	0.194724845241259	0.130795894421559	1.48876878821329	0.136548263937214	0.286849963808812	CM076440.1	340624	344311	-	NA	B9J08_03178
B9J08_03091	1892.28002699978	0.132257479358705	0.0888339706452984	1.48881647862832	0.136535701799714	0.286849963808812	CM076440.1	157509	158496	+	NA	B9J08_03091
B9J08_02362	2720.13756486443	0.124867884035207	0.0838588390531982	1.48902471635689	0.136480860325873	0.286849963808812	CM076439.1	825622	826759	-	NA	B9J08_02362
B9J08_00534	692.517511455541	-0.173450719000187	0.116588033414049	-1.48772317296233	0.136823913787357	0.287319821999514	CM076438.1	1152620	1154590	-	NA	B9J08_00534
B9J08_02065	1375.04473091818	0.138585662608781	0.093166407458232	1.48750677835153	0.136881014302283	0.287330560595792	CM076439.1	234428	235268	+	NA	B9J08_02065
B9J08_00881	119116.550806139	0.090646197025437	0.0609601728120081	1.48697408232382	0.137021656290375	0.287516588578931	CM076438.1	1850450	1851620	-	NA	B9J08_00881
B9J08_00589	1924.24728250355	-0.127565596164284	0.0858542920302724	-1.48583830985764	0.137321894234641	0.288037233182111	CM076438.1	1265276	1266107	-	NA	B9J08_00589
B9J08_04974	726.057789683458	-0.166506735623467	0.112123685730781	-1.4850273119211	0.137536589332554	0.288159487960964	CM076443.1	319120	320275	-	NA	B9J08_04974
B9J08_03746	666.235845672425	0.179221150999688	0.120673260796626	1.48517699626709	0.137496944002529	0.288159487960964	CM076440.1	1601659	1603678	-	NA	B9J08_03746
B9J08_03399	2269.79104974031	-0.12790161339982	0.0861190725508256	-1.48517174664573	0.137498334265814	0.288159487960964	CM076440.1	823679	828323	+	NA	B9J08_03399
B9J08_02776	1025.19662212337	0.153620158516079	0.103487636337979	1.48443006287604	0.13769486420412	0.288354146790758	CM076439.1	1768157	1769126	-	NA	B9J08_02776
B9J08_01362	3072.88187653642	0.122879535896591	0.0827871308556447	1.48428305977719	0.137733842505446	0.288354146790758	CM076438.1	2836581	2838714	+	NA	B9J08_01362
B9J08_02058	1989.65235649123	-0.126522603998787	0.0852605857482066	-1.48395185053544	0.137821694776733	0.288428817505113	CM076439.1	222737	223649	+	NA	B9J08_02058
B9J08_02356	437.1474855568	-0.206909150141762	0.139463418601034	-1.48360876434322	0.137912742914923	0.288444749491309	CM076439.1	813719	815399	-	NA	B9J08_02356
B9J08_01051	1281.63874478222	0.137852311585265	0.0929299210980822	1.48340071697435	0.137967977057139	0.288444749491309	CM076438.1	2154641	2158238	-	NA	B9J08_01051
B9J08_00051	1707.87298872084	-0.129689674074713	0.0874312414558482	-1.48333332473845	0.137985872562877	0.288444749491309	CM076438.1	118602	119646	-	NA	B9J08_00051
B9J08_05560	4563.07039386236	0.112688181819778	0.0760024430831612	1.48269157211796	0.138156374832794	0.288691978714879	CM076444.1	715139	715958	-	NA	B9J08_05560
B9J08_04932	529.841055901827	-0.187829235222094	0.126788667406458	-1.481435518365	0.138490555809613	0.289280915328697	CM076443.1	229575	233211	+	NA	B9J08_04932
B9J08_04510	331.903269040437	0.228709903937444	0.154441863147699	1.48088024371164	0.138638488472639	0.289480515975927	CM076442.1	204983	206297	-	NA	B9J08_04510
B9J08_05417	8.65679360007593	-1.40276626444606	0.947634186017181	-1.48028246040992	0.138797882040228	0.289703887475959	CM076444.1	378205	378820	-	NA	B9J08_05417
B9J08_00962	1447.78687342452	-0.148044192563627	0.100025766030514	-1.48006057277746	0.138857082297289	0.289718042226168	CM076438.1	1988927	1990913	+	NA	B9J08_00962
B9J08_01528	1184.35390977197	0.143707704222697	0.0971595759082255	1.47908945545871	0.139116408014367	0.290149580036002	CM076438.1	3193069	3194806	+	NA	B9J08_01528
B9J08_01136	907.247143124654	-0.167290489837032	0.113176977856289	-1.47813179858412	0.139372504314168	0.290464491457167	CM076438.1	2344299	2346285	-	NA	B9J08_01136
B9J08_01106	10185.5519535336	0.0989745211345397	0.0669527084974816	1.47827508932312	0.139334162477408	0.290464491457167	CM076438.1	2290139	2291552	+	NA	B9J08_01106
B9J08_04571	3017.55900665019	-0.113011337849267	0.0765217275832979	-1.47685293338742	0.139715063785241	0.290958989276951	CM076442.1	351901	353395	-	NA	B9J08_04571
B9J08_02879	4780.31264310615	0.110937999511384	0.0751132702518504	1.47694274446333	0.139690985670115	0.290958989276951	CM076439.1	1982822	1986164	-	NA	B9J08_02879
B9J08_03657	1170.43599668733	-0.150851862261324	0.10215837357433	-1.47664706262737	0.139770269250939	0.290964323220317	CM076440.1	1384349	1384988	-	NA	B9J08_03657
B9J08_00731	129.447697139085	-0.34428392322875	0.233239624386837	-1.47609534243522	0.139918299067685	0.291162815868634	CM076438.1	1559950	1560619	-	NA	B9J08_00731
B9J08_02020	474.161377484042	-0.195161039789769	0.132455670997254	-1.47340644851525	0.14064147252401	0.292555134071328	CM076439.1	135541	136127	-	NA	B9J08_02020
B9J08_01879	500.286824143776	-0.18971581188792	0.128776786190346	-1.47321436961083	0.140693241606946	0.292555134071328	CM076438.1	3967267	3967801	+	NA	B9J08_01879
B9J08_03640	218.734180336519	-0.270367284867293	0.183618103288612	-1.47244351196858	0.140901150474724	0.292877269151485	CM076440.1	1358604	1359906	+	NA	B9J08_03640
B9J08_02300	160.896342411099	-0.328534997406935	0.223417048896118	-1.4705010160603	0.141426110697979	0.293857937529222	CM076439.1	700857	701724	+	NA	B9J08_02300
B9J08_03774	46.7392271876787	0.587646986976234	0.400044864564422	1.46895270763212	0.141845616986506	0.294618836935145	CM076440.1	1671185	1672838	-	NA	B9J08_03774
B9J08_03094	219.024987723382	-0.272385068891616	0.186001488748356	-1.46442413297095	0.143078098238631	0.297067110805754	CM076440.1	161609	162479	-	NA	B9J08_03094
B9J08_02063	365.697694637294	-0.213664673827101	0.14629532423634	-1.46050241142311	0.144152045289096	0.299184511570722	CM076439.1	230308	231610	+	NA	B9J08_02063
B9J08_04983	4888.40245789006	-0.110681271268349	0.0759140497283469	-1.45798138374141	0.144845674400593	0.30051127718171	CM076443.1	337603	337990	-	NA	B9J08_04983
B9J08_01060	45.8283638184969	-0.630815306947652	0.434021013293384	-1.45342111931627	0.14610686621707	0.303014127422793	CM076438.1	2176916	2178536	-	NA	B9J08_01060
B9J08_00866	7342.37564245721	0.0994083819578541	0.0684361325348096	1.45257159158272	0.146342738400762	0.303389465544266	CM076438.1	1819515	1826693	+	NA	B9J08_00866
B9J08_01203	372.7175835305	-0.211897490680213	0.145923693698361	-1.45211161607673	0.146470572564773	0.303540627883577	CM076438.1	2486676	2487294	-	NA	B9J08_01203
B9J08_03494	929.80637235749	-0.151641663720605	0.104536903794019	-1.4506041236825	0.146890126380124	0.304296000188511	CM076440.1	1021306	1022212	-	NA	B9J08_03494
B9J08_02689	2145.09536200301	0.119101572338215	0.0822143564747554	1.44867122294858	0.147429420582163	0.305298766413494	CM076439.1	1569877	1572904	+	NA	B9J08_02689
B9J08_03227	2327.06381192563	0.121236628656293	0.0837296088663193	1.44795407858475	0.147629893881658	0.305599409544541	CM076440.1	459129	460698	+	NA	B9J08_03227
B9J08_00234	1621.41310309789	-0.127409695821665	0.0880234232058742	-1.44745218012792	0.147770320393631	0.305775574996481	CM076438.1	504551	506783	-	NA	B9J08_00234
B9J08_05401	1224.09303000367	-0.14556443038858	0.100589193735456	-1.44711797542991	0.14786388435468	0.305854673962693	CM076444.1	349619	351764	+	NA	B9J08_05401
B9J08_03486	512.54551933958	-0.187814097838342	0.129823509063375	-1.44668788567916	0.147984358903819	0.305989357149797	CM076440.1	1006198	1008367	-	NA	B9J08_03486
B9J08_05337	10001.3946590714	0.0985640766947027	0.0681419910093768	1.44645137652552	0.148050640595327	0.30601192616693	CM076444.1	217877	218939	-	NA	B9J08_05337
B9J08_03874	8684.2148164301	-0.108583228753983	0.0751182321703324	-1.44549765904724	0.148318150079051	0.30622129827677	CM076441.1	216456	217590	-	NA	B9J08_03874
B9J08_00791	956.348758453806	0.14723128593621	0.101853516843594	1.44551990445551	0.148311906232383	0.30622129827677	CM076438.1	1680179	1681796	+	NA	B9J08_00791
B9J08_00186	1359.04361835464	0.137110941958649	0.0948326688109084	1.44581971253009	0.148227775613957	0.30622129827677	CM076438.1	402573	405234	+	NA	B9J08_00186
B9J08_00751	213.598504084893	-0.272180504822987	0.188392623219126	-1.44475139297999	0.14852772858933	0.306539490632272	CM076438.1	1602506	1603433	+	NA	B9J08_00751
B9J08_05358	4529.30420285487	0.103269582567818	0.0715118209001921	1.44409107847987	0.148713357309529	0.306622784260227	CM076444.1	260340	262356	-	NA	B9J08_05358
B9J08_01365	1182.27872609649	0.138351886528678	0.095785688198896	1.44438996190532	0.148629312766937	0.306622784260227	CM076438.1	2845056	2846214	-	NA	B9J08_01365
B9J08_00026	876.76631722516	-0.152801746667269	0.105817223077297	-1.44401584376912	0.148734518654183	0.306622784260227	CM076438.1	57074	59435	+	NA	B9J08_00026
B9J08_02000	340.726624155233	0.236671248964172	0.163941254986236	1.44363448348643	0.14884181962041	0.306729581298288	CM076439.1	95639	96326	-	NA	B9J08_02000
B9J08_04547	577.876514653533	-0.187218101453558	0.129716674194759	-1.44328477904441	0.148940265716022	0.306818057626706	CM076442.1	299731	300721	-	NA	B9J08_04547
B9J08_03190	4256.48543774845	-0.103084068646272	0.0714341485995425	-1.44306428602037	0.149002362757172	0.306831616601672	CM076440.1	371161	372553	+	NA	B9J08_03190
B9J08_05012	355.663786885535	0.238867235669814	0.165551121063686	1.4428608766589	0.149059666082237	0.306835297741723	CM076443.1	407700	408396	-	NA	B9J08_05012
B9J08_02854	31.6535412440722	-0.675491952643086	0.468422453638073	-1.44205715886755	0.149286249432432	0.307187304770309	CM076439.1	1929265	1930885	+	NA	B9J08_02854
B9J08_01435	1579.74177796713	0.127384666901272	0.0883765191931105	1.44138588014454	0.149475697063465	0.307462663814578	CM076438.1	2979598	2981581	-	NA	B9J08_01435
B9J08_05102	1412.41563151185	-0.140443427474678	0.0975261630689448	-1.44005898576563	0.149850711528681	0.30800479085869	CM076443.1	619877	620513	+	NA	B9J08_05102
B9J08_01877	148.656554422627	-0.321456842890648	0.223218759469722	-1.44009779309902	0.149839733399939	0.30800479085869	CM076438.1	3964276	3964513	-	NA	B9J08_01877
B9J08_01470	32862.0960608832	-0.116642668509408	0.0810486153648641	-1.43916917006301	0.150102598056997	0.308407828795919	CM076438.1	3067196	3068645	+	NA	B9J08_01470
B9J08_00303	1114.28124770471	0.140613075956931	0.0977872381115352	1.43794915034362	0.150448482516083	0.309003627969673	CM076438.1	649849	652771	+	NA	B9J08_00303
B9J08_04344	844.733853590938	0.157982890589669	0.109907664892146	1.43741467662606	0.150600200977392	0.309085522020811	CM076441.1	1250876	1251533	-	NA	B9J08_04344
B9J08_01729	2284.29059172907	-0.118906630654921	0.0827130260280029	-1.43758046785357	0.150553126152974	0.309085522020811	CM076438.1	3628742	3630317	+	NA	B9J08_01729
B9J08_02182	1756.59093327199	0.122466532570982	0.0852235428460448	1.43700353776909	0.150716988315148	0.309210391394886	CM076439.1	478339	479575	-	NA	B9J08_02182
B9J08_03134	756.01737946187	0.159009974379693	0.110729178915811	1.43602595031062	0.150994957189378	0.309665724818438	CM076440.1	252692	253352	-	NA	B9J08_03134
B9J08_03420	2522.35580283198	0.132731212474688	0.0925152990924848	1.43469473456493	0.151374105317279	0.310328145433457	CM076440.1	870745	871708	+	NA	B9J08_03420
B9J08_04193	1948.45438924046	0.127749400249315	0.0890914338231028	1.43391339399667	0.151596979123868	0.310439608602303	CM076441.1	891445	894415	-	NA	B9J08_04193
B9J08_03151	8240.23205614778	0.097920537282173	0.0682735288102173	1.43423870112774	0.151504156411827	0.310439608602303	CM076440.1	278665	285262	-	NA	B9J08_03151
B9J08_00961	3191.37975828396	0.111523414068999	0.0777739358378717	1.43394329819545	0.151588444491393	0.310439608602303	CM076438.1	1987624	1988800	+	NA	B9J08_00961
B9J08_03915	1033.57471644422	-0.143399988726625	0.100087198748058	-1.4327505467267	0.151929138618088	0.310889429523204	CM076441.1	293970	295545	+	NA	B9J08_03915
B9J08_00094	14590.1011052334	0.0919897984087313	0.0642043611366682	1.43276557511285	0.151924842329035	0.310889429523204	CM076438.1	210657	213900	-	NA	B9J08_00094
B9J08_01810	67018.8335394657	0.0862493923754589	0.0602511144646039	1.43149870573977	0.152287337647431	0.311507074454978	CM076438.1	3822606	3823674	+	NA	B9J08_01810
B9J08_01368	761.601541891556	0.168088732332859	0.117442428861274	1.4312436651954	0.152360393148795	0.311541210852161	CM076438.1	2850258	2852775	-	NA	B9J08_01368
B9J08_04920	291.24371877058	0.23405040089199	0.163633051869066	1.43033695343695	0.152620333667746	0.311871082577938	CM076443.1	194916	198810	-	NA	B9J08_04920
B9J08_02340	17001.1072154683	-0.0916214874229122	0.0640580993579893	-1.43028732262075	0.152634571806282	0.311871082577938	CM076439.1	777124	779428	-	NA	B9J08_02340
B9J08_01026	3186.86567717996	0.111196516266248	0.0778297315358243	1.42871514615292	0.153086122700416	0.312562615502475	CM076438.1	2108759	2110199	+	NA	B9J08_01026
B9J08_00232	2362.67088152083	0.115664684938379	0.0809528209152347	1.42879128399357	0.153064231469037	0.312562615502475	CM076438.1	501485	502286	-	NA	B9J08_00232
B9J08_02654	2207.35455842431	-0.122713333409552	0.0859134054892182	-1.42833743710639	0.153194757212917	0.312668915478506	CM076439.1	1493334	1494801	+	NA	B9J08_02654
B9J08_02668	1181.52181798588	-0.147912448724662	0.103615138523279	-1.42751774337908	0.153430714509545	0.312919394499725	CM076439.1	1526174	1528292	+	NA	B9J08_02668
B9J08_00464	2507.28496882018	-0.122649025052994	0.0859173659441079	-1.4275231055475	0.153429170056524	0.312919394499725	CM076438.1	979091	980711	+	NA	B9J08_00464
B9J08_01563	1588.58321431649	0.12595805593416	0.0882522861179167	1.42724977986251	0.153507910482202	0.31296135051093	CM076438.1	3251086	3252949	+	NA	B9J08_01563
B9J08_05017	553.385936655082	0.191718857700235	0.134441798043643	1.42603610253708	0.153857921212432	0.313559266423713	CM076443.1	420646	421703	+	NA	B9J08_05017
B9J08_02646	151.949567136213	0.313683760833684	0.220417076389503	1.42313729032214	0.154696360129705	0.315151781215215	CM076439.1	1472260	1473751	-	NA	B9J08_02646
B9J08_00346	850.025538322766	0.151374062944588	0.106392955647989	1.42278275871406	0.154799140927268	0.315244971225133	CM076438.1	725880	726899	-	NA	B9J08_00346
B9J08_04441	568.799406171464	-0.17682484573283	0.124347457618868	-1.4220222039023	0.15501980520584	0.315578071223823	CM076442.1	42025	43081	+	NA	B9J08_04441
B9J08_00737	317.594236949081	0.220978967949652	0.155529572874068	1.42081640080487	0.155370141448788	0.316174805518207	CM076438.1	1579152	1579998	+	NA	B9J08_00737
B9J08_05446	6194.97433580798	0.0972874399370154	0.0685501886822933	1.41921476522712	0.155836412560708	0.317006938617237	CM076444.1	447221	447839	-	NA	B9J08_05446
B9J08_02663	7256.4610732351	0.1006738460156	0.0709870338818035	1.41820048691183	0.156132239803815	0.317491865119826	CM076439.1	1514829	1516683	+	NA	B9J08_02663
B9J08_03350	697.20871921327	0.173635709698051	0.122579018679895	1.41652063760999	0.156623126162032	0.318341141805958	CM076440.1	717674	718271	+	NA	B9J08_03350
B9J08_01334	24.7492533599296	0.884619222500432	0.624564693788134	1.41637724850408	0.156665081547351	0.318341141805958	CM076438.1	2784842	2785280	-	NA	B9J08_01334
B9J08_04569	609.774868583076	0.171644737691669	0.121223340196136	1.4159380315206	0.156793648652018	0.318461538683932	CM076442.1	346514	347531	-	NA	B9J08_04569
B9J08_04216	428.185558920839	-0.207099340170235	0.14631904199077	-1.41539568160445	0.156952515073102	0.318461538683932	CM076441.1	946115	946415	-	NA	B9J08_04216
B9J08_00660	609.53614659557	0.170832074459392	0.120672784632891	1.41566364759954	0.156874006594774	0.318461538683932	CM076438.1	1406324	1407386	-	NA	B9J08_00660
B9J08_00068	1391.9906160583	-0.141108013762139	0.0996956512949135	-1.41538785222157	0.156954809367655	0.318461538683932	CM076438.1	158381	160193	+	NA	B9J08_00068
B9J08_05575	275.824469400268	0.245080163865349	0.173202380511189	1.41499304537282	0.157070535133594	0.318579393645274	CM076444.1	735781	736399	+	NA	B9J08_05575
B9J08_04243	3695.55964551565	-0.104294022698497	0.0737450603206509	-1.41425096467501	0.15728822881776	0.318872794578076	CM076441.1	1012696	1014394	+	NA	B9J08_04243
B9J08_01897	4710.68605654271	0.107724257351495	0.0761887507307101	1.41391289814224	0.157387478380744	0.318872794578076	CM076438.1	4014087	4015824	+	NA	B9J08_01897
B9J08_01829	961.275464769831	-0.146196622805326	0.103408109494393	-1.41378295687006	0.15742563915984	0.318872794578076	CM076438.1	3863887	3865129	+	NA	B9J08_01829
B9J08_01436	4041.16637843117	0.119152927035807	0.0842836302710246	1.41371375025798	0.157445966420041	0.318872794578076	CM076438.1	2981781	2982849	-	NA	B9J08_01436
B9J08_01463	1348.38558378877	0.131305913755397	0.0928959489041967	1.41347298029984	0.157516700500193	0.318899195481527	CM076438.1	3047666	3048101	-	NA	B9J08_01463
B9J08_04060	3985.87504338983	0.106410630694041	0.0753133959654579	1.41290442862045	0.157683826784059	0.319003847231148	CM076441.1	595602	596322	+	NA	B9J08_04060
B9J08_01034	1094.28499504746	0.139819335331988	0.0989469897325145	1.4130731587688	0.157634214390812	0.319003847231148	CM076438.1	2122333	2123680	-	NA	B9J08_01034
B9J08_02519	1380.01952064882	-0.149511507880269	0.105941849449542	-1.41126012673093	0.15816792691611	0.3198661295519	CM076439.1	1204416	1206390	-	NA	B9J08_02519
B9J08_01904	1090.2113661206	0.138022954603432	0.0978287486626477	1.41086292618737	0.158285035624949	0.319985878529295	CM076438.1	4028708	4030427	-	NA	B9J08_01904
B9J08_02808	1362.68826207516	0.148284115440935	0.105169686720744	1.40995109964216	0.158554122555937	0.320412663753807	CM076439.1	1840408	1841488	-	NA	B9J08_02808
B9J08_04380	392.789902191203	-0.200260057944063	0.142065344310669	-1.40963342548998	0.158647951907025	0.320485098753701	CM076441.1	1316201	1317443	-	NA	B9J08_04380
B9J08_05447	525.657617011754	0.18906038258872	0.134258298128796	1.40818396496693	0.159076603131178	0.320881892520445	CM076444.1	448991	449837	+	NA	B9J08_05447
B9J08_05040	5229.21017209576	0.100058700705426	0.0710435736906576	1.40841311194603	0.159008778875074	0.320881892520445	CM076443.1	467817	472314	-	NA	B9J08_05040
B9J08_03554	808.241673018539	-0.155349203319257	0.110275743591625	-1.40873412646891	0.15891379993383	0.320881892520445	CM076440.1	1160874	1161780	+	NA	B9J08_03554
B9J08_02649	747.239488928908	-0.158385570004782	0.112462884909013	-1.40833636032832	0.159031493827683	0.320881892520445	CM076439.1	1477653	1481382	-	NA	B9J08_02649
B9J08_02701	1847.21473100962	0.120047089186382	0.0852892160292791	1.40752951868112	0.159270430492943	0.321155661924296	CM076439.1	1600760	1601642	-	NA	B9J08_02701
B9J08_03464	1100.36877340544	0.140688914320001	0.0999996478904121	1.40689409700901	0.159458794247273	0.321418218747147	CM076440.1	957511	959278	-	NA	B9J08_03464
B9J08_01747	9122.32974209639	-0.0954067258965448	0.0678793527696397	-1.40553381851362	0.1598626002652	0.322114688904761	CM076438.1	3673491	3674088	-	NA	B9J08_01747
B9J08_00867	4002.43351068257	0.103808902785065	0.0738928035887268	1.40485808824964	0.160063481690646	0.322401918113775	CM076438.1	1826841	1827507	+	NA	B9J08_00867
B9J08_05239	139.325063057411	0.336838048737456	0.239811595285434	1.40459450401694	0.160141891861735	0.322442344743099	CM076443.1	938615	939116	-	NA	B9J08_05239
B9J08_04704	5825.47252087413	0.0962356321529645	0.0685485536675652	1.40390463407399	0.160347249560757	0.322738255033615	CM076442.1	633466	635176	+	NA	B9J08_04704
B9J08_00509	3365.19509210952	0.106067331564262	0.0756156083073154	1.40271742750763	0.160701118346639	0.32309751949868	CM076438.1	1074834	1076800	+	NA	B9J08_00509
B9J08_00325	1588.24241188113	0.125027074975612	0.0891300348922963	1.40274908594721	0.160691674313586	0.32309751949868	CM076438.1	689947	691246	-	NA	B9J08_00325
B9J08_00314	933.081326771317	-0.168682557888197	0.120253701492553	-1.4027223760646	0.160699642114338	0.32309751949868	CM076438.1	668331	670956	+	NA	B9J08_00314
B9J08_02789	522.745098658937	-0.180037076429893	0.128412092346926	-1.40202587730985	0.160907519429899	0.323277302758652	CM076439.1	1800612	1802892	+	NA	B9J08_02789
B9J08_00783	787.143039699666	0.153510344859793	0.109488869081692	1.40206348049184	0.160896291182631	0.323277302758652	CM076438.1	1658061	1659510	+	NA	B9J08_00783
B9J08_00672	115835.373687953	0.0841702870515919	0.0600489429013567	1.40169473407483	0.161006423808375	0.323358468164566	CM076438.1	1422410	1425566	+	NA	B9J08_00672
B9J08_01923	420.893971948941	-0.198648097273458	0.141892769333673	-1.3999874567697	0.161517074632689	0.324174817374085	CM076438.1	4062239	4064573	+	NA	B9J08_01923
B9J08_01865	221.750052528095	-0.261390807697259	0.186715240553174	-1.3999436089033	0.161530205726114	0.324174817374085	CM076438.1	3935965	3936577	-	NA	B9J08_01865
B9J08_00097	1630.17140488475	0.124987909329323	0.0894194569361331	1.39777083882979	0.162181893930372	0.325364547278825	CM076438.1	221050	223186	+	NA	B9J08_00097
B9J08_00265	732.454611763736	0.175428605544195	0.125667116713627	1.3959785991109	0.162720939784944	0.326327516034611	CM076438.1	571388	572489	+	NA	B9J08_00265
B9J08_00663	4309.38285543976	-0.109229076968361	0.0783123687167674	-1.39478704013423	0.163080068150888	0.326810564419855	CM076438.1	1409782	1410946	-	NA	B9J08_00663
B9J08_00486	91.4789630509243	-0.383109241583984	0.274646280327785	-1.39491873375001	0.163040347171666	0.326810564419855	CM076438.1	1030199	1030685	+	NA	B9J08_00486
B9J08_04431	18.4771009562635	0.866628675016307	0.622479608340411	1.39222018425121	0.163855732420599	0.328050212750733	CM076442.1	15940	16819	+	NA	B9J08_04431
B9J08_02722	21711.4674713595	0.116527095046745	0.0837029224314253	1.39215085521311	0.163876721079207	0.328050212750733	CM076439.1	1640392	1641388	+	NA	B9J08_02722
B9J08_01995	53.5183103107534	-0.562423767750397	0.403908656939297	-1.39245286796347	0.16378530461002	0.328050212750733	CM076439.1	87601	88441	+	NA	B9J08_01995
B9J08_04860	16.91966095423	0.890671631472942	0.640207294065365	1.39122381098958	0.16415756894921	0.328493440833558	CM076443.1	17183	18227	-	NA	B9J08_04860
B9J08_01723	1800.5302582109	0.126288172670554	0.0907988287400541	1.3908568471968	0.164268840680558	0.328597134434109	CM076438.1	3618247	3619366	+	NA	B9J08_01723
B9J08_00092	1334.7648670689	-0.128276269328984	0.0923491738853481	-1.38903537446085	0.164821993510829	0.329584355330807	CM076438.1	206455	207472	+	NA	B9J08_00092
B9J08_05043	935.280526543442	-0.145558000186582	0.104915116408088	-1.38738825414257	0.165323404705339	0.330467435011359	CM076443.1	478295	480554	-	NA	B9J08_05043
B9J08_01508	4243.10016047687	-0.100571660114327	0.072511569974494	-1.38697397049469	0.165449700131396	0.330600322713748	CM076438.1	3155074	3155617	+	NA	B9J08_01508
B9J08_05209	555.050259383342	-0.180124765952163	0.130022378585702	-1.38533664674837	0.165949553007012	0.331479284231931	CM076443.1	862534	864382	-	NA	B9J08_05209
B9J08_03967	11671.8749562702	-0.0942705470363602	0.0680617502205233	-1.38507380034923	0.166029902173787	0.331519967237905	CM076441.1	408818	412136	-	NA	B9J08_03967
B9J08_02029	1060.34492867708	0.14407742682796	0.104073265408003	1.38438460889189	0.166240719138245	0.331821038164348	CM076439.1	150661	152659	-	NA	B9J08_02029
B9J08_04142	3887.16700004122	-0.112601564465882	0.0814109422297381	-1.38312567551577	0.166626334220433	0.332350685397451	CM076441.1	782651	782927	+	NA	B9J08_04142
B9J08_03763	342.008884368852	-0.223480915425097	0.161563508211812	-1.38323881363179	0.166591652199464	0.332350685397451	CM076440.1	1641204	1641771	+	NA	B9J08_03763
B9J08_02894	2991.95887132549	0.112012410183443	0.0810896061851938	1.38134115397758	0.167174090133829	0.333286588091252	CM076439.1	2030993	2033237	+	NA	B9J08_02894
B9J08_01720	2022.96019484468	0.11605929902692	0.0840276131197759	1.38120428175777	0.167216158635253	0.333286588091252	CM076438.1	3613580	3615074	-	NA	B9J08_01720
B9J08_04273	4961.60126018051	-0.101011122564851	0.0731725211470337	-1.38045158184284	0.167447647647513	0.333627667104471	CM076441.1	1077784	1078765	-	NA	B9J08_04273
B9J08_00619	639.2899619701	0.162875564352985	0.118021811633682	1.38004629905632	0.167572389964632	0.33375589165208	CM076438.1	1326248	1326872	-	NA	B9J08_00619
B9J08_02840	5012.19635104646	-0.0962096081877872	0.0697550895119117	-1.37924858044026	0.167818124312599	0.334124918254948	CM076439.1	1902457	1902790	+	NA	B9J08_02840
B9J08_03279	4685.76288423508	-0.102091812777781	0.0740448968653354	-1.3787825643603	0.167961804056327	0.33429056212435	CM076440.1	572759	573416	-	NA	B9J08_03279
B9J08_02072	1597.27184826336	-0.125229821241404	0.0908866098485902	-1.37786876911821	0.168243808937314	0.334731293015311	CM076439.1	248927	249404	+	NA	B9J08_02072
B9J08_01177	796.433819527702	0.153456026646254	0.111469127280534	1.37666841384747	0.168614788571072	0.335348663703604	CM076438.1	2444400	2445360	-	NA	B9J08_01177
B9J08_05100	429.192228635404	0.188523651056067	0.13697757146356	1.37631036265102	0.168725566008159	0.335448274578091	CM076443.1	615080	616553	-	NA	B9J08_05100
B9J08_05087	191.018817298386	-0.269365965219912	0.195769300790992	-1.37593567597962	0.168841548761759	0.33555815893788	CM076443.1	581774	584093	+	NA	B9J08_05087
B9J08_05082	2458.17208276954	-0.110681332620119	0.0804541543096912	-1.37570686771592	0.168912404853248	0.335578311151654	CM076443.1	572108	573122	-	NA	B9J08_05082
B9J08_02584	975.904685036413	-0.146062866658069	0.106191616779247	-1.3754651364025	0.168987287116684	0.335606444805573	CM076439.1	1344557	1345937	-	NA	B9J08_02584
B9J08_00502	469.081676736809	0.182135997540707	0.132464917114696	1.37497536334849	0.16913908279837	0.335787252380241	CM076438.1	1064253	1064595	-	NA	B9J08_00502
B9J08_03181	48024.3729388687	-0.0917146723366918	0.0667305115329385	-1.37440385559492	0.169316339850056	0.336018459731153	CM076440.1	349105	350281	+	NA	B9J08_03181
B9J08_05462	281.52733376405	0.232190195276063	0.169038940381195	1.37358998318646	0.16956900839025	0.336181404201209	CM076444.1	484532	486983	+	NA	B9J08_05462
B9J08_03564	2480.4344203944	-0.124246885171266	0.090456505253383	-1.37355389557921	0.169580218412568	0.336181404201209	CM076440.1	1188444	1190676	-	NA	B9J08_03564
B9J08_01943	1293.81988515802	0.127603432902729	0.092926841114356	1.37316012653115	0.169702572412045	0.336181404201209	CM076438.1	4094298	4096131	-	NA	B9J08_01943
B9J08_01033	347.786383639862	0.218500526573603	0.159098356721483	1.37336758893186	0.169638100351552	0.336181404201209	CM076438.1	2120666	2122256	+	NA	B9J08_01033
B9J08_00057	262.214918535895	-0.236400095330866	0.172146715153493	-1.37324778529803	0.169675328891267	0.336181404201209	CM076438.1	137027	138815	+	NA	B9J08_00057
B9J08_03093	1930.24356001235	-0.118721789162348	0.0864908520164919	-1.37265140063264	0.169860744388672	0.336374179231885	CM076440.1	161045	161507	-	NA	B9J08_03093
B9J08_03277	462.182296390374	0.195147124253821	0.142311538471316	1.37126705501223	0.17029172171739	0.337065714265779	CM076440.1	569643	570699	-	NA	B9J08_03277
B9J08_02823	5700.33566730501	0.0966725440396518	0.0705189055875506	1.37087413983802	0.170414194045112	0.337065714265779	CM076439.1	1870403	1870652	+	NA	B9J08_02823
B9J08_02661	641.660702876548	-0.168043338290933	0.122573398982937	-1.37096090738518	0.170387142776838	0.337065714265779	CM076439.1	1506636	1507290	+	NA	B9J08_02661
B9J08_02292	3019.45417373164	0.104401123583081	0.0761636810121758	1.3707468204746	0.170453893861562	0.337065714265779	CM076439.1	676178	677222	-	NA	B9J08_02292
B9J08_02438	15071.35098199	0.0869832929956135	0.0634804186222562	1.37023817554217	0.170612565041108	0.337138236318272	CM076439.1	1022871	1025349	-	NA	B9J08_02438
B9J08_00441	3.88277593446306	-2.02246677111774	1.47599611003773	-1.3702385510122	0.170612447872884	0.337138236318272	CM076438.1	938302	938704	-	NA	B9J08_00441
B9J08_01217	1598.25172981481	-0.12136600316137	0.0886099212232761	-1.36966607673148	0.170791162772785	0.337370534898206	CM076438.1	2520405	2523879	-	NA	B9J08_01217
B9J08_00618	10628.4575032576	0.0895128296619095	0.0653682994192358	1.36936145589201	0.17088631638217	0.337437895907201	CM076438.1	1322970	1325127	-	NA	B9J08_00618
B9J08_03727	3313.04901783528	0.101991028552376	0.0745596909500699	1.36791109583161	0.17133990616076	0.338212736196615	CM076440.1	1556767	1557355	-	NA	B9J08_03727
B9J08_04865	21.6068423740381	-0.806331973292501	0.589627949375633	-1.36752671603566	0.171460269171468	0.338329492220887	CM076443.1	37773	39279	-	NA	B9J08_04865
B9J08_05055	599.68343655996	-0.16717971897316	0.122274486114284	-1.36724940979842	0.171547142932127	0.338380106704448	CM076443.1	506077	507484	-	NA	B9J08_05055
B9J08_03229	537.999479227188	0.175371022526147	0.128296886571947	1.36691565331012	0.171651744964088	0.338465641960939	CM076440.1	462432	464046	+	NA	B9J08_03229
B9J08_04174	42.2560594582362	0.566166754519959	0.414452903691063	1.36605812018145	0.171920721804403	0.338875117479649	CM076441.1	853178	853778	+	NA	B9J08_04174
B9J08_04808	856.043551331019	0.145610634237159	0.106610268736473	1.36582184777237	0.171994887227429	0.338900442675935	CM076442.1	870432	871911	+	NA	B9J08_04808
B9J08_05243	38.0662050058318	0.580801495453244	0.425699287877723	1.36434688051457	0.172458417703755	0.339344100864764	CM076443.1	945628	946981	-	NA	B9J08_05243
B9J08_01534	3734.91718943216	-0.101295817719706	0.0742299173122093	-1.36462253209387	0.172371719161706	0.339344100864764	CM076438.1	3199182	3200469	+	NA	B9J08_01534
B9J08_01341	515.228837012615	0.174182960340532	0.127650121556751	1.36453423009937	0.172399488549728	0.339344100864764	CM076438.1	2796180	2797290	-	NA	B9J08_01341
B9J08_00830	650.881190747564	0.160515908847649	0.117652344382123	1.36432392988541	0.172465637656798	0.339344100864764	CM076438.1	1755595	1756057	-	NA	B9J08_00830
B9J08_01369	1414.83860498174	-0.140119126135958	0.102771706825247	-1.36340176167568	0.172755926196768	0.339794307505173	CM076438.1	2853444	2854275	+	NA	B9J08_01369
B9J08_03395	152.08773668576	0.293749102212313	0.215515555680186	1.36300649521662	0.172880463590542	0.339918293228361	CM076440.1	818923	819477	+	NA	B9J08_03395
B9J08_03847	1612.80757097679	0.128732957429715	0.0945076926350683	1.36214263453457	0.173152875545206	0.340241523732581	CM076441.1	155166	157056	+	NA	B9J08_03847
B9J08_02859	1115.00833456312	-0.138773298889614	0.101896855873383	-1.36189971417816	0.173229536418216	0.340241523732581	CM076439.1	1936407	1938138	+	NA	B9J08_02859
B9J08_02273	1461.43367489208	-0.123806253405871	0.0909056657196078	-1.36192010064305	0.173223101876997	0.340241523732581	CM076439.1	639993	641421	+	NA	B9J08_02273
B9J08_03457	13430.7320162735	0.0993810000806511	0.0730035756306334	1.36131688375753	0.173413569650193	0.340481989149776	CM076440.1	939702	941166	-	NA	B9J08_03457
B9J08_05531	2238.20547461552	0.115273561399856	0.084709785259067	1.36080573274169	0.173575089782122	0.340678097026203	CM076444.1	640357	644734	+	NA	B9J08_05531
B9J08_00253	7308.6801975896	0.0949164784550058	0.0697651993039886	1.36051325592041	0.17366756095401	0.340738590483781	CM076438.1	547702	550594	+	NA	B9J08_00253
B9J08_03653	2214.51265268713	0.117312926206342	0.0862575940795437	1.36003012208015	0.173820391969782	0.340917425981897	CM076440.1	1377126	1377852	-	NA	B9J08_03653
B9J08_05226	1131.60160697922	0.132304065317308	0.097295246234207	1.35982044794694	0.1738867500037	0.3409265935688	CM076443.1	903850	904849	-	NA	B9J08_05226
B9J08_04628	965.661519859338	-0.141531689022717	0.10412805103133	-1.35920808678282	0.174080659470649	0.34105816926517	CM076442.1	480582	481314	+	NA	B9J08_04628
B9J08_02922	13401.640854947	-0.0917306536972736	0.0674794149731497	-1.35938721065933	0.17402392163897	0.34105816926517	CM076439.1	2088185	2093852	-	NA	B9J08_02922
B9J08_02807	58.1400958800322	-0.493561560534491	0.363173541165733	-1.35902400530124	0.174138982027558	0.34105816926517	CM076439.1	1839545	1840241	-	NA	B9J08_02807
B9J08_02752	279.523497916981	-0.226468522937091	0.166687928441444	-1.35863781531515	0.174261386067004	0.341177003468768	CM076439.1	1718170	1719616	+	NA	B9J08_02752
B9J08_04651	1812.75907956398	-0.117713390392801	0.0866730195104999	-1.35813187376656	0.174421842925083	0.341370228699339	CM076442.1	526362	527631	+	NA	B9J08_04651
B9J08_04025	229.536270783327	-0.260879697292556	0.192238607485642	-1.35706193831039	0.174761530946473	0.341792987098781	CM076441.1	530361	531009	+	NA	B9J08_04025
B9J08_01307	150.658849203835	-0.305485528127023	0.225095255424237	-1.35713890348899	0.174737079216599	0.341792987098781	CM076438.1	2710340	2711258	+	NA	B9J08_01307
B9J08_00788	1127.08869200397	-0.133365620709814	0.098485004103505	-1.35417185513492	0.175681556011886	0.34347080299883	CM076438.1	1669558	1673266	+	NA	B9J08_00788
B9J08_05379	1230.71306549671	0.127497322699586	0.0943633937337358	1.35113117126058	0.176653417834609	0.34466516676291	CM076444.1	311490	311916	-	NA	B9J08_05379
B9J08_05325	6480.63290475049	-0.121496642495279	0.0899775477664259	-1.35029955262477	0.176919915808772	0.34466516676291	CM076444.1	191772	192708	+	NA	B9J08_05325
B9J08_05202	79.7130373792667	0.41951842828001	0.310524133701152	1.35100104226924	0.176695098819838	0.34466516676291	CM076443.1	841104	842580	-	NA	B9J08_05202
B9J08_03473	245.891717112268	0.23900607250116	0.176925109688925	1.35088836695587	0.176731195222101	0.34466516676291	CM076440.1	974634	974883	+	NA	B9J08_03473
B9J08_03261	2115.73200861061	-0.111853278058428	0.0828517292346588	-1.35004156330436	0.177002651126739	0.34466516676291	CM076440.1	532549	533845	-	NA	B9J08_03261
B9J08_03070	270.219251047489	-0.232634128061614	0.17217354548779	-1.35116069894786	0.176643960984544	0.34466516676291	CM076440.1	114917	116270	-	NA	B9J08_03070
B9J08_02043	6461.07549861314	-0.100182307336959	0.0741107880963532	-1.35179114822945	0.176442136630315	0.34466516676291	CM076439.1	181890	182513	+	NA	B9J08_02043
B9J08_01819	3606.31252979044	0.111072640897021	0.0822759793966583	1.35000083513478	0.177015714991565	0.34466516676291	CM076438.1	3843535	3844705	-	NA	B9J08_01819
B9J08_01663	1026.24020330047	0.136982671390655	0.10137895136276	1.35119440030994	0.176633167890208	0.34466516676291	CM076438.1	3488242	3488731	-	NA	B9J08_01663
B9J08_01383	1208.75335273401	-0.128502150884343	0.0951922298856677	-1.34992268842407	0.177040783144545	0.34466516676291	CM076438.1	2879368	2880401	-	NA	B9J08_01383
B9J08_00533	1794.29406823014	-0.117291959963547	0.0868116279648707	-1.35110886310081	0.176660562732479	0.34466516676291	CM076438.1	1147748	1152482	-	NA	B9J08_00533
B9J08_00095	912.084776408907	0.144751500973307	0.107211158791772	1.35015331057513	0.176966811043388	0.34466516676291	CM076438.1	214517	215930	+	NA	B9J08_00095
B9J08_03680	5717.49535949202	0.106492167086041	0.0790015187449447	1.34797620068355	0.177666037379895	0.345395775096265	CM076440.1	1439965	1442359	-	NA	B9J08_03680
B9J08_03643	1440.54652537251	0.127673111601852	0.0947011675614016	1.34816829495869	0.177604259490492	0.345395775096265	CM076440.1	1364006	1364750	-	NA	B9J08_03643
B9J08_01792	5042.38483033366	0.0960785422920665	0.0712695392652826	1.34810107210654	0.177625876669793	0.345395775096265	CM076438.1	3780264	3781218	-	NA	B9J08_01792
B9J08_01550	1990.30038292953	-0.112373612630509	0.0833570323293169	-1.34809996817733	0.177626231682024	0.345395775096265	CM076438.1	3224843	3227054	-	NA	B9J08_01550
B9J08_01846	1112.29174204847	-0.139524018530792	0.103684027543386	-1.34566549772972	0.178410418152274	0.34672094976358	CM076438.1	3895558	3897106	+	NA	B9J08_01846
B9J08_04285	1767.70289961103	-0.115614095471009	0.0859940117934133	-1.34444356135812	0.178804995396228	0.347243573280025	CM076441.1	1106150	1108403	+	NA	B9J08_04285
B9J08_02426	1832.63016989329	-0.122378486888695	0.0910138045155552	-1.34461456193471	0.178749738321702	0.347243573280025	CM076439.1	993280	995104	-	NA	B9J08_02426
B9J08_04982	1545.23466047704	0.130057598110371	0.0968477331181429	1.34290802606309	0.179301757244545	0.348079400532399	CM076443.1	336440	337364	-	NA	B9J08_04982
B9J08_04842	62.3556707403024	-0.444238567999514	0.330848743572743	-1.34272405934599	0.179361341182608	0.348079400532399	CM076442.1	955694	957395	-	NA	B9J08_04842
B9J08_01244	2566.66468431686	0.109211226921937	0.0813696741297106	1.34216129153774	0.179543704256952	0.348311005064294	CM076438.1	2569120	2570065	-	NA	B9J08_01244
B9J08_02857	291.889926856891	-0.233434750608652	0.173991378785021	-1.34164550128129	0.179710965429236	0.3484599421286	CM076439.1	1933370	1933826	-	NA	B9J08_02857
B9J08_01251	495.851712096372	-0.176925939220847	0.13188313404509	-1.34153575058625	0.17974657047379	0.3484599421286	CM076438.1	2579530	2581408	+	NA	B9J08_01251
B9J08_00893	1114.53541949068	-0.143494835980576	0.107060931119272	-1.34030999432197	0.180144583571463	0.349109086044698	CM076438.1	1870229	1870940	+	NA	B9J08_00893
B9J08_03212	1055.26659863969	0.132858471394067	0.099515039922333	1.33505921816197	0.181856965611387	0.352258561273541	CM076440.1	423542	424151	+	NA	B9J08_03212
B9J08_00281	1208.81198566396	-0.129313263500828	0.0968684952253399	-1.33493622668561	0.181897219807253	0.352258561273541	CM076438.1	604258	606235	-	NA	B9J08_00281
B9J08_02004	2649.86168259766	-0.104617502752724	0.0784084791557566	-1.33426261903261	0.18211780382972	0.352315401388471	CM076439.1	104302	107518	-	NA	B9J08_02004
B9J08_01988	897.77408399681	0.138828089358926	0.104038431342395	1.3343923737377	0.182075298073882	0.352315401388471	CM076439.1	70840	71686	+	NA	B9J08_01988
B9J08_00212	79.4007736831956	-0.410067821016357	0.30732571971923	-1.33431012995265	0.182102239088733	0.352315401388471	CM076438.1	457803	459324	+	NA	B9J08_00212
B9J08_02517	1252.27383337687	-0.131165003386945	0.0984674864515675	-1.33206409662402	0.182839127038865	0.353587073178378	CM076439.1	1202273	1203134	+	NA	B9J08_02517
B9J08_03993	4215.56774957872	-0.0984438364112892	0.0739726790090327	-1.33081345342742	0.183250400088036	0.354254857645644	CM076441.1	465478	468949	-	NA	B9J08_03993
B9J08_03483	6.7052651462553	1.43051844319767	1.07507305309121	1.33062440648515	0.183312627621954	0.354254857645644	CM076440.1	1001815	1001889	+	NA	B9J08_03483
B9J08_05536	2813.61464753213	-0.105412458915825	0.0792859578408496	-1.32952242473276	0.183675672505141	0.354805022253862	CM076444.1	654437	655529	-	NA	B9J08_05536
B9J08_02706	3318.87062440248	-0.102707992318534	0.0772606118833671	-1.32937068209584	0.183725705390004	0.354805022253862	CM076439.1	1605248	1609448	-	NA	B9J08_02706
B9J08_00837	918.437860304439	0.138599508407691	0.104315919890639	1.3286515476544	0.183962957116908	0.355139107224991	CM076438.1	1766463	1767831	-	NA	B9J08_00837
B9J08_01634	1099.3013949992	-0.130431287455794	0.0982105176384296	-1.32807860697759	0.184152139955801	0.355380194670291	CM076438.1	3410280	3412215	-	NA	B9J08_01634
B9J08_02601	4477.08961640508	-0.0937994362997782	0.0707090021732783	-1.32655579087249	0.184655668221045	0.356009689591338	CM076439.1	1373618	1375967	-	NA	B9J08_02601
B9J08_00549	2393.42805386622	0.106250138851616	0.0800976394280431	1.32650774242939	0.184671572292087	0.356009689591338	CM076438.1	1193099	1194347	-	NA	B9J08_00549
B9J08_00508	626.770427886443	-0.167050646223957	0.125923871479273	-1.3266003043073	0.18464093514498	0.356009689591338	CM076438.1	1074161	1074509	-	NA	B9J08_00508
B9J08_01562	17.8141015159895	0.810322324199409	0.611092781625322	1.32602175735769	0.184832490702381	0.35619566810044	CM076438.1	3249677	3250628	+	NA	B9J08_01562
B9J08_02341	5602.37675703634	0.0948219412947746	0.0715539866773357	1.32518040849859	0.18511132172447	0.356484416435939	CM076439.1	780145	781255	-	NA	B9J08_02341
B9J08_00061	829.124803671484	-0.145054250824966	0.109455165264274	-1.32523897318816	0.185091902758168	0.356484416435939	CM076438.1	143860	145564	-	NA	B9J08_00061
B9J08_05095	1200.62698823847	0.125894018397447	0.0950211581393278	1.32490511442568	0.185202624334286	0.356536016961197	CM076443.1	600540	601746	-	NA	B9J08_05095
B9J08_00670	674.744840339188	-0.152659518584725	0.115324300061674	-1.32374112397027	0.185589035599553	0.357155501308749	CM076438.1	1419413	1420010	+	NA	B9J08_00670
B9J08_02077	4251.56454438805	0.0964535757065921	0.0728906565961417	1.32326391626575	0.185747626991021	0.357336280675034	CM076439.1	257518	259447	-	NA	B9J08_02077
B9J08_05510	634.523549662743	-0.156658741873761	0.118546674149489	-1.32149419625398	0.186336636417924	0.358095476175892	CM076444.1	604936	605827	+	NA	B9J08_05510
B9J08_03048	7236.64541313013	-0.0915075494144774	0.0692260669725411	-1.32186549686225	0.186212943522646	0.358095476175892	CM076440.1	75321	79374	-	NA	B9J08_03048
B9J08_02743	110.089575199272	-0.33903663563492	0.256534682204791	-1.32160155781302	0.186300864382783	0.358095476175892	CM076439.1	1692813	1693308	-	NA	B9J08_02743
B9J08_01609	6.04955383217798	-1.43861111194647	1.08883429315458	-1.32123971571332	0.186421447626034	0.358133938487692	CM076438.1	3354869	3355538	-	NA	B9J08_01609
B9J08_05023	4219.98952852922	-0.099041981234827	0.0750287226572369	-1.32005421026948	0.186816919230473	0.358551300070344	CM076443.1	433255	434311	-	NA	B9J08_05023
B9J08_00892	1011.14002955293	-0.145900426865135	0.110530199859074	-1.32000509409336	0.18683331720691	0.358551300070344	CM076438.1	1867669	1869718	-	NA	B9J08_00892
B9J08_00310	814.401846433208	0.14226388457171	0.10775469792092	1.32025691052575	0.18674925676414	0.358551300070344	CM076438.1	662618	663317	+	NA	B9J08_00310
B9J08_02076	56.5647297810447	0.456400366921373	0.34586676036704	1.31958435796788	0.186973828160921	0.358696406888376	CM076439.1	255940	256717	-	NA	B9J08_02076
B9J08_02618	380.276888335612	-0.21243455996447	0.161040421927978	-1.31913812334321	0.187122939980257	0.358857907449994	CM076439.1	1408081	1408303	-	NA	B9J08_02618
B9J08_05467	65.337250144506	-0.442922642970151	0.336002111531347	-1.31821386761978	0.18743206453128	0.359326056421916	CM076444.1	496656	502146	+	NA	B9J08_05467
B9J08_03844	655.909198298271	-0.15322362765398	0.116342065408204	-1.31700969134742	0.187835376069859	0.35997438402847	CM076441.1	150043	151099	-	NA	B9J08_03844
B9J08_04316	1669.89943109163	0.114295180378639	0.0868813652063406	1.31553158847345	0.188331308266909	0.360799702180661	CM076441.1	1193715	1196186	-	NA	B9J08_04316
B9J08_03970	4196.73924034891	0.0983606071029014	0.0747831595524173	1.31527749952793	0.18841665724509	0.360827721774917	CM076441.1	415025	419384	-	NA	B9J08_03970
B9J08_00298	2271.94321229759	-0.110880489047834	0.0843133912726839	-1.31509938544908	0.188476503123609	0.360827721774917	CM076438.1	638140	639211	+	NA	B9J08_00298
B9J08_03731	1.12661624987787	-3.44502696807474	2.62147924561724	-1.3141538212955	0.188794445086222	0.361311252767156	CM076440.1	1565887	1566724	-	NA	B9J08_03731
B9J08_04361	809.345278002266	0.141643824898889	0.107883439656285	1.31293389745603	0.189205223391684	0.361972055966022	CM076441.1	1281603	1282650	-	NA	B9J08_04361
B9J08_04852	1181.7918528349	0.133128319652539	0.101422462671472	1.31261178387838	0.189313796808178	0.36205444808263	CM076442.1	977861	983024	-	NA	B9J08_04852
B9J08_04600	113.507265190866	-0.339433272482416	0.258782043653901	-1.31165697468708	0.189635899972701	0.362545008353206	CM076442.1	424329	424731	-	NA	B9J08_04600
B9J08_03380	1277.33256452291	0.123876696331283	0.0944880796909547	1.31102988584857	0.189847666860091	0.362824361941812	CM076440.1	780556	784456	-	NA	B9J08_03380
B9J08_02741	20.5482668966217	-0.756919567858052	0.577607416872532	-1.31043948839232	0.190047202309643	0.363080154568059	CM076439.1	1689411	1691136	-	NA	B9J08_02741
B9J08_04828	1587.43212766221	0.122733462642766	0.0937020226717577	1.30982724964974	0.190254282527679	0.363350179519862	CM076442.1	919139	921650	-	NA	B9J08_04828
B9J08_03899	2417.80270560128	-0.108233161015965	0.0826562481619245	-1.30943713781849	0.190386318427673	0.363476746787478	CM076441.1	260943	264354	+	NA	B9J08_03899
B9J08_04306	1606.61873719218	0.11479064205197	0.0876980168698537	1.30893087608038	0.19055776661007	0.363678444769979	CM076441.1	1161438	1163571	+	NA	B9J08_04306
B9J08_02742	61.5705961848884	-0.440097114937485	0.33639094927662	-1.30829059427394	0.190774764153617	0.363966904203327	CM076439.1	1691283	1692539	-	NA	B9J08_02742
B9J08_01978	7501.47838368429	0.0879626849609779	0.0672845873406618	1.30732294627331	0.191103054292226	0.364467419279895	CM076439.1	52025	53102	-	NA	B9J08_01978
B9J08_01471	238.910634285336	-0.234867989239964	0.179914665026994	-1.30544105009297	0.191742707996684	0.365502278024681	CM076438.1	3071180	3071712	+	NA	B9J08_01471
B9J08_00344	285.912522677717	0.233204324350021	0.178654418908605	1.30533756609358	0.191777927677144	0.365502278024681	CM076438.1	723733	724660	+	NA	B9J08_00344
B9J08_02320	744.186463662829	0.148803007057405	0.114090010444333	1.30425973735895	0.192145038138054	0.366075706924862	CM076439.1	732373	733045	+	NA	B9J08_02320
B9J08_04738	314.35265620555	-0.20554905743014	0.157724665951319	-1.30321440968264	0.192501571986489	0.366447987870452	CM076442.1	710222	711245	-	NA	B9J08_04738
B9J08_03298	1569.60270366839	-0.114214881004145	0.0876483405379729	-1.30310374735118	0.192539344450116	0.366447987870452	CM076440.1	610746	612279	+	NA	B9J08_03298
B9J08_00105	895.678617733103	0.138411412519531	0.10620992297984	1.30318720357045	0.192510857765927	0.366447987870452	CM076438.1	231619	233008	+	NA	B9J08_00105
B9J08_02268	2696.5964297705	0.100555017964865	0.0771917236744388	1.30266579340763	0.192688885067426	0.366606357234996	CM076439.1	627676	628828	-	NA	B9J08_02268
B9J08_05148	749.442092937499	0.162590673328179	0.124966859690024	1.30107032961762	0.193234382580703	0.367367048240215	CM076443.1	724330	725251	-	NA	B9J08_05148
B9J08_03436	4574.64732366542	0.0914361243258324	0.0702697527164606	1.30121596833816	0.193184540932735	0.367367048240215	CM076440.1	900052	901402	-	NA	B9J08_03436
B9J08_00668	3747.30078022662	0.0980621373578129	0.0753794522403468	1.30091337152653	0.193288108609109	0.367367048240215	CM076438.1	1416698	1417182	+	NA	B9J08_00668
B9J08_00205	2111.37497972671	0.111891516205681	0.0860975523443818	1.29958997856438	0.193741536219294	0.368102258743225	CM076438.1	441959	443078	+	NA	B9J08_00205
B9J08_02066	47594.5040933706	0.0787182346243296	0.0605904409174453	1.29918570375785	0.193880206513595	0.36823914137479	CM076439.1	236029	236386	+	NA	B9J08_02066
B9J08_05123	4288.56409009162	-0.107041004648865	0.082478018239953	-1.29781251942125	0.194351766531258	0.368881254676601	CM076443.1	656207	657401	-	NA	B9J08_05123
B9J08_01049	296.800766959416	0.226872633793991	0.17479855556197	1.29790908777596	0.194318576870272	0.368881254676601	CM076438.1	2151917	2153039	-	NA	B9J08_01049
B9J08_01405	305.485817244436	-0.204994822414355	0.158085572091117	-1.29673327997448	0.194722974344186	0.369458935530489	CM076438.1	2917776	2918226	-	NA	B9J08_01405
B9J08_04421	9.44446168243679	-1.15052746050077	0.88758400889719	-1.29624626961259	0.19489065330201	0.369650185586893	CM076441.1	1414892	1416374	-	NA	B9J08_04421
B9J08_00421	2820.61120468396	-0.106167220718732	0.0819275480263039	-1.29586718114213	0.195021247755026	0.369738593321901	CM076438.1	893038	896806	+	NA	B9J08_00421
B9J08_00202	810.135560182308	-0.145686023593657	0.112436117860429	-1.29572264114012	0.195071058101441	0.369738593321901	CM076438.1	435281	435806	-	NA	B9J08_00202
B9J08_03838	724.199798007168	0.150576260799347	0.11626560429059	1.29510582014439	0.195283727428671	0.370014796536943	CM076441.1	134944	135607	-	NA	B9J08_03838
B9J08_00786	669.547306371856	0.150405240232744	0.11616317817043	1.29477552699251	0.195397676724443	0.370103824282384	CM076438.1	1662535	1664041	+	NA	B9J08_00786
B9J08_03099	1928.95796426476	-0.111900298954043	0.0864636912573269	-1.29418831565973	0.1956003817227	0.370360846105297	CM076440.1	172371	173097	-	NA	B9J08_03099
B9J08_00987	55.1861273637767	-0.463725796070992	0.358554254442543	-1.29332113710926	0.195900013082561	0.370801154899766	CM076438.1	2038883	2040068	+	NA	B9J08_00987
B9J08_01295	595.438828561199	0.15740829075172	0.121909011326153	1.29119487591112	0.196636111483093	0.371939694786809	CM076438.1	2688969	2690265	+	NA	B9J08_01295
B9J08_00544	84.388123177228	-0.370435527119265	0.286863514798107	-1.29133022503742	0.196589194171631	0.371939694786809	CM076438.1	1183109	1184654	+	NA	B9J08_00544
B9J08_02714	19.6110518429297	0.751709529841407	0.582302263346615	1.29092668388608	0.196729101571939	0.371988280666476	CM076439.1	1627202	1628984	-	NA	B9J08_02714
B9J08_02553	579.824538479478	-0.162838014185241	0.126160733542751	-1.29071866984715	0.196801248350085	0.371997434894295	CM076439.1	1278178	1279087	+	NA	B9J08_02553
B9J08_01160	3153.99008906071	0.0977344449771764	0.0758056032554755	1.2892773196171	0.197301692950746	0.37281588271411	CM076438.1	2403651	2404827	+	NA	B9J08_01160
B9J08_01425	2343.6902223329	-0.102479444798323	0.0795672914848946	-1.28795944773083	0.197760079825833	0.373554327135126	CM076438.1	2957105	2961611	+	NA	B9J08_01425
B9J08_01478	4054.92836251867	-0.0949439194527031	0.0737987007251202	-1.28652562334862	0.198259682223579	0.374370093491534	CM076438.1	3087824	3090758	-	NA	B9J08_01478
B9J08_00274	642.30400473395	-0.153041955892924	0.118978386837945	-1.28630047826565	0.198338215653082	0.374390477429843	CM076438.1	589750	590893	+	NA	B9J08_00274
B9J08_00599	1937.4550705225	-0.106756236818888	0.0830109363792673	-1.28605026608941	0.198425519486081	0.37442739713198	CM076438.1	1287381	1288380	+	NA	B9J08_00599
B9J08_05264	337.645373693067	-0.209563524354661	0.163178323033002	-1.28426080412824	0.199050716381556	0.374842567333349	CM076444.1	47504	48137	-	NA	B9J08_05264
B9J08_05048	1387.12090218745	0.129799814188904	0.101046176182564	1.28455938752586	0.198946298255098	0.374842567333349	CM076443.1	488314	489907	+	NA	B9J08_05048
B9J08_04395	979.062840640813	-0.130859155620307	0.101894928616057	-1.28425582507044	0.199052457956103	0.374842567333349	CM076441.1	1348855	1350310	-	NA	B9J08_04395
B9J08_02525	1741.59470360725	-0.109721785201048	0.0854354234198897	-1.28426571565986	0.199048998437226	0.374842567333349	CM076439.1	1215083	1215464	-	NA	B9J08_02525
B9J08_02210	2903.39475716215	0.0978536760553677	0.0761702913694688	1.28466984038071	0.198907681738678	0.374842567333349	CM076439.1	527822	529211	+	NA	B9J08_02210
B9J08_01651	2024.34684755809	-0.114536693816846	0.0891387988810566	-1.28492525426195	0.198818404946025	0.374842567333349	CM076438.1	3454336	3455965	+	NA	B9J08_01651
B9J08_04975	609.62026878572	-0.153085928387675	0.119409629577027	-1.28202330858856	0.199834469813266	0.376187028153243	CM076443.1	320371	321847	+	NA	B9J08_04975
B9J08_03365	43.5250967591138	0.50294702609811	0.392669900888416	1.28083926208806	0.200250130264546	0.376798026091374	CM076440.1	748746	750117	+	NA	B9J08_03365
B9J08_02088	997.633320630044	0.130678935119993	0.102051741972114	1.28051645757993	0.200363560463642	0.376798026091374	CM076439.1	276749	277121	-	NA	B9J08_02088
B9J08_00778	782.765691868218	0.141740349936395	0.110682451522381	1.28060363668158	0.200332921997816	0.376798026091374	CM076438.1	1651635	1652235	+	NA	B9J08_00778
B9J08_03053	395.787866075522	-0.181412869591546	0.141813278254064	-1.27923754266887	0.200813419101254	0.377515567133548	CM076440.1	84007	84508	+	NA	B9J08_03053
B9J08_01965	971.520311065974	-0.130714129468668	0.102226115860159	-1.27867647487927	0.201011007263499	0.37775853014123	CM076439.1	14920	15733	+	NA	B9J08_01965
B9J08_02818	2982.79987067551	0.0994896693988664	0.0779211330458781	1.27679957297707	0.201673016351181	0.378873814198836	CM076439.1	1860337	1861124	+	NA	B9J08_02818
B9J08_02644	1085.48977837246	0.149495167170982	0.117147734614138	1.27612512237979	0.201911292198829	0.379192562685331	CM076439.1	1467568	1468819	+	NA	B9J08_02644
B9J08_04535	1305.39386627508	-0.123009498641412	0.0964227009456457	-1.27573172536158	0.202050369695306	0.379324861856644	CM076442.1	263104	269308	-	NA	B9J08_04535
B9J08_01593	461.104404503377	0.173960369781415	0.13641487332477	1.27523022630574	0.202227765694789	0.379528985057758	CM076438.1	3325687	3326677	-	NA	B9J08_01593
B9J08_02621	336.118697608774	0.194056277867112	0.152293337793033	1.27422696671626	0.20258299081989	0.37980874839265	CM076439.1	1416988	1417489	-	NA	B9J08_02621
B9J08_01761	1555.62643122288	-0.118693446570788	0.0931257099819715	-1.27455078295528	0.202468287227985	0.37980874839265	CM076438.1	3706783	3707920	+	NA	B9J08_01761
B9J08_00280	3139.17957432056	0.0954597518412265	0.0749113094081825	1.27430360776473	0.202555838419617	0.37980874839265	CM076438.1	600073	603910	-	NA	B9J08_00280
B9J08_04015	4572.57295219339	0.0969760077328712	0.0761387404936847	1.27367496630595	0.202778631930473	0.379865124639103	CM076441.1	515211	516738	-	NA	B9J08_04015
B9J08_01954	25.0886677993526	-0.671653441349695	0.527382472157855	-1.27356041735998	0.202819247839695	0.379865124639103	CM076438.1	4127391	4129404	-	NA	B9J08_01954
B9J08_00043	3929.3877223276	0.0947862550890638	0.0744229065500978	1.27361667909676	0.202799298233062	0.379865124639103	CM076438.1	99385	103410	-	NA	B9J08_00043
B9J08_01699	8.48558745796396	1.13234294690427	0.889867788475879	1.27248447642283	0.203201036209842	0.380451262578521	CM076438.1	3565440	3567738	+	NA	B9J08_01699
B9J08_02011	4318.3514564838	-0.0914239852471072	0.0719141310841374	-1.27129374809721	0.203624165661333	0.381071593574996	CM076439.1	116690	117281	-	NA	B9J08_02011
B9J08_00173	1948.84141762679	-0.110756173770245	0.087129716988249	-1.27116416302812	0.20367025283527	0.381071593574996	CM076438.1	371498	375668	-	NA	B9J08_00173
B9J08_03642	3335.01892334976	0.0957009212988148	0.0753247643872874	1.27051072880576	0.2039027636235	0.381292833626732	CM076440.1	1363549	1363822	+	NA	B9J08_03642
B9J08_02777	6003.29824427339	0.0890790372291061	0.0701164539796781	1.27044412792073	0.203926472987266	0.381292833626732	CM076439.1	1769252	1772123	-	NA	B9J08_02777
B9J08_01826	396.834026160874	0.182584065946104	0.143758813974721	1.27007214999847	0.204058930943661	0.381356029048197	CM076438.1	3859052	3859316	+	NA	B9J08_01826
B9J08_00466	895.960314467162	0.135511150208425	0.106704910079302	1.26996171130002	0.204098269210162	0.381356029048197	CM076438.1	981783	982944	-	NA	B9J08_00466
B9J08_00542	658.645650293554	-0.152896498802834	0.120435081061074	-1.26953456962675	0.204250469024811	0.381511437073379	CM076438.1	1178411	1179545	-	NA	B9J08_00542
B9J08_00925	2036.87481049507	0.115813086505691	0.0912566509122436	1.26909200971074	0.204408249772644	0.381677160977502	CM076438.1	1924756	1926151	-	NA	B9J08_00925
B9J08_01059	2093.11936287805	-0.108063887505104	0.0852186847687481	-1.26807739169349	0.2047703143495	0.382224088959705	CM076438.1	2172015	2176578	-	NA	B9J08_01059
B9J08_03743	3222.35394314692	-0.106599607480843	0.0841046976812987	-1.26746317886767	0.204989721557102	0.382401594838689	CM076440.1	1595637	1598319	-	NA	B9J08_03743
B9J08_00897	1480.12669866556	-0.117281054862476	0.0925349932335702	-1.26742382275258	0.205003786051571	0.382401594838689	CM076438.1	1875938	1876406	-	NA	B9J08_00897
B9J08_03756	2272.26650681436	0.116030296786639	0.0915850693525026	1.26691280147476	0.205186470824867	0.382484190303218	CM076440.1	1622613	1625637	-	NA	B9J08_03756
B9J08_02568	386.693346462858	-0.183523821398823	0.144852931892253	-1.26696656395837	0.205167245729791	0.382484190303218	CM076439.1	1304677	1311421	-	NA	B9J08_02568
B9J08_00658	1634.21245146256	0.114947552561643	0.0908718513293375	1.26494124286134	0.205892391459376	0.383670683612936	CM076438.1	1404698	1405229	+	NA	B9J08_00658
B9J08_02331	693.667114550967	0.143699067982658	0.113727133197324	1.26354251569263	0.206394277392149	0.384476296308193	CM076439.1	758678	760022	+	NA	B9J08_02331
B9J08_02472	1291.131448791	-0.119790970633172	0.0948579779617163	-1.26284550026481	0.20664470919858	0.384813109077005	CM076439.1	1122634	1123999	+	NA	B9J08_02472
B9J08_04264	1088.86360298403	-0.123629629609807	0.0979307395983369	-1.2624190332563	0.206798043964116	0.384901797571749	CM076441.1	1052820	1055124	+	NA	B9J08_04264
B9J08_00643	1075.10712655493	0.123990282863464	0.0982236863612758	1.26232569206797	0.206831615485452	0.384901797571749	CM076438.1	1373430	1374174	-	NA	B9J08_00643
B9J08_00501	742.499813830605	-0.143552432848898	0.113822581787494	-1.26119466449029	0.207238720496444	0.385529588752557	CM076438.1	1061390	1064249	+	NA	B9J08_00501
B9J08_02108	1104.94416199224	-0.131411939612057	0.104237715093744	-1.26069474464089	0.207418848128013	0.385734849799302	CM076439.1	319676	321941	-	NA	B9J08_02108
B9J08_05349	2060.56841902965	0.104034273835783	0.0825495642393532	1.26026436110717	0.207574011884133	0.385893563297546	CM076444.1	236853	238671	+	NA	B9J08_05349
B9J08_03530	296.611442660725	-0.206989968750205	0.164303161694134	-1.25980514687561	0.207739662641113	0.386071659521665	CM076440.1	1096461	1097529	-	NA	B9J08_03530
B9J08_05052	851.745366206052	0.134773508882372	0.107092692430587	1.25847530605066	0.208219912337336	0.38678014589854	CM076443.1	497656	499012	+	NA	B9J08_05052
B9J08_03926	503.468838849492	-0.16306714522356	0.129586826757556	-1.25836205194407	0.208260849320437	0.38678014589854	CM076441.1	320688	321795	+	NA	B9J08_03926
B9J08_05498	919.425616182979	-0.130200681254689	0.103489103983136	-1.25811004485946	0.208351961079341	0.38679069917726	CM076444.1	574632	575886	+	NA	B9J08_05498
B9J08_01622	1036.59216039666	-0.12664628511582	0.100675984239796	-1.25795924491948	0.208406495775264	0.38679069917726	CM076438.1	3374925	3375657	+	NA	B9J08_01622
B9J08_05331	5476.44431785505	-0.0877314832868509	0.0697748838865523	-1.25735047340952	0.208626754701636	0.387069510988904	CM076444.1	201518	203219	+	NA	B9J08_05331
B9J08_04605	2098.47784316135	0.103592275555359	0.0824451010742173	1.25650007345014	0.208934719311272	0.387440030663989	CM076442.1	433154	433928	+	NA	B9J08_04605
B9J08_00457	350.982554464526	-0.192909137219874	0.153539721627603	-1.2564119250376	0.208966660287561	0.387440030663989	CM076438.1	968199	968904	-	NA	B9J08_00457
B9J08_01186	32.4396525563958	-0.6009915417734	0.478522936069608	-1.25593048205735	0.209141175760836	0.387503613285331	CM076438.1	2465147	2466437	+	NA	B9J08_01186
B9J08_00847	10217.7598066235	0.082895269374043	0.0660009697300488	1.25597047608685	0.20912667453734	0.387503613285331	CM076438.1	1784015	1785734	-	NA	B9J08_00847
B9J08_04949	4.37766197437327	-1.62920099939394	1.29853090430955	-1.25464938415171	0.209606067707908	0.38810476925347	CM076443.1	272780	273692	+	NA	B9J08_04949
B9J08_02634	24.4380327282889	-0.691261246836249	0.550942874745093	-1.25468769726095	0.209592153587387	0.38810476925347	CM076439.1	1447047	1447542	+	NA	B9J08_02634
B9J08_05307	54.9955935906248	-0.441087658888493	0.351958667286814	-1.25323709823304	0.210119432536055	0.388925017959402	CM076444.1	146412	147978	+	NA	B9J08_05307
B9J08_01997	1453.69458918599	0.117495661725623	0.0937976704476534	1.25265010489994	0.210333071666091	0.389190119550882	CM076439.1	91975	92185	-	NA	B9J08_01997
B9J08_01118	2092.89896552876	0.103075677063223	0.0823293763730358	1.2519914713818	0.21057297168318	0.389503619308211	CM076438.1	2311176	2312265	-	NA	B9J08_01118
B9J08_02615	2278.9512780016	0.104235520099782	0.0834607647274856	1.24891642725932	0.211695642584504	0.391329593761576	CM076439.1	1398049	1401088	-	NA	B9J08_02615
B9J08_01416	1009.87115526485	-0.135011867552825	0.108104645671484	-1.24889977404956	0.211701734276662	0.391329593761576	CM076438.1	2942565	2943060	-	NA	B9J08_01416
B9J08_00885	2565.93205171566	-0.10853149702353	0.086987932130328	-1.24766153609589	0.212155032858319	0.392036398063501	CM076438.1	1857196	1858057	-	NA	B9J08_00885
B9J08_04170	8.39284946684994	1.11579020723176	0.894537347773575	1.24733775510756	0.21227367933557	0.392124540671021	CM076441.1	845333	846479	+	NA	B9J08_04170
B9J08_05572	2688.78683367668	0.0966556006614716	0.0775213728590515	1.2468251928047	0.212461600929501	0.392246855756053	CM076444.1	730577	732815	-	NA	B9J08_05572
B9J08_04642	1564.51902480858	0.110829312133313	0.0888931473882041	1.24677003109488	0.212481832121155	0.392246855756053	CM076442.1	508712	509687	-	NA	B9J08_04642
B9J08_03849	1091.19284567832	-0.123303197408766	0.0989183841810896	-1.24651447179965	0.212575579589041	0.39228889094779	CM076441.1	159737	160721	+	NA	B9J08_03849
B9J08_05275	467.804549032507	-0.168702309587974	0.135410194401451	-1.24586121697619	0.212815350486523	0.392381338310602	CM076444.1	76362	77649	-	NA	B9J08_05275
B9J08_03726	315.969013067642	-0.20611490486264	0.165448127500673	-1.24579774927826	0.212838656098278	0.392381338310602	CM076440.1	1552898	1556219	-	NA	B9J08_03726
B9J08_00378	1811.34516847768	-0.106534699466735	0.0855115805376855	-1.24585113264027	0.212819053374924	0.392381338310602	CM076438.1	793246	794554	-	NA	B9J08_00378
B9J08_01784	4079.91502108329	-0.0955914029803307	0.0767443622925396	-1.24558208739749	0.212917861838719	0.392396472951851	CM076438.1	3763251	3764124	+	NA	B9J08_01784
B9J08_00972	890.920093663115	-0.136304848454491	0.109513935738	-1.24463473562474	0.213266046047072	0.392907145500723	CM076438.1	2008782	2015853	-	NA	B9J08_00972
B9J08_05518	1648.51225484652	-0.11284091508818	0.0906884386200637	-1.24427012753988	0.213400161465363	0.393023223065332	CM076444.1	620573	621545	-	NA	B9J08_05518
B9J08_01293	724.991984543085	-0.146025871981947	0.11740955436518	-1.24373074041115	0.213598678251677	0.393257793036981	CM076438.1	2684799	2686962	-	NA	B9J08_01293
B9J08_01524	508.455206472411	-0.163773016115895	0.131714530179397	-1.24339369310914	0.213722793237259	0.393355270803306	CM076438.1	3187055	3187907	+	NA	B9J08_01524
B9J08_03645	5.20146823672453	-1.46723902365158	1.18073105441287	-1.24265303107589	0.213995718923413	0.393726477526533	CM076440.1	1367066	1367138	+	NA	B9J08_03645
B9J08_04176	2.48317785260122	2.17601879821116	1.75326852511499	1.24112123558966	0.214560965876728	0.39450650978994	CM076441.1	855926	856433	-	NA	B9J08_04176
B9J08_02054	1461.79262787594	0.116671573465169	0.0940052781070808	1.24111726292931	0.214562433223912	0.39450650978994	CM076439.1	213397	215998	+	NA	B9J08_02054
B9J08_04061	1193.6436035963	-0.119965358387381	0.0967189614340573	-1.24034994388534	0.214845986889429	0.394896498017252	CM076441.1	597490	598564	+	NA	B9J08_04061
B9J08_00822	7.81965935757094	-1.19722226366857	0.965752252244617	-1.23967845882417	0.215094347761162	0.395221562525246	CM076438.1	1740358	1740431	+	NA	B9J08_00822
B9J08_05192	1176.74097782141	-0.118010814520818	0.0952528812248411	-1.23892120640695	0.215374679382585	0.395343659990976	CM076443.1	813414	816171	-	NA	B9J08_05192
B9J08_03910	2135.89093304968	-0.102281769416841	0.082557249379045	-1.23891929765289	0.215375386327633	0.395343659990976	CM076441.1	285609	286776	+	NA	B9J08_03910
B9J08_00921	1002.99781008064	0.131381146513491	0.106041140360113	1.23896391596059	0.215358861486762	0.395343659990976	CM076438.1	1919554	1921024	-	NA	B9J08_00921
B9J08_05408	750.631320874461	-0.142241063115057	0.11500106652114	-1.23686733886864	0.216136337297708	0.396597509809504	CM076444.1	360259	361741	-	NA	B9J08_05408
B9J08_01998	3415.20681881161	-0.0942571824983523	0.0762172712163493	-1.2366905951119	0.216201971604132	0.396597509809504	CM076439.1	92920	93559	+	NA	B9J08_01998
B9J08_00171	9682.36393517261	-0.0804574154882892	0.0650732712959829	-1.23641264509866	0.216305218171297	0.396655255750749	CM076438.1	366723	368250	+	NA	B9J08_00171
B9J08_03717	11912.9412162816	0.0895112287257693	0.0724356953158988	1.23573368537987	0.216557571959422	0.396986301897089	CM076440.1	1531047	1532196	-	NA	B9J08_03717
B9J08_04062	1776.86488550504	0.116779373175505	0.0945364579290529	1.23528399237408	0.216724829159341	0.397161183940212	CM076441.1	598583	600395	-	NA	B9J08_04062
B9J08_03086	4830.45467256585	0.0871915225761949	0.0705997303362527	1.23501211918117	0.216825993774605	0.397214871591727	CM076440.1	149827	151672	+	NA	B9J08_03086
B9J08_05138	2774.53302907038	0.0992987743150047	0.0804514701302352	1.23426923279661	0.217102596695338	0.397589811774398	CM076443.1	701392	702253	+	NA	B9J08_05138
B9J08_04394	1157.06022630841	-0.123020652617943	0.0997101694956823	-1.23378240394296	0.217283997944477	0.397790214189839	CM076441.1	1346157	1348374	-	NA	B9J08_04394
B9J08_03563	9353.06838510989	0.242066307551389	0.196442130917085	1.23225250317388	0.217854776224568	0.398477739449036	CM076440.1	1184970	1185348	-	NA	B9J08_03563
B9J08_01531	3164.60570077756	-0.0947061064500835	0.0768427618892793	-1.2324661961857	0.217774986532354	0.398477739449036	CM076438.1	3196443	3197277	+	NA	B9J08_01531
B9J08_00243	1399.51732583053	-0.120217258307902	0.0975634126022771	-1.23219611841557	0.217875832931968	0.398477739449036	CM076438.1	527562	529245	-	NA	B9J08_00243
B9J08_02954	43716.3993482094	-0.0767372110207385	0.0623574211513685	-1.23060270299607	0.218471493805891	0.399139067170818	CM076439.1	2170682	2171873	-	NA	B9J08_02954
B9J08_02836	46870.8374832502	-0.0832052361944026	0.0675917126583933	-1.23099760195336	0.218323761178115	0.399139067170818	CM076439.1	1892979	1893303	+	NA	B9J08_02836
B9J08_02339	2763.22706569442	0.105445404308061	0.0856740664513689	1.2307738931467	0.218407442351503	0.399139067170818	CM076439.1	775576	776689	-	NA	B9J08_02339
B9J08_00074	5210.99845454052	0.0848713390576201	0.0689755020079592	1.23045627196489	0.21852629224876	0.399139067170818	CM076438.1	167963	169457	-	NA	B9J08_00074
B9J08_04158	281.908376811459	-0.209733690057897	0.170626996902507	-1.22919405407888	0.218999057702068	0.399811437176359	CM076441.1	826075	826495	-	NA	B9J08_04158
B9J08_01837	1215.39937515222	0.117190351882536	0.0953474619096021	1.22908727233497	0.219039086623849	0.399811437176359	CM076438.1	3873899	3875111	-	NA	B9J08_01837
B9J08_04341	1548.94985880895	-0.118084328978336	0.0961181564966122	-1.22853301896711	0.219246942178938	0.400058715557276	CM076441.1	1247210	1248917	-	NA	B9J08_04341
B9J08_04802	11.738881969822	0.932809053383294	0.759532910688923	1.22813513444362	0.219396243741425	0.400199022824705	CM076442.1	859770	860142	-	NA	B9J08_04802
B9J08_02676	651.889291609309	-0.149525367934371	0.121859788275926	-1.22702796426827	0.219812080630826	0.40082526217307	CM076439.1	1542767	1544657	+	NA	B9J08_02676
B9J08_05198	88.3703815891291	0.343826661459552	0.280404155689873	1.2261824744132	0.220130014896552	0.401215329974466	CM076443.1	832385	834095	+	NA	B9J08_05198
B9J08_04884	3698.0965558087	0.0910598747574755	0.0742695330491154	1.22607307490753	0.220171177096536	0.401215329974466	CM076443.1	84343	85999	+	NA	B9J08_04884
B9J08_03832	13385.2841678286	0.0857380123589595	0.0699509033340767	1.2256884224852	0.220315948645098	0.401293730301414	CM076441.1	123265	124663	+	NA	B9J08_03832
B9J08_02162	33087.5235078965	0.0770918274930015	0.0629026822181345	1.22557297677167	0.220359412242589	0.401293730301414	CM076439.1	441897	442799	+	NA	B9J08_02162
B9J08_04676	2903.00597168933	-0.0946828895216774	0.0774092293056499	-1.22314729614246	0.221274067598087	0.402826670492301	CM076442.1	577249	578338	+	NA	B9J08_04676
B9J08_01516	2137.16693688173	-0.101733229824181	0.0831964865073774	-1.22280680464986	0.221402674741411	0.402928081427653	CM076438.1	3167734	3168748	+	NA	B9J08_01516
B9J08_02048	272.323779316928	0.207867590272515	0.17017254641729	1.22151072337362	0.221892707992308	0.403686964145322	CM076439.1	189431	190445	-	NA	B9J08_02048
B9J08_03668	11411.3425061415	0.0845980872900121	0.0692906288578814	1.22091671968409	0.222117553314403	0.403830170121284	CM076440.1	1415877	1416851	-	NA	B9J08_03668
B9J08_00224	1729.77808675919	0.105022577095911	0.0860153267637053	1.2209751569557	0.222095426104817	0.403830170121284	CM076438.1	482478	486300	+	NA	B9J08_00224
B9J08_05521	442.490707796566	0.164845286117399	0.135170651438189	1.21953459840192	0.222641352362985	0.40464937668866	CM076444.1	626056	626500	-	NA	B9J08_05521
B9J08_02995	6886.790415362	0.0850513314601028	0.0697901716620552	1.21867204843609	0.222968691020369	0.405111096406832	CM076439.1	2265880	2266315	-	NA	B9J08_02995
B9J08_02604	775.201418947092	0.134369632074002	0.110280580089141	1.21843421539303	0.223059009465861	0.405142012920741	CM076439.1	1380231	1380777	+	NA	B9J08_02604
B9J08_04011	21732.9637117587	0.0839791164641744	0.0689997925393446	1.21709230381075	0.223569098575737	0.405822827915673	CM076441.1	507063	508731	+	NA	B9J08_04011
B9J08_00511	3206.6903426959	0.0921629186851513	0.0757257498028061	1.21706181748148	0.223580696761937	0.405822827915673	CM076438.1	1079968	1082890	-	NA	B9J08_00511
B9J08_00923	31.8069505522	0.557715529439165	0.458500562078485	1.21639006702831	0.223836365999735	0.406153511122959	CM076438.1	1922150	1923536	+	NA	B9J08_00923
B9J08_01737	4172.6314432248	-0.0882534480271858	0.0725959410119074	-1.2156801991548	0.224106769907001	0.406510704718082	CM076438.1	3650690	3653690	-	NA	B9J08_01737
B9J08_04478	546.679227895906	0.153737542513628	0.126512509764691	1.2151963691146	0.224291204931217	0.40671177482114	CM076442.1	118494	119025	+	NA	B9J08_04478
B9J08_05481	345.297844481274	-0.189792934443937	0.156299686913973	-1.21428864120757	0.224637521625768	0.407072649844465	CM076444.1	534841	535081	-	NA	B9J08_05481
B9J08_03894	3753.85241172326	-0.0889811803177236	0.0732755474063781	-1.21433661661023	0.224619208473552	0.407072649844465	CM076441.1	251772	252411	-	NA	B9J08_03894
B9J08_04994	1252.22888743241	0.113556199025981	0.093597814921671	1.21323557735843	0.225039765511671	0.407550705193207	CM076443.1	364161	365391	+	NA	B9J08_04994
B9J08_03367	110.195745383638	0.306906038354787	0.253017520474699	1.21298334510189	0.225136188214663	0.407550705193207	CM076440.1	751614	752298	+	NA	B9J08_03367
B9J08_01472	585.468683507744	-0.166965644393007	0.13766547566794	-1.21283599670074	0.225192529837781	0.407550705193207	CM076438.1	3072640	3073687	+	NA	B9J08_01472
B9J08_00434	43738.7144590158	0.0770614762794709	0.0635387637085531	1.21282618328782	0.225196282551123	0.407550705193207	CM076438.1	920876	922823	+	NA	B9J08_00434
B9J08_00600	2051.60464763255	-0.103229910830235	0.0851585379025765	-1.21220858615882	0.225432545600605	0.407844739618509	CM076438.1	1288560	1290135	-	NA	B9J08_00600
B9J08_00611	146.104721549883	0.277823110262612	0.229403001897841	1.21107007303389	0.225868549921594	0.408499828343145	CM076438.1	1310681	1311047	-	NA	B9J08_00611
B9J08_02504	923.900161672472	0.127797301439616	0.105579666084687	1.21043479468014	0.226112097223586	0.408806529720236	CM076439.1	1180111	1181830	+	NA	B9J08_02504
B9J08_03613	6952.18889714621	-0.0860749624926343	0.0711338153547795	-1.21004281948516	0.226262462607507	0.408944614398852	CM076440.1	1287803	1289525	+	NA	B9J08_03613
B9J08_04200	351.463676378563	-0.205518086590731	0.169912955571496	-1.20954924184256	0.226451905119397	0.409042156663273	CM076441.1	911978	912890	+	NA	B9J08_04200
B9J08_00908	1700.85076091154	-0.110858737978196	0.0916700177889111	-1.20932384057643	0.226538455137738	0.409042156663273	CM076438.1	1896410	1898888	+	NA	B9J08_00908
B9J08_00478	1566.33925683288	-0.10859659345235	0.0897989275568731	-1.20933062795846	0.226535848560984	0.409042156663273	CM076438.1	1015078	1018417	-	NA	B9J08_00478
B9J08_02947	67.2537832641074	-0.400506168202492	0.331271555736046	-1.20899655061726	0.226664170580657	0.409135490136933	CM076439.1	2157345	2158449	+	NA	B9J08_02947
B9J08_00207	676.114085338441	-0.144411001748375	0.119487062029214	-1.2085911168614	0.22681997085283	0.409283048940121	CM076438.1	444037	445651	+	NA	B9J08_00207
B9J08_05020	6645.54654366595	-0.0820850731030306	0.0679690865758301	-1.20768245151348	0.227169430567982	0.409779844239308	CM076443.1	426447	426729	-	NA	B9J08_05020
B9J08_02211	597.176258390425	-0.146225481151766	0.121117420596807	-1.20730346164275	0.227315298043625	0.409840920182339	CM076439.1	529433	530360	+	NA	B9J08_02211
B9J08_00033	2022.95216759084	-0.0995271622642277	0.0824440068337059	-1.20720918459215	0.227351594224543	0.409840920182339	CM076438.1	74948	76670	-	NA	B9J08_00033
B9J08_04279	722.350784223773	0.138043734599944	0.114509521970496	1.20552188345971	0.228001895248123	0.410879189773843	CM076441.1	1093952	1098398	+	NA	B9J08_04279
B9J08_00948	2012.73126077261	-0.0991980508007582	0.0823196416118737	-1.2050350178693	0.228189783742143	0.411083746656722	CM076438.1	1966059	1968342	-	NA	B9J08_00948
B9J08_03228	1896.06457163797	-0.100705066935134	0.0836134303294433	-1.20441257508929	0.228430154040999	0.41138268536481	CM076440.1	460706	462203	-	NA	B9J08_03228
B9J08_01107	4406.94981438459	-0.0936150314706169	0.0777414059907273	-1.20418495494901	0.228518099697043	0.41140701531777	CM076438.1	2291942	2292308	-	NA	B9J08_01107
B9J08_04228	2.70577011656856	-2.09837010973679	1.74311002244792	-1.20380818348458	0.228663725973431	0.411535139516495	CM076441.1	973297	974854	+	NA	B9J08_04228
B9J08_02376	164.354652551574	-0.25139502269837	0.20916488623073	-1.20189878534897	0.229402745114471	0.412730785236876	CM076439.1	854363	856451	+	NA	B9J08_02376
B9J08_03201	1526.59441441527	-0.112299458423659	0.0935180008331534	-1.20083253943819	0.229816166842258	0.413340043650232	CM076440.1	394136	396161	+	NA	B9J08_03201
B9J08_00740	1620.62089681464	-0.1070381398435	0.0892670981142258	-1.199077175182	0.230497938331403	0.414431394000542	CM076438.1	1583117	1584137	+	NA	B9J08_00740
B9J08_02625	839.458543378517	0.127270509886336	0.106213609531377	1.19825049207783	0.230819513911257	0.41487461898781	CM076439.1	1423781	1424252	-	NA	B9J08_02625
B9J08_05431	2829.30220443604	0.0954457298867361	0.0796813354788988	1.1978429994062	0.230978143776459	0.414889892964735	CM076444.1	412675	418222	+	NA	B9J08_05431
B9J08_03719	2077.10828102459	-0.103463414980283	0.0863693886050708	-1.19791764942757	0.230949078017251	0.414889892964735	CM076440.1	1538126	1541342	+	NA	B9J08_03719
B9J08_04136	31182.3588126748	0.077519912668287	0.0648055621094736	1.19619227339369	0.231621535379162	0.415459872515093	CM076441.1	770075	770617	-	NA	B9J08_04136
B9J08_03721	3336.82993520543	-0.100253326821794	0.0838163067715069	-1.19610766309588	0.231654547581369	0.415459872515093	CM076440.1	1544008	1545160	-	NA	B9J08_03721
B9J08_02986	862.723763378083	-0.132427579923422	0.110666030789138	-1.19664163410495	0.231446265348254	0.415459872515093	CM076439.1	2249731	2250919	+	NA	B9J08_02986
B9J08_01924	52243.4107428262	0.0784956382774067	0.0656282539703608	1.19606470580273	0.231671309406824	0.415459872515093	CM076438.1	4065457	4066129	+	NA	B9J08_01924
B9J08_01483	5156.08376548384	-0.0866973415496044	0.0724757328816442	-1.19622580003689	0.231608455291347	0.415459872515093	CM076438.1	3106636	3107002	+	NA	B9J08_01483
B9J08_00067	1600.55730132593	-0.109797499796452	0.0918369760773691	-1.19556963312851	0.231864547653965	0.415671539047506	CM076438.1	157170	158064	-	NA	B9J08_00067
B9J08_03574	2226.58189304744	-0.101563373216828	0.0849768457805079	-1.19518878682745	0.232013278579808	0.415803304380869	CM076440.1	1210662	1213812	-	NA	B9J08_03574
B9J08_01277	10125.1647080311	0.078284568258285	0.0655426115822634	1.19440721644161	0.232318715335063	0.416215734086514	CM076438.1	2647232	2648591	+	NA	B9J08_01277
B9J08_01963	29.7287234444354	-0.595270282078967	0.498553151813162	-1.19399562496809	0.232479679445253	0.416312484335094	CM076439.1	12399	13074	+	NA	B9J08_01963
B9J08_00241	737.547451487507	-0.133611047952426	0.111912927150872	-1.19388395383764	0.232523365142471	0.416312484335094	CM076438.1	525236	526018	-	NA	B9J08_00241
B9J08_01545	3375.18306359698	-0.100564304045005	0.0843193219574068	-1.19266025521178	0.233002457181929	0.417035162190583	CM076438.1	3217557	3218793	-	NA	B9J08_01545
B9J08_03618	1910.94712615506	-0.105772252521921	0.0887177691340386	-1.1922330053421	0.233169895190474	0.417199744486161	CM076440.1	1301912	1303676	+	NA	B9J08_03618
B9J08_00055	621.459656682909	-0.156116446565752	0.130973085288456	-1.19197349762297	0.233271637172019	0.417246711537135	CM076438.1	131132	134120	-	NA	B9J08_00055
B9J08_02049	45968.1500691276	0.0769699020785412	0.0646067001559589	1.19136098721553	0.233511901378841	0.417406299780355	CM076439.1	191277	192241	+	NA	B9J08_02049
B9J08_00870	650.430165928354	0.149220110525381	0.125250110237767	1.19137707936633	0.233505586805535	0.417406299780355	CM076438.1	1830745	1831447	+	NA	B9J08_00870
B9J08_02165	958.34216021314	0.121783823605904	0.102281212719585	1.19067637514025	0.233780655864593	0.417751595526545	CM076439.1	446389	448827	-	NA	B9J08_02165
B9J08_03676	8117.47259094971	0.0817329322613064	0.0686632235463809	1.19034510819459	0.233910778228546	0.417849021095402	CM076440.1	1429301	1429991	-	NA	B9J08_03676
B9J08_03356	2617.09604107755	0.0936637353052055	0.0787492221457314	1.18939251402222	0.234285245250422	0.418266587093582	CM076440.1	731848	732613	-	NA	B9J08_03356
B9J08_02780	952.287284256596	0.124040283177807	0.104291142489933	1.18936546495097	0.234295884501851	0.418266587093582	CM076439.1	1777140	1779399	-	NA	B9J08_02780
B9J08_02895	1540.69704054891	0.109197356570472	0.0918592811384581	1.18874603869238	0.234539618028284	0.418566505922611	CM076439.1	2033611	2035372	+	NA	B9J08_02895
B9J08_03557	547.590961662927	0.158936422482576	0.13379359928723	1.18792246661493	0.234863957455575	0.419010036428974	CM076440.1	1167900	1176888	-	NA	B9J08_03557
B9J08_01839	1950.05476577791	0.0991828866570984	0.0835522014305514	1.18707688078739	0.2351972966576	0.419469331599404	CM076438.1	3878909	3881380	-	NA	B9J08_01839
B9J08_02571	6704.46816927045	-0.0799357115684901	0.0673670306280352	-1.18657020835388	0.235397192870384	0.419690414514391	CM076439.1	1319995	1326367	+	NA	B9J08_02571
B9J08_00888	640.450384668306	0.146349747515011	0.123415204594934	1.18583239395301	0.235688495938615	0.419938851403199	CM076438.1	1860160	1860652	-	NA	B9J08_00888
B9J08_00187	0.992337548265439	3.55993828058285	3.00196047668068	1.18587113595817	0.235673193520551	0.419938851403199	CM076438.1	405253	406045	-	NA	B9J08_00187
B9J08_01936	1692.24515270941	-0.122422731976591	0.10331472991173	-1.18494944603917	0.236037435613192	0.420425042421564	CM076438.1	4080200	4080614	+	NA	B9J08_01936
B9J08_03460	1027.31521652875	0.120027258862171	0.101336716031229	1.18443998940308	0.236238938277356	0.420648392995795	CM076440.1	947574	948396	+	NA	B9J08_03460
B9J08_00587	445.156694958482	0.159432534038053	0.13478729671433	1.18284540104663	0.236870423520162	0.421636982542974	CM076438.1	1263465	1263912	+	NA	B9J08_00587
B9J08_04952	1155.22557276765	0.115024580959398	0.0972871833373358	1.18231998310156	0.237078759439094	0.421871958602664	CM076443.1	277380	279276	-	NA	B9J08_04952
B9J08_03771	9.41999981561563	1.05978476182352	0.896519995620934	1.18210945321917	0.237162273952527	0.421884740307569	CM076440.1	1663126	1665190	+	NA	B9J08_03771
B9J08_01482	3084.91856147469	0.0898669169521848	0.0760814731640121	1.18119317640518	0.23752599137855	0.422395802557672	CM076438.1	3100776	3106440	+	NA	B9J08_01482
B9J08_02352	316.714581146415	-0.186371795925036	0.157994197236036	-1.1796116514748	0.238154706700103	0.423377633943864	CM076439.1	803831	804359	+	NA	B9J08_02352
B9J08_05588	988.639044114938	-0.124759878395153	0.105888428997582	-1.17822012826351	0.238708860132793	0.423681396902359	CM076444.1	759224	760613	+	NA	B9J08_05588
B9J08_04124	1858.27314699321	0.119525954636575	0.101437340759932	1.17832302918363	0.238667850242034	0.423681396902359	CM076441.1	747093	747873	+	NA	B9J08_04124
B9J08_03542	2789.38995919277	-1.35402589501327	1.1491556933158	-1.17827889022273	0.238685440670749	0.423681396902359	CM076440.1	1124584	1125172	+	NA	B9J08_03542
B9J08_02101	42409.8634146214	0.0766773747005785	0.0650560333826847	1.17863587301016	0.238543200735662	0.423681396902359	CM076439.1	305178	305965	-	NA	B9J08_02101
B9J08_00263	777.164338552768	0.137735655484641	0.116858717815625	1.17865109304001	0.238537137638629	0.423681396902359	CM076438.1	569135	570791	-	NA	B9J08_00263
B9J08_04313	1192.38545584005	-0.121375264911426	0.103077986471685	-1.17750907896098	0.23899237594971	0.424031637267873	CM076441.1	1187745	1191540	+	NA	B9J08_04313
B9J08_01567	1286.68819693237	-0.109551482590203	0.0930499573633261	-1.17734049208045	0.239059631215251	0.424031637267873	CM076438.1	3266041	3267685	-	NA	B9J08_01567
B9J08_04233	2496.80712275675	-0.105206807023542	0.0894699053412762	-1.17589044743301	0.239638656603745	0.424792162847397	CM076441.1	986427	986764	-	NA	B9J08_04233
B9J08_03342	1403.88621317525	0.111868575297477	0.0951486091899472	1.17572475572556	0.239704882778075	0.424792162847397	CM076440.1	704903	706082	-	NA	B9J08_03342
B9J08_01892	2111.09987630129	-0.115533917716275	0.098269072432069	-1.17568951102231	0.239718971579705	0.424792162847397	CM076438.1	4004878	4005583	-	NA	B9J08_01892
B9J08_02026	1803.42876440694	0.100095793489199	0.0851833298451551	1.17506316871096	0.239969444529117	0.425099717920651	CM076439.1	147068	148112	-	NA	B9J08_02026
B9J08_01619	167.663422480874	-0.244781318933117	0.208490498556193	-1.17406462466271	0.240369141527388	0.425671337783363	CM076438.1	3370285	3372208	-	NA	B9J08_01619
B9J08_00516	387.219557850078	-0.172702561899627	0.147231139673221	-1.1730029549655	0.240794620709451	0.426288234676853	CM076438.1	1095688	1096582	+	NA	B9J08_00516
B9J08_04980	1310.60823181252	0.112475334594122	0.0959051475338654	1.1727768267538	0.240885313280503	0.42631224031423	CM076443.1	334576	335590	+	NA	B9J08_04980
B9J08_00959	922.834987356107	0.122899541518364	0.104847827394456	1.1721706073698	0.241128566579916	0.426606141961331	CM076438.1	1985770	1986171	+	NA	B9J08_00959
B9J08_03389	1746.8848597568	0.103279425096363	0.088169764296441	1.17137009405085	0.241450047742762	0.427038212439759	CM076440.1	807622	808720	-	NA	B9J08_03389
B9J08_02957	2418.86103751403	-0.0940285922496163	0.0802938136743259	-1.17105649796383	0.241576068189224	0.427103941158817	CM076439.1	2176976	2178623	-	NA	B9J08_02957
B9J08_00347	10662.3823503834	0.0756153437611978	0.0645792054047457	1.1708930651482	0.241641762982381	0.427103941158817	CM076438.1	727418	728417	-	NA	B9J08_00347
B9J08_05422	654.913941858673	-0.145060962243737	0.123921862450487	-1.17058410336349	0.241765990142696	0.427112453618276	CM076444.1	387719	389387	-	NA	B9J08_05422
B9J08_00341	11392.3155823509	0.0840252346964834	0.0717859634889827	1.17049671847588	0.241801133955416	0.427112453618276	CM076438.1	718109	718568	-	NA	B9J08_00341
B9J08_03133	3086.57651231666	-0.0902161171169842	0.0771565806470206	-1.16926017664921	0.242298822661234	0.427806007104781	CM076440.1	250501	252316	-	NA	B9J08_03133
B9J08_02633	28.8017333603437	-0.568926291775853	0.486695740019989	-1.16895679373008	0.242421039531388	0.427806007104781	CM076439.1	1437292	1445119	-	NA	B9J08_02633
B9J08_00839	1323.26188716966	-0.132562642219673	0.113403707138659	-1.16894452187165	0.242425984123788	0.427806007104781	CM076438.1	1770355	1771093	+	NA	B9J08_00839
B9J08_04943	1447.44745291212	0.117074003787469	0.100216464971621	1.1682112696813	0.242721555751173	0.428054256106168	CM076443.1	256054	256561	+	NA	B9J08_04943
B9J08_01693	1225.37751262523	-0.111064689959997	0.0950611350555504	-1.16835013483791	0.242665560207296	0.428054256106168	CM076438.1	3554554	3557131	+	NA	B9J08_01693
B9J08_01637	1074.29321774824	-0.12366381568842	0.105877914238595	-1.16798500024985	0.242812815377914	0.428078606249995	CM076438.1	3416411	3416612	-	NA	B9J08_01637
B9J08_04805	1079.8691583455	-0.123397471987359	0.105690304625427	-1.16753823753927	0.24299307581105	0.428244833700451	CM076442.1	864041	865466	-	NA	B9J08_04805
B9J08_02825	1522.98815773784	-0.105026022651611	0.089968274564996	-1.16736730985918	0.243062066820755	0.428244833700451	CM076439.1	1872279	1872654	+	NA	B9J08_02825
B9J08_04591	1338.15337314736	0.109456757673189	0.0938043997738876	1.16686166040219	0.243266241152641	0.428331479723048	CM076442.1	395528	396827	+	NA	B9J08_04591
B9J08_01659	630.422906660222	-0.137982937716592	0.11824700703035	-1.16690427252147	0.243249030312575	0.428331479723048	CM076438.1	3480609	3481482	-	NA	B9J08_01659
B9J08_04393	2476.26462652716	0.099411978450694	0.0853387961282808	1.16490954830507	0.24405560808701	0.429584505062708	CM076441.1	1342810	1346155	+	NA	B9J08_04393
B9J08_03252	1115.5903502753	0.112941440464054	0.0970451970660404	1.16380247429655	0.244504069207784	0.430099933326359	CM076440.1	509274	510348	+	NA	B9J08_03252
B9J08_01294	3932.44367715549	0.0853142222055019	0.0732944252195938	1.16399333168786	0.244426714147889	0.430099933326359	CM076438.1	2687334	2688161	-	NA	B9J08_01294
B9J08_00121	3134.53985272316	0.091467232173978	0.0787972514195223	1.16079216630285	0.245726429489053	0.432112623539929	CM076438.1	259025	259913	+	NA	B9J08_00121
B9J08_03114	9069.04856840484	0.0808868286728373	0.0697446528329316	1.1597567037375	0.246147876396887	0.432440976746852	CM076440.1	199804	214645	+	NA	B9J08_03114
B9J08_02872	35412.9099795185	0.0772796432554298	0.066621630514019	1.15997826320339	0.246057656193987	0.432440976746852	CM076439.1	1967902	1968732	-	NA	B9J08_02872
B9J08_01110	57378.0894092197	0.0850767157638396	0.0733533264267768	1.15982082760439	0.246121762430288	0.432440976746852	CM076438.1	2297108	2297705	+	NA	B9J08_01110
B9J08_01721	5681.02934519186	0.0811301935164579	0.0699678543396016	1.15953525061206	0.246238076466217	0.432461979227449	CM076438.1	3615290	3615992	-	NA	B9J08_01721
B9J08_02309	8204.80539779145	0.0817709495753011	0.070547245879714	1.15909485275618	0.246417523751925	0.432639661301427	CM076439.1	713739	714876	+	NA	B9J08_02309
B9J08_05301	15087.6925470687	-0.0877809852444778	0.0757655168690038	-1.15858755898476	0.246624342427797	0.432865271704806	CM076444.1	130957	131422	-	NA	B9J08_05301
B9J08_05530	1720.36108855774	0.103957004836464	0.0897720372535077	1.15801097999925	0.246859555640816	0.43286572462779	CM076444.1	638623	639430	+	NA	B9J08_05530
B9J08_04052	1751.67823403506	0.103491517375144	0.0893677915485654	1.15804044815076	0.246847530410844	0.43286572462779	CM076441.1	581753	583121	+	NA	B9J08_04052
B9J08_02529	1372.74488587884	0.106840360898733	0.092254765683663	1.15810126563091	0.246822713586037	0.43286572462779	CM076439.1	1221310	1222270	-	NA	B9J08_02529
B9J08_04103	4350.52092657582	-0.0842658624124041	0.0728092953634048	-1.15735033544573	0.247129256214054	0.433201204914392	CM076441.1	692922	696816	-	NA	B9J08_04103
B9J08_00134	1805.45803182954	0.0983726561515655	0.0850237643856819	1.15700189073411	0.247271587870293	0.433313273988304	CM076438.1	281506	283570	+	NA	B9J08_00134
B9J08_05299	3782.7236420166	0.0878324410909598	0.0760116261456221	1.15551324902182	0.247880310234161	0.434242305757276	CM076444.1	125951	127592	+	NA	B9J08_05299
B9J08_01256	1131.29719798402	-0.116688520035729	0.101067970292702	-1.15455489704393	0.248272745629094	0.434791972462611	CM076438.1	2590460	2593085	-	NA	B9J08_01256
B9J08_02357	1921.70903432994	-0.0995226567026496	0.0862579581944372	-1.15377941683145	0.248590614902728	0.435210747091346	CM076439.1	816519	818319	+	NA	B9J08_02357
B9J08_05419	870.078282047949	0.124594550764346	0.108053081912207	1.15308650673731	0.248874879393925	0.435570442815144	CM076444.1	381818	382649	+	NA	B9J08_05419
B9J08_03977	207.25088137503	-0.222966047620227	0.193610964395115	-1.15161890917089	0.249477707643327	0.436476152916076	CM076441.1	428743	429013	-	NA	B9J08_03977
B9J08_01572	965.441835376658	0.118690711880689	0.103080035334853	1.15144228943194	0.249550324446318	0.436476152916076	CM076438.1	3278054	3279440	+	NA	B9J08_01572
B9J08_05493	2877.256945748	-0.0947430137459901	0.0823453902341182	-1.15055637573183	0.249914788696691	0.436837140141243	CM076444.1	562559	564827	+	NA	B9J08_05493
B9J08_05384	2035.53955113278	0.0962513295046868	0.0836508642356066	1.15063162089504	0.249883818448798	0.436837140141243	CM076444.1	318262	319438	+	NA	B9J08_05384
B9J08_04915	6.68533709594601	1.17861927561197	1.02806015255075	1.14644972153396	0.25160911953698	0.439381865302018	CM076443.1	185405	186959	+	NA	B9J08_04915
B9J08_01623	646.164749571696	0.138152785586495	0.120468490497972	1.14679602122864	0.251465934005239	0.439381865302018	CM076438.1	3375681	3378771	-	NA	B9J08_01623
B9J08_00009	18.0047446768941	-0.710644984016636	0.619810713960836	-1.14655162940849	0.251566977490867	0.439381865302018	CM076438.1	24191	25079	-	NA	B9J08_00009
B9J08_04272	1188.09159524632	-0.116603304771492	0.101725921177505	-1.14624968171118	0.251691856486271	0.439387520783202	CM076441.1	1075488	1077603	+	NA	B9J08_04272
B9J08_05021	2214.37758294758	0.0939667939851719	0.0820459941526114	1.14529411162216	0.252087344370979	0.439938980845722	CM076443.1	428466	429609	+	NA	B9J08_05021
B9J08_04951	2662.2494641646	0.0889595587617465	0.0777469029834641	1.14421996694411	0.252532424485379	0.440576613046304	CM076443.1	276189	277374	+	NA	B9J08_04951
B9J08_04392	7057.65909852047	-0.0881292358109371	0.0771175444266066	-1.14279100127222	0.2531253758813	0.441332477128058	CM076441.1	1342155	1342530	+	NA	B9J08_04392
B9J08_01212	1036.13187271516	0.114508322617464	0.100190902159883	1.14290140271154	0.253079530103932	0.441332477128058	CM076438.1	2501680	2502478	-	NA	B9J08_01212
B9J08_04849	102.329714483435	-0.297121681269889	0.261071356030558	-1.13808609947662	0.255084531907228	0.444608075638993	CM076442.1	971835	973806	-	NA	B9J08_04849
B9J08_05009	4.20875931350035	1.45575763350666	1.27972574762573	1.13755438320087	0.255306603813341	0.444854854752943	CM076443.1	404025	404107	-	NA	B9J08_05009
B9J08_04762	1225.19143133934	-0.107369066043341	0.0944288062600227	-1.13703720607974	0.255522732326325	0.445091125612227	CM076442.1	775899	777285	+	NA	B9J08_04762
B9J08_00348	17671.4264549602	-0.0723179385561178	0.0636181863046205	-1.13674945415515	0.255643039007893	0.445160389601961	CM076438.1	729112	730897	+	NA	B9J08_00348
B9J08_03221	834.037470081689	-0.125324647718599	0.110366008203767	-1.13553665443091	0.256150533030525	0.445807995405487	CM076440.1	445724	446846	+	NA	B9J08_03221
B9J08_02503	7880.60082234809	0.0776729059408585	0.0684056374833425	1.13547521517905	0.256176260793889	0.445807995405487	CM076439.1	1178851	1179676	+	NA	B9J08_02503
B9J08_01415	2471.56337999168	0.102188420797899	0.090013398732094	1.13525788646245	0.256267281869148	0.445826020425175	CM076438.1	2941950	2942547	+	NA	B9J08_01415
B9J08_03547	2268.25570273945	0.0988211652252046	0.0872058293332766	1.13319448918417	0.257132587905163	0.447190627234688	CM076440.1	1141515	1144950	-	NA	B9J08_03547
B9J08_02311	2762.76217144738	-0.0892852626979227	0.0788269125389359	-1.13267486727735	0.257350815733857	0.447429367273051	CM076439.1	716413	717577	+	NA	B9J08_02311
B9J08_02861	1524.50002008143	-0.0999914207179539	0.0883237698744468	-1.13210091530392	0.257592010123864	0.447707874199558	CM076439.1	1940831	1942775	-	NA	B9J08_02861
B9J08_03884	1290.50371939861	0.105744464125543	0.0934501527174186	1.13156009969615	0.25781942292808	0.44782148036565	CM076441.1	231919	232354	-	NA	B9J08_03884
B9J08_03077	705.570851012255	0.129537047780641	0.114465559883476	1.13166831938364	0.2577739054406	0.44782148036565	CM076440.1	131100	133293	+	NA	B9J08_03077
B9J08_00766	537.689121907296	-0.153376248601071	0.135639563749054	-1.13076335813665	0.258154706140827	0.448122192474985	CM076438.1	1632444	1633320	+	NA	B9J08_00766
B9J08_00411	1724.63951367531	0.101144877874718	0.0894373691069593	1.13090175711404	0.25809644366975	0.448122192474985	CM076438.1	872965	873937	+	NA	B9J08_00411
B9J08_03287	1387.61580344936	0.104191579719077	0.0922150885392173	1.12987561330342	0.258528641123172	0.4486086337846	CM076440.1	586554	587619	+	NA	B9J08_03287
B9J08_03187	1093.40790442298	0.122362234017801	0.108312693200557	1.12971278251967	0.258597269266824	0.4486086337846	CM076440.1	364757	365708	+	NA	B9J08_03187
B9J08_05387	52.9683793539929	0.407305270645371	0.360707527661104	1.12918428203153	0.258820102884962	0.448854317114899	CM076444.1	323748	325332	-	NA	B9J08_05387
B9J08_04339	927.532317684499	0.129481702299474	0.114818915867569	1.12770357846626	0.259445125889432	0.449466469720032	CM076441.1	1243563	1244937	-	NA	B9J08_04339
B9J08_02350	3895.18320796632	-0.0825571274465722	0.0731818699876378	-1.12810901744542	0.259273881327756	0.449466469720032	CM076439.1	800220	801519	-	NA	B9J08_02350
B9J08_00960	279.427570911426	0.193824631326854	0.171894723715932	1.12757754942591	0.259498372512506	0.449466469720032	CM076438.1	1986531	1987494	+	NA	B9J08_00960
B9J08_00126	1434.04307163985	0.10633923157007	0.0942872308481822	1.12782219409216	0.259395018308407	0.449466469720032	CM076438.1	267987	269430	-	NA	B9J08_00126
B9J08_00319	4724.65921048903	-0.0818723279285599	0.0726320906173176	-1.12721976240402	0.259649576930458	0.449587472335414	CM076438.1	676215	678240	-	NA	B9J08_00319
B9J08_02887	1740.32425434248	0.0990316873920529	0.0879780093656828	1.12564137454424	0.26031734774701	0.450602562166528	CM076439.1	2009230	2015554	+	NA	B9J08_02887
B9J08_04871	2496.05807810861	-0.0939532703919868	0.0835126154527992	-1.12501889543968	0.260581027353962	0.450917763990404	CM076443.1	60998	62369	-	NA	B9J08_04871
B9J08_04733	2899.88483562351	-0.0873067898611923	0.0776446182723532	-1.12444096968765	0.260825999703259	0.451200406998408	CM076442.1	699460	701941	+	NA	B9J08_04733
B9J08_02114	577.559486593007	0.140775551212623	0.125548108053042	1.12128771508964	0.262165413046939	0.453375543776731	CM076439.1	329638	330280	+	NA	B9J08_02114
B9J08_04622	715.320890559599	0.125874618801362	0.112425068122522	1.11963124331117	0.262870935882757	0.454027394569999	CM076442.1	473888	474920	-	NA	B9J08_04622
B9J08_04375	1037.89370805132	0.112948653896877	0.10082929842518	1.12019676483904	0.262629922291766	0.454027394569999	CM076441.1	1307827	1308478	-	NA	B9J08_04375
B9J08_03305	1605.53562054375	-0.100224526953669	0.0895073678502029	-1.11973493759086	0.262826732094722	0.454027394569999	CM076440.1	626548	628588	+	NA	B9J08_03305
B9J08_02445	1083.65909669943	-0.109892086781256	0.0981261682609524	-1.11990602230604	0.262753811687212	0.454027394569999	CM076439.1	1037256	1039221	-	NA	B9J08_02445
B9J08_00002	73.3520420544221	-0.343037428251461	0.306442217564454	-1.11941961188592	0.262961168074632	0.454041354560603	CM076438.1	6990	11118	+	NA	B9J08_00002
B9J08_03658	2389.95437375154	0.0987677801709457	0.0882563901856506	1.11910061088137	0.263097219276854	0.454134394423227	CM076440.1	1385231	1386152	-	NA	B9J08_03658
B9J08_02186	222.174256544634	0.213230242680142	0.190631877459756	1.11854452425018	0.263334501625215	0.454185784556545	CM076439.1	483645	484077	+	NA	B9J08_02186
B9J08_01104	1470.52212798229	0.100763504174984	0.0900851353020342	1.11853641377291	0.263337963460832	0.454185784556545	CM076438.1	2286410	2287073	-	NA	B9J08_01104
B9J08_00267	2267.11187980606	0.0972512440697627	0.0869515606321796	1.11845311760593	0.263373518998322	0.454185784556545	CM076438.1	575789	577379	+	NA	B9J08_00267
B9J08_03887	378.395786174518	0.162307419631983	0.145289008053311	1.11713488726158	0.263936655705254	0.455014939514329	CM076441.1	238326	239133	+	NA	B9J08_03887
B9J08_04672	2487.1057144363	0.0902497680285841	0.0808108866181154	1.11680210186375	0.264078949965808	0.4551182901344	CM076442.1	569559	572115	-	NA	B9J08_04672
B9J08_03553	6774.78340927059	0.0817049953681995	0.0732189913872525	1.11589894670994	0.264465392729472	0.455500226118976	CM076440.1	1158624	1160535	+	NA	B9J08_03553
B9J08_00873	122.961687979933	-0.26874484514431	0.240828577203054	-1.11591758862454	0.264457412273616	0.455500226118976	CM076438.1	1835894	1836965	-	NA	B9J08_00873
B9J08_01719	7427.94363586431	0.0765985783378567	0.0686692955019893	1.11547057207887	0.264648822253235	0.455674155948171	CM076438.1	3610524	3613512	+	NA	B9J08_01719
B9J08_03023	58.4209732273961	0.379957276253412	0.340856802540068	1.11471231737776	0.264973720983513	0.455949488130721	CM076440.1	19384	20665	-	NA	B9J08_03023
B9J08_00041	7.35161811920794	-1.12572136982062	1.00970450698016	-1.11490179754415	0.264892506336223	0.455949488130721	CM076438.1	96594	97752	+	NA	B9J08_00041
B9J08_01915	233.670008935233	0.197579316452051	0.177418448027057	1.11363456646808	0.265435990961051	0.456602776857058	CM076438.1	4047436	4047818	+	NA	B9J08_01915
B9J08_02285	256.014718550952	-0.191788732245961	0.172365274658991	-1.11268776512785	0.265842551993458	0.457159858390741	CM076439.1	667016	667370	-	NA	B9J08_02285
B9J08_00146	1713.0247621074	-0.0967526085954394	0.0870033538764859	-1.11205607927246	0.266114039252695	0.457484384121196	CM076438.1	310633	313027	-	NA	B9J08_00146
B9J08_03040	509.290055895524	0.14627178814224	0.131657662510136	1.11100095014203	0.266567940326736	0.458122203416004	CM076440.1	56192	57308	-	NA	B9J08_03040
B9J08_02648	824.421212931445	0.125653261955158	0.11318150335332	1.11019255118837	0.266916061902221	0.458577890622809	CM076439.1	1475811	1477608	+	NA	B9J08_02648
B9J08_00287	2590.44675477341	0.0883933080151449	0.0796609582077435	1.10961894011655	0.267163266137852	0.458859966421351	CM076438.1	616497	618336	+	NA	B9J08_00287
B9J08_00255	1090.16820713865	0.113398169882104	0.102250519076006	1.10902292630721	0.267420291822757	0.459158730321335	CM076438.1	551471	552737	-	NA	B9J08_00255
B9J08_02381	1305.64937440265	0.107043062831843	0.0965482610227696	1.1087000604454	0.267559595836085	0.459218279385288	CM076439.1	868431	869397	+	NA	B9J08_02381
B9J08_01245	3759.25992931683	0.0855647374055012	0.077185659750556	1.10855744035905	0.267621146716123	0.459218279385288	CM076438.1	2570368	2570938	+	NA	B9J08_01245
B9J08_00920	0.806861566037398	3.30828672159175	2.98625518606193	1.10783791587299	0.267931821968858	0.459608684053966	CM076438.1	1918502	1918588	-	NA	B9J08_00920
B9J08_03161	870.307426076221	-0.120228467482351	0.108681802201693	-1.10624285801987	0.268621417161576	0.460648641840531	CM076440.1	311602	312151	+	NA	B9J08_03161
B9J08_02956	24155.7055254522	-0.0862027315212429	0.0779868567098977	-1.1053494801298	0.269008185432878	0.461168809208287	CM076439.1	2176201	2176745	-	NA	B9J08_02956
B9J08_04505	0.91541985978395	-3.14215547928148	2.8476910276747	-1.1034046351044	0.269851484713643	0.462471056127846	CM076442.1	192859	193237	+	NA	B9J08_04505
B9J08_05559	83.8776159447301	0.315314373468614	0.285832177997348	1.10314512409985	0.269964147596985	0.462520720325027	CM076444.1	713198	714254	-	NA	B9J08_05559
B9J08_04095	1750.97963837083	0.095204694335061	0.0863275918247169	1.10283041983111	0.270100815101847	0.46261146732814	CM076441.1	662490	667119	-	NA	B9J08_04095
B9J08_01287	1245.98428000136	0.113898213195638	0.103336844007988	1.10220332630667	0.270373286218479	0.462934681824514	CM076438.1	2671201	2675113	-	NA	B9J08_01287
B9J08_00591	2232.3056008023	-0.0888925756083321	0.0806889960921078	-1.10166912359227	0.270605545028399	0.463188865708257	CM076438.1	1268660	1269254	+	NA	B9J08_00591
B9J08_02899	357.232371785939	-0.165468562400653	0.15022870984065	-1.10144434160533	0.270703315833466	0.463212763656832	CM076439.1	2048107	2048632	+	NA	B9J08_02899
B9J08_02185	12900.2941666358	0.0776815042093282	0.0705731828200731	1.10072269812994	0.271017364325946	0.463606614865212	CM076439.1	482054	483529	+	NA	B9J08_02185
B9J08_01984	2155.48429360127	-0.0938432745839508	0.0853555020048558	-1.09944025141592	0.271576081873525	0.464418627634582	CM076439.1	63568	64311	-	NA	B9J08_01984
B9J08_00536	300.326750911314	0.174578266880808	0.158834666924962	1.09911941933485	0.271715980553251	0.464514143061496	CM076438.1	1158824	1164032	+	NA	B9J08_00536
B9J08_03827	367.487619748353	-0.175175393687181	0.15952335364242	-1.09811754634902	0.272153164432781	0.46511766846629	CM076441.1	111784	113473	+	NA	B9J08_03827
B9J08_00103	2473.31836576799	-0.0941612291124042	0.0858010686701147	-1.09743655378504	0.272450601544159	0.465482063287346	CM076438.1	228884	229922	+	NA	B9J08_00103
B9J08_04624	1354.43408149242	-0.105777217170343	0.09640430992936	-1.09722498141267	0.272543055280069	0.465496126864321	CM076442.1	475630	476893	-	NA	B9J08_04624
B9J08_01759	949.492089251669	0.112003855323996	0.102190911631308	1.09602560086842	0.273067571123589	0.466247904108767	CM076438.1	3702360	3702969	+	NA	B9J08_01759
B9J08_03940	12035.6347701714	0.0723433978465286	0.0660276897352031	1.0956524169883	0.273230913481944	0.466382723537586	CM076441.1	349119	350496	-	NA	B9J08_03940
B9J08_02851	0.891875093314522	-3.11032708881609	2.84340426866918	-1.09387438258009	0.274010075487915	0.467568288737792	CM076439.1	1925430	1925514	+	NA	B9J08_02851
B9J08_03750	1198.36497360822	-0.104287008280445	0.0953882463441195	-1.0932899206913	0.274266526911423	0.467861448839332	CM076440.1	1615294	1615537	+	NA	B9J08_03750
B9J08_04486	492.594184535152	-0.15241670592599	0.139485608187622	-1.09270560530499	0.27452307791194	0.468154597846125	CM076442.1	138700	140083	-	NA	B9J08_04486
B9J08_03759	455.579017526211	0.160011450757196	0.146470498285856	1.09244832665833	0.274636091285339	0.468202861361526	CM076440.1	1630757	1631468	+	NA	B9J08_03759
B9J08_02607	3298.4989920273	0.0980659173800177	0.089813194172026	1.09188764840258	0.274882487388202	0.468478417451309	CM076439.1	1383745	1384261	-	NA	B9J08_02607
B9J08_02278	7948.37187103355	0.0726448303500251	0.0665455992106244	1.09165491349918	0.274984809565365	0.468508336149129	CM076439.1	650194	651598	+	NA	B9J08_02278
B9J08_01494	99.5794628516795	-0.300772929448514	0.275794781206956	-1.09056787852274	0.275463070121798	0.469178548093429	CM076438.1	3127728	3128172	+	NA	B9J08_01494
B9J08_04880	885.305497043035	-0.11562863331316	0.106055423604928	-1.09026610222117	0.275595942627038	0.469260251047333	CM076443.1	79259	80039	+	NA	B9J08_04880
B9J08_05435	473.050043443711	0.146786885775406	0.134724436744683	1.08953423240939	0.275918367484698	0.469331078029845	CM076444.1	427260	427998	+	NA	B9J08_05435
B9J08_02408	1113.1873731978	-0.108662826847704	0.0997455045333924	-1.08940074398367	0.275977203473312	0.469331078029845	CM076439.1	958079	959396	-	NA	B9J08_02408
B9J08_01592	13.5342715654406	-0.883463179752441	0.810880286693214	-1.08951123149783	0.275928504692581	0.469331078029845	CM076438.1	3323889	3325560	+	NA	B9J08_01592
B9J08_00424	278.305843276693	-0.187202354283551	0.171772704186564	-1.08982597188567	0.275789810986166	0.469331078029845	CM076438.1	900181	900904	-	NA	B9J08_00424
B9J08_04128	1598.66466513493	-0.097004485990301	0.0890782625174932	-1.08898044538365	0.276162509004741	0.469389450611722	CM076441.1	754289	755648	+	NA	B9J08_04128
B9J08_02886	16.3723190926594	-0.712264368656188	0.654091046984445	-1.08893765163113	0.276181381108978	0.469389450611722	CM076439.1	2006139	2007000	-	NA	B9J08_02886
B9J08_04848	21.2547672121762	-0.637100560407645	0.585360578482668	-1.08838993233725	0.276423003742131	0.469655684501308	CM076442.1	970469	971609	+	NA	B9J08_04848
B9J08_02831	754.734142248457	-0.122762966499733	0.112906593476141	-1.08729670004325	0.276905706526328	0.470059087385579	CM076439.1	1884031	1884682	-	NA	B9J08_02831
B9J08_01178	140.076028782299	0.246395469581886	0.226548971289515	1.08760356835612	0.276770154780133	0.470059087385579	CM076438.1	2445915	2446578	-	NA	B9J08_01178
B9J08_00059	6009.71955593368	-0.0810754294867671	0.0745675906550037	-1.08727436108098	0.276915575995557	0.470059087385579	CM076438.1	141573	142578	+	NA	B9J08_00059
B9J08_04705	736.133630076121	-0.122226290275427	0.1124353737278	-1.08708039314505	0.277001282111678	0.470060204553651	CM076442.1	635287	636319	+	NA	B9J08_04705
B9J08_04458	10459.7622674694	0.0700057846899676	0.0644223682918021	1.08666890935886	0.277183158998556	0.470224468933401	CM076442.1	79538	80941	-	NA	B9J08_04458
B9J08_01544	359.393951618057	0.176443862471084	0.162400334241336	1.08647474954626	0.277269006378993	0.47022577424262	CM076438.1	3216926	3217502	+	NA	B9J08_01544
B9J08_05047	1.49414033941357	2.56564365396458	2.36225798026258	1.08609799412315	0.27743563972061	0.470364043170494	CM076443.1	488109	488205	+	NA	B9J08_05047
B9J08_04811	2041.62242291993	0.0908609486062844	0.0838003626723802	1.08425483743439	0.278251823637724	0.471603136843207	CM076442.1	877294	880141	+	NA	B9J08_04811
B9J08_03912	1417.07125990049	0.0981120708889826	0.0905991120682285	1.08292530301065	0.278841579726536	0.472457820707714	CM076441.1	289720	290206	+	NA	B9J08_03912
B9J08_03942	3769.16462149156	-0.0841685304308451	0.077805250591573	-1.0817847097836	0.279348202280767	0.473171165800122	CM076441.1	352978	358168	+	NA	B9J08_03942
B9J08_04105	2705.50996916869	0.0873695275100032	0.0808141097356784	1.08111724296371	0.279644964207648	0.473528712369998	CM076441.1	700306	702283	+	NA	B9J08_04105
B9J08_03204	2799.49536436989	0.0840055051462846	0.077754733914866	1.08039087675694	0.279968156761251	0.473930781751741	CM076440.1	403039	405316	+	NA	B9J08_03204
B9J08_05153	1055.95641236535	-0.106426046871829	0.0985646929679792	-1.07975831575312	0.280249817909945	0.474037436184979	CM076443.1	737209	737974	+	NA	B9J08_05153
B9J08_04080	153.107708296082	0.231423249277825	0.214336027067267	1.07972165223159	0.280266149017498	0.474037436184979	CM076441.1	632548	632902	-	NA	B9J08_04080
B9J08_02392	112408.358482324	-0.0685087236566938	0.0634563785685578	-1.07961918410893	0.280311795031799	0.474037436184979	CM076439.1	897702	898614	-	NA	B9J08_02392
B9J08_00215	7570.04148084937	-0.0721217423113061	0.066811618859945	-1.07947904184888	0.280374231751166	0.474037436184979	CM076438.1	463546	465373	-	NA	B9J08_00215
B9J08_04077	50.1509696841055	-0.40904005134645	0.379332618252671	-1.07831499761508	0.280893206327524	0.474080641167852	CM076441.1	628924	629590	-	NA	B9J08_04077
B9J08_03394	1022.89412286377	0.107447078769072	0.0995972632643448	1.07881557431847	0.280669950582824	0.474080641167852	CM076440.1	817836	818793	-	NA	B9J08_03394
B9J08_02763	268.611633394446	0.185136558132282	0.17163764728188	1.07864772714014	0.280744796500778	0.474080641167852	CM076439.1	1744772	1746965	-	NA	B9J08_02763
B9J08_01876	238.147195465879	0.200108951445867	0.185490468967339	1.07880988473376	0.280672487443732	0.474080641167852	CM076438.1	3963119	3964220	+	NA	B9J08_01876
B9J08_01159	6626.0505185789	-0.0790757641392973	0.0732725606979642	-1.07920022701615	0.280498478500732	0.474080641167852	CM076438.1	2401585	2403262	+	NA	B9J08_01159
B9J08_01074	1207.14374499975	0.102576434682113	0.0951307941619207	1.07826740631976	0.280914438180698	0.474080641167852	CM076438.1	2214383	2216117	-	NA	B9J08_01074
B9J08_01704	973.115369330298	0.109436542825554	0.101532141958324	1.07785121750387	0.281100158475441	0.474210473133913	CM076438.1	3578053	3579136	+	NA	B9J08_01704
B9J08_00252	614.415730145499	-0.12939996908191	0.120069321074611	-1.07771050859446	0.281162967334871	0.474210473133913	CM076438.1	546138	547059	-	NA	B9J08_00252
B9J08_00954	1.51768510588299	2.53197517632668	2.35088551784646	1.07703040284416	0.281466683440567	0.474577900968887	CM076438.1	1978551	1978624	-	NA	B9J08_00954
B9J08_00754	935.424628597333	-0.117873043642781	0.109512065910603	-1.07634754821449	0.281771851021518	0.474947551264389	CM076438.1	1606676	1608734	+	NA	B9J08_00754
B9J08_01585	753.929412659479	-0.120606271930662	0.112190795689536	-1.07501039804026	0.282370073023019	0.475810790731167	CM076438.1	3307550	3309728	+	NA	B9J08_01585
B9J08_04829	550.108536596504	-0.137720457486703	0.128148594041599	-1.07469347218898	0.282511987293415	0.475824745877983	CM076442.1	922281	924096	+	NA	B9J08_04829
B9J08_02685	24323.3417508806	-0.0722627138494339	0.0672456878093782	-1.07460740165641	0.282550536633172	0.475824745877983	CM076439.1	1561846	1562488	-	NA	B9J08_02685
B9J08_01895	30437.9672364404	0.071593025600765	0.0666359130928044	1.07439100445816	0.282647472537382	0.475843003568111	CM076438.1	4010353	4011277	-	NA	B9J08_01895
B9J08_01243	5588.69951101939	-0.0813085646806342	0.075713542917653	-1.07389723882115	0.282868741024392	0.476070502935998	CM076438.1	2566744	2568904	+	NA	B9J08_01243
B9J08_05323	755.664679672106	-0.119116352056905	0.111099084523158	-1.0721632186994	0.283646727773408	0.476944163189421	CM076444.1	186511	189514	+	NA	B9J08_05323
B9J08_02334	3911.32889931894	0.0780643121230517	0.0727938879525845	1.07240201504143	0.283539503280005	0.476944163189421	CM076439.1	764305	766699	-	NA	B9J08_02334
B9J08_02023	59169.6605371073	0.0651488334558126	0.0607606497415662	1.07222081615175	0.283620862814287	0.476944163189421	CM076439.1	141589	142263	+	NA	B9J08_02023
B9J08_00527	3008.15707742599	0.0830946670572186	0.0775895056725152	1.07095239668028	0.284190834464726	0.477713729345054	CM076438.1	1128134	1133807	-	NA	B9J08_00527
B9J08_05549	722.09921227091	-0.119976563294556	0.112155131583248	-1.06973761789493	0.284737428689944	0.47846289853821	CM076444.1	687496	688726	+	NA	B9J08_05549
B9J08_02183	253.927097070033	0.18335921474767	0.171431487185183	1.06957722737132	0.284809650115924	0.47846289853821	CM076439.1	479720	480467	-	NA	B9J08_02183
B9J08_02272	329.319400901945	-0.163427640905888	0.152867676069695	-1.0690791219419	0.285034018446996	0.478694323900501	CM076439.1	636403	638279	-	NA	B9J08_02272
B9J08_00136	641.545257993421	0.144608326850684	0.135406293568198	1.06795868227389	0.285539149941564	0.479396987158878	CM076438.1	286690	288256	+	NA	B9J08_00136
B9J08_04069	4181.13206335914	0.0762029205781356	0.0714914323258499	1.06590283757096	0.286467566155481	0.480663703139449	CM076441.1	614136	615339	-	NA	B9J08_04069
B9J08_01043	373.253138268021	-0.15569075054563	0.146051302161494	-1.06600042753112	0.286423448642345	0.480663703139449	CM076438.1	2142913	2143963	-	NA	B9J08_01043
B9J08_04526	362.832921965086	-0.15632558845179	0.146712430433933	-1.06552381409963	0.286638954899735	0.480805312209662	CM076442.1	249366	249631	-	NA	B9J08_04526
B9J08_04289	6528.55184074486	-0.0761704021814404	0.0715061799066076	-1.06522824014546	0.28677265706537	0.480883639441839	CM076441.1	1115910	1127328	+	NA	B9J08_04289
B9J08_03604	1571.54852990646	0.0940131866304961	0.0884773518596949	1.06256781712432	0.28797798818737	0.482173384038654	CM076440.1	1268218	1268935	+	NA	B9J08_03604
B9J08_03345	1088.68850214411	0.105153137885639	0.0989602321436238	1.06257974145642	0.287972578138337	0.482173384038654	CM076440.1	711021	712131	+	NA	B9J08_03345
B9J08_03084	304.519823859789	-0.173605220652265	0.163341182587042	-1.06283802959339	0.287855410076307	0.482173384038654	CM076440.1	145458	146850	-	NA	B9J08_03084
B9J08_01935	1323.61535297703	0.0996776989203618	0.0937606079993536	1.06310849563869	0.287732752181899	0.482173384038654	CM076438.1	4078908	4079631	+	NA	B9J08_01935
B9J08_00696	429.615412812581	-0.156593832600435	0.147317778587641	-1.06296629029928	0.287797238718254	0.482173384038654	CM076438.1	1474957	1475383	-	NA	B9J08_00696
B9J08_04086	492.839062281646	0.144820060730887	0.136367953353139	1.06198015860707	0.288244692783074	0.482473778622668	CM076441.1	646527	646965	+	NA	B9J08_04086
B9J08_03079	41.0578123551113	0.43387621186908	0.408838133771501	1.06124203206439	0.288579922114258	0.482888655623829	CM076440.1	135724	136735	+	NA	B9J08_03079
B9J08_01281	1977.90379529146	0.0928401697980522	0.0875035810210589	1.06098709006788	0.288695768221252	0.482936292663093	CM076438.1	2653645	2654740	-	NA	B9J08_01281
B9J08_05007	606.392301765544	0.127398425804537	0.120240468810231	1.05953034835221	0.289358315488201	0.483898157247591	CM076443.1	396418	399331	+	NA	B9J08_05007
B9J08_00450	1286.72040213463	0.100003194674096	0.0944301015730496	1.05901818390754	0.289591498456646	0.48414162491527	CM076438.1	953276	953933	-	NA	B9J08_00450
B9J08_05022	2374.12161640872	-0.085989715770336	0.0812659815271952	-1.0581268343084	0.289997622033797	0.484673981548471	CM076443.1	429649	432697	-	NA	B9J08_05022
B9J08_05230	1907.84523421329	0.0890851408602659	0.084230845554437	1.05763085095343	0.290223771739226	0.484905316324879	CM076443.1	909834	912480	-	NA	B9J08_05230
B9J08_03575	230.243125346537	0.18811808586416	0.178071599086244	1.05641824316437	0.290777174870204	0.485683120431434	CM076440.1	1216022	1216880	+	NA	B9J08_03575
B9J08_01606	1932.99256350111	0.0908637056236423	0.0860849340102729	1.05551228758332	0.291191092754796	0.486227543702646	CM076438.1	3349953	3351600	-	NA	B9J08_01606
B9J08_03735	531.165939444128	0.13418406116577	0.127187888201408	1.05500659743075	0.291422307413639	0.486466654507757	CM076440.1	1578311	1578737	-	NA	B9J08_03735
B9J08_05174	245.510452331683	-0.185461312351662	0.175845786692878	-1.0546815811719	0.291570978416446	0.486567873704014	CM076443.1	772289	774470	+	NA	B9J08_05174
B9J08_01900	1504.48246837377	0.0944893096495439	0.0896162304064716	1.05437719507917	0.291710258858605	0.486653365744495	CM076438.1	4020775	4023073	+	NA	B9J08_01900
B9J08_03144	491.546375548564	0.136385053877531	0.129418869571263	1.0538266508535	0.291962289458163	0.486926847868215	CM076440.1	270201	270636	-	NA	B9J08_03144
B9J08_03368	4833.98382871638	-0.0775455860877461	0.0735982348004867	-1.05363377665185	0.292050618869586	0.486927230917707	CM076440.1	752495	753605	+	NA	B9J08_03368
B9J08_00633	175.897352806856	0.219354197308147	0.208337797417441	1.05287758643542	0.29239709981938	0.487357892250215	CM076438.1	1356830	1358960	+	NA	B9J08_00633
B9J08_04296	1644.72750881472	-0.0942349472056852	0.0895746212369329	-1.05202730309543	0.29278702318112	0.487566699946384	CM076441.1	1140181	1141885	-	NA	B9J08_04296
B9J08_01046	497.286419331963	-0.136194946597589	0.129457191871756	-1.05204619865776	0.292778354253609	0.487566699946384	CM076438.1	2147343	2148528	-	NA	B9J08_01046
B9J08_00377	11319.9770391444	-0.0764757180978298	0.0726726549752525	-1.05233141852148	0.292647521693602	0.487566699946384	CM076438.1	791114	792416	-	NA	B9J08_00377
B9J08_04502	1042.08834297403	-0.111193539229763	0.105808475773507	-1.05089444316147	0.293307072836684	0.488200837421782	CM076442.1	179560	180184	-	NA	B9J08_04502
B9J08_01820	352.87171408615	-0.156581202086369	0.149009579407921	-1.0508129927521	0.293344487258501	0.488200837421782	CM076438.1	3845136	3845754	+	NA	B9J08_01820
B9J08_01378	605.745281064404	0.126315916076609	0.120287594321134	1.05011590587954	0.293664826611055	0.488586844274324	CM076438.1	2871428	2872181	+	NA	B9J08_01378
B9J08_02540	159.559683646438	-0.224651345691589	0.214038034415627	-1.0495860995217	0.293908450759349	0.488845021771568	CM076439.1	1246266	1247937	-	NA	B9J08_02540
B9J08_01911	306.571049815025	0.174343060228235	0.16615214073807	1.04929770663068	0.294041121211379	0.488918555034685	CM076438.1	4041714	4043133	-	NA	B9J08_01911
B9J08_05295	988.331181220881	-0.107658396791907	0.102640919513534	-1.04888379120289	0.294231606434111	0.489088146995889	CM076444.1	119059	119422	-	NA	B9J08_05295
B9J08_02224	12.8666226133812	0.773628021855607	0.738041996089785	1.04821680331791	0.294538730462896	0.489451462197362	CM076439.1	551725	551842	-	NA	B9J08_02224
B9J08_01703	24.6750507307168	-0.54669789029212	0.522121905228074	-1.04706943879957	0.2950675532958	0.490182857549109	CM076438.1	3572640	3577476	+	NA	B9J08_01703
B9J08_02600	30.8678847214786	0.501231986419506	0.478793384400752	1.04686489569366	0.295161894426485	0.490192244740139	CM076439.1	1371833	1373261	-	NA	B9J08_02600
B9J08_03032	2605.47490602418	-0.0857215921630386	0.0820435721747321	-1.04483008102662	0.296101509410705	0.491604999252918	CM076440.1	39736	42997	+	NA	B9J08_03032
B9J08_02325	5090.59292323559	-0.0775983631414148	0.0743199194385369	-1.04411258418531	0.296433304312471	0.492008069950458	CM076439.1	742837	743811	-	NA	B9J08_02325
B9J08_00401	3201.29306194744	0.0806985514876649	0.0773767721377574	1.04292992920399	0.296980746859994	0.492768714468684	CM076438.1	853343	854228	+	NA	B9J08_00401
B9J08_03012	0.938964626253378	-3.17530674503409	3.04600761906577	-1.04244872046905	0.297203688329959	0.492990631872654	CM076439.1	2306102	2306474	-	NA	B9J08_03012
B9J08_04971	16450.2701431218	0.0657094913482555	0.0630911107489891	1.04150157713475	0.297642821617432	0.493570919615826	CM076443.1	315311	316955	-	NA	B9J08_04971
B9J08_02419	23107.1580273306	0.0651720930632172	0.0626612815424374	1.04006958458198	0.298307573251798	0.494228404485218	CM076439.1	978675	979209	-	NA	B9J08_02419
B9J08_01841	353.77778098922	-0.157296295945656	0.151192460813305	-1.04037129298324	0.298167433470937	0.494228404485218	CM076438.1	3884961	3885669	+	NA	B9J08_01841
B9J08_01226	28169.094708923	-0.0661201509345452	0.0635673129862951	-1.04015960134732	0.29826575698596	0.494228404485218	CM076438.1	2535790	2537833	+	NA	B9J08_01226
B9J08_03143	672.39698536766	-0.12551969280901	0.120834579279018	-1.03877295355309	0.298910342848756	0.495078652959268	CM076440.1	269309	270173	+	NA	B9J08_03143
B9J08_03965	1060.25649638128	0.112898089228147	0.108854511386041	1.03714662617671	0.299667528145728	0.496184070719424	CM076441.1	405715	407221	+	NA	B9J08_03965
B9J08_04328	3725.43589606048	-0.0772208608063527	0.0745344385170317	-1.0360426984193	0.300182222991084	0.496887435301505	CM076441.1	1223228	1224167	-	NA	B9J08_04328
B9J08_01319	1752.31516113038	-0.0881712749161274	0.0851528587502339	-1.035447032668	0.300460190609101	0.497198644759431	CM076438.1	2747172	2750961	+	NA	B9J08_01319
B9J08_04867	61.2729699523643	0.348891192639857	0.337139141503984	1.03485816296336	0.300735155423726	0.497504700397167	CM076443.1	54115	55849	+	NA	B9J08_04867
B9J08_04947	5.20688921932238	1.21853009897636	1.17825117448513	1.03418534635353	0.301049523279121	0.497595277588415	CM076443.1	267719	269387	-	NA	B9J08_04947
B9J08_03651	3763.48143602739	-0.0765936062500231	0.0740633835823352	-1.03416293646475	0.301059997875097	0.497595277588415	CM076440.1	1374101	1375184	-	NA	B9J08_03651
B9J08_01310	914.986747435004	-0.107522610175991	0.103969068359131	-1.03417883677274	0.301052565894318	0.497595277588415	CM076438.1	2717568	2720784	-	NA	B9J08_01310
B9J08_04596	24.6484863684654	0.561765529229341	0.543511747528867	1.03358488898072	0.301330266678583	0.497893089366975	CM076442.1	408968	410393	-	NA	B9J08_04596
B9J08_03578	392.543042948459	0.150159387062505	0.145530702983272	1.03180555019902	0.302163218706654	0.499120176267685	CM076440.1	1218695	1219544	+	NA	B9J08_03578
B9J08_02863	99.7088421988696	-0.292846289977054	0.283923844355743	-1.03142548890727	0.302341333080109	0.499265177153797	CM076439.1	1949402	1950047	+	NA	B9J08_02863
B9J08_04378	679.703404742108	-0.118756231970664	0.11516739893001	-1.0311618832586	0.302464911946362	0.499320062224475	CM076441.1	1311564	1312869	+	NA	B9J08_04378
B9J08_04487	1339.31167009416	-0.0974107037657516	0.0945084990966806	-1.03070839868171	0.302677585052819	0.499372839578189	CM076442.1	140698	141460	-	NA	B9J08_04487
B9J08_04307	2524.43822473059	0.0821334247490786	0.0796838874404234	1.03074068531717	0.302662440127878	0.499372839578189	CM076441.1	1164105	1165524	+	NA	B9J08_04307
B9J08_05356	2289.3148697338	0.084459150068487	0.0820211254504754	1.02972434972846	0.303139421771594	0.499836391447375	CM076444.1	252410	256916	+	NA	B9J08_05356
B9J08_04744	1723.16047989977	0.0903437507699807	0.0877259601522303	1.02984054678008	0.303084863454236	0.499836391447375	CM076442.1	726269	728597	-	NA	B9J08_04744
B9J08_03126	11.0294810526503	-0.816363441418602	0.793186087001376	-1.02922057610068	0.30337603547975	0.500077348075329	CM076440.1	235521	236667	-	NA	B9J08_03126
B9J08_01937	2780.58977786166	-0.0848019989602373	0.0824183932211404	-1.02892079845213	0.30351689406368	0.500160367766833	CM076438.1	4081413	4082976	+	NA	B9J08_01937
B9J08_04730	77.4678848043738	0.3199531657877	0.31117330350242	1.02821534555329	0.30384854151644	0.50051751438016	CM076442.1	692665	693377	-	NA	B9J08_04730
B9J08_03922	1100.00735243562	-0.103435732316833	0.100611116380423	-1.02807459094014	0.303914741859927	0.50051751438016	CM076441.1	315237	316062	-	NA	B9J08_03922
B9J08_04562	247.83427658154	-0.183269270728074	0.178728320402496	-1.02540699937957	0.305171186931081	0.502378801230375	CM076442.1	331147	333220	+	NA	B9J08_04562
B9J08_03327	4633.23006403984	0.0813073962208692	0.0793168128244524	1.02509661351147	0.305317603280773	0.502378801230375	CM076440.1	678609	680562	+	NA	B9J08_03327
B9J08_00694	1306.1893122544	-0.104024610016325	0.101476373213428	-1.02511162669893	0.305310520133081	0.502378801230375	CM076438.1	1470781	1471357	-	NA	B9J08_00694
B9J08_01760	2426.66724675719	0.0819452469654365	0.0800909050950833	1.02315296434909	0.306235527979838	0.503739215221597	CM076438.1	3703041	3705801	-	NA	B9J08_01760
B9J08_04213	2352.22753358404	-0.0812296695121461	0.079467977790478	-1.02216857369031	0.306701121953973	0.504204967590604	CM076441.1	936484	938869	-	NA	B9J08_04213
B9J08_00327	2589.95554718224	0.0804399548921336	0.0786816242296204	1.02234741186051	0.306616500801437	0.504204967590604	CM076438.1	692922	696240	-	NA	B9J08_00327
B9J08_04847	22.4327880359993	0.556060327552811	0.544621740229386	1.02100281071888	0.307253107051846	0.504812105432685	CM076442.1	968720	969584	+	NA	B9J08_04847
B9J08_03302	3257.9674389894	-0.0809756233810644	0.079297921821661	-1.02115694233673	0.307180088503994	0.504812105432685	CM076440.1	619180	621544	+	NA	B9J08_03302
B9J08_01019	370.166199400681	-0.149417800354028	0.14641484391092	-1.0205099180035	0.307486687933318	0.505045742706523	CM076438.1	2098646	2099348	-	NA	B9J08_01019
B9J08_00428	25199.1900721106	-0.0635040394990142	0.0622576419132068	-1.02001999349004	0.307718978651517	0.505277122699623	CM076438.1	906562	907006	-	NA	B9J08_00428
B9J08_02299	2399.65037233089	0.104401510806278	0.102375879294006	1.01978621845538	0.307829860669749	0.505309070365817	CM076439.1	699115	700636	+	NA	B9J08_02299
B9J08_03809	913.279825876957	-0.107736793302312	0.10574263933238	-1.01885856058183	0.30827011939936	0.505731359430175	CM076441.1	73800	76044	+	NA	B9J08_03809
B9J08_02387	538.495193097795	-0.127831820124177	0.125461768630126	-1.0188906271602	0.308254893920825	0.505731359430175	CM076439.1	886825	887941	+	NA	B9J08_02387
B9J08_00715	3858.07491881271	-0.0751756439640292	0.0737992439638393	-1.01865059757068	0.308368874043712	0.505743254255073	CM076438.1	1526069	1529027	-	NA	B9J08_00715
B9J08_04018	1001.38528222248	-0.105662270864554	0.103779454649238	-1.01814247551868	0.308610252141238	0.505988983561146	CM076441.1	520095	520931	+	NA	B9J08_04018
B9J08_01814	732.526125336207	0.115119117945465	0.113104338305198	1.01781346030097	0.308766614023691	0.506095218181773	CM076438.1	3834054	3835929	+	NA	B9J08_01814
B9J08_00507	173.998225271062	-0.211190327072595	0.208009261319989	-1.01529290442367	0.309966225738368	0.507910859666754	CM076438.1	1073169	1073898	-	NA	B9J08_00507
B9J08_04732	172.577100290019	0.209234070452596	0.206235873156429	1.01453770990604	0.31032624497425	0.507930882554705	CM076442.1	697513	699043	+	NA	B9J08_04732
B9J08_02518	1202.87134996735	0.0978589840514661	0.0964364466931768	1.01475103456285	0.310224520058873	0.507930882554705	CM076439.1	1203210	1204281	-	NA	B9J08_02518
B9J08_01990	6598.90682226265	-0.0679778613100187	0.0670034057549646	-1.01454337349086	0.310323543981354	0.507930882554705	CM076439.1	75831	77055	-	NA	B9J08_01990
B9J08_00747	5361.1639079168	-0.0717015413684527	0.0706769940027744	-1.01449619328233	0.310346044940698	0.507930882554705	CM076438.1	1593216	1595565	-	NA	B9J08_00747
B9J08_04976	12822.3090137018	0.0722196717019875	0.0712472412892737	1.01364867460293	0.3107504229379	0.508442151443982	CM076443.1	322761	327681	+	NA	B9J08_04976
B9J08_05320	364.966007704454	0.15015868649648	0.148195592976611	1.01324663898864	0.310942368393922	0.508605643715066	CM076444.1	181593	182232	-	NA	B9J08_05320
B9J08_02751	384.440865558697	-0.151229588326211	0.149404874810503	-1.01221321270824	0.311436120086237	0.509262554945748	CM076439.1	1715669	1717167	+	NA	B9J08_02751
B9J08_05176	1493.89380830551	0.097694207244005	0.096618737509779	1.01113106796823	0.311953702419197	0.509958034093731	CM076443.1	778126	779470	+	NA	B9J08_05176
B9J08_01395	3671.16302444601	0.0760378615486004	0.075223816022373	1.01082164624546	0.312101800860288	0.510049276568543	CM076438.1	2899091	2900141	+	NA	B9J08_01395
B9J08_04758	146.334334115793	0.239448621261129	0.237006769044088	1.01030287964723	0.312350201933749	0.510153536077964	CM076442.1	769349	770366	-	NA	B9J08_04758
B9J08_02767	1076.14045805377	-0.102210707753344	0.101164535002291	-1.01034129945864	0.312331800905732	0.510153536077964	CM076439.1	1753368	1753764	+	NA	B9J08_02767
B9J08_04961	1112.72230663013	-0.0982988640288742	0.0973404222643384	-1.00984628731046	0.31256893984616	0.510359979477024	CM076443.1	296402	297017	-	NA	B9J08_04961
B9J08_01308	1554.84641280409	-0.0929293680312265	0.0921352418423893	-1.00861913609773	0.313157326313984	0.511169681788951	CM076438.1	2713526	2714681	+	NA	B9J08_01308
B9J08_01349	1254.76397733755	-0.0950808042307827	0.0943023188657464	-1.00825520914438	0.313331959737088	0.511303732349243	CM076438.1	2813089	2813590	+	NA	B9J08_01349
B9J08_01890	14.8462544097938	0.721037453555852	0.71567011594206	1.00749973695175	0.31369468406621	0.511744545110372	CM076438.1	4002792	4003725	+	NA	B9J08_01890
B9J08_00221	376.270005590309	-0.155776557349573	0.154656638053059	-1.00724132704947	0.313818817621614	0.511795988490605	CM076438.1	478804	479164	+	NA	B9J08_00221
B9J08_04964	1067.97880324653	0.100186582150619	0.0995381649275702	1.00651425735566	0.31416825680679	0.512214736097678	CM076443.1	302461	303451	+	NA	B9J08_04964
B9J08_00756	1595.26205423059	0.0879820356078886	0.0874461780873247	1.00612785523947	0.314354070810302	0.512366543606175	CM076438.1	1613034	1615410	+	NA	B9J08_00756
B9J08_04207	73254.7375896281	0.0774390967004354	0.0770970038576811	1.00443717428223	0.315167939339905	0.513541627574191	CM076441.1	925502	926524	+	NA	B9J08_04207
B9J08_05505	3620.62549780769	-0.0752282769477499	0.0749762823971318	-1.00336099020332	0.315686718751616	0.514083822787324	CM076444.1	592693	593254	+	NA	B9J08_05505
B9J08_02131	1588.97780597749	-0.0939094425581978	0.0935904457061438	-1.0034084339448	0.315663836471284	0.514083822787324	CM076439.1	366309	367986	-	NA	B9J08_02131
B9J08_04965	620.274007664364	0.125410402326623	0.125048486665547	1.00289420264671	0.31591191008317	0.51429900648886	CM076443.1	303457	304321	-	NA	B9J08_04965
B9J08_03805	1025.87207198412	0.101246608058246	0.101065198652444	1.00179497401896	0.31644262514793	0.514823250283412	CM076441.1	69872	70340	-	NA	B9J08_03805
B9J08_03560	8.6224863218978	-0.89801903704564	0.896495382323322	-1.00169956784202	0.316488715478273	0.514823250283412	CM076440.1	1180538	1180633	-	NA	B9J08_03560
B9J08_01605	4773.89282263769	-0.0719010900353029	0.0717827537263521	-1.00164853398355	0.316513371533026	0.514823250283412	CM076438.1	3349302	3349677	+	NA	B9J08_01605
B9J08_04987	1381.39673696375	-0.0942874357431565	0.0941557620427567	-1.00139846672729	0.316634205072691	0.514868270502136	CM076443.1	345951	347997	+	NA	B9J08_04987
B9J08_04355	1968.71487509645	0.106848203364415	0.106742646463933	1.00098889154409	0.316832178880828	0.515038662551275	CM076441.1	1268705	1269107	-	NA	B9J08_04355
B9J08_05547	390.824283132094	-0.143917444494051	0.143888775050402	-1.00019924725636	0.317214093463066	0.515231327559991	CM076444.1	684702	685590	+	NA	B9J08_05547
B9J08_04770	1212.69790492346	0.0951288196252622	0.0950774849313567	1.00053992481966	0.31704928640233	0.515231327559991	CM076442.1	793247	793916	+	NA	B9J08_04770
B9J08_02430	198.168739699273	-0.195042986831581	0.195010688082924	-1.00016562553045	0.317230361441406	0.515231327559991	CM076439.1	999890	1000706	+	NA	B9J08_02430
B9J08_03471	191.456847847487	-0.198676538320604	0.198724497285399	-0.999758666065582	0.317427313449714	0.515399753653516	CM076440.1	971184	972638	-	NA	B9J08_03471
B9J08_03549	360.309726015758	0.147049814518604	0.147248047908514	0.998653745209358	0.317962454905155	0.516057347338152	CM076440.1	1147323	1148085	+	NA	B9J08_03549
B9J08_00045	1109.15132079086	0.0990051937489725	0.0991502555537802	0.998536949763796	0.318019056456259	0.516057347338152	CM076438.1	105894	107040	-	NA	B9J08_00045
B9J08_05480	1824.06956107824	0.0855182370590681	0.0856913310531984	0.997980029111429	0.318289042809959	0.516343862521468	CM076444.1	533001	533880	-	NA	B9J08_05480
B9J08_00742	425.833367367079	0.137005503090635	0.137370647095708	0.997341906638768	0.318598579048366	0.516694350469577	CM076438.1	1585548	1585980	-	NA	B9J08_00742
B9J08_03238	1370.17576586905	0.109243657801086	0.109660177575731	0.996201722595632	0.319152142615599	0.517440273463307	CM076440.1	475665	476652	-	NA	B9J08_03238
B9J08_03646	1420.06945375223	0.0924438022172452	0.092849422038647	0.995631423303496	0.319429261066136	0.517585906160228	CM076440.1	1367262	1368003	-	NA	B9J08_03646
B9J08_02219	3486.65931007096	0.0761042661323099	0.0764350474885137	0.995672386332284	0.319409351163805	0.517585906160228	CM076439.1	541391	543536	+	NA	B9J08_02219
B9J08_04647	10057.812995108	0.0669289737645183	0.0672402712983861	0.995370370644605	0.319556163654904	0.517639776237003	CM076442.1	518443	521293	+	NA	B9J08_04647
B9J08_04967	874.40578639583	-0.105090030816003	0.105601351247196	-0.99515801241978	0.319659419292346	0.517655320957748	CM076443.1	305138	307787	-	NA	B9J08_04967
B9J08_03059	44.641496222676	0.383526937047853	0.385917927689971	0.993804406402081	0.320318100485066	0.518570047270345	CM076440.1	96295	96601	-	NA	B9J08_03059
B9J08_04359	625.874010694991	0.117484142633865	0.118337174587081	0.992791513265444	0.320811566620344	0.519216845888914	CM076441.1	1276184	1277666	+	NA	B9J08_04359
B9J08_04660	6339.7683755091	0.0710728782129829	0.0717368947394229	0.990743723590881	0.321810735110185	0.520529099489024	CM076442.1	545229	546216	+	NA	B9J08_04660
B9J08_02107	5730.3421594846	-0.0692551415522375	0.0698932101260235	-0.990870807441302	0.32174866861975	0.520529099489024	CM076439.1	317259	319491	-	NA	B9J08_02107
B9J08_02538	563.722928852077	0.12711800378805	0.128556742163633	0.988808534259901	0.322756827944375	0.521906667070966	CM076439.1	1242577	1242988	+	NA	B9J08_02538
B9J08_04520	36051.8925901124	0.0718072557548069	0.0726959764018629	0.987774830313261	0.323262936972775	0.522133222783266	CM076442.1	234461	235571	+	NA	B9J08_04520
B9J08_03550	1880.11640469639	-0.0837393343070444	0.0848381424720197	-0.987048182186006	0.323619018694282	0.522133222783266	CM076440.1	1148139	1149645	-	NA	B9J08_03550
B9J08_03533	4036.78709846729	-0.0750946586266719	0.076007033418339	-0.987996179424009	0.323154519322224	0.522133222783266	CM076440.1	1101330	1102557	-	NA	B9J08_03533
B9J08_02761	5053.99138888329	-0.0739358061610827	0.0748315194224599	-0.98803026761597	0.323137824900586	0.522133222783266	CM076439.1	1740025	1741162	+	NA	B9J08_02761
B9J08_02386	1698.76677405265	-0.0883574149371023	0.0895230502129386	-0.986979495525859	0.323652690655956	0.522133222783266	CM076439.1	884919	886179	+	NA	B9J08_02386
B9J08_01549	534.984002489952	-0.124484050562352	0.126032197135607	-0.987716261332893	0.323291628252288	0.522133222783266	CM076438.1	3224338	3224833	+	NA	B9J08_01549
B9J08_00802	1216.98287399418	0.0944915612267992	0.0956889941822163	0.987486199790784	0.323404344930695	0.522133222783266	CM076438.1	1698401	1699061	-	NA	B9J08_00802
B9J08_00399	1127.21473884366	-0.0963965565996299	0.0976467707107789	-0.98719656469898	0.323546285574842	0.522133222783266	CM076438.1	848974	850366	+	NA	B9J08_00399
B9J08_03529	756.492903812815	0.115903714239169	0.11748232807466	0.986562967712997	0.323856932163133	0.522217545588308	CM076440.1	1095049	1096456	+	NA	B9J08_03529
B9J08_03311	8711.70313436681	0.0651310603796439	0.0660231965225988	0.9864875348371	0.323893929125515	0.522217545588308	CM076440.1	640469	641933	-	NA	B9J08_03311
B9J08_04939	3377.72812671067	0.0808220497067649	0.0820140163088414	0.985466306178838	0.324395073960228	0.522632787888626	CM076443.1	247377	248172	-	NA	B9J08_04939
B9J08_03590	6259.73568418118	0.0665662052504667	0.0675535218505616	0.985384676134591	0.324435153834969	0.522632787888626	CM076440.1	1240060	1240858	-	NA	B9J08_03590
B9J08_01317	181.862989707652	-0.226385099101715	0.229675998802644	-0.985671555939301	0.324294311771882	0.522632787888626	CM076438.1	2742598	2743653	+	NA	B9J08_01317
B9J08_03819	3983.30011224446	0.0717438504724073	0.0728429839234244	0.984910922208067	0.324667827896928	0.522855211184826	CM076441.1	96819	98890	-	NA	B9J08_03819
B9J08_05402	6357.69782379049	0.0675276382953893	0.0686589055376705	0.983523372045881	0.325349918123683	0.523801047908418	CM076444.1	352811	354131	+	NA	B9J08_05402
B9J08_02303	2267.82499747174	0.0859721109313154	0.0876050754584136	0.98135993241769	0.326415277533403	0.525363202949073	CM076439.1	704310	704967	-	NA	B9J08_02303
B9J08_05423	58.0883350843269	0.335414880764949	0.341931709789196	0.980941138719586	0.326621768959563	0.52544153493439	CM076444.1	389991	391227	+	NA	B9J08_05423
B9J08_04887	4255.06628905724	0.0711137515084839	0.0725002744629846	0.980875617854266	0.326654082510324	0.52544153493439	CM076443.1	91122	97677	-	NA	B9J08_04887
B9J08_05115	1896.93082768668	0.0842464169465576	0.0860136649723168	0.979453869029672	0.327355771408887	0.526263917561641	CM076443.1	644784	645681	-	NA	B9J08_05115
B9J08_00841	599.722480225961	-0.118558308344305	0.121044902735372	-0.979457256481896	0.327354098406029	0.526263917561641	CM076438.1	1772099	1773203	+	NA	B9J08_00841
B9J08_03959	1105.81341999634	-0.0995000561392335	0.101640331444344	-0.978942657164768	0.327608313552549	0.526308623316946	CM076441.1	396034	396583	+	NA	B9J08_03959
B9J08_01647	392.773365774027	-0.139182901123728	0.142152322608949	-0.979110988616135	0.327525142709034	0.526308623316946	CM076438.1	3444398	3445895	+	NA	B9J08_01647
B9J08_01013	2089.65984041329	0.0828501952682731	0.0846429901931055	0.978819333760039	0.327669255081167	0.526308623316946	CM076438.1	2084006	2086004	+	NA	B9J08_01013
B9J08_02190	903.630691947579	0.104716045435783	0.107052957195581	0.978170507186189	0.32799000057429	0.526670753391661	CM076439.1	492306	493192	-	NA	B9J08_02190
B9J08_04265	48459.0096238181	0.0594264723326583	0.0608135494192087	0.977191315096759	0.328474446829445	0.527295459664927	CM076441.1	1055249	1056170	-	NA	B9J08_04265
B9J08_02903	2964.63998989393	-0.0753419063313131	0.0771443000259193	-0.976636074291937	0.328749353144072	0.52743038456525	CM076439.1	2055482	2057207	+	NA	B9J08_02903
B9J08_01001	933.109260788829	0.100164818188259	0.102555947682211	0.976684633626894	0.328725304890551	0.52743038456525	CM076438.1	2060333	2061305	+	NA	B9J08_01001
B9J08_02992	14.8581413151838	0.649355703265249	0.665076752371962	0.976362052874883	0.328885079355367	0.527495018455344	CM076439.1	2261303	2262377	+	NA	B9J08_02992
B9J08_01504	5683.61436406302	0.0760594938174778	0.0779192955572945	0.976131692072997	0.328999208020434	0.527524984835781	CM076438.1	3146823	3147915	+	NA	B9J08_01504
B9J08_00335	1001.34416174377	-0.0983144110567338	0.100864119604476	-0.974721352273331	0.329698498443971	0.528492923694846	CM076438.1	710736	711525	+	NA	B9J08_00335
B9J08_05580	6329.33738411015	0.0668162195789213	0.0685693600723756	0.97443259654744	0.329841791173743	0.528569318590106	CM076444.1	742594	745645	-	NA	B9J08_05580
B9J08_04403	1299.41188459722	-0.0911545256472257	0.0936334492064993	-0.973525235049212	0.330292324529905	0.529137877587473	CM076441.1	1366606	1369951	+	NA	B9J08_04403
B9J08_03058	108.442453706086	-0.262047045198981	0.269666907562391	-0.971743428096948	0.331178205980609	0.530403345249153	CM076440.1	92444	94922	-	NA	B9J08_03058
B9J08_02856	577.930634658878	0.118132870486939	0.121642195431201	0.971150430721656	0.331473373793258	0.530698510570324	CM076439.1	1931854	1932970	-	NA	B9J08_02856
B9J08_02485	763.512071398987	0.11070618971959	0.114014030796491	0.970987420988516	0.331554542608889	0.530698510570324	CM076439.1	1149841	1150444	+	NA	B9J08_02485
B9J08_04886	3915.97789060263	-0.0762158825288876	0.0785115999014489	-0.970759513556684	0.331668048024257	0.530726491438931	CM076443.1	87970	91066	+	NA	B9J08_04886
B9J08_03581	734.158261182831	0.112598561551124	0.116085057534009	0.96996602269966	0.332063428571753	0.53089805314321	CM076440.1	1223713	1224658	-	NA	B9J08_03581
B9J08_02800	1.6450470562575	-2.17425537315192	2.2410973563904	-0.970174440192041	0.331959548844291	0.53089805314321	CM076439.1	1821923	1823675	-	NA	B9J08_02800
B9J08_01151	6228.93905324666	0.0674346771628769	0.0695203680503614	0.969998851473663	0.332047064616423	0.53089805314321	CM076438.1	2383530	2385915	+	NA	B9J08_01151
B9J08_03008	1.52876429867405	-2.25333026738724	2.3257988179336	-0.968841436332511	0.332624308820372	0.531640993305435	CM076439.1	2293596	2294154	-	NA	B9J08_03008
B9J08_04718	401.784948642579	-0.141403858697446	0.146090346670761	-0.96792061843842	0.333084016141458	0.531760646220057	CM076442.1	663684	664437	+	NA	B9J08_04718
B9J08_01916	700.374020142747	0.115115294567329	0.118871983955669	0.968397184405196	0.332846045104855	0.531760646220057	CM076438.1	4048452	4050540	+	NA	B9J08_01916
B9J08_01620	281.375549940168	-0.170940955360722	0.176606130820152	-0.967921977379149	0.333083337404519	0.531760646220057	CM076438.1	3372280	3373561	+	NA	B9J08_01620
B9J08_00384	59.8920640538572	-0.359548666701217	0.371416810059016	-0.968046294523092	0.333021249703599	0.531760646220057	CM076438.1	806578	808030	-	NA	B9J08_00384
B9J08_02926	114.942357369112	-0.244435813518077	0.252691751217968	-0.967328028476999	0.333380076375159	0.531943976922538	CM076439.1	2108942	2109200	+	NA	B9J08_02926
B9J08_01366	425.998067383328	0.137365260515354	0.142023470223314	0.967201127386653	0.333443498719408	0.531943976922538	CM076438.1	2846325	2846973	+	NA	B9J08_01366
B9J08_00066	2147.99233011227	0.0816333440939721	0.0844093196689186	0.967112925612542	0.333487584591386	0.531943976922538	CM076438.1	154518	157155	+	NA	B9J08_00066
B9J08_03707	797.359608110862	0.110616885659655	0.11445925013524	0.966430284393398	0.333828916177503	0.532181257488624	CM076440.1	1498898	1501334	+	NA	B9J08_03707
B9J08_03140	2664.76532357184	0.0771652022304073	0.0798344250503417	0.96656551583792	0.333761280388489	0.532181257488624	CM076440.1	262759	264535	-	NA	B9J08_03140
B9J08_05238	2.25983256991129	-1.78542087689987	1.85088469167725	-0.964631068012101	0.334729632535672	0.533309506781396	CM076443.1	937427	937961	-	NA	B9J08_05238
B9J08_00753	995.598434508386	0.107556493086602	0.111485288388716	0.964759517969618	0.334665276576462	0.533309506781396	CM076438.1	1604632	1605847	-	NA	B9J08_00753
B9J08_03230	410.747650356341	-0.136254522808991	0.141333490126159	-0.964063950358588	0.335013864980519	0.533608539408452	CM076440.1	464053	464812	-	NA	B9J08_03230
B9J08_04389	1097.53916484155	0.103142126043837	0.107017521279062	0.963787282784102	0.335152583805614	0.533675693083731	CM076441.1	1334177	1337420	+	NA	B9J08_04389
B9J08_00396	1320.54985995205	-0.0968389097649851	0.100513594554447	-0.963440917561942	0.33532630059982	0.533798520568896	CM076438.1	843400	844675	+	NA	B9J08_00396
B9J08_05328	1714.1704477669	0.0895946148765645	0.0930503126846114	0.962862050557963	0.335616756281936	0.534107057866472	CM076444.1	195653	197162	+	NA	B9J08_05328
B9J08_03244	184.688658374855	-0.191443413145601	0.198907144819998	-0.962476301788201	0.335810401745077	0.534187075488954	CM076440.1	491100	491562	+	NA	B9J08_03244
B9J08_02254	394.080873927502	0.139156048068915	0.144596213011585	0.962376850476478	0.335860337854915	0.534187075488954	CM076439.1	607325	607673	+	NA	B9J08_02254
B9J08_03739	186.505955300048	0.193562339853058	0.201206871994618	0.962006605113542	0.336046286050273	0.534294930910182	CM076440.1	1586786	1588172	-	NA	B9J08_03739
B9J08_02673	2711.61840408825	-0.079220401543218	0.0823619410875979	-0.961856902558445	0.336121489917623	0.534294930910182	CM076439.1	1536050	1536326	+	NA	B9J08_02673
B9J08_04345	586.971019745846	-0.123435909118049	0.128563895165939	-0.960113326985994	0.336998181846842	0.535512968171793	CM076441.1	1252012	1253113	+	NA	B9J08_04345
B9J08_01748	1992.97786350013	0.0818958724328652	0.085312846881841	0.959947715099599	0.337081529992702	0.535512968171793	CM076438.1	3677140	3678034	-	NA	B9J08_01748
B9J08_02024	509.003064885843	-0.124210118251632	0.129461516149062	-0.959436610557041	0.337338839141695	0.535767748257513	CM076439.1	143596	144283	+	NA	B9J08_02024
B9J08_05527	3262.200809616	-0.0719595813958344	0.0750778571949799	-0.958466105511679	0.337827775039222	0.536390150141275	CM076444.1	632683	633877	+	NA	B9J08_05527
B9J08_04755	15234.6002490501	-0.0680889056176779	0.0711290876490372	-0.957258245088703	0.338436925011219	0.537048775347978	CM076442.1	762250	763102	+	NA	B9J08_04755
B9J08_01633	685.917774477729	-0.110686401738376	0.115621555677282	-0.957316316062372	0.338407622444164	0.537048775347978	CM076438.1	3408418	3409240	-	NA	B9J08_01633
B9J08_02974	89.5602276545519	-0.268077809409706	0.280186662706649	-0.956782906152742	0.338676841897081	0.537251760589673	CM076439.1	2214982	2216725	-	NA	B9J08_02974
B9J08_01753	1248.67181074883	-0.094853256412104	0.099154615373746	-0.95661967982601	0.338759251973043	0.537251760589673	CM076438.1	3685369	3686644	-	NA	B9J08_01753
B9J08_02795	3031.94728109462	-0.0817988572337841	0.0855635355503676	-0.956001370299064	0.339071542184549	0.537284522263189	CM076439.1	1807485	1810257	-	NA	B9J08_02795
B9J08_01856	1194.57594201705	-0.0942409146845317	0.0985607200904092	-0.956171125759685	0.338985785235182	0.537284522263189	CM076438.1	3917530	3918325	-	NA	B9J08_01856
B9J08_00132	2.60163625158112	1.5538209960363	1.62514276547542	0.956113536020167	0.339014876821062	0.537284522263189	CM076438.1	279709	279780	+	NA	B9J08_00132
B9J08_03740	2.37611532749474	-1.68351725089739	1.76349133827489	-0.954650138823066	0.339754652697797	0.53821265848688	CM076440.1	1589821	1591564	+	NA	B9J08_03740
B9J08_01834	1070.7090333837	0.100336302794117	0.10516546927423	0.954080303036345	0.340042995594232	0.538515082134475	CM076438.1	3870789	3871305	-	NA	B9J08_01834
B9J08_05213	3962.86002140981	-0.0770675588203615	0.0808032047667965	-0.953768591762959	0.340200791123261	0.538610648106062	CM076443.1	872752	873655	-	NA	B9J08_05213
B9J08_04693	672.047637688187	-0.113996560781042	0.119570257162614	-0.953385595098358	0.340394737224301	0.538705416471538	CM076442.1	615820	616480	-	NA	B9J08_04693
B9J08_02597	1138.18157322819	0.0942019497754121	0.0988202692295814	0.953265463753798	0.340455585260554	0.538705416471538	CM076439.1	1368275	1369816	-	NA	B9J08_02597
B9J08_03686	619.647697936976	0.114420924558421	0.120138515681777	0.952408342229725	0.34088993031431	0.539238307054147	CM076440.1	1452422	1454645	-	NA	B9J08_03686
B9J08_05433	2041.71531638035	0.218768341968957	0.230040522710881	0.950999151762096	0.341604806464084	0.539461524889039	CM076444.1	422139	423660	+	NA	B9J08_05433
B9J08_03765	32.7589346608095	-0.439330032530612	0.462148609794102	-0.950625022384777	0.341794761710758	0.539461524889039	CM076440.1	1643743	1645339	-	NA	B9J08_03765
B9J08_03573	1424.99753441599	0.0877684287813761	0.092327438632609	0.950621289632281	0.341796657267045	0.539461524889039	CM076440.1	1209786	1210434	-	NA	B9J08_03573
B9J08_02890	2095.82144379489	-0.0799941916294053	0.0840855068063078	-0.951343396355725	0.341430084194329	0.539461524889039	CM076439.1	2020172	2021402	+	NA	B9J08_02890
B9J08_01948	6032.74731569227	-0.0644481842472053	0.067741468278007	-0.951384519489801	0.341409215862357	0.539461524889039	CM076438.1	4115934	4116456	+	NA	B9J08_01948
B9J08_01705	2123.10000676646	-0.0792940587398947	0.0833465740431896	-0.951377541910783	0.341412756644779	0.539461524889039	CM076438.1	3579148	3581209	-	NA	B9J08_01705
B9J08_01050	505.714699257302	0.122244309728344	0.128483357739332	0.951440808204544	0.341380652933441	0.539461524889039	CM076438.1	2153216	2154338	-	NA	B9J08_01050
B9J08_00631	100211.358393165	0.0585844002261176	0.0616294293793408	0.95059131353496	0.341811879891698	0.539461524889039	CM076438.1	1351726	1354392	+	NA	B9J08_00631
B9J08_03242	290.480481035272	0.160375511713039	0.16882945782156	0.949926119424867	0.342149793992783	0.539840682671457	CM076440.1	484813	486682	-	NA	B9J08_03242
B9J08_02266	221.167015131695	-0.173134876071936	0.182303235136879	-0.949708193285443	0.342260545445653	0.539861311266588	CM076439.1	624879	626100	-	NA	B9J08_02266
B9J08_04904	3585.98048542939	-0.0745114310807183	0.0785107858179877	-0.949059805024227	0.342590196057685	0.540227108020207	CM076443.1	156531	160005	-	NA	B9J08_04904
B9J08_00210	1637.38279649908	0.0892528812909612	0.0940680325416237	0.948812034008132	0.342716220258046	0.540271691205426	CM076438.1	451460	453587	+	NA	B9J08_00210
B9J08_04777	1250.78840964121	-0.0898986413980774	0.0948412413469139	-0.947885541367419	0.343187726355862	0.540720490132033	CM076442.1	806491	807112	-	NA	B9J08_04777
B9J08_01629	8060.14497348938	0.0772369964398265	0.0814849573150991	0.947868158550469	0.343196576693174	0.540720490132033	CM076438.1	3388733	3390452	+	NA	B9J08_01629
B9J08_04250	4828.48717849017	-0.066157766104722	0.0698754988751421	-0.946794901928883	0.343743300091988	0.541326132421827	CM076441.1	1025254	1026880	+	NA	B9J08_04250
B9J08_00251	271.031274147075	-0.163378100437549	0.172571128382842	-0.946729050036121	0.34377686354272	0.541326132421827	CM076438.1	545323	545965	-	NA	B9J08_00251
B9J08_00840	1680.19800683964	0.084586023949218	0.0893861003364808	0.94629952118737	0.34399583752218	0.54151666020652	CM076438.1	1771142	1772003	-	NA	B9J08_00840
B9J08_02658	5046.98045830193	0.0675231967604793	0.0714153914264966	0.945499218189915	0.344404069766422	0.542004924145505	CM076439.1	1498763	1500935	-	NA	B9J08_02658
B9J08_02460	18.0719976119737	0.581599332083908	0.615324803551704	0.945190781725148	0.344561484814537	0.542098299621391	CM076439.1	1076419	1076824	+	NA	B9J08_02460
B9J08_04269	832.206777769084	-0.103182583985521	0.109261260674042	-0.94436567314873	0.344982816628631	0.542606723820844	CM076441.1	1067863	1069693	-	NA	B9J08_04269
B9J08_02424	1070.50559825021	-0.100370975488996	0.106328668635457	-0.943969079807756	0.345185449141062	0.542715020501159	CM076439.1	988118	989861	+	NA	B9J08_02424
B9J08_01459	71.9908284017563	-0.320007884954416	0.339046508289384	-0.943846573052692	0.345248057188723	0.542715020501159	CM076438.1	3039752	3040250	+	NA	B9J08_01459
B9J08_05472	959.990013054573	-0.0960474242836843	0.101810003621749	-0.943398692337993	0.345477011792038	0.542920512986805	CM076444.1	509526	512496	-	NA	B9J08_05472
B9J08_05436	2628.83069892895	-0.0756272583764421	0.080247091649219	-0.94242989773422	0.345972586235389	0.543081648430274	CM076444.1	428448	428991	+	NA	B9J08_05436
B9J08_04715	4.47370000056507	-1.16860460455827	1.23956056193661	-0.942757167695395	0.345805124854547	0.543081648430274	CM076442.1	654730	655999	+	NA	B9J08_04715
B9J08_02921	2320.16634540747	0.0749630465918322	0.0795342502182398	0.942525344567097	0.345923741530232	0.543081648430274	CM076439.1	2086763	2088062	+	NA	B9J08_02921
B9J08_00852	4072.28688992593	-0.0696082777704329	0.0738301199642764	-0.942816804362687	0.345774614820803	0.543081648430274	CM076438.1	1792325	1793249	-	NA	B9J08_00852
B9J08_03231	557.437668427587	-0.136857388315009	0.145281117668248	-0.942017727503482	0.346183563892088	0.543258534250871	CM076440.1	465226	465556	+	NA	B9J08_03231
B9J08_04377	0.714123574923378	3.1614461200408	3.35922857740088	0.941122655751782	0.346642006593965	0.543669231113748	CM076441.1	1311420	1311508	+	NA	B9J08_04377
B9J08_01424	0.714123574923378	3.1614461200408	3.35922857740088	0.941122655751782	0.346642006593965	0.543669231113748	CM076438.1	2955865	2955939	-	NA	B9J08_01424
B9J08_04459	12267.1036221432	-0.0654677693319217	0.0695831348792811	-0.940856853395595	0.346778221087091	0.543728575304496	CM076442.1	81223	82564	-	NA	B9J08_04459
B9J08_05172	1.62150228978807	-2.14954243293265	2.28647016741425	-0.940113920385648	0.347159129188467	0.54417144271828	CM076443.1	768017	768470	-	NA	B9J08_05172
B9J08_03313	332.624879189208	0.143515917803815	0.152716761790226	0.939752232311939	0.347344666076249	0.544307901730487	CM076440.1	645405	646689	+	NA	B9J08_03313
B9J08_02420	3758.01777498125	0.0775224104607012	0.0825567567472658	0.939019572898479	0.347720695221454	0.544742710456059	CM076439.1	981425	982412	-	NA	B9J08_02420
B9J08_01208	2565.66586029512	-0.0734660100121895	0.0783924386752269	-0.937156838767994	0.348677887739058	0.545951436777764	CM076438.1	2492559	2495061	-	NA	B9J08_01208
B9J08_00854	1017.86110043051	0.102458901641315	0.109332217926344	0.937133660915402	0.34868980854451	0.545951436777764	CM076438.1	1795084	1795777	-	NA	B9J08_00854
B9J08_02135	803.687227470134	0.106498630305642	0.113727454956556	0.936437295166099	0.349048083295574	0.5462029321559	CM076439.1	378592	379342	-	NA	B9J08_02135
B9J08_00656	3752.47531140135	0.0710850794505513	0.0759059029595333	0.936489478143062	0.349021227459925	0.5462029321559	CM076438.1	1400984	1402415	-	NA	B9J08_00656
B9J08_00398	7616.05257146884	0.0649513433293943	0.0694064352806388	0.935811543508455	0.349370227008837	0.546552291162707	CM076438.1	847325	848551	+	NA	B9J08_00398
B9J08_04330	4847.45964959414	-0.069276017954264	0.0740603549103454	-0.935399486515111	0.349582461441839	0.546602278278364	CM076441.1	1227345	1228686	+	NA	B9J08_04330
B9J08_00328	721.196201867801	-0.106204720559659	0.113543552001937	-0.935365493567152	0.34959997353248	0.546602278278364	CM076438.1	696811	698326	+	NA	B9J08_00328
B9J08_00471	2294.58441283045	0.0748036955149241	0.0800829787743844	0.934077336529483	0.350264001587179	0.547485615603037	CM076438.1	988762	992605	+	NA	B9J08_00471
B9J08_01158	522.110263562652	-0.121685196815547	0.130316536205057	-0.933766353519959	0.350424429053865	0.54758151523345	CM076438.1	2400089	2401205	+	NA	B9J08_01158
B9J08_04530	3590.7158205839	0.0700542067183631	0.0752508614145406	0.930942256361024	0.351883434573516	0.549395407595431	CM076442.1	252948	254814	-	NA	B9J08_04530
B9J08_02760	1396.494186503	-0.0875519150246807	0.094036886312409	-0.931038004957077	0.351833905328628	0.549395407595431	CM076439.1	1739019	1739760	+	NA	B9J08_02760
B9J08_01216	389.712633171414	0.133829721954105	0.143719894834616	0.931184385488928	0.351758193513103	0.549395407595431	CM076438.1	2517378	2519955	+	NA	B9J08_01216
B9J08_02514	902.417471777262	-0.102837643799958	0.11058861900213	-0.929911637634042	0.35241683696555	0.550072820646314	CM076439.1	1197923	1198913	-	NA	B9J08_02514
B9J08_04691	1786.65725097547	0.0792590951721618	0.0853344374464911	0.928805503895906	0.352989891599404	0.550683732998228	CM076442.1	612283	614683	+	NA	B9J08_04691
B9J08_01751	897.912719818264	0.0974350007792662	0.104907394086748	0.928771528713196	0.353007502444856	0.550683732998228	CM076438.1	3681338	3683102	+	NA	B9J08_01751
B9J08_04988	4195.86394551119	0.0682570185768539	0.0735324706609947	0.928256836242289	0.353274358376452	0.550944519962373	CM076443.1	352067	353135	+	NA	B9J08_04988
B9J08_04665	4293.46630087917	0.0703636127911096	0.07585815948757	0.927568151750891	0.353631624550661	0.551346118164034	CM076442.1	553879	554803	+	NA	B9J08_04665
B9J08_02019	4027.53184542889	0.0719850381370601	0.077671703204945	0.926785884263667	0.354037715346531	0.551823590727658	CM076439.1	130480	134632	-	NA	B9J08_02019
B9J08_04495	21.2801428804579	-0.52268704829761	0.56440204833245	-0.926089920902859	0.354399251507615	0.552231368221761	CM076442.1	157580	159125	-	NA	B9J08_04495
B9J08_00237	903.53786667875	-0.121493871101868	0.131281158733709	-0.925447888133795	0.3547329787291	0.552595595669599	CM076438.1	513846	514560	+	NA	B9J08_00237
B9J08_00990	933.389621113859	0.104776515341734	0.113372000669973	0.924183349703247	0.355390863062493	0.553464440728769	CM076438.1	2044364	2046461	-	NA	B9J08_00990
B9J08_04028	47569.5103416066	-0.0567309966309061	0.061422277909329	-0.923622479691357	0.355682905614691	0.553763216713352	CM076441.1	534113	534506	+	NA	B9J08_04028
B9J08_05003	95.4164804985901	0.263746836824279	0.285812206719847	0.922797664421674	0.356112658204398	0.55424267210203	CM076443.1	387822	390900	-	NA	B9J08_05003
B9J08_03499	552.803518681019	-0.114759805252845	0.124381110929794	-0.922646569040697	0.356191418727413	0.55424267210203	CM076440.1	1031850	1032681	+	NA	B9J08_03499
B9J08_05183	24.6312612328557	-0.484072205838396	0.525775857591513	-0.920681691350085	0.357216637716966	0.555681496386623	CM076443.1	791722	792907	-	NA	B9J08_05183
B9J08_00903	1124.85526744533	-0.0891735705618404	0.096909985476753	-0.920169063313209	0.357484418243973	0.555941581213967	CM076438.1	1886080	1887193	-	NA	B9J08_00903
B9J08_05324	440.911943547167	-0.125686089175899	0.136772484683998	-0.918942793693386	0.358125494936867	0.556781887627585	CM076444.1	189671	190787	+	NA	B9J08_05324
B9J08_00485	2.00709546931897	1.76728548785293	1.9255748237124	0.917796320397307	0.358725509020381	0.557557898862667	CM076438.1	1029726	1029800	-	NA	B9J08_00485
B9J08_05060	592.108944784834	-0.115901940717127	0.126428497886192	-0.916739047405743	0.359279399435585	0.558261805083069	CM076443.1	518953	520384	+	NA	B9J08_05060
B9J08_03857	166.925513612995	0.193429912303265	0.211326433749447	0.915313379738378	0.360027137057224	0.559266438031275	CM076441.1	180767	182366	-	NA	B9J08_03857
B9J08_04509	8353.15373878961	-0.0600449885146988	0.065729338446573	-0.913518832438962	0.360969733542817	0.560573115282705	CM076442.1	201211	202720	+	NA	B9J08_04509
B9J08_01003	157.82311062952	-0.197752998560572	0.216595543141815	-0.913005852715511	0.361239463395177	0.56083441409695	CM076438.1	2064693	2065374	+	NA	B9J08_01003
B9J08_03963	179.053889216695	0.182199050122514	0.199602420831038	0.912809821463761	0.361342571951882	0.560836954557161	CM076441.1	403703	404207	+	NA	B9J08_03963
B9J08_01039	4.50577694347037	1.25542755312543	1.37691213491901	0.911770272980621	0.36188966222488	0.561528400650453	CM076438.1	2137584	2137932	+	NA	B9J08_01039
B9J08_02463	672.279324169593	0.106403733832705	0.116725055123128	0.911575785682551	0.361992073994763	0.561529664038466	CM076439.1	1085857	1086715	+	NA	B9J08_02463
B9J08_02487	1426.29766425051	0.0834409647763576	0.0915546350737874	0.911378923733455	0.362095754683976	0.561532894539376	CM076439.1	1153035	1154634	-	NA	B9J08_02487
B9J08_04659	35227.5161218128	-0.0642518090334215	0.0706382476751889	-0.909589509197146	0.363039033248022	0.562810162608067	CM076442.1	544667	545183	-	NA	B9J08_04659
B9J08_04583	1456.18675149973	-0.0830171974189272	0.091304212488698	-0.909237319463254	0.363224868829921	0.562810162608067	CM076442.1	375576	378867	+	NA	B9J08_04583
B9J08_00568	771.77715298256	0.0997621712708372	0.109717757699207	0.909261849338344	0.363211923527045	0.562810162608067	CM076438.1	1228818	1229688	+	NA	B9J08_00568
B9J08_04890	183.407200587763	-0.181692240880642	0.199974309209029	-0.908577914829663	0.363572968718087	0.563191647450915	CM076443.1	113673	115359	-	NA	B9J08_04890
B9J08_02546	2808.24163328282	0.069359952843039	0.0764241287540826	0.907566157099747	0.364107481504565	0.56386159996518	CM076439.1	1256779	1258546	-	NA	B9J08_02546
B9J08_04578	2494.74555858953	0.0732749394472645	0.0808430192977277	0.906385487377808	0.364731851530819	0.564512165614908	CM076442.1	365717	366599	-	NA	B9J08_04578
B9J08_00646	654.643234834415	-0.110712830253885	0.122135893395877	-0.90647251332607	0.364685807035844	0.564512165614908	CM076438.1	1376449	1376788	+	NA	B9J08_00646
B9J08_01783	3012.99373234999	-0.0692912242978842	0.076668925582485	-0.903771948953902	0.366116338807837	0.566496361867557	CM076438.1	3762748	3762961	+	NA	B9J08_01783
B9J08_04340	65197.5993341386	0.0621272956873055	0.0687761738652351	0.903325849574624	0.366352981195755	0.566703869876557	CM076441.1	1246040	1247139	+	NA	B9J08_04340
B9J08_00145	1022.8467760361	0.0951439637478558	0.105380943548256	0.902857390950271	0.366601587165192	0.566929762804146	CM076438.1	306019	310216	+	NA	B9J08_00145
B9J08_01132	3426.58070661049	-0.0709633873642523	0.0786171944043406	-0.90264461740108	0.36671453853948	0.566945805456702	CM076438.1	2333676	2337852	-	NA	B9J08_01132
B9J08_04683	1645.99935517149	0.0903171352142922	0.100177112741652	0.901574548741605	0.367282916079851	0.567507038628274	CM076442.1	592820	593306	+	NA	B9J08_04683
B9J08_01539	9219.33934591763	0.0617855801832413	0.0685258355056858	0.901639209902296	0.367248555090592	0.567507038628274	CM076438.1	3207855	3208740	-	NA	B9J08_01539
B9J08_03000	1212.96629286064	0.0864684425789356	0.0959412600754497	0.901264403979429	0.367447755085406	0.567603058232823	CM076439.1	2275583	2277770	+	NA	B9J08_03000
B9J08_01510	255.015669006621	-0.166854529869835	0.185419739956999	-0.899874683831023	0.368186944022539	0.568585984803737	CM076438.1	3157340	3158024	-	NA	B9J08_01510
B9J08_01636	4083.33881105333	-0.0737220315433682	0.0820678087323921	-0.898306323539868	0.369022262208122	0.569716771850361	CM076438.1	3414728	3416006	+	NA	B9J08_01636
B9J08_03834	1853.08417920792	0.0753729129672388	0.0839897106488946	0.897406508308179	0.36950204093557	0.570138967127553	CM076441.1	127243	127945	+	NA	B9J08_03834
B9J08_01962	163.469378190808	0.194792013317993	0.217029757245805	0.89753596829293	0.369432989396366	0.570138967127553	CM076439.1	10015	11620	-	NA	B9J08_01962
B9J08_02147	5632.9291247825	0.0672775325185783	0.0750074419505165	0.896944766666783	0.36974839064273	0.570359853497731	CM076439.1	406015	408259	-	NA	B9J08_02147
B9J08_04945	511.196039441873	0.114429464545513	0.127757431396462	0.895677560942901	0.37042499812913	0.571244130764426	CM076443.1	259904	260927	-	NA	B9J08_04945
B9J08_01328	741.89124903862	0.101778419413621	0.113665502824877	0.895420482768893	0.37056235533012	0.571296551718152	CM076438.1	2769253	2770411	+	NA	B9J08_01328
B9J08_01817	3973.29601728529	0.0651566431508751	0.0728769773844361	0.89406346818097	0.371287933955578	0.572255552418427	CM076438.1	3838647	3842535	+	NA	B9J08_01817
B9J08_05586	41.7710487639487	-0.361326220736322	0.405139753373113	-0.891855755274549	0.372470252368774	0.573305243837181	CM076444.1	756004	757411	+	NA	B9J08_05586
B9J08_04401	238.220748917335	-0.170862429256649	0.191516909079879	-0.892153231156134	0.37231080629174	0.573305243837181	CM076441.1	1363363	1364176	-	NA	B9J08_04401
B9J08_03592	310.726994076476	0.139695150560572	0.156669168046342	0.89165693737041	0.372576841687553	0.573305243837181	CM076440.1	1241840	1242786	-	NA	B9J08_03592
B9J08_02368	1049.63867337706	0.0887091227533112	0.0995125627490973	0.891436420715794	0.372695086142028	0.573305243837181	CM076439.1	838499	839381	-	NA	B9J08_02368
B9J08_01715	559.266634887956	-0.110792441892042	0.124168974917062	-0.892271535349671	0.372247407398944	0.573305243837181	CM076438.1	3601368	3602718	-	NA	B9J08_01715
B9J08_00858	616.536211732069	-0.11179457732467	0.125397135334316	-0.891524172594688	0.372648029437132	0.573305243837181	CM076438.1	1805751	1807680	-	NA	B9J08_00858
B9J08_00493	474.024759982513	-0.125978685064568	0.141302814783646	-0.891551136171342	0.372633571032294	0.573305243837181	CM076438.1	1047261	1047581	-	NA	B9J08_00493
B9J08_04948	1.99046745408746	1.76074859211767	1.97702230924282	0.890606334529439	0.373140399686391	0.573830547876095	CM076443.1	270254	271538	-	NA	B9J08_04948
B9J08_01824	1058.71009651354	0.0879528159707365	0.0989149687331174	0.889175997295638	0.373908500513106	0.574851817061457	CM076438.1	3852775	3854338	-	NA	B9J08_01824
B9J08_03723	2985.98459317895	-0.0763395395131739	0.0859769255923502	-0.887907295907848	0.374590619855498	0.575740365945867	CM076440.1	1546277	1547534	+	NA	B9J08_03723
B9J08_00924	592.688498590987	0.112131755442828	0.126496735234364	0.886439916690955	0.375380517495427	0.576794028411795	CM076438.1	1924113	1924560	+	NA	B9J08_00924
B9J08_02358	996.333152468224	0.0889271899112991	0.100459593154552	0.885203564128409	0.376046850397003	0.577657293536474	CM076439.1	818456	819908	+	NA	B9J08_02358
B9J08_05589	11.8094978171405	-0.671489405171035	0.760735178964322	-0.882684834011767	0.377406578517781	0.579584928999104	CM076444.1	761242	761716	+	NA	B9J08_05589
B9J08_02727	1180.63361756836	0.0871610004235549	0.0989017553492522	0.881288710354663	0.378161575049245	0.580583062582549	CM076439.1	1651260	1653579	-	NA	B9J08_02727
B9J08_05144	7.63313212762778	-0.824129688839839	0.936640188188786	-0.879878633473423	0.378925060703259	0.581341055685858	CM076443.1	717354	717960	-	NA	B9J08_05144
B9J08_04763	324.692492788817	0.135524236618024	0.154040848940513	0.879794142593697	0.378970838363696	0.581341055685858	CM076442.1	777400	778276	-	NA	B9J08_04763
B9J08_02457	544.708955201352	0.110946658179218	0.126088019290391	0.879914355095856	0.378905707539598	0.581341055685858	CM076439.1	1070354	1071398	-	NA	B9J08_02457
B9J08_05024	1093.84849304752	0.0864791250682428	0.0983852668592969	0.878984504782801	0.379409677472207	0.581852743448637	CM076443.1	435593	438506	+	NA	B9J08_05024
B9J08_05228	108.279368162381	0.221802740322891	0.252461642761432	0.878560156294666	0.379639807218645	0.58204416490914	CM076443.1	907277	908816	+	NA	B9J08_05228
B9J08_04602	1152.31596269972	-0.0842080917281577	0.0959940540014275	-0.877221955090108	0.38036609322391	0.582995950429437	CM076442.1	427182	428604	-	NA	B9J08_04602
B9J08_04314	3.90600401985013	-1.18817422693897	1.35747933124505	-0.875279792178642	0.381421686619352	0.58429005941403	CM076441.1	1191615	1192554	-	NA	B9J08_04314
B9J08_03033	1229.73753224084	-0.0834555110079205	0.0953472700053274	-0.875279502006271	0.381421844466405	0.58429005941403	CM076440.1	43090	46327	-	NA	B9J08_03033
B9J08_01768	81.8176002576088	-0.270197732298722	0.308896593367039	-0.874719042231929	0.381726796425692	0.584595179785203	CM076438.1	3722411	3723581	+	NA	B9J08_01768
B9J08_02181	1969.880763514	-0.0752558033431268	0.0862265625398895	-0.872768218126664	0.382789425977593	0.586060154398381	CM076439.1	475314	476994	-	NA	B9J08_02181
B9J08_02238	600.338996860086	-0.105065890167355	0.120605952553119	-0.871150121061232	0.383672190345786	0.587249015796499	CM076439.1	574689	575196	-	NA	B9J08_02238
B9J08_05353	587.460732509315	0.108962954955011	0.125238858432595	0.870041106400343	0.384277940419148	0.58785058862348	CM076444.1	244832	245348	-	NA	B9J08_05353
B9J08_03670	15922.6296555188	0.0608676152989898	0.0699534081686042	0.870116508866652	0.38423673663643	0.58785058862348	CM076440.1	1418357	1419662	-	NA	B9J08_03670
B9J08_05468	646.686698363891	-0.110052532125394	0.126605703663393	-0.869254140540074	0.384708140332086	0.588020434628164	CM076444.1	502797	504027	+	NA	B9J08_05468
B9J08_03385	5219.94586941969	-0.0635755973772802	0.0731092289167524	-0.869597427291596	0.384520444233603	0.588020434628164	CM076440.1	794220	795171	-	NA	B9J08_03385
B9J08_00073	260.156445790399	-0.148260197342759	0.170553769069957	-0.869287135378085	0.384690097580108	0.588020434628164	CM076438.1	166764	167808	-	NA	B9J08_00073
B9J08_01194	259.717540690253	-0.147689289643735	0.170026868885267	-0.868623239444551	0.385053239054365	0.588385195535934	CM076438.1	2475967	2476978	+	NA	B9J08_01194
B9J08_03863	369.102723453812	-0.130370406966517	0.15018887849639	-0.868043015379798	0.385370784765898	0.58870766373718	CM076441.1	190017	190902	-	NA	B9J08_03863
B9J08_01594	439.738351113388	-0.120285166223591	0.138703682958984	-0.867209605812417	0.385827174046856	0.589241998053874	CM076438.1	3327001	3328468	-	NA	B9J08_01594
B9J08_03815	4434.5314772377	0.0627555320702086	0.072396303668068	0.866833372570212	0.386033313890396	0.589393957423265	CM076441.1	88784	90265	+	NA	B9J08_03815
B9J08_01192	5037.68041329968	0.0612626515651731	0.070777308618432	0.865569103445944	0.386726505050304	0.590126282002494	CM076438.1	2474498	2475176	+	NA	B9J08_01192
B9J08_00362	286.34758465389	-0.141660049418503	0.163636117666741	-0.865701603279332	0.386653820579684	0.590126282002494	CM076438.1	751841	752387	+	NA	B9J08_00362
B9J08_03876	9127.51037578805	0.057824774821733	0.0669055467180079	0.864274752367717	0.387436976248777	0.590721149717791	CM076441.1	220132	221866	-	NA	B9J08_03876
B9J08_02891	2261.82726002271	0.0691171083856765	0.0799603346484166	0.864392435194057	0.387372347104445	0.590721149717791	CM076439.1	2021796	2023200	+	NA	B9J08_02891
B9J08_02647	494.758374098411	-0.112137965932837	0.129739374875101	-0.864332559338994	0.387405228950716	0.590721149717791	CM076439.1	1474092	1475352	+	NA	B9J08_02647
B9J08_05399	55.3284205749338	-0.305961507428013	0.354256565061615	-0.863672088546327	0.387768050653904	0.590944399034687	CM076444.1	343195	345373	+	NA	B9J08_05399
B9J08_02704	221.230014689559	0.156853819006651	0.181623868801746	0.863618972778666	0.387797238157918	0.590944399034687	CM076439.1	1603333	1604803	+	NA	B9J08_02704
B9J08_02710	2119.69124804355	0.070636360557811	0.0819154688858502	0.862307956220617	0.388518075688084	0.591879659406846	CM076439.1	1618053	1620576	+	NA	B9J08_02710
B9J08_01599	197.827413220707	0.181002043315687	0.210011519702818	0.861867213626272	0.388760592773199	0.592085917954662	CM076438.1	3339985	3340531	+	NA	B9J08_01599
B9J08_01741	832.718060613889	0.0959976845106827	0.111643609178883	0.859858304624215	0.389867154924778	0.59349998005027	CM076438.1	3660739	3662017	+	NA	B9J08_01741
B9J08_01532	448.149939483941	0.116697882199927	0.135728071364611	0.859791795659113	0.389903822609468	0.59349998005027	CM076438.1	3197310	3197889	-	NA	B9J08_01532
B9J08_05544	2322.42456400843	-0.0690511432862772	0.0803668692788454	-0.859199119063521	0.390230669325654	0.593833950815773	CM076444.1	677665	679834	-	NA	B9J08_05544
B9J08_04137	0.680678703220605	-2.71650071613961	3.16334999651263	-0.858741751350421	0.390483010296534	0.593890918521998	CM076441.1	770968	771039	-	NA	B9J08_04137
B9J08_02847	1096.81797986805	0.0896394245134495	0.104377251842273	0.858802305399895	0.390449595450445	0.593890918521998	CM076439.1	1916488	1917112	+	NA	B9J08_02847
B9J08_04161	573.147894842724	-0.110125913219046	0.128426879093681	-0.85749894411679	0.391169198104446	0.594280417241142	CM076441.1	828982	830041	-	NA	B9J08_04161
B9J08_02256	279.065936875267	-0.141651106015956	0.16515077771177	-0.857707774547526	0.391053845971864	0.594280417241142	CM076439.1	610424	611222	+	NA	B9J08_02256
B9J08_02187	2851.25075953824	0.0656683324330037	0.0765427497926852	0.857930145060967	0.390931037385716	0.594280417241142	CM076439.1	485049	488994	+	NA	B9J08_02187
B9J08_02047	1533.06705801122	0.0803928349954615	0.0937466959566826	0.857553796163744	0.39113889735596	0.594280417241142	CM076439.1	188761	189371	+	NA	B9J08_02047
B9J08_04681	641.339458941344	0.105164831653832	0.122716618642894	0.856973023025202	0.391459793836404	0.594558472254411	CM076442.1	588697	590737	+	NA	B9J08_04681
B9J08_02360	369.663530741791	-0.133664773815193	0.156270783681865	-0.855340778781187	0.392362518398825	0.595765834942391	CM076439.1	821736	822546	-	NA	B9J08_02360
B9J08_02783	802.993989155362	-0.0999105149110484	0.116903955974596	-0.854637587565981	0.392751812165878	0.59619315183763	CM076439.1	1785619	1786852	+	NA	B9J08_02783
B9J08_05002	13.4434109867305	0.602267879130951	0.705413497876927	0.853779919073831	0.393226942899093	0.596750497914137	CM076443.1	384373	387631	-	NA	B9J08_05002
B9J08_03518	66.8782645402441	-0.272271801120353	0.318994218040505	-0.853532088427324	0.393364300808437	0.596795083878185	CM076440.1	1066276	1067157	-	NA	B9J08_03518
B9J08_04576	353.691600518955	-0.130526309714677	0.15309774861126	-0.852568446621012	0.393898666763154	0.597441803293072	CM076442.1	361828	363871	+	NA	B9J08_04576
B9J08_03257	1901.14707069823	0.0734736255363196	0.0862499825169931	0.851868294835233	0.394287195724818	0.59786703176161	CM076440.1	524464	526849	+	NA	B9J08_03257
B9J08_03981	1462.20285169639	0.0787013090290755	0.0925487430361328	0.85037685491146	0.395115599864873	0.598958837206021	CM076441.1	435747	439332	+	NA	B9J08_03981
B9J08_04726	2153.83965755423	-0.0689571079221529	0.0811370472490881	-0.849884365528571	0.395389378675565	0.599053179350908	CM076442.1	677950	681931	+	NA	B9J08_04726
B9J08_00824	4945.66677141682	-0.0634479890705131	0.0746556752458153	-0.849874960766222	0.395394607973967	0.599053179350908	CM076438.1	1744455	1750014	+	NA	B9J08_00824
B9J08_04463	8359.5733623971	0.0574668926606535	0.067658563923193	0.849366130884639	0.395677593244368	0.599317637122944	CM076442.1	90190	93748	-	NA	B9J08_04463
B9J08_05072	682.624366049087	0.099859621339532	0.117602266461847	0.849130074988214	0.395808917054036	0.599352297139084	CM076443.1	548782	549832	-	NA	B9J08_05072
B9J08_02531	495.766300558762	-0.111559473244888	0.131450022531986	-0.848683561219945	0.396057395843581	0.599564291105854	CM076439.1	1225324	1226566	+	NA	B9J08_02531
B9J08_05424	3547.7309808613	-0.0649932897566936	0.076645568548368	-0.847971917850396	0.396453610277729	0.599820783577401	CM076444.1	392095	394615	+	NA	B9J08_05424
B9J08_01777	32742.7846297757	-0.0540873517640838	0.0637977119447546	-0.84779453863362	0.396552405136932	0.599820783577401	CM076438.1	3739718	3740454	-	NA	B9J08_01777
B9J08_01488	1016.98710416282	0.0897282048373009	0.105809009432959	0.84802045986597	0.396426576432646	0.599820783577401	CM076438.1	3114815	3116537	+	NA	B9J08_01488
B9J08_04612	4361.6387365064	-0.0632443621554296	0.0747017347364499	-0.846625080107681	0.397204130025642	0.600477906633404	CM076442.1	451094	452337	-	NA	B9J08_04612
B9J08_02521	13.6480620005453	-0.592720247897335	0.699993239131235	-0.846751389531937	0.397133708230294	0.600477906633404	CM076439.1	1209645	1211304	-	NA	B9J08_02521
B9J08_04679	3397.57098648345	0.0649343855633552	0.0767636069763864	0.845900656848107	0.397608166054411	0.600924346125985	CM076442.1	584491	586066	+	NA	B9J08_04679
B9J08_02533	688.560955209173	-0.0984937485419359	0.116508579471038	-0.845377645055056	0.397900021861791	0.601201044513428	CM076439.1	1227684	1229490	-	NA	B9J08_02533
B9J08_04519	4.26250361047115	-1.06564657297912	1.26103499048053	-0.84505710073362	0.398078958720259	0.601303084710398	CM076442.1	228541	231271	+	NA	B9J08_04519
B9J08_02403	790.776455936581	0.0916967931825073	0.108547150959658	0.844764624145564	0.398242269675813	0.601303084710398	CM076439.1	939576	940842	-	NA	B9J08_02403
B9J08_01473	26942.7138293395	0.0541598396174968	0.0641193656364435	0.844672106155617	0.398293937601731	0.601303084710398	CM076438.1	3073854	3075885	-	NA	B9J08_01473
B9J08_01480	8569.88274644233	0.0620871694491886	0.0735292153253984	0.844387760353842	0.398452759645154	0.60137859163265	CM076438.1	3094275	3096168	-	NA	B9J08_01480
B9J08_05373	20701.5125926446	0.0525710448479546	0.0623603473227712	0.843020398456923	0.399217035566716	0.602065145028919	CM076444.1	297642	300690	-	NA	B9J08_05373
B9J08_04754	416.858665689152	-0.121158092939633	0.143724358445788	-0.842989276486021	0.399234441203363	0.602065145028919	CM076442.1	759250	760759	+	NA	B9J08_04754
B9J08_00906	5855.2197489036	0.0575947677260922	0.068316390618991	0.84305928934837	0.399195285634777	0.602065145028919	CM076438.1	1889623	1892638	-	NA	B9J08_00906
B9J08_04803	9621.01497547902	0.0601744872034156	0.0714066627135124	0.842701295883818	0.399395522257886	0.602143767462993	CM076442.1	861111	862086	-	NA	B9J08_04803
B9J08_04400	354.866486812456	-0.13616923419852	0.161647347043029	-0.842384590217078	0.399572715728008	0.602246632077639	CM076441.1	1362164	1363292	-	NA	B9J08_04400
B9J08_05122	434.242413686176	-0.116103655373029	0.138452604561128	-0.838580507322768	0.401704752915605	0.605282568797649	CM076443.1	654062	655727	-	NA	B9J08_05122
B9J08_03237	377.710129847213	-0.13353655255911	0.159320507291187	-0.838162988742232	0.401939170505904	0.605282568797649	CM076440.1	473876	475187	+	NA	B9J08_03237
B9J08_02041	20007.4370039259	0.0545897064002884	0.0651572217350128	0.837815133099117	0.402134538198836	0.605282568797649	CM076439.1	180178	180826	+	NA	B9J08_02041
B9J08_01113	231.98141383071	-0.157479639059902	0.187911879680644	-0.83805046986672	0.402002358744916	0.605282568797649	CM076438.1	2304295	2305546	-	NA	B9J08_01113
B9J08_00075	3824.39033693144	0.0608751521807245	0.0726509446733602	0.837912740906814	0.402079712549069	0.605282568797649	CM076438.1	169938	172200	-	NA	B9J08_00075
B9J08_02888	308.162256544499	-0.133581981078739	0.159545720328474	-0.837264583491926	0.402443862177274	0.605583236115925	CM076439.1	2015610	2016618	-	NA	B9J08_02888
B9J08_03131	674.451894215108	-0.0964936034503737	0.115360212897768	-0.836454796905468	0.402899096512147	0.606103240724724	CM076440.1	246501	248046	-	NA	B9J08_03131
B9J08_05180	140.791132334735	-0.18863350161988	0.225643213027077	-0.835981278095184	0.403165435524356	0.60625267858773	CM076443.1	786232	787255	+	NA	B9J08_05180
B9J08_01204	11.6689357264548	-0.639588970750932	0.765160921204689	-0.835888181199775	0.403217811921204	0.60625267858773	CM076438.1	2487542	2488805	-	NA	B9J08_01204
B9J08_03037	638.170422882066	-0.101860690962927	0.121918190108664	-0.835483949295342	0.403445280424016	0.60642971577469	CM076440.1	52549	53506	-	NA	B9J08_03037
B9J08_02699	373.27448075772	-0.121150268639764	0.14523545106297	-0.834164577264516	0.404188249199009	0.606996598435778	CM076439.1	1597134	1597977	+	NA	B9J08_02699
B9J08_01788	1608.6318545965	-0.0770309485838726	0.0923147641452847	-0.834438015382258	0.404034202675791	0.606996598435778	CM076438.1	3774438	3776166	-	NA	B9J08_01788
B9J08_01489	4640.46947709057	0.0589933364319376	0.0707172879527355	0.834213784773057	0.404160524627531	0.606996598435778	CM076438.1	3116577	3117480	-	NA	B9J08_01489
B9J08_01340	454.091440544694	0.111508769134905	0.133698077338605	0.834034201198697	0.404261711388113	0.606996598435778	CM076438.1	2795490	2796153	+	NA	B9J08_01340
B9J08_04606	1405.13636328856	0.0771171907985903	0.0925093247988608	0.833615324360686	0.404497787370301	0.607186113741351	CM076442.1	434174	434666	-	NA	B9J08_04606
B9J08_01871	1073.3173716411	0.0846473345588787	0.101625194050799	0.832936510965642	0.404880536794666	0.607595635857757	CM076438.1	3952037	3952667	+	NA	B9J08_01871
B9J08_00515	5.13295488483631	0.95923860776288	1.15223809247835	0.832500343483395	0.405126584381241	0.607799845785863	CM076438.1	1093039	1095106	+	NA	B9J08_00515
B9J08_02594	3110.9896274962	0.0637282679314844	0.076651925439639	0.831398136002056	0.405748751733784	0.60843849205443	CM076439.1	1363270	1364692	+	NA	B9J08_02594
B9J08_02251	375.968608927142	-0.122656403869842	0.147537728725453	-0.831356188884324	0.405772441055297	0.60843849205443	CM076439.1	604492	605134	-	NA	B9J08_02251
B9J08_04548	378.824591106731	0.123215090249229	0.148320346553369	0.830736261831036	0.40612263654592	0.608798430211364	CM076442.1	301505	302192	+	NA	B9J08_04548
B9J08_00420	3511.30938469832	-0.0633508459440244	0.0762995506449502	-0.83029120628533	0.406374158734282	0.609010296996848	CM076438.1	892362	892677	+	NA	B9J08_00420
B9J08_01280	1542.01162259488	0.0777643182526628	0.0937646031634804	0.829356874865446	0.406902496549904	0.609636784611364	CM076438.1	2651965	2652634	-	NA	B9J08_01280
B9J08_01872	731.958772671949	0.0960038838254267	0.115788674993978	0.829130170376502	0.407030753233353	0.609663678352505	CM076438.1	3953282	3956315	-	NA	B9J08_01872
B9J08_03150	1040.62050727539	0.0818553570213877	0.0988942065227217	0.827706292406328	0.407836854705865	0.61049305099059	CM076440.1	276843	278499	+	NA	B9J08_03150
B9J08_01525	5008.94594174845	0.0640239374694687	0.0773527831441794	0.827687574603918	0.407847457765582	0.61049305099059	CM076438.1	3189009	3189633	+	NA	B9J08_01525
B9J08_00891	2004.37649858787	0.0681763455747276	0.0823816759545005	0.827566868297042	0.407915838123439	0.61049305099059	CM076438.1	1865180	1867649	+	NA	B9J08_00891
B9J08_00217	1203.73238678359	0.0783483877846673	0.0947339758507292	0.827035781841559	0.408216780776967	0.610778058298401	CM076438.1	467086	468841	-	NA	B9J08_00217
B9J08_00256	1601.01975381257	0.0770464921996453	0.0931843494945133	0.826817943330513	0.408340258238531	0.610797457993062	CM076438.1	553012	555508	+	NA	B9J08_00256
B9J08_02395	1037.44192984125	-0.0819026140625192	0.0991769660071152	-0.825822944176809	0.408904536658996	0.611476021134814	CM076439.1	909061	909514	-	NA	B9J08_02395
B9J08_02477	1577.88774548443	-0.0746105817115918	0.0903768039789808	-0.825550123778931	0.409059338091595	0.611542050752568	CM076439.1	1134248	1134558	-	NA	B9J08_02477
B9J08_00681	2153.54946942869	0.0680440263464208	0.0824508701732612	0.825267534513996	0.409219719256286	0.611616384080447	CM076438.1	1441537	1442746	+	NA	B9J08_00681
B9J08_05181	1998.36483192635	-0.0693154813371611	0.0841132958052756	-0.824072825509396	0.40989817964666	0.612452422145977	CM076443.1	789077	790172	+	NA	B9J08_05181
B9J08_02484	1682.92321132067	0.0733017535399682	0.0889700600587832	0.823892368865854	0.410000716833746	0.612452422145977	CM076439.1	1147509	1149708	+	NA	B9J08_02484
B9J08_00194	841.425926000975	0.095965345778416	0.116548879728954	0.82339140454711	0.410285449447833	0.612712153228363	CM076438.1	414746	417023	-	NA	B9J08_00194
B9J08_05283	4159.62682288247	0.0649618370071112	0.0790128178441979	0.822168336474302	0.410981096946228	0.613585230367856	CM076444.1	90633	91473	-	NA	B9J08_05283
B9J08_04776	1029.62217252715	0.087479483227841	0.106516840511784	0.821273732937687	0.411490366041558	0.614179652474127	CM076442.1	804484	806134	+	NA	B9J08_04776
B9J08_01325	655.02511487937	0.1011219516999	0.123203232288113	0.820773528598864	0.411775279487416	0.614438976708139	CM076438.1	2763438	2764470	-	NA	B9J08_01325
B9J08_05149	258.274727556818	0.141349100276377	0.172493779044434	0.819444626115854	0.412532782757023	0.614842578250955	CM076443.1	727285	728236	+	NA	B9J08_05149
B9J08_05038	40.9834881935767	0.330493383083836	0.403757905021012	0.818543436484883	0.413046950071612	0.614842578250955	CM076443.1	462764	464066	+	NA	B9J08_05038
B9J08_04877	399.281383727938	-0.116547911691941	0.142123377027293	-0.820047441382988	0.412189062659584	0.614842578250955	CM076443.1	71326	74272	-	NA	B9J08_04877
B9J08_04711	736.64829315239	-0.0923229238646111	0.112733633667556	-0.818947468125309	0.412816385772133	0.614842578250955	CM076442.1	648250	648880	-	NA	B9J08_04711
B9J08_04222	1138.64600779161	-0.083113327227116	0.10147683554311	-0.819037436300495	0.412765055004691	0.614842578250955	CM076441.1	959170	960361	-	NA	B9J08_04222
B9J08_02874	1246.12635293201	-0.0767447133332515	0.0937461421463135	-0.818643963113414	0.412989576516923	0.614842578250955	CM076439.1	1971956	1975637	+	NA	B9J08_02874
B9J08_01304	1427.72081114063	-0.0767274196646132	0.093704591574411	-0.818822411745788	0.412887742172699	0.614842578250955	CM076438.1	2706155	2706632	+	NA	B9J08_01304
B9J08_00361	7742.51267010411	-0.0553450314546173	0.0675538641533598	-0.819272622643375	0.412630888806855	0.614842578250955	CM076438.1	750533	751667	+	NA	B9J08_00361
B9J08_00326	6469.20427790458	0.630065676679115	0.768749954859778	0.819597676326421	0.412445498751821	0.614842578250955	CM076438.1	692150	692873	+	NA	B9J08_00326
B9J08_00709	1239.92625130528	-0.0812661324016502	0.0993320241609059	-0.818126209428782	0.413285124494941	0.615031470943332	CM076438.1	1508508	1509867	-	NA	B9J08_00709
B9J08_01626	5479.37661527521	0.0609808185124402	0.0745690317387261	0.817776724339186	0.413484690940883	0.615162822834525	CM076438.1	3384408	3385515	+	NA	B9J08_01626
B9J08_04420	1945.8761057431	0.0677754624840693	0.082948604412871	0.817077791287742	0.413883973741666	0.615425537495343	CM076441.1	1412945	1414310	-	NA	B9J08_04420
B9J08_02645	1392.94603804992	-0.074547224440626	0.0912258096230153	-0.817172516732793	0.413829846124254	0.615425537495343	CM076439.1	1468889	1472123	-	NA	B9J08_02645
B9J08_03387	5940.67067719254	0.0572927310189334	0.07014836289135	0.81673653749656	0.414079006287091	0.615549937533285	CM076440.1	798679	799927	+	NA	B9J08_03387
B9J08_02951	541.978966543322	-0.102567800653249	0.125624022348494	-0.816466458689846	0.414233399616929	0.615613874612199	CM076439.1	2163900	2164278	+	NA	B9J08_02951
B9J08_04910	257.37149470718	-0.145207365847759	0.17798856285546	-0.815824137900809	0.414600725683342	0.615663141013388	CM076443.1	175761	177294	-	NA	B9J08_04910
B9J08_01223	0.704223469690034	-2.76003602117967	3.38270267173138	-0.815926284105542	0.414542298126986	0.615663141013388	CM076438.1	2531948	2532036	+	NA	B9J08_01223
B9J08_00907	1394.66330300292	-0.0759659885295903	0.093078913094919	-0.816146063632292	0.414416600904261	0.615663141013388	CM076438.1	1893168	1894746	-	NA	B9J08_00907
B9J08_00160	361.773700980936	-0.120416807416838	0.147678272961398	-0.815399618387426	0.414843602709383	0.615858337946484	CM076438.1	344167	344599	-	NA	B9J08_00160
B9J08_03207	0.568820374396272	2.78826001232806	3.42215312488788	0.814767753099714	0.415205262568157	0.616104025344519	CM076440.1	408027	408115	+	NA	B9J08_03207
B9J08_02507	760.189019485002	0.090912815689905	0.111587669855839	0.814720979543315	0.415232041687775	0.616104025344519	CM076439.1	1186018	1187548	+	NA	B9J08_02507
B9J08_03450	1325.30400272805	0.0849942286332733	0.104491663143699	0.813406793194476	0.415984865805047	0.617055381992618	CM076440.1	930567	930939	+	NA	B9J08_03450
B9J08_01275	2270.66743291708	0.0667054861050936	0.0820977116199329	0.812513342806717	0.416497133539553	0.617649492104403	CM076438.1	2641762	2646055	-	NA	B9J08_01275
B9J08_04497	245.886941636404	0.140445415498623	0.173059931416568	0.811542073020707	0.417054441739364	0.618144247651774	CM076442.1	163661	166391	-	NA	B9J08_04497
B9J08_01144	53.3166852002414	-0.303229862019287	0.373564234974612	-0.811720806302282	0.416951852761625	0.618144247651774	CM076438.1	2370866	2372309	+	NA	B9J08_01144
B9J08_02875	2579.67452014373	-0.0691613168053513	0.0852624980246645	-0.811157524206534	0.417275214763407	0.618305660052909	CM076439.1	1975771	1976692	+	NA	B9J08_02875
B9J08_03410	479.789307562267	0.130861594996632	0.161380988675568	0.810886065766454	0.417431103031861	0.618370867450307	CM076440.1	848149	848809	+	NA	B9J08_03410
B9J08_00806	991.302992693109	0.0836789806940974	0.103268747257098	0.810303048276262	0.417766023823431	0.618701182655976	CM076438.1	1706372	1707707	-	NA	B9J08_00806
B9J08_01230	17453.3362131743	0.0587914289350591	0.072606134120959	0.809730880824958	0.418094865561856	0.619022320375134	CM076438.1	2541660	2541972	+	NA	B9J08_01230
B9J08_03913	2658.15970615877	0.0663466259711556	0.0820000354806156	0.809104844678263	0.418454841832791	0.619389370864981	CM076441.1	290398	291099	-	NA	B9J08_03913
B9J08_03843	57.3129068302249	-0.280590580110377	0.347180836350596	-0.808197200801217	0.418977068902615	0.619895883735983	CM076441.1	148239	149958	+	NA	B9J08_03843
B9J08_01156	412.870173146682	0.112195374053975	0.138834996638475	0.808120263409743	0.419021353652548	0.619895883735983	CM076438.1	2396658	2397840	-	NA	B9J08_01156
B9J08_04370	6892.53147014724	-0.0564752179885789	0.06993491687275	-0.807539645629926	0.419355642923575	0.620224414888574	CM076441.1	1294731	1297872	+	NA	B9J08_04370
B9J08_04831	607.798149160718	-0.101063076880603	0.125210045318302	-0.807148313249837	0.419581040031439	0.620391762507694	CM076442.1	929758	931000	+	NA	B9J08_04831
B9J08_05594	5.62236524827229	0.874934438099686	1.08680248037656	0.805053773705536	0.420788649643533	0.622010929815407	CM076444.1	775226	777068	+	NA	B9J08_05594
B9J08_03762	3242.18003758253	-0.066311998861002	0.0824041640195999	-0.804716602006054	0.420983236934181	0.622132179287492	CM076440.1	1638473	1640690	+	NA	B9J08_03762
B9J08_04575	625.694858095151	-0.097044951638212	0.120624865672956	-0.804518629693856	0.421097514591361	0.622134713484751	CM076442.1	360148	361294	+	NA	B9J08_04575
B9J08_03751	986.028815528127	0.0823757993319962	0.102460571427414	0.803975599436836	0.421411067142325	0.62231676095586	CM076440.1	1615602	1618311	+	NA	B9J08_03751
B9J08_03103	2828.36502323051	0.0639265634688971	0.0795190339819071	0.803915242273218	0.421445926589069	0.62231676095586	CM076440.1	179720	183302	-	NA	B9J08_03103
B9J08_04636	35.9089640216763	0.345860314082484	0.430432768946689	0.803517620019586	0.421675616695551	0.622422180502508	CM076442.1	498943	500464	-	NA	B9J08_04636
B9J08_02241	449.159689684269	-0.112045397960365	0.139463716960467	-0.803401776478724	0.421742548576423	0.622422180502508	CM076439.1	577974	579153	+	NA	B9J08_02241
B9J08_04079	556.415621149131	-0.103369905836596	0.128773087440695	-0.802729109715582	0.42213132391593	0.622829638890375	CM076441.1	631490	632117	+	NA	B9J08_04079
B9J08_03898	4055.82274337427	-0.0576993525375336	0.071989805421098	-0.801493380903397	0.422846074469764	0.623717708458603	CM076441.1	259436	260446	+	NA	B9J08_03898
B9J08_04402	654.409531194312	-0.252006831081033	0.314793907897425	-0.800545451353364	0.423394840823978	0.624193994460956	CM076441.1	1364359	1365262	-	NA	B9J08_04402
B9J08_02201	619.421898188642	0.0989351013319259	0.123569469139367	0.800643573376064	0.423338017623904	0.624193994460956	CM076439.1	511558	512859	-	NA	B9J08_02201
B9J08_05094	870.107015534319	-0.0879047040793809	0.109864485870036	-0.800119377824859	0.423641634974686	0.624391284401357	CM076443.1	599524	600520	+	NA	B9J08_05094
B9J08_05142	2196.31187171548	0.0693490833028573	0.086710051446912	0.799781364970313	0.423837481687007	0.624513399435907	CM076443.1	710680	713947	+	NA	B9J08_05142
B9J08_03218	3015.10383739033	0.0612326186260408	0.0766448201075597	0.798913984534243	0.424340289472031	0.624980434124677	CM076440.1	435538	436783	+	NA	B9J08_03218
B9J08_01896	730.808089104317	0.0891032125809948	0.111540125106129	0.798844474095886	0.42438059874614	0.624980434124677	CM076438.1	4011816	4013286	-	NA	B9J08_01896
B9J08_01802	2654.89995547983	-0.0637907287989991	0.0798965671344723	-0.798416391177786	0.424628894420495	0.62517951504051	CM076438.1	3801372	3802284	-	NA	B9J08_01802
B9J08_01575	972.296875115428	0.0822196658391028	0.103044158068499	0.797907104878733	0.424924400049995	0.625447978449088	CM076438.1	3283252	3283933	-	NA	B9J08_01575
B9J08_02265	1631.7311038137	-0.071761044697296	0.0900779831593691	-0.79665465611429	0.425651625215162	0.626184863605058	CM076439.1	622377	624372	-	NA	B9J08_02265
B9J08_01979	68777.6692645399	0.0515402188412054	0.0646802560639653	0.796846239913381	0.42554033644962	0.626184863605058	CM076439.1	54442	56393	+	NA	B9J08_01979
B9J08_00977	4195.27440609338	-0.0592831903028331	0.0744768505730745	-0.795994860774438	0.426035022510457	0.626582110009393	CM076438.1	2020459	2021734	+	NA	B9J08_00977
B9J08_01222	358.002538417054	-0.120705332658756	0.15174574796581	-0.79544457934961	0.426354936934495	0.626885803787431	CM076438.1	2530564	2531149	-	NA	B9J08_01222
B9J08_00238	1330.48816338489	0.0771311632728172	0.0971037515442747	0.794317027366848	0.427010893815651	0.627683300563591	CM076438.1	514738	517957	+	NA	B9J08_00238
B9J08_05221	205.787650582896	0.15010673592923	0.189061056064593	0.793959047165937	0.427219272852611	0.627822632559527	CM076443.1	891261	892236	+	NA	B9J08_05221
B9J08_04246	527.068436715396	-0.105538480115973	0.133111111946729	-0.792860029282972	0.42785937739298	0.628262162287726	CM076441.1	1017763	1018615	+	NA	B9J08_04246
B9J08_03952	2728.40363298068	-0.0632596984954452	0.0797839412731599	-0.792887609786787	0.427843306763661	0.628262162287726	CM076441.1	380985	382257	+	NA	B9J08_03952
B9J08_02345	1.41030589969416	-1.88521685098941	2.37710838161963	-0.793071475228628	0.427736180886493	0.628262162287726	CM076439.1	789495	789583	-	NA	B9J08_02345
B9J08_03300	86.7167775968251	-0.22249508383972	0.280806853379901	-0.792342071290933	0.428161246823093	0.628538435907366	CM076440.1	613821	615531	-	NA	B9J08_03300
B9J08_00940	1596.43495472755	-0.069867490950511	0.0883143568201948	-0.791122683401963	0.428872403542792	0.629415234832983	CM076438.1	1954304	1955168	+	NA	B9J08_00940
B9J08_04235	1726.38517861439	0.0679847765109197	0.0860500086098735	0.790061240076611	0.429492004524766	0.62965578488286	CM076441.1	990821	991091	+	NA	B9J08_04235
B9J08_02809	12.5446006900883	-0.612022951637453	0.774441053785606	-0.790276998676369	0.429366016707108	0.62965578488286	CM076439.1	1842750	1842824	+	NA	B9J08_02809
B9J08_00291	4558.1516637522	-0.0569698586143678	0.0721079886797698	-0.790063065929766	0.429490938265079	0.62965578488286	CM076438.1	622258	622642	-	NA	B9J08_00291
B9J08_00141	263.862354073665	0.140160803105143	0.17739968442234	0.790084850272107	0.429478216787816	0.62965578488286	CM076438.1	296118	296458	-	NA	B9J08_00141
B9J08_02496	1748.91888811707	0.0677983447557162	0.0859166790467005	0.789117381025215	0.430043404160928	0.630168294916371	CM076439.1	1167708	1168359	-	NA	B9J08_02496
B9J08_01108	995.495535167731	-0.0810948365094903	0.102772349416644	-0.789072517752105	0.430069623380596	0.630168294916371	CM076438.1	2292409	2295421	-	NA	B9J08_01108
B9J08_03688	1027.86540548188	0.0837896934963822	0.106508646926449	0.786693812327221	0.431461127159436	0.632039663347522	CM076440.1	1455608	1456145	+	NA	B9J08_03688
B9J08_02207	1323.9730875803	0.0788659400321888	0.100345959246452	0.785940366950823	0.431902424053398	0.632518467870464	CM076439.1	522720	524109	+	NA	B9J08_02207
B9J08_04309	2310.33105781868	0.07144628907409	0.0909660440009805	0.785417128542161	0.43220904132703	0.632737783061471	CM076441.1	1166668	1168279	-	NA	B9J08_04309
B9J08_03900	198.232197345757	0.150851437243557	0.192121478497002	0.785187780271592	0.432343478954406	0.632737783061471	CM076441.1	265176	265713	+	NA	B9J08_03900
B9J08_03038	692.419051163702	0.0916123992122088	0.116718029769301	0.784903578249954	0.432510103927309	0.632737783061471	CM076440.1	53819	54971	-	NA	B9J08_03038
B9J08_00261	443.096569883608	0.107724732857979	0.137218650471133	0.785058973310933	0.432418992657921	0.632737783061471	CM076438.1	566400	567618	-	NA	B9J08_00261
B9J08_00810	1496.33048850686	0.0698860466402361	0.0891190629266485	0.784187404413772	0.432930154766905	0.63318469579166	CM076438.1	1711874	1713155	+	NA	B9J08_00810
B9J08_05229	10.1901164748725	0.653422780903324	0.833460541982563	0.783987661070335	0.433047350477428	0.633188546584323	CM076443.1	909611	909687	+	NA	B9J08_05229
B9J08_04390	3264.28719653947	0.0603771026805251	0.0770798227129535	0.783306195518512	0.433447325894561	0.633605757794033	CM076441.1	1337539	1339741	+	NA	B9J08_04390
B9J08_04085	392.440500009775	-0.111826421674652	0.142825780051457	-0.782956841785591	0.433652456346548	0.633738002704223	CM076441.1	645940	646327	-	NA	B9J08_04085
B9J08_00442	32.1598416099456	-0.356805754912395	0.455976700470559	-0.782508743416448	0.433915648954588	0.633955007076925	CM076438.1	939837	941096	-	NA	B9J08_00442
B9J08_03078	2632.54561193378	0.0636837748310758	0.0814569712166843	0.781808774373284	0.434326963643257	0.634388247372168	CM076440.1	133643	135428	+	NA	B9J08_03078
B9J08_01261	1614.10187686182	-0.0759765231729995	0.0972654610847068	-0.781125410044917	0.43472873829864	0.634639655725458	CM076438.1	2606326	2606635	-	NA	B9J08_01261
B9J08_01241	1149.72125222526	0.0846092593388086	0.108293692771631	0.781294433436971	0.434629343349803	0.634639655725458	CM076438.1	2561902	2564692	+	NA	B9J08_01241
B9J08_04304	319.503353892887	-0.120842668250487	0.154829242468336	-0.780489953473745	0.435102538739002	0.63484998194574	CM076441.1	1154241	1155855	-	NA	B9J08_04304
B9J08_00159	1173.18259151127	0.0751606474895306	0.0962871139423567	0.78058884945421	0.435044352064739	0.63484998194574	CM076438.1	342491	344132	+	NA	B9J08_00159
B9J08_03132	1906.35774855604	-0.0672205186038135	0.0862271810188784	-0.779574582046192	0.435641322001136	0.635336547013471	CM076440.1	248453	249863	-	NA	B9J08_03132
B9J08_00762	907.581343700724	-0.0840969150242934	0.107881173732624	-0.779532814805313	0.435665915176598	0.635336547013471	CM076438.1	1627694	1628513	+	NA	B9J08_00762
B9J08_03526	6995.11814203971	-0.061264587573855	0.0786665732266473	-0.778788055218126	0.436104575170252	0.635808490362961	CM076440.1	1086075	1087482	-	NA	B9J08_03526
B9J08_04950	345.685601349553	-0.119258728913785	0.153299644391283	-0.777945241734473	0.436601295423254	0.636296801348212	CM076443.1	274408	275761	+	NA	B9J08_04950
B9J08_03591	6.11869236294619	0.80258726500155	1.03208886940317	0.777633873200924	0.436784885890197	0.636296801348212	CM076440.1	1241077	1241770	+	NA	B9J08_03591
B9J08_02319	110.932319265615	-0.194475263065853	0.250051112467408	-0.777742043004113	0.436721101301081	0.636296801348212	CM076439.1	729742	730201	-	NA	B9J08_02319
B9J08_00147	2309.43491877482	-0.0629457081406385	0.0810441275592234	-0.776684382155148	0.437345003386953	0.636944883720603	CM076438.1	314962	317830	+	NA	B9J08_00147
B9J08_02623	1898.63088434111	0.0653759041984396	0.0842989998350952	0.775524078889753	0.438030042833188	0.637453387088103	CM076439.1	1419814	1420434	+	NA	B9J08_02623
B9J08_01864	238.641576244183	-0.138293796577903	0.178295687747714	-0.775642968850637	0.437959822205278	0.637453387088103	CM076438.1	3934751	3935360	-	NA	B9J08_01864
B9J08_01184	2282.56995849726	-0.0646699351185782	0.0833905293468019	-0.775506950551074	0.438040159971163	0.637453387088103	CM076438.1	2458588	2462863	-	NA	B9J08_01184
B9J08_00050	463.578400403427	0.11157379990817	0.144022074993961	0.77469929462444	0.438517367919192	0.637979861144874	CM076438.1	117707	118490	+	NA	B9J08_00050
B9J08_00974	176.288261803232	0.159231336074472	0.205612744776889	0.774423473833075	0.438680406575067	0.638049107142209	CM076438.1	2016526	2017969	+	NA	B9J08_00974
B9J08_05116	910.875429865643	-0.0812433387037712	0.105169658376874	-0.772497885394256	0.439819598846404	0.639537732918725	CM076443.1	646070	646824	-	NA	B9J08_05116
B9J08_01361	2392.37879218732	-0.0697089135724546	0.0902714173511282	-0.772214678997541	0.439987288920985	0.63961329454663	CM076438.1	2834563	2834890	-	NA	B9J08_01361
B9J08_04940	743.074433271756	0.085974906937894	0.111368125714887	0.771988451686778	0.440121267312089	0.639639822359694	CM076443.1	248449	250243	+	NA	B9J08_04940
B9J08_02133	11697.5154948953	0.0546504668185494	0.0708233064919895	0.771645232699361	0.440324576256777	0.639755010003391	CM076439.1	370962	372159	-	NA	B9J08_02133
B9J08_01004	12473.0541183696	0.0489549822935942	0.0634572581890968	0.771463874907941	0.440432026969948	0.639755010003391	CM076438.1	2065447	2065972	-	NA	B9J08_01004
B9J08_04771	1253.96950124715	-0.0753420095377202	0.0977128898019063	-0.771054972281153	0.440674348419015	0.639914484153728	CM076442.1	794568	796242	+	NA	B9J08_04771
B9J08_02920	1328.14611961161	-0.0717069034043968	0.0930185862077654	-0.770887908833972	0.440773374556403	0.639914484153728	CM076439.1	2085009	2086002	+	NA	B9J08_02920
B9J08_02756	2298.78494995111	-0.0664398147118744	0.0862183344154221	-0.770599608103658	0.440944293565477	0.639994514321531	CM076439.1	1726817	1727765	+	NA	B9J08_02756
B9J08_04794	4076.01176490817	-0.0555385211438286	0.0721171001228568	-0.770115840060327	0.441231180641325	0.640242776425466	CM076442.1	846053	847214	-	NA	B9J08_04794
B9J08_01961	20.5828546140957	0.466339352152213	0.605919024491499	0.769639726271305	0.441513632922813	0.640484474846296	CM076439.1	7067	8996	+	NA	B9J08_01961
B9J08_04649	5116.22873315975	-0.0534349236796009	0.0694501229099277	-0.769399987223962	0.441655896180771	0.640522733715855	CM076442.1	522453	522912	+	NA	B9J08_04649
B9J08_04496	28.5526129759116	-0.378316506415764	0.492695877898679	-0.767849952447874	0.442576333662015	0.641016613246844	CM076442.1	159714	162435	-	NA	B9J08_04496
B9J08_03779	10.0198274331122	0.655703635019768	0.853780381935446	0.768000353361769	0.442486974961309	0.641016613246844	CM076440.1	1683835	1686238	-	NA	B9J08_03779
B9J08_03588	4038.42664702726	-0.0580988586118598	0.075661091267545	-0.767882905711953	0.442556754035962	0.641016613246844	CM076440.1	1234041	1235382	-	NA	B9J08_03588
B9J08_03438	2545.703578489	0.0598754098187628	0.0779354958425336	0.768268799363762	0.44232750699462	0.641016613246844	CM076440.1	903098	905318	+	NA	B9J08_03438
B9J08_01949	3980.1717493441	0.0569676829347874	0.0741585245533555	0.768187922803134	0.442375547537093	0.641016613246844	CM076438.1	4117424	4119227	+	NA	B9J08_01949
B9J08_03358	1208.97682262286	0.0795414254022659	0.103851896267478	0.765912113895358	0.443728597459753	0.64234886279729	CM076440.1	736965	737979	-	NA	B9J08_03358
B9J08_02522	3.95856922926321	-1.00992473496144	1.31832869057349	-0.766064443702664	0.443637958188153	0.64234886279729	CM076439.1	1212326	1212403	-	NA	B9J08_02522
B9J08_04958	113.150836870447	0.193591993534722	0.253009769489409	0.765156199009247	0.444178538319113	0.642365276851994	CM076443.1	286832	288440	-	NA	B9J08_04958
B9J08_04465	2398.96443300135	-0.0607715969391342	0.0794132583947718	-0.765257567408104	0.444118186007253	0.642365276851994	CM076442.1	96267	96705	-	NA	B9J08_04465
B9J08_02683	1808.42666727671	-0.0678012161302137	0.0885881435808177	-0.765353165667815	0.444061273387137	0.642365276851994	CM076439.1	1555218	1558893	+	NA	B9J08_02683
B9J08_01999	589.660743053628	-0.0963987845134577	0.125993029757642	-0.765112043887576	0.444204828682526	0.642365276851994	CM076439.1	93560	95504	-	NA	B9J08_01999
B9J08_05578	3759.59563772782	-0.0567848794856631	0.0742921116539498	-0.764346014960043	0.444661070662414	0.642415942937425	CM076444.1	740348	741199	+	NA	B9J08_05578
B9J08_03692	4037.07427007226	0.0563038340813368	0.0737050122544873	0.763907804355719	0.444922186283944	0.642415942937425	CM076440.1	1463477	1465154	+	NA	B9J08_03692
B9J08_03092	3394.58619315811	-0.0567109390065488	0.0741984371490904	-0.764314467872104	0.444679865637909	0.642415942937425	CM076440.1	159505	160903	+	NA	B9J08_03092
B9J08_02335	944.315328582908	-0.0831442639585535	0.108844308471002	-0.763882513716413	0.444937258832	0.642415942937425	CM076439.1	767365	767950	+	NA	B9J08_02335
B9J08_01716	1952.21431937925	0.0635073352259893	0.0830596240318513	0.764599358186786	0.444510151461733	0.642415942937425	CM076438.1	3602928	3607647	-	NA	B9J08_01716
B9J08_00231	3134.05173461969	-0.0600711782337636	0.0786377824724546	-0.763897154078644	0.444928533530189	0.642415942937425	CM076438.1	500788	501448	+	NA	B9J08_00231
B9J08_05415	146.865199428719	-0.167323121853271	0.219259052983367	-0.763129820988348	0.4453859769471	0.642895872182456	CM076444.1	376124	376970	+	NA	B9J08_05415
B9J08_02322	840.887239771307	0.083069915283311	0.108888443115674	0.76289010023832	0.445528940718415	0.642934322545869	CM076439.1	736767	740115	+	NA	B9J08_02322
B9J08_04512	88.2963493490662	-0.2138507290197	0.280389182417094	-0.762692508948459	0.445646799137307	0.642936533237248	CM076442.1	210841	212272	+	NA	B9J08_04512
B9J08_04767	625.258185886271	0.0921988972870473	0.121122037279512	0.761206625630651	0.446533661446672	0.64404789843835	CM076442.1	788872	789403	+	NA	B9J08_04767
B9J08_01115	94.9979391240007	-0.216261677866078	0.284181396527738	-0.760998715990788	0.44665783417546	0.644058922381364	CM076438.1	2308064	2308427	-	NA	B9J08_01115
B9J08_05303	749.456799387681	-0.0853447510059044	0.112234067123649	-0.76041752021585	0.447005053931802	0.644391479676857	CM076444.1	134737	136385	+	NA	B9J08_05303
B9J08_04955	1881.87123349635	0.0650181280053205	0.0856118361877063	0.759452558204294	0.447581883434367	0.644541402650042	CM076443.1	282096	285933	-	NA	B9J08_04955
B9J08_03955	1.13434071371476	1.96160854627856	2.58339574980429	0.759313994546584	0.447664747956379	0.644541402650042	CM076441.1	388807	389089	+	NA	B9J08_03955
B9J08_02897	478.50299166311	0.0993562200194276	0.130857871231852	0.759268197504066	0.447692137646736	0.644541402650042	CM076439.1	2042417	2045504	+	NA	B9J08_02897
B9J08_00446	3.67126286328679	-1.05507622467675	1.38871206160514	-0.759751610032999	0.447403072702745	0.644541402650042	CM076438.1	947383	947455	-	NA	B9J08_00446
B9J08_00201	480.124615937857	-0.10756981618937	0.141596952629993	-0.759690192418626	0.447439792549648	0.644541402650042	CM076438.1	433025	434849	-	NA	B9J08_00201
B9J08_01171	2306.25404130542	0.0615550501114974	0.0811674726173517	0.758370910496213	0.448228967313671	0.645146224568401	CM076438.1	2429178	2433621	-	NA	B9J08_01171
B9J08_04387	16789.1960183375	0.050017146041541	0.0659763036981844	0.758107733199935	0.448386490576351	0.645204929293281	CM076441.1	1328752	1329385	-	NA	B9J08_04387
B9J08_03515	8471.42008389755	0.0572795193796153	0.0755941729292544	0.757724003849092	0.448616225905032	0.645206199132079	CM076440.1	1061890	1063696	+	NA	B9J08_03515
B9J08_01078	2706.60888503337	-0.0594216364771978	0.0784220130860866	-0.757716285757274	0.448620847342967	0.645206199132079	CM076438.1	2223005	2224613	+	NA	B9J08_01078
B9J08_03920	142.236190695925	0.181212210789064	0.239388151891566	0.756980699993652	0.449061425301474	0.645671825609065	CM076441.1	313509	313899	-	NA	B9J08_03920
B9J08_00621	525.574068446702	-0.104454680966302	0.138171866396895	-0.75597647835384	0.449663298466699	0.64629741504415	CM076438.1	1332130	1333684	+	NA	B9J08_00621
B9J08_00122	949.337140723899	-0.0892748114962929	0.11810953066603	-0.755864585972568	0.449730388684603	0.64629741504415	CM076438.1	260175	260874	-	NA	B9J08_00122
B9J08_04834	2293.92145309323	0.0610002412526037	0.0807256943319387	0.755648393704423	0.449860032765	0.646315674835497	CM076442.1	935715	937155	-	NA	B9J08_04834
B9J08_03713	2105.94245068748	0.0677490713602555	0.0897058983276871	0.755235415098064	0.450107742639356	0.646503506644418	CM076440.1	1518844	1524514	+	NA	B9J08_03713
B9J08_04689	2050.59935053449	-0.0620680710707678	0.0822876215651311	-0.754281991509993	0.450679913448631	0.647157152930783	CM076442.1	603212	608684	-	NA	B9J08_04689
B9J08_01635	5.24824108858103	-0.898569820915116	1.19203196184731	-0.753813529901152	0.450961198559445	0.647392868685209	CM076438.1	3412765	3413411	-	NA	B9J08_01635
B9J08_04194	27.0162438699585	0.388417196674012	0.516086806584019	0.752619892077744	0.451678360613785	0.64791754453994	CM076441.1	894894	897084	-	NA	B9J08_04194
B9J08_01553	1963.96809509066	0.0683271783143825	0.0907581189344601	0.752849211911544	0.451540530526249	0.64791754453994	CM076438.1	3233226	3233475	+	NA	B9J08_01553
B9J08_00110	11.4602781694314	0.614984977041296	0.817004714307731	0.75273124655393	0.451611429296199	0.64791754453994	CM076438.1	236398	237289	-	NA	B9J08_00110
B9J08_00071	554.05226494967	0.0929865506300386	0.123611803175615	0.752246535049185	0.45190281352091	0.64807131560199	CM076438.1	165002	165746	-	NA	B9J08_00071
B9J08_01067	3593.41177702698	-0.0577798496910122	0.0769086623265938	-0.751278827938122	0.452484868282871	0.648737708689865	CM076438.1	2197757	2198954	-	NA	B9J08_01067
B9J08_01330	3636.47280583994	-0.0560183686060784	0.0746369574413274	-0.750544643384141	0.452926746736793	0.649202834339797	CM076438.1	2774383	2778364	+	NA	B9J08_01330
B9J08_00467	16.9361693129036	-0.500965992704683	0.668268440010005	-0.749647840166121	0.453466829777501	0.649808443915025	CM076438.1	983431	984055	-	NA	B9J08_00467
B9J08_01481	662.934876151801	0.0956580123188491	0.127657258144814	0.749334692825181	0.453655502499401	0.649910306457799	CM076438.1	3098197	3100543	+	NA	B9J08_01481
B9J08_04546	5444.63755290923	-0.052285961075841	0.0698606603584203	-0.748432104815325	0.454199563657347	0.650521116437978	CM076442.1	297786	299124	-	NA	B9J08_04546
B9J08_02178	0.633589170281749	-2.62771289970268	3.51389191991208	-0.74780697858471	0.454576592169701	0.650892441689621	CM076439.1	470450	470522	-	NA	B9J08_02178
B9J08_04579	892.809371304835	0.0810885038978432	0.108550079752104	0.747014687442196	0.455054695120532	0.650902510334156	CM076442.1	367079	367796	+	NA	B9J08_04579
B9J08_04413	777.369517861336	-0.0882525546805287	0.118099213254192	-0.747274704451903	0.454897758332763	0.650902510334156	CM076441.1	1392195	1393026	+	NA	B9J08_04413
B9J08_03406	13710.0102420195	-0.0477200894570212	0.0638743081916489	-0.747093640745847	0.455007038561545	0.650902510334156	CM076440.1	840678	842814	-	NA	B9J08_03406
B9J08_01228	936.563572569379	0.0781293925087986	0.104511569259679	0.747566925482394	0.454721420761219	0.650902510334156	CM076438.1	2539382	2540576	+	NA	B9J08_01228
B9J08_00526	2165.60506499018	-0.0649068573117304	0.0870565817842534	-0.745570937675739	0.455926644298746	0.651980999492671	CM076438.1	1125128	1126832	-	NA	B9J08_00526
B9J08_02231	191.776850027728	-0.144180746659811	0.193688310559801	-0.744395705879709	0.456637116078023	0.652389620026165	CM076439.1	562994	563569	-	NA	B9J08_02231
B9J08_01767	311.446275223664	0.120348680257547	0.161575156703086	0.744846439967884	0.456364556852148	0.652389620026165	CM076438.1	3718150	3719329	+	NA	B9J08_01767
B9J08_00503	330.955780421032	0.114638383401156	0.153970487808797	0.744547770372177	0.456545152345658	0.652389620026165	CM076438.1	1064861	1065413	-	NA	B9J08_00503
B9J08_00451	2.81283264167504	1.1475589249703	1.54176038292026	0.74431729968097	0.456684537702412	0.652389620026165	CM076438.1	954904	955201	+	NA	B9J08_00451
B9J08_00483	475.724539445579	0.0980817862505272	0.131840534359383	0.743942572192302	0.45691121854058	0.652544781621134	CM076438.1	1025770	1028959	+	NA	B9J08_00483
B9J08_02841	3135.92471854763	-0.0666754753518061	0.089703944105315	-0.743283653988806	0.457309965812672	0.652945538890891	CM076439.1	1903062	1904283	-	NA	B9J08_02841
B9J08_04637	742.21878634144	0.0856489961877368	0.115332978564072	0.742623638564536	0.457709572900458	0.652947997247638	CM076442.1	500736	501375	+	NA	B9J08_04637
B9J08_04338	1875.30659785975	-0.0649487863722677	0.0874730715801085	-0.742500351239948	0.457784239069042	0.652947997247638	CM076441.1	1242622	1243558	+	NA	B9J08_04338
B9J08_04050	626.136905926738	0.0893450826064502	0.120278694740108	0.742817194678596	0.457592363825726	0.652947997247638	CM076441.1	577780	578371	+	NA	B9J08_04050
B9J08_03528	65482.8365750773	0.0453630983026486	0.0610777378754645	0.742710844909522	0.45765676248556	0.652947997247638	CM076440.1	1093270	1093873	+	NA	B9J08_03528
B9J08_03892	578.68037855498	0.101011816012173	0.136218161008167	0.741544411292684	0.45836341432408	0.653436830273198	CM076441.1	249199	250060	+	NA	B9J08_03892
B9J08_03853	623.49660765292	0.0902848378333275	0.121737046111412	0.741638151386555	0.45830660185505	0.653436830273198	CM076441.1	172093	174535	+	NA	B9J08_03853
B9J08_02164	747.377644458123	-0.0823557915923425	0.111112235410222	-0.741194624410969	0.458575442320321	0.653570518232186	CM076439.1	445435	446344	+	NA	B9J08_02164
B9J08_02369	429.09303665631	-0.102248487214384	0.138464508712402	-0.738445455555398	0.460243800956764	0.655779192546541	CM076439.1	839548	840229	-	NA	B9J08_02369
B9J08_02939	2.25765692851485	-1.37667408567374	1.86634471555608	-0.737631196530358	0.460738592662436	0.656203958372322	CM076439.1	2138246	2139401	-	NA	B9J08_02939
B9J08_01610	455.812317590175	-0.100276668434395	0.135956544086234	-0.737564117331429	0.460779367187078	0.656203958372322	CM076438.1	3356902	3359212	+	NA	B9J08_01610
B9J08_03236	5840.39276920145	0.0521664091732492	0.070750000006658	0.73733440520622	0.460919014469927	0.656233743682454	CM076440.1	472829	473171	-	NA	B9J08_03236
B9J08_01211	291.402587178856	0.119440709785251	0.162089853749638	0.736879619681427	0.461195558819188	0.656458370742636	CM076438.1	2501188	2501566	-	NA	B9J08_01211
B9J08_05041	11.7373943844667	-0.575961551450913	0.782122350571439	-0.736408505689807	0.461482129866985	0.656634605188101	CM076443.1	475157	476204	+	NA	B9J08_05041
B9J08_01860	1176.41522191902	-0.0767378282750148	0.104222927951511	-0.736285477517163	0.461556982297046	0.656634605188101	CM076438.1	3928909	3929653	+	NA	B9J08_01860
B9J08_05091	1263.89224957682	0.0684461082237045	0.0931729169036111	0.734613775100689	0.462574746268121	0.657655117833507	CM076443.1	589836	592080	-	NA	B9J08_05091
B9J08_02873	636.13731828396	0.0933966709964462	0.127153171116344	0.734520973220474	0.462631282456428	0.657655117833507	CM076439.1	1970972	1971728	-	NA	B9J08_02873
B9J08_02814	600.483435307902	-0.0904325663669427	0.12306853504168	-0.734814681399398	0.462452364577584	0.657655117833507	CM076439.1	1852544	1853159	+	NA	B9J08_02814
B9J08_04927	232.995233400449	0.135747035637292	0.185122512605002	0.733282158539717	0.463386354496846	0.658559110646456	CM076443.1	216028	217561	+	NA	B9J08_04927
B9J08_00624	1153.51536151213	0.0734079268649037	0.100183036175582	0.732738092866819	0.463718185788225	0.658861288650777	CM076438.1	1338800	1339118	+	NA	B9J08_00624
B9J08_02810	1150.1954827282	-0.0710109305065327	0.0970910361266734	-0.731385031403781	0.464544005597332	0.659865001011682	CM076439.1	1842993	1844208	-	NA	B9J08_02810
B9J08_03679	10028.713063107	-0.0560600434564148	0.0767447123474102	-0.730474344638112	0.465100289360391	0.660485431473504	CM076440.1	1437912	1439498	-	NA	B9J08_03679
B9J08_04134	2607.90980288055	-0.0572265266941398	0.0784275205543779	-0.729674051782138	0.4655894457229	0.660840489602072	CM076441.1	766768	767551	-	NA	B9J08_04134
B9J08_02587	358.604586763411	-0.114631383669333	0.157097934247998	-0.729681037615513	0.465585174593526	0.660840489602072	CM076439.1	1352274	1353060	-	NA	B9J08_02587
B9J08_03822	443.022293155774	0.109671438167708	0.150389463946413	0.729249478585725	0.465849070086511	0.660869561182789	CM076441.1	103293	104232	-	NA	B9J08_03822
B9J08_02479	935.944328539496	0.0894476386277429	0.122647542992544	0.729306404720891	0.465814255374987	0.660869561182789	CM076439.1	1138526	1139537	+	NA	B9J08_02479
B9J08_02876	80.9684126818482	0.244081588318395	0.334920091314491	0.72877559348687	0.466138943374333	0.661111095722335	CM076439.1	1976784	1978437	-	NA	B9J08_02876
B9J08_01428	979.172797217136	0.0736722415442244	0.101145370024487	0.728379771870807	0.466381142342225	0.661208412251516	CM076438.1	2964498	2965380	+	NA	B9J08_01428
B9J08_00289	801.881199049444	0.0807048653510686	0.11081685919766	0.728272448212217	0.466446824564621	0.661208412251516	CM076438.1	619180	621472	+	NA	B9J08_00289
B9J08_03630	381.580585576821	-0.105257187215037	0.1446865451353	-0.727484280702176	0.466929341404717	0.661214058402222	CM076440.1	1339741	1340617	+	NA	B9J08_03630
B9J08_03580	2336.8089917219	-0.0609453004948028	0.0837671568013471	-0.727556035348482	0.46688540169474	0.661214058402222	CM076440.1	1220712	1222995	-	NA	B9J08_03580
B9J08_03495	736.068480316701	0.0893874186294229	0.12286947983587	0.727498958641538	0.466920353028044	0.661214058402222	CM076440.1	1022973	1026513	+	NA	B9J08_03495
B9J08_03255	4995.24160564852	0.0509913225261549	0.0700856477086059	0.727557270186912	0.466884645548557	0.661214058402222	CM076440.1	521771	522794	+	NA	B9J08_03255
B9J08_02144	46887.1262794969	-0.0480003048419674	0.0660266238971473	-0.7269840862489	0.467235704441362	0.661478416610504	CM076439.1	402080	402647	-	NA	B9J08_02144
B9J08_01464	1101.54823467117	0.0761785485867467	0.104853935958782	0.726520639308116	0.467519659518929	0.661710923984922	CM076438.1	3049585	3050434	-	NA	B9J08_01464
B9J08_04331	1774.55061567989	0.0624416625595551	0.0861210720269497	0.725045114858943	0.468424353710229	0.662821659743071	CM076441.1	1230140	1230425	-	NA	B9J08_04331
B9J08_03541	501.953756116233	-0.093125274486868	0.128478874754646	-0.724829468383094	0.468556655022373	0.662839168750615	CM076440.1	1121061	1122564	-	NA	B9J08_03541
B9J08_04284	1861.54723017831	-0.0608074187435187	0.0840480642559564	-0.72348386940047	0.469382660747023	0.663837759966427	CM076441.1	1103925	1105605	-	NA	B9J08_04284
B9J08_03545	2370.21240609646	-0.064054287921031	0.0886285762496353	-0.722727258312406	0.469847465380828	0.664325132043958	CM076440.1	1132351	1133326	+	NA	B9J08_03545
B9J08_02820	1056.17309562384	-0.0722914220539567	0.100151961291298	-0.721817337592552	0.470406788574086	0.66494586200741	CM076439.1	1862930	1865045	-	NA	B9J08_02820
B9J08_01038	1651.20859103142	-0.0636266879525132	0.0882234361088653	-0.721199385999878	0.470786849513613	0.665312942281191	CM076438.1	2135575	2136841	-	NA	B9J08_01038
B9J08_02657	785.337216777047	-0.0834141985921339	0.11582377487573	-0.720182006514906	0.471412941031301	0.666027434836401	CM076439.1	1498127	1498679	+	NA	B9J08_02657
B9J08_05383	1014.47691074739	-0.075688331237619	0.105314976878908	-0.718685352080987	0.472334810566493	0.666137917326106	CM076444.1	317202	317751	-	NA	B9J08_05383
B9J08_04944	1068.35347427619	0.0805943003563332	0.112005540857652	0.719556369615329	0.471798183523441	0.666137917326106	CM076443.1	257725	259888	+	NA	B9J08_04944
B9J08_02679	1425.80082943441	-0.0708429806304206	0.0985435698071267	-0.718900084186896	0.472202484590589	0.666137917326106	CM076439.1	1548744	1549530	-	NA	B9J08_02679
B9J08_02650	7738.56030655712	-0.050561291455415	0.0703375676679824	-0.718837644401948	0.47224096022147	0.666137917326106	CM076439.1	1482204	1482828	-	NA	B9J08_02650
B9J08_02121	1457.64113549032	-0.0675173816485484	0.093883762094649	-0.719159310855915	0.472042766609474	0.666137917326106	CM076439.1	345606	347517	-	NA	B9J08_02121
B9J08_02062	1950.61646652642	-0.0676216159733798	0.0939609267785799	-0.719678043754624	0.471723247804378	0.666137917326106	CM076439.1	228861	230109	-	NA	B9J08_02062
B9J08_01670	529.208765685417	0.0911296908248156	0.126677917938106	0.719381027949491	0.471906183119746	0.666137917326106	CM076438.1	3506846	3507941	-	NA	B9J08_01670
B9J08_02073	1549.03579782962	-0.067809856962659	0.0944530256149176	-0.71792149082781	0.472805696035961	0.666631908671112	CM076439.1	249552	250920	-	NA	B9J08_02073
B9J08_00455	2767.06815618104	-0.0601020313944671	0.0837523411507165	-0.717616135485819	0.472994005889846	0.666727332454267	CM076438.1	962732	964955	-	NA	B9J08_00455
B9J08_02450	6197.66219656293	0.0540662204955604	0.0753812744933351	0.717236752216769	0.473228025578499	0.666887123246396	CM076439.1	1048570	1053346	+	NA	B9J08_02450
B9J08_01859	469.590287344079	0.0974007702597817	0.136082821539467	0.715746257741529	0.474148042230994	0.668013313640251	CM076438.1	3925402	3927067	-	NA	B9J08_01859
B9J08_05162	3388.72489236768	-0.0565470852603728	0.0790873094670053	-0.71499568820158	0.474611707610105	0.668046517082658	CM076443.1	752752	754030	-	NA	B9J08_05162
B9J08_01870	251.374234298877	-0.133302706150703	0.186456783081265	-0.714925485401111	0.474655088218491	0.668046517082658	CM076438.1	3949753	3951931	+	NA	B9J08_01870
B9J08_00580	1531.92875821755	0.0632701053933135	0.0884705778727641	0.715154200578487	0.474513765632624	0.668046517082658	CM076438.1	1251086	1252205	+	NA	B9J08_00580
B9J08_00174	1883.62616807571	-0.061635894298353	0.0862057927052878	-0.714985528977942	0.474617985192188	0.668046517082658	CM076438.1	376648	379807	+	NA	B9J08_00174
B9J08_05276	161.57415884001	-0.150350198018675	0.210451791287767	-0.714416337816245	0.474969772328806	0.668149129972336	CM076444.1	79185	79731	-	NA	B9J08_05276
B9J08_01101	4507.2615412957	-0.0503469659344074	0.0704563505948725	-0.71458378853462	0.474866264984883	0.668149129972336	CM076438.1	2278630	2280439	+	NA	B9J08_01101
B9J08_05274	1543.34722089402	-0.0696587279558578	0.0976225238147228	-0.71355180376265	0.475504369066231	0.668612998655581	CM076444.1	74703	75975	-	NA	B9J08_05274
B9J08_04745	923.551502791939	-0.073400610640055	0.102903397958495	-0.71329627686017	0.475662440874569	0.668612998655581	CM076442.1	730543	732835	+	NA	B9J08_04745
B9J08_02498	138.293937022812	-0.164364295190011	0.230385657101653	-0.713431110503068	0.475579027679511	0.668612998655581	CM076439.1	1169522	1170224	+	NA	B9J08_02498
B9J08_05117	615.574077385327	0.0855756711169514	0.120094975064542	0.71256662546423	0.476113970004862	0.669077526625189	CM076443.1	647092	648074	+	NA	B9J08_05117
B9J08_02630	4.19113474443011	-0.919968779012792	1.29209637288225	-0.711997029262329	0.476466615620854	0.669402893883187	CM076439.1	1428824	1429808	-	NA	B9J08_02630
B9J08_04283	1847.96975392844	-0.0608515659716396	0.0855051647724149	-0.711671232183521	0.476668385827754	0.669516180043202	CM076441.1	1103445	1103861	+	NA	B9J08_04283
B9J08_04282	603.002015658831	-0.0866206207320705	0.121823004988313	-0.711036644847011	0.477061528016565	0.669898136521228	CM076441.1	1102372	1103119	+	NA	B9J08_04282
B9J08_02850	6.64377793335777	-0.729546600481813	1.02687766227078	-0.71045132958539	0.47742430226782	0.67023726660763	CM076439.1	1920829	1921573	-	NA	B9J08_02850
B9J08_01973	678.100612327031	-0.0855597804735231	0.120578014603489	-0.709580272613372	0.477964456545078	0.670770584445702	CM076439.1	35867	37640	+	NA	B9J08_01973
B9J08_01426	5.01494100678138	-0.872255901877115	1.22948646938674	-0.709447337238444	0.478046920957412	0.670770584445702	CM076438.1	2962235	2963105	+	NA	B9J08_01426
B9J08_03995	449.009221082489	0.102470321200912	0.144600184103213	0.708645855718764	0.478544272452983	0.671127681767988	CM076441.1	470851	473380	+	NA	B9J08_03995
B9J08_01148	4183.47137569351	0.0533407860772692	0.0752619627786545	0.708734985216164	0.478488950050741	0.671127681767988	CM076438.1	2377089	2378745	-	NA	B9J08_01148
B9J08_05050	1.01805795613131	1.88357333589516	2.6608303365391	0.707889304338396	0.479014002237336	0.67144569879933	CM076443.1	494071	494308	-	NA	B9J08_05050
B9J08_04303	1.01805795613131	1.88357333589516	2.6608303365391	0.707889304338396	0.479014002237336	0.67144569879933	CM076441.1	1152563	1153061	-	NA	B9J08_04303
B9J08_00673	69.840599728179	0.226189752630013	0.31981006303435	0.707262774923122	0.479403194098446	0.671820855421427	CM076438.1	1426033	1427740	+	NA	B9J08_00673
B9J08_04089	9431.22568308853	0.0547702139579983	0.0775055218607432	0.706662088623902	0.479776494526814	0.672003214711024	CM076441.1	651553	652966	-	NA	B9J08_04089
B9J08_00605	17172.807879911	0.0457824330487041	0.0647763127657735	0.706777386577253	0.479704829566487	0.672003214711024	CM076438.1	1296048	1297563	+	NA	B9J08_00605
B9J08_02119	1189.49014180804	0.0675626334158436	0.0956480861475112	0.706366809176366	0.47996005597887	0.672089999846773	CM076439.1	341473	343126	-	NA	B9J08_02119
B9J08_02466	1322.89719809929	0.0652679213005102	0.0924901661329833	0.705674170880689	0.480390787120541	0.672522766062622	CM076439.1	1091423	1093784	-	NA	B9J08_02466
B9J08_01282	1708.50895565119	-0.0616085131273865	0.0873830290296246	-0.705039797905151	0.480785469552638	0.67290485951315	CM076438.1	2655288	2657538	-	NA	B9J08_01282
B9J08_02175	1426.76722789288	0.0652005787481577	0.0925303929080458	0.704639596775	0.481034550115716	0.673083027465713	CM076439.1	466696	468403	-	NA	B9J08_02175
B9J08_01382	1339.22785407698	-0.0663524974645957	0.0941927624645965	-0.70443307668713	0.481163113315053	0.67309251513346	CM076438.1	2878776	2879336	+	NA	B9J08_01382
B9J08_03925	683.402256742362	-0.0857790525473014	0.121807158527506	-0.704220126175353	0.481295699178996	0.673107623826495	CM076441.1	318308	320540	+	NA	B9J08_03925
B9J08_00896	5220.72444450987	-0.0519098638571647	0.0737534435897893	-0.703829697036021	0.481538837279686	0.673277296646806	CM076438.1	1874401	1875871	+	NA	B9J08_00896
B9J08_01498	3920.5303639993	-0.0519010008518199	0.0737884298020948	-0.703375867883646	0.481821541449949	0.673477866297009	CM076438.1	3134904	3137727	-	NA	B9J08_01498
B9J08_00198	307.232989353827	0.114346908012301	0.16260746608816	0.703208227538004	0.481925992618902	0.673477866297009	CM076438.1	422992	424039	+	NA	B9J08_00198
B9J08_03655	136.139579611311	-0.15905861444107	0.226918301405193	-0.700951018300853	0.483333583771024	0.675274195526403	CM076440.1	1380959	1382582	-	NA	B9J08_03655
B9J08_02051	1555.9806291749	0.0645342983284684	0.0922826268588483	0.699311457910462	0.484357408005874	0.676533584545986	CM076439.1	193814	206264	-	NA	B9J08_02051
B9J08_00259	35.5484578878465	0.306498440803414	0.438739894371209	0.698588035270146	0.484809523144195	0.676993995557849	CM076438.1	563402	564377	-	NA	B9J08_00259
B9J08_01832	4895.80867735682	0.049188390552874	0.0704367301646513	0.698334383749677	0.484968101047131	0.677044378501514	CM076438.1	3868309	3869098	-	NA	B9J08_01832
B9J08_05166	2416.50386014932	0.0575590788029287	0.0825272352539129	0.697455556651519	0.485517743571696	0.677640547656758	CM076443.1	761419	761881	-	NA	B9J08_05166
B9J08_03101	461.010982678223	0.0935435653633872	0.134161362577324	0.697246685382112	0.485648426955443	0.677651819182714	CM076440.1	178732	179047	+	NA	B9J08_03101
B9J08_05396	731.598001089647	0.0789416599868837	0.113277505007621	0.696887347417943	0.485873296578669	0.677794475060651	CM076444.1	337542	338598	+	NA	B9J08_05396
B9J08_04613	1752.66836637843	-0.0630230183732495	0.0904935826658686	-0.696436327490212	0.486155619438564	0.677846142441206	CM076442.1	452547	453654	-	NA	B9J08_04613
B9J08_00200	2998.56576375128	-0.0554524286133022	0.0796167503642418	-0.696491986417566	0.486120774079103	0.677846142441206	CM076438.1	427225	433003	+	NA	B9J08_00200
B9J08_00602	774.352861532946	0.0764549799126334	0.109885148354751	0.695771731278989	0.486571795286809	0.678255312118586	CM076438.1	1292085	1292940	+	NA	B9J08_00602
B9J08_02203	152.685950753823	-0.151588260449302	0.2180021494529	-0.69535213680108	0.486834648081006	0.67845060512953	CM076439.1	515348	517214	+	NA	B9J08_02203
B9J08_02391	6108.67915686987	0.0557449632281297	0.0802219996423167	0.694883741076986	0.4871281627657	0.67868851918478	CM076439.1	895875	897159	+	NA	B9J08_02391
B9J08_05412	37.6202940945491	0.2999642330656	0.432163566282677	0.694098846984696	0.487620221628772	0.679079890739359	CM076444.1	370466	372005	+	NA	B9J08_05412
B9J08_02451	597.44658241301	0.089151356702769	0.128452078938337	0.694043704388512	0.487654801220285	0.679079890739359	CM076439.1	1054762	1055088	+	NA	B9J08_02451
B9J08_00505	223.159502328835	-0.126331024784373	0.182128825587983	-0.693635531753565	0.487910804983834	0.679265244117293	CM076438.1	1068415	1069093	+	NA	B9J08_00505
B9J08_00349	1056.48692939693	0.0689960373916812	0.0995942494606832	0.692771297191398	0.488453087633967	0.679848958789458	CM076438.1	730931	731840	-	NA	B9J08_00349
B9J08_05066	1.6527715200944	1.4743842154134	2.12924700749842	0.692443953294834	0.488658571449333	0.679963727190449	CM076443.1	538366	538437	-	NA	B9J08_05066
B9J08_04862	2.31794660176483	1.23643569972355	1.78750456748066	0.691710512083449	0.489119144111959	0.680090945787874	CM076443.1	20841	21153	+	NA	B9J08_04862
B9J08_04644	1612.06100987424	0.0602734048067683	0.087088261368755	0.692095626430692	0.488877278073808	0.680090945787874	CM076442.1	511294	513220	-	NA	B9J08_04644
B9J08_02105	22.8297586373138	-0.385547821488189	0.557239579311833	-0.691888795774923	0.489007167355293	0.680090945787874	CM076439.1	314801	316280	+	NA	B9J08_02105
B9J08_03172	365.296853725655	0.102478124854386	0.148279989064423	0.691112303831253	0.489494968775099	0.680442327067398	CM076440.1	330395	331043	+	NA	B9J08_03172
B9J08_04141	1258.44859800521	0.0723014801187173	0.104827941586804	0.689715728690974	0.490372972677244	0.681491430723441	CM076441.1	777857	780095	+	NA	B9J08_04141
B9J08_05233	1.15346105142508	-1.7438821901807	2.52950736688198	-0.689415738816491	0.490561681822773	0.681582306544611	CM076443.1	925454	926417	+	NA	B9J08_05233
B9J08_02353	5169.32053302931	-0.0497200619047252	0.0722003657074951	-0.688640028585946	0.491049824609168	0.682089062733066	CM076439.1	804435	807741	-	NA	B9J08_02353
B9J08_05261	3.30915975634893	0.967719412199154	1.40623834892358	0.688161728017092	0.491350941971768	0.68233584328592	CM076444.1	38418	40062	-	NA	B9J08_05261
B9J08_05511	3243.92432154178	-0.0523975699958071	0.0762078328495605	-0.687561475462025	0.491728975291675	0.682689285716425	CM076444.1	606245	607271	+	NA	B9J08_05511
B9J08_04098	563.265686319827	-0.0899125065482858	0.130876816379283	-0.687001021538592	0.492082084688919	0.683007956322364	CM076441.1	674729	676031	-	NA	B9J08_04098
B9J08_00554	10.0426923268253	-0.557642432777886	0.813721846956977	-0.68529858804119	0.493155522604146	0.684154260399878	CM076438.1	1200185	1200542	+	NA	B9J08_00554
B9J08_00024	741.958612266726	-0.0774128128373664	0.112956824536643	-0.685330993987477	0.493135077930334	0.684154260399878	CM076438.1	53750	54806	-	NA	B9J08_00024
B9J08_00164	1826.26234789498	-0.0579318943241907	0.0847976963877266	-0.683177689866768	0.494494568441194	0.685839769077661	CM076438.1	354265	355348	-	NA	B9J08_00164
B9J08_04484	16.129326198956	0.460165176941922	0.674420378578309	0.682312088362394	0.495041630902591	0.686379975050273	CM076442.1	133082	133985	-	NA	B9J08_04484
B9J08_01075	1858.30870433276	0.0626459745132338	0.0918335834694108	0.682168463284467	0.4951324336033	0.686379975050273	CM076438.1	2216481	2217789	-	NA	B9J08_01075
B9J08_05125	718.4096271761	-0.076820716144631	0.112662741624616	-0.681864430395208	0.495324678740194	0.68647429774249	CM076443.1	661619	662270	+	NA	B9J08_05125
B9J08_04631	7119.5800311909	0.0484522219824276	0.0710792199096954	0.681665077978981	0.495450754280144	0.686476891177326	CM076442.1	488191	488846	+	NA	B9J08_04631
B9J08_05420	285.067295232915	-0.110947445959184	0.162994905279937	-0.6806804529788	0.496073707430379	0.687008439686822	CM076444.1	383234	383591	+	NA	B9J08_05420
B9J08_04160	4.0969556785524	-0.88135329613823	1.2948400124854	-0.68066578700059	0.496082989468085	0.687008439686822	CM076441.1	828007	828733	-	NA	B9J08_04160
B9J08_04317	2802.38004963111	0.0519700817648997	0.0764008359253919	0.680229229633696	0.496359327267612	0.68721893832868	CM076441.1	1198168	1202854	+	NA	B9J08_04317
B9J08_03607	966.613484512243	0.0702522550749999	0.103381399020438	0.67954444165639	0.496792958661497	0.687647052973227	CM076440.1	1274581	1276846	+	NA	B9J08_03607
B9J08_03485	332.802512926806	-0.103287907873573	0.152040621507249	-0.679344157170844	0.49691982386741	0.687650442292232	CM076440.1	1003414	1004734	-	NA	B9J08_03485
B9J08_01722	323.74037057156	0.105389430524565	0.155326553700474	0.678502342412065	0.497453239132856	0.688216283526232	CM076438.1	3616841	3617774	-	NA	B9J08_01722
B9J08_01886	1089.83956180872	0.0667169254181567	0.0984063177262095	0.677974005731822	0.497788174930005	0.688507318027563	CM076438.1	3992902	3994693	+	NA	B9J08_01886
B9J08_04595	7113.44166847627	-0.0457705998517863	0.0675453530263833	-0.677627664983973	0.498007800637804	0.688510527629201	CM076442.1	404299	408707	-	NA	B9J08_04595
B9J08_04594	706.347588069521	0.0782086587657154	0.115423937606166	0.677577462593315	0.498039639851917	0.688510527629201	CM076442.1	403774	404172	+	NA	B9J08_04594
B9J08_02227	4623.85838893934	-0.0497070759088961	0.0735513781477624	-0.675814337687	0.499158530449074	0.689884770640668	CM076439.1	556339	557032	+	NA	B9J08_02227
B9J08_03936	1469.51508517938	0.0621100627421712	0.0919559247488371	0.675432963257288	0.499400728705747	0.689891294975534	CM076441.1	340989	344553	+	NA	B9J08_03936
B9J08_02980	486.788705458887	0.08784525887182	0.13006139022611	0.675413808195517	0.499412895096275	0.689891294975534	CM076439.1	2237342	2238240	+	NA	B9J08_02980
B9J08_02038	4.30037291093304	0.828915850376797	1.22768329597001	0.67518703976652	0.49955693965324	0.689917842444642	CM076439.1	169668	170388	-	NA	B9J08_02038
B9J08_05133	693.011352956934	0.0792834495224622	0.117535431890377	0.674549352882869	0.49996212008638	0.689960209167896	CM076443.1	683601	684327	+	NA	B9J08_05133
B9J08_05062	583.122010487863	0.0888443034137997	0.131634046843723	0.674934073243804	0.499717651409579	0.689960209167896	CM076443.1	521330	522371	+	NA	B9J08_05062
B9J08_03263	628.500684943525	0.0804867104136408	0.119293956505245	0.674692270853654	0.499871296150509	0.689960209167896	CM076440.1	535312	537805	-	NA	B9J08_03263
B9J08_04462	3422.87772582748	0.0500763101442163	0.074295850820758	0.674012203790863	0.50030355499329	0.690247950151121	CM076442.1	89181	89996	-	NA	B9J08_04462
B9J08_02918	73.1799831122468	-0.220727873628619	0.327572811641295	-0.67382843076221	0.500420397368472	0.690247950151121	CM076439.1	2082111	2082666	-	NA	B9J08_02918
B9J08_01246	6619.11019975369	0.0581337424491653	0.0863951076548034	0.672882342845639	0.5010221463525	0.69090553964328	CM076438.1	2571786	2572029	+	NA	B9J08_01246
B9J08_01893	2.76718418349987	1.05112669941387	1.56280768874605	0.672588640933332	0.501209030234785	0.69095894878063	CM076438.1	4006904	4008170	+	NA	B9J08_01893
B9J08_00100	18.3218791984132	-0.406830356936776	0.605016476619097	-0.67242855799596	0.501310907293346	0.69095894878063	CM076438.1	224316	224682	+	NA	B9J08_00100
B9J08_02619	1471.86358916016	-0.0744067976451988	0.110695868019298	-0.67217321636818	0.501473429844706	0.691010632448688	CM076439.1	1408501	1410739	-	NA	B9J08_02619
B9J08_05074	994.592708316212	0.0759199925896309	0.112999318210069	0.671862395209262	0.501671302243925	0.691110988908817	CM076443.1	552395	553073	+	NA	B9J08_05074
B9J08_02497	1060.41226543219	0.0712302996316867	0.106161795086093	0.670959826686441	0.502246122159622	0.691213724396471	CM076439.1	1168528	1169272	-	NA	B9J08_02497
B9J08_01385	717.250068115575	-0.07777866418364	0.115822169165394	-0.671535205601026	0.50187963963754	0.691213724396471	CM076438.1	2882457	2885352	-	NA	B9J08_01385
B9J08_01303	581.102766078567	-0.084830147429467	0.126395966547903	-0.67114600051195	0.502127524894908	0.691213724396471	CM076438.1	2704000	2704591	-	NA	B9J08_01303
B9J08_00380	23822.77680833	-0.0420632471051263	0.0626796979203161	-0.671082479666715	0.502167987556347	0.691213724396471	CM076438.1	798318	800427	+	NA	B9J08_00380
B9J08_04067	5999.68035187192	-0.0458955826011574	0.0684992686149561	-0.670015658986709	0.502847808041754	0.691525213995217	CM076441.1	610310	611882	-	NA	B9J08_04067
B9J08_04029	1481.40654095865	-0.0610288139285604	0.091042436476714	-0.670333706899088	0.502645084410009	0.691525213995217	CM076441.1	534775	537793	-	NA	B9J08_04029
B9J08_01119	471.11724011614	0.0978628820261444	0.14604990963852	0.670064653024158	0.502816576443467	0.691525213995217	CM076438.1	2312568	2314050	+	NA	B9J08_01119
B9J08_05006	1612.09264234718	-0.0598659891343722	0.0893987789208089	-0.669651083125001	0.503080241719426	0.691574726256692	CM076443.1	392414	395498	+	NA	B9J08_05006
B9J08_02397	33.9310715290199	-0.296366770182317	0.442624732814461	-0.669566674003615	0.5031340644614	0.691574726256692	CM076439.1	917250	917541	+	NA	B9J08_02397
B9J08_02414	182.688291477927	0.136004884842002	0.203277115563867	0.669061465501123	0.503456269851543	0.691845550340497	CM076439.1	968206	968830	+	NA	B9J08_02414
B9J08_03397	3838.76066149695	-0.0510359119093079	0.0764116878499555	-0.667907140194622	0.504192869323487	0.692513416687602	CM076440.1	821714	822044	+	NA	B9J08_03397
B9J08_00153	2105.01462943813	0.0547632367815016	0.0819683014763209	0.668102617660336	0.504068091031894	0.692513416687602	CM076438.1	332613	333624	-	NA	B9J08_00153
B9J08_02539	2988.37120456983	0.0637017340106413	0.0956927315791643	0.665690413048167	0.505609002552504	0.694285952076444	CM076439.1	1243025	1245134	-	NA	B9J08_02539
B9J08_05369	1921.32908896391	-0.0590306752059836	0.0888204810895376	-0.664606569136643	0.506302166495392	0.694547548826019	CM076444.1	291479	292391	+	NA	B9J08_05369
B9J08_05215	3931.57866871305	0.048537197205384	0.0730228702886138	0.664684872198899	0.506252071636208	0.694547548826019	CM076443.1	876275	877184	-	NA	B9J08_05215
B9J08_03270	1571.73711082596	-0.0583808977251285	0.0878256733204588	-0.664736124619369	0.506219284000981	0.694547548826019	CM076440.1	553311	556827	+	NA	B9J08_03270
B9J08_00047	1370.11810051609	-0.0648399102302486	0.0974941702277342	-0.665064486202515	0.506009248236006	0.694547548826019	CM076438.1	108932	114005	+	NA	B9J08_00047
B9J08_03507	1008.87907599965	0.0676434748964748	0.101911184757317	0.663749274013009	0.506850796737033	0.694610551342816	CM076440.1	1048566	1049424	+	NA	B9J08_03507
B9J08_01630	664.825037339543	-0.0840554472072225	0.126630793206949	-0.663783627019166	0.506828806353905	0.694610551342816	CM076438.1	3395236	3395743	+	NA	B9J08_01630
B9J08_00700	812.557418622045	0.0720292052027069	0.108462162218789	0.664095235879682	0.50662935913989	0.694610551342816	CM076438.1	1486052	1486568	-	NA	B9J08_00700
B9J08_00499	4082.23062570379	0.048301215604706	0.072749047373408	0.663942929132589	0.506726838877411	0.694610551342816	CM076438.1	1059512	1059932	-	NA	B9J08_00499
B9J08_05163	323.704489947018	-0.102540939531617	0.154569993456011	-0.663394862346286	0.507077695476753	0.694749237208729	CM076443.1	755133	755547	+	NA	B9J08_05163
B9J08_03947	1408.24665907476	0.482267693152707	0.727654634933748	0.662770042269595	0.507477842965077	0.694952933118925	CM076441.1	368605	370849	+	NA	B9J08_03947
B9J08_02978	72.1747927014115	-0.207074662697752	0.312431269364496	-0.662784692194716	0.507468458957185	0.694952933118925	CM076439.1	2230929	2236309	+	NA	B9J08_02978
B9J08_03171	1513.05132093102	0.0620630824625639	0.0937079362139272	0.662303375467359	0.507776814005644	0.695054405790607	CM076440.1	329222	330263	-	NA	B9J08_03171
B9J08_01776	5646.6840084841	0.0465878181339658	0.0703465278408351	0.662261799749017	0.507803454058706	0.695054405790607	CM076438.1	3737374	3738664	-	NA	B9J08_01776
B9J08_01933	3041.97735347226	0.0524805887222613	0.0792773179543161	0.661987439490619	0.507979271500486	0.695122910023072	CM076438.1	4076917	4077574	-	NA	B9J08_01933
B9J08_01005	1030.71690159847	0.0657035107408814	0.099493039686329	0.660382987071502	0.509008087031196	0.696358340846887	CM076438.1	2066954	2069942	+	NA	B9J08_01005
B9J08_00257	565.625605085337	-0.0814495172405422	0.123535706644162	-0.659319636833045	0.509690535178163	0.697119422897725	CM076438.1	558625	561187	+	NA	B9J08_00257
B9J08_05065	582.501220409384	0.0845074501210538	0.12824153328686	0.658970989780832	0.509914397778262	0.69725306197933	CM076443.1	537693	538281	-	NA	B9J08_05065
B9J08_03694	1372.86365031796	-0.0600170964390098	0.0911367430093024	-0.658538965265456	0.510191867528179	0.697287450996104	CM076440.1	1469704	1470064	-	NA	B9J08_03694
B9J08_00922	1.10637151848622	-1.68384684160533	2.55660911893929	-0.658625062834766	0.510136564664446	0.697287450996104	CM076438.1	1921861	1921933	+	NA	B9J08_00922
B9J08_05438	3831.32604882921	0.0483673918243051	0.0734944201652587	0.658109713846939	0.510467634438034	0.697491870343391	CM076444.1	431269	433903	+	NA	B9J08_05438
B9J08_03349	3856.93366987005	0.0480706771486409	0.0731036512081709	0.657568758251954	0.510815275183582	0.697794371215931	CM076440.1	716650	717541	-	NA	B9J08_03349
B9J08_03702	2235.47498769535	0.0551077065250902	0.0838618864122635	0.657124575688434	0.511100817997609	0.698011915263846	CM076440.1	1486389	1487871	+	NA	B9J08_03702
B9J08_04294	1138.98885546082	-0.064037757434383	0.0975524639696556	-0.656444284731777	0.511538304706912	0.698436810799185	CM076441.1	1133045	1134977	-	NA	B9J08_04294
B9J08_04350	3888.63673867039	0.0512173395838169	0.0782545974353626	0.654496237439875	0.512792150431087	0.699975849699338	CM076441.1	1260023	1261175	+	NA	B9J08_04350
B9J08_01484	938.345692840005	0.0685461270201542	0.104904888135052	0.653412135875974	0.513490617094401	0.700756207575495	CM076438.1	3107626	3108724	+	NA	B9J08_01484
B9J08_04225	0.476082383282252	2.57722566625907	3.94677179250368	0.652995866432951	0.513758943362898	0.700776327731179	CM076441.1	966472	966544	-	NA	B9J08_04225
B9J08_02721	0.476082383282252	2.57722566625907	3.94677179250368	0.652995866432951	0.513758943362898	0.700776327731179	CM076439.1	1639406	1639479	-	NA	B9J08_02721
B9J08_03608	17561.1728180066	-0.0439500655902845	0.06732831669764	-0.652772380864009	0.513903031712477	0.700799915192415	CM076440.1	1276961	1278407	-	NA	B9J08_03608
B9J08_01205	312.218737442994	-0.109842069846593	0.16836537823887	-0.652402952409575	0.5141412602385	0.70095183654124	CM076438.1	2489670	2490141	+	NA	B9J08_01205
B9J08_04123	1218.72792126357	0.0660478567899026	0.101405978419786	0.651321133321027	0.514839209076654	0.70155727528764	CM076441.1	745915	746920	+	NA	B9J08_04123
B9J08_00657	961.443427626717	-0.0691098566919268	0.106105195260333	-0.651333391568276	0.514831297761749	0.70155727528764	CM076438.1	1403056	1404559	+	NA	B9J08_00657
B9J08_01944	1112.18173465905	-0.0679432295586513	0.104412909649741	-0.650716753192405	0.515229346544372	0.701742877858734	CM076438.1	4096837	4098049	+	NA	B9J08_01944
B9J08_00393	1034.73356026235	0.0694619438825386	0.106725779979759	0.650845033840111	0.51514652641127	0.701742877858734	CM076438.1	835926	836925	+	NA	B9J08_00393
B9J08_03145	28767.8444718636	-0.0499811288936566	0.0768425436641628	-0.650435637738608	0.515410863561023	0.701817157650104	CM076440.1	270913	271324	-	NA	B9J08_03145
B9J08_03873	63142.6050220324	0.0407528425756456	0.0627299354847514	0.649655419868109	0.515914826252146	0.702330355836358	CM076441.1	215296	216046	+	NA	B9J08_03873
B9J08_02394	1500.48937035461	-0.0617035002750515	0.0950336704435441	-0.649280407534161	0.516157147247537	0.702487208282968	CM076439.1	906915	908055	+	NA	B9J08_02394
B9J08_01765	318.715671982114	0.110348390235395	0.170238193411847	0.648199960442694	0.516855627504967	0.70326466105858	CM076438.1	3713048	3714200	+	NA	B9J08_01765
B9J08_01227	808.895825396553	0.0703832232505625	0.108737948853638	0.647273780612677	0.517454767638506	0.703906596292893	CM076438.1	2537987	2539259	+	NA	B9J08_01227
B9J08_04743	1945.38403367165	-0.0538941913364897	0.0833315475032017	-0.646744155740285	0.517797540256527	0.704199558316395	CM076442.1	723524	726176	+	NA	B9J08_04743
B9J08_04916	1434.39002173142	0.061394178692217	0.0950388312641518	0.645990463851322	0.518285531241934	0.704410265285995	CM076443.1	188552	189860	+	NA	B9J08_04916
B9J08_04792	407.999477122799	-0.0911981135386086	0.141149325446181	-0.646110870528969	0.518207555879682	0.704410265285995	CM076442.1	842619	842943	-	NA	B9J08_04792
B9J08_01852	733.721536329924	0.0761214157270486	0.117858205692544	0.645872854416482	0.518361700965359	0.704410265285995	CM076438.1	3909441	3911280	+	NA	B9J08_01852
B9J08_01102	805.612543369542	0.0700757599450622	0.108523852149332	0.645717587029954	0.518462268714208	0.704410265285995	CM076438.1	2281089	2281935	+	NA	B9J08_01102
B9J08_00976	6573.35091472413	0.0527586575107936	0.0818684346791652	0.64443222491733	0.519295193668599	0.705368526764892	CM076438.1	2018921	2019304	-	NA	B9J08_00976
B9J08_04634	505.108368812833	0.0840752715463104	0.130638103060509	0.643573885234452	0.519851789068182	0.705777062041914	CM076442.1	493928	495239	+	NA	B9J08_04634
B9J08_04367	252.126712560651	0.110206086561443	0.171199248046811	0.643729968552839	0.519750553040105	0.705777062041914	CM076441.1	1291580	1292216	+	NA	B9J08_04367
B9J08_02916	62.820233371153	0.229949011718517	0.357409046977371	0.643377703119742	0.519979047699416	0.705777062041914	CM076439.1	2076124	2077849	-	NA	B9J08_02916
B9J08_04182	795.562477416228	-0.0699334209717428	0.108746215026355	-0.643088322244539	0.520166791452716	0.705858545632007	CM076441.1	870322	872449	+	NA	B9J08_04182
B9J08_05332	25733.9041263726	0.0430291396030284	0.0671338457487367	0.640945548748608	0.521558061006334	0.706359079436905	CM076444.1	205502	206270	+	NA	B9J08_05332
B9J08_04972	1.97726731377634	-1.30989825460552	2.04224055473326	-0.641402528007581	0.521261190934898	0.706359079436905	CM076443.1	317207	317280	-	NA	B9J08_04972
B9J08_03625	1232.41324349155	0.0614226104414952	0.095740000971593	0.641556400858194	0.521161249205399	0.706359079436905	CM076440.1	1329185	1330208	+	NA	B9J08_03625
B9J08_02987	680.134003411238	-0.0735595855167438	0.114528708929646	-0.642280753919358	0.520690908267475	0.706359079436905	CM076439.1	2251034	2251658	-	NA	B9J08_02987
B9J08_02877	7.22836391651019	0.610130615433477	0.950775962796476	0.641718595450106	0.521055913114265	0.706359079436905	CM076439.1	1980827	1981585	+	NA	B9J08_02877
B9J08_02189	5283.46103555307	-0.0442774731085035	0.0690766534264111	-0.640990420239065	0.521528907030218	0.706359079436905	CM076439.1	490464	491868	-	NA	B9J08_02189
B9J08_00553	386.015326911659	0.0921165382271004	0.143649705673647	0.641258106274	0.521355003057239	0.706359079436905	CM076438.1	1197975	1198668	-	NA	B9J08_00553
B9J08_00342	1015.80425682245	0.0694049710778228	0.108268874232707	0.641042696432287	0.521494943116349	0.706359079436905	CM076438.1	718997	719990	+	NA	B9J08_00342
B9J08_05049	833.692280313673	-0.068631774680208	0.107143874272259	-0.640557149406516	0.521810447480538	0.706527766591116	CM076443.1	490525	493975	+	NA	B9J08_05049
B9J08_04035	16893.8054330452	-0.113278221812873	0.177059940058662	-0.639773298100873	0.522319994542131	0.707044479508782	CM076441.1	545886	546611	-	NA	B9J08_04035
B9J08_01009	1776.69637577206	-0.0548563563324645	0.0859305751048557	-0.638379951088733	0.523226378660205	0.708097990904739	CM076438.1	2074578	2077536	+	NA	B9J08_01009
B9J08_02994	2574.51305479481	0.05156444898235	0.0809937632343313	0.63664715557374	0.524354702063141	0.709451270086409	CM076439.1	2264539	2265733	+	NA	B9J08_02994
B9J08_02881	1414.25625800545	-0.0575332696895532	0.0905325058137269	-0.635498478391059	0.525103358800376	0.709942823896692	CM076439.1	1992046	1993723	-	NA	B9J08_02881
B9J08_02148	3559.99018209252	0.0492873592220507	0.0775166956461672	0.635828950282244	0.524887915865291	0.709942823896692	CM076439.1	410310	412080	+	NA	B9J08_02148
B9J08_02138	703.836558430354	-0.0747262740381382	0.117569644927063	-0.635591560087607	0.52504267192361	0.709942823896692	CM076439.1	382356	382956	+	NA	B9J08_02138
B9J08_02984	1773.60760334857	-0.0586233266084374	0.0923187872001654	-0.635009713476093	0.525422079887599	0.710200008691309	CM076439.1	2245883	2246341	+	NA	B9J08_02984
B9J08_05361	8724.65015832571	0.0477056480036505	0.0752213850347195	0.634203265223464	0.525948176918766	0.710260350529293	CM076444.1	267376	268981	+	NA	B9J08_05361
B9J08_04558	568.840757588086	-0.0800393973788305	0.126232621425387	-0.634062704830542	0.526039900872607	0.710260350529293	CM076442.1	320639	320981	+	NA	B9J08_04558
B9J08_04337	880.182915313331	-0.0685030822368426	0.107987068240506	-0.63436375626269	0.52584345703922	0.710260350529293	CM076441.1	1238945	1241492	-	NA	B9J08_04337
B9J08_02184	771.323236005734	-0.0758856985119404	0.119560050934732	-0.634707813510106	0.525618996734828	0.710260350529293	CM076439.1	480786	481575	+	NA	B9J08_02184
B9J08_01342	373.891186895478	0.0927135132298795	0.146245876429783	0.633956426623721	0.52610925910384	0.710260350529293	CM076438.1	2797416	2798337	+	NA	B9J08_01342
B9J08_01014	645.310952756016	0.0820193111750303	0.129484660371654	0.633428785615333	0.526453672140468	0.710551757245511	CM076438.1	2086259	2088413	+	NA	B9J08_01014
B9J08_04905	1572.68209518807	0.0561079604850195	0.0887364288026412	0.632299059609547	0.527191477945199	0.711373852198026	CM076443.1	160712	165419	-	NA	B9J08_04905
B9J08_05470	9.18913105489762	-0.554716310973563	0.878640542724727	-0.631334754088798	0.527821667400465	0.711690945153048	CM076444.1	506123	507665	-	NA	B9J08_05470
B9J08_03243	446.245853485928	0.0854441776768074	0.135378259389922	0.631151398029926	0.527941537023249	0.711690945153048	CM076440.1	488916	490770	+	NA	B9J08_03243
B9J08_00482	1445.0581434485	-0.0570545582794454	0.0903505160754834	-0.631480159247558	0.527726618167138	0.711690945153048	CM076438.1	1025096	1025363	-	NA	B9J08_00482
B9J08_00375	4804.47955551539	0.046691299375176	0.0739579519202938	0.631322233280557	0.527829852478408	0.711690945153048	CM076438.1	786294	788727	-	NA	B9J08_00375
B9J08_03316	2600.75870035894	0.0500839387936729	0.0794286953097705	0.630552202807139	0.528333359589743	0.712045471458792	CM076440.1	649712	653390	-	NA	B9J08_03316
B9J08_03127	1156.99782735003	-0.0608680878120274	0.0966951696253762	-0.629484265324185	0.529032066679318	0.71250145890007	CM076440.1	236937	238260	+	NA	B9J08_03127
B9J08_01597	837.442636506837	-0.0673384781406902	0.107002421167368	-0.629317331384142	0.529141327090874	0.71250145890007	CM076438.1	3333853	3336313	-	NA	B9J08_01597
B9J08_01197	409.011412472595	-0.0879413723289312	0.139771332842399	-0.629180322892754	0.529231009488029	0.71250145890007	CM076438.1	2478736	2479216	+	NA	B9J08_01197
B9J08_01031	969.903808784099	0.0645481979235343	0.102612174989579	0.629050090109578	0.529316263840002	0.71250145890007	CM076438.1	2115536	2117396	-	NA	B9J08_01031
B9J08_00577	56078.3839946748	-0.0478043368617109	0.0759126006098037	-0.629728615245691	0.52887215721397	0.71250145890007	CM076438.1	1248011	1248482	-	NA	B9J08_00577
B9J08_04094	885.764771723621	-0.0661029729430242	0.105196527498665	-0.628375997904142	0.529757656778145	0.712804920041155	CM076441.1	660257	662198	-	NA	B9J08_04094
B9J08_02161	382.682000508851	-0.0921554850923132	0.146671558642072	-0.628311895949806	0.529799640225993	0.712804920041155	CM076439.1	439223	441164	-	NA	B9J08_02161
B9J08_04883	12171.2798516938	-0.0401171248269493	0.0639059894365586	-0.627752190063105	0.530166290315761	0.712807978289894	CM076443.1	80958	82791	-	NA	B9J08_04883
B9J08_01968	1647.7283513068	0.0559550977827231	0.0891361845230492	0.627748406352911	0.530168769373366	0.712807978289894	CM076439.1	21292	22669	-	NA	B9J08_01968
B9J08_00772	1127.56165680539	0.0641338953657954	0.102169947530489	0.627717806614874	0.530188818301023	0.712807978289894	CM076438.1	1640521	1641404	+	NA	B9J08_00772
B9J08_03362	582.642294312077	-0.0761839213368067	0.121431158582498	-0.627383632225242	0.530407794199945	0.712928958789664	CM076440.1	744512	745496	+	NA	B9J08_03362
B9J08_00787	1631.09113734573	0.0563315327265195	0.0900198817528618	0.625767681867997	0.53146733254992	0.714179418187067	CM076438.1	1664047	1667878	-	NA	B9J08_00787
B9J08_05252	14.1635279050193	0.464366381380109	0.742707486159817	0.625234550658866	0.531817128638893	0.714202686136989	CM076444.1	15062	16721	+	NA	B9J08_05252
B9J08_02591	580.64705534341	-0.0808678408970081	0.129276423063032	-0.625542066998395	0.53161534791166	0.714202686136989	CM076439.1	1358766	1359450	-	NA	B9J08_02591
B9J08_01384	1307.87936326214	-0.0602972441540642	0.0964523704385267	-0.625150464212741	0.531872309777428	0.714202686136989	CM076438.1	2880522	2882310	-	NA	B9J08_01384
B9J08_05473	327.332325080991	-0.0969546127962404	0.155190400391696	-0.624746199194859	0.532137646343904	0.714211940588333	CM076444.1	514405	516922	+	NA	B9J08_05473
B9J08_00738	2478.86547888839	-0.0490330353076328	0.0784716899658079	-0.624849997865444	0.532069512403592	0.714211940588333	CM076438.1	1580185	1582528	+	NA	B9J08_00738
B9J08_03818	1772.23036040439	0.0536082708036884	0.0859133411290148	0.623980747334522	0.532640228984668	0.714712926826477	CM076441.1	92186	96779	+	NA	B9J08_03818
B9J08_03852	6561.36479027342	0.0466693007829416	0.0749519593194531	0.622656181461944	0.533510483478067	0.715706903442543	CM076441.1	170774	171839	+	NA	B9J08_03852
B9J08_02579	268.712967862284	0.105326034031441	0.169287964035075	0.622170835545158	0.533829540940874	0.715961143601119	CM076439.1	1339656	1340130	+	NA	B9J08_02579
B9J08_02839	2283.13463476601	-0.0502370369912758	0.0808687512123288	-0.621216925427395	0.534456904639713	0.716454841606523	CM076439.1	1900484	1901867	+	NA	B9J08_02839
B9J08_01514	3429.32324787009	0.0468929131189567	0.0754763105738374	0.621293128432424	0.534406774087795	0.716454841606523	CM076438.1	3160564	3163129	-	NA	B9J08_01514
B9J08_05558	7035.37612601279	0.0417438432602135	0.067348764705654	0.619816019531373	0.535378920684621	0.716474405477942	CM076444.1	711314	713069	+	NA	B9J08_05558
B9J08_05492	133.723155478988	0.14412194851723	0.232371306809097	0.620222653546602	0.535111209103893	0.716474405477942	CM076444.1	561345	562275	-	NA	B9J08_05492
B9J08_05084	97.4317279237083	0.167763919247864	0.270210764477187	0.620863197557874	0.534689637471857	0.716474405477942	CM076443.1	575718	577248	+	NA	B9J08_05084
B9J08_04850	251.625644336136	0.10643507766966	0.171585931896361	0.620301888933104	0.535059051550905	0.716474405477942	CM076442.1	974129	975752	+	NA	B9J08_04850
B9J08_03806	996.077038225303	0.0636039577389539	0.102504750609009	0.620497658509143	0.534930195094736	0.716474405477942	CM076441.1	70451	71519	-	NA	B9J08_03806
B9J08_02366	308.490458776633	0.0998928917836758	0.161146860837817	0.619887295751986	0.535331990391837	0.716474405477942	CM076439.1	831616	835942	+	NA	B9J08_02366
B9J08_00407	890.632680947561	-0.0656940704902488	0.105945422032678	-0.620074650039963	0.535208640883681	0.716474405477942	CM076438.1	866432	867332	+	NA	B9J08_00407
B9J08_03108	542.683164492667	-0.0804641117407103	0.129871251201615	-0.619568310894273	0.535542035225866	0.716519203266367	CM076440.1	190916	191753	-	NA	B9J08_03108
B9J08_05494	7848.94671125863	0.0421473175497273	0.0681394812842451	0.618544737285406	0.536216317246552	0.717247721544456	CM076444.1	564943	566245	-	NA	B9J08_05494
B9J08_01598	289.930594956219	-0.100578242297799	0.162699358337548	-0.618184627926629	0.536453641879554	0.717391550609314	CM076438.1	3336499	3339820	-	NA	B9J08_01598
B9J08_04638	943.144556152683	-0.0643511034618609	0.104264085611501	-0.617193380486164	0.53710718136968	0.717918111591348	CM076442.1	501534	505131	+	NA	B9J08_04638
B9J08_01354	1396.01846329915	0.0570098779771701	0.0923657749107013	0.617218640045915	0.537090522518029	0.717918111591348	CM076438.1	2819473	2820136	-	NA	B9J08_01354
B9J08_03476	491.295061993755	0.0867654635813981	0.141218974204444	0.614403723509471	0.53894857585786	0.720205217303286	CM076440.1	984807	985569	-	NA	B9J08_03476
B9J08_05193	686.00872950075	-0.0716909444578451	0.116814921184636	-0.613713930813096	0.539404381103692	0.720324390914503	CM076443.1	817687	818809	-	NA	B9J08_05193
B9J08_04432	909.729880888088	-0.0655009951917047	0.10673528153495	-0.613677073313913	0.539428741450177	0.720324390914503	CM076442.1	17895	19315	-	NA	B9J08_04432
B9J08_02290	3831.37537215868	0.0449033680267779	0.0731519366586255	0.613837036691539	0.539323020330082	0.720324390914503	CM076439.1	672201	674556	-	NA	B9J08_02290
B9J08_00757	2567.10867955723	0.048661900928398	0.0794806916952906	0.612248080514394	0.540373634903171	0.721411855098992	CM076438.1	1615433	1616939	-	NA	B9J08_00757
B9J08_04841	520.448550826249	-0.0786326787788793	0.128586879771943	-0.611514012303117	0.540859344729794	0.721885920869734	CM076442.1	953629	955348	-	NA	B9J08_04841
B9J08_00944	333.579531846495	-0.0939373058543536	0.153747178449668	-0.610985559550322	0.541209140297756	0.722178396529622	CM076438.1	1959090	1960122	-	NA	B9J08_00944
B9J08_02919	316.44068221408	-0.096598806763423	0.15822228487293	-0.610525924594013	0.541513475567528	0.722410084349922	CM076439.1	2082890	2084909	+	NA	B9J08_02919
B9J08_00496	1555.1168819562	-0.0547273429607333	0.0897943830227656	-0.609474012944198	0.542210292721996	0.723165127382836	CM076438.1	1053427	1055767	-	NA	B9J08_00496
B9J08_03208	5275.87928876992	-0.0449718576098246	0.0738615748220743	-0.608866758096583	0.5426127596428	0.723527315451329	CM076440.1	408688	411052	+	NA	B9J08_03208
B9J08_04159	11.6217914996396	0.460040941488245	0.757127888052094	0.607613256291244	0.54344400666593	0.723869698885152	CM076441.1	826701	826785	-	NA	B9J08_04159
B9J08_03173	173.652421353705	-0.123345254688891	0.202991732398836	-0.607636839349418	0.543428361951432	0.723869698885152	CM076440.1	331435	332437	+	NA	B9J08_03173
B9J08_02935	185.030893672147	0.13103966174474	0.215705950133956	0.60749210517078	0.543524380382374	0.723869698885152	CM076439.1	2130414	2132583	-	NA	B9J08_02935
B9J08_01523	8650.76234254996	-0.0468839104144421	0.0771372971139968	-0.607798200981234	0.543321322618865	0.723869698885152	CM076438.1	3184535	3185582	-	NA	B9J08_01523
B9J08_01138	423.45489619287	-0.0877553529768678	0.144341842270621	-0.607968913216021	0.543208091985884	0.723869698885152	CM076438.1	2351527	2352379	+	NA	B9J08_01138
B9J08_03555	1270.79028352397	0.0605638794795774	0.0998335280613941	0.606648694638266	0.544084077190367	0.724091667380485	CM076440.1	1161822	1166079	-	NA	B9J08_03555
B9J08_01030	3961.59292985425	0.0446044354149581	0.0734891987189036	0.606952262271496	0.543882593252673	0.724091667380485	CM076438.1	2113132	2115388	-	NA	B9J08_01030
B9J08_00454	1938.15513500833	0.0526010434347517	0.0867045234776492	0.60667011737065	0.544069857275335	0.724091667380485	CM076438.1	961715	962597	-	NA	B9J08_00454
B9J08_00582	1455.84911653758	-0.0565916689999002	0.0934583716660822	-0.605528086901587	0.544828168298644	0.724907387141695	CM076438.1	1253675	1254428	-	NA	B9J08_00582
B9J08_05028	1087.60752041258	-0.0594308051800607	0.0981986485501317	-0.605210011110494	0.54503946482669	0.724995319475633	CM076443.1	445414	446479	+	NA	B9J08_05028
B9J08_04041	1465.64273644324	-0.0557983901392821	0.0922236065789068	-0.605033702423477	0.545156603535504	0.724995319475633	CM076441.1	556723	559114	+	NA	B9J08_04041
B9J08_03951	275.620079240793	-0.0996023873278047	0.164808429138866	-0.604352507018197	0.545609304128056	0.725422810660516	CM076441.1	379561	380482	-	NA	B9J08_03951
B9J08_05112	859.564686567507	-0.0684150159266649	0.113351709674489	-0.603564040834776	0.546133526176342	0.725945165747149	CM076443.1	640830	642423	+	NA	B9J08_05112
B9J08_05583	459.683385401439	0.0808499009170834	0.134154867892937	0.602660955855931	0.546734260595808	0.726568948861032	CM076444.1	749080	751633	+	NA	B9J08_05583
B9J08_00846	3002.07910252391	0.0467016381378641	0.0775995396422528	0.60182880405176	0.547288099613294	0.727130126577567	CM076438.1	1782440	1783868	-	NA	B9J08_00846
B9J08_05247	0.925319965017294	1.74937800090832	2.90920035317741	0.601326065080964	0.547622832220751	0.727225226738128	CM076444.1	570	2055	+	NA	B9J08_05247
B9J08_02171	0.925319965017294	1.74937800090832	2.90920035317741	0.601326065080964	0.547622832220751	0.727225226738128	CM076439.1	460094	460166	+	NA	B9J08_02171
B9J08_05545	268.025778601443	-0.102492034988798	0.170725415479481	-0.600332614221206	0.548284587138434	0.72757957097578	CM076444.1	680699	681275	-	NA	B9J08_05545
B9J08_01054	1151.15185533188	-0.0602738259294148	0.10037671432681	-0.600476179496904	0.548188931394889	0.72757957097578	CM076438.1	2164378	2165834	-	NA	B9J08_01054
B9J08_01015	1367.88641423975	0.0558089862456396	0.092937098961988	0.60050277950322	0.548171209049528	0.72757957097578	CM076438.1	2088606	2089773	+	NA	B9J08_01015
B9J08_04206	145.032666915987	0.135410827606776	0.225756593772367	0.599808959481877	0.548633561598142	0.727847036088871	CM076441.1	921965	923741	-	NA	B9J08_04206
B9J08_03440	463.79683916986	-0.0821585241056697	0.137059378102659	-0.599437449979758	0.548881209773551	0.727847036088871	CM076440.1	907031	908120	-	NA	B9J08_03440
B9J08_02027	268.302374350714	0.109827093631644	0.183180270226865	0.599557438667521	0.548801219301853	0.727847036088871	CM076439.1	148738	149836	+	NA	B9J08_02027
B9J08_00626	3220.78022543386	-0.0470310800365752	0.0784860309761581	-0.599228671033983	0.549020405995171	0.727856988231065	CM076438.1	1343509	1344319	+	NA	B9J08_00626
B9J08_02811	16.0152737766454	-0.394837795621591	0.659893744670955	-0.598335412041935	0.549616152484386	0.728472056302447	CM076439.1	1845670	1847371	+	NA	B9J08_02811
B9J08_01611	265.851551602873	-0.112099661330649	0.187856046140136	-0.596731718962216	0.550686511950648	0.729715740002693	CM076438.1	3359334	3360315	+	NA	B9J08_01611
B9J08_05188	63811.5992743739	-0.0407331561127734	0.0683831100102024	-0.595661064650266	0.551401673739224	0.730313216093144	CM076443.1	804822	805614	-	NA	B9J08_05188
B9J08_00989	2670.68243385576	0.0461484159706953	0.077452945997219	0.595825186202114	0.551292016331116	0.730313216093144	CM076438.1	2043587	2044160	-	NA	B9J08_00989
B9J08_04148	4329.50597157886	-0.0451120082074474	0.0758016398988361	-0.595132351590985	0.551755004947283	0.730606112204991	CM076441.1	798370	799024	-	NA	B9J08_04148
B9J08_02095	23005.1240624926	0.0435229576104373	0.0731784528277037	0.594750994707564	0.552009929208143	0.7307685937086	CM076439.1	294782	295151	+	NA	B9J08_02095
B9J08_03180	1230.01583892727	-0.0614627338390656	0.10343879096804	-0.594194240515205	0.552382204506018	0.73108631329137	CM076440.1	346142	346838	-	NA	B9J08_03180
B9J08_05008	156.322532425816	-0.133932694816817	0.226171063852802	-0.592174315030787	0.553733867072279	0.731299183586257	CM076443.1	399899	403664	-	NA	B9J08_05008
B9J08_04984	17872.889277979	0.0395538013933179	0.0667135021145629	0.592890496520399	0.55325443850039	0.731299183586257	CM076443.1	338101	341050	-	NA	B9J08_04984
B9J08_04812	2017.29367342777	0.0487735673140721	0.0823319129994589	0.592401725372185	0.553581611249078	0.731299183586257	CM076442.1	880193	881840	-	NA	B9J08_04812
B9J08_04692	508.9928856661	0.0777949537801894	0.131347740476028	0.59228239098934	0.553661505474892	0.731299183586257	CM076442.1	615156	615792	+	NA	B9J08_04692
B9J08_04573	2.03281587718485	1.05973989527234	1.78552989455498	0.593515627211869	0.552836127810062	0.731299183586257	CM076442.1	355538	356519	-	NA	B9J08_04573
B9J08_04301	1617.4836785918	-0.0530878737336908	0.0895623381248693	-0.59274774246821	0.553349985152056	0.731299183586257	CM076441.1	1148908	1149940	+	NA	B9J08_04301
B9J08_04295	1213.00521538293	-0.0565943878610734	0.0954398470891354	-0.592984896635652	0.553191260042609	0.731299183586257	CM076441.1	1135122	1140141	+	NA	B9J08_04295
B9J08_04054	14.1690582753699	-0.409351664559132	0.690912139173494	-0.592480058388929	0.553529170458957	0.731299183586257	CM076441.1	583692	585183	-	NA	B9J08_04054
B9J08_02269	1717.90816266379	-0.0512544333769584	0.0864541906569824	-0.592850768568486	0.553281027986329	0.731299183586257	CM076439.1	629345	630215	+	NA	B9J08_02269
B9J08_02852	2618.30947410445	0.0474839248363201	0.0803152966634472	0.59121894345104	0.554373731630167	0.731969329842316	CM076439.1	1925607	1926114	+	NA	B9J08_02852
B9J08_02288	1263.43649813857	0.0564629539921783	0.0956496124611963	0.590310326820033	0.554982617262996	0.732594459073476	CM076439.1	669105	669600	-	NA	B9J08_02288
B9J08_01947	376.299359790679	0.0939419328941757	0.159192075392451	0.59011689283266	0.555112284168576	0.732594459073476	CM076438.1	4114207	4114957	+	NA	B9J08_01947
B9J08_00669	312.949980535138	0.0935120735675138	0.158556099800316	0.589772791367107	0.555342986381572	0.732723964127703	CM076438.1	1417849	1418107	+	NA	B9J08_00669
B9J08_04326	3964.56762551278	-0.0432458857825827	0.0733700699836414	-0.58942135113439	0.555578657190212	0.732742050644347	CM076441.1	1221225	1221942	+	NA	B9J08_04326
B9J08_02015	861.473654774803	-0.0624507173890452	0.1059641642892	-0.589356956740614	0.555621844445533	0.732742050644347	CM076439.1	121861	126403	-	NA	B9J08_02015
B9J08_04362	766.715924771028	0.0655202008455571	0.111359395356496	0.588367067150524	0.556285937842638	0.733442838372199	CM076441.1	1282756	1283671	+	NA	B9J08_04362
B9J08_00452	1265.9657778455	0.0599909182286055	0.102026738674378	0.587992118615772	0.556537582952988	0.733599623415494	CM076438.1	955732	956098	+	NA	B9J08_00452
B9J08_05071	6209.65363290971	0.0399856790538556	0.0680681831946741	0.587435673719939	0.556911140838434	0.733916994614694	CM076443.1	546231	547980	-	NA	B9J08_05071
B9J08_05143	1254.00743665487	-0.0608345295467731	0.103865217288863	-0.585706467811879	0.558072786932176	0.734786091449938	CM076443.1	714833	717266	+	NA	B9J08_05143
B9J08_03850	1747.52647176445	0.0506024831285359	0.0864065939230706	0.585632193459544	0.558122709345477	0.734786091449938	CM076441.1	162653	166568	+	NA	B9J08_03850
B9J08_03568	289.53645577184	0.098543125630169	0.16831610871956	0.585464614051629	0.558235353355942	0.734786091449938	CM076440.1	1200629	1201130	+	NA	B9J08_03568
B9J08_02342	33354.8178010767	-0.0401237341117227	0.0685020754047968	-0.585730196853468	0.558056838263671	0.734786091449938	CM076439.1	783966	785628	+	NA	B9J08_02342
B9J08_00018	698.685770969765	0.0825850935032178	0.14103133466871	0.585579748622635	0.558157960679116	0.734786091449938	CM076438.1	42644	44243	-	NA	B9J08_00018
B9J08_03552	1192.84746551915	0.0561205921057615	0.0961471740277434	0.583694660537478	0.5594257602403	0.735413558614737	CM076440.1	1155779	1157810	+	NA	B9J08_03552
B9J08_03163	1321.20048569525	-0.0538595655260343	0.0922314635864072	-0.583960867926333	0.559246640077958	0.735413558614737	CM076440.1	314032	316168	+	NA	B9J08_03163
B9J08_01744	5019.45187081967	0.0411632458768266	0.0705154969795485	0.583747511398311	0.559390196823391	0.735413558614737	CM076438.1	3666561	3667500	-	NA	B9J08_01744
B9J08_00933	1976.67041921035	-0.0488165264061807	0.0835824711742166	-0.584052202816893	0.559185190946736	0.735413558614737	CM076438.1	1939816	1940278	+	NA	B9J08_00933
B9J08_00583	1738.45547318009	-0.0521347700857702	0.0893378182609366	-0.583568874868823	0.559510406002346	0.735413558614737	CM076438.1	1254737	1255778	-	NA	B9J08_00583
B9J08_00119	1597.93168170587	0.0540934040493558	0.0925678010914866	0.584365226477555	0.558974616866908	0.735413558614737	CM076438.1	255189	258120	+	NA	B9J08_00119
B9J08_02478	2420.09680249975	0.0478793186362501	0.0821025303338546	0.583164957785805	0.55978225854051	0.735595944591868	CM076439.1	1135047	1138278	+	NA	B9J08_02478
B9J08_00391	2468.65760400042	0.0485038950859696	0.0832695161661304	0.582492817530006	0.56023477806557	0.73601559742534	CM076438.1	832838	834413	+	NA	B9J08_00391
B9J08_03627	1925.86011983	0.0495815815917971	0.0852154399404472	0.581838005254062	0.560675801911054	0.736419951797148	CM076440.1	1334633	1335530	-	NA	B9J08_03627
B9J08_05476	1211.04326161825	-0.0571190108449679	0.098295075125077	-0.581097382267484	0.561174822820994	0.736586675256111	CM076444.1	522571	524290	+	NA	B9J08_05476
B9J08_02172	2414.76205214479	0.046009454538452	0.0791824461350439	0.581056241429873	0.561202549213585	0.736586675256111	CM076439.1	460615	463090	+	NA	B9J08_02172
B9J08_00137	637.359601916259	0.0719678387490331	0.123783237567371	0.581402136213019	0.560969458060285	0.736586675256111	CM076438.1	288369	290361	+	NA	B9J08_00137
B9J08_03522	1345.47277439021	-0.0545856177267797	0.0941493317101075	-0.579777006754043	0.562065005221222	0.737543514686062	CM076440.1	1072865	1073642	-	NA	B9J08_03522
B9J08_02684	860.676126808115	0.0625086072972522	0.108065094301782	0.578434763797928	0.562970629145953	0.738460563592414	CM076439.1	1559144	1561316	+	NA	B9J08_02684
B9J08_02003	1519.1728741156	0.0555767461714105	0.0960988008049277	0.578329237263079	0.563041858728278	0.738460563592414	CM076439.1	100899	104259	+	NA	B9J08_02003
B9J08_00336	901.054655024178	0.0613382931266199	0.106094582510484	0.578147268929198	0.563164696135702	0.738460563592414	CM076438.1	711604	713140	-	NA	B9J08_00336
B9J08_05464	611.314777780121	-0.0713500859219622	0.123604414753843	-0.5772454492346	0.563773658634866	0.738837048732617	CM076444.1	488977	489982	-	NA	B9J08_05464
B9J08_03889	991.383274716957	0.0585011076469528	0.101353841750903	0.577196745938166	0.563806555036071	0.738837048732617	CM076441.1	241224	242070	-	NA	B9J08_03889
B9J08_00770	2618.97023991414	-0.0468113625536602	0.0811108540851744	-0.577128216459214	0.563852844500485	0.738837048732617	CM076438.1	1636367	1638629	-	NA	B9J08_00770
B9J08_04127	2633.07598049432	0.0462166735938532	0.0801968144583625	0.576290640794075	0.564418747877343	0.739403275543512	CM076441.1	751565	752894	-	NA	B9J08_04127
B9J08_05407	500.750802931683	0.0740600447814176	0.128629241799084	0.575763673528431	0.564774930444615	0.739618128382489	CM076444.1	358106	359960	-	NA	B9J08_05407
B9J08_04559	308.067140242337	0.0943545068177912	0.163965299140856	0.575454119330059	0.564984211693662	0.739618128382489	CM076442.1	321210	322251	-	NA	B9J08_04559
B9J08_00236	703.121572448955	-0.0671745694037614	0.116714412925721	-0.575546478964108	0.564921765931648	0.739618128382489	CM076438.1	511022	513737	-	NA	B9J08_00236
B9J08_04290	767.238740093357	-0.0636461157661501	0.110797753422345	-0.574435074721601	0.565673423601677	0.740345018291847	CM076441.1	1127741	1128386	-	NA	B9J08_04290
B9J08_04192	445.057767052115	0.0786875978319339	0.137308777789832	0.573070411801168	0.566597020041214	0.741378250418511	CM076441.1	890255	891134	+	NA	B9J08_04192
B9J08_03022	10.8624373520915	0.463391899751018	0.809362601356932	0.572539303118431	0.56695666690388	0.74167325395923	CM076440.1	17952	18354	-	NA	B9J08_03022
B9J08_00965	39961.0535966868	-0.0415709060118966	0.0726465504163364	-0.572235099583591	0.567162711388556	0.741767228074905	CM076438.1	1995227	1995829	-	NA	B9J08_00965
B9J08_00225	150.163624731861	-0.124478093890812	0.217648637123798	-0.571922229956392	0.567374663047012	0.741868881632561	CM076438.1	486611	486869	+	NA	B9J08_00225
B9J08_00139	2000.21759042813	-0.0471757884283496	0.0825444475146157	-0.571519827787283	0.567647323752338	0.742049848244837	CM076438.1	291488	293639	-	NA	B9J08_00139
B9J08_02931	1803.0392409881	-0.0518390812723936	0.0908027290471132	-0.570897833318388	0.568068899753636	0.742193554747299	CM076439.1	2122156	2122825	-	NA	B9J08_02931
B9J08_02281	6455.24038489162	-0.039437598490643	0.0690962421474607	-0.570763289940976	0.568160110391862	0.742193554747299	CM076439.1	656431	659365	+	NA	B9J08_02281
B9J08_00942	1932.29767721874	0.0499376121548716	0.0874475897807698	0.571057616111144	0.567960587725254	0.742193554747299	CM076438.1	1956147	1957071	-	NA	B9J08_00942
B9J08_05496	1637.99662593439	-0.0581965660012297	0.102133774043658	-0.569807260587011	0.56880843051505	0.742338653000396	CM076444.1	570312	570744	+	NA	B9J08_05496
B9J08_04440	4.17861447687536	0.714647685759665	1.25387700569784	0.569950387886672	0.56871134791614	0.742338653000396	CM076442.1	40967	41840	+	NA	B9J08_04440
B9J08_04267	587.691691235205	-0.0704600160213845	0.123626371373245	-0.569943251093701	0.568716188582895	0.742338653000396	CM076441.1	1065333	1065878	-	NA	B9J08_04267
B9J08_03449	394.922194238305	-0.081336024181461	0.142643829638938	-0.570203593014433	0.568539619423249	0.742338653000396	CM076440.1	929326	929983	+	NA	B9J08_03449
B9J08_00561	935.183772774839	0.0616965674918302	0.108400934365394	0.569151620814132	0.569253249191275	0.742743793267275	CM076438.1	1214483	1215488	-	NA	B9J08_00561
B9J08_05105	154.976735872958	-0.123090201809433	0.216480482651159	-0.568597225495761	0.569629508135338	0.743059308818507	CM076443.1	624464	625673	-	NA	B9J08_05105
B9J08_02838	1362.40905847528	-0.0521246583737665	0.0917873730004926	-0.567884848098734	0.570113161043752	0.743514733621712	CM076439.1	1896927	1899774	+	NA	B9J08_02838
B9J08_05145	24968.8617440713	0.040148674096819	0.0708824022817986	0.566412435306647	0.571113443289161	0.744427853605633	CM076443.1	719211	719625	+	NA	B9J08_05145
B9J08_05126	2446.4106393049	-0.0501955964856914	0.0886071763847379	-0.566495836271083	0.571056762611172	0.744427853605633	CM076443.1	662562	663588	-	NA	B9J08_05126
B9J08_00023	456.39311392986	-0.0755525745360962	0.133423943354757	-0.566259493134688	0.571217392281797	0.744427853605633	CM076438.1	51963	53340	-	NA	B9J08_00023
B9J08_00264	0.445937546657261	-2.1103186228114	3.73195106162106	-0.565473284072147	0.5717518908143	0.744948774288222	CM076438.1	571231	571313	+	NA	B9J08_00264
B9J08_05321	816.586433309476	0.0615393203953792	0.108930068186376	0.564943375323033	0.57211227953609	0.744952954527225	CM076444.1	182741	183098	-	NA	B9J08_05321
B9J08_04053	1661.53169988691	-0.0518178082978005	0.0916858889720496	-0.565166667180345	0.571960406520131	0.744952954527225	CM076441.1	583266	583536	+	NA	B9J08_04053
B9J08_00305	472.573214639488	-0.0755147599664273	0.133684249187349	-0.564874025365538	0.572159452138243	0.744952954527225	CM076438.1	655865	657065	-	NA	B9J08_00305
B9J08_01311	84.2445880013521	0.16200687003897	0.287143201955935	0.564202352468825	0.572616427013739	0.745323086758585	CM076438.1	2721510	2723013	-	NA	B9J08_01311
B9J08_00082	1547.49814385534	-0.0527909880711061	0.0935911190268419	-0.564059802041321	0.572713433953992	0.745323086758585	CM076438.1	186133	188581	-	NA	B9J08_00082
B9J08_02117	70.6037143456627	0.179002631965251	0.317584976664463	0.563636963704276	0.573001225398532	0.745522074571018	CM076439.1	334603	335164	-	NA	B9J08_02117
B9J08_03466	6761.3937908865	0.0378872357837975	0.0672951222232504	0.563001218098798	0.573434054484177	0.745909630297493	CM076440.1	962797	965065	+	NA	B9J08_03466
B9J08_03068	423.436308983347	0.0777853993829497	0.138382971133101	0.562102394145977	0.574046257251501	0.746530273842129	CM076440.1	112452	113217	+	NA	B9J08_03068
B9J08_02476	1431.0937032145	-0.053147695953514	0.0948124808127659	-0.560555904643706	0.575100318856511	0.747725114636541	CM076439.1	1132514	1134119	+	NA	B9J08_02476
B9J08_04292	1338.01434157994	-0.0568021858242641	0.101601062038074	-0.559070788088594	0.576113410157322	0.748866137803273	CM076441.1	1131293	1131827	+	NA	B9J08_04292
B9J08_05482	347.043001069614	-0.0848824229958505	0.151896988957443	-0.558815705159447	0.576287502971819	0.748916301181576	CM076444.1	535646	536228	+	NA	B9J08_05482
B9J08_02143	1691.26096402663	-0.0504764577226846	0.0903696259215988	-0.55855556784617	0.576465070938196	0.7489709560591	CM076439.1	400047	401871	+	NA	B9J08_02143
B9J08_03199	5081.17547927148	-0.0396481563371539	0.0710777673306017	-0.557813755639506	0.576971568593089	0.749452845972738	CM076440.1	387785	389453	-	NA	B9J08_03199
B9J08_01830	11467.1569758446	-0.0412805285146745	0.0740500863573768	-0.557467662028759	0.577207947570515	0.749583723266502	CM076438.1	3865267	3866593	-	NA	B9J08_01830
B9J08_05485	681.756207034502	0.064847536936472	0.116451866305396	0.55686129380193	0.577622201832889	0.749769354046589	CM076444.1	539518	542515	+	NA	B9J08_05485
B9J08_03417	460.317344361177	-0.0773427877609888	0.138855198025369	-0.557003186491138	0.577525252068755	0.749769354046589	CM076440.1	863456	863882	+	NA	B9J08_03417
B9J08_02005	1439.31921679861	0.050259760563576	0.0903401124829583	0.556339362241296	0.577978883304221	0.750056184086036	CM076439.1	107922	109035	-	NA	B9J08_02005
B9J08_03459	1315.80023196607	0.0551485477484584	0.0994032246055745	0.554796365684153	0.579033953282808	0.750394672427727	CM076440.1	944101	947215	+	NA	B9J08_03459
B9J08_02981	456.248400427161	-0.0777843181204598	0.140210894050085	-0.554766579640197	0.579054329275241	0.750394672427727	CM076439.1	2238244	2238646	-	NA	B9J08_02981
B9J08_01906	1831.17674548969	0.0468833698750304	0.0843989285185865	0.555497216587361	0.578554613441728	0.750394672427727	CM076438.1	4031936	4033172	-	NA	B9J08_01906
B9J08_01685	4.76767958266328	0.671512915549135	1.210117347223	0.554915535332285	0.578952435256581	0.750394672427727	CM076438.1	3532407	3533370	+	NA	B9J08_01685
B9J08_01674	1245.28081237881	0.0538387306514877	0.0969754470754937	0.555178988858645	0.578772238941548	0.750394672427727	CM076438.1	3512277	3513378	+	NA	B9J08_01674
B9J08_00969	547.944734984529	-0.0697932913652418	0.125728576872323	-0.555110803776269	0.578818873484272	0.750394672427727	CM076438.1	2001486	2002551	-	NA	B9J08_00969
B9J08_01795	249.922455189523	0.0960925943108678	0.173373490721558	0.554251944232897	0.579406433449667	0.750499029218727	CM076438.1	3788142	3788460	+	NA	B9J08_01795
B9J08_00199	1076.05290258645	-0.0570345556683297	0.102883866296086	-0.554358595974533	0.579333456016697	0.750499029218727	CM076438.1	425101	426928	+	NA	B9J08_00199
B9J08_04804	810.882820178518	-0.0617282620947553	0.11177836627189	-0.552238005917956	0.580785298446308	0.751983316702626	CM076442.1	863109	863973	+	NA	B9J08_04804
B9J08_04281	1049.65994713471	0.057260772715541	0.103699310506031	0.55218084321024	0.580824457934414	0.751983316702626	CM076441.1	1099362	1100496	+	NA	B9J08_04281
B9J08_03989	4364.86759882617	-0.0428992568284881	0.0777241762536842	-0.551942251384808	0.58098791934118	0.7520187892737	CM076441.1	453833	456071	+	NA	B9J08_03989
B9J08_02225	63.0204807545349	0.193339696996365	0.350611860697705	0.551435130037033	0.581335424237088	0.752292411556634	CM076439.1	553362	554337	+	NA	B9J08_02225
B9J08_04979	11304.6501740562	-0.0358311166249938	0.0650703749232235	-0.550651762299986	0.581872417971622	0.752811061359821	CM076443.1	332437	333727	+	NA	B9J08_04979
B9J08_05398	13.1347901895575	-0.394595580142892	0.717457138461468	-0.549991851762841	0.582324962364942	0.75322023566371	CM076444.1	341700	342963	+	NA	B9J08_05398
B9J08_00288	666.21805991894	-0.0638462262933182	0.116166816896055	-0.549608123896922	0.582588185540502	0.753384394357126	CM076438.1	618390	619062	-	NA	B9J08_00288
B9J08_01353	1396.04425196859	0.051577089492762	0.0939313646406728	0.549093369292208	0.582941375418263	0.753527519999244	CM076438.1	2816906	2819204	-	NA	B9J08_01353
B9J08_00268	2299.55829115937	0.0448723420117009	0.0817273279981503	0.54904941970838	0.58297153528438	0.753527519999244	CM076438.1	577409	578510	-	NA	B9J08_00268
B9J08_01981	621.710111792528	-0.0649290202002793	0.118454010880975	-0.548136949668352	0.583597871075004	0.75416072794752	CM076439.1	58216	58978	+	NA	B9J08_01981
B9J08_02720	1138.507040508	0.0535051085604068	0.0977056427364343	0.547615337885237	0.583956055535199	0.754270885473953	CM076439.1	1637597	1639325	-	NA	B9J08_02720
B9J08_01589	1078.32135620078	-0.0549684080656822	0.100372133364793	-0.547646106772529	0.583934924074258	0.754270885473953	CM076438.1	3315950	3316628	+	NA	B9J08_01589
B9J08_01269	268.248692430887	-0.100715482292998	0.184428580595895	-0.546094764529354	0.585000798436686	0.755443788074664	CM076438.1	2629034	2630402	+	NA	B9J08_01269
B9J08_04617	1190.92601537042	0.0638478335026069	0.117153203261853	0.544994346931329	0.585757405616767	0.756244144088735	CM076442.1	461771	462311	+	NA	B9J08_04617
B9J08_03729	5.50278245561106	0.596261038321649	1.09498787558528	0.544536657999928	0.586072229593672	0.756473893732888	CM076440.1	1558855	1560285	-	NA	B9J08_03729
B9J08_02075	8.56368423400317	0.497200055920789	0.913692378049377	0.544165703759345	0.586327450189664	0.756626620872817	CM076439.1	254386	255241	-	NA	B9J08_02075
B9J08_05272	1587.7306332945	-0.0552678259259049	0.101668631979976	-0.543607451478153	0.586711631003295	0.756945654658079	CM076444.1	69775	71806	+	NA	B9J08_05272
B9J08_03276	2585.50929293564	-0.042252412268342	0.0779633453555924	-0.541952273541212	0.587851384599175	0.758239113810885	CM076440.1	568683	569562	+	NA	B9J08_03276
B9J08_02929	3453.90568844953	0.0406958285006192	0.075156585640264	0.541480538983094	0.5881764078624	0.758481336037211	CM076439.1	2115892	2119417	-	NA	B9J08_02929
B9J08_04252	1775.03738223642	0.0462897110007173	0.0855533222626342	0.541062693727027	0.588464370955815	0.758499188594339	CM076441.1	1028838	1029738	-	NA	B9J08_04252
B9J08_00938	1106.06146154503	-0.0530333240700151	0.098017059138528	-0.541062183829275	0.588464722397779	0.758499188594339	CM076438.1	1951011	1952648	+	NA	B9J08_00938
B9J08_02104	3733.88650114998	0.0413842725016841	0.076629097929662	0.54005950245781	0.589155998053503	0.759213150207906	CM076439.1	310745	314540	+	NA	B9J08_02104
B9J08_04232	23760.1626373064	0.033073812018628	0.0614191463920373	0.538493514831978	0.590236381146819	0.760428083589387	CM076441.1	984580	985646	-	NA	B9J08_04232
B9J08_03999	1273.34630428982	0.0501953645140591	0.0934083301015217	0.537375675804329	0.591008141792009	0.761244931177915	CM076441.1	480831	482151	+	NA	B9J08_03999
B9J08_03935	1559.73771871343	-0.0513958652730653	0.0959413292273133	-0.535700992335569	0.592165217690816	0.762557585782185	CM076441.1	337845	340518	+	NA	B9J08_03935
B9J08_05121	506.058739563929	-0.0772568725139545	0.144462291944363	-0.534789192903768	0.592795636901997	0.763191587504621	CM076443.1	652700	653540	-	NA	B9J08_05121
B9J08_04151	192.842943338045	0.106590509221529	0.199606265981457	0.534003823464292	0.59333888876344	0.763535282466946	CM076441.1	806928	807966	+	NA	B9J08_04151
B9J08_02191	418.184751945755	0.0741782630643382	0.13888245459359	0.534108237656119	0.593266650755843	0.763535282466946	CM076439.1	493356	494499	-	NA	B9J08_02191
B9J08_02402	6528.4807294198	-0.0381479096761038	0.0715239335544208	-0.533358664440316	0.593785325469751	0.763931911981219	CM076439.1	937589	938486	+	NA	B9J08_02402
B9J08_02287	124.054778028857	-0.126943780353244	0.238531820066958	-0.532188033938655	0.594595769804444	0.764796560323287	CM076439.1	668742	669060	+	NA	B9J08_02287
B9J08_02971	1251.69905499562	-0.0497899530350005	0.0936787601516341	-0.531496712322062	0.595074618958855	0.764960994292422	CM076439.1	2208424	2209528	+	NA	B9J08_02971
B9J08_02822	1143.93538656807	0.0548359858476129	0.103123713952247	0.531749524391697	0.594899486345	0.764960994292422	CM076439.1	1868851	1869802	+	NA	B9J08_02822
B9J08_00463	588.256894893442	-0.0652726916508578	0.122830627630879	-0.531404039121335	0.59513882313324	0.764960994292422	CM076438.1	977562	978510	+	NA	B9J08_00463
B9J08_02096	2210.94771230432	0.0427733680279744	0.0806172551272743	0.530573361254312	0.595714459527596	0.765522859290636	CM076439.1	295281	296457	-	NA	B9J08_02096
B9J08_03572	1361.74299926569	-0.0500829568901739	0.094516114858056	-0.529888019258815	0.596189573310362	0.765777311570154	CM076440.1	1208362	1208914	-	NA	B9J08_03572
B9J08_03468	716.10925253505	0.0600072387366243	0.113227179298431	0.529972035940807	0.596131319406789	0.765777311570154	CM076440.1	966395	967405	-	NA	B9J08_03468
B9J08_03121	809.161892823536	0.058752410399975	0.11095625280925	0.529509684334593	0.596451928180244	0.765936293460085	CM076440.1	227458	228289	+	NA	B9J08_03121
B9J08_02432	2405.39292516852	0.0429393276946353	0.0811234932119641	0.529308169489706	0.596591689315789	0.765937808791722	CM076439.1	1004052	1009812	-	NA	B9J08_02432
B9J08_00470	5062.46434133481	0.0412408745008812	0.0779685819339106	0.528942215927932	0.596845535460374	0.766085758125752	CM076438.1	986541	987197	+	NA	B9J08_00470
B9J08_02202	4306.91921915193	-0.037723025614572	0.0713554460577826	-0.528663580689054	0.597038845617607	0.766155955358374	CM076439.1	513015	513657	-	NA	B9J08_02202
B9J08_04956	4.67494159154926	0.638050987703272	1.20818310589355	0.528107854339995	0.597424479681954	0.766294987050861	CM076443.1	286174	286245	-	NA	B9J08_04956
B9J08_00686	865.460116301801	0.0559526637207008	0.105938093119007	0.528163780122468	0.597385666092642	0.766294987050861	CM076438.1	1452533	1454075	-	NA	B9J08_00686
B9J08_05326	2483.49866083156	-0.0422943682734652	0.0801286642235578	-0.527830691841618	0.597616852805758	0.766363885256943	CM076444.1	192891	193860	-	NA	B9J08_05326
B9J08_01899	3255.11176671545	0.0403957779658865	0.0765841178543808	0.527469390490287	0.597867667335032	0.76650767742072	CM076438.1	4016968	4018795	-	NA	B9J08_01899
B9J08_03364	848.715175415872	-0.0565630473212525	0.107305360207422	-0.527122291113096	0.598108667910281	0.766638823641031	CM076440.1	746963	748295	-	NA	B9J08_03364
B9J08_03354	1775.84571488841	0.0522127089708898	0.0993984084342182	0.525287173038028	0.599383572904356	0.768094831310543	CM076440.1	727067	728330	+	NA	B9J08_03354
B9J08_01708	3030.20291360936	-0.0396912449243346	0.0756132231686018	-0.524924652872307	0.599635570774533	0.768239638310349	CM076438.1	3585440	3587186	-	NA	B9J08_01708
B9J08_04195	1426.09908805503	0.0506218397320429	0.0966245429031769	0.523902501487316	0.600346354856741	0.768437772879391	CM076441.1	898207	898570	+	NA	B9J08_04195
B9J08_03820	466.239986310693	0.070105826166134	0.133772281573223	0.524068404468083	0.600230963271487	0.768437772879391	CM076441.1	100063	100765	-	NA	B9J08_03820
B9J08_00717	487.575436565679	0.0694732914234491	0.132529425155145	0.524210312857847	0.600132268761664	0.768437772879391	CM076438.1	1534230	1535052	-	NA	B9J08_00717
B9J08_00063	4144.58408439853	0.0383157074593494	0.0730792228216812	0.524303707400427	0.600067318689534	0.768437772879391	CM076438.1	148963	151924	+	NA	B9J08_00063
B9J08_04756	653.702059179292	0.0687570165104025	0.131548742579486	0.522673308479992	0.601201615806978	0.768927813987598	CM076442.1	763227	763869	-	NA	B9J08_04756
B9J08_02512	40857.5357098177	-0.0352577169123886	0.0674271100169863	-0.522901202550523	0.601043007718588	0.768927813987598	CM076439.1	1193345	1193999	+	NA	B9J08_02512
B9J08_01985	3104.91483567317	0.0397409004374736	0.0760059084382271	0.522865935741989	0.601067551224329	0.768927813987598	CM076439.1	65108	66014	-	NA	B9J08_01985
B9J08_00180	1654.8668843725	0.050532447112127	0.0967030975967618	0.522552517633304	0.601285690619576	0.768927813987598	CM076438.1	391997	394055	+	NA	B9J08_00180
B9J08_01679	1585.54831657274	-0.0465498476144052	0.0891326859462402	-0.522253392458985	0.601493915437191	0.769016162530963	CM076438.1	3521130	3522513	+	NA	B9J08_01679
B9J08_02086	1612.92062387589	0.0476443636959549	0.091416461178784	0.521179261170222	0.602241899865455	0.769737251408391	CM076439.1	274073	275581	+	NA	B9J08_02086
B9J08_00019	88.1551538962159	-0.1478147194909	0.283689779872083	-0.521043512944139	0.602336459623899	0.769737251408391	CM076438.1	44259	44670	-	NA	B9J08_00019
B9J08_01357	765.185756139394	0.0606619284016984	0.116504061824102	0.520685094166809	0.602586159800348	0.769806299329388	CM076438.1	2825044	2826736	-	NA	B9J08_01357
B9J08_00895	1102.16381036845	0.051511352030053	0.0989525627081338	0.520566124012257	0.602669053229286	0.769806299329388	CM076438.1	1872769	1873810	+	NA	B9J08_00895
B9J08_04585	1687.93987200005	-0.0535393746450285	0.103035842715686	-0.519618932925731	0.603329199448499	0.770085139797178	CM076442.1	380916	381978	+	NA	B9J08_04585
B9J08_04427	476.531357299898	-0.0732606203044638	0.140941472238582	-0.51979462922347	0.603206723092298	0.770085139797178	CM076441.1	1430283	1431957	-	NA	B9J08_04427
B9J08_02665	333.019817432429	-0.0844656858164387	0.162425657140525	-0.520026745179562	0.603044934233899	0.770085139797178	CM076439.1	1520491	1521877	+	NA	B9J08_02665
B9J08_00801	1528.58092738353	-0.0471592951368288	0.090786402118565	-0.519453288557904	0.603444678932798	0.770085139797178	CM076438.1	1696993	1698190	-	NA	B9J08_00801
B9J08_02371	1994.92174213972	-0.0430875134567467	0.0829818238311931	-0.519240376596181	0.60359312576098	0.770096769640105	CM076439.1	842114	842438	-	NA	B9J08_02371
B9J08_04186	1051.72945770752	-0.0527050718345826	0.101661945887046	-0.518434615575252	0.604155068328905	0.770232094886614	CM076441.1	877668	878037	-	NA	B9J08_04186
B9J08_02677	762.522763313632	-0.0578235444372948	0.11160777389712	-0.518096028781977	0.604391270864062	0.770232094886614	CM076439.1	1545136	1546036	+	NA	B9J08_02677
B9J08_02380	1524.2435922418	-0.0564252731289455	0.108886063298205	-0.518204730888416	0.604315434348572	0.770232094886614	CM076439.1	865257	866619	-	NA	B9J08_02380
B9J08_02152	424.366947303367	0.0737854999258634	0.142418504747765	0.518089275382744	0.604395982544463	0.770232094886614	CM076439.1	420487	421150	+	NA	B9J08_02152
B9J08_01161	4746.06971522759	-0.037485112918041	0.0722884408009755	-0.518549196838331	0.604075144342661	0.770232094886614	CM076438.1	2404933	2405803	-	NA	B9J08_01161
B9J08_04750	48.7825580801718	0.192368456159883	0.371813960066262	0.517378250471285	0.604892139328538	0.770686688351505	CM076442.1	751598	752789	+	NA	B9J08_04750
B9J08_04897	1289.70686695343	-0.0493378646923928	0.0956576043779213	-0.515775666903283	0.60601109940268	0.771578748306523	CM076443.1	135021	138258	+	NA	B9J08_04897
B9J08_03429	1391.25022065403	0.0468671030834398	0.0908416837029865	0.515920678404368	0.605909810988312	0.771578748306523	CM076440.1	887063	887726	-	NA	B9J08_03429
B9J08_01394	1116.40856684975	0.0515766526178184	0.099962183794466	0.515961643293689	0.605881198984361	0.771578748306523	CM076438.1	2897482	2898745	-	NA	B9J08_01394
B9J08_03569	1145.28824016468	0.0495712897633407	0.0963741799164643	0.514362766109225	0.606998386235649	0.772657779991809	CM076440.1	1202201	1203716	+	NA	B9J08_03569
B9J08_04879	183.700401938892	-0.106915698988358	0.208135411850425	-0.513683366217336	0.607473383323669	0.772906397244456	CM076443.1	77648	78071	+	NA	B9J08_04879
B9J08_02975	50.6217411349358	0.198648219553888	0.386706357174759	0.513692665942173	0.607466880374639	0.772906397244456	CM076439.1	2217685	2219344	-	NA	B9J08_02975
B9J08_04012	4048.4502833345	-0.0374414609930158	0.072969579520746	-0.51311054879206	0.607873992951193	0.773238103346661	CM076441.1	509483	510242	+	NA	B9J08_04012
B9J08_00011	129.000477424638	0.126683801708019	0.247016534047991	0.5128555551808	0.608052364964277	0.773287027417754	CM076438.1	28230	29121	+	NA	B9J08_00011
B9J08_00777	1625.87516216799	-0.0499324337380028	0.0974403889799735	-0.512440829318377	0.60834252200236	0.773463419451546	CM076438.1	1648369	1650025	+	NA	B9J08_00777
B9J08_00036	1796.63905072258	-0.0444843181104029	0.0868397948572413	-0.512257291527831	0.608470951289184	0.773463419451546	CM076438.1	81670	85027	+	NA	B9J08_00036
B9J08_01927	647.083340301929	-0.0621032292137724	0.121332394085082	-0.511843763424167	0.608760358939297	0.773653369477465	CM076438.1	4070187	4070541	-	NA	B9J08_01927
B9J08_05406	726.764727922155	-0.0591558873641245	0.115967878867651	-0.510105797758329	0.609977343603756	0.774325225462841	CM076444.1	357604	358042	+	NA	B9J08_05406
B9J08_04844	11.0719026217139	-0.412878297953642	0.808546807353715	-0.510642419459854	0.609601466907945	0.774325225462841	CM076442.1	959513	960935	-	NA	B9J08_04844
B9J08_04130	2965.63035152228	0.0389918822822874	0.0764414170605589	0.510088428258689	0.60998951179034	0.774325225462841	CM076441.1	757239	758201	-	NA	B9J08_04130
B9J08_03962	1.71898139074357	-1.0215312384771	2.00242275467319	-0.51014763795162	0.609948032938471	0.774325225462841	CM076441.1	403193	403275	+	NA	B9J08_03962
B9J08_01270	0.872754755604209	1.53175306822618	2.99968459576057	0.510638041876468	0.609604532769911	0.774325225462841	CM076438.1	2631388	2632642	+	NA	B9J08_01270
B9J08_02156	37.3123347180426	-0.218524435428202	0.428733614646869	-0.509697462393268	0.610263431077411	0.774495059371952	CM076439.1	427547	429851	-	NA	B9J08_02156
B9J08_04275	442.069904258838	0.0698430661075087	0.137223701198075	0.508972324006144	0.610771623484431	0.774655824590105	CM076441.1	1085698	1085977	+	NA	B9J08_04275
B9J08_01615	364.560354673487	0.0812803889181804	0.159712545414437	0.508916746065667	0.610810581430012	0.774655824590105	CM076438.1	3363189	3364038	-	NA	B9J08_01615
B9J08_01229	16143.4551592623	-0.0405529970737983	0.0796475604052958	-0.509155545599132	0.610643200174999	0.774655824590105	CM076438.1	2540670	2541081	-	NA	B9J08_01229
B9J08_03506	11623.7874333963	-0.0325824313490932	0.0640994952234231	-0.508310264153017	0.611235772945728	0.77483947639244	CM076440.1	1043032	1048375	+	NA	B9J08_03506
B9J08_01535	52514.001287565	-0.0319061253733306	0.0627652477397715	-0.508340626736875	0.611214483268367	0.77483947639244	CM076438.1	3200646	3201084	-	NA	B9J08_01535
B9J08_03742	2003.83534202958	-0.0457146015247182	0.0900860846697398	-0.507454638441778	0.611835856774361	0.775422329830749	CM076440.1	1592696	1595453	-	NA	B9J08_03742
B9J08_05317	5457.48215169338	0.036999129459674	0.0730981430842943	0.506156899457868	0.612746509239773	0.776398431125223	CM076444.1	174005	174500	+	NA	B9J08_05317
B9J08_02160	2172.59163416883	-0.042339723579012	0.083725670492114	-0.505695843701842	0.613070186489192	0.77663051128255	CM076439.1	436813	439012	-	NA	B9J08_02160
B9J08_04725	33.3199211836161	0.233190424568061	0.461322557220972	0.50548238085909	0.613220070427442	0.776642376089018	CM076442.1	674211	675513	-	NA	B9J08_04725
B9J08_02853	1517.98601596382	0.044771120160357	0.0886113069434421	0.505252903999408	0.613381216721937	0.776668495950091	CM076439.1	1926246	1926939	-	NA	B9J08_02853
B9J08_05517	6.36812942846073	-0.522603891994574	1.03667553393484	-0.504115197945263	0.614180427643155	0.777502341636215	CM076444.1	619767	620130	+	NA	B9J08_05517
B9J08_00812	3261.60003792156	0.0376998123239714	0.0748815418531792	0.503459349139601	0.614641353919338	0.777907662723192	CM076438.1	1719783	1721523	+	NA	B9J08_00812
B9J08_04425	213.410296206354	-0.102198446373948	0.203190780827008	-0.502967929735736	0.614986820047966	0.778166702015822	CM076441.1	1425060	1426674	+	NA	B9J08_04425
B9J08_04090	26110.4226989543	0.0315835749941586	0.0628737497318038	0.502333249231714	0.615433124593387	0.7785531882874	CM076441.1	654048	655137	+	NA	B9J08_04090
B9J08_02988	447.068999250722	0.0710409204545898	0.141956514224512	0.500441426324647	0.616764289954317	0.78005863399943	CM076439.1	2252332	2255848	+	NA	B9J08_02988
B9J08_01982	8580.89155589598	0.0346944733610063	0.0693892004556022	0.499998171663689	0.617076364840204	0.780274781164906	CM076439.1	58994	61592	-	NA	B9J08_01982
B9J08_05528	664.591453519557	-0.0619040892894838	0.123861240893337	-0.499785799359079	0.617225910765102	0.780285363403184	CM076444.1	633917	635183	-	NA	B9J08_05528
B9J08_05347	336.548905788462	0.0755307522111359	0.151312916299364	0.499169231935909	0.617660168154832	0.780452227737871	CM076444.1	234736	235447	+	NA	B9J08_05347
B9J08_05237	4.07895973452342	0.682339114830579	1.36702670915381	0.499141026478516	0.617680036866365	0.780452227737871	CM076443.1	936179	936734	-	NA	B9J08_05237
B9J08_01926	1984.47504168875	-0.0427983475331122	0.0857687542217735	-0.498996958991008	0.617781526389214	0.780452227737871	CM076438.1	4068836	4069736	-	NA	B9J08_01926
B9J08_01322	2022.3407115251	-0.0450430588134663	0.0904442318247264	-0.498020248552236	0.618469770394334	0.780964683794719	CM076438.1	2755946	2758529	+	NA	B9J08_01322
B9J08_00069	474.994822526814	-0.0657982783157505	0.132077363079031	-0.498179830228583	0.618357297450833	0.780964683794719	CM076438.1	160233	162105	-	NA	B9J08_00069
B9J08_04913	859.820388953846	-0.0581004382073846	0.116780430649759	-0.497518615782778	0.618823378676432	0.781131595843565	CM076443.1	181328	181976	-	NA	B9J08_04913
B9J08_00635	1962.07116328482	-0.0423427465992938	0.0851227243294577	-0.497431760236093	0.618884613388633	0.781131595843565	CM076438.1	1359710	1361933	-	NA	B9J08_00635
B9J08_03465	644.822947063183	0.0618168348772892	0.12439454571188	0.496941682800693	0.619230176305983	0.781389311516706	CM076440.1	959561	962567	+	NA	B9J08_03465
B9J08_05562	6.11201914682441	-0.578704039405551	1.16538972720606	-0.496575545412567	0.619488401674024	0.781536725873621	CM076444.1	717617	718586	+	NA	B9J08_05562
B9J08_03283	1673.47937755195	-0.045396167165183	0.0915637102386516	-0.495787764026408	0.620044158665633	0.782059348458456	CM076440.1	579881	581045	-	NA	B9J08_03283
B9J08_03918	1617.55031786585	0.0460955152792914	0.0930290513569843	0.495495918822252	0.620250102146443	0.782140614776042	CM076441.1	306846	309636	+	NA	B9J08_03918
B9J08_01909	582.427598986617	0.0601088090677435	0.121401981142884	0.495122142998627	0.620513904283299	0.782294787630884	CM076438.1	4036441	4038580	+	NA	B9J08_01909
B9J08_03776	0.422392780187833	-2.04298944434523	4.13462449163296	-0.494117288880653	0.621223348547871	0.782296980502183	CM076440.1	1675799	1677392	-	NA	B9J08_03776
B9J08_03063	0.422392780187833	-2.04298944434523	4.13462449163296	-0.494117288880653	0.621223348547871	0.782296980502183	CM076440.1	105273	105358	+	NA	B9J08_03063
B9J08_02849	0.422392780187833	-2.04298944434523	4.13462449163296	-0.494117288880653	0.621223348547871	0.782296980502183	CM076439.1	1919756	1920224	-	NA	B9J08_02849
B9J08_02111	1286.33198570361	-0.0484600426353085	0.0979341911992514	-0.494822513382629	0.62072541103909	0.782296980502183	CM076439.1	326479	327808	-	NA	B9J08_02111
B9J08_00966	0.422392780187833	-2.04298944434523	4.13462449163296	-0.494117288880653	0.621223348547871	0.782296980502183	CM076438.1	1997483	1997555	+	NA	B9J08_00966
B9J08_00498	3012.5306876109	-0.0372987950725255	0.0755245745648725	-0.493863027861049	0.621402917071557	0.782344857096696	CM076438.1	1057795	1058929	-	NA	B9J08_00498
B9J08_01866	3040.66083111888	0.0371668500039977	0.0753025190869651	0.493567153591165	0.621611902796802	0.782429739639701	CM076438.1	3936730	3939313	-	NA	B9J08_01866
B9J08_03611	1.67189185780471	-0.976110411017193	1.98247723123675	-0.492369039924991	0.62245848176405	0.783186483422897	CM076440.1	1282922	1283843	-	NA	B9J08_03611
B9J08_00968	625.316162001397	0.0590104753812346	0.119863191782011	0.492315234593065	0.622496511973365	0.783186483422897	CM076438.1	2000855	2001074	+	NA	B9J08_00968
B9J08_00039	1967.43313071797	0.0412912254012271	0.0839150259620596	0.492059972905163	0.622676947509358	0.783235204570829	CM076438.1	92814	93243	+	NA	B9J08_00039
B9J08_04044	21786.8537327428	-0.0307450546660918	0.0625144788528777	-0.491806941851785	0.622855828656688	0.783281948802165	CM076441.1	562130	563219	-	NA	B9J08_04044
B9J08_03502	1053.54312423386	0.0546079571440855	0.111428043395328	0.490073732609173	0.624081724758863	0.784627186966725	CM076440.1	1034730	1035075	-	NA	B9J08_03502
B9J08_01950	243.247614656795	-0.0867781815884224	0.177136935808521	-0.489893207152611	0.624209470072858	0.784627186966725	CM076438.1	4119231	4119945	-	NA	B9J08_01950
B9J08_04070	45.920859697622	-0.190711067194057	0.389701924123645	-0.48937676564704	0.624574982200479	0.784908123379274	CM076441.1	616345	616633	+	NA	B9J08_04070
B9J08_03667	1036.85466408796	-0.052513946286335	0.107442724262926	-0.488762237243972	0.625010035824076	0.785097833636288	CM076440.1	1414306	1415398	-	NA	B9J08_03667
B9J08_03430	4.86806889164798	0.570145905726017	1.16604337647046	0.488957715665614	0.624871633254965	0.785097833636288	CM076440.1	888078	889287	+	NA	B9J08_03430
B9J08_00413	2222.54548215914	0.0459504295071426	0.0942745565865075	0.487410720038528	0.625967298163078	0.786121621664924	CM076438.1	875333	880373	-	NA	B9J08_00413
B9J08_03353	811.841761403811	-0.0541069493366698	0.111491099641626	-0.485302858350038	0.627461528214904	0.787398259532248	CM076440.1	723384	724457	-	NA	B9J08_03353
B9J08_02267	785.931460445346	-0.052885912095523	0.10899695684816	-0.485205400451652	0.62753065161644	0.787398259532248	CM076439.1	626198	627632	+	NA	B9J08_02267
B9J08_01083	0.918719894861731	-1.32136529568886	2.72349363381004	-0.48517289678417	0.627553706032124	0.787398259532248	CM076438.1	2230642	2230713	+	NA	B9J08_01083
B9J08_01035	1193.50877515705	0.0469634290508753	0.0967865559136965	0.485226781834784	0.627515486286219	0.787398259532248	CM076438.1	2123874	2125092	+	NA	B9J08_01035
B9J08_03539	1276.64140007625	0.0451332169775679	0.0930768119855584	0.484902909916711	0.62774521814897	0.78745978681556	CM076440.1	1116209	1117781	-	NA	B9J08_03539
B9J08_03377	219.663853669849	0.0881723086813666	0.183037189425438	0.481717999266397	0.630006287941983	0.790116803597763	CM076440.1	776973	777744	-	NA	B9J08_03377
B9J08_00376	258.208028530416	-0.0843753542462892	0.175297460248287	-0.481326735292011	0.630284298531807	0.790286142918625	CM076438.1	788957	790241	-	NA	B9J08_00376
B9J08_05170	198.370573526241	-0.0915809234200356	0.19078534820795	-0.480020736813686	0.631212647882225	0.791091225588448	CM076443.1	766246	766948	+	NA	B9J08_05170
B9J08_04727	1885.67628405928	0.0408476066382232	0.0850802174676014	0.480106984373635	0.631151322136084	0.791091225588448	CM076442.1	682070	683621	+	NA	B9J08_04727
B9J08_02785	885.50863592164	-0.0504470405445906	0.105279878279057	-0.479170771938723	0.631817145425162	0.791669318241866	CM076439.1	1788521	1789448	+	NA	B9J08_02785
B9J08_00084	5.67723393892442	-0.522725931094436	1.09181871997311	-0.478766228799696	0.632104944220453	0.791850414031379	CM076438.1	191852	192857	-	NA	B9J08_00084
B9J08_05158	346.942885892404	-0.0721075195428102	0.150891601168842	-0.477876296521798	0.632738253169557	0.791989091162767	CM076443.1	746549	747376	+	NA	B9J08_05158
B9J08_01420	2607.93677018491	-0.0388983873663358	0.0813653972181223	-0.478070392283073	0.632600104414574	0.791989091162767	CM076438.1	2948815	2949946	+	NA	B9J08_01420
B9J08_01195	23.0904396396417	0.277649205036717	0.581092828892943	0.47780525112601	0.632788823335405	0.791989091162767	CM076438.1	2477076	2477865	+	NA	B9J08_01195
B9J08_00610	2173.41091893945	0.0388667062379062	0.0813244707847363	0.477921416061659	0.63270613793874	0.791989091162767	CM076438.1	1306416	1310640	+	NA	B9J08_00610
B9J08_00994	151.915316427675	-0.103265778773933	0.216217184642323	-0.477602087663662	0.632933444712724	0.791990751398511	CM076438.1	2052167	2053151	+	NA	B9J08_00994
B9J08_04144	331.049335731157	0.0729873363057187	0.153167669766966	0.476519205500508	0.633704528170992	0.792776126573352	CM076441.1	788946	789687	+	NA	B9J08_04144
B9J08_00025	505.519821269612	0.0644121004721467	0.13549900561321	0.475369543714695	0.634523598670149	0.793621165388078	CM076438.1	54934	55948	+	NA	B9J08_00025
B9J08_04703	496.755604943549	-0.0630615843552856	0.132896938728038	-0.474514950899928	0.635132739001377	0.79420331413136	CM076442.1	632039	632843	-	NA	B9J08_04703
B9J08_04298	1096.05232837989	0.0507621365373441	0.107198228532226	0.473535218187715	0.63583138104817	0.794897091846468	CM076441.1	1144170	1146167	+	NA	B9J08_04298
B9J08_03665	2466.88062120538	0.0409207603194365	0.086467989903025	0.473247503097154	0.636036610714604	0.794973846092179	CM076440.1	1404786	1409760	-	NA	B9J08_03665
B9J08_05409	13525.8812626111	0.030537355522887	0.0646222523912271	0.472551704604971	0.636533045293242	0.795054582244278	CM076444.1	363214	365344	+	NA	B9J08_05409
B9J08_05186	11601.6113371923	0.0305233252910694	0.0646095117687224	0.472427734794396	0.636621511749258	0.795054582244278	CM076443.1	800953	801814	-	NA	B9J08_05186
B9J08_02964	954.293439810512	-0.0524541868535646	0.110997931742543	-0.472569047279463	0.636520669750188	0.795054582244278	CM076439.1	2193456	2194812	+	NA	B9J08_02964
B9J08_00606	123.458595186023	-0.117729194033746	0.249241155299072	-0.47235053894883	0.636676602318287	0.795054582244278	CM076438.1	1297783	1298497	-	NA	B9J08_00606
B9J08_01917	1697.55027496676	0.040565538684345	0.0859717190690574	0.471847476398145	0.637035660492401	0.795323265313191	CM076438.1	4050707	4051664	+	NA	B9J08_01917
B9J08_00293	4083.79791280102	0.035302189239246	0.0748710815241786	0.471506334897081	0.63727919689831	0.795447633526865	CM076438.1	623599	624616	-	NA	B9J08_00293
B9J08_04369	9.40910315654355	-0.395151548387968	0.839695562914918	-0.470589063274599	0.637934219203505	0.796085443562378	CM076441.1	1292848	1294429	-	NA	B9J08_04369
B9J08_04615	123.776981941066	-0.114261080546754	0.243005854242845	-0.470198880198865	0.638212934119243	0.79618145401209	CM076442.1	454983	456315	-	NA	B9J08_04615
B9J08_03532	1591.09254974413	0.0446766202662902	0.0951139974119964	0.469716566245962	0.638557530480797	0.79618145401209	CM076440.1	1100423	1101176	-	NA	B9J08_03532
B9J08_02732	34603.7175689753	0.0346723362628132	0.0738537038867026	0.469473221221285	0.638731421583066	0.79618145401209	CM076439.1	1669407	1671291	+	NA	B9J08_02732
B9J08_00763	2607.18153305381	-0.036686480632573	0.0781391570406733	-0.469501873605788	0.638710945939989	0.79618145401209	CM076438.1	1628714	1630607	+	NA	B9J08_00763
B9J08_00406	279.98082270159	0.0796412780400289	0.169516528864454	0.469814233299398	0.638487744498558	0.79618145401209	CM076438.1	862909	864454	+	NA	B9J08_00406
B9J08_02941	3117.60047161389	-0.0357859809789606	0.0763412005202189	-0.468763665427068	0.63923857406229	0.79663395689792	CM076439.1	2143953	2144266	-	NA	B9J08_02941
B9J08_04923	1761.79504819499	-0.040802086141052	0.0873230540093335	-0.467254456500009	0.64031783658317	0.797153381539059	CM076443.1	205206	205587	-	NA	B9J08_04923
B9J08_02383	3747.09030175668	-0.0351541917398825	0.0752490702284283	-0.467171110994028	0.640377460658726	0.797153381539059	CM076439.1	878738	880898	-	NA	B9J08_02383
B9J08_00988	1203.6557401887	0.0461618500972307	0.0988538190289994	0.466970831786366	0.640520746773107	0.797153381539059	CM076438.1	2040491	2043383	-	NA	B9J08_00988
B9J08_00901	0.895175128392303	-1.28217190605237	2.74353412499251	-0.4673431594571	0.640254382421231	0.797153381539059	CM076438.1	1883701	1883785	+	NA	B9J08_00901
B9J08_00334	1427.61807721251	0.0444043987530801	0.0949286720379061	0.467765932039467	0.63995198581573	0.797153381539059	CM076438.1	707632	709681	-	NA	B9J08_00334
B9J08_00209	4890.71759857637	0.0334142921119193	0.0714944788460696	0.467368846535151	0.640236007515837	0.797153381539059	CM076438.1	448528	449767	-	NA	B9J08_00209
B9J08_00436	4031.4948825306	0.0394197464230504	0.0844669831075043	0.466688225065165	0.640722955404657	0.797225523305164	CM076438.1	925450	926680	-	NA	B9J08_00436
B9J08_03610	467.164081438295	-0.0627089084679728	0.134610357044401	-0.46585500436113	0.641319290394863	0.79742895793305	CM076440.1	1281060	1281334	+	NA	B9J08_03610
B9J08_00871	3343.78572186989	0.035091368966114	0.0753094881096459	0.465962123059756	0.641242612703931	0.79742895793305	CM076438.1	1831475	1834001	-	NA	B9J08_00871
B9J08_00845	2742.48570683779	0.036683465286637	0.078697750556387	0.466131052378089	0.641121697521497	0.79742895793305	CM076438.1	1780427	1782278	-	NA	B9J08_00845
B9J08_01507	4450.19204458928	-0.0384103225472023	0.0825028131066888	-0.46556379232223	0.6415277650927	0.797508762408312	CM076438.1	3153481	3154897	+	NA	B9J08_01507
B9J08_00995	336.301171122524	-0.0722831847475872	0.155392758111006	-0.465164436401541	0.641813704467965	0.797684808768707	CM076438.1	2053228	2053597	+	NA	B9J08_00995
B9J08_01573	430.617438190015	0.0656314967906037	0.141303484569639	0.464471891761865	0.642309693278204	0.798121779394926	CM076438.1	3279457	3280750	-	NA	B9J08_01573
B9J08_05282	917.917512817403	-0.0510941214515668	0.110192716003642	-0.463679663271736	0.642877269647099	0.798318357877303	CM076444.1	88987	90526	+	NA	B9J08_05282
B9J08_04169	0.780016764490189	1.35939932462652	2.93696617548292	0.462858352259709	0.643465901762817	0.798318357877303	CM076441.1	844638	844710	-	NA	B9J08_04169
B9J08_03073	2670.97361038752	0.0382611211520795	0.0827000763468391	0.462649163606751	0.643615862666235	0.798318357877303	CM076440.1	122902	125035	-	NA	B9J08_03073
B9J08_02696	1377.02223482671	0.0435514420942349	0.0941370631006688	0.462638632008964	0.643623412828164	0.798318357877303	CM076439.1	1590452	1591670	+	NA	B9J08_02696
B9J08_01678	1497.02494900948	0.0425334806737871	0.091675245499132	0.463958186773439	0.64267770323179	0.798318357877303	CM076438.1	3519664	3520753	+	NA	B9J08_01678
B9J08_01667	2096.34992676669	-0.0398214924255058	0.0860360014533272	-0.462846851932189	0.643474145616353	0.798318357877303	CM076438.1	3500611	3501628	-	NA	B9J08_01667
B9J08_01468	213873.759571273	0.0296423823654149	0.0640626949055108	0.462708951116338	0.643573001360207	0.798318357877303	CM076438.1	3059680	3061057	-	NA	B9J08_01468
B9J08_01412	686.467742809142	-0.0534132222510078	0.115394009808601	-0.462876906172182	0.643452601735249	0.798318357877303	CM076438.1	2938430	2938832	+	NA	B9J08_01412
B9J08_04181	1274.49232480751	0.0453211869987779	0.0980146896762976	0.462391781767154	0.643800391695408	0.798358708750397	CM076441.1	867895	869962	+	NA	B9J08_04181
B9J08_03812	202.694253976049	0.0871445173974423	0.188795603697642	0.461581285213638	0.644381617852577	0.798900224735575	CM076441.1	82227	83040	+	NA	B9J08_03812
B9J08_00339	797.625198056188	-0.0517593116297836	0.112205808902536	-0.461289055673959	0.644591235894065	0.798980883782574	CM076438.1	716042	716609	+	NA	B9J08_00339
B9J08_01076	6617.97610851488	-0.0323016911902395	0.0701972164699215	-0.460156296996197	0.645404037585081	0.799808994558911	CM076438.1	2218541	2219396	-	NA	B9J08_01076
B9J08_00513	273.04091871827	0.0782098333232948	0.170362786997787	0.459078151405864	0.646178045741141	0.800588670435169	CM076438.1	1086688	1088356	-	NA	B9J08_00513
B9J08_03366	198.043893907878	0.0889257949152587	0.194048174950336	0.458266587346252	0.64676092600041	0.801131250113013	CM076440.1	750269	751322	+	NA	B9J08_03366
B9J08_01931	330.265836850507	-0.0728114714316842	0.159109248675841	-0.457619352976934	0.647225937074507	0.801527616896886	CM076438.1	4074983	4075466	-	NA	B9J08_01931
B9J08_03901	1550.21912579511	0.0436775727335715	0.0955302074750858	0.457212162393373	0.64751855723702	0.801530809820607	CM076441.1	265733	267119	-	NA	B9J08_03901
B9J08_00386	3060.86006578591	0.0343518320688579	0.0751137940512085	0.457330540984772	0.647433480980268	0.801530809820607	CM076438.1	811321	812428	-	NA	B9J08_00386
B9J08_04203	670.555062703773	0.0527794670612152	0.116220483605697	0.454132227157828	0.649733658964283	0.802782881973899	CM076441.1	916146	917961	-	NA	B9J08_04203
B9J08_04104	3840.6769086945	-0.0351189440550804	0.0770846447724107	-0.455589361003967	0.648685295027657	0.802782881973899	CM076441.1	697378	699864	+	NA	B9J08_04104
B9J08_03487	367.049004433199	0.0664337037021242	0.14599215635485	0.455049814735591	0.649073401306554	0.802782881973899	CM076440.1	1008903	1009344	+	NA	B9J08_03487
B9J08_03479	956.167824261618	-0.0466677405690421	0.102770641272779	-0.454096033566379	0.649759708003805	0.802782881973899	CM076440.1	991903	992428	+	NA	B9J08_03479
B9J08_02638	1192.31144429997	-0.0441099424935407	0.0968768542351944	-0.455319723599323	0.648879238616104	0.802782881973899	CM076439.1	1451896	1455271	-	NA	B9J08_02638
B9J08_02168	11398.1546625777	0.0350420327236944	0.0770826422086521	0.454603419390327	0.649394574332231	0.802782881973899	CM076439.1	452327	452651	+	NA	B9J08_02168
B9J08_02017	6764.02372660075	0.0374776417548687	0.0824882663806595	0.454339064199994	0.649584803636117	0.802782881973899	CM076439.1	128687	129566	+	NA	B9J08_02017
B9J08_01121	605.449085928101	-0.0561608417369536	0.123705492495159	-0.453988263610456	0.649837274100095	0.802782881973899	CM076438.1	2316461	2316743	+	NA	B9J08_01121
B9J08_01045	678.068493334836	-0.0551639140786595	0.121442676873317	-0.454238291669112	0.64965732530171	0.802782881973899	CM076438.1	2145983	2147000	-	NA	B9J08_01045
B9J08_03872	3671.99919732411	-0.0336735355050691	0.0742173099742869	-0.453715386838131	0.650033690759292	0.802809719653861	CM076441.1	213920	214505	-	NA	B9J08_03872
B9J08_02173	2859.6008984887	0.0376543830931888	0.0830575821007871	0.453352748066958	0.650294755724686	0.802809719653861	CM076439.1	463180	465793	-	NA	B9J08_02173
B9J08_00918	3109.06382554801	0.0344402928791008	0.0759557814474873	0.453425561856821	0.650242333368625	0.802809719653861	CM076438.1	1916057	1917866	-	NA	B9J08_00918
B9J08_05152	2773.93713626017	-0.0347824106082681	0.076834352822405	-0.452693480592779	0.650769474697579	0.803216365934238	CM076443.1	731136	735006	-	NA	B9J08_05152
B9J08_02304	54903.9828567028	0.0287064429499439	0.0634843531374483	0.452181388503594	0.651138314825736	0.803312827241482	CM076439.1	705890	706340	-	NA	B9J08_02304
B9J08_00003	130.488419665514	0.107510646453685	0.237735640597057	0.452227718922073	0.651104941301435	0.803312827241482	CM076438.1	11535	13908	+	NA	B9J08_00003
B9J08_02090	2886.73625053257	0.0350555871583244	0.0776078098280322	0.45170179697124	0.651483823519404	0.803465502029086	CM076439.1	281361	284652	-	NA	B9J08_02090
B9J08_01335	2.09902574783402	-0.85620931317	1.89592081576622	-0.451606051291742	0.651552809859664	0.803465502029086	CM076438.1	2785374	2785456	-	NA	B9J08_01335
B9J08_03846	9.27120773877098	0.388262237502776	0.860888216274992	0.45100191890506	0.651988165973612	0.803750639440229	CM076441.1	154769	155144	-	NA	B9J08_03846
B9J08_03772	0.803561530959617	1.31214565761613	2.9104010597433	0.450847024406961	0.652099806758005	0.803750639440229	CM076440.1	1666813	1668118	+	NA	B9J08_03772
B9J08_03205	1943.04666756836	0.0389586934407227	0.0864442752898756	0.450679854855416	0.652220303580501	0.803750639440229	CM076440.1	405393	405663	-	NA	B9J08_03205
B9J08_03769	15.7122202540027	0.303228149257343	0.673915265100905	0.449949963979433	0.652746519651022	0.80421979806313	CM076440.1	1656383	1658411	-	NA	B9J08_03769
B9J08_04751	1113.68653774667	0.0436281570791723	0.0971002158706979	0.449310608508524	0.65320760609009	0.804250042071715	CM076442.1	753026	756029	+	NA	B9J08_04751
B9J08_03540	1185.89472062591	0.0427208969830333	0.0950736518192896	0.449345283004745	0.65318259635173	0.804250042071715	CM076440.1	1118378	1120447	-	NA	B9J08_03540
B9J08_02997	5940.88635429911	-0.0315150753305877	0.0701193339107173	-0.449449154361844	0.653107679196999	0.804250042071715	CM076439.1	2270938	2272693	+	NA	B9J08_02997
B9J08_03057	1.01145788597575	-1.18808703595753	2.64590356671658	-0.449028850069498	0.653410844968164	0.804321100253684	CM076440.1	89731	91363	-	NA	B9J08_03057
B9J08_02016	1437.94630518708	0.0526627835856903	0.117655880848493	0.447600096194979	0.654441833718878	0.80511370122802	CM076439.1	126617	127352	-	NA	B9J08_02016
B9J08_01254	37172.3247364937	-0.0300751989346347	0.0671801471427094	-0.447679860997426	0.654384258041719	0.80511370122802	CM076438.1	2588415	2589063	-	NA	B9J08_01254
B9J08_00098	1.34553710380868	0.980005925482159	2.18980589640893	0.447530955638249	0.654491742286502	0.80511370122802	CM076438.1	223541	223626	+	NA	B9J08_00098
B9J08_05128	3471.50100775338	-0.0329015176766807	0.0736379038515312	-0.446801388358593	0.655018468780823	0.805499540937779	CM076443.1	666195	668715	-	NA	B9J08_05128
B9J08_04784	1667.63934662311	0.0441981428163339	0.0991083793658774	0.445957678847397	0.655627816781324	0.805499540937779	CM076442.1	824153	825248	+	NA	B9J08_04784
B9J08_03800	427.199808537426	-0.0625716669548613	0.140109544083448	-0.446591039633918	0.655170366385322	0.805499540937779	CM076441.1	60138	61315	+	NA	B9J08_03800
B9J08_02793	68.7220608650069	-0.140455472859277	0.315431439647581	-0.445280511721351	0.656117049629434	0.805499540937779	CM076439.1	1805276	1806026	+	NA	B9J08_02793
B9J08_02422	518.922927203042	-0.0581734224410564	0.130531317668845	-0.445666400063786	0.655838238833292	0.805499540937779	CM076439.1	984608	985445	-	NA	B9J08_02422
B9J08_01952	1291.47274659129	0.043492985107448	0.0976650893306223	0.445327858762436	0.656082838019235	0.805499540937779	CM076438.1	4123478	4124405	-	NA	B9J08_01952
B9J08_01868	618.034384959804	0.0539155948034549	0.121032444939112	0.445463981419018	0.655984483720754	0.805499540937779	CM076438.1	3945102	3947904	+	NA	B9J08_01868
B9J08_01538	958.399952017125	0.0477618347808271	0.106988281224761	0.446421180283185	0.65529303610517	0.805499540937779	CM076438.1	3206382	3207660	-	NA	B9J08_01538
B9J08_00743	9.29475250524041	0.382113811184367	0.856255414471906	0.446261483111362	0.655408375345298	0.805499540937779	CM076438.1	1586110	1587044	+	NA	B9J08_00743
B9J08_05280	419.948145927719	-0.062272944549055	0.140015587274478	-0.44475722854327	0.656495207028214	0.805641715638759	CM076444.1	86330	87734	+	NA	B9J08_05280
B9J08_04017	2517.19578498986	0.0357812917658042	0.0804851833021864	0.444569923279683	0.656630587010713	0.805641715638759	CM076441.1	519109	519886	+	NA	B9J08_04017
B9J08_01500	1307.43115394593	-0.0415865290438714	0.0935547993110313	-0.444515186287912	0.656670151791679	0.805641715638759	CM076438.1	3139877	3140531	-	NA	B9J08_01500
B9J08_00283	2400.41747830189	0.0376466530087782	0.0848510819465478	0.443679115753572	0.657274596660705	0.806204326618668	CM076438.1	608781	611926	+	NA	B9J08_00283
B9J08_02030	10330.6101968156	0.0297162724866901	0.0670086267293965	0.443469355172647	0.657426280201819	0.806211460101055	CM076439.1	154559	155492	-	NA	B9J08_02030
B9J08_04483	221.706098948605	-0.0821580895267452	0.185677419695118	-0.442477548759826	0.658143673206927	0.806733218410886	CM076442.1	131699	132296	-	NA	B9J08_04483
B9J08_02749	759.345320443637	-0.0519398869879626	0.117352479607035	-0.442597269029916	0.658057060467895	0.806733218410886	CM076439.1	1707147	1708173	+	NA	B9J08_02749
B9J08_05108	6.97793029715691	0.47044127483277	1.06438070958065	0.441985908423799	0.65849940306359	0.806990288410745	CM076443.1	631792	632503	-	NA	B9J08_05108
B9J08_03938	647.311118696681	-0.0540401001054093	0.122633998424149	-0.440661650111928	0.659457963934131	0.807806774526583	CM076441.1	346517	347210	-	NA	B9J08_03938
B9J08_01380	1270.44125976792	-0.0426159636676154	0.096702889907089	-0.440689659932194	0.659437683302914	0.807806774526583	CM076438.1	2872586	2875064	-	NA	B9J08_01380
B9J08_01762	260.85509192651	0.075298210959317	0.171179240387712	0.439879338106482	0.660024501402126	0.808321608519732	CM076438.1	3707984	3708632	-	NA	B9J08_01762
B9J08_03634	963.490537941253	-0.0473509043678514	0.107771634678698	-0.439363330704036	0.660398292205173	0.808600212897207	CM076440.1	1349350	1350109	+	NA	B9J08_03634
B9J08_03405	6.08773981372222	-0.483382781723883	1.10249963453664	-0.438442577740211	0.661065487294882	0.80923786229874	CM076440.1	835121	837698	-	NA	B9J08_03405
B9J08_05287	38627.9364692909	0.0271254982970557	0.0620913027477534	0.436864699187475	0.662209474223136	0.810458760857234	CM076444.1	98188	98874	+	NA	B9J08_05287
B9J08_03652	746.980391041731	-0.0508799008315412	0.116744899901794	-0.435821186829932	0.662966470698608	0.811084067725489	CM076440.1	1375272	1377021	-	NA	B9J08_03652
B9J08_03027	1508.6362508044	-0.038992788093391	0.089483114118581	-0.435755823626328	0.663013898676273	0.811084067725489	CM076440.1	28024	30424	-	NA	B9J08_03027
B9J08_04694	2321.55237063144	-0.0347519106909712	0.0798225359983602	-0.435364653055938	0.663297762885656	0.811251767087634	CM076442.1	616606	620011	-	NA	B9J08_04694
B9J08_04126	595.368800326188	0.0548209276463464	0.126093342053763	0.434764649373573	0.663733266807789	0.811604815408551	CM076441.1	750876	751536	+	NA	B9J08_04126
B9J08_04215	835.39395117993	0.0471341357520609	0.10872618781765	0.433512263219528	0.664642658975311	0.812537044051436	CM076441.1	942708	944796	-	NA	B9J08_04215
B9J08_00785	973.537796737224	0.0486572850869786	0.112438950302408	0.432744035373092	0.665200734886517	0.813039465218438	CM076438.1	1661546	1662122	-	NA	B9J08_00785
B9J08_04166	2903.37471686476	-0.0333299232357427	0.0771501847107729	-0.432013524798324	0.665731583366291	0.813197115298029	CM076441.1	839500	840083	-	NA	B9J08_04166
B9J08_04042	13.812114163824	0.297109371545558	0.687961283639748	0.431869319700177	0.665836394345458	0.813197115298029	CM076441.1	559321	560206	-	NA	B9J08_04042
B9J08_03924	5.63706115722349	-0.472359567352468	1.09287855131862	-0.43221597384498	0.665584450607371	0.813197115298029	CM076441.1	317552	317930	+	NA	B9J08_03924
B9J08_00005	8.91133496710596	-0.377590561963124	0.874544745096921	-0.431756710082659	0.665918245673761	0.813197115298029	CM076438.1	16553	17738	-	NA	B9J08_00005
B9J08_02937	1397.36440216482	-0.0389776591395036	0.0905754042565612	-0.430333813681876	0.66695283346996	0.81410077530664	CM076439.1	2134115	2135699	-	NA	B9J08_02937
B9J08_01029	1554.43546807133	-0.0391029134327177	0.0908481048908637	-0.430420793914108	0.666889571952048	0.81410077530664	CM076438.1	2111668	2112985	-	NA	B9J08_01029
B9J08_00857	993.980047001588	-0.044087192901928	0.102598536181679	-0.429705866600861	0.667409615354171	0.814478459717929	CM076438.1	1804629	1805667	-	NA	B9J08_00857
B9J08_03288	338.30837994088	-0.065330496338304	0.152270508745556	-0.429042346259387	0.667892407915569	0.814887712704051	CM076440.1	587664	588105	-	NA	B9J08_03288
B9J08_01867	419.704119315282	0.0624808870096	0.146078464859621	0.427721410336856	0.668853960129028	0.815880785176151	CM076438.1	3942257	3944162	+	NA	B9J08_01867
B9J08_04097	2224.85218171218	-0.0366597762848748	0.0858457748988748	-0.427042289828003	0.669348525629598	0.816303905815266	CM076441.1	671492	673052	-	NA	B9J08_04097
B9J08_04277	168.718942120722	0.0882750359185794	0.207243621337497	0.425948144260726	0.670145632336291	0.817095722462537	CM076441.1	1088565	1090422	-	NA	B9J08_04277
B9J08_00559	4.55093437012892	-0.513125633068918	1.20567759308662	-0.42559108339675	0.670405838698122	0.817232701915421	CM076438.1	1211509	1211581	-	NA	B9J08_00559
B9J08_02967	419.109580879256	0.0589955510540804	0.138694200825076	0.425364223616579	0.670571182201231	0.817254007503022	CM076439.1	2199287	2200190	+	NA	B9J08_02967
B9J08_01934	2189.92346366483	-0.0357984329735136	0.0843721356083088	-0.42429212814649	0.67135277939799	0.817845891940201	CM076438.1	4078373	4078814	-	NA	B9J08_01934
B9J08_00794	1344.83413233123	0.0440660767889158	0.103814602120427	0.424468965722166	0.671223833762953	0.817845891940201	CM076438.1	1682892	1684368	-	NA	B9J08_00794
B9J08_03444	3.37505294591575	0.585756416866283	1.3842984102624	0.423143169510141	0.672190807434825	0.818604896980958	CM076440.1	916724	918149	-	NA	B9J08_03444
B9J08_02973	29.7177783990077	0.200973853742741	0.475079765041983	0.423031811773714	0.672272051274935	0.818604896980958	CM076439.1	2211459	2213085	-	NA	B9J08_02973
B9J08_00604	1437.20445207739	0.0381092939771783	0.0901591793076803	0.422689007040817	0.67252217712054	0.818729090957098	CM076438.1	1294152	1295238	-	NA	B9J08_00604
B9J08_02817	4.86259321517375	0.486613741203621	1.15382694137108	0.421738931338683	0.673215584701653	0.819392762969838	CM076439.1	1858766	1860266	+	NA	B9J08_02817
B9J08_03455	845.904671369343	0.0494532550598402	0.117406878501208	0.421212587295996	0.673599853691785	0.81967996286977	CM076440.1	936386	937889	-	NA	B9J08_03455
B9J08_04957	0.871630361922875	-1.24240186308713	2.9516784600607	-0.420913686872785	0.673818110425349	0.819765066326415	CM076443.1	286256	286328	-	NA	B9J08_04957
B9J08_04201	0.330779182755146	1.9427669454664	4.63015143685694	0.419590368038848	0.674784725961447	0.820038518115417	CM076441.1	914376	914470	+	NA	B9J08_04201
B9J08_03662	1069.1468744459	0.0415315977227484	0.0988192404043628	0.42027845541823	0.674282046853167	0.820038518115417	CM076440.1	1394853	1396656	+	NA	B9J08_03662
B9J08_02791	0.330779182755146	1.9427669454664	4.63015143685694	0.419590368038848	0.674784725961447	0.820038518115417	CM076439.1	1803013	1803097	-	NA	B9J08_02791
B9J08_01854	710.775046260896	0.0488709655851744	0.11643900153454	0.419713025198671	0.674695108693982	0.820038518115417	CM076438.1	3912106	3912637	-	NA	B9J08_01854
B9J08_01057	0.330779182755146	1.9427669454664	4.63015143685694	0.419590368038848	0.674784725961447	0.820038518115417	CM076438.1	2170355	2170429	-	NA	B9J08_01057
B9J08_03206	650.442689302879	0.0506001828829297	0.120833120797074	0.418760870770748	0.675390904366165	0.820234130615643	CM076440.1	406184	407861	+	NA	B9J08_03206
B9J08_01008	428.79855363741	0.059449868776215	0.14191351379533	0.418916191885394	0.675277383067795	0.820234130615643	CM076438.1	2072397	2073462	-	NA	B9J08_01008
B9J08_00109	1203.55556572349	-0.039996560222951	0.0954303112343181	-0.419117989930307	0.67512990368264	0.820234130615643	CM076438.1	235895	236339	+	NA	B9J08_00109
B9J08_02958	1340.92933105523	-0.0390092232947691	0.0934581383439581	-0.417397820949544	0.676387448469978	0.821263934027586	CM076439.1	2178790	2180329	-	NA	B9J08_02958
B9J08_01960	2.87430140248273	-0.634879451535406	1.52445346028672	-0.416463649481302	0.677070761454691	0.821913046026812	CM076439.1	3776	4937	+	NA	B9J08_01960
B9J08_04107	2202.55367603098	-0.0376703418934622	0.0906635150496762	-0.415496154906656	0.677778729382438	0.822591795629498	CM076441.1	704676	705303	-	NA	B9J08_04107
B9J08_01582	1809.29314004495	0.0396144195605707	0.095435097449965	0.415092776337761	0.678073987335988	0.822769468277938	CM076438.1	3300349	3301891	+	NA	B9J08_01582
B9J08_05548	1322.51331880151	-0.0384538691651274	0.0929061041244588	-0.413900351623978	0.678947086365425	0.822808898974435	CM076444.1	686105	687089	+	NA	B9J08_05548
B9J08_05025	278.118466447236	0.0737396530529777	0.178107565632111	0.41401752245208	0.678861274217105	0.822808898974435	CM076443.1	440215	440824	-	NA	B9J08_05025
B9J08_02969	367.202712422956	-0.0636683935042908	0.153707893530494	-0.414216811133773	0.678715331153932	0.822808898974435	CM076439.1	2201219	2202605	-	NA	B9J08_02969
B9J08_02729	63942.1115887757	0.0276413556344051	0.0667471043508252	0.414120670900135	0.678785735054447	0.822808898974435	CM076439.1	1655670	1656709	-	NA	B9J08_02729
B9J08_01559	297.056079587502	-0.0728347013702845	0.175717844416374	-0.414498035826676	0.678509405216707	0.822808898974435	CM076438.1	3245280	3245787	+	NA	B9J08_01559
B9J08_01032	787.71525668993	0.0460236768057374	0.111214371467591	0.41382850254339	0.678999708381111	0.822808898974435	CM076438.1	2117703	2119686	+	NA	B9J08_01032
B9J08_02120	876.978888822063	-0.0458938759679135	0.11103599805409	-0.413324298175415	0.679369029902749	0.823075981646755	CM076439.1	343445	345605	+	NA	B9J08_02120
B9J08_04396	423.911557471292	-0.0569957952615777	0.138207938100657	-0.412391618345886	0.680052405581224	0.823723349911774	CM076441.1	1350504	1351326	-	NA	B9J08_04396
B9J08_05004	2.78598784012783	0.634025082524417	1.54002618987	0.411697597544062	0.680561086115307	0.823978340188237	CM076443.1	391055	391138	+	NA	B9J08_05004
B9J08_04032	1298.99437499681	-0.0381620373193677	0.0926895789083389	-0.41171874733735	0.680545582287178	0.823978340188237	CM076441.1	541171	541798	+	NA	B9J08_04032
B9J08_03165	1049.33767939886	-0.0408670880861695	0.0993213380150403	-0.411463326037563	0.680732827562889	0.82400576827422	CM076440.1	317893	318871	-	NA	B9J08_03165
B9J08_05285	1076.5654863414	-0.042619038400105	0.103803365582079	-0.410574726176923	0.681384399190917	0.824175422231745	CM076444.1	94932	95763	+	NA	B9J08_05285
B9J08_04856	1.79477468554372	0.771606554797331	1.88172785263256	0.410052151652983	0.681767691413704	0.824175422231745	CM076442.1	1005825	1007328	+	NA	B9J08_04856
B9J08_03631	7032.87993776054	-0.123741284759445	0.301590831456448	-0.410295247245651	0.68158937810489	0.824175422231745	CM076440.1	1340746	1341442	-	NA	B9J08_03631
B9J08_01894	95.1937966365667	0.111790201862161	0.27214001652128	0.410781932371269	0.68123244262853	0.824175422231745	CM076438.1	4008422	4009031	-	NA	B9J08_01894
B9J08_01199	1405.51442770399	-0.0373960026551421	0.0911823522662129	-0.410123250011823	0.681715538140737	0.824175422231745	CM076438.1	2479757	2480846	-	NA	B9J08_01199
B9J08_00021	5.20992726719418	-0.47430485868951	1.15507041322705	-0.410628523818208	0.68134494495468	0.824175422231745	CM076438.1	48311	50165	-	NA	B9J08_00021
B9J08_01391	5.34975479124706	-0.454113435566549	1.11121234098003	-0.408664859828721	0.682785625233819	0.825045070106541	CM076438.1	2891964	2892957	-	NA	B9J08_01391
B9J08_00590	1691.83780657242	0.0365845835899829	0.089486096975548	0.408829805148162	0.682664565332278	0.825045070106541	CM076438.1	1267194	1268247	+	NA	B9J08_00590
B9J08_04358	2023.44728634608	-0.0339521758846351	0.0834082832740933	-0.407060001139967	0.683963920123979	0.825386154263152	CM076441.1	1272106	1274656	-	NA	B9J08_04358
B9J08_04262	238.610828642052	-0.0748842394858205	0.18353114255806	-0.408019251894163	0.683259540917186	0.825386154263152	CM076441.1	1046187	1047951	+	NA	B9J08_04262
B9J08_02765	1445.37168662848	-0.0385918933780274	0.0946568299369439	-0.407703209622968	0.683491580790899	0.825386154263152	CM076439.1	1749048	1749882	-	NA	B9J08_02765
B9J08_01698	2075.02278943045	0.0335674642408605	0.0823877520071275	0.407432699923121	0.683690214164644	0.825386154263152	CM076438.1	3563939	3564755	+	NA	B9J08_01698
B9J08_00899	10453.7105581483	0.0268985978579841	0.0660291907374084	0.407374337888786	0.683733071868481	0.825386154263152	CM076438.1	1879898	1881209	+	NA	B9J08_00899
B9J08_00492	10062.2853564949	0.0294820075394961	0.0723962686717086	0.407231036632379	0.683838308348621	0.825386154263152	CM076438.1	1045046	1047157	+	NA	B9J08_00492
B9J08_02249	3324.86393707458	-0.0314019570319465	0.0772508551077943	-0.4064933260367	0.684380159758342	0.825393445721567	CM076439.1	596575	600952	-	NA	B9J08_02249
B9J08_01465	6.85680522526395	-0.432885688362434	1.06506180834259	-0.406441846822088	0.684417977517992	0.825393445721567	CM076438.1	3050517	3051602	+	NA	B9J08_01465
B9J08_00247	221.072597415095	-0.076390551525714	0.187852248608485	-0.406652313675118	0.684263368950075	0.825393445721567	CM076438.1	537088	537379	-	NA	B9J08_00247
B9J08_04515	763.874973633562	-0.0450401889586946	0.110899029953049	-0.406136906497408	0.684642009589056	0.825483505017172	CM076442.1	217681	218367	-	NA	B9J08_04515
B9J08_02801	1358.65534257042	0.0376221077838011	0.0927524391130483	0.405618527594154	0.685022913341796	0.825762626399151	CM076439.1	1825984	1827343	+	NA	B9J08_02801
B9J08_02736	2964.47223069026	0.0310446841022305	0.0767003052664682	0.404753070986832	0.685659027532714	0.826349203046949	CM076439.1	1679689	1680643	+	NA	B9J08_02736
B9J08_01517	1487.03151462636	0.038934762569944	0.0964000027901522	0.403887566836475	0.68629539955373	0.826935834605073	CM076438.1	3169144	3171265	+	NA	B9J08_01517
B9J08_01080	645.94866796369	0.0500783636092504	0.124443230025033	0.402419348960779	0.687375432506715	0.828056672943464	CM076438.1	2225878	2227423	-	NA	B9J08_01080
B9J08_04786	3145.56839274538	0.0322035818702606	0.0800742483568915	0.402171516199927	0.687557803311794	0.828095876858637	CM076442.1	827113	829480	-	NA	B9J08_04786
B9J08_03824	1894.20479699358	0.0343769003829272	0.0855341272839087	0.401908588706609	0.68775130163492	0.828148462774772	CM076441.1	107888	108800	+	NA	B9J08_03824
B9J08_03619	71.6743496557761	0.124929646971828	0.311719043092521	0.400776435511986	0.688584729602706	0.828790897324511	CM076440.1	1304097	1306623	+	NA	B9J08_03619
B9J08_00808	203.474796590715	-0.0772857895659577	0.192824631953968	-0.400808697430356	0.688560974939814	0.828790897324511	CM076438.1	1708965	1710216	+	NA	B9J08_00808
B9J08_02034	34933.8209213699	-0.0254263459030909	0.0635623573010476	-0.400022072539966	0.689140259536341	0.829278949370206	CM076439.1	163413	165141	+	NA	B9J08_02034
B9J08_02612	6187.59057561132	-0.0269833063825412	0.0675600790276514	-0.399397199809333	0.689600556905389	0.829652215501977	CM076439.1	1394330	1395464	+	NA	B9J08_02612
B9J08_02845	2199.05478470296	0.0339607382385001	0.0851086972025442	0.399027823885958	0.689872702777143	0.829799005059688	CM076439.1	1910415	1913598	-	NA	B9J08_02845
B9J08_03979	647.775879275165	-0.0481509456166955	0.120796481734784	-0.398612152648732	0.690179005714152	0.829825326863522	CM076441.1	431319	432210	+	NA	B9J08_03979
B9J08_02559	620.093929280869	-0.0474062492392245	0.119056376501584	-0.398183202212556	0.690495147140463	0.829825326863522	CM076439.1	1288535	1290179	-	NA	B9J08_02559
B9J08_00905	777.326308646811	-0.0436817858068643	0.109600048580912	-0.398556263180999	0.690220193836062	0.829825326863522	CM076438.1	1888838	1889561	-	NA	B9J08_00905
B9J08_00538	314.905918926913	0.06215858759794	0.156061614318332	0.398295172515323	0.69041261852362	0.829825326863522	CM076438.1	1167646	1168315	-	NA	B9J08_00538
B9J08_01453	29.7184519642433	-0.204730797017978	0.514507156142287	-0.397916325504633	0.690691865610649	0.829881291571752	CM076438.1	3032250	3032916	-	NA	B9J08_01453
B9J08_03396	987.472061729857	0.0407754167900294	0.102737235713751	0.396890343668959	0.691448325285414	0.830068395710792	CM076440.1	819697	821065	-	NA	B9J08_03396
B9J08_02889	68.7011972622561	-0.127412024267624	0.32074805919955	-0.397233967948522	0.691194935662581	0.830068395710792	CM076439.1	2017485	2019495	+	NA	B9J08_02889
B9J08_01727	1936.1422440271	0.0361630243416142	0.091110504865403	0.396913883805579	0.691430965611784	0.830068395710792	CM076438.1	3626127	3626871	-	NA	B9J08_01727
B9J08_00056	1645.87004945244	0.0364551500337664	0.0918461560861048	0.396915359196852	0.691429877589899	0.830068395710792	CM076438.1	134466	136893	-	NA	B9J08_00056
B9J08_04438	501.286077990642	-0.0529841455068734	0.133589327177582	-0.396619599980775	0.691647996874877	0.830127791254603	CM076442.1	34024	36796	-	NA	B9J08_04438
B9J08_04587	251.20492732015	-0.0713368435877618	0.180037796633808	-0.396232596274542	0.69193344664762	0.830290091103212	CM076442.1	385759	386905	-	NA	B9J08_04587
B9J08_02492	899.229648788347	0.0437682059307001	0.110563175779184	0.395866034258222	0.692203859218199	0.830434280420878	CM076439.1	1160162	1162818	-	NA	B9J08_02492
B9J08_01568	364.845369232321	-0.0592274801165556	0.149788283564908	-0.395407963206217	0.692541833103496	0.830659442613503	CM076438.1	3268089	3269826	-	NA	B9J08_01568
B9J08_05289	132.831185018253	-0.0969063767688066	0.245517949211587	-0.394701801151381	0.693062973354043	0.830777215156398	CM076444.1	103727	105050	+	NA	B9J08_05289
B9J08_01438	964.424805313923	-0.0409546182675744	0.103824450875663	-0.394460244404475	0.693241273077855	0.830777215156398	CM076438.1	2988612	2989233	+	NA	B9J08_01438
B9J08_01007	880.17542594061	0.0413404883484748	0.104671263114391	0.394955474104631	0.692875748622121	0.830777215156398	CM076438.1	2071467	2072337	-	NA	B9J08_01007
B9J08_00887	1068.60339422919	0.0444570509533049	0.112661993715373	0.394605576265768	0.693133997570124	0.830777215156398	CM076438.1	1859077	1860130	+	NA	B9J08_00887
B9J08_04139	445.377971902008	-0.0536692910341381	0.136136973748198	-0.394230087216467	0.693411174277953	0.830800685071374	CM076441.1	773549	774671	-	NA	B9J08_04139
B9J08_00943	1827.86114604425	-0.0350681891200318	0.0892005446110985	-0.39313873332191	0.694217017498006	0.831405732548532	CM076438.1	1957327	1958416	-	NA	B9J08_00943
B9J08_00373	3376.91401989725	0.029039221930568	0.0738289815772849	0.393330929266164	0.694075077101807	0.831405732548532	CM076438.1	782577	784167	+	NA	B9J08_00373
B9J08_02643	22.4779454626579	0.215987235868084	0.549958425004148	0.392733752313104	0.6945161388559	0.831583773712426	CM076439.1	1464805	1466404	+	NA	B9J08_02643
B9J08_00752	391.956914023682	-0.0570102733251982	0.145296798969105	-0.392371158412927	0.694783993216803	0.831724308102506	CM076438.1	1603653	1604580	+	NA	B9J08_00752
B9J08_05045	157.337333088097	-0.088777659103532	0.226846539823744	-0.391355579734699	0.69553442144635	0.832442344593759	CM076443.1	483039	485028	+	NA	B9J08_05045
B9J08_05273	3338.42313749547	0.033274584155429	0.0852873558352841	0.390146743670801	0.696428039638266	0.833331408330958	CM076444.1	72573	74592	+	NA	B9J08_05273
B9J08_04059	1237.9962458072	-0.0395614326435183	0.101561374058994	-0.389532270610462	0.6968824434707	0.833514231781554	CM076441.1	594446	594875	-	NA	B9J08_04059
B9J08_03156	1039.0104200723	0.0394977297525433	0.101359907664147	0.389678036047723	0.696774639844675	0.833514231781554	CM076440.1	300946	304792	+	NA	B9J08_03156
B9J08_00366	728.173738586382	0.0438967058915974	0.112896856667271	0.388821329374738	0.697408321401387	0.833962741753671	CM076438.1	758818	759961	+	NA	B9J08_00366
B9J08_05265	82.9035847140552	-0.111923732766005	0.288030385422556	-0.388583074670426	0.69758458916658	0.833993083349273	CM076444.1	49341	49746	-	NA	B9J08_05265
B9J08_02092	929.824828185399	0.0400844884394678	0.103405996538988	0.387641817506729	0.698281118125768	0.834645272465641	CM076439.1	287900	291410	+	NA	B9J08_02092
B9J08_03687	2.24401226727876	0.654185959817829	1.69287853940984	0.386434079343864	0.699175214894127	0.835533278425912	CM076440.1	1454825	1455599	+	NA	B9J08_03687
B9J08_00567	1338.7953739832	0.0361483982151977	0.0936943963663885	0.385811741332328	0.69963609897261	0.835903311504889	CM076438.1	1227192	1228590	+	NA	B9J08_00567
B9J08_01712	2790.95806256159	0.0301662501689016	0.0782538981478893	0.385491980372549	0.699872946995259	0.836005571221698	CM076438.1	3594189	3595656	+	NA	B9J08_01712
B9J08_05322	3535.55832293432	0.0282067559812881	0.0732628526524877	0.385007612453789	0.700231775552101	0.836253462289642	CM076444.1	183302	185510	-	NA	B9J08_05322
B9J08_03831	926.345766868102	0.041485278946914	0.107902808980693	0.38446894329078	0.700630910051186	0.836532159443733	CM076441.1	120567	122889	+	NA	B9J08_03831
B9J08_02289	3511.25604119408	0.0288059221109242	0.0749998097761039	0.38407993562808	0.700919202168252	0.836532159443733	CM076439.1	670893	672171	+	NA	B9J08_02289
B9J08_00680	560.660883257423	-0.0475354825813844	0.123718263347433	-0.384223648919904	0.700812691768279	0.836532159443733	CM076438.1	1440071	1441445	+	NA	B9J08_00680
B9J08_05565	1416.64749016562	-0.0367951830761306	0.0961298842301971	-0.382765290635523	0.701893799191747	0.836626196588309	CM076444.1	720770	721430	+	NA	B9J08_05565
B9J08_05334	783.221280130108	0.0422622156070353	0.110376274025007	0.382892211033144	0.701799686791042	0.836626196588309	CM076444.1	210082	212830	+	NA	B9J08_05334
B9J08_04997	52.1438467082936	-0.14538160785302	0.379005579396304	-0.383586985934587	0.701284587208793	0.836626196588309	CM076443.1	372792	374322	+	NA	B9J08_04997
B9J08_04885	1580.53627822355	0.0347169310444182	0.0907042804582143	0.382748541403309	0.701906219211143	0.836626196588309	CM076443.1	86259	86868	+	NA	B9J08_04885
B9J08_01224	0.964368353036895	-1.09332779606665	2.8559995028392	-0.382817922405011	0.701854771795776	0.836626196588309	CM076438.1	2532170	2532260	+	NA	B9J08_01224
B9J08_00096	1782.69346231824	0.0333371298883069	0.0870788382278262	0.382838477944392	0.701839529710152	0.836626196588309	CM076438.1	216236	220931	+	NA	B9J08_00096
B9J08_05416	3002.83479360095	-0.0310901306314198	0.081398513343629	-0.381949612521433	0.70249873952014	0.836877843203436	CM076444.1	377116	377770	-	NA	B9J08_05416
B9J08_05351	1568.64778105037	0.0337598238216415	0.0885027869076995	0.381454923638167	0.70286571292321	0.836877843203436	CM076444.1	240556	241936	-	NA	B9J08_05351
B9J08_04549	6463.94425424561	-0.029670539376531	0.0776629042283694	-0.382042619592028	0.702429752136032	0.836877843203436	CM076442.1	302251	303508	-	NA	B9J08_04549
B9J08_02842	479.933639537379	0.0503885552379139	0.131986298555687	0.381771106465679	0.702631152080475	0.836877843203436	CM076439.1	1906366	1906702	-	NA	B9J08_02842
B9J08_02815	5.94106868439765	0.43177006390942	1.13193808697098	0.381443180399396	0.702874425212656	0.836877843203436	CM076439.1	1853207	1855433	-	NA	B9J08_02815
B9J08_05414	3575.10105121356	-0.0278738936632202	0.0731997172303069	-0.380792368029526	0.70335732281884	0.836911931801879	CM076444.1	375032	375800	+	NA	B9J08_05414
B9J08_04457	304.868821270726	-0.0612258331337139	0.160707905623431	-0.380975863609208	0.703221158433768	0.836911931801879	CM076442.1	76751	79271	+	NA	B9J08_04457
B9J08_00196	689.852074642695	-0.0443563164007178	0.116474307485795	-0.380824899140332	0.703333182149887	0.836911931801879	CM076438.1	418662	420930	+	NA	B9J08_00196
B9J08_01850	2830.36636612583	-0.030102791218131	0.0791534296598317	-0.380309373169301	0.703715778549937	0.837158223858266	CM076438.1	3906970	3908326	-	NA	B9J08_01850
B9J08_00249	3797.37136480529	-0.0275975641956793	0.0726464984826743	-0.379888429202973	0.70402823677546	0.83734970188465	CM076438.1	540093	542601	+	NA	B9J08_00249
B9J08_04853	10.8495538928627	-0.29565134711174	0.778909872944302	-0.379570676122219	0.704264131584847	0.837450054920277	CM076442.1	987854	989378	-	NA	B9J08_04853
B9J08_02588	1586.36198144263	0.0332319821566588	0.0876287918273456	0.379235881993392	0.704512708178345	0.837565441622222	CM076439.1	1353192	1354611	+	NA	B9J08_02588
B9J08_03481	2002.4134693373	-0.0316735848046649	0.0835783921785161	-0.378968582417964	0.704711194348978	0.83762124111114	CM076440.1	995695	996718	+	NA	B9J08_03481
B9J08_05033	505.251160768319	-0.0495084278399016	0.131081348689674	-0.377692389762554	0.705659121872382	0.838199102284962	CM076443.1	457560	459222	+	NA	B9J08_05033
B9J08_04895	387.806240683533	-0.0539163630591031	0.143199565768818	-0.376512056930018	0.706536253696196	0.838199102284962	CM076443.1	131384	132222	+	NA	B9J08_04895
B9J08_04854	2.26755703374819	0.629554066392338	1.66739018091461	0.377568534107002	0.70575114344949	0.838199102284962	CM076442.1	994198	994570	-	NA	B9J08_04854
B9J08_04145	329.773026670652	-0.0577491461453618	0.153637765967252	-0.375878585462321	0.707007161407483	0.838199102284962	CM076441.1	790214	791147	+	NA	B9J08_04145
B9J08_03916	4835.92897357688	0.0268898194815755	0.0714339759876156	0.376428990684171	0.706597996785284	0.838199102284962	CM076441.1	295576	296821	-	NA	B9J08_03916
B9J08_03011	598.778148097615	0.0461250049790595	0.122265556351661	0.377252648705042	0.705985857686699	0.838199102284962	CM076439.1	2301368	2302691	-	NA	B9J08_03011
B9J08_02960	14549.2598096287	-0.0251173924450248	0.0665873265517259	-0.377209804714314	0.706017694470467	0.838199102284962	CM076439.1	2185832	2187158	+	NA	B9J08_02960
B9J08_02923	7757.92621347147	-0.0263797056195184	0.0701839819089226	-0.375865046439674	0.707017227221366	0.838199102284962	CM076439.1	2096830	2098712	-	NA	B9J08_02923
B9J08_02762	797.732907511156	-0.041222561659778	0.109356127987489	-0.376957034035571	0.706205535376874	0.838199102284962	CM076439.1	1743034	1744765	+	NA	B9J08_02762
B9J08_01664	1827.04527035524	0.0317264221727653	0.0841828590095685	0.376875085332505	0.70626643757501	0.838199102284962	CM076438.1	3489032	3489806	+	NA	B9J08_01664
B9J08_01450	16.7058525850994	-0.245254435721737	0.651264569689214	-0.376581879525203	0.706484356098176	0.838199102284962	CM076438.1	3026276	3027644	+	NA	B9J08_01450
B9J08_00431	6.00945419644326	-0.401385438818739	1.06760893757996	-0.375966727787606	0.706941631767049	0.838199102284962	CM076438.1	911460	913170	-	NA	B9J08_00431
B9J08_00048	520.884996546811	-0.0484466222579287	0.12911100619277	-0.37523231896741	0.707487696199195	0.838576988396516	CM076438.1	114136	114784	+	NA	B9J08_00048
B9J08_02570	971.746050975323	-0.0382132217469185	0.102016484767629	-0.374578891185673	0.707973674290225	0.838793247117272	CM076439.1	1316802	1317864	-	NA	B9J08_02570
B9J08_00423	3.75067287424708	-0.500632284437226	1.33637157977268	-0.374620571115697	0.707942671850985	0.838793247117272	CM076438.1	900012	900100	+	NA	B9J08_00423
B9J08_01037	52.6470029374337	-0.13319373757184	0.356407380333903	-0.373712063557877	0.708618549189768	0.83937735134416	CM076438.1	2129738	2131262	-	NA	B9J08_01037
B9J08_04507	681.371486820513	-0.0441796965808038	0.118640676463214	-0.372382372537318	0.709608176432119	0.839863630161823	CM076442.1	195330	196938	+	NA	B9J08_04507
B9J08_03971	1213.34293785395	0.0364398286348728	0.0977689291578524	0.372713795157141	0.709361468058855	0.839863630161823	CM076441.1	420582	421797	+	NA	B9J08_03971
B9J08_02379	995.481131890026	0.0389662707964972	0.10466034352462	0.372311703595078	0.709660785772396	0.839863630161823	CM076439.1	862473	864078	-	NA	B9J08_02379
B9J08_01555	3387.96966372438	0.0286158141375056	0.0768191378864134	0.372508920626232	0.709513971442136	0.839863630161823	CM076438.1	3236346	3237165	+	NA	B9J08_01555
B9J08_00006	133.712218616845	0.090507701542613	0.243208955039151	0.37213967523541	0.709788857696015	0.839863630161823	CM076438.1	18627	19821	-	NA	B9J08_00006
B9J08_05448	1072.13724196694	-0.0382730176336087	0.103096199852921	-0.371235968815628	0.71046178496253	0.840347338191584	CM076444.1	449979	450832	-	NA	B9J08_05448
B9J08_01255	3085.24455489494	0.0287408535677798	0.0774411884658582	0.371131359643982	0.710539694721566	0.840347338191584	CM076438.1	2589685	2590277	-	NA	B9J08_01255
B9J08_00395	1362.39430381282	0.0352693072314046	0.0950711093996175	0.370978181007178	0.710653783012025	0.840347338191584	CM076438.1	840059	841859	-	NA	B9J08_00395
B9J08_02576	123.752473563653	-0.0919990219443969	0.248214389926124	-0.370643386033253	0.710903162716137	0.84046241290526	CM076439.1	1335213	1335828	-	NA	B9J08_02576
B9J08_04334	769.72073997343	-0.0414346353642938	0.111983622303837	-0.370006207263703	0.711377865392897	0.840663985894065	CM076441.1	1234022	1235666	+	NA	B9J08_04334
B9J08_03500	10775.8778942076	0.0261411871137513	0.0706182522481861	0.370176070371704	0.711251305230597	0.840663985894065	CM076440.1	1033197	1033680	+	NA	B9J08_03500
B9J08_05300	6088.46002433444	-0.0283844813061987	0.0768106762208351	-0.369538229615265	0.711726583342364	0.84089628604815	CM076444.1	129138	130743	+	NA	B9J08_05300
B9J08_01643	29545.5240818246	0.0241965217849631	0.0655517715695688	0.369120791179287	0.712037692416735	0.84108406197634	CM076438.1	3434702	3435905	-	NA	B9J08_01643
B9J08_04445	1389.64807619027	-0.0349444797967274	0.0948844274206661	-0.368284667428118	0.712660983975389	0.841102717646913	CM076442.1	46235	46523	+	NA	B9J08_04445
B9J08_03309	2346.62216323154	0.0298888312761298	0.0812022360525735	0.368078919117185	0.712814389263278	0.841102717646913	CM076440.1	637839	639420	-	NA	B9J08_03309
B9J08_01242	706.935970764396	0.0421842092983532	0.114497039625846	0.368430567604218	0.712552208310411	0.841102717646913	CM076438.1	2564714	2566034	-	NA	B9J08_01242
B9J08_01058	736.971488326192	-0.0430350705645668	0.116915614708694	-0.368086595377295	0.712808665659416	0.841102717646913	CM076438.1	2171155	2171968	+	NA	B9J08_01058
B9J08_00642	903.500727124561	0.0418154837121776	0.113358276998265	0.368878963402184	0.712217944079064	0.841102717646913	CM076438.1	1372970	1373408	+	NA	B9J08_00642
B9J08_03427	3622.03382777934	-0.0275208015994819	0.0748801139104505	-0.367531513539017	0.713222589685543	0.841404749880896	CM076440.1	885289	885904	+	NA	B9J08_03427
B9J08_04129	4036.89390208756	-0.029320423786226	0.0800018682321194	-0.366496738565592	0.713994445828599	0.842125246573287	CM076441.1	755697	757089	-	NA	B9J08_04129
B9J08_02834	549.814577743937	0.0514198794596916	0.140374780806838	0.366304254682667	0.714138055127374	0.842125246573287	CM076439.1	1889519	1890962	+	NA	B9J08_02834
B9J08_03954	4037.01847370793	-0.0267487198571876	0.0731318271714372	-0.365760311095232	0.714543937892693	0.842424134968624	CM076441.1	385870	388213	+	NA	B9J08_03954
B9J08_04442	518.659195247539	0.0477607299934415	0.131212570781993	0.363995078434938	0.715861684509433	0.843797724521996	CM076442.1	43217	43463	+	NA	B9J08_04442
B9J08_04540	1874.35668571395	0.0305765869248239	0.0841737490782684	0.363255614246105	0.716413946628042	0.843804244716417	CM076442.1	281572	282217	-	NA	B9J08_04540
B9J08_03374	6830.65109859317	-0.0242078999842288	0.0667262089229721	-0.362794475738522	0.716758418864432	0.843804244716417	CM076440.1	766224	767955	+	NA	B9J08_03374
B9J08_02738	5166.79477252376	-0.0298157645593036	0.0820970367083553	-0.36317711034105	0.716472585273245	0.843804244716417	CM076439.1	1683588	1684992	+	NA	B9J08_02738
B9J08_01543	505.539534295943	-0.0468283744308884	0.129088685960898	-0.362761260464556	0.716783233027606	0.843804244716417	CM076438.1	3215477	3216551	+	NA	B9J08_01543
B9J08_01386	519.99256662171	0.0469795449926106	0.129328917934789	0.363256306035895	0.71641342990174	0.843804244716417	CM076438.1	2885612	2886968	-	NA	B9J08_01386
B9J08_00774	1051.66917088052	-0.0362641487170357	0.0998797263189422	-0.363078174656133	0.716546487857455	0.843804244716417	CM076438.1	1642345	1643680	-	NA	B9J08_00774
B9J08_03907	5141.44984366117	-0.0266526935426255	0.0735525845068284	-0.362362433914897	0.717081208061709	0.843975263406531	CM076441.1	278105	279530	+	NA	B9J08_03907
B9J08_05339	5590.64063458516	0.0247649153814876	0.0684931817596695	0.361567600529689	0.717675179837049	0.844494511168697	CM076444.1	221817	222867	-	NA	B9J08_05339
B9J08_04451	248.49878836678	0.0629433193077733	0.174471970857107	0.360764648892079	0.718275391655804	0.8448980999539	CM076442.1	62176	64069	-	NA	B9J08_04451
B9J08_03458	603.926693125744	0.0447013155320534	0.123929425783217	0.360699771257287	0.718323895727044	0.8448980999539	CM076440.1	941777	943883	-	NA	B9J08_03458
B9J08_03903	688.861682123849	0.0446295935518489	0.124015746080201	0.359870379064502	0.718944069110328	0.845447631909103	CM076441.1	269775	272589	+	NA	B9J08_03903
B9J08_00836	902.432706621903	-0.0379467400484332	0.105564715119458	-0.359464239594568	0.719247825180114	0.845624915926503	CM076438.1	1764910	1766437	+	NA	B9J08_00836
B9J08_03039	674.272120125246	0.042874583052785	0.119519194044888	0.358725503425689	0.719800447559708	0.845842673446906	CM076440.1	55239	56121	-	NA	B9J08_03039
B9J08_02667	129.401931109873	0.0831711232593598	0.2319497547821	0.358573878801868	0.719913890698585	0.845842673446906	CM076439.1	1523359	1524211	+	NA	B9J08_02667
B9J08_01193	102.518423662295	-0.0970006636281186	0.270650384939687	-0.358398395220219	0.720045192431281	0.845842673446906	CM076438.1	2475395	2475713	+	NA	B9J08_01193
B9J08_00474	568.593498702125	-0.0439216234974549	0.122372139521868	-0.358918489691079	0.719656067221385	0.845842673446906	CM076438.1	1003709	1004705	-	NA	B9J08_00474
B9J08_00181	917.48997961009	-0.0395985614331546	0.110563291681843	-0.358152880859439	0.720228907013619	0.845878701458622	CM076438.1	394058	395030	-	NA	B9J08_00181
B9J08_01187	409.913666558091	-0.0509372667439517	0.142371061080796	-0.35777823356282	0.720509280897834	0.846028212348062	CM076438.1	2466442	2467354	-	NA	B9J08_01187
B9J08_04391	4562.28067294001	-0.0259860012446062	0.0726748287401322	-0.357565359218471	0.720668605898876	0.846035553271683	CM076441.1	1339921	1340617	-	NA	B9J08_04391
B9J08_03767	8.02532537731424	0.319721069955274	0.896279238293035	0.356720379425706	0.721301147391875	0.846598309967062	CM076440.1	1651668	1654104	+	NA	B9J08_03767
B9J08_02687	3263.05929166382	-0.0272734512838395	0.0765993667902933	-0.356053221151373	0.721800708618336	0.846824987589375	CM076439.1	1565783	1568033	+	NA	B9J08_02687
B9J08_00725	1.7020366944297	0.687767193692003	1.93083587524204	0.356201789344622	0.721689452010764	0.846824987589375	CM076438.1	1553673	1553746	-	NA	B9J08_00725
B9J08_00276	5701.51136796544	-0.0255550575914451	0.071884238110736	-0.355502934483052	0.722212846918725	0.84712869374359	CM076438.1	592249	594967	+	NA	B9J08_00276
B9J08_02059	736.730574330719	0.0398312067180047	0.112476543572191	0.354129007284435	0.723242204190424	0.848156092204641	CM076439.1	223961	224906	+	NA	B9J08_02059
B9J08_05430	39464.3019983425	-0.0226162752917517	0.064267838270676	-0.351906581897139	0.724908322910703	0.849929635283719	CM076444.1	405774	411405	+	NA	B9J08_05430
B9J08_04977	1322.27431228554	0.0360180434697055	0.102452910516314	0.35155705473072	0.725170476957255	0.850056675746076	CM076443.1	329635	330037	-	NA	B9J08_04977
B9J08_04550	3418.55437639772	-0.029105629392613	0.0829904344252262	-0.350710652308212	0.725805433178043	0.850577908165287	CM076442.1	305744	306647	+	NA	B9J08_04550
B9J08_02271	15.9914123290936	-0.224912112045578	0.641965955653021	-0.350348971102047	0.726076817572612	0.850577908165287	CM076439.1	635222	636380	+	NA	B9J08_02271
B9J08_01100	551.58270303741	-0.043549270650689	0.124286148649296	-0.350395205933802	0.726042123744908	0.850577908165287	CM076438.1	2273442	2278113	+	NA	B9J08_01100
B9J08_02928	1171.11332876437	0.037256610634135	0.106469550037095	0.34992737943529	0.726393198673133	0.850768215525833	CM076439.1	2113913	2115665	-	NA	B9J08_02928
B9J08_01218	3158.66017982179	0.0278628905798584	0.0797334558389363	0.349450431900784	0.72675117754515	0.851007152180518	CM076438.1	2524891	2525687	-	NA	B9J08_01218
B9J08_04500	2501.96384067879	-0.0273526107851136	0.0784257268162756	-0.348770893117654	0.727261316837696	0.851063582079599	CM076442.1	176158	178711	+	NA	B9J08_04500
B9J08_03264	267.262896797634	-0.0586828386271161	0.16810157239564	-0.349091550964208	0.727020579416524	0.851063582079599	CM076440.1	538031	539765	-	NA	B9J08_03264
B9J08_02948	17.4970216883468	-0.214438028687143	0.614571378343646	-0.348922901787393	0.727147191291533	0.851063582079599	CM076439.1	2159215	2160610	+	NA	B9J08_02948
B9J08_04197	3863.6560608823	0.0282149695871156	0.0809747299322822	0.348441663352398	0.727508517735243	0.851172645538249	CM076441.1	901318	902233	-	NA	B9J08_04197
B9J08_04999	2361.82031956779	0.0288351773162959	0.0828129793948789	0.348196351912428	0.727692727321742	0.851207979662914	CM076443.1	376677	377709	+	NA	B9J08_04999
B9J08_01938	797.332360204831	-0.0386875024596449	0.111396354782393	-0.347295946399854	0.728368995801708	0.851818755775717	CM076438.1	4083344	4083992	-	NA	B9J08_01938
B9J08_05251	60.2309710951942	-0.120704076358366	0.350374359605057	-0.344500312449873	0.730470061096466	0.851845821726693	CM076444.1	12219	14286	+	NA	B9J08_05251
B9J08_05078	4251.58960114877	0.0245163884135628	0.0710541140101546	0.345038267735758	0.730065601781656	0.851845821726693	CM076443.1	564319	565978	-	NA	B9J08_05078
B9J08_05035	0.238041191641126	1.71090499954086	4.98566856053775	0.343164608470549	0.731474628173491	0.851845821726693	CM076443.1	459427	459500	-	NA	B9J08_05035
B9J08_04882	0.238041191641126	1.71090499954086	4.98566856053775	0.343164608470549	0.731474628173491	0.851845821726693	CM076443.1	80570	80643	+	NA	B9J08_04882
B9J08_04868	10.0188308792735	-0.285211720759931	0.825995746381377	-0.345294418293825	0.729873042486742	0.851845821726693	CM076443.1	56635	57409	-	NA	B9J08_04868
B9J08_04415	0.238041191641126	1.71090499954086	4.98566856053775	0.343164608470549	0.731474628173491	0.851845821726693	CM076441.1	1393163	1393237	-	NA	B9J08_04415
B9J08_03879	0.238041191641126	1.71090499954086	4.98566856053775	0.343164608470549	0.731474628173491	0.851845821726693	CM076441.1	225635	225709	+	NA	B9J08_03879
B9J08_03224	818.512605922851	-0.0382665120783729	0.111392967037482	-0.343527182155914	0.731201895209059	0.851845821726693	CM076440.1	454134	456663	+	NA	B9J08_03224
B9J08_03170	1902.10456070784	-0.0286819914212361	0.0833880478361173	-0.343958063122006	0.730877824731191	0.851845821726693	CM076440.1	327713	329189	+	NA	B9J08_03170
B9J08_02628	1409.92501170852	0.0321947756664938	0.0934173982236177	0.344633615136954	0.730369831067347	0.851845821726693	CM076439.1	1426628	1427216	+	NA	B9J08_02628
B9J08_02613	0.238041191641126	1.71090499954086	4.98566856053775	0.343164608470549	0.731474628173491	0.851845821726693	CM076439.1	1395694	1395776	-	NA	B9J08_02613
B9J08_02599	1.34441271012735	-0.783416839665783	2.26765191633982	-0.345474909099049	0.72973737008094	0.851845821726693	CM076439.1	1371681	1371753	+	NA	B9J08_02599
B9J08_02384	0.238041191641126	1.71090499954086	4.98566856053775	0.343164608470549	0.731474628173491	0.851845821726693	CM076439.1	883567	883641	+	NA	B9J08_02384
B9J08_02177	0.238041191641126	1.71090499954086	4.98566856053775	0.343164608470549	0.731474628173491	0.851845821726693	CM076439.1	470367	470438	-	NA	B9J08_02177
B9J08_01434	1001.53223380894	0.035061560655922	0.101524951071159	0.345349200231058	0.729831862779253	0.851845821726693	CM076438.1	2976394	2978887	-	NA	B9J08_01434
B9J08_00779	55752.2625227566	0.0221440326298211	0.0641926725472026	0.344961998794145	0.730122939685341	0.851845821726693	CM076438.1	1652337	1652997	-	NA	B9J08_00779
B9J08_00769	1233.40415917787	0.033146017212571	0.0961386246166554	0.344773157976182	0.730264914012971	0.851845821726693	CM076438.1	1635677	1636253	+	NA	B9J08_00769
B9J08_00417	0.238041191641126	1.71090499954086	4.98566856053775	0.343164608470549	0.731474628173491	0.851845821726693	CM076438.1	889219	889291	+	NA	B9J08_00417
B9J08_00416	1164.11451771933	0.0347481578535522	0.100629527584592	0.345307770866178	0.729863005255774	0.851845821726693	CM076438.1	883034	886139	-	NA	B9J08_00416
B9J08_00078	1349.46974465454	-0.0321920758326492	0.09329733511667	-0.345048181626972	0.730058148770294	0.851845821726693	CM076438.1	178241	180125	-	NA	B9J08_00078
B9J08_05443	493.335613816953	-0.0465273655298237	0.136631325656362	-0.340532197183268	0.733455780171169	0.852772661272058	CM076444.1	440837	441692	-	NA	B9J08_05443
B9J08_05364	5007.48722783526	0.0241805929544614	0.0710022992723776	0.340560702994987	0.733434317167541	0.852772661272058	CM076444.1	274795	282187	-	NA	B9J08_05364
B9J08_04593	7.35249897777314	0.371152416829475	1.08845894283729	0.340988899279924	0.733111938574983	0.852772661272058	CM076442.1	401331	402708	-	NA	B9J08_04593
B9J08_04180	8574.94653381718	0.0224134478587416	0.0656854904170552	0.341223727134142	0.732935162362329	0.852772661272058	CM076441.1	863990	865376	+	NA	B9J08_04180
B9J08_03480	5927.39184139561	0.0231952893131567	0.068076206452623	0.340725350630389	0.733310352391898	0.852772661272058	CM076440.1	992579	994457	-	NA	B9J08_03480
B9J08_03363	997.446267340169	0.0345623586216561	0.101514549408417	0.340467044606618	0.733504836563663	0.852772661272058	CM076440.1	745540	746740	-	NA	B9J08_03363
B9J08_00821	1.72558146089913	0.655330789464081	1.92304924825957	0.340776914609534	0.733271530809855	0.852772661272058	CM076438.1	1740275	1740349	+	NA	B9J08_00821
B9J08_00010	231.703540374952	0.060906479788893	0.178599748727583	0.341022203126351	0.733086866889199	0.852772661272058	CM076438.1	25728	28023	+	NA	B9J08_00010
B9J08_05342	267.806983711591	0.0571948599720912	0.168143244440723	0.340155562968541	0.733739380549167	0.852865942438537	CM076444.1	225256	226648	-	NA	B9J08_05342
B9J08_01828	717.677509742668	0.0386373847966195	0.113684826600744	0.339864043002962	0.733958916017666	0.852941742815316	CM076438.1	3861924	3863508	+	NA	B9J08_01828
B9J08_04544	2520.12136948493	-0.0265442883230772	0.0783905753335309	-0.338615812042944	0.734899169331365	0.852958359700641	CM076442.1	294879	296256	+	NA	B9J08_04544
B9J08_03904	2270.8279452617	0.0277960163851361	0.0820443492423687	0.338792575501128	0.73476599476121	0.852958359700641	CM076441.1	272689	274180	+	NA	B9J08_03904
B9J08_03647	720.872765714876	0.038075245265535	0.112404851851325	0.338733111946948	0.734810794042881	0.852958359700641	CM076440.1	1368382	1369651	-	NA	B9J08_03647
B9J08_03472	2090.52276584555	0.0290405792255151	0.085524351481333	0.339559186623632	0.734188518030608	0.852958359700641	CM076440.1	973120	973921	-	NA	B9J08_03472
B9J08_00292	3116.91179119638	0.0264934304306979	0.0780721815470377	0.339345332815324	0.734349595813228	0.852958359700641	CM076438.1	622953	623487	+	NA	B9J08_00292
B9J08_00013	58.3977998358854	0.114832733233198	0.338948832169933	0.338790762304873	0.734767360792851	0.852958359700641	CM076438.1	32164	34195	-	NA	B9J08_00013
B9J08_05241	4.83357277223009	0.413645162865842	1.22531218138479	0.337583490272951	0.735677085379476	0.853502781463553	CM076443.1	940927	941449	-	NA	B9J08_05241
B9J08_01684	4147.1488234163	-0.0246942523677698	0.0731436716118956	-0.337612972162497	0.735654865251902	0.853502781463553	CM076438.1	3529736	3532048	-	NA	B9J08_01684
B9J08_05068	132.88943319747	0.0795992928450408	0.23633068401225	0.336813195365333	0.736257725239663	0.853997155802647	CM076443.1	539489	540314	+	NA	B9J08_05068
B9J08_04795	4021.26475066548	0.0241954356310469	0.0719387450674302	0.336333857483444	0.736619120949967	0.85403090377481	CM076442.1	848286	848889	+	NA	B9J08_04795
B9J08_03508	1977.24273355522	0.028169265748237	0.0839093777550912	0.335710578505963	0.737089127853507	0.85403090377481	CM076440.1	1049754	1050735	+	NA	B9J08_03508
B9J08_02797	2646.77678046921	0.0266047883451337	0.0791602012770572	0.33608793201546	0.736804558520164	0.85403090377481	CM076439.1	1813584	1816701	-	NA	B9J08_02797
B9J08_02194	417.802501350609	0.0466275436471537	0.138960590999909	0.335545087363541	0.737213939191174	0.85403090377481	CM076439.1	501610	502597	-	NA	B9J08_02194
B9J08_01225	92382.8651041308	0.0208557144576712	0.06211559193084	0.335756511519558	0.737054486981749	0.85403090377481	CM076438.1	2532974	2534909	+	NA	B9J08_01225
B9J08_00144	13746.701431109	-0.0230635529660037	0.0686872981493534	-0.335776098163803	0.737039715667707	0.85403090377481	CM076438.1	302954	304550	-	NA	B9J08_00144
B9J08_01027	2845.82511125134	-0.0258019308007469	0.0771178963290903	-0.334577731356164	0.737943645490112	0.85469709317348	CM076438.1	2110304	2110751	-	NA	B9J08_01027
B9J08_05305	17.3895877882816	0.206405660438599	0.617729495400143	0.334135996379607	0.738276938324341	0.854724892777259	CM076444.1	137885	138761	-	NA	B9J08_05305
B9J08_00027	586.929006195204	0.0405855703077284	0.121442982113659	0.33419444747943	0.738232833641942	0.854724892777259	CM076438.1	59578	60298	+	NA	B9J08_00027
B9J08_03390	1564.74050745993	0.0292580382966818	0.0877327634764116	0.333490444587994	0.738764101164282	0.855109777410468	CM076440.1	809054	810719	+	NA	B9J08_03390
B9J08_01983	486.004130118275	0.0434251316086447	0.130322344539322	0.333213247215194	0.738973319151103	0.855172850701036	CM076439.1	62883	63309	-	NA	B9J08_01983
B9J08_04768	2389.01500587014	-0.0275542188278478	0.0829263143943795	-0.332273525346923	0.739682729039074	0.855703695793442	CM076442.1	789713	790685	+	NA	B9J08_04768
B9J08_02608	17631.3531002101	-0.0254015429342636	0.0764656556405868	-0.332195450643345	0.739741678759013	0.855703695793442	CM076439.1	1384433	1385408	-	NA	B9J08_02608
B9J08_05083	1343.85019675549	-0.0309413738050288	0.0936067496264433	-0.330546396798379	0.740987141198255	0.856965040678543	CM076443.1	573364	575620	-	NA	B9J08_05083
B9J08_00390	341.806375292805	-0.0501046991975531	0.151692141282139	-0.330305174507104	0.741169383462489	0.85699648167305	CM076438.1	829669	832006	+	NA	B9J08_00390
B9J08_03728	1825.42703022586	-0.0280827433120648	0.0853149981468887	-0.329165374459882	0.742030693088885	0.85745424225429	CM076440.1	1557828	1558533	-	NA	B9J08_03728
B9J08_03718	21.1872770495013	-0.187316652896337	0.5687427434342	-0.329352163273813	0.741889520719873	0.85745424225429	CM076440.1	1533666	1535319	-	NA	B9J08_03718
B9J08_03026	1.48424023418022	-0.691969812460152	2.09982331370297	-0.329537160552753	0.741749710927911	0.85745424225429	CM076440.1	27859	27931	+	NA	B9J08_03026
B9J08_04889	33.0859692875619	-0.14762974569414	0.448998657850795	-0.328797743852496	0.742308568501996	0.857596040574944	CM076443.1	101562	102699	-	NA	B9J08_04889
B9J08_04231	1384.72529912999	0.0300875477982361	0.0916667539829997	0.328227481512175	0.742739670565373	0.857603912320775	CM076441.1	982483	984448	+	NA	B9J08_04231
B9J08_03648	799.568159514914	-0.0361398644644616	0.110028328724406	-0.328459632927654	0.742564160970812	0.857603912320775	CM076440.1	1369712	1370201	+	NA	B9J08_03648
B9J08_01120	599.705356957213	-0.039915898511657	0.121630669366617	-0.328172974131574	0.742780880817722	0.857603912320775	CM076438.1	2314285	2316370	+	NA	B9J08_01120
B9J08_02010	1019.01116003263	-0.0362353428113321	0.11053453234173	-0.327819207659978	0.743048363529551	0.857733564166213	CM076439.1	115845	116544	+	NA	B9J08_02010
B9J08_01808	4360.60734072895	0.0238236345746513	0.0727414250872155	0.327511243367686	0.743281240487348	0.857823223256123	CM076438.1	3818345	3820025	-	NA	B9J08_01808
B9J08_00825	7249.83258660818	0.0220156157702629	0.0672941424786263	0.327155008732825	0.743550647893631	0.857954996014217	CM076438.1	1750237	1750549	+	NA	B9J08_00825
B9J08_04406	3957.72427711249	0.0236542369340557	0.0723613353023966	0.326890553293483	0.743750666313351	0.858006665145876	CM076441.1	1375325	1380164	+	NA	B9J08_04406
B9J08_05564	426.73587504674	-0.0453003399777566	0.139387697326449	-0.324995253143913	0.745184664305168	0.85822091051433	CM076444.1	719756	720458	-	NA	B9J08_05564
B9J08_05390	1160.79696515594	0.0315080720128397	0.0974579445312105	0.32329916421282	0.746468686903963	0.85822091051433	CM076444.1	329328	330669	-	NA	B9J08_05390
B9J08_04623	27.7336490278698	-0.159262730482215	0.490653304122411	-0.324593208980982	0.745488967615601	0.85822091051433	CM076442.1	475446	475518	+	NA	B9J08_04623
B9J08_04601	2416.76612939408	0.025872677163133	0.0797062372517014	0.324600408390007	0.745483518103695	0.85822091051433	CM076442.1	425146	427150	+	NA	B9J08_04601
B9J08_04599	8014.36600236271	0.0265446276194756	0.0821015165739168	0.323314705101424	0.746456918486168	0.85822091051433	CM076442.1	422667	423819	+	NA	B9J08_04599
B9J08_04352	439.723095458711	0.0441212345928489	0.136431563468231	0.323394627102714	0.746396398073822	0.85822091051433	CM076441.1	1263150	1264455	-	NA	B9J08_04352
B9J08_04237	505.96922800929	0.0428167460471485	0.131246639608615	0.326231179516904	0.744249452835393	0.85822091051433	CM076441.1	994613	995750	-	NA	B9J08_04237
B9J08_03891	5241.26511175977	0.0236378325257266	0.0728468923571604	0.324486491610828	0.74556974762521	0.85822091051433	CM076441.1	245609	249128	+	NA	B9J08_03891
B9J08_03404	1.50778500064965	-0.72037936643828	2.21965429608572	-0.324545749177538	0.745524892100132	0.85822091051433	CM076440.1	834158	834245	-	NA	B9J08_03404
B9J08_03080	1378.87262486672	-0.0302103750739327	0.093128830869902	-0.324393367679399	0.74564024032921	0.85822091051433	CM076440.1	136895	139142	+	NA	B9J08_03080
B9J08_02883	364.242105556619	0.0481410744250626	0.14897101890975	0.323157314606457	0.746576105980261	0.85822091051433	CM076439.1	1995673	1998010	-	NA	B9J08_02883
B9J08_02656	3038.84620248165	0.0249047624084101	0.0763375906367654	0.32624506747814	0.744238946112189	0.85822091051433	CM076439.1	1496796	1497468	-	NA	B9J08_02656
B9J08_01790	396.875432061616	-0.0458791756961913	0.14180445169795	-0.323538331461668	0.746287582823684	0.85822091051433	CM076438.1	3778134	3778839	-	NA	B9J08_01790
B9J08_01726	1115.61594801798	0.0314776392738148	0.0967728083957217	0.325273594883151	0.744974013442389	0.85822091051433	CM076438.1	3623645	3625898	-	NA	B9J08_01726
B9J08_01632	4386.0821224934	-0.0253274413326236	0.0781350537671442	-0.324149534831111	0.745824826351562	0.85822091051433	CM076438.1	3401631	3403005	-	NA	B9J08_01632
B9J08_01352	4.71729001464664	0.387610409017334	1.1942508250784	0.324563651854198	0.745511340684639	0.85822091051433	CM076438.1	2816311	2816385	-	NA	B9J08_01352
B9J08_00964	1123.78495927702	-0.0322394459597814	0.0997602216748152	-0.32316934965192	0.746566991957168	0.85822091051433	CM076438.1	1992891	1994097	-	NA	B9J08_00964
B9J08_05403	335.588041755203	-0.0496389966777922	0.154076902677975	-0.322170265724637	0.747323709074228	0.858544614436345	CM076444.1	354310	354895	+	NA	B9J08_05403
B9J08_05139	9217.42108769463	0.022322568281238	0.0692378819460086	0.32240397386282	0.747146674116268	0.858544614436345	CM076443.1	703584	704781	-	NA	B9J08_05139
B9J08_01638	3096.34777300159	-0.0246044074816298	0.0763502448369721	-0.322257086852395	0.747257940125713	0.858544614436345	CM076438.1	3417435	3421803	+	NA	B9J08_01638
B9J08_03424	1080.64718947225	-0.0327540002529326	0.102040532357796	-0.320990095760022	0.748217896528777	0.859393248984736	CM076440.1	878053	879043	-	NA	B9J08_03424
B9J08_01930	3446.85805498536	-0.0245500013690888	0.0765780265222494	-0.320588065323881	0.748522583102702	0.859564578601419	CM076438.1	4074231	4074696	+	NA	B9J08_01930
B9J08_03594	71.0870969997106	-0.099024602823784	0.309317985028728	-0.320138522868585	0.748863324089512	0.859777231458815	CM076440.1	1246052	1246757	-	NA	B9J08_03594
B9J08_00975	706.344963283522	-0.0374497464016112	0.117250664285553	-0.319399012618009	0.749423959464099	0.860063584708903	CM076438.1	2017992	2018694	-	NA	B9J08_00975
B9J08_00034	555.333592811398	-0.0403442439308163	0.126242541036155	-0.319577248680872	0.74928882353138	0.860063584708903	CM076438.1	78039	78453	+	NA	B9J08_00034
B9J08_03089	342.866722093763	-0.0484416121078947	0.151977813704575	-0.318741340772665	0.74992266301557	0.86045724693524	CM076440.1	154540	154927	-	NA	B9J08_03089
B9J08_04253	1715.44406633941	-0.030325736776012	0.0954459617370677	-0.31772676626752	0.750692205951751	0.86068993585148	CM076441.1	1030392	1032978	+	NA	B9J08_04253
B9J08_04118	1655.98847061141	0.0276257400310799	0.0869683652022646	0.317652746108657	0.750748359098966	0.86068993585148	CM076441.1	733253	734336	-	NA	B9J08_04118
B9J08_01645	2203.85791246859	-0.0263842924865542	0.0829732477938943	-0.317985533748092	0.750495910235446	0.86068993585148	CM076438.1	3438352	3439036	-	NA	B9J08_01645
B9J08_00799	1948.60349131873	0.0267827224490831	0.0841517166514984	0.318267095607802	0.75028234151808	0.86068993585148	CM076438.1	1691592	1694631	+	NA	B9J08_00799
B9J08_02436	1368.03835024357	-0.0306589823705875	0.0966008691976411	-0.317377914145478	0.750956863577337	0.860750432391527	CM076439.1	1016745	1017072	+	NA	B9J08_02436
B9J08_01928	1054.17818014379	-0.0320846802058157	0.101291955885376	-0.316754473989262	0.75142991113453	0.861114061546869	CM076438.1	4070825	4072106	+	NA	B9J08_01928
B9J08_03497	678.730086989478	-0.0363942501148176	0.115272631680959	-0.315723251773642	0.752212576393068	0.861832278135258	CM076440.1	1027411	1029163	+	NA	B9J08_03497
B9J08_04696	832.854126082504	0.0341391502068056	0.108257860162822	0.31535031410615	0.752495687154958	0.861977961223927	CM076442.1	621827	622820	+	NA	B9J08_04696
B9J08_01392	1919.26040012403	-0.0264347425145254	0.0839691627569625	-0.314814887353792	0.752902207595044	0.86226491947323	CM076438.1	2893193	2893853	+	NA	B9J08_01392
B9J08_02033	2202.68980386503	-0.0260092768875083	0.0827473642553585	-0.314321514909449	0.753276859153159	0.862515268394347	CM076439.1	160105	162442	+	NA	B9J08_02033
B9J08_05348	1663.50409111396	0.0280350549594978	0.0897007563375699	0.312539783432749	0.754630333360165	0.863668038265943	CM076444.1	235450	236698	-	NA	B9J08_05348
B9J08_04838	1.32086794365792	-0.761383493038335	2.44084461536692	-0.311934437876489	0.755090349736367	0.863668038265943	CM076442.1	945590	947111	-	NA	B9J08_04838
B9J08_04819	359.302611681927	0.0470849668569193	0.151916786639086	0.309939196968276	0.756607194621923	0.863668038265943	CM076442.1	900372	900963	-	NA	B9J08_04819
B9J08_04384	628.575303564688	0.0370208198191353	0.119405995649082	0.310041548733739	0.756529360712301	0.863668038265943	CM076441.1	1323420	1324998	-	NA	B9J08_04384
B9J08_03741	5.97226476873775	0.321584368605193	1.03689223581749	0.31014251770499	0.756452580775478	0.863668038265943	CM076440.1	1591769	1592675	+	NA	B9J08_03741
B9J08_03724	957.463476396623	-0.0321920776316452	0.103517958716205	-0.310980606948597	0.755815364595718	0.863668038265943	CM076440.1	1548302	1549694	+	NA	B9J08_03724
B9J08_03701	1712.04850229052	-0.0290137440563889	0.0935946319578552	-0.309993676447743	0.756565765123123	0.863668038265943	CM076440.1	1483913	1485215	+	NA	B9J08_03701
B9J08_03684	4923.08470036246	0.0217338540280239	0.0696423812110016	0.312077985417743	0.754981256708293	0.863668038265943	CM076440.1	1450074	1450779	+	NA	B9J08_03684
B9J08_03098	653.628751207511	-0.0374435816223904	0.120272213117427	-0.311323627061163	0.755554607343703	0.863668038265943	CM076440.1	170504	172313	+	NA	B9J08_03098
B9J08_02740	1247.38604747537	0.145192730178679	0.468445783670045	0.30994564417074	0.756602291741835	0.863668038265943	CM076439.1	1686893	1688873	-	NA	B9J08_02740
B9J08_02574	4259.56789514828	0.0222402935245861	0.071763163739187	0.30991238911115	0.756627581198425	0.863668038265943	CM076439.1	1332101	1333888	-	NA	B9J08_02574
B9J08_01929	11752.6126028258	0.0233608031229013	0.0752262841986016	0.310540436388264	0.756150014484789	0.863668038265943	CM076438.1	4072866	4073991	+	NA	B9J08_01929
B9J08_01331	1.32086794365792	-0.761383493038335	2.44084461536692	-0.311934437876489	0.755090349736367	0.863668038265943	CM076438.1	2778482	2778554	+	NA	B9J08_01331
B9J08_00042	3.11378366888755	-0.460737789904238	1.48511594218767	-0.310236916065653	0.756380799509396	0.863668038265943	CM076438.1	98075	99233	+	NA	B9J08_00042
B9J08_00031	2349.80295379178	0.0251325408711809	0.0809793833882225	0.310357276378522	0.756289279616801	0.863668038265943	CM076438.1	70827	72150	-	NA	B9J08_00031
B9J08_04766	949.572755526233	0.0344890475032135	0.111663958813037	0.308864631612782	0.757424502096472	0.86432567856574	CM076442.1	785799	788793	+	NA	B9J08_04766
B9J08_04614	2468.96876166132	0.0243510463419681	0.0788713888579456	0.308743724366596	0.757516480364111	0.86432567856574	CM076442.1	454309	454819	+	NA	B9J08_04614
B9J08_04300	1759.10312003185	-0.0329439388146829	0.106870853616857	-0.30825934012645	0.75788500240311	0.864567679727965	CM076441.1	1147299	1148352	+	NA	B9J08_04300
B9J08_02410	246.11280333879	0.0558771022799702	0.18174221695081	0.307452518283596	0.758498958772126	0.865089505805518	CM076439.1	962911	963145	+	NA	B9J08_02410
B9J08_04229	4120.14239167717	-0.0218551014771774	0.0713481561899294	-0.306316275630149	0.759363848279763	0.865718644686932	CM076441.1	976851	979626	+	NA	B9J08_04229
B9J08_03496	547.172861039899	0.0391724613214616	0.127820808288788	0.306463883665627	0.759251474396216	0.865718644686932	CM076440.1	1026514	1027222	-	NA	B9J08_03496
B9J08_04760	1440.1547786474	-0.0283907654988219	0.0927782591946007	-0.306006663040236	0.759599572609294	0.865808793114368	CM076442.1	773907	774867	+	NA	B9J08_04760
B9J08_00833	914.419716545978	0.0330327194708522	0.108049333959028	0.305718862490889	0.759818710316589	0.865880002457688	CM076438.1	1759377	1760382	-	NA	B9J08_00833
B9J08_05298	131.926012349523	-0.0747174140331862	0.245959511027056	-0.303779324170828	0.761296019724487	0.866313177067581	CM076444.1	124727	124979	+	NA	B9J08_05298
B9J08_01964	4.29264844709614	-0.373808738419307	1.22999394180439	-0.303911040302308	0.761195666441796	0.866313177067581	CM076439.1	14129	14738	+	NA	B9J08_01964
B9J08_01955	80.3006681704484	-0.0934096401276248	0.306676836956606	-0.304586551285065	0.760681064135683	0.866313177067581	CM076438.1	4133024	4136768	-	NA	B9J08_01955
B9J08_01602	233.229394465596	0.0539158419803478	0.177261790117003	0.304159412723747	0.761006444758609	0.866313177067581	CM076438.1	3344936	3345380	+	NA	B9J08_01602
B9J08_00996	16393.405933993	0.0201693117913526	0.0663009963681251	0.304208275835945	0.76096922024539	0.866313177067581	CM076438.1	2054338	2055309	+	NA	B9J08_00996
B9J08_00653	2726.47265890557	0.0256138832364823	0.0841256657132354	0.304471685535232	0.760768561065815	0.866313177067581	CM076438.1	1394077	1394836	-	NA	B9J08_00653
B9J08_00402	124.119247172623	-0.0773429462551623	0.254181735828639	-0.304282075984029	0.760912999443896	0.866313177067581	CM076438.1	855352	856675	+	NA	B9J08_00402
B9J08_03914	4116.48703561684	0.0225622817312055	0.0744872220745477	0.30290137157518	0.761965026063713	0.866628081383901	CM076441.1	291955	293845	+	NA	B9J08_03914
B9J08_03462	22.2627425293552	0.17426637089154	0.57507082319821	0.303034624365695	0.761863474991387	0.866628081383901	CM076440.1	954810	954898	-	NA	B9J08_03462
B9J08_02483	480.66285560846	-0.0412578235639458	0.136254881184717	-0.302798866398142	0.762043147372129	0.866628081383901	CM076439.1	1146853	1147363	-	NA	B9J08_02483
B9J08_02556	1378.12275613941	0.0304368644169655	0.100683517388799	0.302302355006439	0.762421583243146	0.866880084465104	CM076439.1	1283646	1284354	+	NA	B9J08_02556
B9J08_04034	98.0796498112672	-0.079889964765416	0.264942258591646	-0.30153726774312	0.763004836057367	0.867364814662498	CM076441.1	543183	544344	-	NA	B9J08_04034
B9J08_02660	109.610777756721	-0.0770579093457597	0.255894218179066	-0.301131889161471	0.76331392490768	0.867537746856826	CM076439.1	1505877	1506300	-	NA	B9J08_02660
B9J08_05061	469.174417526796	0.0412055055105866	0.137041097574665	0.30067991456458	0.763658586290306	0.867751029281768	CM076443.1	520397	521162	-	NA	B9J08_05061
B9J08_04542	1435.268358705	0.0291031982444033	0.0970302729107228	0.299939362957178	0.764223408501357	0.86821434301891	CM076442.1	291489	292449	+	NA	B9J08_04542
B9J08_01370	885.936610467164	-0.0315682786078606	0.105585046284981	-0.298984370595963	0.764951970881127	0.868684927688512	CM076438.1	2854370	2854802	-	NA	B9J08_01370
B9J08_00667	1528.69444295567	-0.028848082568925	0.0964743555170726	-0.299023325051598	0.764922248505322	0.868684927688512	CM076438.1	1415614	1416424	+	NA	B9J08_00667
B9J08_02725	554.455216279308	-0.0382332033020735	0.128069175716018	-0.298535561647185	0.765294438522121	0.868716853914923	CM076439.1	1647450	1649082	-	NA	B9J08_02725
B9J08_01273	2735.19866073282	-0.0243085343135927	0.0814199932953741	-0.298557311659393	0.765277840924242	0.868716853914923	CM076438.1	2636265	2638059	-	NA	B9J08_01273
B9J08_00064	2219.93320180455	0.0240204616548481	0.0806106319272062	0.297981309420069	0.765717428910064	0.869018527635714	CM076438.1	152184	152904	-	NA	B9J08_00064
B9J08_02467	321.272731159168	-0.0464115012059625	0.155917360561484	-0.297667309392791	0.765957096292785	0.86911206553279	CM076439.1	1096160	1098245	-	NA	B9J08_02467
B9J08_01018	1.8878293577401	-0.627336840872802	2.10994659895221	-0.297323563157634	0.76621949380397	0.869231351037468	CM076438.1	2098484	2098566	+	NA	B9J08_01018
B9J08_04616	3980.85935929294	-0.0220807100986463	0.0744138447431952	-0.296728521081629	0.766673780513759	0.869389820455385	CM076442.1	460083	461283	+	NA	B9J08_04616
B9J08_03828	820.342121686056	-0.032030252406352	0.107906813350375	-0.29683252995665	0.76659436882754	0.869389820455385	CM076441.1	113699	114287	-	NA	B9J08_03828
B9J08_02513	3224.2478470567	0.0240210549669156	0.081363250447149	0.295232243487112	0.767816472407353	0.870507003691372	CM076439.1	1195373	1197824	+	NA	B9J08_02513
B9J08_00702	619.158475944308	0.0353793444529329	0.120046268132737	0.294714238128698	0.768212185572113	0.87077702002811	CM076438.1	1490995	1492246	+	NA	B9J08_00702
B9J08_00813	1039.11817065345	0.0297538683049077	0.101342147813937	0.293598161739532	0.769064980626933	0.871564926783896	CM076438.1	1722131	1724879	+	NA	B9J08_00813
B9J08_02253	472.388443289627	0.0386824134001856	0.132071418465399	0.292890118465108	0.769606142139785	0.871999415253504	CM076439.1	606420	606852	-	NA	B9J08_02253
B9J08_03798	6.88736794743934	0.293830260497938	1.00445094229902	0.29252823420665	0.769882775700279	0.872134064622964	CM076441.1	57523	57596	-	NA	B9J08_03798
B9J08_02291	303.696548379389	0.0477420632587273	0.163566377020757	0.291881889959993	0.770376930577004	0.872206538251275	CM076439.1	675312	675918	-	NA	B9J08_02291
B9J08_01734	2211.47931972261	0.0244311926735331	0.0837185472327051	0.291825330002727	0.770420177264832	0.872206538251275	CM076438.1	3639822	3641841	-	NA	B9J08_01734
B9J08_00363	9051.75616715334	-0.0196224307217493	0.0672376619529577	-0.291836898425736	0.770411331797344	0.872206538251275	CM076438.1	753232	755146	+	NA	B9J08_00363
B9J08_04363	5879.64317432884	-0.0205879538455861	0.0708201612224674	-0.290707525797819	0.771275015320396	0.872995496554542	CM076441.1	1283745	1285791	-	NA	B9J08_04363
B9J08_02598	813.236105140697	0.0314825266027742	0.108492883174311	0.290180569283909	0.771678100455591	0.873116604591178	CM076439.1	1370449	1371415	-	NA	B9J08_02598
B9J08_01339	30.7870151836648	-0.135903548000302	0.46838320879685	-0.290154611539986	0.771697957920735	0.873116604591178	CM076438.1	2793236	2795348	+	NA	B9J08_01339
B9J08_04024	5736.93731555239	0.0212913925631491	0.073454226996239	0.289859323742379	0.771923861233761	0.873193446794719	CM076441.1	527761	530227	-	NA	B9J08_04024
B9J08_03416	787.742383998458	0.0338530943269236	0.117168837880059	0.288925749708107	0.772638198249656	0.873822656379343	CM076440.1	861802	862771	-	NA	B9J08_03416
B9J08_02972	4891.01418757181	0.0221071146126712	0.076586343834534	0.288656090705074	0.772844567441028	0.873877234911326	CM076439.1	2209802	2210462	-	NA	B9J08_02972
B9J08_02932	584.883749764668	-0.0378022572043108	0.131287212278676	-0.287935561645334	0.77339606484595	0.874321957538058	CM076439.1	2122949	2123948	-	NA	B9J08_02932
B9J08_04524	1272.27502677186	0.0278389290678754	0.0967831731072407	0.287642243729996	0.773620604982663	0.874396949639914	CM076442.1	244440	245814	-	NA	B9J08_04524
B9J08_05475	4.31514196585046	0.384367266747528	1.33923820863229	0.287004406139268	0.774108946492448	0.874441585848041	CM076444.1	518437	520459	-	NA	B9J08_05475
B9J08_05044	5.61134074935761	-0.308425739782566	1.07343873695484	-0.287324957787079	0.773863514405561	0.874441585848041	CM076443.1	481441	482326	+	NA	B9J08_05044
B9J08_04436	21.2514856291883	0.165480862353822	0.576661664804731	0.286963522033076	0.774140251251592	0.874441585848041	CM076442.1	28794	30084	-	NA	B9J08_04436
B9J08_00524	4680.62574478694	-0.0224723502507372	0.0783652824568888	-0.286764107091682	0.774292947555693	0.874441585848041	CM076438.1	1112798	1118387	-	NA	B9J08_00524
B9J08_03259	496.601099770714	-0.0403770800003065	0.141380553979945	-0.285591468300753	0.775191038732891	0.875276991026903	CM076440.1	528500	530183	-	NA	B9J08_03259
B9J08_02586	462.402473229356	-0.0384911163517895	0.134960374710508	-0.285203093384659	0.775488550563008	0.875363328819168	CM076439.1	1347857	1352270	+	NA	B9J08_02586
B9J08_00592	1138.94218129311	0.0295221897494334	0.103558230799954	0.285078158649333	0.775584262932416	0.875363328819168	CM076438.1	1269364	1269727	-	NA	B9J08_00592
B9J08_02746	8798.32432913719	0.0185291778012007	0.0651176083796056	0.284549421612417	0.775989365546335	0.875570376260466	CM076439.1	1698376	1699975	-	NA	B9J08_02746
B9J08_02664	1400.39580223754	-0.0265863601664047	0.0934739941781648	-0.284425207247805	0.776084543748873	0.875570376260466	CM076439.1	1517021	1520309	+	NA	B9J08_02664
B9J08_05171	840.836654392137	-0.0319693720762196	0.112524781171091	-0.284109613398055	0.776326379979604	0.875664469825973	CM076443.1	767061	768012	+	NA	B9J08_05171
B9J08_01739	2967.28719838642	0.0226186568473597	0.07976938601664	0.283550594743721	0.776754803275053	0.875968944644199	CM076438.1	3655700	3657314	+	NA	B9J08_01739
B9J08_02490	660.706307073488	-0.034119892992109	0.120466375082131	-0.283231673310057	0.776999250187671	0.876065862053704	CM076439.1	1157618	1158311	+	NA	B9J08_02490
B9J08_04481	76.1513763267935	-0.0870953375277218	0.308540785126579	-0.282281441307641	0.777727714870559	0.876708358166343	CM076442.1	127755	129777	+	NA	B9J08_04481
B9J08_04816	5299.80214034385	0.0209392891336375	0.0742741388592348	0.281918975504003	0.778005639098056	0.876842815516915	CM076442.1	893338	894493	+	NA	B9J08_04816
B9J08_04111	23567.4072330955	-0.0181309952597412	0.0644612759649646	-0.281269568253591	0.778503649512124	0.877225213221919	CM076441.1	716782	717754	+	NA	B9J08_04111
B9J08_00403	1987.55730034931	0.023354495984553	0.0833557359178251	0.280178631109161	0.779340460281526	0.877989140639216	CM076438.1	856739	858614	-	NA	B9J08_00403
B9J08_03775	1.81719505833182	-0.544551477371188	1.95033543757432	-0.279209138530785	0.780084330882438	0.878111221341596	CM076440.1	1673712	1675155	+	NA	B9J08_03775
B9J08_03764	417.789956323444	-0.0387387301916118	0.138535962366217	-0.279629415567971	0.779761836673094	0.878111221341596	CM076440.1	1643044	1643455	+	NA	B9J08_03764
B9J08_02564	1.81719505833182	-0.544551477371188	1.95033543757432	-0.279209138530785	0.780084330882438	0.878111221341596	CM076439.1	1297399	1298722	+	NA	B9J08_02564
B9J08_01791	630.661265195338	-0.0338997638844555	0.121237809247324	-0.279613794532532	0.779773822597053	0.878111221341596	CM076438.1	3778886	3780221	+	NA	B9J08_01791
B9J08_03273	2132.11869629156	0.0229741698060338	0.0826635062792734	0.277923969598109	0.781070723408821	0.879040341844363	CM076440.1	561333	563040	+	NA	B9J08_03273
B9J08_02963	4414.02740126792	-0.0206350473674507	0.0744128171343424	-0.277305014943821	0.781545909141162	0.879040341844363	CM076439.1	2191924	2192657	+	NA	B9J08_02963
B9J08_02208	52.8039639990402	-0.101442728992412	0.365647830577198	-0.277432875322352	0.781447741096001	0.879040341844363	CM076439.1	524283	525594	+	NA	B9J08_02208
B9J08_01176	2158.67512525613	0.0232429623986405	0.0837305601448354	0.277592343326442	0.781325310375509	0.879040341844363	CM076438.1	2441802	2444394	+	NA	B9J08_01176
B9J08_00127	1427.818321048	0.0267914175460663	0.0967786844969334	0.276831801189808	0.781909261258753	0.879270088906841	CM076438.1	269656	270673	-	NA	B9J08_00127
B9J08_02296	1720.14107998672	-0.024207930042271	0.0875501981156091	-0.276503429613085	0.782161425841772	0.879374735685003	CM076439.1	688231	692080	+	NA	B9J08_02296
B9J08_02486	5486.19694893876	0.0194505254865565	0.0704168957688047	0.276219581596115	0.782379418143016	0.879440928223805	CM076439.1	1151725	1152418	+	NA	B9J08_02486
B9J08_04448	11723.7669219453	0.0176269392507828	0.0639941902274572	0.275445930140387	0.782973661083391	0.879558657243305	CM076442.1	51044	53858	-	NA	B9J08_04448
B9J08_02242	1003.3576854888	0.0284123382605859	0.103047260594728	0.275721432055609	0.782762033077933	0.879558657243305	CM076439.1	579227	579653	-	NA	B9J08_02242
B9J08_00792	1448.70562063499	-0.0299334568309916	0.10863426657515	-0.275543415302432	0.782898775591509	0.879558657243305	CM076438.1	1681874	1682180	+	NA	B9J08_00792
B9J08_00353	795.56741478986	-0.0308660525515336	0.112136408325438	-0.275254513787844	0.783120707851331	0.879558657243305	CM076438.1	736394	738056	-	NA	B9J08_00353
B9J08_04761	702.202884736255	0.0315528386390777	0.114907139172196	0.274594240761609	0.783627991519056	0.879569309616235	CM076442.1	775005	775806	-	NA	B9J08_04761
B9J08_03890	1580.91624220404	0.024289158303114	0.0883938450108526	0.274783366422537	0.78348267803855	0.879569309616235	CM076441.1	242568	244782	-	NA	B9J08_03890
B9J08_02910	1314.45720516636	0.0256760771157744	0.0935670550254302	0.274413650283169	0.78376675409082	0.879569309616235	CM076439.1	2068777	2069140	+	NA	B9J08_02910
B9J08_01511	199.648230640327	-0.0522635034188162	0.190367681084754	-0.274539791213551	0.783669828877093	0.879569309616235	CM076438.1	3158064	3158829	+	NA	B9J08_01511
B9J08_05218	3377.15333161213	0.0207011076149644	0.0757310818252494	0.273350216529754	0.784584017365553	0.879920636775038	CM076443.1	883098	883698	-	NA	B9J08_05218
B9J08_03773	4.38538643821016	-0.330692405999819	1.21032896688336	-0.273225226403829	0.784680089595034	0.879920636775038	CM076440.1	1669726	1671170	+	NA	B9J08_03773
B9J08_02087	50.9206322160254	0.0998173290912243	0.365393418755086	0.273177687302927	0.784716630842078	0.879920636775038	CM076439.1	275593	276607	-	NA	B9J08_02087
B9J08_01213	989.751490207699	-0.0295056577045817	0.107875150433492	-0.273516723601444	0.784456038710049	0.879920636775038	CM076438.1	2502531	2503971	-	NA	B9J08_01213
B9J08_00864	517.639708361213	0.034715148819229	0.12747126885899	0.272337046065111	0.785362873657564	0.88046665369277	CM076438.1	1815896	1816592	-	NA	B9J08_00864
B9J08_03801	37463.4665823676	-0.016566138690264	0.0609497086318363	-0.271800129354693	0.785775705751821	0.880750826544375	CM076441.1	62113	64240	+	NA	B9J08_03801
B9J08_04963	1645.33788775335	-0.0250558327690331	0.0924817321448115	-0.270927373308706	0.7864468912497	0.881293092604458	CM076443.1	301121	302225	+	NA	B9J08_04963
B9J08_03443	4051.18861720349	-0.0201981071341164	0.0745988192270875	-0.270756391902545	0.786578401631589	0.881293092604458	CM076440.1	914952	916062	-	NA	B9J08_03443
B9J08_00070	1766.77288008187	0.0230552926060472	0.0852274247511477	0.270514950714109	0.786764116536607	0.88132251157232	CM076438.1	163853	164999	+	NA	B9J08_00070
B9J08_05371	1053.20867797806	-0.029353952640902	0.108999832461254	-0.269302731738937	0.78769673018794	0.881676172711831	CM076444.1	294576	295449	+	NA	B9J08_05371
B9J08_04864	39.7983947201713	-0.110814167520892	0.410991737720426	-0.269626265811387	0.787447791279663	0.881676172711831	CM076443.1	35516	37511	+	NA	B9J08_04864
B9J08_04020	1981.63451426217	-0.0261800846615773	0.0971983869928747	-0.269346904527299	0.787662740755353	0.881676172711831	CM076441.1	522352	523843	-	NA	B9J08_04020
B9J08_02782	3352.89390698219	-0.0235554723443936	0.0876540802510892	-0.26873218311022	0.788135783937972	0.881676172711831	CM076439.1	1782726	1783353	-	NA	B9J08_02782
B9J08_01731	936.825684830302	-0.0276205201532926	0.10281838280605	-0.268634065227366	0.788211295288149	0.881676172711831	CM076438.1	3631821	3634155	-	NA	B9J08_01731
B9J08_01724	4041.26171544645	0.0202772570966974	0.0755356913729317	0.268446038265346	0.78835600606873	0.881676172711831	CM076438.1	3619390	3621514	-	NA	B9J08_01724
B9J08_00767	970.505851746045	0.0293203137573112	0.109051844746694	0.268865820889288	0.788032939740871	0.881676172711831	CM076438.1	1633733	1634879	-	NA	B9J08_00767
B9J08_00443	6942.21391040908	0.0186642659298423	0.0694762033667823	0.268642571490398	0.788204748804265	0.881676172711831	CM076438.1	941751	942648	+	NA	B9J08_00443
B9J08_03401	2363.89924925194	0.0212217294725688	0.0796396867332522	0.266471784898521	0.789875886467344	0.88319725359195	CM076440.1	828998	830849	-	NA	B9J08_03401
B9J08_04259	316.032370432768	-0.0415733820717216	0.156227422271503	-0.266108097203783	0.790155959106128	0.883331712374508	CM076441.1	1039791	1040997	-	NA	B9J08_04259
B9J08_04439	522.77514672285	-0.0348487108042077	0.131247071744703	-0.265519910966046	0.790608973418747	0.883659412757415	CM076442.1	37746	40131	-	NA	B9J08_04439
B9J08_01185	2144.5146372355	0.0241975252191649	0.0915845305717856	0.264209742279549	0.791618304474012	0.884608647154845	CM076438.1	2463664	2464651	-	NA	B9J08_01185
B9J08_01806	680.538542317329	0.0315094408592245	0.120211670739377	0.262116320864869	0.793231764334344	0.886232456332306	CM076438.1	3811339	3813613	+	NA	B9J08_01806
B9J08_01994	23.1565763643246	-0.140744161020998	0.542876545715594	-0.259256293409169	0.795437499537979	0.888517190773325	CM076439.1	86122	86953	+	NA	B9J08_01994
B9J08_01564	15.2604172038226	0.173373184144986	0.669315564544574	0.259030557974482	0.795611663063269	0.888532160386075	CM076438.1	3253647	3256905	+	NA	B9J08_01564
B9J08_01738	239.013498127103	-0.0457114596493178	0.177285616894216	-0.257840768191552	0.796529799509519	0.889198182566978	CM076438.1	3655107	3655657	+	NA	B9J08_01738
B9J08_01333	264.157213851936	-0.0442573905205824	0.171595425295445	-0.257917077010544	0.796470905086976	0.889198182566978	CM076438.1	2784018	2784463	-	NA	B9J08_01333
B9J08_04553	1385.94545385295	0.02378481062401	0.0924253805092875	0.257340683835431	0.796915788537058	0.889449427149499	CM076442.1	312363	314313	-	NA	B9J08_04553
B9J08_00984	8434.2964767823	-0.0170375427441861	0.0663662514390879	-0.256719980031168	0.797394946509315	0.889804536514635	CM076438.1	2031754	2032039	-	NA	B9J08_00984
B9J08_03807	215.488965296887	-0.0472872901282706	0.184409298740018	-0.256425735856937	0.797622117676889	0.889878369882957	CM076441.1	71813	72173	+	NA	B9J08_03807
B9J08_04935	1304.86642546939	0.0239443839060367	0.0937259952112402	0.255472175590888	0.798358431417653	0.890340405658872	CM076443.1	235719	236553	+	NA	B9J08_04935
B9J08_00318	945.800108675887	-0.0277497004631276	0.108549671233771	-0.255640575855511	0.798228384175079	0.890340405658872	CM076438.1	675643	676168	+	NA	B9J08_00318
B9J08_04959	812.632959227953	0.0293410194615236	0.114982967091416	0.255177094518671	0.798586321507122	0.890414887829305	CM076443.1	291670	293875	-	NA	B9J08_04959
B9J08_02936	2342.74780990555	-0.0203441948328711	0.0798491185507199	-0.254782960690399	0.798890736461251	0.890574647120076	CM076439.1	2132950	2133952	-	NA	B9J08_02936
B9J08_04381	10650.8124222915	-0.0164793559277443	0.0647687390522762	-0.254433792735156	0.79916044691321	0.890695662449952	CM076441.1	1318441	1319191	+	NA	B9J08_04381
B9J08_04697	25675.8878285812	-0.0168763011709679	0.0665129100503932	-0.253729706882193	0.79970438213338	0.891122201623224	CM076442.1	623667	625125	+	NA	B9J08_04697
B9J08_02799	831.150903301057	-0.0302860917855876	0.11994780564997	-0.252493921180751	0.80065931212909	0.891996475190987	CM076439.1	1818823	1821895	+	NA	B9J08_02799
B9J08_01862	14838.244480081	0.0178768051221307	0.0709149709208955	0.252087886238747	0.800973133050999	0.891996475190987	CM076438.1	3932092	3932713	-	NA	B9J08_01862
B9J08_00240	1117.51547778611	0.0246425125120571	0.0976909020677861	0.252249820509981	0.800847971588871	0.891996475190987	CM076438.1	523375	524884	-	NA	B9J08_00240
B9J08_04782	1121.50204614487	-0.0244052272956564	0.0970951116282998	-0.251353820870865	0.801540567374972	0.892448572901183	CM076442.1	819816	820929	-	NA	B9J08_04782
B9J08_04888	1158.11644078229	-0.024197085185742	0.0965367770402484	-0.25065147115543	0.80208358344482	0.89272647772925	CM076443.1	97931	100082	-	NA	B9J08_04888
B9J08_04447	436.626521772234	-0.0342279014106516	0.13660880206104	-0.250554143614829	0.802158839002785	0.89272647772925	CM076442.1	50141	50972	+	NA	B9J08_04447
B9J08_01209	529.088247792951	-0.03178402194024	0.126930829780116	-0.250404271328722	0.802274726774233	0.89272647772925	CM076438.1	2495683	2498233	+	NA	B9J08_01209
B9J08_02081	1366.63173140713	0.0230611332822933	0.0922981288212472	0.249854829960373	0.802699615922654	0.892839761965086	CM076439.1	266507	268178	+	NA	B9J08_02081
B9J08_02009	24.1859023544868	-0.133873836488262	0.535746284811743	-0.249882902193721	0.802677905935918	0.892839761965086	CM076439.1	114151	114952	-	NA	B9J08_02009
B9J08_02864	145.045647618399	0.0573852592559262	0.231076791120835	0.248338480803632	0.803872527940559	0.89396447926106	CM076439.1	1955778	1956003	-	NA	B9J08_02864
B9J08_05111	12889.5370067334	-0.0192574687824584	0.0777849277929556	-0.247573268097864	0.80446459589047	0.894009020955662	CM076443.1	637914	639357	-	NA	B9J08_05111
B9J08_04589	2917.09456853889	-0.0195500327574465	0.0789473261846793	-0.247633880743644	0.804417693979056	0.894009020955662	CM076442.1	392521	393904	+	NA	B9J08_04589
B9J08_03281	364.025520011793	0.0407533312480201	0.164692860450849	0.247450503540088	0.804559592949786	0.894009020955662	CM076440.1	576692	577437	+	NA	B9J08_03281
B9J08_00014	2376.96434499346	0.0213920332869738	0.0864270609511753	0.247515454668285	0.804509332431311	0.894009020955662	CM076438.1	36153	37053	+	NA	B9J08_00014
B9J08_03082	3215.36110635472	-0.0184381358701241	0.0746567583934211	-0.246972092907651	0.804929821808986	0.894240628168495	CM076440.1	142154	144128	-	NA	B9J08_03082
B9J08_00371	6327.87905862311	-0.0171568417866652	0.0695828132419415	-0.246567233880158	0.805243165277941	0.894408957896138	CM076438.1	776923	778288	+	NA	B9J08_00371
B9J08_04412	867.36092147756	0.026714665710862	0.108536797700483	0.246134640756433	0.805578008311688	0.894601095426703	CM076441.1	1389698	1391063	-	NA	B9J08_04412
B9J08_02282	1163.91598934139	0.0248380837709151	0.101066535257446	0.245759723608268	0.805868236856156	0.894743620952988	CM076439.1	659876	661328	+	NA	B9J08_02282
B9J08_02641	394.016454285122	0.0357995781345864	0.145886238200922	0.245393798456037	0.806151530360978	0.894878390902817	CM076439.1	1461075	1461792	-	NA	B9J08_02641
B9J08_00439	966.489242391628	-0.0253186772322193	0.103415063234066	-0.244825815896026	0.806591303913018	0.895186774443223	CM076438.1	933695	935602	-	NA	B9J08_00439
B9J08_01476	1114.70204564827	0.0256894241009864	0.105147932661149	0.244316968016607	0.806985343021532	0.895444286464567	CM076438.1	3082031	3082570	-	NA	B9J08_01476
B9J08_04560	13632.9688013926	0.0157728649731363	0.0650017335205507	0.242652989679877	0.808274227881504	0.896514480734712	CM076442.1	324407	326996	+	NA	B9J08_04560
B9J08_01214	763.539201122547	-0.0278423193897171	0.114728702700106	-0.242679632336603	0.808253586894783	0.896514480734712	CM076438.1	2505377	2506378	+	NA	B9J08_01214
B9J08_04896	5.47046197758962	0.270725053660907	1.11821593861816	0.242104448980987	0.808699230950927	0.896805908801319	CM076443.1	132285	133308	-	NA	B9J08_04896
B9J08_03428	4623.44667906807	0.0170193920005686	0.0705824993973998	0.241127647021176	0.809456185629414	0.897465263384909	CM076440.1	886063	886474	-	NA	B9J08_03428
B9J08_04424	2367.16091027311	0.0191161067861512	0.0795769949668063	0.240221521233932	0.810158530549019	0.897703728617568	CM076441.1	1422972	1423470	-	NA	B9J08_04424
B9J08_04099	2492.05176057531	0.0189634587864575	0.0788446199317903	0.240516839359021	0.809929610425311	0.897703728617568	CM076441.1	676784	681005	+	NA	B9J08_04099
B9J08_00065	23.4763044127905	0.133113887068008	0.553652498850991	0.24042858533875	0.809998020105279	0.897703728617568	CM076438.1	153357	154041	-	NA	B9J08_00065
B9J08_00782	469.034789873523	0.0334141371242842	0.139500808839841	0.239526475883351	0.810697369081239	0.898120737404691	CM076438.1	1656376	1657600	+	NA	B9J08_00782
B9J08_04185	682.194534227093	-0.0278243886781267	0.11633553922943	-0.239173590997443	0.81097097978987	0.898243808677077	CM076441.1	876721	877264	+	NA	B9J08_04185
B9J08_02563	48265.7702145692	-0.0179513345063275	0.0755443717285741	-0.237626365744697	0.812170899259136	0.899392618754807	CM076439.1	1295903	1296302	+	NA	B9J08_02563
B9J08_04001	0.683978738298387	-0.72046522101735	3.03834314653761	-0.237124375447312	0.812560302686966	0.899518759067097	CM076441.1	483392	484136	-	NA	B9J08_04001
B9J08_00158	647.00075641189	0.0282255347491496	0.119064981222324	0.237059918536799	0.81261030649937	0.899518759067097	CM076438.1	340983	341991	+	NA	B9J08_00158
B9J08_03709	802.598327066951	-0.0260840420048037	0.11044833482579	-0.236165099690694	0.81330455999919	0.900106989009917	CM076440.1	1509956	1511498	+	NA	B9J08_03709
B9J08_05377	57810.232957897	-0.0144896501893577	0.0614447602141382	-0.235815879805869	0.813575545320152	0.900226634431327	CM076444.1	309509	310085	+	NA	B9J08_05377
B9J08_04873	380.409543168026	0.0343955326193549	0.14608549311065	0.235447968767868	0.813861058617751	0.900362304039293	CM076443.1	65526	66480	-	NA	B9J08_04873
B9J08_02968	2097.54534465457	-0.0202208851513102	0.0859670030352775	-0.235216820842438	0.814040451065708	0.900380542933794	CM076439.1	2200602	2200845	+	NA	B9J08_02968
B9J08_05053	3854.45530402536	0.0169407177564451	0.0725530061146911	0.233494360380676	0.815377548310107	0.900549056145085	CM076443.1	499195	500047	-	NA	B9J08_05053
B9J08_04428	0.234741156563345	-1.1639905072189	4.98835780772598	-0.233341422585225	0.8154962956407	0.900549056145085	CM076441.1	1440490	1440608	+	NA	B9J08_04428
B9J08_04426	643.680626658582	-0.0285207527645732	0.121840315321998	-0.234083051157565	0.814920503653387	0.900549056145085	CM076441.1	1427835	1429680	+	NA	B9J08_04426
B9J08_04049	1122.08157637523	-0.0239632523444085	0.102491328270561	-0.233807608397359	0.815134342627799	0.900549056145085	CM076441.1	571582	573877	-	NA	B9J08_04049
B9J08_03859	152.399904352018	0.0510955922260191	0.218518186946305	0.233827641259784	0.815118789724121	0.900549056145085	CM076441.1	183950	184853	-	NA	B9J08_03859
B9J08_03784	0.234741156563345	-1.1639905072189	4.98835780772598	-0.233341422585225	0.8154962956407	0.900549056145085	CM076441.1	18860	18932	+	NA	B9J08_03784
B9J08_03754	0.234741156563345	-1.1639905072189	4.98835780772598	-0.233341422585225	0.8154962956407	0.900549056145085	CM076440.1	1622379	1622452	+	NA	B9J08_03754
B9J08_02330	0.234741156563345	-1.1639905072189	4.98835780772598	-0.233341422585225	0.8154962956407	0.900549056145085	CM076439.1	756822	758204	-	NA	B9J08_02330
B9J08_03217	589.674824552523	-0.029031417822747	0.124594113071917	-0.233007941603066	0.815755238978686	0.900655055100918	CM076440.1	433352	435452	+	NA	B9J08_03217
B9J08_02454	3374.54359491473	0.0178299253926416	0.0771129534144234	0.231218292169661	0.817145219905025	0.902009512765143	CM076439.1	1061272	1064007	-	NA	B9J08_02454
B9J08_04511	650.611480682399	-0.0282528346068227	0.122621700873793	-0.230406481116272	0.817775925423036	0.902381024299711	CM076442.1	207632	209009	-	NA	B9J08_04511
B9J08_00223	2068.81075104265	0.0193589391339898	0.0840360134293705	0.230364796519772	0.817808313862358	0.902381024299711	CM076438.1	481138	482179	+	NA	B9J08_00223
B9J08_02204	2947.42603777185	-0.019964815267567	0.0867974284696486	-0.230016206926548	0.818079176030973	0.902499721741155	CM076439.1	517259	519314	-	NA	B9J08_02204
B9J08_04753	294.648952324435	-0.0398175386059892	0.173369020788058	-0.229669282464632	0.818348765917703	0.902616968514697	CM076442.1	758327	758726	-	NA	B9J08_04753
B9J08_00086	2107.4384927106	0.0186300962920565	0.081436504218517	0.228768369551654	0.819048952312018	0.903209010261078	CM076438.1	195703	196198	+	NA	B9J08_00086
B9J08_00992	850.894057781112	0.0246154986128589	0.10772242510426	0.228508582024909	0.81925088511034	0.903251474567096	CM076438.1	2048918	2050733	-	NA	B9J08_00992
B9J08_04119	922.343122479645	0.0250835216411207	0.109986500656619	0.228060002740084	0.819599593922201	0.903455715119267	CM076441.1	734912	735278	+	NA	B9J08_04119
B9J08_05529	7521.62037793435	-0.0213939122932361	0.0940694370077084	-0.227426813360039	0.820091872444005	0.903818101495118	CM076444.1	637055	638198	+	NA	B9J08_05529
B9J08_05146	425.160949699313	0.0335039390638063	0.147687071931787	0.226857629618935	0.820534449745352	0.903824641302625	CM076443.1	720163	720736	+	NA	B9J08_05146
B9J08_03067	593.09666595613	-0.0283239622378637	0.12489166012636	-0.226788259594009	0.820588393352013	0.903824641302625	CM076440.1	111083	112241	+	NA	B9J08_03067
B9J08_01831	30.4705324764003	0.113144129371083	0.498741531852468	0.226859249019894	0.820533190474866	0.903824641302625	CM076438.1	3867392	3868124	-	NA	B9J08_01831
B9J08_02695	1617.8002355779	0.020070572806193	0.0887945963714758	0.226033718563536	0.821175195269873	0.904235391021484	CM076439.1	1587774	1589658	-	NA	B9J08_02695
B9J08_00089	1717.70543903423	-0.0193562778767538	0.0856897085953317	-0.225888011454952	0.821288522331798	0.904235391021484	CM076438.1	200255	202601	+	NA	B9J08_00089
B9J08_04288	5.82696156821064	0.237068573461234	1.05746938214442	0.224184810893048	0.822613501853417	0.905513806959537	CM076441.1	1114255	1115044	+	NA	B9J08_04288
B9J08_05512	1747.87785989172	-0.0196724670775227	0.088041858425882	-0.223444477766038	0.823189590981333	0.905967516796859	CM076444.1	608063	608523	-	NA	B9J08_05512
B9J08_02333	3981.63679192356	0.0162788292272437	0.0731489232527333	0.222543661661286	0.823890688207051	0.906558597196969	CM076439.1	763639	764149	+	NA	B9J08_02333
B9J08_05585	1328.52676013642	-0.0220747117903495	0.0995446518099233	-0.221756883860524	0.824503145443856	0.906759863778788	CM076444.1	752568	754953	-	NA	B9J08_05585
B9J08_05096	0.211196390093916	-1.08698476548042	4.99363029642328	-0.217674257195007	0.827682922519266	0.906759863778788	CM076443.1	603698	603770	+	NA	B9J08_05096
B9J08_04857	0.211196390093916	-1.08698476548042	4.99363029642328	-0.217674257195007	0.827682922519266	0.906759863778788	CM076443.1	1676	2153	-	NA	B9J08_04857
B9J08_04723	736.539531265882	0.026383272425206	0.120195391183951	0.219503195299961	0.826258091067971	0.906759863778788	CM076442.1	671496	672300	+	NA	B9J08_04723
B9J08_04630	1879.87299251184	-0.0185512382414245	0.0842159090425195	-0.220281873725999	0.825651636136124	0.906759863778788	CM076442.1	485801	487409	-	NA	B9J08_04630
B9J08_04348	0.211196390093916	-1.08698476548042	4.99363029642328	-0.217674257195007	0.827682922519266	0.906759863778788	CM076441.1	1258130	1258202	-	NA	B9J08_04348
B9J08_03880	0.211196390093916	-1.08698476548042	4.99363029642328	-0.217674257195007	0.827682922519266	0.906759863778788	CM076441.1	225719	225792	+	NA	B9J08_03880
B9J08_03620	7.26885337929348	0.206763577823516	0.948485537311064	0.217993390188834	0.827434261455281	0.906759863778788	CM076440.1	1307482	1308793	+	NA	B9J08_03620
B9J08_03118	0.211196390093916	-1.08698476548042	4.99363029642328	-0.217674257195007	0.827682922519266	0.906759863778788	CM076440.1	223607	223683	+	NA	B9J08_03118
B9J08_02781	40025.1073217267	-0.0156393124313681	0.0711176204975481	-0.219907701100704	0.825943038509938	0.906759863778788	CM076439.1	1780901	1781550	-	NA	B9J08_02781
B9J08_02680	46.4040051240746	0.0840303195599858	0.381551346087296	0.220233319634942	0.825689448283071	0.906759863778788	CM076439.1	1549858	1550512	-	NA	B9J08_02680
B9J08_02636	574.505112220986	-0.0299965293841873	0.136758837984148	-0.219338872911924	0.826386082859105	0.906759863778788	CM076439.1	1450342	1450966	+	NA	B9J08_02636
B9J08_02543	0.211196390093916	-1.08698476548042	4.99363029642328	-0.217674257195007	0.827682922519266	0.906759863778788	CM076439.1	1252433	1252506	-	NA	B9J08_02543
B9J08_02085	0.211196390093916	-1.08698476548042	4.99363029642328	-0.217674257195007	0.827682922519266	0.906759863778788	CM076439.1	273672	273744	-	NA	B9J08_02085
B9J08_01967	698.747368492702	0.228903697930623	1.04123532425349	0.219838582689974	0.825996869949729	0.906759863778788	CM076439.1	19040	20819	-	NA	B9J08_01967
B9J08_01449	0.211196390093916	-1.08698476548042	4.99363029642328	-0.217674257195007	0.827682922519266	0.906759863778788	CM076438.1	3024767	3025945	+	NA	B9J08_01449
B9J08_01379	0.211196390093916	-1.08698476548042	4.99363029642328	-0.217674257195007	0.827682922519266	0.906759863778788	CM076438.1	2872282	2872366	-	NA	B9J08_01379
B9J08_01327	569.841057298256	-0.0304969461475185	0.139615686056003	-0.21843495533364	0.827090232615808	0.906759863778788	CM076438.1	2768653	2769079	-	NA	B9J08_01327
B9J08_01267	1047.67258022182	-0.023587514885133	0.106901481252666	-0.220647222178175	0.825367129125468	0.906759863778788	CM076438.1	2624569	2625364	-	NA	B9J08_01267
B9J08_00999	1173.37511348987	-0.0213780249197121	0.0980482917166423	-0.218035669417823	0.827401319752899	0.906759863778788	CM076438.1	2057685	2058466	+	NA	B9J08_00999
B9J08_00239	8006.93713932357	-0.0159118901312235	0.0721853391078239	-0.220431050513676	0.825535465250575	0.906759863778788	CM076438.1	517997	523052	-	NA	B9J08_00239
B9J08_00123	9065.6667268519	0.014410681603737	0.065459636615594	0.22014606784884	0.825757397793004	0.906759863778788	CM076438.1	262116	264360	+	NA	B9J08_00123
B9J08_04210	374.370587103535	-0.0313420799007159	0.144762504403542	-0.216506891959719	0.828592653551807	0.90721703569351	CM076441.1	931991	932405	+	NA	B9J08_04210
B9J08_01576	686.267492434966	0.025688794939557	0.118468774442282	0.216840218534315	0.828332867700693	0.90721703569351	CM076438.1	3284313	3284985	+	NA	B9J08_01576
B9J08_01220	5877.0574363807	-0.0147697689670624	0.0681647055508958	-0.216677661081283	0.828459558304512	0.90721703569351	CM076438.1	2527530	2528868	+	NA	B9J08_01220
B9J08_05080	1403.39626779003	0.0195803101431498	0.0912567855440718	0.214562785949694	0.83010821066106	0.908165352565014	CM076443.1	568308	570546	-	NA	B9J08_05080
B9J08_03135	18.6177177408255	0.126717551714074	0.591608003373265	0.214191746885689	0.830397531773382	0.908165352565014	CM076440.1	253866	254706	+	NA	B9J08_03135
B9J08_02234	4015.21126610092	-0.0165077337044219	0.0769018911137823	-0.214659658759203	0.830032676989746	0.908165352565014	CM076439.1	568707	569601	+	NA	B9J08_02234
B9J08_01733	739.531837671196	0.0247558894420331	0.11552545177614	0.214289483931246	0.830321318183619	0.908165352565014	CM076438.1	3636288	3637890	-	NA	B9J08_01733
B9J08_01456	2592.17070020747	-0.0175901893786571	0.0821467464479863	-0.214131297212056	0.830444670139964	0.908165352565014	CM076438.1	3037050	3037743	-	NA	B9J08_01456
B9J08_00927	11180.9270698628	-0.0143644527807123	0.0669159620422228	-0.214664070310289	0.830029237252326	0.908165352565014	CM076438.1	1929360	1934358	-	NA	B9J08_00927
B9J08_04639	471.678052126137	0.0283956503367518	0.132947250016807	0.213585842002465	0.830870041078418	0.908450784775553	CM076442.1	505143	506079	-	NA	B9J08_04639
B9J08_05182	64.9045592487515	-0.0684393758069822	0.32522476559228	-0.210437159305333	0.833326492970756	0.9086876657252	CM076443.1	790477	791703	+	NA	B9J08_05182
B9J08_04742	67.4581825595212	-0.0671761051788608	0.317194085697914	-0.211782338346741	0.832276847948699	0.9086876657252	CM076442.1	719688	722340	+	NA	B9J08_04742
B9J08_04668	808.908046272704	-0.0249539492781743	0.118606275162684	-0.21039316211513	0.833360829066339	0.9086876657252	CM076442.1	562583	563201	+	NA	B9J08_04668
B9J08_04179	305.44851278385	0.0344263869747026	0.16398476195848	0.209936499974425	0.833717234103942	0.9086876657252	CM076441.1	863281	863833	-	NA	B9J08_04179
B9J08_04068	465.995069493994	0.0292277356907113	0.137201933544238	0.213027141350653	0.831305792797006	0.9086876657252	CM076441.1	612050	613931	-	NA	B9J08_04068
B9J08_04030	14.3529653429917	0.143446654891208	0.681084582741964	0.210615037435892	0.833187677336137	0.9086876657252	CM076441.1	538863	539307	+	NA	B9J08_04030
B9J08_03978	321.968258370793	0.0334386988239809	0.158905778289891	0.210430981074703	0.833331314539415	0.9086876657252	CM076441.1	429546	430221	-	NA	B9J08_03978
B9J08_03897	848.912474695141	0.0277993878626533	0.131666406633574	0.211135008339817	0.832781923218331	0.9086876657252	CM076441.1	256683	258000	-	NA	B9J08_03897
B9J08_03501	2902.40476975501	-0.0164107470974422	0.0777149089916622	-0.211166008046189	0.832757734312016	0.9086876657252	CM076440.1	1034136	1034613	+	NA	B9J08_03501
B9J08_03408	1044.88641822318	-0.0210602175406725	0.0992726745696995	-0.21214516111265	0.831993787975856	0.9086876657252	CM076440.1	845748	847029	+	NA	B9J08_03408
B9J08_03191	1632.53084585238	-0.0515782388221863	0.245532965531499	-0.210066451608794	0.833615808995865	0.9086876657252	CM076440.1	372641	373022	-	NA	B9J08_03191
B9J08_03104	3.44529741827545	-0.309586756856879	1.460564878356	-0.211963714481035	0.832135342740788	0.9086876657252	CM076440.1	183551	184271	+	NA	B9J08_03104
B9J08_03075	4316.47795654087	-0.0158225913243157	0.0753315629248984	-0.210039334244133	0.833636973423349	0.9086876657252	CM076440.1	126991	128332	+	NA	B9J08_03075
B9J08_02999	898.384290588652	0.0230889385480501	0.109532812951572	0.210794719188472	0.833047459439386	0.9086876657252	CM076439.1	2274181	2275063	+	NA	B9J08_02999
B9J08_02229	2659.88715563899	0.0169424118267258	0.0797924047650392	0.212331134480973	0.831848707352261	0.9086876657252	CM076439.1	559587	561441	-	NA	B9J08_02229
B9J08_00941	594.536002375652	0.0262738086374158	0.123642844458678	0.212497607544095	0.831718844069365	0.9086876657252	CM076438.1	1955300	1956146	+	NA	B9J08_00941
B9J08_00356	3.22862535170731	-0.297480539912094	1.42046039679908	-0.20942543740216	0.834116136839228	0.908943195644798	CM076438.1	741365	741439	+	NA	B9J08_00356
B9J08_02080	731.330657592639	0.0234664890541005	0.112271433214711	0.209015671949448	0.834436004371957	0.909112516491978	CM076439.1	264723	265998	+	NA	B9J08_02080
B9J08_04538	182440.968056602	-0.0143140984791266	0.0685608447202215	-0.208779494149156	0.83462037987537	0.909134182020334	CM076442.1	278809	280186	+	NA	B9J08_04538
B9J08_05079	877.937912068546	-0.022960505818085	0.110392811305545	-0.207989139388207	0.835237447438082	0.909268735865724	CM076443.1	567784	568249	+	NA	B9J08_05079
B9J08_02014	5941.63782854525	-0.0145091483103057	0.0696323002026176	-0.208368074414986	0.834941582153067	0.909268735865724	CM076439.1	120741	121821	+	NA	B9J08_02014
B9J08_01351	95.3694882088349	0.0581263333275955	0.279292998804483	0.208119550351803	0.835135622396278	0.909268735865724	CM076438.1	2816229	2816302	-	NA	B9J08_01351
B9J08_04931	4.92736201105923	-0.237996821367593	1.14577227453303	-0.207717385607529	0.835449641998852	0.909320632400089	CM076443.1	227126	228707	+	NA	B9J08_04931
B9J08_02461	363.087299250487	-0.0303740301140115	0.146424630061689	-0.207437984314625	0.835667820484834	0.909379020244079	CM076439.1	1076880	1078371	-	NA	B9J08_02461
B9J08_04214	528.934917015201	-0.026553339117772	0.128604797723387	-0.206472383517798	0.836421934734355	0.90957308194594	CM076441.1	939663	941787	-	NA	B9J08_04214
B9J08_04153	1276.36274834214	0.0195916710808413	0.094936173040855	0.206366766779299	0.836504428357375	0.90957308194594	CM076441.1	811527	813423	+	NA	B9J08_04153
B9J08_03966	4.48616557424344	0.255573227212718	1.23609449191519	0.206758649022645	0.836198351585148	0.90957308194594	CM076441.1	407229	408432	-	NA	B9J08_03966
B9J08_02557	845.254236929792	-0.0219500887680689	0.106053875002993	-0.206971115081362	0.836032416881781	0.90957308194594	CM076439.1	1284375	1286562	-	NA	B9J08_02557
B9J08_02365	555.790238175888	-0.0259948910275533	0.126098297895058	-0.206147834360039	0.836675434709503	0.909580080180847	CM076439.1	830765	831488	-	NA	B9J08_02365
B9J08_05513	1255.78851354125	0.0198043311061629	0.0962295051627974	0.20580310656964	0.836944714455631	0.909593451463863	CM076444.1	609758	611792	+	NA	B9J08_05513
B9J08_03119	2.24288787359743	-0.373794253372761	1.81708684256983	-0.205710725880398	0.837016879707835	0.909593451463863	CM076440.1	223684	223757	+	NA	B9J08_03119
B9J08_01406	2.92799100557715	0.303071699826998	1.47560616421462	0.205387932889468	0.837269047473457	0.909688623036327	CM076438.1	2918295	2918392	-	NA	B9J08_01406
B9J08_04675	2700.7395411939	-0.0155981091577787	0.0774093967004048	-0.201501494943147	0.840306460610308	0.909947846354461	CM076442.1	575628	576999	-	NA	B9J08_04675
B9J08_04541	0.660433971828958	-0.66263558927994	3.27019256100261	-0.202628920749787	0.839425083406697	0.909947846354461	CM076442.1	288479	290300	+	NA	B9J08_04541
B9J08_03821	3080.91906702552	0.0152049428761402	0.0753802095882597	0.20171001061409	0.840143436125242	0.909947846354461	CM076441.1	100901	102941	-	NA	B9J08_03821
B9J08_03622	0.660433971828958	-0.66263558927994	3.27019256100261	-0.202628920749787	0.839425083406697	0.909947846354461	CM076440.1	1317234	1318668	+	NA	B9J08_03622
B9J08_03452	4504.80232067758	0.0144863772201672	0.0707194760229336	0.2048428245632	0.837694927217273	0.909947846354461	CM076440.1	931901	932501	-	NA	B9J08_03452
B9J08_03275	10.116309980229	-0.163625993192344	0.802463449372955	-0.203904605649268	0.838428045905525	0.909947846354461	CM076440.1	566704	568402	+	NA	B9J08_03275
B9J08_02624	3342.63822162419	-0.0152396914467416	0.075110502629813	-0.202896944011298	0.839215582930047	0.909947846354461	CM076439.1	1420866	1423081	-	NA	B9J08_02624
B9J08_02307	54.8479322149823	-0.0709621494541918	0.35194042711361	-0.201631139781746	0.840205099158675	0.909947846354461	CM076439.1	711153	712029	-	NA	B9J08_02307
B9J08_02237	1060.36917739569	0.0200603200556144	0.0994002477741579	0.201813582006278	0.840062463115165	0.909947846354461	CM076439.1	573750	574641	+	NA	B9J08_02237
B9J08_01918	301.831811536545	-0.0327165567166006	0.162104211364511	-0.201824224313541	0.84005414296319	0.909947846354461	CM076438.1	4052561	4055282	+	NA	B9J08_01918
B9J08_01913	1160.9731047104	0.0194738716147983	0.0964056801450364	0.201999214003791	0.83991733864994	0.909947846354461	CM076438.1	4044710	4045966	+	NA	B9J08_01913
B9J08_01556	45.0562923788695	0.0797158937761548	0.389810346801658	0.204499173585856	0.837963437732298	0.909947846354461	CM076438.1	3237448	3238711	+	NA	B9J08_01556
B9J08_01105	1886.9783694811	0.0188232544960508	0.0921962711358905	0.204165030365563	0.838224537488843	0.909947846354461	CM076438.1	2287483	2288458	-	NA	B9J08_01105
B9J08_00973	944.843433266919	-0.0217044735693429	0.106861988729281	-0.203107520526573	0.839050993713585	0.909947846354461	CM076438.1	2016004	2016313	-	NA	B9J08_00973
B9J08_00732	3.40077335378162	0.277469415683492	1.37008562672282	0.202519762467099	0.839510410278218	0.909947846354461	CM076438.1	1560743	1560815	+	NA	B9J08_00732
B9J08_00203	329.180625288	0.0314211322936622	0.155459830421667	0.202117371467832	0.839824967652775	0.909947846354461	CM076438.1	436053	436866	-	NA	B9J08_00203
B9J08_00079	1593.62685659794	-0.017901242804642	0.0887947116325401	-0.201602578301316	0.840227429423833	0.909947846354461	CM076438.1	180424	181261	-	NA	B9J08_00079
B9J08_01423	0.800261495881835	-0.617096515123721	3.06711796511157	-0.201197515760132	0.84054413391329	0.910026920301421	CM076438.1	2955779	2955852	-	NA	B9J08_01423
B9J08_04073	326.121823466881	-0.0321073520593616	0.160414638177038	-0.200152258074647	0.841361504119928	0.910733457358175	CM076441.1	621768	623334	-	NA	B9J08_04073
B9J08_01958	3.87355570198609	0.257862203434527	1.29121918295566	0.199704439678682	0.841711741359101	0.910781533100246	CM076438.1	4148630	4149491	+	NA	B9J08_01958
B9J08_00419	3136.69301591532	0.0150611147199583	0.0754284950260332	0.199674071645737	0.841735493228887	0.910781533100246	CM076438.1	891012	891972	+	NA	B9J08_00419
B9J08_00563	169.357570629838	-0.0408796964647553	0.205620285522614	-0.198811592741706	0.84241012731822	0.911095525499509	CM076438.1	1216819	1217332	+	NA	B9J08_00563
B9J08_00500	4.46149641409268	-0.24689035455001	1.24271041756457	-0.198670865762804	0.842520215456484	0.911095525499509	CM076438.1	1060402	1060744	+	NA	B9J08_00500
B9J08_00138	1447.83533068958	0.0191383368262674	0.0962522444577299	0.198835226483182	0.842391639377109	0.911095525499509	CM076438.1	290454	291423	+	NA	B9J08_00138
B9J08_01068	1000.75918944222	-0.020108996749475	0.101376502822406	-0.198359542789737	0.842763768649928	0.911180623890484	CM076438.1	2199453	2201508	+	NA	B9J08_01068
B9J08_02748	3934.02154775465	-0.0148890836817861	0.0753277055606724	-0.197657469731289	0.843313067371968	0.911596190761758	CM076439.1	1703310	1704642	+	NA	B9J08_02748
B9J08_00372	9876.19344722755	0.0127326996772273	0.0649038835393684	0.196177778322065	0.844471020432164	0.912669403583999	CM076438.1	778666	782308	+	NA	B9J08_00372
B9J08_02996	806.730762966093	-0.0224259402355586	0.114747786865331	-0.195436799682052	0.845051010034938	0.913117679855934	CM076439.1	2266490	2269013	-	NA	B9J08_02996
B9J08_01746	4815.48950592476	0.0138530289626502	0.0709713447057984	0.195191862576029	0.8452427492643	0.913146339949919	CM076438.1	3672756	3673215	-	NA	B9J08_01746
B9J08_03056	0.776716729412407	-0.569165202904125	2.92239934380262	-0.194759557454434	0.845581184421591	0.9131473583774	CM076440.1	88436	88518	-	NA	B9J08_03056
B9J08_02060	69.2530729403385	-0.0624319365532662	0.32065652884708	-0.194700344252275	0.845627542394698	0.9131473583774	CM076439.1	225147	225918	+	NA	B9J08_02060
B9J08_01980	1096.93516968835	-0.0207123219527377	0.106458588193979	-0.19455754865918	0.845739339159383	0.9131473583774	CM076439.1	56623	58075	+	NA	B9J08_01980
B9J08_02493	360.419861407395	0.0285918628912912	0.148019206751735	0.193163194957847	0.846831162031227	0.914147623544256	CM076439.1	1163402	1164026	+	NA	B9J08_02493
B9J08_03335	5158.70935499573	-0.0135209446526015	0.0701522825341625	-0.192737059496491	0.847164898292585	0.914326229015957	CM076440.1	695495	696869	-	NA	B9J08_03335
B9J08_02515	1.50634392588596	-0.447639483853168	2.32504377791543	-0.192529486156389	0.847327473316398	0.914326229015957	CM076439.1	1199793	1200354	+	NA	B9J08_02515
B9J08_01991	752.299069405195	-0.0217344502366192	0.113356409158562	-0.191735521599113	0.847949379962359	0.914640168433247	CM076439.1	77296	79729	-	NA	B9J08_01991
B9J08_00993	1114.13394046531	0.0190273881478316	0.0991627733903349	0.191880354867991	0.847835926047846	0.914640168433247	CM076438.1	2051125	2052007	-	NA	B9J08_00993
B9J08_04190	925.343558196214	0.0196588479372393	0.103008602808502	0.190846661358818	0.848645730018373	0.915034129889104	CM076441.1	883085	883823	+	NA	B9J08_04190
B9J08_01713	1938.13819035126	0.0179132581561652	0.0937934782437903	0.190986180399501	0.84853642031256	0.915034129889104	CM076438.1	3595847	3598379	-	NA	B9J08_01713
B9J08_04721	56634.4339964963	-0.0118465326715136	0.0625465627094701	-0.189403416564087	0.849776646903865	0.91607480542962	CM076442.1	667792	668224	-	NA	B9J08_04721
B9J08_03422	2454.58893887219	0.0151491227433553	0.0803062336159507	0.188641928045127	0.850373468917354	0.916539423304644	CM076440.1	873514	876651	-	NA	B9J08_03422
B9J08_02382	1788.79594427295	0.0167949542074765	0.0897117220875813	0.187210253205043	0.851495786068398	0.917391268927883	CM076439.1	877618	878404	+	NA	B9J08_02382
B9J08_02255	1629.66291512957	0.0169235111273671	0.0903288332805868	0.187354474897267	0.851382714275808	0.917391268927883	CM076439.1	607684	610303	-	NA	B9J08_02255
B9J08_02022	4896.27092491166	0.0136239860787629	0.0731006704455513	0.186372929218353	0.852152319847906	0.917919678775945	CM076439.1	140363	141212	+	NA	B9J08_02022
B9J08_01551	723.202795323446	0.0210938570055177	0.11368954295866	0.185539113418618	0.852806204728753	0.918276972984668	CM076438.1	3227247	3228654	-	NA	B9J08_01551
B9J08_00781	520.448005600874	-0.0246565239701626	0.132900468325655	-0.185526238400794	0.852816302212828	0.918276972984668	CM076438.1	1655435	1655756	-	NA	B9J08_00781
B9J08_04861	97.7304567989327	-0.0491795017187537	0.265401874949319	-0.18530201313817	0.852992159118708	0.918287429577152	CM076443.1	19008	19524	+	NA	B9J08_04861
B9J08_05563	1608.43561327415	-0.0162483877333912	0.0881029791690335	-0.184424952330127	0.853680096411214	0.918757658952738	CM076444.1	718745	719696	+	NA	B9J08_05563
B9J08_02078	747.685267748802	-0.0213163481409142	0.115780888992813	-0.184109383909096	0.853927645022655	0.918757658952738	CM076439.1	259907	260256	-	NA	B9J08_02078
B9J08_01957	3.36845287576018	-0.264863860315791	1.43769549280517	-0.184228066124768	0.85383454270747	0.918757658952738	CM076438.1	4144990	4147273	+	NA	B9J08_01957
B9J08_01921	7.92816295744111	-0.166107105046369	0.911261124032921	-0.182282663734449	0.855360903096401	0.919983147818898	CM076438.1	4056800	4057568	-	NA	B9J08_01921
B9J08_00630	1840.27435322043	-0.015386881873744	0.084435027657456	-0.182233396501828	0.855399565160361	0.919983147818898	CM076438.1	1349614	1350277	-	NA	B9J08_00630
B9J08_03605	491.007218115216	-0.0246464919921049	0.135549674106749	-0.181826272578827	0.855719065657102	0.920147719044126	CM076440.1	1269216	1270881	-	NA	B9J08_03605
B9J08_04522	4.41440688115382	-0.226913780727247	1.25185001844478	-0.181262753032628	0.856161340475306	0.920444218791483	CM076442.1	241060	241132	+	NA	B9J08_04522
B9J08_03239	1228.55787321939	0.0183363390948987	0.101295902948406	0.181017578808079	0.85635377805571	0.920472059765443	CM076440.1	476895	478587	+	NA	B9J08_03239
B9J08_05168	173.516372751677	-0.0377894396814225	0.209821675071101	-0.180102649874552	0.857071982327834	0.921064912760245	CM076443.1	764544	764976	+	NA	B9J08_05168
B9J08_05500	525.683173436332	0.0232856824383993	0.129880026214779	0.17928609284304	0.857713066233002	0.92121650156817	CM076444.1	578863	580576	+	NA	B9J08_05500
B9J08_05359	13324.9981847139	0.0123526790999387	0.0688398336743984	0.179440862079431	0.857591548739975	0.92121650156817	CM076444.1	262910	264479	+	NA	B9J08_05359
B9J08_04942	542.806686567001	0.026232845491957	0.146255278688061	0.179363409835671	0.857652360161222	0.92121650156817	CM076443.1	251728	253498	-	NA	B9J08_04942
B9J08_00350	3399.40197457435	0.0136621864099988	0.077164827478825	0.177051991903278	0.859467550985	0.922921537651854	CM076438.1	732269	732998	+	NA	B9J08_00350
B9J08_04315	2572.9613894116	-0.0138384967833006	0.078284933853998	-0.176770881726866	0.859688361844406	0.922979327100628	CM076441.1	1193062	1193545	+	NA	B9J08_04315
B9J08_04513	10162.431271154	0.011857631953244	0.0672045264536332	0.176440971746524	0.85994751873842	0.923078255208244	CM076442.1	213164	215999	+	NA	B9J08_04513
B9J08_03882	21141.8243637743	-0.0127053241688347	0.0725163906118772	-0.175206240432404	0.860917581024163	0.923940091324379	CM076441.1	228973	229949	+	NA	B9J08_03882
B9J08_02495	2147.90634264121	-0.0158757628617573	0.0910780062811863	-0.174309512361787	0.861622223902569	0.924516798972918	CM076439.1	1166819	1167590	+	NA	B9J08_02495
B9J08_03232	32.2979845241187	-0.0832513955503918	0.480896587005228	-0.173117043871818	0.862559428148723	0.925342771618399	CM076440.1	465721	466159	-	NA	B9J08_03232
B9J08_04629	846.616585053024	0.0188688353860983	0.109793823213976	0.171856984607641	0.863549964665059	0.926167039270125	CM076442.1	481332	484800	-	NA	B9J08_04629
B9J08_01165	1014.05920454554	-0.0181206462081385	0.105528482852888	-0.171713320596105	0.86366291304473	0.926167039270125	CM076438.1	2415659	2418557	-	NA	B9J08_01165
B9J08_03493	12938.7255008666	0.0106886234677993	0.0632950776543413	0.16886974254413	0.865899099308394	0.928376811219525	CM076440.1	1020428	1021058	+	NA	B9J08_03493
B9J08_03167	3637.37531242936	-0.0126640965018192	0.0750839482148329	-0.168665830752323	0.866059496770015	0.928376811219525	CM076440.1	321587	322916	-	NA	B9J08_03167
B9J08_04244	495.429254563259	0.0218317136891008	0.129823799249394	0.168164187270175	0.866454114096653	0.928619718559667	CM076441.1	1014917	1015724	-	NA	B9J08_04244
B9J08_05292	191.763986443716	-0.0334278878080171	0.199524495029475	-0.167537764238316	0.866946935857619	0.928748096706794	CM076444.1	113739	114672	+	NA	B9J08_05292
B9J08_05106	26135.8984719719	0.0113068815287193	0.0675231952865158	0.167451813865468	0.867014559080963	0.928748096706794	CM076443.1	626057	627407	-	NA	B9J08_05106
B9J08_01257	7360.86940102597	0.0125137847679383	0.0747666712572156	0.167371163614973	0.867078013209166	0.928748096706794	CM076438.1	2594271	2598375	+	NA	B9J08_01257
B9J08_01012	7306.02289153118	0.0114953324761487	0.0688688677719352	0.166916240211999	0.867435954574891	0.928951466951254	CM076438.1	2082925	2083792	+	NA	B9J08_01012
B9J08_04682	1592.76223620036	0.014626765958423	0.0880394389828187	0.166138791062463	0.868047727487317	0.929426538129097	CM076442.1	591076	592090	+	NA	B9J08_04682
B9J08_04065	2.49899815523376	-0.265357513624413	1.6070973885507	-0.165116013201736	0.868852669293402	0.929928098990053	CM076441.1	606673	608212	-	NA	B9J08_04065
B9J08_04047	297.079023011593	0.0265086615073234	0.160445776866345	0.165218817379069	0.868771754675632	0.929928098990053	CM076441.1	569031	569487	-	NA	B9J08_04047
B9J08_04374	212.773684902134	-0.0305676085248019	0.185709319735532	-0.164599216497768	0.869259447949348	0.930183343430018	CM076441.1	1305910	1307443	+	NA	B9J08_04374
B9J08_05508	112.287255836728	-0.0436142862270719	0.265604518679436	-0.164207621330837	0.869567701594656	0.930333079116079	CM076444.1	601116	601641	-	NA	B9J08_05508
B9J08_00477	2834.91083012	0.0128994684865556	0.0788090373933203	0.163680066566185	0.869983010470815	0.930597270925526	CM076438.1	1011831	1014111	-	NA	B9J08_00477
B9J08_04919	3.91372848368703	0.21380505453806	1.30969293099476	0.163248231305386	0.870322992428501	0.930600731118654	CM076443.1	193955	194912	+	NA	B9J08_04919
B9J08_02711	2134.98522278788	-0.0133797490300235	0.081853142890268	-0.163460418959848	0.870155935043949	0.930600731118654	CM076439.1	1620637	1622776	-	NA	B9J08_02711
B9J08_04806	2187.45748174477	-0.0152441775350256	0.0937370035581822	-0.162627105159849	0.870812044262598	0.930943552928313	CM076442.1	866027	866585	-	NA	B9J08_04806
B9J08_05372	1346.4483189185	-0.0148586787890949	0.091506376837472	-0.162378615596222	0.871007709632205	0.9309726573462	CM076444.1	295481	297518	-	NA	B9J08_05372
B9J08_04056	18.6489138251656	0.0977579710299148	0.604374242458361	0.161750723578611	0.871502158803648	0.931141007482653	CM076441.1	588476	590669	+	NA	B9J08_04056
B9J08_02900	1655.09467067199	0.0140683809622112	0.0869348808277786	0.161826654942809	0.871442362091017	0.931141007482653	CM076439.1	2049537	2050491	+	NA	B9J08_02900
B9J08_03659	13719.3870227237	-0.0120847995969196	0.0749598561582573	-0.161216952863488	0.871922529316192	0.931356341975468	CM076440.1	1387132	1388131	+	NA	B9J08_03659
B9J08_03632	251.334571000782	-0.028911500223999	0.179499965379009	-0.161066884681304	0.872040721860511	0.931356341975468	CM076440.1	1344294	1344525	+	NA	B9J08_03632
B9J08_04801	1.13321632003343	-0.386165850386073	2.42103527326235	-0.159504429634234	0.873271468654396	0.931439666301968	CM076442.1	857490	858417	-	NA	B9J08_04801
B9J08_04706	605.993595612002	0.0194124763925464	0.121602216988166	0.159639165085581	0.873165325329383	0.931439666301968	CM076442.1	636564	637635	+	NA	B9J08_04706
B9J08_03777	1.13321632003343	-0.386165850386073	2.42103527326235	-0.159504429634234	0.873271468654396	0.931439666301968	CM076440.1	1678340	1679924	-	NA	B9J08_03777
B9J08_02666	231.354173012183	0.0287506896352499	0.180333881907422	0.159430326298913	0.873329847539451	0.931439666301968	CM076439.1	1521939	1522269	-	NA	B9J08_02666
B9J08_02276	0.753171962942979	-0.497807867028645	3.13003239155532	-0.159042401085595	0.873635467723793	0.931439666301968	CM076439.1	645702	645790	-	NA	B9J08_02276
B9J08_02213	39280.789422088	0.0117432305934913	0.0734973788224168	0.159777542840883	0.873056315007917	0.931439666301968	CM076439.1	532666	533335	-	NA	B9J08_02213
B9J08_01466	264.824407753549	0.027490205868806	0.171297019560582	0.160482686384883	0.872500859122929	0.931439666301968	CM076438.1	3053439	3054930	-	NA	B9J08_01466
B9J08_00426	0.753171962942979	-0.497807867028645	3.13003239155532	-0.159042401085595	0.873635467723793	0.931439666301968	CM076438.1	903859	903977	-	NA	B9J08_00426
B9J08_00157	1735.94207943042	-0.0141086176881593	0.0885062050660606	-0.159408232198282	0.873347253488152	0.931439666301968	CM076438.1	339374	340805	+	NA	B9J08_00157
B9J08_03398	7052.49596312145	0.0110670135652235	0.0696990568361054	0.158782831039552	0.873839976037396	0.931478022672842	CM076440.1	822396	822987	+	NA	B9J08_03398
B9J08_04989	832.580851666656	0.0167428633981176	0.106547772916372	0.157139496582991	0.87513491046122	0.932139265777446	CM076443.1	355326	357969	-	NA	B9J08_04989
B9J08_04474	105.030909657311	0.0436058256719509	0.276398664045624	0.157764241815413	0.874642576620496	0.932139265777446	CM076442.1	111491	112823	+	NA	B9J08_04474
B9J08_04133	1156.22787163588	-0.0168947533281721	0.107499560169947	-0.157161139091761	0.87511785415647	0.932139265777446	CM076441.1	765268	766504	-	NA	B9J08_04133
B9J08_02544	4795.30490808725	0.0111455528632204	0.0708277053542957	0.157361484569745	0.874959966088426	0.932139265777446	CM076439.1	1254632	1255085	-	NA	B9J08_02544
B9J08_00458	928.260045624008	-0.0166921287168323	0.106545251659368	-0.156667035432026	0.875507268121305	0.932356198633228	CM076438.1	969457	970045	-	NA	B9J08_00458
B9J08_00932	583.400739089921	0.0192000503679991	0.123191086118508	0.155855841302746	0.876146653390435	0.932857359523971	CM076438.1	1938290	1939271	+	NA	B9J08_00932
B9J08_01143	1321.05857367522	0.0144438722495998	0.0928181208950588	0.155614788473581	0.876336667440751	0.932879961661216	CM076438.1	2368386	2369229	-	NA	B9J08_01143
B9J08_00934	6545.68287316247	0.0105809737526475	0.0684557264565599	0.154566671049234	0.877162946813656	0.933579743315824	CM076438.1	1941990	1944990	+	NA	B9J08_00934
B9J08_02439	1445.40243539302	0.0139659223065394	0.0905440608530049	0.154244487987043	0.877416965542971	0.933670305844436	CM076439.1	1026066	1026780	+	NA	B9J08_02439
B9J08_04563	3264.40692305023	-0.0114583008385321	0.0744845409108409	-0.153834617202619	0.877740138127749	0.933727988050747	CM076442.1	333336	334281	+	NA	B9J08_04563
B9J08_03888	4178.06214678112	-0.0111580564792223	0.0725740372847349	-0.153747220034695	0.877809051187205	0.933727988050747	CM076441.1	239180	240035	-	NA	B9J08_03888
B9J08_03175	1095.6772819569	0.0156391171913531	0.102322500260596	0.152841429319292	0.878523325671243	0.934128207192182	CM076440.1	334148	335474	-	NA	B9J08_03175
B9J08_02858	617.526490919714	-0.018217888283799	0.119172821302369	-0.152869488904488	0.8785011973887	0.934128207192182	CM076439.1	1934407	1936045	+	NA	B9J08_02858
B9J08_00001	7.68215376684695	0.154456724042101	1.0134819371616	0.152402049191601	0.878869840937032	0.934316909186185	CM076438.1	1356	3084	-	NA	B9J08_00001
B9J08_01377	1498.91562579643	-0.0135653858817315	0.0893473876709893	-0.151827448292997	0.879323032492541	0.934618923189668	CM076438.1	2867322	2870052	-	NA	B9J08_01377
B9J08_04572	385.02363233197	0.0216640673430567	0.143116724895634	0.151373414664533	0.879681159810651	0.934819798168327	CM076442.1	353437	354940	-	NA	B9J08_04572
B9J08_02670	218.378559728699	0.0275918927549462	0.182551935442648	0.151145440819578	0.879860987632039	0.934831156986213	CM076439.1	1529691	1531251	+	NA	B9J08_02670
B9J08_01914	680.270112562026	0.0174632638847631	0.11575240786988	0.150867391928417	0.880080323487363	0.934884479706833	CM076438.1	4045989	4047294	-	NA	B9J08_01914
B9J08_05279	202.118928428444	-0.029236697333033	0.194920427510572	-0.149992987940924	0.880770147487169	0.93507810318125	CM076444.1	85342	85819	+	NA	B9J08_05279
B9J08_04537	1179.40458714275	-0.0143555640735103	0.0955591397943957	-0.150227012344373	0.880585514954987	0.93507810318125	CM076442.1	275456	277493	+	NA	B9J08_04537
B9J08_04120	30684.55006949	0.0103152725718703	0.0686989845495621	0.150151747358485	0.880644894229646	0.93507810318125	CM076441.1	736119	739344	-	NA	B9J08_04120
B9J08_03341	798.099582732367	0.0188851476541631	0.12618515154082	0.149662202117765	0.881031130571645	0.935175544203856	CM076440.1	704002	704866	+	NA	B9J08_03341
B9J08_04824	1080.2647978534	-0.0151776204145556	0.10236053020642	-0.148276101969661	0.882124874732507	0.936156717098035	CM076442.1	911995	913144	+	NA	B9J08_04824
B9J08_05118	664.573940231839	-0.0170057250364736	0.115522324201328	-0.147207261921399	0.882968428860711	0.936527256303458	CM076443.1	648133	649195	-	NA	B9J08_05118
B9J08_04953	1.46399550278858	0.303270672533374	2.05608460176194	0.147499121521308	0.88273807307071	0.936527256303458	CM076443.1	280229	280300	+	NA	B9J08_04953
B9J08_01509	8189.17601214248	0.00995367924695151	0.0676248791172264	0.147189605022391	0.882982365224773	0.936527256303458	CM076438.1	3155812	3156565	-	NA	B9J08_01509
B9J08_03141	1537.52891179165	0.013136445189351	0.0895770573771492	0.146649662022745	0.883408552781715	0.93661981032506	CM076440.1	265262	266300	-	NA	B9J08_03141
B9J08_00449	1109.5564387243	-0.0143328844239824	0.0976238277424509	-0.146817480480228	0.883276086774837	0.93661981032506	CM076438.1	952389	953214	+	NA	B9J08_00449
B9J08_00597	2176.28100921763	-0.012927886538068	0.0894584613214855	-0.144512730792555	0.885095604253649	0.938228501095113	CM076438.1	1284170	1285187	+	NA	B9J08_00597
B9J08_04586	1788.1213563482	0.0137797513155149	0.0957107353636317	0.14397289147515	0.885521876055829	0.938320438834465	CM076442.1	382268	384413	-	NA	B9J08_04586
B9J08_02427	14613.8492984898	-0.00952295258787881	0.0660583554130203	-0.14415969832034	0.885374364536942	0.938320438834465	CM076439.1	995748	997071	-	NA	B9J08_02427
B9J08_05169	422.580794806812	0.020265412596804	0.141284766578672	0.143436642799841	0.885945345391911	0.938397937064612	CM076443.1	765028	765532	-	NA	B9J08_05169
B9J08_03268	963.924047933442	-0.0145441598600645	0.101422179038874	-0.143402163095804	0.885972574728602	0.938397937064612	CM076440.1	550544	551267	-	NA	B9J08_03268
B9J08_03129	2291.79573080989	-0.0114218781706196	0.0797420722787202	-0.143235281504813	0.88610436648095	0.938397937064612	CM076440.1	240150	242826	+	NA	B9J08_03129
B9J08_04343	886.737058736601	0.0164236622322133	0.115027455710296	0.142780366050844	0.886463643814215	0.938598574590262	CM076441.1	1250328	1250847	+	NA	B9J08_04343
B9J08_05231	2.4519086222949	-0.229044344704752	1.61326178442533	-0.141975931566706	0.887099016909944	0.938911579176802	CM076443.1	916956	918174	+	NA	B9J08_05231
B9J08_00671	2.4519086222949	-0.229044344704752	1.61326178442533	-0.141975931566706	0.887099016909944	0.938911579176802	CM076438.1	1420304	1420375	-	NA	B9J08_00671
B9J08_00916	5806.94075152943	-0.0109934410998413	0.0776862929268998	-0.14151069237125	0.887466513752685	0.939120701036012	CM076438.1	1912726	1914466	+	NA	B9J08_00916
B9J08_04248	4588.4040725946	0.0108745094137727	0.0770375365767528	0.141158581867924	0.887744665260869	0.93923521533247	CM076441.1	1020242	1022045	+	NA	B9J08_04248
B9J08_05439	14960.5254016399	-0.0115559559891215	0.0831016205452222	-0.139058130434809	0.889404213767107	0.940810926218335	CM076444.1	434033	435755	-	NA	B9J08_05439
B9J08_04564	3423.54592717151	-0.0111030330008565	0.0800450548575103	-0.138709793136144	0.889679479112383	0.940922020867612	CM076442.1	334359	335598	-	NA	B9J08_04564
B9J08_00412	602.148242842027	0.0174736872347607	0.12716308766237	0.137411630654604	0.890705438319919	0.941826852419015	CM076438.1	873966	875208	-	NA	B9J08_00412
B9J08_05277	310.368625256735	-0.0217984538449172	0.159181646152784	-0.136940748960435	0.891077629209659	0.941957923094069	CM076444.1	81783	83541	-	NA	B9J08_05277
B9J08_01648	1423.59849449435	0.0125204700255504	0.0915081362408792	0.136823571541141	0.89117025146714	0.941957923094069	CM076438.1	3446220	3449175	-	NA	B9J08_01648
B9J08_01127	37.0300595076155	0.0627725990164396	0.45978802441068	0.1365250847864	0.891406195414786	0.942027159093217	CM076438.1	2326036	2326843	-	NA	B9J08_01127
B9J08_05311	3837.88054684135	0.0101439276931487	0.0744740190576728	0.136207603960426	0.89165716410199	0.942112243546492	CM076444.1	157112	158960	-	NA	B9J08_05311
B9J08_02122	262.727134877167	-0.0249623042593992	0.183612072934658	-0.135951323137028	0.891859762086597	0.942146197448895	CM076439.1	347906	348704	-	NA	B9J08_02122
B9J08_02125	1149.41203414534	0.0137373164887616	0.102194299527	0.134423510433986	0.893067691710833	0.943241951478268	CM076439.1	355862	358019	-	NA	B9J08_02125
B9J08_02790	0.541975572849063	0.481399814398234	3.60648901210651	0.133481569687926	0.893812539091987	0.943667985398551	CM076439.1	1802931	1803004	-	NA	B9J08_02790
B9J08_00616	320.673796544806	-0.0211162216081552	0.158010804633709	-0.133637833546291	0.89368896566528	0.943667985398551	CM076438.1	1318242	1318536	+	NA	B9J08_00616
B9J08_01188	568.277267260624	0.0165704007169634	0.125080525793617	0.13247786265549	0.894606331726052	0.944325667580192	CM076438.1	2467486	2468896	+	NA	B9J08_01188
B9J08_00107	8.52456270001734	0.121904470830497	0.9346678022997	0.130425452262887	0.896229830584559	0.94585874997916	CM076438.1	233996	234866	-	NA	B9J08_00107
B9J08_03324	1.62954343470733	-0.269415817544977	2.07383191827019	-0.12991207974545	0.896635987030104	0.946050100174153	CM076440.1	666854	667169	-	NA	B9J08_03324
B9J08_01694	547.797278364059	-0.0162372307880252	0.125129337638953	-0.129763579783951	0.896753478344923	0.946050100174153	CM076438.1	3558017	3559532	+	NA	B9J08_01694
B9J08_04914	65.2988685615645	0.0504328121414052	0.390548388948923	0.129133325263828	0.897252153014396	0.946074896998325	CM076443.1	183673	184156	-	NA	B9J08_04914
B9J08_02200	884.310170966119	-0.0140213238796243	0.10862098042834	-0.12908485841623	0.897290502997145	0.946074896998325	CM076439.1	509929	511540	+	NA	B9J08_02200
B9J08_00578	19076.7226392792	0.00842915940334297	0.0652041596901298	0.129273338440384	0.897141367233755	0.946074896998325	CM076438.1	1249206	1249633	+	NA	B9J08_00578
B9J08_04218	1046.74926712409	0.0128540454433167	0.0997526102705732	0.128859238955761	0.897469030296564	0.946082649332274	CM076441.1	950602	952714	+	NA	B9J08_04218
B9J08_00332	1.27304384408631	-0.301878374214895	2.3542078696906	-0.128229277499854	0.897967531226239	0.946427640176854	CM076438.1	704164	705613	-	NA	B9J08_00332
B9J08_02198	665.859487506438	-0.0158710516251679	0.124799994869718	-0.127171893249965	0.898804350671208	0.94712900784743	CM076439.1	507792	508422	+	NA	B9J08_02198
B9J08_03198	1918.07319739504	-0.0105800526869049	0.0839819096494873	-0.125980139426009	0.899747645749349	0.947761623414646	CM076440.1	385828	387460	-	NA	B9J08_03198
B9J08_02154	809.885236160464	-0.0138840867681142	0.110207045180644	-0.125981843949779	0.899746296485967	0.947761623414646	CM076439.1	423214	424327	+	NA	B9J08_02154
B9J08_03851	817.867266840797	0.0134697152069945	0.107640944446079	0.125135609654019	0.90041619242648	0.948285117290617	CM076441.1	166943	170570	+	NA	B9J08_03851
B9J08_05457	1254.95603023366	0.0119069579012305	0.0960478859899322	0.123968974210204	0.901339840522669	0.949077023922421	CM076444.1	468786	469887	-	NA	B9J08_05457
B9J08_03336	866.391835803801	-0.0131372656031348	0.107550975107291	-0.122149200321329	0.902780857355743	0.950413294972417	CM076440.1	697229	697604	-	NA	B9J08_03336
B9J08_03996	833.316946209049	0.0131211437052793	0.108553855406905	0.120872203535248	0.90379225908087	0.951296860776989	CM076441.1	473449	474949	-	NA	B9J08_03996
B9J08_03706	1055.10241242739	-0.0121421013139949	0.100703350363402	-0.120572962768154	0.904029285157513	0.951365167377299	CM076440.1	1495701	1498089	-	NA	B9J08_03706
B9J08_04255	1259.25841565702	0.0111812739469805	0.0933596190608704	0.119765633787455	0.904668806206046	0.95149653934976	CM076441.1	1034871	1035495	+	NA	B9J08_04255
B9J08_04096	6710.66379623721	0.00803295541922597	0.0669940331249111	0.119905535531029	0.904557979396609	0.95149653934976	CM076441.1	667419	671250	-	NA	B9J08_04096
B9J08_00091	6.03815795830456	0.124737639063698	1.04153396655333	0.119763390412013	0.904670583369457	0.95149653934976	CM076438.1	204584	205979	+	NA	B9J08_00091
B9J08_05056	61.8994070195767	-0.0392825427907599	0.329193910424698	-0.119329494096901	0.905014317528103	0.951676965939464	CM076443.1	507806	508193	+	NA	B9J08_05056
B9J08_03748	1489.50564194369	0.0107955456744602	0.090724142547509	0.118993085757817	0.905280833627741	0.951776139901184	CM076440.1	1605224	1609175	-	NA	B9J08_03748
B9J08_02934	17014.7476744377	0.00802752815408285	0.0678037378752925	0.11839359312089	0.905755802025386	0.952094392885946	CM076439.1	2128313	2129777	-	NA	B9J08_02934
B9J08_03644	2014.02329167919	-0.00973413877059058	0.0826108005817927	-0.117831309006052	0.906201321350023	0.952381575033576	CM076440.1	1365078	1366074	-	NA	B9J08_03644
B9J08_02469	5726.99548238272	0.00803070289859052	0.068297452428949	0.117584223319969	0.906397106183811	0.952406236858921	CM076439.1	1105394	1106390	+	NA	B9J08_02469
B9J08_04970	1228.19797127419	0.0111893834024326	0.0955612675010201	0.117091199133719	0.906787783835722	0.952635636050188	CM076443.1	313192	314797	-	NA	B9J08_04970
B9J08_01970	372.717604991219	0.0171746923277881	0.147683946532084	0.116293562916515	0.907419887047544	0.953118532062291	CM076439.1	27170	30812	+	NA	B9J08_01970
B9J08_05073	1669.56843302195	-0.0101057141863553	0.0878099717822116	-0.11508617963595	0.908376814166743	0.953927873396173	CM076443.1	550278	551382	-	NA	B9J08_05073
B9J08_04556	4.6502724313985	0.134220911057574	1.17274352643717	0.114450353407911	0.90888079994649	0.953927873396173	CM076442.1	317790	318768	+	NA	B9J08_04556
B9J08_01707	3554.19118245123	0.00902417192671984	0.0786626655025651	0.114719884828027	0.908667152173188	0.953927873396173	CM076438.1	3584176	3585391	+	NA	B9J08_01707
B9J08_00919	5.56537561010009	0.125717580182478	1.09670519772181	0.114632063788547	0.908736763998654	0.953927873396173	CM076438.1	1918417	1918490	-	NA	B9J08_00919
B9J08_04318	490.707654392	-0.0150000357345273	0.131821914434204	-0.113790152410616	0.909404145124931	0.953933708503605	CM076441.1	1203233	1203592	+	NA	B9J08_04318
B9J08_01010	2442.22619859275	0.00913895526529608	0.0802867494784261	0.113828935965975	0.909373400085345	0.953933708503605	CM076438.1	2078096	2080934	+	NA	B9J08_01010
B9J08_00104	1262.86511417149	0.010913033734522	0.0956480196332758	0.114095762529781	0.909161881300986	0.953933708503605	CM076438.1	229946	231326	-	NA	B9J08_00104
B9J08_01452	2559.6573778124	0.008867817876129	0.0785120545550673	0.112948488310279	0.91007139414572	0.95445248490387	CM076438.1	3029986	3032014	+	NA	B9J08_01452
B9J08_04918	5419.80451573331	-0.00786098841369454	0.0705837669399605	-0.1113710525025	0.91132211398897	0.955401616846934	CM076443.1	191280	193797	-	NA	B9J08_04918
B9J08_02573	632.73645517834	0.0146058086321279	0.130924019319663	0.111559427429939	0.911172743358856	0.955401616846934	CM076439.1	1331141	1331954	+	NA	B9J08_02573
B9J08_02373	722.134077128789	0.0126471822164401	0.114131602792883	0.11081227203469	0.911765213612578	0.955503666218566	CM076439.1	846528	848286	-	NA	B9J08_02373
B9J08_01773	4509.95310152373	-0.00833213126600625	0.0750805692112087	-0.110975867039143	0.911635483817562	0.955503666218566	CM076438.1	3732637	3735568	+	NA	B9J08_01773
B9J08_00690	242.03817662689	0.0199804828335078	0.183399399352029	0.10894519231852	0.913245961659332	0.956874015183152	CM076438.1	1459566	1460382	+	NA	B9J08_00690
B9J08_01743	2193.76862353394	0.00870566030595019	0.0809067105659692	0.107601214349851	0.914312033673858	0.957809440886167	CM076438.1	3665435	3666452	+	NA	B9J08_01743
B9J08_02089	515.231267671303	0.0138269776505191	0.129001469678794	0.107184652120224	0.914642491115198	0.957919658801204	CM076439.1	277577	279017	+	NA	B9J08_02089
B9J08_01522	12846.6555740808	-0.00696066603019667	0.0650337231371512	-0.107031639808122	0.914763878985481	0.957919658801204	CM076438.1	3180745	3184240	-	NA	B9J08_01522
B9J08_03260	450.008926971172	0.0142448496160063	0.134067635722082	0.106251218195087	0.915383034656053	0.958321831855357	CM076440.1	530562	532341	-	NA	B9J08_03260
B9J08_01932	585.518060625825	0.0132186383039817	0.1245743186448	0.106110460388486	0.915494711814055	0.958321831855357	CM076438.1	4075649	4076912	+	NA	B9J08_01932
B9J08_04779	220.769342906643	-0.0196011796635155	0.186370452049792	-0.105173215216963	0.916238363987027	0.958567354267056	CM076442.1	811871	814289	+	NA	B9J08_04779
B9J08_03868	4276.43609259486	0.00763473810946212	0.0725336155882299	0.105257928307396	0.91617114581493	0.958567354267056	CM076441.1	196549	200269	-	NA	B9J08_03868
B9J08_03235	1252.31529296787	-0.0100639311308704	0.095701950102706	-0.105159101983501	0.916249562618574	0.958567354267056	CM076440.1	471298	472684	+	NA	B9J08_03235
B9J08_00545	533.348203463958	0.0140600240566607	0.134000926050078	0.104924827544895	0.916435458172993	0.958580389349382	CM076438.1	1184900	1187084	+	NA	B9J08_00545
B9J08_03157	696.976081957428	0.0119731276599139	0.115424305874066	0.103731424410532	0.917382488096807	0.959389406189414	CM076440.1	304817	305456	-	NA	B9J08_03157
B9J08_02046	3022.61162793735	0.0082402542117488	0.0797362158449852	0.103343933800027	0.917690008129845	0.95952945042256	CM076439.1	186238	188428	+	NA	B9J08_02046
B9J08_05561	1598.34807509589	-0.0101041074031156	0.0989499000163337	-0.10211336647584	0.918666691561146	0.959867895824582	CM076444.1	716759	717100	-	NA	B9J08_05561
B9J08_04788	1.22595431114745	-0.229676974903755	2.2469473830549	-0.102217335677657	0.918584167946845	0.959867895824582	CM076442.1	833384	834446	+	NA	B9J08_04788
B9J08_02640	581.242084781407	-0.0134894414354273	0.13194619356094	-0.102234411401926	0.918570614493094	0.959867895824582	CM076439.1	1460199	1460967	+	NA	B9J08_02640
B9J08_00530	1114.79917135589	0.0101577571747929	0.0995264748317688	0.102060855586041	0.918708371433335	0.959867895824582	CM076438.1	1140223	1143208	-	NA	B9J08_00530
B9J08_04528	1164.52041016175	-0.00965910255078426	0.0956977735421989	-0.100933409349644	0.919603321698714	0.959933239968381	CM076442.1	250962	251415	-	NA	B9J08_04528
B9J08_03511	2652.32233110923	0.00798335211794533	0.0787117878198546	0.101425114827992	0.919213000521373	0.959933239968381	CM076440.1	1056152	1057547	-	NA	B9J08_03511
B9J08_03331	38156.2089883013	-0.00711003282898676	0.0704453061988129	-0.100929830710376	0.919606162532759	0.959933239968381	CM076440.1	687785	688477	+	NA	B9J08_03331
B9J08_01696	79.9381607456564	0.0304181565319629	0.299158718054727	0.101678990770372	0.919011478640213	0.959933239968381	CM076438.1	3561038	3562265	+	NA	B9J08_01696
B9J08_01036	1388.47015396396	0.00927351397402098	0.0919188402150367	0.100888065518737	0.919639317103777	0.959933239968381	CM076438.1	2125579	2127835	-	NA	B9J08_01036
B9J08_04876	2767.38683665282	-0.0082292381335973	0.0825610682504863	-0.0996745597892483	0.920602698287023	0.9602007286602	CM076443.1	70132	71311	+	NA	B9J08_04876
B9J08_03197	7468.96074096197	0.00685545684654053	0.0689080080620956	0.0994870848735437	0.920751541803542	0.9602007286602	CM076440.1	383339	385253	-	NA	B9J08_03197
B9J08_02013	576.479076008873	0.0122118823551945	0.12203612656358	0.100067764350356	0.92029052716526	0.9602007286602	CM076439.1	119144	120635	+	NA	B9J08_02013
B9J08_01109	39836.3487135374	0.00648680573072307	0.06521296070043	0.0994711121999449	0.920764223249333	0.9602007286602	CM076438.1	2296033	2296741	-	NA	B9J08_01109
B9J08_00755	2382.99782795889	0.00809750755482737	0.0814037219617115	0.0994734314315021	0.920762381902669	0.9602007286602	CM076438.1	1609414	1612900	+	NA	B9J08_00755
B9J08_01437	396.732840621466	-0.0140834518752378	0.142208119312273	-0.0990340913257711	0.921111202180477	0.960381364733352	CM076438.1	2984289	2985738	-	NA	B9J08_01437
B9J08_05248	100.12047877487	-0.0263212234373627	0.267887195545708	-0.0982548769594763	0.921729907712939	0.960401541129639	CM076444.1	2109	4071	-	NA	B9J08_05248
B9J08_03490	2675.37564969773	-0.00796620754345841	0.08116104674757	-0.0981530902162362	0.921810731111341	0.960401541129639	CM076440.1	1015037	1015664	+	NA	B9J08_03490
B9J08_01409	94.5017157519519	-0.0278279768862261	0.282822930268165	-0.0983936375308762	0.921619726681128	0.960401541129639	CM076438.1	2928944	2931272	+	NA	B9J08_01409
B9J08_00337	586.797229422483	0.0121278133664657	0.123583779880107	0.0981343456093618	0.921825615287269	0.960401541129639	CM076438.1	713482	713953	+	NA	B9J08_00337
B9J08_03326	222.277573851345	-0.0175825490252181	0.180994389846162	-0.0971441658504584	0.922611907421997	0.961039580158571	CM076440.1	676623	677904	+	NA	B9J08_03326
B9J08_05440	3311.30069162299	-0.00730856547322205	0.076461985214623	-0.0955843018293008	0.923850733432801	0.961457658674357	CM076444.1	437296	438130	+	NA	B9J08_05440
B9J08_04855	18.4344173999939	0.0577415109567488	0.604116343662844	0.0955801172447245	0.923854057031369	0.961457658674357	CM076442.1	1003094	1005632	+	NA	B9J08_04855
B9J08_04833	988.396927828253	-0.00970690313914205	0.101629980003366	-0.0955122016044929	0.923907999088968	0.961457658674357	CM076442.1	935260	935650	+	NA	B9J08_04833
B9J08_04125	858.658058687504	0.0104640311532647	0.108738581676356	0.0962310800080998	0.923337047076497	0.961457658674357	CM076441.1	748597	750622	+	NA	B9J08_04125
B9J08_02216	2305.60419813137	0.0077992692633592	0.081818016602411	0.0953245945970459	0.924057007938879	0.961457658674357	CM076439.1	536862	538143	-	NA	B9J08_02216
B9J08_01901	979.140691745257	0.0100100518730792	0.104774704327288	0.0955388224414402	0.923886855423859	0.961457658674357	CM076438.1	4023235	4023556	-	NA	B9J08_01901
B9J08_02865	767.895502817525	0.0110089774660359	0.11682601113122	0.094233958340583	0.924923309931517	0.961903315398785	CM076439.1	1956093	1958862	+	NA	B9J08_02865
B9J08_02250	1812.63235073289	-0.00806233270017161	0.0856528193041706	-0.0941280481561339	0.92500744008405	0.961903315398785	CM076439.1	602501	604454	+	NA	B9J08_02250
B9J08_00479	134.724579112367	-0.0216627331927399	0.230005427248022	-0.0941835740657558	0.924963332764684	0.961903315398785	CM076438.1	1019135	1020170	-	NA	B9J08_00479
B9J08_00665	1752.835853357	0.00855007068316798	0.0912027742720963	0.0937479232557062	0.925309400625944	0.962036316264032	CM076438.1	1412189	1412879	+	NA	B9J08_00665
B9J08_02264	988.370862872724	0.00984214336609156	0.105379709127132	0.0933969494470496	0.925588213915104	0.962145205625123	CM076439.1	620079	621267	-	NA	B9J08_02264
B9J08_04476	992.092847899042	0.00932570148176828	0.101745019639627	0.091657572181903	0.926970107927515	0.963400486369947	CM076442.1	116652	117201	-	NA	B9J08_04476
B9J08_03565	895.415444582381	0.0107527202408335	0.118118258441793	0.0910335149085549	0.927465960562389	0.963734605006265	CM076440.1	1192601	1193639	+	NA	B9J08_03565
B9J08_01798	297.736502802959	0.0153964233077478	0.170134215199999	0.0904957494272901	0.927893271561329	0.963997389458546	CM076438.1	3793278	3794085	-	NA	B9J08_01798
B9J08_01833	572.175084958653	-0.0111186390348354	0.124651643155956	-0.0891976932941394	0.928924798556803	0.964525147778217	CM076438.1	3869965	3870700	+	NA	B9J08_01833
B9J08_01196	634.879940528005	-0.0105419165832977	0.117682452711968	-0.0895793411877589	0.92862150173773	0.964525147778217	CM076438.1	2477888	2478593	-	NA	B9J08_01196
B9J08_00703	3273.65356149682	-0.00722124078932689	0.0809320411251255	-0.0892259813163793	0.92890231761894	0.964525147778217	CM076438.1	1492328	1493726	-	NA	B9J08_00703
B9J08_03383	1093.29954090586	-0.00891029633797268	0.102460038508571	-0.0869636247230896	0.930700425795165	0.966024277295465	CM076440.1	792786	793551	-	NA	B9J08_03383
B9J08_00404	1137.10901556275	0.00855377592969436	0.0983856313617485	0.0869413125809345	0.930718161135942	0.966024277295465	CM076438.1	859060	860062	-	NA	B9J08_00404
B9J08_03780	8.29911492189719	-0.0772031923331454	0.894082832466744	-0.0863490378404252	0.931188957454392	0.966331462232524	CM076441.1	7969	8323	+	NA	B9J08_03780
B9J08_04147	662.948086659258	-0.00987823876984475	0.115510768585158	-0.0855179035759098	0.931849662614924	0.966654107596225	CM076441.1	795813	797226	-	NA	B9J08_04147
B9J08_01116	750.995346220551	-0.00958011872602488	0.111993274926375	-0.085541910729219	0.931830577612651	0.966654107596225	CM076438.1	2308992	2309487	+	NA	B9J08_01116
B9J08_02001	349.224768883272	-0.01276652118127	0.149854374013211	-0.08519284982729	0.932108074927961	0.966740726238852	CM076439.1	96479	97424	+	NA	B9J08_02001
B9J08_02057	1176.6682117547	-0.00817556007237014	0.096329473068632	-0.0848708065344164	0.932364101035944	0.966824837978548	CM076439.1	221864	222500	+	NA	B9J08_02057
B9J08_01613	35657.9497533887	0.00524470630914589	0.0622450738561506	0.0842589780079063	0.93285052717993	0.967147789105885	CM076438.1	3361427	3362065	-	NA	B9J08_01613
B9J08_03778	1.37125751167455	0.185632617991488	2.2220510390208	0.083541113472034	0.93342128780416	0.967558037827005	CM076440.1	1681419	1683003	-	NA	B9J08_03778
B9J08_05355	24059.6415371674	0.00514903473949452	0.0623042447056471	0.082643401967568	0.934135089512626	0.96811637722413	CM076444.1	251285	251816	-	NA	B9J08_05355
B9J08_01021	11.5857811594918	-0.0621764783673656	0.759609476419736	-0.0818532157608429	0.934763437951618	0.968404408914451	CM076438.1	2102160	2102234	-	NA	B9J08_01021
B9J08_00169	484.2137614094	0.0107242755395538	0.130792556060908	0.0819945405345524	0.934651054860981	0.968404408914451	CM076438.1	363121	364270	+	NA	B9J08_00169
B9J08_01717	829.411566368042	-0.0102613140725184	0.125717139030905	-0.0816222366466346	0.934947118005956	0.968413178639227	CM076438.1	3608442	3608773	+	NA	B9J08_01717
B9J08_05031	2114.60735479124	0.00647262074671039	0.0813208208879969	0.0795936474328651	0.936560447802298	0.969902491100488	CM076443.1	450516	453486	+	NA	B9J08_05031
B9J08_04376	41.4489905988692	-0.0315745946066575	0.400652310970084	-0.0788079682610771	0.937185366006897	0.970004404104891	CM076441.1	1308855	1311264	-	NA	B9J08_04376
B9J08_03994	1.20240954467802	-0.189094639430464	2.39388452112145	-0.0789907106053222	0.937040011839379	0.970004404104891	CM076441.1	469941	470013	+	NA	B9J08_03994
B9J08_01653	4457.61644919699	-0.00641976456055174	0.0812311001644077	-0.0790308705355271	0.937008068712637	0.970004404104891	CM076438.1	3459175	3462361	+	NA	B9J08_01653
B9J08_03629	280.794337608532	0.0128650478458322	0.164342509427026	0.0782819240784733	0.937603795829594	0.970127303402589	CM076440.1	1338265	1339174	+	NA	B9J08_03629
B9J08_01291	626.446302254349	0.00970076208258336	0.124023142145497	0.0782173545579337	0.937655157368668	0.970127303402589	CM076438.1	2682057	2682408	+	NA	B9J08_01291
B9J08_00120	921.667895001385	-0.00810353393652722	0.104004097837936	-0.0779155254935676	0.937895249397702	0.97019409384636	CM076438.1	258161	258776	-	NA	B9J08_00120
B9J08_05034	0.449237581735042	0.29381687741162	3.84134114219465	0.0764880979156554	0.939030782723168	0.970316675816891	CM076443.1	459350	459423	-	NA	B9J08_05034
B9J08_04230	849.518939518143	0.00814149883093748	0.107308614647758	0.075869946300789	0.939522567300024	0.970316675816891	CM076441.1	980088	982125	+	NA	B9J08_04230
B9J08_04211	1545.02061799899	0.00687226070367976	0.0906864817341804	0.0757804313527531	0.939593784869187	0.970316675816891	CM076441.1	932470	932920	-	NA	B9J08_04211
B9J08_03878	0.449237581735042	0.29381687741162	3.84134114219465	0.0764880979156554	0.939030782723168	0.970316675816891	CM076441.1	223691	223766	-	NA	B9J08_03878
B9J08_01628	0.449237581735042	0.29381687741162	3.84134114219465	0.0764880979156554	0.939030782723168	0.970316675816891	CM076438.1	3387084	3387158	+	NA	B9J08_01628
B9J08_00982	6645.95104302696	0.00594833861193108	0.0780779938279625	0.0761845728905085	0.939272256066583	0.970316675816891	CM076438.1	2029119	2030316	+	NA	B9J08_00982
B9J08_00958	2402.3878906561	0.00647079453647202	0.0838715674141113	0.0771512293853152	0.938503239255868	0.970316675816891	CM076438.1	1983253	1985608	+	NA	B9J08_00958
B9J08_00913	9802.45288972269	-0.00506816835396245	0.0655453462756242	-0.0773230845810218	0.938366527041178	0.970316675816891	CM076438.1	1904079	1904871	+	NA	B9J08_00913
B9J08_00422	11.2292815688708	-0.0583312782075545	0.765002858809947	-0.0762497519268042	0.939220401551672	0.970316675816891	CM076438.1	897755	899456	+	NA	B9J08_00422
B9J08_03414	935.675212017266	-0.00783387996719122	0.104598034787382	-0.0748950970552676	0.940298177585628	0.970862698956803	CM076440.1	855925	858229	-	NA	B9J08_03414
B9J08_05250	14.0167104837623	0.0506777829100732	0.681113796578361	0.074404281875742	0.940688701805389	0.971084507821888	CM076444.1	6954	9447	+	NA	B9J08_05250
B9J08_03334	845.747802474606	-0.0079674981365287	0.108031762850177	-0.0737514405608503	0.941208166555801	0.971257941850992	CM076440.1	694635	695430	+	NA	B9J08_03334
B9J08_03301	73.1084438570558	-0.022496479881997	0.30448960548213	-0.0738825873756053	0.941103811238373	0.971257941850992	CM076440.1	617226	617610	+	NA	B9J08_03301
B9J08_04712	386.876936088663	-0.0110863282939661	0.152684365580931	-0.072609453179997	0.942116904029379	0.971889785906537	CM076442.1	649070	649361	+	NA	B9J08_04712
B9J08_01728	1873.02150898785	0.00620116942682032	0.0854861711613359	0.0725400300724313	0.94217214997055	0.971889785906537	CM076438.1	3627561	3628524	+	NA	B9J08_01728
B9J08_02344	3.35038378576498	-0.100988463530432	1.39882648084377	-0.0721951327869598	0.942446618541409	0.971991502272507	CM076439.1	788629	788702	-	NA	B9J08_02344
B9J08_00154	3703.67587434216	-0.00530060976632329	0.073991264445099	-0.0716383184700987	0.942889744671799	0.972267093059894	CM076438.1	334481	335525	+	NA	B9J08_00154
B9J08_04875	99.5176813710738	0.0190661076431552	0.268969822057931	0.0708856759367179	0.943488743642389	0.972703280378938	CM076443.1	69122	69539	+	NA	B9J08_04875
B9J08_01668	362.625357444351	0.0105610798871436	0.151211723318623	0.0698429966629639	0.944318624326596	0.973377291431014	CM076438.1	3505124	3506012	+	NA	B9J08_01668
B9J08_03185	4439.30347994294	-0.0057447574850112	0.0825427633483964	-0.0695973487192783	0.944514147240902	0.973397294760482	CM076440.1	362351	362680	-	NA	B9J08_03185
B9J08_02520	19.3642896336129	-0.0398011822496608	0.582928865798862	-0.0682779402167983	0.945564384298407	0.974073861115379	CM076439.1	1206721	1209330	-	NA	B9J08_02520
B9J08_00664	1314.55813135506	-0.00659217190304193	0.0964968955934949	-0.0683148598977967	0.945534995275991	0.974073861115379	CM076438.1	1411273	1411900	-	NA	B9J08_00664
B9J08_00367	2494.35846600959	-0.00575533395903258	0.0845025758032185	-0.0681083849140297	0.945699355662227	0.974073861115379	CM076438.1	760291	762631	+	NA	B9J08_00367
B9J08_03760	4795.67817437057	0.00465521187812112	0.0697444032957771	0.0667467446581908	0.946783320403195	0.975008647637126	CM076440.1	1631477	1632901	-	NA	B9J08_03760
B9J08_04790	220.192554533294	-0.0124456775545599	0.187465861312899	-0.0663890346082097	0.94706810005853	0.975056167255621	CM076442.1	837123	838587	-	NA	B9J08_04790
B9J08_03254	228.229176003141	-0.0118723339336861	0.179216961023402	-0.0662455934186709	0.94718229817178	0.975056167255621	CM076440.1	513015	520128	-	NA	B9J08_03254
B9J08_03296	4452.48530752838	-0.00492593146700932	0.075003879613905	-0.065675688942577	0.947636028028538	0.975241013034821	CM076440.1	605478	606141	-	NA	B9J08_03296
B9J08_02132	18000.1504255721	-0.00493586904207859	0.0753875696159929	-0.0654732480065452	0.947797205620105	0.975241013034821	CM076439.1	368998	369856	-	NA	B9J08_02132
B9J08_00409	2212.94256335125	0.0053460402756057	0.0817997971567391	0.0653551776584725	0.947891210787599	0.975241013034821	CM076438.1	868461	870921	-	NA	B9J08_00409
B9J08_04188	401.946778201233	0.00970945992094534	0.149606864533588	0.0648998289698497	0.94825375677099	0.975432442522476	CM076441.1	880580	880940	+	NA	B9J08_04188
B9J08_05450	1378.73115628213	0.00670342465380028	0.104356723178157	0.0642356759550241	0.948782570736851	0.975449836948236	CM076444.1	452677	453034	-	NA	B9J08_05450
B9J08_05329	4.55061768904656	0.078025206154931	1.21508806960726	0.064213622128765	0.948800130890847	0.975449836948236	CM076444.1	197649	199119	+	NA	B9J08_05329
B9J08_05151	1007.88350478428	-0.00663061433618883	0.103121057225062	-0.0642993246444081	0.94873189119957	0.975449836948236	CM076443.1	729445	730714	-	NA	B9J08_05151
B9J08_02878	2841.21412832805	0.00508740678618061	0.0797928067477998	0.0637577119233356	0.949163150708966	0.975641572246319	CM076439.1	1981593	1982649	-	NA	B9J08_02878
B9J08_00652	853.126049918747	-0.00673225693326404	0.106908999541377	-0.0629718448600623	0.949788924357302	0.976103269788548	CM076438.1	1388922	1394064	+	NA	B9J08_00652
B9J08_04199	0.47278234820447	0.231776472642653	3.77429898185182	0.0614091447861223	0.951033369620544	0.976292985492709	CM076441.1	906715	906788	+	NA	B9J08_04199
B9J08_03864	2.333450223315	0.10368742864664	1.67805685978952	0.0617901759655782	0.950729926982884	0.976292985492709	CM076441.1	192355	192427	+	NA	B9J08_03864
B9J08_03755	0.47278234820447	0.231776472642653	3.77429898185182	0.0614091447861223	0.951033369620544	0.976292985492709	CM076440.1	1622459	1622532	+	NA	B9J08_03755
B9J08_03286	594.399640583354	0.00774383319094001	0.124344343934045	0.0622773255778123	0.950341984987401	0.976292985492709	CM076440.1	585223	586237	+	NA	B9J08_03286
B9J08_00879	2949.23374370462	0.0049472534083365	0.0797064653295474	0.0620684079752128	0.950508355256502	0.976292985492709	CM076438.1	1847789	1849286	+	NA	B9J08_00879
B9J08_00746	2709.45303220258	-0.00484726021639287	0.0783781011359222	-0.0618445732435751	0.950686607084816	0.976292985492709	CM076438.1	1591954	1592944	-	NA	B9J08_00746
B9J08_04680	581.51636189624	-0.00751669012512815	0.123426655495676	-0.0609000551375347	0.951438805535696	0.976527813963935	CM076442.1	586361	588497	+	NA	B9J08_04680
B9J08_02270	3178.45490006378	0.00448465318355656	0.0762662386514133	0.0588026007687932	0.9531093369334	0.978060769630691	CM076439.1	630235	634456	-	NA	B9J08_02270
B9J08_05140	630.083960578225	-0.00689501604301576	0.118592076229933	-0.058140613287243	0.953636624364785	0.978266172322215	CM076443.1	704921	706184	-	NA	B9J08_05140
B9J08_02508	747.518679790628	-0.0064949505191406	0.111775931187363	-0.0581068790941542	0.953663494928911	0.978266172322215	CM076439.1	1187628	1188819	+	NA	B9J08_02508
B9J08_04319	986.027960834464	0.00566475351389616	0.101105357666099	0.0560282228821547	0.955319323860139	0.979601095171612	CM076441.1	1203907	1206085	+	NA	B9J08_04319
B9J08_01190	843.394426739139	0.00610687065818202	0.108828968052329	0.0561143854203013	0.955250684087527	0.979601095171612	CM076438.1	2470952	2472734	+	NA	B9J08_01190
B9J08_01757	1951.3889974552	-0.00486590921084836	0.0880012182783866	-0.0552936573611441	0.955904515130319	0.980019338735907	CM076438.1	3694697	3697313	+	NA	B9J08_01757
B9J08_05293	350.708130797044	-0.00822806926844681	0.151343552209823	-0.0543668306201734	0.956642905085052	0.980412634230499	CM076444.1	115164	116658	+	NA	B9J08_05293
B9J08_05051	6129.8766530093	-0.0039145494113691	0.0717476903373866	-0.054559936256642	0.95648905742473	0.980412634230499	CM076443.1	494867	497126	-	NA	B9J08_05051
B9J08_02032	111.541892513128	-0.0140303217312435	0.261789254269634	-0.0535939558343854	0.957258672138378	0.980720842944327	CM076439.1	158667	159219	+	NA	B9J08_02032
B9J08_00206	1830.07402503555	-0.00461498099569643	0.0861905445126573	-0.0535439359594568	0.957298525001745	0.980720842944327	CM076438.1	443194	443707	+	NA	B9J08_00206
B9J08_04353	1734.9444725759	0.00451709501360014	0.0864615065968096	0.052244000728144	0.958334273272441	0.981054552394292	CM076441.1	1264934	1265723	+	NA	B9J08_04353
B9J08_04165	3733.11779576882	0.00401012648230452	0.0764353033998946	0.0524643234726801	0.958158721910953	0.981054552394292	CM076441.1	836942	839405	+	NA	B9J08_04165
B9J08_03595	735.878364881736	0.00615506651212696	0.116681107102403	0.0527511836747067	0.957930157089593	0.981054552394292	CM076440.1	1247774	1248476	-	NA	B9J08_03595
B9J08_00917	1511.39546430625	0.00514608615662783	0.0978116664551129	0.0526121918083202	0.958040902767518	0.981054552394292	CM076438.1	1914689	1915919	+	NA	B9J08_00917
B9J08_00761	1501.9459260727	-0.0046666098797971	0.0897165725203398	-0.052015026306752	0.958516720360479	0.981059613598586	CM076438.1	1624959	1627572	+	NA	B9J08_00761
B9J08_02730	1067.29351410173	0.00526922913948959	0.101870713685936	0.0517246708974125	0.958748079015434	0.981114725554213	CM076439.1	1657301	1658765	-	NA	B9J08_02730
B9J08_04619	2132.99152872323	0.0042624005705006	0.083571176341748	0.051003237684131	0.959322940609167	0.981521268557361	CM076442.1	464890	465859	-	NA	B9J08_04619
B9J08_01417	1382.54267128564	-0.00458291480407863	0.0907851352039776	-0.050480894188037	0.959739174220086	0.981765392543849	CM076438.1	2943214	2944669	-	NA	B9J08_01417
B9J08_02846	224.998764837086	0.00904201546891707	0.182266272663005	0.0496088241494629	0.960434114637765	0.98229447661046	CM076439.1	1914938	1915994	+	NA	B9J08_02846
B9J08_04929	2.35699498978443	0.0823639874320012	1.67432006312494	0.0491924986422712	0.960765889247152	0.982452001825904	CM076443.1	220346	221930	+	NA	B9J08_04929
B9J08_04386	198.191744124761	0.00906107612194276	0.192492861448598	0.0470722709078871	0.962455627440988	0.983653937678293	CM076441.1	1327087	1328557	+	NA	B9J08_04386
B9J08_03453	2771.84233950208	-0.00358103615398065	0.0768444582564481	-0.0466010983125144	0.962831156656335	0.983653937678293	CM076440.1	933358	934294	-	NA	B9J08_03453
B9J08_03265	2209.93879965728	0.00391870246746906	0.083550202913882	0.0469023692438928	0.962591039790592	0.983653937678293	CM076440.1	540624	544515	-	NA	B9J08_03265
B9J08_02826	3644.38191890035	0.003479520980088	0.0740644671379682	0.0469796261897935	0.962529465541755	0.983653937678293	CM076439.1	1872746	1874351	-	NA	B9J08_02826
B9J08_00886	447.944900326921	-0.0068108690947831	0.146109602673324	-0.0466147944431212	0.962820240588114	0.983653937678293	CM076438.1	1858382	1858707	+	NA	B9J08_00886
B9J08_00408	1505.86688818063	0.00419365613126198	0.0911147836960073	0.046026077889331	0.963289464780516	0.983940283097748	CM076438.1	867370	868333	-	NA	B9J08_00408
B9J08_05278	3358.10279620336	0.0033915963965513	0.0747568460439319	0.0453683719422591	0.963813690552284	0.984112002158225	CM076444.1	84111	84861	-	NA	B9J08_05278
B9J08_03392	2039.92773374975	0.00376569949414157	0.0827216149947606	0.045522557730287	0.963690795065617	0.984112002158225	CM076440.1	814527	816321	+	NA	B9J08_03392
B9J08_04475	1850.09955777672	0.0037361309908564	0.0851085648195862	0.0438984137351661	0.964985379739616	0.98476259117815	CM076442.1	112908	115854	-	NA	B9J08_04475
B9J08_04173	1.41834704461341	0.103817219329605	2.3464651729228	0.0442440912942632	0.964709836673788	0.98476259117815	CM076441.1	852208	852282	-	NA	B9J08_04173
B9J08_02821	270.306036560701	0.00735705595211411	0.167532393638542	0.0439142293160763	0.964972772889169	0.98476259117815	CM076439.1	1866359	1867772	+	NA	B9J08_02821
B9J08_02884	2968.2402198965	-0.00324406056047747	0.0770581684332718	-0.0420988537157699	0.966419893964669	0.985862449970972	CM076439.1	1999262	2003408	-	NA	B9J08_02884
B9J08_02098	478.422805296944	-0.00576519088139003	0.136460464383735	-0.0422480672876647	0.966300944588279	0.985862449970972	CM076439.1	299185	301663	+	NA	B9J08_02098
B9J08_05187	12468.6003946594	-0.00295322957102618	0.071638368770716	-0.0412241320077823	0.967117215462107	0.986027826943196	CM076443.1	803405	803882	-	NA	B9J08_05187
B9J08_02788	385.49442645689	0.00608005030177974	0.147315782322033	0.041272226274363	0.967078874420181	0.986027826943196	CM076439.1	1798638	1799595	+	NA	B9J08_02788
B9J08_00683	625.339875541969	-0.00536434014697875	0.129726387620293	-0.04135118725945	0.967015926407552	0.986027826943196	CM076438.1	1446739	1447615	-	NA	B9J08_00683
B9J08_01271	669.811087636823	-0.00469495881148951	0.11639061641742	-0.0403379495358255	0.967823699033072	0.986566135108039	CM076438.1	2632700	2633535	-	NA	B9J08_01271
B9J08_02240	2206.12978462998	-0.00343081132056302	0.0863884573952908	-0.0397137699179479	0.968321323531076	0.986742679394848	CM076439.1	576500	577859	+	NA	B9J08_02240
B9J08_00648	5986.69765286641	0.00287754623201642	0.0725318870455286	0.0396728438929236	0.968353952060368	0.986742679394848	CM076438.1	1378894	1380376	-	NA	B9J08_00648
B9J08_02097	831.971449308311	0.00439203280499953	0.111609885176834	0.0393516470162192	0.968610030113354	0.986821684135762	CM076439.1	296768	298175	+	NA	B9J08_02097
B9J08_00733	1334.21483746367	0.00387597632601592	0.0996346545471977	0.0389018895446648	0.968968610072171	0.987005069640415	CM076438.1	1561105	1562377	+	NA	B9J08_00733
B9J08_05363	1660.26320405988	-0.00372170128332004	0.0975697443608624	-0.0381440097819187	0.969572862092644	0.987438586472461	CM076444.1	274031	274688	+	NA	B9J08_05363
B9J08_00365	782.000162748859	0.00411440604496157	0.11042522240486	0.0372596582135613	0.970277971223243	0.987974640189916	CM076438.1	756872	758033	-	NA	B9J08_00365
B9J08_01735	2553.64028536577	0.00286571081133667	0.0787750292571368	0.0363784163377768	0.970980624053423	0.988507995789882	CM076438.1	3641958	3643011	+	NA	B9J08_01735
B9J08_00876	874.041913127761	0.00380977390992125	0.106434816065095	0.0357944331635921	0.971446271916214	0.98879991618433	CM076438.1	1842723	1843539	+	NA	B9J08_00876
B9J08_04570	3784.03295867498	-0.00257109472865362	0.0727429825718051	-0.0353449176505194	0.97180470658309	0.988800554728413	CM076442.1	347673	351717	-	NA	B9J08_04570
B9J08_02775	171.866008455447	0.00743012911480913	0.209165421244988	0.0355227411423157	0.971662913007478	0.988800554728413	CM076439.1	1767775	1768060	+	NA	B9J08_02775
B9J08_01173	1375.97261690262	0.00326694773624877	0.094974566541203	0.0343981326288177	0.972559672538466	0.989386583861605	CM076438.1	2435404	2436448	+	NA	B9J08_01173
B9J08_04208	2149.06610337948	0.00283384284952663	0.0840398242569305	0.0337202376918694	0.973100240804026	0.98972468253535	CM076441.1	927904	930490	+	NA	B9J08_04208
B9J08_02610	10.5854756122733	-0.0270662246647965	0.809879861026698	-0.03342004903108	0.973339621777154	0.98972468253535	CM076439.1	1389281	1390049	-	NA	B9J08_02610
B9J08_00130	371.376343678001	-0.00490536372926385	0.147274277559745	-0.0333076747042531	0.973429233628037	0.98972468253535	CM076438.1	277461	279450	+	NA	B9J08_00130
B9J08_03320	678.451361656766	0.00380928956275294	0.117394190576746	0.0324487058860262	0.974114221237818	0.990056877672199	CM076440.1	660355	662086	+	NA	B9J08_03320
B9J08_03049	646.705380650572	0.00393213508722974	0.120519266242595	0.032626609917411	0.973972349477697	0.990056877672199	CM076440.1	80144	80411	+	NA	B9J08_03049
B9J08_04033	58681.4310619026	0.00192227370595021	0.0609142893313593	0.0315570242557292	0.974825315981277	0.990415353203772	CM076441.1	542193	543068	+	NA	B9J08_04033
B9J08_02505	1236.19248674102	0.00306516343716026	0.0964552344856781	0.0317780932626874	0.974649016855681	0.990415353203772	CM076439.1	1181974	1184665	+	NA	B9J08_02505
B9J08_05516	1991.08552343596	0.00280078439504202	0.0927352489843638	0.0302019396692865	0.975906001606107	0.99064571980674	CM076444.1	616926	618816	+	NA	B9J08_05516
B9J08_05127	2269.9432693804	0.00242909526453834	0.0814889685643914	0.0298088846543555	0.97621947298726	0.99064571980674	CM076443.1	664830	665625	-	NA	B9J08_05127
B9J08_04900	36975.3946594246	-0.00182331747966034	0.0612542645713526	-0.0297663761440877	0.976253374827365	0.99064571980674	CM076443.1	143176	143792	+	NA	B9J08_04900
B9J08_04580	1253.54448446648	0.00333636159788447	0.107952240936683	0.0309059040269608	0.97534458144121	0.99064571980674	CM076442.1	370413	371694	+	NA	B9J08_04580
B9J08_02537	174.246779602248	-0.00608702503677709	0.204953860053653	-0.0296994896079713	0.97630671897726	0.99064571980674	CM076439.1	1240744	1241947	+	NA	B9J08_02537
B9J08_01581	1745.09198578447	-0.00282099854351986	0.0918733851976845	-0.0307052857304638	0.975504575748245	0.99064571980674	CM076438.1	3297156	3298236	-	NA	B9J08_01581
B9J08_00250	2488.93573200342	0.00255005490857207	0.0839214368377564	0.0303862160213253	0.975759037802207	0.99064571980674	CM076438.1	542830	545317	+	NA	B9J08_00250
B9J08_05235	3.47358329458635	-0.0430396398428256	1.47831539496184	-0.0291139766179169	0.976773688794385	0.990937624443202	CM076443.1	930612	931992	+	NA	B9J08_05235
B9J08_05313	3529.63306624615	0.00202585887803217	0.0820699702601195	0.0246845328639847	0.980306592308926	0.991065398882648	CM076444.1	160844	163430	-	NA	B9J08_05313
B9J08_04899	3789.31503446231	-0.00185417077442994	0.0727384288533074	-0.0254909379218139	0.979663376631001	0.991065398882648	CM076443.1	139086	141399	-	NA	B9J08_04899
B9J08_04737	6.41272663892078	0.0258220709569737	1.02781153525176	0.0251233519680712	0.979956573882254	0.991065398882648	CM076442.1	709555	710059	+	NA	B9J08_04737
B9J08_03770	47.8443546559257	-0.00958336983559986	0.385260850705583	-0.0248750160262806	0.98015465538949	0.991065398882648	CM076440.1	1659805	1660687	-	NA	B9J08_03770
B9J08_03245	1119.25707657416	-0.00246087478012461	0.0990187491975188	-0.0248526142782894	0.980172523874262	0.991065398882648	CM076440.1	491655	492345	+	NA	B9J08_03245
B9J08_03007	8529.09593796217	-0.00176401762663171	0.0700022185713757	-0.0251994531406613	0.979895873149342	0.991065398882648	CM076439.1	2291170	2293042	-	NA	B9J08_03007
B9J08_02998	400.924796646192	0.00367969202193871	0.145346338564064	0.025316716322488	0.979802340507374	0.991065398882648	CM076439.1	2272835	2273618	+	NA	B9J08_02998
B9J08_02944	156.650304157358	0.00593032488193589	0.212575831158422	0.027897455931932	0.977743937527386	0.991065398882648	CM076439.1	2153087	2153582	+	NA	B9J08_02944
B9J08_02534	1423.07100262319	0.00254053168153669	0.0914201640110199	0.0277896206927659	0.977829944254422	0.991065398882648	CM076439.1	1229676	1234302	-	NA	B9J08_02534
B9J08_02388	382.091731103258	-0.0041901854579107	0.159011431570646	-0.0263514730766327	0.97897699956828	0.991065398882648	CM076439.1	888328	888802	+	NA	B9J08_02388
B9J08_02317	425.008466645313	0.00374274107549238	0.138698991379073	0.026984630805737	0.978471992408796	0.991065398882648	CM076439.1	728125	728548	+	NA	B9J08_02317
B9J08_01697	661.012176099134	-0.00301756457117416	0.11714136178102	-0.025760026392856	0.979448745577071	0.991065398882648	CM076438.1	3562803	3563649	+	NA	B9J08_01697
B9J08_01649	8280.46377050047	-0.00194089101053399	0.0772811854401917	-0.0251146640605824	0.979963503642943	0.991065398882648	CM076438.1	3450029	3451493	-	NA	B9J08_01649
B9J08_01574	1762.08606610528	0.00245099375542072	0.0904746485527533	0.027090392663881	0.978387637493598	0.991065398882648	CM076438.1	3282060	3283041	+	NA	B9J08_01574
B9J08_01414	1657.99388334661	0.00236855105410301	0.0874795101957398	0.0270754951508446	0.978399519630755	0.991065398882648	CM076438.1	2939922	2941806	+	NA	B9J08_01414
B9J08_01150	521.15435347935	-0.00354367747058309	0.127566007710816	-0.0277791673046349	0.977838281632685	0.991065398882648	CM076438.1	2380720	2382100	+	NA	B9J08_01150
B9J08_01146	2807.29656496667	0.00221617371500003	0.0838299957966777	0.02643652422905	0.978909162200243	0.991065398882648	CM076438.1	2373315	2373829	-	NA	B9J08_01146
B9J08_01134	59615.4703197945	0.00161937894454174	0.0648322659943243	0.0249779784757718	0.980072528758579	0.991065398882648	CM076438.1	2342268	2342706	-	NA	B9J08_01134
B9J08_00764	3239.38440428251	0.00215974648591922	0.077166351747623	0.0279881896319629	0.977671570766559	0.991065398882648	CM076438.1	1630793	1631159	+	NA	B9J08_00764
B9J08_05437	2.64430135576086	-0.0381769091257088	1.57339796379261	-0.024263987881162	0.980642038176064	0.991223215983742	CM076444.1	429624	430800	+	NA	B9J08_05437
B9J08_05533	239.010906023284	-0.00411709404934097	0.182517646791551	-0.0225572382819674	0.982003454047485	0.991320314390195	CM076444.1	647524	647923	-	NA	B9J08_05533
B9J08_05333	4622.26285307973	-0.0016334843668949	0.0711459109385706	-0.0229596380922762	0.981682468591147	0.991320314390195	CM076444.1	207789	208950	+	NA	B9J08_05333
B9J08_04588	9.32078959418864	-0.019962780173636	0.840211313978508	-0.0237592375174165	0.98104465461158	0.991320314390195	CM076442.1	390000	391185	-	NA	B9J08_04588
B9J08_04204	80.2920095772972	0.0071121120813232	0.314417409474204	0.0226199690825539	0.981953414877965	0.991320314390195	CM076441.1	917975	918293	-	NA	B9J08_04204
B9J08_03369	878.712836954642	-0.00255534623721765	0.107935435682551	-0.0236747665033119	0.981112033776623	0.991320314390195	CM076440.1	753692	755709	+	NA	B9J08_03369
B9J08_02828	3464.06083493032	-0.00165962532220088	0.07614523064645	-0.0217955255780456	0.982611063411968	0.991320314390195	CM076439.1	1877701	1879132	+	NA	B9J08_02828
B9J08_02692	2413.89947864707	-0.00173015556586753	0.079840406709892	-0.0216701747544226	0.982711055282048	0.991320314390195	CM076439.1	1578282	1578747	+	NA	B9J08_02692
B9J08_02050	40153.1484695494	0.00140936560643983	0.0645026708636027	0.021849724787677	0.982567828995324	0.991320314390195	CM076439.1	193050	193718	+	NA	B9J08_02050
B9J08_01219	694.58445812399	0.00252031200556394	0.113795366411579	0.0221477559679221	0.982330092051561	0.991320314390195	CM076438.1	2526313	2526844	+	NA	B9J08_01219
B9J08_01052	542.98313300421	0.00287458228700237	0.12664575138745	0.0226978185648574	0.981891315921624	0.991320314390195	CM076438.1	2159210	2160116	-	NA	B9J08_01052
B9J08_00465	2022.67565266722	-0.00191795294154646	0.0826014529232586	-0.0232193608425792	0.98147529505123	0.991320314390195	CM076438.1	980853	981219	-	NA	B9J08_00465
B9J08_02008	3698.24101023312	-0.00170800097639817	0.0798703944684375	-0.02138465682767	0.982938812845946	0.991369127481669	CM076439.1	112393	113212	-	NA	B9J08_02008
B9J08_04699	423.602038025857	0.00265228516707051	0.139087334175313	0.0190692070043375	0.984785896212639	0.991556207922651	CM076442.1	627025	627652	+	NA	B9J08_04699
B9J08_04625	518.413725474817	-0.00239691567207996	0.126799450293429	-0.0189032023919127	0.984918324858939	0.991556207922651	CM076442.1	477176	478253	+	NA	B9J08_04625
B9J08_04329	3639.5939422682	-0.00141130426647576	0.0744213706398929	-0.0189636962386076	0.984870066403157	0.991556207922651	CM076441.1	1225259	1226693	+	NA	B9J08_04329
B9J08_04311	2175.70886072011	-0.0016663654818478	0.0863853515947152	-0.0192899079657128	0.984609834708928	0.991556207922651	CM076441.1	1176515	1177622	-	NA	B9J08_04311
B9J08_04276	2275.70387355482	0.00164450510679048	0.0812007481151871	0.0202523393560078	0.983842075663551	0.991556207922651	CM076441.1	1086665	1088486	+	NA	B9J08_04276
B9J08_04226	930.835194458213	0.00216274166110564	0.113165278740811	0.0191113536339984	0.984752274194687	0.991556207922651	CM076441.1	967250	969626	+	NA	B9J08_04226
B9J08_02440	590.30699925387	-0.00277987772487783	0.139273705643166	-0.0199598173398227	0.984075427291652	0.991556207922651	CM076439.1	1028226	1030269	+	NA	B9J08_02440
B9J08_02094	450.916767235924	-0.00291888804944265	0.140111473288378	-0.020832612640044	0.983379182254933	0.991556207922651	CM076439.1	293735	294557	+	NA	B9J08_02094
B9J08_01172	1180.7345367576	-0.00199450933369879	0.0972480024721981	-0.0205095146737743	0.983636922061652	0.991556207922651	CM076438.1	2434165	2435320	-	NA	B9J08_01172
B9J08_01149	25780.261733842	0.00127476115096084	0.067428663118709	0.0189053303447024	0.984916627301618	0.991556207922651	CM076438.1	2379799	2380247	-	NA	B9J08_01149
B9J08_02245	5387.84675933227	0.00136697537255577	0.0775497593116886	0.0176270743415414	0.98593635782903	0.992400336864151	CM076439.1	583933	587032	+	NA	B9J08_02245
B9J08_02338	1032.5862592322	0.00173040977642138	0.101012347082393	0.0171306758668813	0.986332366697038	0.992518307248568	CM076439.1	772283	775343	-	NA	B9J08_02338
B9J08_00930	2.12442947461753	-0.0298363765807804	1.75199306614847	-0.0170299627077702	0.986412712450947	0.992518307248568	CM076438.1	1936732	1936803	+	NA	B9J08_00930
B9J08_04219	58038.8630722297	-0.00103131967833176	0.064228362118819	-0.0160570757887905	0.987188857654309	0.993051701013911	CM076441.1	953029	953527	+	NA	B9J08_04219
B9J08_00691	683.422654573225	-0.0018225942209483	0.114520234909447	-0.015915040886787	0.987302170629897	0.993051701013911	CM076438.1	1461099	1464456	+	NA	B9J08_00691
B9J08_03433	4409.85086057371	-0.00115027879458727	0.0784401918621577	-0.014664405673671	0.988299916461473	0.993707725243375	CM076440.1	894859	896029	-	NA	B9J08_03433
B9J08_01758	1370.59078282223	-0.00130563931527966	0.0919719445728294	-0.01419606078075	0.988673562712741	0.993707725243375	CM076438.1	3697478	3701969	-	NA	B9J08_01758
B9J08_01249	1141.14099188274	0.00148969822417549	0.104614370293139	0.0142399005031643	0.988638587210425	0.993707725243375	CM076438.1	2576667	2577183	+	NA	B9J08_01249
B9J08_00556	1830.03537147515	0.00127613804468735	0.087513477547287	0.0145821887148502	0.988365509089968	0.993707725243375	CM076438.1	1202710	1205554	-	NA	B9J08_00556
B9J08_03794	1217.13251520007	-0.0013422714935033	0.0961717612425654	-0.0139570231028401	0.988864268289943	0.99371869287973	CM076441.1	46750	47887	+	NA	B9J08_03794
B9J08_05502	57.2654178638255	0.00487512558204388	0.362062216019206	0.013464883565164	0.989256901917474	0.993932538974346	CM076444.1	584649	585603	+	NA	B9J08_05502
B9J08_03745	506.299036158551	-0.00171408682879805	0.131601900767822	-0.0130247877788796	0.989608016749163	0.994104599885973	CM076440.1	1601288	1601624	+	NA	B9J08_03745
B9J08_04150	7729.59712365398	-0.000890001442002968	0.0705845669972619	-0.0126090090208741	0.989939732951388	0.994110519515159	CM076441.1	803830	805072	-	NA	B9J08_04150
B9J08_01016	1577.99473998727	0.00110956745735707	0.0882955829838911	0.0125665114817748	0.989973638395411	0.994110519515159	CM076438.1	2089950	2094435	+	NA	B9J08_01016
B9J08_00585	1476.82962136503	-0.00107211536410369	0.0895643767797605	-0.0119703324318332	0.990449284650691	0.99440748342677	CM076438.1	1258780	1260871	-	NA	B9J08_00585
B9J08_00720	1429.95485252078	-0.00107398720831173	0.0921781663985806	-0.0116512103708788	0.990703889456476	0.994482454962939	CM076438.1	1539949	1543591	-	NA	B9J08_00720
B9J08_05309	1145.40001507873	-0.00101622406246224	0.0972343415609193	-0.0104512875404782	0.991661230837692	0.994720802693271	CM076444.1	154074	155268	-	NA	B9J08_05309
B9J08_05137	2948.20802800692	-0.00080582099271501	0.0759004901242546	-0.0106168088163307	0.99152917129463	0.994720802693271	CM076443.1	695847	701273	+	NA	B9J08_05137
B9J08_01971	1423.56631757819	-0.000965822488040336	0.0922110808624713	-0.010474039334609	0.991643078525994	0.994720802693271	CM076439.1	30826	31798	-	NA	B9J08_01971
B9J08_01888	1057.88239824085	-0.00109895947977431	0.103512127871506	-0.0106167219471954	0.991529240602265	0.994720802693271	CM076438.1	3996907	4000573	-	NA	B9J08_01888
B9J08_02370	556.468341804251	0.00115127507006997	0.124095109771087	0.00927736050351766	0.992597843472611	0.995479637247889	CM076439.1	840731	842045	+	NA	B9J08_02370
B9J08_05442	761.883806170785	0.000810070857308625	0.113549780794593	0.00713405919095527	0.994307892598836	0.996319292850418	CM076444.1	439350	440718	-	NA	B9J08_05442
B9J08_05257	4.88501358796184	-0.00778891275689979	1.14773968146429	-0.00678630606111194	0.99458535272997	0.996319292850418	CM076444.1	27439	28132	-	NA	B9J08_05257
B9J08_04995	1874.97192720116	0.00060360749073942	0.0908161372932336	0.00664647835428685	0.994696916581981	0.996319292850418	CM076443.1	365915	366695	-	NA	B9J08_04995
B9J08_03269	563.589945385932	0.000895628406611103	0.123158636267079	0.0072721526785086	0.994197712795619	0.996319292850418	CM076440.1	552130	553192	+	NA	B9J08_03269
B9J08_02409	1007.68175275703	0.000694232560659481	0.100630078922714	0.00689885736045844	0.994495551888275	0.996319292850418	CM076439.1	959892	962490	+	NA	B9J08_02409
B9J08_02377	3272.984631243	-0.000520929532612325	0.0752254763305307	-0.00692490839570666	0.994474766665961	0.996319292850418	CM076439.1	857732	859673	+	NA	B9J08_02377
B9J08_01692	2473.74851632822	-0.000584777493088075	0.0796033533107563	-0.00734614144714753	0.99413867987636	0.996319292850418	CM076438.1	3551816	3554354	+	NA	B9J08_01692
B9J08_03282	3751.23482741226	-0.000496053344219418	0.0804588911289759	-0.00616530177409782	0.995080832065481	0.996347147568619	CM076440.1	577528	579811	+	NA	B9J08_03282
B9J08_01446	768.56238822134	0.000693753242470327	0.112626906097152	0.00615974696021476	0.995085264081559	0.996347147568619	CM076438.1	3009707	3010412	-	NA	B9J08_01446
B9J08_01807	228.765299640163	-0.000895150000032507	0.188906770497214	-0.00473858082310347	0.99621917367034	0.997301824465852	CM076438.1	3816467	3818105	+	NA	B9J08_01807
B9J08_05477	4448.39551763677	0.000320572723402127	0.0714222400842929	0.00448841597552506	0.996418774215161	0.997321000559072	CM076444.1	524676	527505	+	NA	B9J08_05477
B9J08_02979	482.024245034687	0.000477956981421982	0.131541199343934	0.00363351545983925	0.997100880492396	0.997823024892536	CM076439.1	2236313	2237276	-	NA	B9J08_02979
B9J08_03793	1170.73597632199	-0.000321584737105671	0.0962588162898362	-0.00334083411266327	0.997334404999831	0.997836567147547	CM076441.1	44940	46680	-	NA	B9J08_03793
B9J08_01461	656.450679088075	0.00037586817654347	0.118794902842378	0.00316400929290871	0.997475490047078	0.997836567147547	CM076438.1	3042675	3044040	+	NA	B9J08_01461
B9J08_01654	513.98760461558	0.000379905149398112	0.129474746251695	0.00293420269509228	0.997658848330696	0.997839387391197	CM076438.1	3463300	3465550	+	NA	B9J08_01654
B9J08_01433	1598.56302164786	-0.000160274986427774	0.0899784236255256	-0.00178126021739179	0.998578760725343	0.998578760725343	CM076438.1	2974443	2975727	-	NA	B9J08_01433
B9J08_05526	0	NA	NA	NA	NA	NA	CM076444.1	632330	632403	-	NA	B9J08_05526
B9J08_05428	0	NA	NA	NA	NA	NA	CM076444.1	401439	401511	-	NA	B9J08_05428
B9J08_05426	0	NA	NA	NA	NA	NA	CM076444.1	397040	397111	+	NA	B9J08_05426
B9J08_05388	0	NA	NA	NA	NA	NA	CM076444.1	327819	327893	+	NA	B9J08_05388
B9J08_05341	0	NA	NA	NA	NA	NA	CM076444.1	225094	225170	+	NA	B9J08_05341
B9J08_05330	0	NA	NA	NA	NA	NA	CM076444.1	199661	199743	+	NA	B9J08_05330
B9J08_05246	0	NA	NA	NA	NA	NA	CM076443.1	962896	963014	+	NA	B9J08_05246
B9J08_05067	0	NA	NA	NA	NA	NA	CM076443.1	538448	538520	-	NA	B9J08_05067
B9J08_04998	0	NA	NA	NA	NA	NA	CM076443.1	376041	376123	+	NA	B9J08_04998
B9J08_04881	0	NA	NA	NA	NA	NA	CM076443.1	80486	80560	+	NA	B9J08_04881
B9J08_04859	0	NA	NA	NA	NA	NA	CM076443.1	8435	9047	+	NA	B9J08_04859
B9J08_04858	0	NA	NA	NA	NA	NA	CM076443.1	5812	6166	-	NA	B9J08_04858
B9J08_04684	0	NA	NA	NA	NA	NA	CM076442.1	593927	594000	+	NA	B9J08_04684
B9J08_04429	0	NA	NA	NA	NA	NA	CM076442.1	6225	6343	-	NA	B9J08_04429
B9J08_04414	0	NA	NA	NA	NA	NA	CM076441.1	1393080	1393153	-	NA	B9J08_04414
B9J08_04357	0	NA	NA	NA	NA	NA	CM076441.1	1271841	1271912	+	NA	B9J08_04357
B9J08_04257	0	NA	NA	NA	NA	NA	CM076441.1	1037502	1037575	+	NA	B9J08_04257
B9J08_04063	0	NA	NA	NA	NA	NA	CM076441.1	600970	601044	+	NA	B9J08_04063
B9J08_03974	0	NA	NA	NA	NA	NA	CM076441.1	425818	425890	-	NA	B9J08_03974
B9J08_03877	0	NA	NA	NA	NA	NA	CM076441.1	222411	222483	+	NA	B9J08_03877
B9J08_03738	0	NA	NA	NA	NA	NA	CM076440.1	1586374	1586446	-	NA	B9J08_03738
B9J08_03584	0	NA	NA	NA	NA	NA	CM076440.1	1230482	1230556	+	NA	B9J08_03584
B9J08_03583	0	NA	NA	NA	NA	NA	CM076440.1	1228343	1228416	-	NA	B9J08_03583
B9J08_03577	0	NA	NA	NA	NA	NA	CM076440.1	1218497	1218570	+	NA	B9J08_03577
B9J08_03576	0	NA	NA	NA	NA	NA	CM076440.1	1217161	1217243	-	NA	B9J08_03576
B9J08_03055	0	NA	NA	NA	NA	NA	CM076440.1	86919	87012	-	NA	B9J08_03055
B9J08_03020	0	NA	NA	NA	NA	NA	CM076440.1	7926	8044	-	NA	B9J08_03020
B9J08_03019	0	NA	NA	NA	NA	NA	CM076439.1	2365516	2365634	+	NA	B9J08_03019
B9J08_03018	0	NA	NA	NA	NA	NA	CM076439.1	2357022	2357140	+	NA	B9J08_03018
B9J08_03017	0	NA	NA	NA	NA	NA	CM076439.1	2348479	2348597	+	NA	B9J08_03017
B9J08_03016	0	NA	NA	NA	NA	NA	CM076439.1	2339935	2340053	+	NA	B9J08_03016
B9J08_03015	0	NA	NA	NA	NA	NA	CM076439.1	2331389	2331507	+	NA	B9J08_03015
B9J08_03014	0	NA	NA	NA	NA	NA	CM076439.1	2322844	2322962	+	NA	B9J08_03014
B9J08_03013	0	NA	NA	NA	NA	NA	CM076439.1	2314298	2314416	+	NA	B9J08_03013
B9J08_02949	0	NA	NA	NA	NA	NA	CM076439.1	2161284	2161356	+	NA	B9J08_02949
B9J08_02914	0	NA	NA	NA	NA	NA	CM076439.1	2073647	2073721	-	NA	B9J08_02914
B9J08_02703	0	NA	NA	NA	NA	NA	CM076439.1	1601782	1601854	-	NA	B9J08_02703
B9J08_02702	0	NA	NA	NA	NA	NA	CM076439.1	1601702	1601773	-	NA	B9J08_02702
B9J08_02681	0	NA	NA	NA	NA	NA	CM076439.1	1553386	1553458	+	NA	B9J08_02681
B9J08_02435	0	NA	NA	NA	NA	NA	CM076439.1	1016596	1016667	+	NA	B9J08_02435
B9J08_02428	0	NA	NA	NA	NA	NA	CM076439.1	997768	997841	-	NA	B9J08_02428
B9J08_02413	0	NA	NA	NA	NA	NA	CM076439.1	967342	967414	-	NA	B9J08_02413
B9J08_02411	0	NA	NA	NA	NA	NA	CM076439.1	964662	964744	+	NA	B9J08_02411
B9J08_02374	0	NA	NA	NA	NA	NA	CM076439.1	848384	848466	-	NA	B9J08_02374
B9J08_02263	0	NA	NA	NA	NA	NA	CM076439.1	619922	619995	+	NA	B9J08_02263
B9J08_02262	0	NA	NA	NA	NA	NA	CM076439.1	619845	619918	+	NA	B9J08_02262
B9J08_02150	0	NA	NA	NA	NA	NA	CM076439.1	412598	412670	+	NA	B9J08_02150
B9J08_02126	0	NA	NA	NA	NA	NA	CM076439.1	358105	358178	-	NA	B9J08_02126
B9J08_02084	0	NA	NA	NA	NA	NA	CM076439.1	273590	273661	-	NA	B9J08_02084
B9J08_01959	0	NA	NA	NA	NA	NA	CM076438.1	4152180	4152552	-	NA	B9J08_01959
B9J08_01920	0	NA	NA	NA	NA	NA	CM076438.1	4056477	4056549	-	NA	B9J08_01920
B9J08_01851	0	NA	NA	NA	NA	NA	CM076438.1	3909013	3909085	+	NA	B9J08_01851
B9J08_01835	0	NA	NA	NA	NA	NA	CM076438.1	3871552	3871625	-	NA	B9J08_01835
B9J08_01689	0	NA	NA	NA	NA	NA	CM076438.1	3542874	3542946	-	NA	B9J08_01689
B9J08_01627	0	NA	NA	NA	NA	NA	CM076438.1	3385644	3385717	-	NA	B9J08_01627
B9J08_01530	0	NA	NA	NA	NA	NA	CM076438.1	3195867	3196277	+	NA	B9J08_01530
B9J08_01407	0	NA	NA	NA	NA	NA	CM076438.1	2921035	2921131	-	NA	B9J08_01407
B9J08_01276	0	NA	NA	NA	NA	NA	CM076438.1	2646136	2646208	-	NA	B9J08_01276
B9J08_01082	0	NA	NA	NA	NA	NA	CM076438.1	2229367	2229440	-	NA	B9J08_01082
B9J08_00955	0	NA	NA	NA	NA	NA	CM076438.1	1978633	1978707	-	NA	B9J08_00955
B9J08_00929	0	NA	NA	NA	NA	NA	CM076438.1	1936649	1936721	+	NA	B9J08_00929
B9J08_00809	0	NA	NA	NA	NA	NA	CM076438.1	1710247	1711030	-	NA	B9J08_00809
B9J08_00793	0	NA	NA	NA	NA	NA	CM076438.1	1682309	1682382	-	NA	B9J08_00793
B9J08_00739	0	NA	NA	NA	NA	NA	CM076438.1	1582664	1582735	+	NA	B9J08_00739
B9J08_00518	0	NA	NA	NA	NA	NA	CM076438.1	1098535	1098617	+	NA	B9J08_00518
B9J08_00131	0	NA	NA	NA	NA	NA	CM076438.1	279625	279697	+	NA	B9J08_00131
B9J08_00099	0	NA	NA	NA	NA	NA	CM076438.1	223816	223889	+	NA	B9J08_00099
