	AR0382_A	AR0382_B	AR0387_A	AR0387_B
B9J08_05594	5.06871336225399	2.81689387876013	6.66515336595152	7.93870038612351
B9J08_05593	270.331379320213	280.75042324976	328.496844464754	342.687233334332
B9J08_05592	13.5165689660106	29.1079034138547	152.346362650321	203.75997657717
B9J08_05591	5.06871336225399	12.2065401412939	52.3690621610477	39.6935019306176
B9J08_05590	4179.99895273879	4167.12501131249	4653.22921420073	4534.32103720755
B9J08_05589	16.0509256471376	13.1455047675473	11.425977198774	6.61558365510293
B9J08_05588	1083.85987396198	977.462175929767	920.743329267875	972.49079730013
B9J08_05587	87.8576982790692	104.225073514125	40.9430849622736	31.754801544494
B9J08_05586	43.9288491395346	49.765125191429	32.3736020631931	41.0166186616381
B9J08_05585	1311.10718970303	1369.01042507743	1403.49086591608	1230.49855984914
B9J08_05584	1137.92614982602	1335.2076985323	1853.86480050109	2269.1451937003
B9J08_05583	435.064563593468	459.153702237902	482.747536648203	461.767739126184
B9J08_05582	1124.40958086001	1043.1896997675	1205.44059447066	1227.8523263871
B9J08_05581	1045.84452374507	1007.50904396987	1185.44513437281	1178.89700733934
B9J08_05580	6259.86100238368	6104.20903527321	6374.74311214935	6578.53638663435
B9J08_05579	1839.09816493782	1778.3990021239	2062.38888437871	2024.3685984615
B9J08_05578	3929.09764130722	3737.07921248844	3658.21703314082	3713.98866397478
B9J08_05577	990.08867676028	1032.86108887872	1117.84143594673	1279.45387889691
B9J08_05576	35730.2052760888	42246.8354290182	81448.1741319276	86953.9084459419
B9J08_05575	243.298241388192	262.910095350946	328.496844464754	268.592696397179
B9J08_05574	207.817247852414	239.435979694611	349.444469329173	337.394766410249
B9J08_05573	389.446143333182	342.722088582483	445.613110752188	474.99890643639
B9J08_05572	2607.85302487968	2588.72547458056	2740.33019817264	2818.23863707385
B9J08_05571	358.189077599282	397.182036905179	428.474144954027	526.600458946193
B9J08_05570	1165.80407331842	1169.94992431171	350.396634095737	406.19683642332
B9J08_05569	604.866461228976	553.989129489493	666.515336595152	649.650314931107
B9J08_05568	329.46636854651	332.393477693696	201.858930511675	248.74594543187
B9J08_05567	72.6515581923072	87.3237102415642	59.0342155269992	55.5709027028646
B9J08_05566	773.823573304109	717.368974457581	831.239841210812	848.117824584195
B9J08_05565	1493.58087074418	1373.70524820869	1342.55232085595	1456.75152085366
B9J08_05564	435.909349153843	431.923728076554	440.852286919365	398.258136037196
B9J08_05563	1583.128140144	1651.63877757969	1583.45000679677	1615.52552857613
B9J08_05562	9.29264116413232	5.63378775752027	9.52164766564503	0
B9J08_05561	1558.6293588931	1652.57774220595	1714.84874458267	1467.33645470183
B9J08_05560	4407.24626847985	4359.61275969443	4523.73480594796	4961.68774132719
B9J08_05559	71.8067726319316	77.9340639790304	97.1208061895793	88.6488209783792
B9J08_05558	6823.33297115425	7044.11262615284	7127.90544250187	7146.15346424218
B9J08_05557	2588.42295699104	2733.32602702358	3112.62662189936	2965.10459421713
B9J08_05556	266.107451518335	263.849059977199	197.098106678852	194.498159460026
B9J08_05555	1372.77653561046	1371.82731895619	1089.27649294979	1149.78843925689
B9J08_05554	1000.22610348479	982.156999061034	748.4015065197	821.655489963783
B9J08_05553	1072.87766167709	1124.87962225155	1569.1675352983	1847.07095650474
B9J08_05552	821.976350245522	885.443642556936	1507.27682547161	1577.15514337654
B9J08_05551	738.342579768332	829.105764981733	545.59041124146	583.494478380078
B9J08_05550	2345.12471560285	2478.86661330892	830.287676444247	837.53289073603
B9J08_05549	756.927862096596	747.415842497689	696.032444358652	688.020700130704
B9J08_05548	1342.36425543693	1338.96355703732	1335.88716749	1272.8382952418
B9J08_05547	393.67007113506	427.228904945287	373.248588493285	369.149567954743
B9J08_05546	3306.49068331035	3919.2383499816	6154.79305107295	6741.27974454988
B9J08_05545	265.262665957959	289.20110488604	243.754180240513	273.885163321261
B9J08_05544	2334.98728887834	2421.58977110746	2278.53028638886	2254.59090965908
B9J08_05543	785.650571149369	977.462175929767	934.073635999778	1190.80505791853
B9J08_05542	4725.73042474147	4831.91196669988	7293.5821118841	7197.75501675198
B9J08_05541	255.125239233451	205.63325314949	107.594618621789	132.311673102059
B9J08_05540	385.222215531303	408.449612420219	474.178053749123	457.798388933123
B9J08_05539	670.759734938278	729.575514598875	1114.98494164703	1087.60195289892
B9J08_05538	1265.48876944275	1150.23166716039	923.599823567568	830.917307080928
B9J08_05537	2808.91198824909	2665.72057393334	2322.32986565082	2295.60752832072
B9J08_05536	2872.27090527726	2958.67753732439	2625.11826141834	2798.39188610854
B9J08_05535	2410.17320375177	2443.18595751129	2036.68043568147	2259.88337658316
B9J08_05534	93.7711972016989	78.8730286052838	24.7562839306771	34.4010350065352
B9J08_05533	258.504381474954	220.656687169544	253.275827906158	223.606727542479
B9J08_05532	631.899599160998	670.420743144912	672.228325194539	815.039906308681
B9J08_05531	2221.786023788	2076.98975327247	2399.45521174255	2254.59090965908
B9J08_05530	1661.69319725893	1657.27256533721	1866.24294246643	1696.23564916839
B9J08_05529	6738.85441511668	8415.93994510903	7260.25634505434	7671.43080645735
B9J08_05528	656.398380411892	699.528646558767	599.863802935637	702.574984171931
B9J08_05527	3317.47289559524	3370.88300824963	3232.59938248649	3127.84795213266
B9J08_05526	0	0	0	0
B9J08_05525	478.993412733002	518.308473691865	302.788395767512	234.191661390644
B9J08_05524	698.637658430675	703.28450506378	542.733916941767	615.249279924572
B9J08_05523	412.255353463325	385.914461390138	310.405713900028	299.024381210652
B9J08_05522	2595.18124147404	2840.36799441647	3385.89790990337	3586.96945779681
B9J08_05521	422.392780187833	412.205470925233	472.273724215994	463.090855857205
B9J08_05520	300.743659493737	329.576583814936	224.710884909223	215.668027156355
B9J08_05519	23.6539956905186	23.4741156563345	31.4214372966286	46.3090855857205
B9J08_05518	1790.10060243603	1635.67637893338	1597.73247829524	1570.53955972143
B9J08_05517	6.75828448300532	8.4506816362804	7.61731813251603	2.64623346204117
B9J08_05516	2116.18782874104	1862.9058184867	2061.43671961215	1923.81172690393
B9J08_05515	6017.40754655586	5645.99429766156	5195.01096637593	5418.1630135293
B9J08_05514	895.472693998205	912.673616718283	643.663382197604	654.94278185519
B9J08_05513	1205.50899465607	1290.13739647214	1293.0397529946	1234.46791004221
B9J08_05512	1747.86132441725	1773.70417899263	1801.49573834004	1668.45019781696
B9J08_05511	3326.76553675937	3276.98654562429	3101.20064470059	3270.74455908289
B9J08_05510	677.518019421284	661.031096882378	616.050603967234	583.494478380078
B9J08_05509	1834.02945157557	2023.46876957603	1009.29465255837	1213.29804234588
B9J08_05508	92.9264116413232	135.210906180486	108.546783388353	112.46492213675
B9J08_05507	1580.59378346287	1575.58264285317	1847.19964713514	1825.90108880841
B9J08_05506	3921.49457126384	3995.29448470812	4931.26132603756	5561.05962047952
B9J08_05505	3773.6570981981	3654.45032537815	3444.93212543037	3609.46244222416
B9J08_05504	2953.37031907333	3023.46609653588	3201.17794518986	3297.2068937033
B9J08_05503	16337.307952105	15440.3343141105	11405.9817386762	11914.6661628404
B9J08_05502	47.3079913810373	66.6664884639899	47.6082383282252	67.4789532820498
B9J08_05501	2039.31234274686	2212.20065945296	2400.40737650911	2416.01115084359
B9J08_05500	531.370117476294	512.674685934344	559.872882739928	498.815007594761
B9J08_05499	593.039463383717	603.754254680922	521.786292077348	506.753707980884
B9J08_05498	945.315042060369	976.523211303513	875.991585239343	879.872626128689
B9J08_05497	507.716121785775	459.153702237902	395.148378124269	402.227486230258
B9J08_05496	1587.35206794588	1752.1079925888	1473.95105864185	1738.57538456105
B9J08_05495	1517.2348664347	1417.8365856426	1179.73214577342	1323.11673102059
B9J08_05494	7940.13948197088	7527.67940867333	7942.95848268109	7985.00947170923
B9J08_05493	3115.56914666545	2828.16145427517	2831.73801576283	2733.55916628853
B9J08_05492	135.165689660106	119.248507534179	149.489868350627	130.988556371038
B9J08_05491	51092.6306915202	69008.2662418658	145183.227111456	158199.775061207
B9J08_05490	2278.38665633317	3614.07484644925	18473.9008008845	20582.4038677562
B9J08_05489	143.613545263863	159.623986463074	112.355442454611	104.526221750626
B9J08_05488	12336.4035381658	13761.4655623695	14564.3122693706	15934.2947916809
B9J08_05487	8174.98986775531	9139.88167195038	11831.5993893305	12783.9538551209
B9J08_05486	3306.49068331035	3069.47536322229	2681.29598264564	2836.76227130814
B9J08_05485	644.571382566633	689.20003566998	713.171410156813	680.081999744581
B9J08_05484	871.818698307687	926.758086112084	1007.39032302524	993.66066499646
B9J08_05483	6457.54082351159	6290.12403127138	7052.68442594328	7119.69112962177
B9J08_05482	353.965149797404	361.501381107551	355.15745792856	317.54801544494
B9J08_05481	367.481718763414	369.952062743831	351.348798862302	292.408797555549
B9J08_05480	1771.51532010777	1767.13142660886	1827.20418703728	1930.42731055903
B9J08_05479	1998.76263584882	1912.67094367813	1818.6347041382	1586.41696049368
B9J08_05478	191.766322205276	195.304642260703	131.398737785901	177.297641956758
B9J08_05477	4484.12175447403	4410.31684951212	4378.05359666359	4521.08986989734
B9J08_05476	1214.80163582021	1253.51777604826	1132.12390744519	1243.72972715935
B9J08_05475	0.844785560375665	6.57275238377365	1.90432953312901	7.93870038612351
B9J08_05474	2794.5506337227	2907.97344750671	3651.55187977487	3973.31954325482
B9J08_05473	327.776797425758	348.355876340003	303.740560534077	329.456066024126
B9J08_05472	1003.60524572629	980.279069808527	931.217141700084	924.858594983389
B9J08_05471	775.513144424861	803.753720072892	565.585871339315	551.739676835584
B9J08_05470	6.75828448300532	15.023434020054	5.71298859938702	9.2618171171441
B9J08_05469	13392.3854886354	14343.6236306466	15569.7982628628	16818.1367680027
B9J08_05468	730.73950972495	611.265971690949	618.907098266927	625.834213772737
B9J08_05467	66.7380592696776	84.506816362804	63.7950393598217	46.3090855857205
B9J08_05466	358.189077599282	341.78312395623	284.697265202787	261.977112742076
B9J08_05465	272.020950440964	246.008732078385	207.571919111062	187.882575804923
B9J08_05464	626.830885798744	624.411476458496	558.920717973363	635.096030889881
B9J08_05463	8962.33001002543	9191.52472639432	9404.5313993576	10157.567144045
B9J08_05462	266.95223707871	249.764590583399	279.936441369964	329.456066024126
B9J08_05461	5286.66803683091	7261.95241944363	24171.6547640065	23964.2902322448
B9J08_05460	4634.4935842209	4628.1566428029	4117.16045062491	4349.08469486466
B9J08_05459	2303.73022314444	2373.70257516854	3210.69959285551	3359.39338006127
B9J08_05458	1180.1654278448	1084.50414332265	770.301296150683	744.91471956459
B9J08_05457	1239.3004170711	1261.96845768454	1309.22655402619	1209.32869215281
B9J08_05456	249.211740310821	246.947696704638	179.959140880691	182.590108880841
B9J08_05455	1341.51946987656	1322.06219376476	1463.47724620964	1579.80137683858
B9J08_05454	2983.78259924685	2981.21268835448	2635.59207385055	2618.44801068974
B9J08_05453	4126.77746243513	3879.80183567896	4254.2721770102	4599.15375702755
B9J08_05452	1871.2000162321	1758.68074497258	2388.02923454377	2132.86417040518
B9J08_05451	408.876211221822	394.365143026419	524.642786377041	535.862276063337
B9J08_05450	1458.94466276877	1289.19843184589	1290.1832586949	1476.59827181897
B9J08_05449	2166.03017680321	2432.8573466225	3496.34902282486	3696.78814647152
B9J08_05448	1038.24145370169	1136.14719776659	1094.03731678261	1020.12299961687
B9J08_05447	449.425918119854	533.331907711919	552.255564607412	567.617077607831
B9J08_05446	5934.61856163905	6036.60358218297	6297.61776605762	6511.0574333523
B9J08_05445	7773.71672657687	7452.56223857306	11284.1046485559	12753.5221703074
B9J08_05444	619.227815755363	715.491045205074	613.19410966754	531.892925870275
B9J08_05443	483.217340534881	521.125367570625	521.786292077348	447.213455084958
B9J08_05442	769.599645502231	752.110665628956	722.693057822458	803.131855729495
B9J08_05441	348.051650874774	348.355876340003	208.524083877626	207.729326770232
B9J08_05440	3219.47777059166	3420.64813344106	3314.48555241104	3290.5913100482
B9J08_05439	15167.2799509847	14868.5048567222	13583.5825598092	16222.7342390434
B9J08_05438	3825.18901738101	3709.8492383271	3957.19676984208	3833.06916976664
B9J08_05437	1.68957112075133	3.75585850501351	3.80865906625801	1.32311673102059
B9J08_05436	2788.63713480007	2606.56580247938	2571.79703449072	2548.32282394565
B9J08_05435	424.082351308584	474.177136257956	495.125678613542	498.815007594761
B9J08_05434	4199.42902062743	4241.30321678651	3634.41291397671	3667.67957838906
B9J08_05433	1639.72877268917	2134.26659547393	1972.88539632165	2419.98050103665
B9J08_05432	41921.638648082	41698.4800872863	44391.8257467703	48967.2270983408
B9J08_05431	2759.9144257473	2713.60776987226	3030.74045197481	2812.94617014976
B9J08_05430	39150.7420100498	40394.2582214203	38065.6430377157	40246.5647241842
B9J08_05429	154.595757548747	110.797825897899	227.567379208916	227.576077735541
B9J08_05428	0	0	0	0
B9J08_05427	136.010475220482	172.769491230622	51.4168973944832	56.8940194338852
B9J08_05426	0	0	0	0
B9J08_05425	180.784109920392	175.586385109382	136.159561618724	127.019206177976
B9J08_05424	3739.86567578307	3513.60563144014	3402.08471093497	3535.367905287
B9J08_05423	48.1527769414129	54.4599483226959	60.9385450601282	68.8020700130704
B9J08_05422	642.881811445881	734.270337730142	648.424206030427	594.079412228243
B9J08_05421	4076.93511437296	3995.29448470812	3562.04839171781	3760.2977495605
B9J08_05420	294.830160571107	297.651786522321	281.840770903093	265.946462935138
B9J08_05419	804.235853477633	860.091597648094	877.895914772472	938.089762293595
B9J08_05418	717.22294075894	701.406575811273	1061.66371471942	1030.70793346504
B9J08_05417	13.5165689660106	11.2675755150405	1.90432953312901	7.93870038612351
B9J08_05416	3015.88445054113	3051.63503532348	2821.26420333062	3122.55548520858
B9J08_05415	151.216615307244	159.623986463074	139.016055918417	137.604140026141
B9J08_05414	3605.54477168334	3613.135881823	3510.63149432332	3571.09205702456
B9J08_05413	1889.78529856036	1651.63877757969	2085.24083877626	1991.29068018598
B9J08_05412	27.0331379320213	40.3754789288953	38.0865906625801	44.9859688546999
B9J08_05411	6857.12439356928	6923.92515399241	5532.07729373977	5785.98946475302
B9J08_05410	888.7144095152	974.645282051006	1147.35854371023	1098.18688674709
B9J08_05409	13649.2002989896	13116.3968641334	13758.7808768571	13579.1470104643
B9J08_05408	787.34014227012	789.669250679091	756.018824652216	669.497065896416
B9J08_05407	489.13083945751	486.38367639925	507.50382057888	519.98487529109
B9J08_05406	707.085514034432	777.462710537797	733.166870254668	689.343816861725
B9J08_05405	634.433955842125	599.059431549655	720.788728289329	727.714202061322
B9J08_05404	2466.77383629694	2177.45896828158	2129.99258280479	1948.95094479332
B9J08_05403	352.275578676652	329.576583814936	315.166537732851	345.333466796373
B9J08_05402	6272.53278578932	6143.64554957585	6387.12125411469	6627.49170568211
B9J08_05401	1348.27775435956	1224.40987263441	1208.29708877035	1115.38740425035
B9J08_05400	6492.17703148699	6689.18399742907	7007.93268191474	7163.35398174545
B9J08_05399	60.8245603470479	61.971665332723	56.1777212273057	42.3397353926587
B9J08_05398	17.740496767889	12.2065401412939	13.330306731903	9.2618171171441
B9J08_05397	1484.28822958004	1405.63004550131	1152.11936754305	1172.28142368424
B9J08_05396	734.118651966453	688.261071043726	737.92769408749	766.084587260919
B9J08_05395	435.064563593468	490.139534904263	527.499280676735	570.263311069872
B9J08_05394	1083.85987396198	1114.55101136276	1340.64799132282	1283.42322908997
B9J08_05393	387.75657221243	446.008197470355	560.825047506493	543.800976449461
B9J08_05392	746.790435372088	860.091597648094	1652.95803475598	1862.94835727698
B9J08_05391	924.195403050978	941.781520132138	530.355774976428	539.831626256399
B9J08_05390	1186.07892676743	1109.85618823149	1174.9713219406	1172.28142368424
B9J08_05389	2026.64055934122	1990.60500765716	1668.19267102101	1622.14111223124
B9J08_05388	0	0	0	0
B9J08_05387	48.1527769414129	43.1923728076554	67.6036984260797	52.9246692408234
B9J08_05386	750.169577613591	788.730286052838	924.551988334133	821.655489963783
B9J08_05385	3025.17709170526	3091.07154962612	2156.6531962686	2230.77480850071
B9J08_05384	2021.57184597897	1913.60990830438	2113.8057817732	2093.17066847457
B9J08_05383	1091.46294400536	991.546645323567	1023.57712405684	951.320929603801
B9J08_05382	278.77923492397	369.952062743831	667.467501361717	564.97084414579
B9J08_05381	3864.89393871867	3921.11627923411	4343.77566506726	4222.06548868669
B9J08_05380	665.691021576024	658.214203003618	759.827483718474	740.945369371528
B9J08_05379	1170.87278668067	1181.21749982675	1263.5226452311	1307.23933024834
B9J08_05378	2046.07062722986	2085.44043490875	2347.0861495815	2322.06986294113
B9J08_05377	58483.6595592469	57719.0945404214	58554.3244846507	56483.8532472688
B9J08_05376	486.596482776383	524.881226075638	328.496844464754	306.963081596776
B9J08_05375	6923.01766727858	7068.52570643543	7912.48921015102	7352.55967428139
B9J08_05374	3274.38883201608	3474.1691171375	3776.28546419482	3772.20580013969
B9J08_05373	20050.140489956	20599.0059707466	21087.5930851041	21069.3108247718
B9J08_05372	1347.43296879919	1359.62077881489	1346.36097992221	1332.37854813773
B9J08_05371	990.933462320656	1138.96409164535	1089.27649294979	993.66066499646
B9J08_05370	546.576257563055	607.510113185936	687.462961459571	713.159918020095
B9J08_05369	1920.19757873389	2003.75051242471	1973.83756108822	1787.53070360881
B9J08_05368	1408.25752914623	1521.12269453047	1612.0149497937	1648.60344685165
B9J08_05367	2106.89518757691	2266.66060777565	2339.46883144898	2495.39815470482
B9J08_05366	538.973187519675	521.125367570625	1313.98737785901	1570.53955972143
B9J08_05365	785.650571149369	762.439276517743	814.10087541265	944.705345948698
B9J08_05364	5058.57593552948	4873.22641025503	5124.55077365016	4973.59579190638
B9J08_05363	1655.7796983363	1672.29599935727	1790.06976114127	1522.90735740469
B9J08_05362	414.789710144452	508.918827429331	763.636142784732	706.544334364993
B9J08_05361	8433.49424923027	8731.43205953016	9370.25346776128	8363.42085678112
B9J08_05360	32947.4816402113	35218.6852015117	32297.428881868	30962.2546226127
B9J08_05359	12926.9086448684	13612.1701867952	13816.8629276175	12944.0509795744
B9J08_05358	4346.4217081328	4389.65962773454	4784.62795198663	4596.50752356551
B9J08_05357	2737.95000117753	2798.11458623507	3184.0389793917	2984.95134518244
B9J08_05356	2237.83694943514	2208.44480094795	2429.92448427261	2281.05324427949
B9J08_05355	23991.9099146689	24043.128219844	24490.6299608056	23712.8980533509
B9J08_05354	598.952962306347	555.867058742	646.519876497298	665.527715703354
B9J08_05353	591.349892262966	539.904660095692	635.093899298524	583.494478380078
B9J08_05352	7603.91482894136	7649.74481008627	8702.78596639956	8321.08112138846
B9J08_05351	1583.128140144	1517.36683602546	1592.97165446241	1581.1244935696
B9J08_05350	1090.61815844498	1086.38207257516	1261.61831569797	1165.66584002914
B9J08_05349	1949.76507334704	2023.46876957603	2148.08371336952	2120.956119826
B9J08_05348	1644.79748605142	1647.88291907468	1608.20629072745	1753.12966860228
B9J08_05347	325.242440744631	330.515548441189	350.396634095737	340.04099987229
B9J08_05346	1667.60669618156	1730.51180618498	1827.20418703728	1951.59717825536
B9J08_05345	473.079913810373	562.439811125774	594.15081433625	607.310579538449
B9J08_05344	2270.78358628979	2440.36906363253	1688.18813111886	1610.23306165205
B9J08_05343	61.6693459074236	65.7275238377365	35.2300963628866	37.0472684685764
B9J08_05342	254.280453673075	270.421812360973	264.701805104932	281.823863707385
B9J08_05341	0	0	0	0
B9J08_05340	70.1172015111802	69.48338234275	112.355442454611	130.988556371038
B9J08_05339	5554.46505947	5531.44061325865	5682.51932685696	5594.13753875503
B9J08_05338	1981.86692464131	2147.41210024148	2161.41402010142	2426.59608469175
B9J08_05337	9756.42843677856	9560.5378245119	10011.0603556592	10677.5520193361
B9J08_05336	1713.22511644185	1769.00935586136	1387.30406488448	1391.91880103366
B9J08_05335	1358.41518108407	1284.50360871462	872.182926173085	918.243011328286
B9J08_05334	768.754859941855	773.706852032784	767.44480185099	822.978606694804
B9J08_05333	4627.73529973789	4623.46181967163	4707.50260589491	4530.35168701448
B9J08_05332	24973.5507358254	25723.8749008375	25114.2978829053	27123.892985922
B9J08_05331	5712.43995926025	5571.81609218755	5224.52807413943	5396.99314583297
B9J08_05330	0	0	0	0
B9J08_05329	5.91349892262966	2.81689387876013	2.85649429969351	6.61558365510293
B9J08_05328	1752.93003777951	1567.13196121689	1718.65740364893	1817.96238842228
B9J08_05327	4296.57936007063	4132.38332014112	4498.02635725071	4584.59947298633
B9J08_05326	2587.57817143066	2451.63663914757	2440.39829670482	2454.38153604319
B9J08_05325	6726.18263171105	6775.56874304438	5581.58986160112	6839.19038264541
B9J08_05324	443.512419197224	476.994030136716	423.713321121204	419.428003733526
B9J08_05323	794.098426753125	780.279604416557	741.736353153748	706.544334364993
B9J08_05322	3516.8422878439	3485.43669265254	3588.70900518161	3551.24530605925
B9J08_05321	808.459781279512	788.730286052838	806.483557280134	862.672108625422
B9J08_05320	360.723434280409	331.454513067442	393.24404859114	374.442034878826
B9J08_05319	52.3767047432912	50.7040898176824	75.2210165585958	99.2337548265439
B9J08_05318	1926.11107765652	2016.89601719226	1585.3543363299	1710.78993320962
B9J08_05317	5552.77548834925	5223.46021584754	5667.28469059192	5386.4082119848
B9J08_05316	829.579420288903	681.688318659953	564.63370657275	631.126680696819
B9J08_05315	354.809935357779	351.172770218763	243.754180240513	193.175042729005
B9J08_05314	683.431518343913	592.486679165882	1952.8899362238	2278.40701081745
B9J08_05313	3568.37420702681	3489.19255115755	3743.91186213163	3317.05364466861
B9J08_05312	441.822848076473	465.726454621676	247.562839306771	313.578665251879
B9J08_05311	3877.5657221243	3772.75986828607	3951.48378124269	3749.71281571234
B9J08_05310	789.874498951247	753.988594881463	678.893478560491	627.157330503757
B9J08_05309	1157.35621771466	1135.20823314033	1174.9713219406	1114.06428751933
B9J08_05308	3795.62152276786	4185.90430383756	3163.09135452728	2999.50562922367
B9J08_05307	59.9797747866722	66.6664884639899	45.7039087950962	47.6322023167411
B9J08_05306	816.062851322893	862.908491526855	905.508693002843	984.398847879315
B9J08_05305	14.3613545263863	17.8403278988142	16.1868010315966	21.1698676963294
B9J08_05304	534.749259717796	506.101933550571	395.148378124269	443.244104891896
B9J08_05303	761.99657545885	780.279604416557	702.697597724603	752.853419950713
B9J08_05302	168.957112075133	152.112269453047	103.785959555531	120.403622522873
B9J08_05301	15765.3881277307	15322.9637358289	13672.1338830997	15590.2844416156
B9J08_05300	6275.91192803082	6016.88532503165	5703.46695172138	6357.57589255391
B9J08_05299	3552.32328137967	3782.14951454861	3819.13287869022	3977.28889344788
B9J08_05298	139.389617461985	132.394012301726	151.394197883756	104.526221750626
B9J08_05297	2611.23216712118	2746.47153179113	2389.9335640769	2353.82466448562
B9J08_05296	1134.54700758452	1082.62621407014	921.695494034439	998.953131920542
B9J08_05295	1055.98195046958	993.424574576074	934.073635999778	969.844563838089
B9J08_05294	1394.74096018022	1268.54121006831	1153.07153230961	1153.75778944995
B9J08_05293	342.138151952144	360.562416481297	332.305503531012	367.826451223723
B9J08_05292	212.041175654292	175.586385109382	187.576459013207	191.851925997985
B9J08_05291	1972.57428347718	1964.31399812207	1598.6846430618	1373.39516679937
B9J08_05290	4876.94704004872	4473.22747947109	3823.89370252305	4466.8420839255
B9J08_05289	132.631332978979	140.844693938007	105.69028908866	152.158424067367
B9J08_05288	2744.70828566054	2820.64973726515	2575.60569355698	2511.27555547707
B9J08_05287	38790.0185757694	37740.7441876283	39581.4893460864	38399.4937676794
B9J08_05286	21998.2159921823	22294.7760857602	19573.6511062665	20903.9212333942
B9J08_05285	1099.06601404874	1083.5651786964	995.012181059906	1128.61857156056
B9J08_05284	569.385467693198	560.561881873267	403.717861023349	451.18280527802
B9J08_05283	3968.80256264488	4160.55225892872	4040.98726929975	4468.16520065652
B9J08_05282	912.368405205719	953.988060273432	840.761488876456	964.552096914007
B9J08_05281	813.528494641766	810.326472456665	908.365187302536	1014.83053269279
B9J08_05280	410.565782342573	447.886126722861	415.143838222123	406.19683642332
B9J08_05279	212.041175654292	195.304642260703	182.815635180385	218.314260618397
B9J08_05278	3314.09375335374	3393.41815927971	3312.58122287791	3412.31804930209
B9J08_05277	303.278016174864	323.003831431162	322.783855865367	292.408797555549
B9J08_05276	171.49146875626	168.074668099355	146.633374050934	160.097124453491
B9J08_05275	497.578695061267	493.895393409277	465.608570850042	414.135536809443
B9J08_05274	1630.43613152503	1527.69544691425	1406.34736021577	1608.90994492103
B9J08_05273	3328.45510788012	3267.59689936176	3140.23940012973	3617.40114261028
B9J08_05272	1617.7643481194	1615.01915715581	1413.96467834829	1704.17434955451
B9J08_05271	4827.10469198655	4974.6345898904	6652.77522398618	7773.31079474594
B9J08_05270	823.665921366274	955.865989525939	1504.42033117192	1700.20499936145
B9J08_05269	347.206865314398	316.431079047388	193.289447612594	195.821276191047
B9J08_05268	5078.00600341812	5091.06620354582	3653.456209308	4185.01822021811
B9J08_05267	287.227090527726	239.435979694611	161.868010315966	178.620758687779
B9J08_05266	217.954674576922	249.764590583399	145.681209284369	150.835307336347
B9J08_05265	81.9441993564395	90.1406041203243	76.1731813251603	83.3563540542969
B9J08_05264	324.397655184255	400.937895410192	327.544679698189	297.701264479632
B9J08_05263	425.771922429335	449.764055975368	300.884066234383	310.932431789838
B9J08_05262	336.224653029515	295.773857269814	212.332742943884	243.453478507788
B9J08_05261	1.68957112075133	2.81689387876013	4.76082383282252	3.96935019306176
B9J08_05260	38.0153502169049	37.5585850501351	1.90432953312901	2.64623346204117
B9J08_05259	755.238290975845	805.631649325398	609.385450601282	660.235248779272
B9J08_05258	441.822848076473	636.61801659979	1976.69405538791	2020.39924826843
B9J08_05257	4.22392780187833	5.63378775752027	5.71298859938702	3.96935019306176
B9J08_05256	411.410567902949	397.182036905179	240.897685940819	255.361529086973
B9J08_05255	1697.17419079471	1663.84531772099	2254.72616722474	2367.05583179583
B9J08_05254	97.1503394432015	133.33297692798	280.888606136528	314.901781982899
B9J08_05253	1477.52994509704	1793.42243614395	4346.63215936696	4638.84725895817
B9J08_05252	5.06871336225399	18.7792925250676	14.2824714984676	18.5236342342882
B9J08_05251	74.3411293130585	50.7040898176824	52.3690621610477	63.5096030889881
B9J08_05250	13.5165689660106	14.0844693938007	15.2346362650321	13.2311673102059
B9J08_05249	15.206140086762	22.5351510300811	36.1822611294511	29.1085680824529
B9J08_05248	89.5472693998205	112.675755150405	99.0251357227084	99.2337548265439
B9J08_05247	0.844785560375665	0	2.85649429969351	0
B9J08_05246	0	0	0	0
B9J08_05245	169.801897635509	260.093201472186	80.9340051579828	91.2950544404204
B9J08_05244	544.886686442304	476.994030136716	362.774776061076	395.611902575155
B9J08_05243	35.4809935357779	25.3520449088412	43.7995792619672	47.6322023167411
B9J08_05242	358.189077599282	413.144435551486	187.576459013207	230.222311197582
B9J08_05241	2.534356681127	5.63378775752027	1.90432953312901	9.2618171171441
B9J08_05240	37.1705646565293	47.8871959389223	30.4692725300641	15.877400772247
B9J08_05239	125.028262935598	120.187472160432	129.494408252772	182.590108880841
B9J08_05238	3.37914224150266	3.75585850501351	1.90432953312901	0
B9J08_05237	4.22392780187833	1.87792925250676	0.952164766564503	9.2618171171441
B9J08_05236	207.817247852414	178.403278988142	132.350902552466	132.311673102059
B9J08_05235	2.534356681127	4.69482313126689	6.66515336595152	0
B9J08_05234	299.054088372986	310.797291289868	455.134758417833	473.67578970537
B9J08_05233	0.844785560375665	2.81689387876013	0.952164766564503	0
B9J08_05232	451.960274800981	424.412011066527	180.911305647256	234.191661390644
B9J08_05231	3.37914224150266	1.87792925250676	1.90432953312901	2.64623346204117
B9J08_05230	1811.22024144543	1887.31889876929	1978.59838492104	1954.2434117174
B9J08_05229	7.60307004338099	8.4506816362804	18.0911305647256	6.61558365510293
B9J08_05228	103.063838365831	96.7133565040979	114.25977198774	119.080505791853
B9J08_05227	400.428355618065	415.022364803993	525.594951143606	481.614490091493
B9J08_05226	1088.08380176386	1070.41967392885	1155.92802660931	1211.97492561486
B9J08_05225	9340.79394107373	9733.30731574252	14228.1981067734	18416.4617790755
B9J08_05224	2043.53627054873	2210.32273020045	4659.89436756668	5645.73909126484
B9J08_05223	488.286053897135	556.806023368253	1359.69128665411	1688.29694878227
B9J08_05222	495.889123940516	564.31774037828	2381.36408117782	2618.44801068974
B9J08_05221	201.903748929784	187.792925250676	208.524083877626	224.929844273499
B9J08_05220	115.735621771466	125.821259917953	72.3645222589023	80.7101205922557
B9J08_05219	266.95223707871	254.459413714665	152.346362650321	142.896606950223
B9J08_05218	3433.2085173667	3271.35275786677	3357.33296690644	3446.71908430862
B9J08_05217	685.96587502504	630.045264216017	411.335179155865	367.826451223723
B9J08_05216	577.833323296955	627.228370337257	420.85682682151	432.659171043731
B9J08_05215	3908.8227878582	3820.647064225	3929.58399161171	4067.26083115728
B9J08_05214	1458.0998772084	1342.71941554233	1248.28800896606	1255.63777773854
B9J08_05213	4020.33448182779	4113.60402761605	3627.74776061076	4089.75381558463
B9J08_05212	720.602083000443	749.293771750196	550.351235074283	625.834213772737
B9J08_05211	440.978062516097	450.703020601621	701.745432958039	770.053937453981
B9J08_05210	2199.82159921823	2292.95161731075	2462.29808633581	2516.56802240115
B9J08_05209	625.986100238368	553.989129489493	542.733916941767	497.49189086374
B9J08_05208	979.951250035772	982.156999061034	1104.51112921482	1119.35675444342
B9J08_05207	466.321629327367	521.125367570625	637.950393598217	600.694995883346
B9J08_05206	139.389617461985	152.112269453047	225.663049675787	252.715295624932
B9J08_05205	69.2724159508046	59.1547714539628	10.4738124322095	21.1698676963294
B9J08_05204	69.2724159508046	83.5678517365507	45.7039087950962	48.9553190477617
B9J08_05203	63.3589170281749	87.3237102415642	119.020595820563	133.634789833079
B9J08_05202	82.7889849168152	53.5209836964425	95.2164766564503	87.3257042473586
B9J08_05201	1257.88569939937	1091.07689570643	1322.5568607581	1409.11931853692
B9J08_05200	6247.18921897805	6316.41504080647	485.604030947897	521.307992022111
B9J08_05199	1903.30186752637	1895.76958040557	392.291883824575	383.70385199597
B9J08_05198	73.4963437526829	82.6288871102973	104.738124322095	92.618171171441
B9J08_05197	925.040188611354	939.903590879631	794.105415314796	787.254454957248
B9J08_05196	629.365242479871	680.749354033699	785.535932415715	821.655489963783
B9J08_05195	1366.01825112745	1418.77555026885	1618.68010315966	1517.61489048061
B9J08_05194	1841.63252161895	1758.68074497258	1602.49330212806	1648.60344685165
B9J08_05193	729.049938604199	676.054530902432	652.232865096685	686.697583399684
B9J08_05192	1220.71513474284	1229.10469576567	1131.17174267863	1125.97233809852
B9J08_05191	3517.68707340427	3472.29118788499	2931.71531625211	3342.192862558
B9J08_05190	1067.80894831484	1057.2741691613	605.576791535024	662.881482241313
B9J08_05189	351.430793116277	393.426178400165	231.376038275174	295.055031017591
B9J08_05188	66047.0246812903	63373.5395197192	60092.0705826524	65733.7623138337
B9J08_05187	12420.037308643	12538.9336189876	11819.2212473652	13096.2094036418
B9J08_05186	11341.2461480433	11617.809320633	11851.5948494284	11595.7950306644
B9J08_05185	14796.4190899798	14610.2895845026	15775.4658524407	17594.8062891117
B9J08_05184	3804.06937837162	3461.02361236995	1476.80755294154	1361.48711622018
B9J08_05183	32.9466368546509	24.4130802825878	19.9954600978546	21.1698676963294
B9J08_05182	68.4276303904289	64.7885592114831	69.5080279592087	56.8940194338852
B9J08_05181	2093.3786186109	1998.11672466719	1918.61200462747	1983.35197979986
B9J08_05180	158.819685350625	140.844693938007	128.542243486208	134.9579065641
B9J08_05179	152.06140086762	164.318809594341	110.451112921482	137.604140026141
B9J08_05178	3456.01772749685	3436.61053208736	2903.15037325517	2943.9347265208
B9J08_05177	2222.63080934838	2008.44533555598	1910.04252172839	1938.36601094516
B9J08_05176	1358.41518108407	1527.69544691425	1497.75517780596	1591.70942741776
B9J08_05175	734.118651966453	679.810389407446	897.891374870327	989.691314803398
B9J08_05174	275.400092682467	246.947696704638	229.471708742045	230.222311197582
B9J08_05173	538.973187519675	569.9515281358	323.736020631931	320.194248906982
B9J08_05172	4.22392780187833	0.938964626253378	0	1.32311673102059
B9J08_05171	903.920549601962	795.303038436611	816.005204945779	848.117824584195
B9J08_05170	204.438105610911	204.694288523236	188.528623779772	195.821276191047
B9J08_05169	433.374992472716	404.693753915206	403.717861023349	448.536571815978
B9J08_05168	182.473681041144	169.952597351861	189.480788546336	152.158424067367
B9J08_05167	3069.95072640517	2661.02575080207	2599.40981272109	2558.90775779381
B9J08_05166	2462.54990849506	2273.23336015943	2454.68076820329	2475.55140373952
B9J08_05165	2149.13446559569	2284.50093567447	1764.36131244402	1753.12966860228
B9J08_05164	2220.94123822762	2086.37939953501	1793.87842020752	2050.83093308191
B9J08_05163	341.293366391769	328.637619188682	304.692725300641	320.194248906982
B9J08_05162	3376.60788482153	3531.44595933896	3186.89547369139	3459.95025161883
B9J08_05161	701.172015111802	715.491045205074	636.998228831653	607.310579538449
B9J08_05160	675.828448300532	623.472511832243	463.704241316913	489.553190477617
B9J08_05159	1081.32551728085	1215.95919099812	969.303732362664	1012.18429923075
B9J08_05158	341.293366391769	369.952062743831	335.161997830705	341.364116603311
B9J08_05157	892.093551756703	984.03492831354	1154.02369707618	1320.47049755854
B9J08_05156	818.59720800402	774.645816659037	684.606467159878	602.018112614366
B9J08_05155	2402.57013370839	2410.32219559242	2009.0676574511	1970.12081248965
B9J08_05154	1541.73364768559	1636.61534355964	1843.39098806888	2005.84496422721
B9J08_05153	1096.53165736761	1092.95482495893	1010.24681732494	1024.09234980993
B9J08_05152	2829.1868416981	2785.90804609377	2760.3256582705	2720.32799897832
B9J08_05151	1028.10402697718	990.607680697314	963.590743763277	1049.23156769932
B9J08_05150	4735.86785146598	4711.72449453945	5195.01096637593	5505.48871777666
B9J08_05149	250.056525871197	240.374944320865	254.227992672722	288.439447362488
B9J08_05148	688.500231706167	728.636549972621	874.087255706214	706.544334364993
B9J08_05147	10262.4549874436	9180.25715087928	10117.7028095144	10955.4065328504
B9J08_05146	383.532644410552	456.336808359142	405.622190556478	455.152155471081
B9J08_05145	25852.9725041765	23390.5478045979	25851.2734122263	24780.6532552845
B9J08_05144	10.137426724508	9.38964626253378	5.71298859938702	5.29246692408234
B9J08_05143	1336.4507565143	1221.59297875564	1145.4542141771	1312.53179717242
B9J08_05142	2093.3786186109	2191.54343767538	2138.56206570387	2361.76336487174
B9J08_05141	3.37914224150266	5.63378775752027	22.8519543975481	11.9080505791853
B9J08_05140	636.123526962876	626.289405711003	612.241944900976	645.680964738046
B9J08_05139	9346.70743999636	8942.69910043717	9014.14384506615	9566.13396527883
B9J08_05138	2588.42295699104	2769.00668282121	2806.02956706559	2934.67290940366
B9J08_05137	2931.40589450356	2966.18925433442	2922.19366858646	2973.04329460326
B9J08_05136	6444.86904010595	6065.71148559682	3791.52010045985	3933.6260413242
B9J08_05135	3453.48337081572	3444.12224909739	2561.32322205851	3010.09056307183
B9J08_05134	2058.7424106355	2297.64644044202	1631.05824512499	1786.20758687779
B9J08_05133	653.019238170389	693.894858801246	678.893478560491	746.23783629561
B9J08_05132	5462.38343338905	7358.66577594772	33731.3890203141	39869.4764558433
B9J08_05131	421.547994627457	430.045798824047	510.360314878574	518.661758560069
B9J08_05130	54.0662758640426	130.51608304922	217.093566776707	234.191661390644
B9J08_05129	47817.3970739438	53530.3733427051	86512.7385252842	86858.6440413084
B9J08_05128	3537.96192685329	3484.49772802629	3452.54944356289	3410.99493257107
B9J08_05127	2325.69464771421	2210.32273020045	2285.19543975481	2258.56025985214
B9J08_05126	2449.87812508943	2524.87587999533	2241.39586049284	2569.49269164198
B9J08_05125	726.515581923072	748.354807123942	692.223785292394	706.544334364993
B9J08_05124	2134.77311106931	2284.50093567447	2584.17517645606	3081.53886654694
B9J08_05123	4581.27209391723	4309.84763450301	3874.35843515096	4388.77819679528
B9J08_05122	468.855986008494	433.801657329061	405.622190556478	428.68982085067
B9J08_05121	478.993412733002	558.68395262076	442.756616452494	543.800976449461
B9J08_05120	248.366954750446	247.886661330892	194.241612379159	215.668027156355
B9J08_05119	42.2392780187833	52.5820190701892	28.5649429969351	18.5236342342882
B9J08_05118	674.138877179781	662.909026134885	663.658842295459	657.589015317231
B9J08_05117	594.729034504468	599.059431549655	612.241944900976	656.26589858621
B9J08_05116	953.762897664126	920.185333728311	912.173846368794	857.379641701339
B9J08_05115	1888.09572743961	1793.42243614395	1904.32953312901	2001.87561403415
B9J08_05114	992.623033441407	957.743918778446	1419.67766694767	1295.33127966915
B9J08_05113	1605.09256471376	1590.60607687322	1725.32255701488	1907.93432613168
B9J08_05112	918.281904128348	843.190234375534	892.17838627094	784.608221495207
B9J08_05111	13003.7841308626	12942.6884082766	11883.016286725	13728.6592010696
B9J08_05110	3102.05257769944	2983.09061760698	3587.75684041505	3700.75749666458
B9J08_05109	2198.97681365786	2124.87694921139	1700.5662730842	1787.53070360881
B9J08_05108	6.75828448300532	4.69482313126689	1.90432953312901	14.5542840412264
B9J08_05107	387.75657221243	409.388577046473	322.783855865367	304.316848134735
B9J08_05106	26366.6021248849	25696.6449266762	25168.5712745995	27311.7755617269
B9J08_05105	152.906186427995	169.952597351861	140.920385451547	156.127774260429
B9J08_05104	996.002175682909	938.964626253378	735.071199787797	797.839388805413
B9J08_05103	1306.88326190115	1200.93575697807	1058.80722041973	1098.18688674709
B9J08_05102	1474.99558841591	1484.50307410659	1255.90532709858	1434.25853642631
B9J08_05101	1366.01825112745	1351.17009717861	1095.94164631574	1275.48452870384
B9J08_05100	408.876211221822	393.426178400165	457.991252717526	456.475272202102
B9J08_05099	2062.121552877	2024.40773420228	2178.55298589958	2382.93323256807
B9J08_05098	2314.71243542932	2311.73090983582	2066.19754344497	1966.15146229659
B9J08_05097	3881.78964992618	3850.6939322651	3241.16886538557	3416.28739949515
B9J08_05096	0.844785560375665	0	0	0
B9J08_05095	1130.32307978264	1166.1940658067	1246.38367943293	1259.6071279316
B9J08_05094	863.37084270393	928.636015364591	804.579227747005	883.841976321751
B9J08_05093	2770.89663803218	2769.00668282121	3215.46041668833	3422.90298315025
B9J08_05092	6765.8875530487	6589.65374704621	7264.0650041206	7205.69371713811
B9J08_05091	1226.62863366547	1241.31123590697	1294.94408252772	1292.68504620711
B9J08_05090	661.467093774146	727.697585346368	852.187466075231	809.747439384598
B9J08_05089	755.238290975845	882.626748678175	1060.71154995286	1082.30948597484
B9J08_05088	1936.24850438102	1832.85895044659	950.260437031374	1012.18429923075
B9J08_05087	207.817247852414	210.328076280757	181.86347041382	164.066474646553
B9J08_05086	787.34014227012	781.218569042811	632.23740499883	652.296548393149
B9J08_05085	82775.4683478492	100985.645553551	192095.432995322	228003.44443966
B9J08_05084	100.529481684704	82.6288871102973	98.0729709561438	108.495571943688
B9J08_05083	1314.48633194454	1402.81315162255	1341.60015608939	1316.50114736548
B9J08_05082	2621.36959384569	2482.62247181393	2347.0861495815	2381.61011583705
B9J08_05081	130.941761858228	145.539517069274	110.451112921482	89.9719377093998
B9J08_05080	1367.7078222482	1419.71451489511	1395.87354778356	1430.28918623325
B9J08_05079	877.732197230316	890.138465688202	815.053040179215	928.827945176451
B9J08_05078	4199.42902062743	4231.91357052398	4306.64123917125	4268.37457427241
B9J08_05077	747.635220932464	652.580415246098	614.146274434105	551.739676835584
B9J08_05076	4626.89051417752	4206.56152561513	3660.12136267395	3786.76008418092
B9J08_05075	1593.2655668685	1523.93958840923	1451.0991042443	1369.42581660631
B9J08_05074	1056.82673602996	879.809854799415	1038.81176032187	1002.9224821136
B9J08_05073	1722.51775760598	1628.16466192336	1671.0491653207	1656.54214723777
B9J08_05072	664.001450455273	652.580415246098	670.32399566141	743.591602833569
B9J08_05071	6113.71310043869	6132.37797406081	6207.162113234	6385.36134390534
B9J08_05070	487.441268336759	518.308473691865	552.255564607412	608.633696269469
B9J08_05069	513.629620708405	492.956428783024	565.585871339315	586.140711842119
B9J08_05068	120.80433513372	137.088835432993	122.829254886821	150.835307336347
B9J08_05067	0	0	0	0
B9J08_05066	1.68957112075133	0	0.952164766564503	3.96935019306176
B9J08_05065	593.039463383717	538.965695469439	636.998228831653	561.001493952728
B9J08_05064	2896.76968652816	3386.84540689593	3894.35389524882	4746.01971417084
B9J08_05063	14335.1661740147	16470.3785091105	36838.3026536141	43025.1098593274
B9J08_05062	612.469531272357	516.430544439358	575.10751900496	628.480447234778
B9J08_05061	435.909349153843	490.139534904263	494.173513846977	456.475272202102
B9J08_05060	626.830885798744	606.571148559682	608.433285834718	526.600458946193
B9J08_05059	486.596482776383	512.674685934344	263.749640338367	367.826451223723
B9J08_05058	1556.93978777235	1674.17392860977	1287.32676439521	1436.90476988836
B9J08_05057	329.46636854651	300.468680401081	164.724504615659	178.620758687779
B9J08_05056	62.5141314677992	62.9106299589763	59.9863802935637	62.1864863579675
B9J08_05055	659.777522653395	608.449077812189	558.920717973363	571.586427800893
B9J08_05054	5469.14171787206	5721.11146776183	6534.70679293219	6755.83402859111
B9J08_05053	3825.18901738101	3837.54842749756	3826.75019682274	3928.33357440012
B9J08_05052	788.184927830496	835.678517365507	880.752409072166	902.365610556039
B9J08_05051	6188.05422975175	6085.42974274814	5897.70856410053	6348.31407543677
B9J08_05050	0.844785560375665	0	1.90432953312901	1.32311673102059
B9J08_05049	862.526057143554	845.06816362804	829.335511677682	797.839388805413
B9J08_05048	1375.31089229158	1271.35810394707	1351.12180375503	1550.69280875613
B9J08_05047	0.844785560375665	0	3.80865906625801	1.32311673102059
B9J08_05046	1815.4441692473	1865.72271236546	1228.29254886821	1529.5229410598
B9J08_05045	158.819685350625	164.318809594341	127.590078719643	178.620758687779
B9J08_05044	6.75828448300532	5.63378775752027	4.76082383282252	5.29246692408234
B9J08_05043	1005.29481684704	960.560812657206	917.886834968181	857.379641701339
B9J08_05042	1276.47098172763	1244.12812978573	1104.51112921482	1029.38481673402
B9J08_05041	8.44785560375665	19.7182571513209	9.52164766564503	9.2618171171441
B9J08_05040	5018.02622863145	5076.04276952576	5268.3276534014	5554.44403682442
B9J08_05039	1627.05698928353	1890.13579264805	3204.03443948955	3006.12121287877
B9J08_05038	38.8601357772806	33.8027265451216	47.6082383282252	43.6628521236793
B9J08_05037	234.850385784435	206.572217775743	150.442033117192	160.097124453491
B9J08_05036	403.807497859568	374.646885875098	237.089026874561	256.684645817994
B9J08_05035	0	0	0.952164766564503	0
B9J08_05034	0.844785560375665	0	0.952164766564503	0
B9J08_05033	510.250478466902	516.430544439358	470.369394682865	523.954225484152
B9J08_05032	722.291654121194	680.749354033699	601.768132468766	636.419147620902
B9J08_05031	2101.82647421466	2118.30419682762	2131.89691233792	2106.40183578477
B9J08_05030	1835.71902269632	1863.84478311296	1558.69372286609	1795.46940399493
B9J08_05029	1634.66005932691	1606.56847551953	1539.6504275348	1331.05543140671
B9J08_05028	1120.18565305813	1100.46654196896	1084.51566911697	1045.26221750626
B9J08_05027	11663.1094465464	11874.1466636002	13637.8559515034	13157.0727732687
B9J08_05026	776.357929985236	957.743918778446	1092.13298724949	1129.94168829158
B9J08_05025	273.710521561716	266.665953855959	246.610674540206	325.486715831064
B9J08_05024	1083.85987396198	1037.55591200998	1112.12844734734	1141.84973887077
B9J08_05023	4361.62784821956	4365.24654745195	3919.1101791795	4233.97353926587
B9J08_05022	2405.10449038952	2486.37833031895	2362.32078584653	2242.68285907989
B9J08_05021	2144.06575223344	2138.9614186052	2223.30472992812	2351.17843102358
B9J08_05020	6913.72502611445	6753.97255664055	6369.03012354996	6545.45846835884
B9J08_05019	255.970024793827	273.238706239733	252.323663139593	174.651408494717
B9J08_05018	1097.37644292799	1110.79515285775	842.665818409586	853.410291508278
B9J08_05017	469.70077156887	563.378775752027	566.53803610588	613.926163193552
B9J08_05016	564.316754330944	531.453978459412	471.321559449429	460.444622395164
B9J08_05015	517.008762949907	709.857257447554	1305.41789495993	1344.28659871691
B9J08_05014	271.176164880589	350.23380559251	385.626730458624	398.258136037196
B9J08_05013	1046.68930930545	1056.33520453505	1214.01007736974	1144.49597233281
B9J08_05012	338.759009710642	315.492114421135	438.947957386236	329.456066024126
B9J08_05011	362.41300540116	365.257239612564	438.947957386236	408.843069885361
B9J08_05010	559.24804096869	531.453978459412	838.857159343327	849.440941315216
B9J08_05009	1.68957112075133	2.81689387876013	5.71298859938702	6.61558365510293
B9J08_05008	172.336254316636	155.868127958061	171.389657981611	125.696089446956
B9J08_05007	577.833323296955	582.158068277094	650.328535563556	615.249279924572
B9J08_05006	1634.66005932691	1658.21152996347	1633.91473942469	1521.58424067367
B9J08_05005	1559.47414445348	1592.48400612573	1465.38157574277	1301.94686332426
B9J08_05004	3.37914224150266	0.938964626253378	2.85649429969351	3.96935019306176
B9J08_05003	70.1172015111802	103.286108887872	97.1208061895793	111.141805405729
B9J08_05002	9.29264116413232	12.2065401412939	19.0432953312901	13.2311673102059
B9J08_05001	1213.11206469946	1236.6164127757	1420.62983171424	1323.11673102059
B9J08_05000	1464.01337613103	1515.48890677295	1260.6661509314	1215.94427580792
B9J08_04999	2263.18051624641	2415.01701872369	2440.39829670482	2328.68544659623
B9J08_04998	0	0	0	0
B9J08_04997	47.3079913810373	62.9106299589763	59.9863802935637	38.370385199597
B9J08_04996	1804.46195696242	1908.91508517312	2021.44579941644	2091.84755174355
B9J08_04995	1797.70367247942	1953.98538723328	1956.69859529005	1791.50005380187
B9J08_04994	1190.30285456931	1215.95919099812	1307.32222449306	1295.33127966915
B9J08_04993	3980.62956049014	4096.70266434349	4598.95582250655	4495.95065200795
B9J08_04992	7351.32394638904	7588.7121093798	8564.72207524771	8113.35179461823
B9J08_04991	6144.97016617259	6304.20850066518	7080.29720417365	7072.05892730503
B9J08_04990	387.75657221243	401.876860036446	662.706677528894	640.388497813963
B9J08_04989	826.200278047401	829.105764981733	832.192005977376	842.825357660113
B9J08_04988	3978.09520380901	4215.95117187767	4310.44989823751	4278.95950812057
B9J08_04987	1368.55260780858	1485.44203873284	1351.12180375503	1320.47049755854
B9J08_04986	6649.30714571686	7004.6761118502	8387.61942866671	8108.05932769415
B9J08_04985	4490.03525339666	4687.31141425686	5360.68763575815	5868.0227020763
B9J08_04984	17983.7950092772	17274.1322291834	18665.285918964	17568.3439544913
B9J08_04983	4847.37954543557	5306.08910295784	4773.20197478786	4626.93920837899
B9J08_04982	1381.22439121421	1571.82678434815	1658.67102335536	1569.21644299041
B9J08_04981	1768.98096342664	2016.89601719226	2233.77854236032	2226.80545830765
B9J08_04980	1204.6642090957	1315.48944138098	1380.63891151853	1341.64036525487
B9J08_04979	11321.8160801547	11569.9221246941	11338.3780402501	10988.484451126
B9J08_04978	17685.5857064646	19702.2947526746	23250.9114347386	22527.3854623565
B9J08_04977	1230.00777590697	1384.03385909748	1410.15601928203	1264.89959485568
B9J08_04976	12818.7760931403	12186.8218841426	13714.0291328285	12569.6089446956
B9J08_04975	636.123526962876	647.885592114831	578.916178071218	575.555777993955
B9J08_04974	765.375717700353	770.889958154023	693.175950058959	674.789532820498
B9J08_04973	2254.73266064265	2192.48240230164	2377.55542211156	2519.21425586319
B9J08_04972	0	5.63378775752027	0.952164766564503	1.32311673102059
B9J08_04971	16262.1220372316	15888.2204408334	16685.7353692764	16965.0027251459
B9J08_04970	1186.92371232781	1260.09052843203	1227.34038410164	1238.43726023527
B9J08_04969	1153.97707547316	1200.93575697807	895.987045337198	1000.27624865156
B9J08_04968	945.315042060369	831.922658860493	566.53803610588	586.140711842119
B9J08_04967	908.14447740384	905.161899708256	862.66127850744	821.655489963783
B9J08_04966	809.304566839887	828.166800355479	975.016720962051	949.99781287278
B9J08_04965	634.433955842125	551.172235610733	631.285240232266	664.204598972334
B9J08_04964	1004.45003128667	1058.21313378756	1121.65009501299	1087.60195289892
B9J08_04963	1583.128140144	1735.20662931624	1578.68918296395	1684.32759858921
B9J08_04962	2072.25897960151	2065.72217775743	2260.43915582413	2441.15036873298
B9J08_04961	1148.9083621109	1153.04856103915	1093.08515201605	1055.84715135443
B9J08_04960	702.861586232554	630.045264216017	464.656406083478	501.461241056802
B9J08_04959	767.91007438148	839.43437587052	771.253460917248	871.933925742566
B9J08_04958	95.4607683224502	115.492649029166	113.307607221176	128.342322908997
B9J08_04957	2.534356681127	0	0.952164766564503	0
B9J08_04956	1.68957112075133	5.63378775752027	4.76082383282252	6.61558365510293
B9J08_04955	1837.40859381707	1843.18756133538	1985.26353828699	1861.62524054596
B9J08_04954	15.206140086762	6.57275238377365	29.5171077634996	19.8467509653088
B9J08_04953	1.68957112075133	0.938964626253378	1.90432953312901	1.32311673102059
B9J08_04952	1126.09915198076	1091.07689570643	1169.25833334121	1234.46791004221
B9J08_04951	2617.14566604381	2542.71620789415	2731.76071527356	2757.3752674469
B9J08_04950	345.517294193647	373.707921248844	314.214372966286	349.302816989435
B9J08_04949	6.75828448300532	6.57275238377365	2.85649429969351	1.32311673102059
B9J08_04948	0	1.87792925250676	4.76082383282252	1.32311673102059
B9J08_04947	1.68957112075133	4.69482313126689	10.4738124322095	3.96935019306176
B9J08_04946	4142.82838808226	4122.05470925233	2933.61964578523	3215.17365638002
B9J08_04945	487.441268336759	494.83435803553	539.877422642073	522.631108753131
B9J08_04944	1027.25924141681	1046.94555827252	991.203521993648	1208.00557542179
B9J08_04943	1362.63910888595	1412.20279788508	1390.16055918417	1624.78734569328
B9J08_04942	581.212465538458	492.01746415677	482.747536648203	615.249279924572
B9J08_04941	887.869623954824	893.894324193216	1078.80268051758	1116.71052098137
B9J08_04940	715.533369638189	725.819656093861	750.305836052829	780.638871302145
B9J08_04939	3305.64589774998	3257.26828847297	3269.7338083825	3678.26451223723
B9J08_04938	371.705646565293	315.492114421135	195.193777145723	179.9438754188
B9J08_04937	14.3613545263863	15.9623986463074	0	5.29246692408234
B9J08_04936	1600.02385135151	1533.32923467177	1183.54080483968	1125.97233809852
B9J08_04935	1297.59062073702	1289.19843184589	1277.80511672956	1354.87153256508
B9J08_04934	20.274853449016	18.7792925250676	46.6560735616607	33.0779182755146
B9J08_04933	32.9466368546509	33.8027265451216	56.1777212273057	60.8633696269469
B9J08_04932	558.403255408315	570.890492762054	508.455985345445	481.614490091493
B9J08_04931	5.91349892262966	4.69482313126689	3.80865906625801	5.29246692408234
B9J08_04930	56.6006325451696	58.2158068277094	27.6127782303706	13.2311673102059
B9J08_04929	1.68957112075133	2.81689387876013	0.952164766564503	3.96935019306176
B9J08_04928	5.06871336225399	4.69482313126689	13.330306731903	23.8161011583705
B9J08_04927	244.143026948567	199.99946539197	252.323663139593	235.514778121664
B9J08_04926	4668.28500663593	6702.32950219661	18135.8823087541	18547.4503354466
B9J08_04925	23304.2544685231	27908.8455861292	41403.9327092909	43314.8724234209
B9J08_04924	12922.6847170666	12060.0616595984	14350.0751968936	14793.7681695412
B9J08_04923	1818.82331148881	1755.86385109382	1788.16543160814	1684.32759858921
B9J08_04922	620.072601315738	553.05016486324	420.85682682151	411.489303347402
B9J08_04921	434.219778033092	483.56678252049	594.15081433625	686.697583399684
B9J08_04920	254.280453673075	281.689387876013	324.688185398496	304.316848134735
B9J08_04919	3.37914224150266	3.75585850501351	1.90432953312901	6.61558365510293
B9J08_04918	5525.74235041723	5344.58665263423	5511.12966887535	5297.75939100642
B9J08_04917	5232.60176096687	5092.00516817207	5660.61953722597	5919.6242545861
B9J08_04916	1408.25752914623	1397.17936386503	1385.39973535135	1546.72345856306
B9J08_04915	2.534356681127	5.63378775752027	6.66515336595152	11.9080505791853
B9J08_04914	91.2368405205719	36.6196204238817	61.8907098266927	71.4483034751116
B9J08_04913	889.559195075576	861.969526900601	765.540472317861	922.212361521348
B9J08_04912	3298.0428277066	3211.25902178655	2895.53305512265	3085.50821674001
B9J08_04911	7527.88412850755	7617.82001279366	6351.8911577518	6844.48284956949
B9J08_04910	275.400092682467	263.849059977199	218.997896309836	271.23892985922
B9J08_04909	1304.34890522003	1250.7008821695	1392.0648887173	1443.52035354346
B9J08_04908	313.415442899372	307.041432784855	189.480788546336	185.236342342882
B9J08_04907	2764.13835354918	2513.60830448029	2437.54180240513	2259.88337658316
B9J08_04906	2614.61130936268	2571.824111308	2157.60536103516	1975.41327941373
B9J08_04905	1573.83549897986	1510.79408364169	1626.29742129217	1579.80137683858
B9J08_04904	3722.12517901518	3631.91517434807	3335.43317727546	3654.44841107886
B9J08_04903	4551.70459930408	3632.85413897432	2155.70103150204	2450.41218585012
B9J08_04902	12181.8077806171	12227.1973630715	4781.77145768694	5197.20251944886
B9J08_04901	7987.44747335192	7895.75354216466	8562.81774571458	8923.09923400283
B9J08_04900	37376.6923332609	36619.6204238817	36614.5439334714	37290.7219470842
B9J08_04899	3811.672448415	3770.88193903357	3742.95969736506	3831.74605303562
B9J08_04898	2427.91370051966	2166.19139276654	2037.63260044804	2109.04806924681
B9J08_04897	1364.3286800067	1259.15156380578	1279.70944626269	1255.63777773854
B9J08_04896	5.06871336225399	4.69482313126689	2.85649429969351	9.2618171171441
B9J08_04895	403.807497859568	385.914461390138	375.152918026414	386.350085458011
B9J08_04894	102.219052805456	137.088835432993	193.289447612594	173.328291763697
B9J08_04893	701.172015111802	655.397309124858	576.059683771525	623.187980310696
B9J08_04892	3508.39443224014	3501.39909129885	3909.58853151385	3852.91592073194
B9J08_04891	1056.82673602996	1016.89869023241	809.340051579828	828.271073618886
B9J08_04890	185.008037722271	204.694288523236	166.628834148788	177.297641956758
B9J08_04889	34.6362079754023	34.741691171375	28.5649429969351	34.4010350065352
B9J08_04888	1187.76849788819	1148.35373790788	1166.40183904152	1129.94168829158
B9J08_04887	4128.46703355588	4173.69776369627	4458.98760182157	4259.11275715526
B9J08_04886	4218.85908851607	3818.76913497249	3790.56793569329	3835.71540322868
B9J08_04885	1556.93978777235	1568.07092584314	1666.28834148788	1530.84605779082
B9J08_04884	3632.57790961536	3528.62906546019	3737.24670876568	3893.93253939358
B9J08_04883	12469.8796567052	12211.2349644252	12049.6451208738	11954.359664771
B9J08_04882	0	0	0.952164766564503	0
B9J08_04881	0	0	0	0
B9J08_04880	892.093551756703	949.293237142165	839.809324109892	860.02587516338
B9J08_04879	214.575532335419	166.196738846848	178.054811347562	175.974525225738
B9J08_04878	2468.46340741769	2822.52766651765	3197.3692861236	3649.15594415477
B9J08_04877	408.031425661446	423.473046440274	395.148378124269	370.472684685764
B9J08_04876	2794.5506337227	2753.0442841749	2620.35743758551	2901.59499112814
B9J08_04875	102.219052805456	94.8354272515912	88.5513232904988	112.46492213675
B9J08_04874	1041.6205959432	1076.05346168637	882.656738605295	957.936513258904
B9J08_04873	358.189077599282	393.426178400165	377.057247559543	392.965669113114
B9J08_04872	415.634495704827	449.764055975368	551.303399840847	590.110062035181
B9J08_04871	2681.34936863236	2474.17179017765	2477.53272260084	2351.17843102358
B9J08_04870	2389.89835030276	2488.25625957145	1834.8215051698	2048.18469961987
B9J08_04869	4861.74089996195	4773.69615987217	4266.65031897554	4416.56364814671
B9J08_04868	14.3613545263863	7.51171701002702	7.61731813251603	10.5849338481647
B9J08_04867	58.2902036659209	49.765125191429	76.1731813251603	60.8633696269469
B9J08_04866	194.300678886403	107.980932019138	62.8428745932572	50.2784357787822
B9J08_04865	36.3257790961536	18.7792925250676	18.0911305647256	13.2311673102059
B9J08_04864	39.7049213376563	43.1923728076554	41.8952497288382	34.4010350065352
B9J08_04863	900.541407360459	769.95099352777	478.938877581945	519.98487529109
B9J08_04862	0	2.81689387876013	3.80865906625801	2.64623346204117
B9J08_04861	95.4607683224502	103.286108887872	94.2643118898858	97.9106380955233
B9J08_04860	15.206140086762	8.4506816362804	22.8519543975481	21.1698676963294
B9J08_04859	0	0	0	0
B9J08_04858	0	0	0	0
B9J08_04857	0.844785560375665	0	0	0
B9J08_04856	1.68957112075133	0.938964626253378	1.90432953312901	2.64623346204117
B9J08_04855	19.4300678886403	16.9013632725608	22.8519543975481	14.5542840412264
B9J08_04854	1.68957112075133	1.87792925250676	2.85649429969351	2.64623346204117
B9J08_04853	11.8269978452593	12.2065401412939	11.425977198774	7.93870038612351
B9J08_04852	1059.36109271108	1195.30196922055	1216.86657166944	1255.63777773854
B9J08_04851	1495.27044186493	1492.95375574287	1310.17871879276	1276.80764543486
B9J08_04850	244.987812508943	239.435979694611	256.132322205851	265.946462935138
B9J08_04849	108.132551728085	117.370578281672	88.5513232904988	95.2644046334821
B9J08_04848	33.7914224150266	17.8403278988142	16.1868010315966	17.2005175032676
B9J08_04847	20.274853449016	15.9623986463074	25.7084486972416	27.7854513514323
B9J08_04846	2805.53284600758	2569.00721742924	1618.68010315966	1804.73122111208
B9J08_04845	34.6362079754023	37.5585850501351	97.1208061895793	68.8020700130704
B9J08_04844	11.8269978452593	13.1455047675473	4.76082383282252	14.5542840412264
B9J08_04843	342.138151952144	334.271406946203	208.524083877626	275.208280052282
B9J08_04842	73.4963437526829	70.4223469690034	55.2255564607412	50.2784357787822
B9J08_04841	523.767047432912	546.477412479466	524.642786377041	486.906957015575
B9J08_04840	2683.88372531349	2530.50966775285	1970.02890202196	2081.26261789538
B9J08_04839	2895.08011540741	2907.03448288046	2485.15004073335	2598.60125972443
B9J08_04838	3.37914224150266	0	1.90432953312901	0
B9J08_04837	129.252190737477	129.577118422966	79.0296756248538	76.7407703991939
B9J08_04836	576.988537736579	532.392943085665	887.417562438117	918.243011328286
B9J08_04835	1801.08281472092	1947.41263484951	2121.42309990571	2205.63559061132
B9J08_04834	2200.66638477861	2290.13472343199	2327.09068948365	2357.79401467868
B9J08_04833	990.08867676028	994.363539202327	1011.1989820915	957.936513258904
B9J08_04832	1253.66177159749	1189.66818146303	824.57468784486	857.379641701339
B9J08_04831	655.553594851516	600.937360802162	554.159894140541	620.541746848654
B9J08_04830	1181.01021340518	1342.71941554233	1716.7530741158	1946.30471133128
B9J08_04829	604.866461228976	548.355341731973	541.781752175202	505.430591249864
B9J08_04828	1607.62692139489	1431.9210550364	1668.19267102101	1641.98786319655
B9J08_04827	357.344292038906	373.707921248844	531.307939742993	526.600458946193
B9J08_04826	1395.5857457406	1372.76628358244	772.205625683812	936.766645562574
B9J08_04825	1603.40299359301	1632.85948505462	1239.71852606698	1313.85491390344
B9J08_04824	1087.23901620348	1082.62621407014	1015.95980592433	1135.23415521566
B9J08_04823	1001.07088904516	979.340105182273	328.496844464754	445.890338353937
B9J08_04822	733.273866406078	807.509578577905	604.62462676846	629.803563965799
B9J08_04821	2296.12715310106	2266.66060777565	1850.05614143483	1882.79510824229
B9J08_04820	639.502669204379	594.364608418388	457.039087950962	501.461241056802
B9J08_04819	336.224653029515	369.952062743831	344.68364549635	386.350085458011
B9J08_04818	742.56650757021	728.636549972621	595.102979102815	476.322023167411
B9J08_04817	516.163977389532	448.825091349115	391.339719058011	332.102299486167
B9J08_04816	5260.47968445927	5259.14087164517	5102.65098401917	5576.93702125177
B9J08_04815	1122.72000973926	1017.83765485866	889.321891971246	726.391085330301
B9J08_04814	1742.792611055	2030.98048658606	2146.17938383639	2287.66882793459
B9J08_04813	1084.70465952235	1142.71995015036	1041.66825462157	949.99781287278
B9J08_04812	1972.57428347718	1993.42190153592	2033.82394138178	2069.3545673162
B9J08_04811	2003.83134921108	1952.10745798077	2162.36618486799	2048.18469961987
B9J08_04810	1538.35450544409	1599.99572313576	1254.95316233202	1210.65180888384
B9J08_04809	1097.37644292799	1059.15209841381	659.850183229201	647.004081469066
B9J08_04808	791.564070071998	834.739552739253	907.413022535972	890.457559976854
B9J08_04807	3119.79307446733	3003.74783938456	2668.9178406803	2615.8017772277
B9J08_04806	2236.14737831439	2165.25242814029	2351.84697341432	1996.58314711006
B9J08_04805	1136.23657870527	1118.30686986777	1108.31978828108	956.613396527883
B9J08_04804	862.526057143554	792.486144557851	765.540472317861	822.978606694804
B9J08_04803	9562.12775789216	9275.09257813087	9387.39243355944	10259.4471323336
B9J08_04802	7.60307004338099	8.4506816362804	12.3781419653385	18.5236342342882
B9J08_04801	1.68957112075133	0.938964626253378	1.90432953312901	0
B9J08_04800	631.054813600622	638.495945852297	381.818071392366	326.809832562085
B9J08_04799	1725.89689984748	1770.88728511387	1414.91684311485	1501.73748970836
B9J08_04798	73.4963437526829	78.8730286052838	34.2779315963221	58.2171361649058
B9J08_04797	2378.0713524575	2687.31676033717	3710.58609530187	3884.67072227644
B9J08_04796	1224.09427698434	1353.04802643112	1478.71188247467	1393.24191776468
B9J08_04795	4031.31669411268	3943.65143026419	4060.03056463104	4050.06031365401
B9J08_04794	4092.14125445972	4216.89013650392	3988.6182071387	4006.39746153033
B9J08_04793	402.962712299192	354.928628723777	184.719964713514	213.021793694314
B9J08_04792	436.754134714219	404.693753915206	392.291883824575	398.258136037196
B9J08_04791	163.888398712879	163.379844968088	103.785959555531	133.634789833079
B9J08_04790	202.74853449016	239.435979694611	212.332742943884	226.25296100452
B9J08_04789	1415.86059918962	1296.71014885592	1194.96678203845	1221.236742732
B9J08_04788	1.68957112075133	0.938964626253378	0.952164766564503	1.32311673102059
B9J08_04787	217.954674576922	194.365677634449	134.255232085595	136.28102329512
B9J08_04786	3245.66612296331	2975.57890059696	3234.50371201962	3126.52483540164
B9J08_04785	55.7558469847939	53.5209836964425	67.6036984260797	87.3257042473586
B9J08_04784	1700.55333303621	1580.27746598444	1562.50238193235	1827.22420553943
B9J08_04783	266.107451518335	235.680121189598	159.011516016272	154.804657529408
B9J08_04782	1140.46050650715	1122.06272837279	1129.2674131455	1094.21753655402
B9J08_04781	7702.75473950532	8041.29305923393	9173.15536108242	9404.71372409432
B9J08_04780	2668.67758522673	2536.14345551037	2417.54634230727	2357.79401467868
B9J08_04779	204.438105610911	240.374944320865	219.9500610764	218.314260618397
B9J08_04778	5289.20239351204	5112.66238994964	5648.24139526063	5574.29078778973
B9J08_04777	1256.19612827861	1323.94012301726	1221.62739550226	1201.38999176669
B9J08_04776	1026.41445585643	968.072529667233	994.060016293342	1129.94168829158
B9J08_04775	341.293366391769	325.820725309922	223.758720142658	207.729326770232
B9J08_04774	2489.58304642709	2516.42519835905	2687.96113601159	2811.62305341874
B9J08_04773	898.851836239708	872.298137789388	701.745432958039	653.619665124169
B9J08_04772	297.364517252234	299.529715774828	224.710884909223	190.528809266964
B9J08_04771	1331.38204315205	1243.18916515947	1266.37913953079	1174.92765714628
B9J08_04770	1170.87278668067	1173.70578281672	1225.43605456852	1280.77699562793
B9J08_04769	492.509981699013	468.543348500436	534.164434042686	570.263311069872
B9J08_04768	2402.57013370839	2418.7728772287	2267.10430919008	2467.61270335339
B9J08_04767	609.93517459123	601.876325428415	677.941313793926	611.27992973151
B9J08_04766	933.48804421511	945.537378637152	1040.716089855	878.549509397669
B9J08_04765	865.905199385057	907.039828960763	760.779648485038	759.469003605816
B9J08_04764	272.020950440964	266.665953855959	128.542243486208	152.158424067367
B9J08_04763	314.260228459748	304.224538906094	332.305503531012	347.979700258414
B9J08_04762	1268.02312612387	1274.17499782583	1196.87111157158	1161.69648983607
B9J08_04761	675.828448300532	712.674151326314	691.271620525829	729.037318792342
B9J08_04760	1484.28822958004	1422.53140877387	1375.87808768571	1477.92138854999
B9J08_04759	478.993412733002	438.496480460328	319.927361565673	361.21086756862
B9J08_04758	125.028262935598	144.60055244302	184.719964713514	130.988556371038
B9J08_04757	19932.7152970638	22520.127596061	33750.4323156454	35581.2551306056
B9J08_04756	644.571382566633	629.106299589763	592.246484803121	748.884069757651
B9J08_04755	15166.4351654243	16018.7365238826	14222.485118174	15530.7441887196
B9J08_04754	431.685421351965	438.496480460328	429.426309720591	367.826451223723
B9J08_04753	289.761447208853	306.102468158601	253.275827906158	329.456066024126
B9J08_04752	129.252190737477	137.088835432993	51.4168973944832	54.247785971844
B9J08_04751	1095.68687180724	1098.58861271645	1146.40637894366	1114.06428751933
B9J08_04750	41.3944924584076	49.765125191429	52.3690621610477	51.6015525098028
B9J08_04749	524.611832993288	491.078499530517	381.818071392366	416.781770271484
B9J08_04748	540.662758640426	603.754254680922	806.483557280134	850.764058046236
B9J08_04747	1055.13716490921	1317.36737063349	173.29398751474	205.083093308191
B9J08_04746	4165.63759821241	4938.95393409277	4699.88528776239	5758.20401340159
B9J08_04745	951.228540982999	942.720484758392	897.891374870327	902.365610556039
B9J08_04744	1719.98340092485	1618.77501566082	1803.40006787317	1750.48343514023
B9J08_04743	1967.50557011492	1995.29983078843	1884.33407303115	1934.3966607521
B9J08_04742	69.2724159508046	68.5444177164966	61.8907098266927	70.125186744091
B9J08_04741	3292.97411434434	3303.27755515938	1953.84210099036	2238.71350888683
B9J08_04740	700.327229551427	747.415842497689	631.285240232266	605.987462807428
B9J08_04739	4.22392780187833	2.81689387876013	0	0
B9J08_04738	350.586007555901	323.003831431162	298.02757193469	285.793213900446
B9J08_04737	5.06871336225399	7.51171701002702	3.80865906625801	9.2618171171441
B9J08_04736	730.73950972495	758.683418012729	506.551655812316	473.67578970537
B9J08_04735	16680.2908896175	19270.3710245981	18620.5341749354	21034.9097897653
B9J08_04734	6126.38488384433	6938.00962338621	10011.0603556592	11354.9877856187
B9J08_04733	3054.74458631841	2919.24102302175	2775.56029453553	2849.99343861834
B9J08_04732	148.682258626117	171.830526604368	188.528623779772	181.26699214982
B9J08_04731	2964.35253135821	3147.40942720132	3662.97785697364	3965.38084286869
B9J08_04730	66.7380592696776	70.4223469690034	69.5080279592087	103.203105019606
B9J08_04729	9498.76884086398	10848.7972917315	24490.6299608056	23618.9567654485
B9J08_04728	1225.78384810509	1265.72431618955	1155.92802660931	1070.40143539565
B9J08_04727	1905.8362242075	1811.26276404277	1893.8557206968	1931.75042729005
B9J08_04726	2209.95902594274	2199.99411931166	2080.48001494344	2124.92547001906
B9J08_04725	23.6539956905186	37.5585850501351	32.3736020631931	39.6935019306176
B9J08_04724	3021.79794946375	3233.79417281663	3305.91606951196	3572.41517375558
B9J08_04723	740.876936449459	716.430009831328	681.749972860184	807.101205922557
B9J08_04722	2792.01627704157	2743.65463791237	2235.68287189345	2437.18101853992
B9J08_04721	58237.8269611776	55494.6873408271	55948.2495185637	56856.9721654166
B9J08_04720	462.097701525489	459.153702237902	253.275827906158	271.23892985922
B9J08_04719	1630.43613152503	1394.36246998627	1176.87565147373	930.151061907471
B9J08_04718	402.962712299192	441.313374339088	405.622190556478	357.241517375558
B9J08_04717	830.424205849279	801.875790820385	508.455985345445	459.121505664143
B9J08_04716	538.128401959299	595.303573044642	400.861366723656	430.01293758169
B9J08_04715	6.75828448300532	5.63378775752027	2.85649429969351	2.64623346204117
B9J08_04714	3711.1429667303	3738.95714174095	4422.80534069212	4083.13823192953
B9J08_04713	4594.78866288324	4655.38661696425	3983.85738330588	4230.00418907281
B9J08_04712	348.89643643515	428.16786957154	382.77023615893	387.673202189031
B9J08_04711	746.790435372088	774.645816659037	733.166870254668	691.990050323766
B9J08_04710	783.961000028617	876.992960920655	1087.37216341666	1104.80247040219
B9J08_04709	6693.2359948564	7143.6428765357	7430.69383826938	7901.65311765494
B9J08_04708	840.561632573787	1047.88452289877	1392.0648887173	1675.06578147206
B9J08_04707	3626.66441069273	3328.62960006823	2615.59661375269	2609.18619357259
B9J08_04706	587.125964461087	615.960794822216	588.437825736863	632.44979742784
B9J08_04705	788.184927830496	746.476877871436	711.267080623684	698.605633978869
B9J08_04704	5556.99941615113	5706.08803374178	6042.43760861834	5996.36502498529
B9J08_04703	478.993412733002	536.148801590679	477.034548048816	494.845657401699
B9J08_04702	6818.264257792	6624.39543821758	5329.26619846153	5916.97802112406
B9J08_04701	231.471243542932	210.328076280757	159.963680782837	187.882575804923
B9J08_04700	4263.63272321598	4051.63236228333	3754.38567456384	3598.87750837599
B9J08_04699	406.341854540695	440.374409712834	425.617650654333	422.074237195567
B9J08_04698	3548.09935357779	3952.10211190047	7528.76680922553	7749.49469358757
B9J08_04697	25992.3621216385	25656.2694477473	24551.5685058657	26503.3512390733
B9J08_04696	807.614995719136	837.556446618013	816.957369712344	869.287692280525
B9J08_04695	521.232690751786	522.064332196878	602.720297235331	598.048762421305
B9J08_04694	2343.4351444821	2354.92328264347	2267.10430919008	2320.74674621011
B9J08_04693	691.87937394767	707.040363568794	684.606467159878	604.664346076407
B9J08_04692	491.665196138637	497.65125191429	492.269184313848	554.385910297625
B9J08_04691	1734.34475545124	1739.90145244751	1801.49573834004	1870.88705766311
B9J08_04690	1389.67224681797	1359.62077881489	1497.75517780596	1606.26371145899
B9J08_04689	2065.5006951185	2123.93798458514	2000.49817455202	2012.46054788231
B9J08_04688	4319.38857020078	4283.55662496791	5099.79448971948	4992.11942614067
B9J08_04687	1224.93906254471	1338.02459241106	1442.52962134522	1548.04657529408
B9J08_04686	1900.76751084525	1925.81644844568	2470.86756923489	2259.88337658316
B9J08_04685	1061.05066383184	1069.4807093026	1750.07884094556	1783.56135341575
B9J08_04684	0	0	0	0
B9J08_04683	1488.51215738192	1703.28183202363	1793.87842020752	1598.32501107287
B9J08_04682	1570.45635673836	1598.11779388325	1571.07186483143	1631.40292934838
B9J08_04681	604.866461228976	632.862158094777	708.410586323991	619.218630117634
B9J08_04680	583.746822219585	581.219103650841	555.112058907106	605.987462807428
B9J08_04679	3332.679035682	3311.72823679566	3594.421993781	3351.45467967514
B9J08_04678	3205.96120162565	3193.41869388774	2749.85184583829	2479.52075393258
B9J08_04677	4332.90513916679	4737.07653944829	6021.48998375392	5947.40970593753
B9J08_04676	3026.02187726563	2971.82304209194	2872.68110072511	2741.49786667465
B9J08_04675	2724.43343221152	2707.03501748849	2721.28690284135	2650.20281223423
B9J08_04674	15.206140086762	14.0844693938007	19.9954600978546	54.247785971844
B9J08_04673	97.1503394432015	98.5912857566047	59.9863802935637	38.370385199597
B9J08_04672	2339.21121668022	2480.74454256143	2601.31414225422	2527.15295624932
B9J08_04671	1222.40470586359	1376.52214208745	1490.13785967345	1483.21385547408
B9J08_04670	806.77021015876	885.443642556936	1010.24681732494	939.412879024616
B9J08_04669	6159.33152069898	6670.404704904	8902.74056737811	8834.45041302445
B9J08_04668	751.859148734342	881.687784051922	836.000665043634	766.084587260919
B9J08_04667	3075.8642253278	3310.78927216941	3693.44712950371	3641.21724376865
B9J08_04666	2999.83352489399	3033.79470742466	3548.7180849859	3815.86865226337
B9J08_04665	4032.16147967305	4347.40621955314	4487.5525448185	4306.74495947201
B9J08_04664	995.157390122534	1024.41040724244	1172.1148276409	1083.63260270586
B9J08_04663	2079.86204964489	2229.10202272552	2396.59871744286	2343.23973063746
B9J08_04662	16312.8091708541	17508.8733857467	15143.2284474419	15334.9229125286
B9J08_04661	3702.69511112654	3914.54352685033	5325.45753939527	5090.03006423619
B9J08_04660	5951.51427284656	6415.94529118933	6446.15546964169	6545.45846835884
B9J08_04659	37095.3787416558	34931.3620258782	36035.6277554002	32847.695964317
B9J08_04658	94.6159827620745	121.126436786686	224.710884909223	216.991143887376
B9J08_04657	990.08867676028	1096.71068346395	1534.88960370198	1422.35048584713
B9J08_04656	8929.38337317078	9317.34598631227	10350.0310125562	10404.9899727459
B9J08_04655	1217.33599250133	1372.76628358244	1565.35887623204	1577.15514337654
B9J08_04654	970.658608871639	986.8518221923	1094.98948154918	1074.37078558872
B9J08_04653	1845.01166386045	2030.0415219598	2284.24327498824	2241.35974234887
B9J08_04652	875.197840549189	903.28397045575	725.549552122152	686.697583399684
B9J08_04651	1829.80552377369	1944.59574097075	1760.55265337777	1716.0824001337
B9J08_04650	424.92713686896	483.56678252049	557.968553206799	555.709027028646
B9J08_04649	5218.24040644048	5202.80299406997	4968.39575193358	5075.47578019497
B9J08_04648	816.907636883268	769.012028901517	973.112391428922	883.841976321751
B9J08_04647	9597.60875142793	10053.4942532949	10472.860267443	10107.2887082663
B9J08_04646	941.091114258491	950.232201768419	825.526852611424	808.424322653578
B9J08_04645	5143.89927712743	5307.96703221035	5952.93412056128	5537.24351932115
B9J08_04644	1592.42078130813	1564.31506733813	1648.19721092316	1643.31097992757
B9J08_04643	2578.28553026653	2672.29332631711	3358.285131673	2977.01264479632
B9J08_04642	1466.54773281216	1542.7188809343	1625.34525652561	1623.46422896226
B9J08_04641	508.560907346151	475.116100884209	553.207729373976	576.878894724975
B9J08_04640	9.29264116413232	4.69482313126689	0.952164766564503	1.32311673102059
B9J08_04639	477.303841612251	457.275772985395	490.364854780719	461.767739126184
B9J08_04638	990.08867676028	938.964626253378	946.451777965116	897.073143631957
B9J08_04637	693.568945068421	748.354807123942	797.914074381054	729.037318792342
B9J08_04636	29.5674946131483	33.8027265451216	41.8952497288382	38.370385199597
B9J08_04635	4235.75479972359	4214.07324262516	4915.07452500597	5056.95214596068
B9J08_04634	482.372554974505	499.529181166797	543.686081708331	494.845657401699
B9J08_04633	618.383030194987	642.251804357311	792.201085781667	735.652902447445
B9J08_04632	1048.3788804262	1092.95482495893	1273.99645766331	1252.99154427649
B9J08_04631	6962.72258861623	7040.35676764783	7518.29299679332	6956.94777170624
B9J08_04630	1871.2000162321	1913.60990830438	1892.90355593023	1841.77848958065
B9J08_04629	849.009488177544	834.739552739253	896.939210103762	805.778089191536
B9J08_04628	1016.27702913193	1011.26490247489	957.87775516389	877.226392666648
B9J08_04627	3048.83108739578	3022.52713190962	3326.86369437637	3442.74973411556
B9J08_04626	266.107451518335	209.389111654503	197.098106678852	185.236342342882
B9J08_04625	520.38790519141	517.369509065611	519.881962544219	516.015525098028
B9J08_04624	1337.29554207468	1472.2965339653	1333.98283795687	1274.16141197282
B9J08_04623	32.1018512942753	26.2910095350946	24.7562839306771	27.7854513514323
B9J08_04622	686.810660585416	681.688318659953	753.162330352522	739.622252640507
B9J08_04621	993.467819001782	1034.73901813122	795.05758008136	821.655489963783
B9J08_04620	2743.86350010016	2754.92221342741	1771.02646580998	1800.76187091902
B9J08_04619	2134.77311106931	2126.7548784639	2209.02225842965	2061.41586693007
B9J08_04618	633.589170281749	608.449077812189	470.369394682865	457.798388933123
B9J08_04617	1021.34574249418	1308.91668899721	1225.43605456852	1208.00557542179
B9J08_04616	3888.54793440919	4134.26124939362	3928.63182684514	3971.9964265238
B9J08_04615	139.389617461985	118.309542907926	127.590078719643	109.818688674709
B9J08_04614	2479.44561970258	2416.89494797619	2501.33684176495	2478.19763720156
B9J08_04613	1882.18222851698	1699.52597351861	1730.0833808477	1698.88188263043
B9J08_04612	4373.45484606482	4543.6498264401	4406.61853966052	4122.83173386014
B9J08_04611	769.599645502231	763.378241143996	560.825047506493	583.494478380078
B9J08_04610	3391.8140249083	3371.82197287588	3902.9233781479	3580.3538741417
B9J08_04609	2038.46755718648	1810.32379941651	1254.00099756545	1299.30062986221
B9J08_04608	687.655446145792	753.049630255209	914.078175901923	914.273661135224
B9J08_04607	2821.58377165472	2865.72003932531	1518.70280267038	1659.18838069981
B9J08_04606	1325.46854422942	1409.38590400632	1419.67766694767	1466.01333797081
B9J08_04605	2001.29699252995	2044.1259913536	2130.94474757136	2217.5436411905
B9J08_04604	996.002175682909	1061.96899229257	842.665818409586	755.499653412754
B9J08_04603	936.867186456613	947.415307889658	789.344591481973	811.070556115619
B9J08_04602	1192.83721125044	1179.33957057424	1128.31524837894	1108.77182059525
B9J08_04601	2354.41735676698	2436.61320512752	2461.34592156924	2414.68803411257
B9J08_04600	114.046050650715	138.9667646855	88.5513232904988	112.46492213675
B9J08_04599	7935.915554169	7940.82384422482	7440.21548593503	8740.50912512199
B9J08_04598	413.944924584076	406.571683167713	158.059351249708	170.682058301656
B9J08_04597	3399.41709495168	3647.87757299437	1777.69161917593	2017.75301480639
B9J08_04596	13.5165689660106	26.2910095350946	25.7084486972416	33.0779182755146
B9J08_04595	7195.03861771954	7259.13552556487	7126.00111296874	6873.59141765194
B9J08_04594	657.243165972268	717.368974457581	721.740893055894	729.037318792342
B9J08_04593	5.06871336225399	7.51171701002702	0.952164766564503	15.877400772247
B9J08_04592	6025.01061659925	6104.20903527321	4747.49352609061	5427.42483064644
B9J08_04591	1283.22926621064	1290.13739647214	1339.69582655626	1439.5510033504
B9J08_04590	276.244878242843	260.093201472186	305.644890067206	336.071649679229
B9J08_04589	2901.83839989041	2969.94511283943	2798.41224893308	2998.18251249265
B9J08_04588	7.60307004338099	11.2675755150405	10.4738124322095	7.93870038612351
B9J08_04587	278.77923492397	236.619085815851	261.845310805238	227.576077735541
B9J08_04586	1802.77238584167	1753.04695721506	1659.62318812193	1937.04289421414
B9J08_04585	1888.09572743961	1549.29163331807	1647.24504615659	1667.12708108594
B9J08_04584	1582.28335458362	1486.3810033591	1097.84597584887	1083.63260270586
B9J08_04583	1513.85572419319	1480.74721560158	1372.06942861945	1458.07463758468
B9J08_04582	1546.80236104784	1505.16029588417	1619.63226792622	1862.94835727698
B9J08_04581	703.706371792929	725.819656093861	828.383346911118	936.766645562574
B9J08_04580	1276.47098172763	1224.40987263441	1135.93256651145	1377.36451699243
B9J08_04579	873.508269428438	860.091597648094	866.469937573698	971.16768056911
B9J08_04578	2398.34620590651	2462.90421466261	2479.43705213397	2638.29476165505
B9J08_04577	9579.02346909967	9412.18141356386	10249.1015473003	10653.7359181778
B9J08_04576	386.067001091679	352.111734845017	318.023032032544	358.564634106579
B9J08_04575	636.968312523252	655.397309124858	577.964013304654	632.44979742784
B9J08_04574	30.412280173524	46.0092666864155	50.4647326279187	67.4789532820498
B9J08_04573	1.68957112075133	0.938964626253378	2.85649429969351	2.64623346204117
B9J08_04572	386.067001091679	378.402744380111	393.24404859114	382.380735264949
B9J08_04571	3110.5004333032	3159.61596734262	2840.30749866191	2959.81212729305
B9J08_04570	3813.36201953575	3760.55332814478	3741.05536783193	3821.16111918745
B9J08_04569	558.403255408315	589.669785287121	666.515336595152	624.511097041716
B9J08_04568	1611.85084919677	1579.33850135818	1785.30893730844	1877.50264131821
B9J08_04567	3317.47289559524	3445.06121372364	2882.20274839075	3110.6474346294
B9J08_04566	3393.50359602905	3662.90100701443	3705.82527146905	4305.42184274098
B9J08_04565	506.871336225399	461.970596116662	587.485660970299	547.770326642522
B9J08_04564	3513.46314560239	3362.43232661335	3568.71354508376	3249.57469138656
B9J08_04563	3243.97655184256	3310.78927216941	3244.02535968526	3258.8365085037
B9J08_04562	268.641808199462	257.276307593426	211.38057817732	254.038412355952
B9J08_04561	277.934449363594	261.971130724693	122.829254886821	107.172455212667
B9J08_04560	13807.1751987799	13307.9456478891	13505.5050489509	13911.2493099504
B9J08_04559	290.606232769229	304.224538906094	289.458089035609	347.979700258414
B9J08_04558	604.021675668601	566.195669630787	579.868342837783	525.277342215172
B9J08_04557	491.665196138637	489.20057027801	320.879526332238	291.085680824529
B9J08_04556	4.22392780187833	4.69482313126689	5.71298859938702	3.96935019306176
B9J08_04555	488.286053897135	464.787489995422	560.825047506493	557.032143759666
B9J08_04554	6047.81982672939	5828.15343515472	6585.17152556011	6468.71769795964
B9J08_04553	1379.53482009346	1368.07146045117	1353.97829805472	1442.19723681244
B9J08_04552	1265.48876944275	1304.22186586594	1076.89835098445	1074.37078558872
B9J08_04551	731.584295285326	650.702485993591	410.383014389301	468.383322781287
B9J08_04550	3322.54160895749	3581.21108453038	3212.60392238863	3557.86088971435
B9J08_04549	6667.04764248475	6389.65428165424	6023.39431328705	6775.68077955642
B9J08_04548	348.051650874774	378.402744380111	417.048167755253	371.795801416784
B9J08_04547	664.846236015649	565.256705004534	538.925257875509	542.47785971844
B9J08_04546	5464.0730045098	5621.58121737897	5265.4711591017	5427.42483064644
B9J08_04545	1235.07648926922	1240.37227128071	1094.03731678261	1120.67987117444
B9J08_04544	2515.77139879873	2570.88514668175	2491.81519409931	2502.01373835993
B9J08_04543	30.412280173524	38.4975496763885	11.425977198774	13.2311673102059
B9J08_04542	1380.37960565384	1459.15102919775	1365.4042752535	1536.1385247149
B9J08_04541	1.68957112075133	0	0.952164766564503	0
B9J08_04540	1824.73681041144	1884.50200489053	1894.80788546336	1893.38004209046
B9J08_04539	1130.32307978264	1091.07689570643	1490.13785967345	1575.83202664552
B9J08_04538	185982.075473384	180705.620251715	172581.768269349	190494.408231958
B9J08_04537	1169.18321555992	1201.87472160432	1183.54080483968	1163.01960656709
B9J08_04536	124912.527313827	129967.727707488	124566.955585801	155761.270925936
B9J08_04535	1392.2066034991	1331.45184002729	1304.46573019337	1193.45129138057
B9J08_04534	1137.08136426565	1121.12376374653	986.442698160826	899.719377093998
B9J08_04533	40256.5663085816	40367.028247259	43204.4762828643	43193.145684167
B9J08_04532	138.544831901609	115.492649029166	75.2210165585958	79.3870038612351
B9J08_04531	1474.15080285554	1531.45130541926	1645.34071662346	1808.70057130514
B9J08_04530	3558.2367803023	3446.93914297615	3586.80467564848	3770.88268340867
B9J08_04529	1207.19856577683	1200.93575697807	1409.20385451547	1335.02478159977
B9J08_04528	1180.1654278448	1156.80441954416	1167.35400380808	1153.75778944995
B9J08_04527	223.023387939176	234.741156563345	130.446573019337	145.542840412264
B9J08_04526	383.532644410552	381.219638258871	339.922821663528	346.656583527393
B9J08_04525	2382.29528025938	2157.74071113026	1768.16997151028	1686.97383205125
B9J08_04524	1310.26240414266	1210.3254032406	1316.84387215871	1251.66842754547
B9J08_04523	887.024838394449	941.781520132138	980.729709561439	1092.894419823
B9J08_04522	5.91349892262966	3.75585850501351	6.66515336595152	1.32311673102059
B9J08_04521	28.7227090527726	21.5961864038277	3.80865906625801	6.61558365510293
B9J08_04520	34473.1643622498	35832.7680670814	34779.7224283016	39121.9155028167
B9J08_04519	5.91349892262966	5.63378775752027	2.85649429969351	2.64623346204117
B9J08_04518	559.24804096869	600.937360802162	480.843207115074	509.399941442925
B9J08_04517	631.054813600622	607.510113185936	650.328535563556	785.931338226228
B9J08_04516	1956.52335783004	1824.40826881031	1340.64799132282	1332.37854813773
B9J08_04515	792.408855632374	759.622382638983	766.492637084425	736.976019178466
B9J08_04514	975.727322233893	1081.68724944389	1147.35854371023	1155.08090618097
B9J08_04513	10137.426724508	10101.3814492338	9905.37006657053	10505.5468443034
B9J08_04512	101.37426724508	88.2626748678175	82.8383346911118	80.7101205922557
B9J08_04511	613.314316832733	700.46761118502	628.428745932572	660.235248779272
B9J08_04510	300.743659493737	309.858326663615	339.922821663528	377.088268340867
B9J08_04509	8591.46914902052	8462.8881764217	8234.32090124982	8123.93672846639
B9J08_04508	963.900324388634	994.363539202327	866.469937573698	882.51885959073
B9J08_04507	716.378155198564	665.725920013645	640.806887897911	702.574984171931
B9J08_04506	71.8067726319316	76.0561347265236	51.4168973944832	50.2784357787822
B9J08_04505	0.844785560375665	2.81689387876013	0	0
B9J08_04504	94.6159827620745	107.041967392885	17.1389657981611	7.93870038612351
B9J08_04503	7485.64485048877	9135.18684881912	9337.87986569809	9875.74328033765
B9J08_04502	1099.06601404874	1062.90795691882	935.977965532907	1070.40143539565
B9J08_04501	1828.96073821332	1803.75104703274	1526.3201208029	1533.49229125286
B9J08_04500	2502.25482983272	2549.28896027792	2479.43705213397	2476.87452047054
B9J08_04499	2695.71072315875	2826.28352502267	2429.92448427261	2323.39297967215
B9J08_04498	201.903748929784	201.877394644476	148.537703584063	154.804657529408
B9J08_04497	234.850385784435	232.863227310838	255.180157439287	260.653996011055
B9J08_04496	26.1883523716456	38.4975496763885	25.7084486972416	23.8161011583705
B9J08_04495	22.809210130143	27.229974161348	15.2346362650321	19.8467509653088
B9J08_04494	266.107451518335	307.041432784855	357.061787461689	373.118918147805
B9J08_04493	131.786547418604	139.905729311753	93.3121471233213	86.002587516338
B9J08_04492	54.0662758640426	37.5585850501351	83.7904994576763	72.7714202061322
B9J08_04491	1395.5857457406	1476.99135709656	1242.57502036668	1331.05543140671
B9J08_04490	85.3233415979422	90.1406041203243	66.6515336595152	54.247785971844
B9J08_04489	11630.1628096918	11786.8229533587	11928.7201955201	13576.5007770022
B9J08_04488	7158.71283862339	7211.24832962594	7688.73049000836	8043.22660787414
B9J08_04487	1427.68759703487	1339.90252166357	1262.57048046453	1327.08608121365
B9J08_04486	486.596482776383	549.294306358226	430.378474487156	504.107474518843
B9J08_04485	811.838923521014	845.06816362804	573.203189471831	582.171361649058
B9J08_04484	7.60307004338099	19.7182571513209	19.9954600978546	17.2005175032676
B9J08_04483	219.644245697673	235.680121189598	199.954600978546	231.545427928602
B9J08_04482	2111.96390093916	2099.52490430255	2456.58509773642	2434.53478507788
B9J08_04481	70.1172015111802	86.3847456153108	64.7472041263862	83.3563540542969
B9J08_04480	560.092826529066	610.327007064696	411.335179155865	375.765151609846
B9J08_04479	1842.47730717933	1896.70854503182	2114.75794653976	2062.73898366109
B9J08_04478	495.889123940516	539.904660095692	584.629166670605	566.293960876811
B9J08_04477	1476.68515953666	1539.90198705554	1594.87598399554	1738.57538456105
B9J08_04476	972.348179992391	1004.69215009111	971.208061895793	1020.12299961687
B9J08_04475	1832.33988045482	1861.96685386045	1810.06522123912	1896.0262755525
B9J08_04474	115.735621771466	90.1406041203243	88.5513232904988	125.696089446956
B9J08_04473	144.458330824239	160.562951089328	62.8428745932572	66.1558365510293
B9J08_04472	176.560182118514	209.389111654503	289.458089035609	373.118918147805
B9J08_04471	3084.31208093155	3459.14568311745	5864.38279727078	6010.91930902652
B9J08_04470	2673.74629858898	2848.81867605275	3891.49740094913	3831.74605303562
B9J08_04469	6247.18921897805	5885.43027735617	4434.23131789089	4711.6186791643
B9J08_04468	5333.13124265158	5793.41174398334	6853.6819897313	7183.20073271076
B9J08_04467	960.521182147132	969.011494293486	542.733916941767	620.541746848654
B9J08_04466	548.265828683807	618.777688700976	655.089359396378	701.25186744091
B9J08_04465	2431.29284276117	2468.53800242013	2376.603257345	2319.42362947909
B9J08_04464	1527.3722931592	1664.78428234724	1916.70767509435	1909.2574428627
B9J08_04463	8405.61632573787	7980.26035852746	8551.3917685158	8501.02499680726
B9J08_04462	3393.50359602905	3334.26338782575	3531.57911918774	3432.1648002674
B9J08_04461	3134.99921455409	2798.11458623507	2611.78795468643	2233.42104196275
B9J08_04460	2951.68074795257	2815.95491413388	4141.91673455559	4165.1714692528
B9J08_04459	12463.9661577826	12623.4404353504	11473.5854371023	12507.4224583376
B9J08_04458	10272.5924141681	10139.8789989102	10779.4573222767	10647.1203345226
B9J08_04457	329.46636854651	292.956963391054	298.02757193469	299.024381210652
B9J08_04456	1889.78529856036	1999.05568929344	2211.87875272934	2143.44910425335
B9J08_04455	1061.05066383184	1088.26000182767	976.92105049518	924.858594983389
B9J08_04454	636.123526962876	531.453978459412	158.059351249708	168.035824839614
B9J08_04453	1035.70709702057	1136.14719776659	1266.37913953079	1260.93024466262
B9J08_04452	7478.04178044539	7352.09302356395	8968.43993627106	8900.60624957548
B9J08_04451	244.143026948567	241.313908947118	239.945521174255	268.592696397179
B9J08_04450	5554.46505947	5838.4820460435	7450.68929836724	7009.87244094706
B9J08_04449	619.227815755363	613.143900943456	370.392094193592	299.024381210652
B9J08_04448	11663.9542321068	11641.2834362894	11917.2942183213	11672.5358010636
B9J08_04447	452.805060361357	430.984763450301	437.995792619672	424.720470657608
B9J08_04446	2044.38105610911	2027.22462808104	2293.76492265389	2279.73012754847
B9J08_04445	1380.37960565384	1434.73794891516	1434.91230321271	1308.56244697936
B9J08_04444	15618.3954402253	15119.2084119319	16635.2706366484	17271.9658067427
B9J08_04443	1155.66664659391	1166.1940658067	1473.95105864185	1450.13593719856
B9J08_04442	505.181765104648	516.430544439358	560.825047506493	492.199423939658
B9J08_04441	591.349892262966	616.899759448469	552.255564607412	514.692408367008
B9J08_04440	2.534356681127	3.75585850501351	3.80865906625801	6.61558365510293
B9J08_04439	545.73147200268	513.613650560598	547.494740774589	484.260723553534
B9J08_04438	541.507544200801	479.810924015476	507.50382057888	476.322023167411
B9J08_04437	344.672508633271	364.318274986311	291.362418568738	306.963081596776
B9J08_04436	22.809210130143	16.9013632725608	16.1868010315966	29.1085680824529
B9J08_04435	361.568219840785	405.632718541459	571.298859938702	690.666933592746
B9J08_04434	1012.05310133005	1101.40550659521	1724.37039224832	1647.28033012063
B9J08_04433	328.621582986134	385.914461390138	428.474144954027	469.706439512308
B9J08_04432	905.610120722713	953.988060273432	853.139630841795	926.18171171441
B9J08_04431	8.44785560375665	17.8403278988142	23.8041191641126	23.8161011583705
B9J08_04430	8.44785560375665	8.4506816362804	16.1868010315966	21.1698676963294
B9J08_04429	0	0	0	0
B9J08_04428	0	0.938964626253378	0	0
B9J08_04427	446.046775878351	532.392943085665	481.795371881639	445.890338353937
B9J08_04426	653.864023730765	647.885592114831	678.893478560491	594.079412228243
B9J08_04425	209.506818973165	230.985298058331	172.341822748175	240.807245045747
B9J08_04424	2360.33085568961	2341.77777787593	2351.84697341432	2414.68803411257
B9J08_04423	932.643258654734	999.058362333594	805.53139251357	902.365610556039
B9J08_04422	16.8957112075133	15.023434020054	0.952164766564503	5.29246692408234
B9J08_04421	17.740496767889	8.4506816362804	7.61731813251603	3.96935019306176
B9J08_04420	1894.85401192262	1905.1592266681	1977.64622015447	2005.84496422721
B9J08_04419	43.0840635791589	53.5209836964425	29.5171077634996	15.877400772247
B9J08_04418	12787.5190274064	17058.1703651451	32823.9759977781	36095.9475389726
B9J08_04417	5225.84347648387	5351.159405018	4503.7393458501	4990.79630940965
B9J08_04416	1389.67224681797	1341.78045091608	971.208061895793	1073.04766885769
B9J08_04415	0	0	0.952164766564503	0
B9J08_04414	0	0	0	0
B9J08_04413	783.116214468242	821.594047971706	814.10087541265	690.666933592746
B9J08_04412	891.248766196327	828.166800355479	904.556528236278	845.471591122154
B9J08_04411	3926.56328462609	3672.29065327696	3185.94330892483	3245.6053411935
B9J08_04410	10254.0071318398	9647.86153475346	8191.47348675442	8944.26910169916
B9J08_04409	277.934449363594	273.238706239733	359.918281761382	381.057618533929
B9J08_04408	1423.463669233	1343.65838016858	953.116931331068	1018.79988288585
B9J08_04407	2781.87885031707	2694.8284773472	2886.96357222357	3084.18510000898
B9J08_04406	3870.8074376413	3980.27105068807	4003.85284340374	3975.96577671686
B9J08_04405	1410.79188582736	1407.50797475381	1629.15391559187	1649.92656358267
B9J08_04404	2288.52408305768	2023.46876957603	2583.2230116895	2725.62046590241
B9J08_04403	1354.19125328219	1327.69598152228	1289.23109392834	1226.52920965608
B9J08_04402	562.627183210193	860.091597648094	553.207729373976	641.711614544984
B9J08_04401	288.071876088102	215.961864038277	219.9500610764	228.899194466561
B9J08_04400	411.410567902949	330.515548441189	318.975196799109	358.564634106579
B9J08_04399	1926.11107765652	1952.10745798077	1300.65707112711	1243.72972715935
B9J08_04398	31.2570657338996	38.4975496763885	20.9476248644191	11.9080505791853
B9J08_04397	2650.93708845884	2656.33092767081	2465.1545806355	2369.70206525787
B9J08_04396	420.703209067081	444.130268217848	418.000332521817	412.812420078423
B9J08_04395	999.381317924412	1047.88452289877	938.8344598326	930.151061907471
B9J08_04394	1234.23170370885	1176.52267669548	1059.75938518629	1157.72713964301
B9J08_04393	2521.68489772136	2260.08785539188	2590.84032982201	2532.4454231734
B9J08_04392	7673.18724489217	6870.40417029597	6654.67955351931	7032.36542537441
B9J08_04391	4726.57521030185	4478.86126722861	4472.31790855347	4571.36830567612
B9J08_04390	3211.87470054828	3182.1511183727	3443.97996066381	3219.14300657308
B9J08_04389	1011.20831576967	1107.97825897899	1211.15358307005	1059.81650154749
B9J08_04388	399.58357005769	471.360242379196	283.745100436222	258.007762549014
B9J08_04387	16351.6693066314	16642.2090357149	16549.5758076576	17613.329923346
B9J08_04386	206.972462292038	187.792925250676	194.241612379159	203.75997657717
B9J08_04385	633.589170281749	670.420743144912	467.512900383171	474.99890643639
B9J08_04384	605.711246789352	634.740087347284	618.907098266927	654.94278185519
B9J08_04383	5296.80546355542	5461.9572309159	5956.74277962753	6057.22839461224
B9J08_04382	1823.89202485106	1804.69001165899	2087.14516830939	1929.10419382801
B9J08_04381	10855.4944508273	10567.1079038555	10548.0812840016	10632.5660504814
B9J08_04380	423.237565748208	416.9002940565	368.487764660463	362.53398429964
B9J08_04379	4600.70216180587	4842.24057758867	4149.53405268811	4378.19326294712
B9J08_04378	718.067726319316	697.65071730626	662.706677528894	640.388497813963
B9J08_04377	0	0	2.85649429969351	0
B9J08_04376	39.7049213376563	44.1313374339088	40.9430849622736	41.0166186616381
B9J08_04375	967.279466630137	1028.16626574745	1094.98948154918	1061.13961827851
B9J08_04374	214.575532335419	215.022899412024	201.858930511675	219.637377349417
B9J08_04373	5.91349892262966	4.69482313126689	0.952164766564503	0
B9J08_04372	760.307004338099	757.744453386476	617.002768733798	682.728233206622
B9J08_04371	1838.25337937745	1808.44587016401	1619.63226792622	1634.04916281042
B9J08_04370	7249.94967914396	6804.67664645823	6792.74344467117	6722.75611031559
B9J08_04369	9.29264116413232	12.2065401412939	9.52164766564503	6.61558365510293
B9J08_04368	859.146914902052	767.13409964901	686.510796693007	643.034731276004
B9J08_04367	240.763884707065	244.130802825878	258.988816505545	264.623346204117
B9J08_04366	903.920549601962	909.856722839523	804.579227747005	760.792120336837
B9J08_04365	1237.61084595035	1288.25946721963	1160.68885044213	1058.49338481647
B9J08_04364	339.603795271017	318.309008299895	231.376038275174	216.991143887376
B9J08_04363	6057.11246789352	5784.02209772081	5716.79725845328	5960.64087324774
B9J08_04362	739.187365328707	760.561347265236	810.292216346392	756.822770143775
B9J08_04361	767.065288821104	772.76788740653	862.66127850744	834.886657273989
B9J08_04360	4650.54450986804	4658.20351084301	5163.5895290793	5150.89343386314
B9J08_04359	593.039463383717	607.510113185936	642.71121743104	660.235248779272
B9J08_04358	1998.76263584882	2095.76904579754	1988.12003258668	2011.13743115129
B9J08_04357	0	0	0	0
B9J08_04356	355.654720918155	365.257239612564	259.940981272109	300.347497941673
B9J08_04355	1886.40615631886	1901.40336816309	1796.73491450722	2290.31506139663
B9J08_04354	500.95783730277	589.669785287121	802.674898213876	955.290279796863
B9J08_04353	1755.46439446063	1709.8545844074	1772.93079534311	1701.52811609247
B9J08_04352	429.151064670838	437.557515834074	460.84774701722	431.336054312711
B9J08_04351	1689.57112075133	1634.73741430713	1556.78939333296	1466.01333797081
B9J08_04350	3858.98043979604	3783.08847917486	4149.53405268811	3762.94398302254
B9J08_04349	765.375717700353	681.688318659953	530.355774976428	596.725645690284
B9J08_04348	0.844785560375665	0	0	0
B9J08_04347	1174.25192892217	1217.83712025063	1391.11272395074	1397.21126795774
B9J08_04346	1405.72317246511	1360.55974344114	1234.0055374676	1209.32869215281
B9J08_04345	616.693459074236	609.388042438442	608.433285834718	513.369291635987
B9J08_04344	756.927862096596	840.373340496773	884.561068138424	897.073143631957
B9J08_04343	877.732197230316	888.260536435696	971.208061895793	809.747439384598
B9J08_04342	348.051650874774	336.149336198709	274.223452770577	285.793213900446
B9J08_04341	1534.13057764221	1692.95322113484	1552.9807342667	1415.73490219203
B9J08_04340	64464.7413267066	63119.0801060046	63297.0571869085	69909.5187169347
B9J08_04339	841.406418134163	928.636015364591	892.17838627094	1047.9084509683
B9J08_04338	1995.38349360732	1838.49273820411	1811.01738600569	1856.33277362188
B9J08_04337	883.645696152946	920.185333728311	897.891374870327	819.009256501742
B9J08_04336	635.2787414025	701.406575811273	378.009412326108	354.595283913517
B9J08_04335	3847.15344195078	3926.75006699163	4294.26309720591	4244.55847311404
B9J08_04334	753.548719855094	807.509578577905	739.832023620619	777.992637840104
B9J08_04333	1902.457081966	1998.11672466719	2627.02259095146	2475.55140373952
B9J08_04332	993.467819001782	914.55154597079	706.506256790861	772.700170916022
B9J08_04331	1740.25825437387	1733.32870006374	1859.57778910048	1765.03771918146
B9J08_04330	4822.88076418467	5103.27274368711	4599.90798727312	4863.77710323167
B9J08_04329	3626.66441069273	3654.45032537815	3548.7180849859	3728.54294801601
B9J08_04328	3729.72824905856	3920.17731460785	3586.80467564848	3665.03334492702
B9J08_04327	936.022400896237	939.903590879631	1058.80722041973	1133.91103848464
B9J08_04326	4089.6068977786	3956.79693503174	3837.22400925495	3974.64265998584
B9J08_04325	1833.18466601519	1795.30036539646	1959.55508958975	2009.81431442027
B9J08_04324	504.336979544272	545.538447853213	398.957037190527	403.550602961279
B9J08_04323	4479.89782667215	4261.96043856408	3577.28302798284	3827.77670284255
B9J08_04322	740.876936449459	808.448543204159	657.945853696072	648.327198200087
B9J08_04321	1949.76507334704	2019.71291107102	2077.62352064375	2290.31506139663
B9J08_04320	3041.2280173524	3005.62576863706	3243.0731949187	3463.91960181189
B9J08_04319	968.969037750888	999.058362333594	979.777544794874	996.306898458501
B9J08_04318	471.390342689621	515.491579813105	490.364854780719	485.583840284555
B9J08_04317	2759.06964018692	2744.59360253862	2847.92481679443	2857.93213900446
B9J08_04316	1616.91956255902	1589.66711224697	1705.32709691703	1767.6839526435
B9J08_04315	2588.42295699104	2581.21375757054	2522.28446662937	2599.92437645545
B9J08_04314	5.06871336225399	5.63378775752027	0.952164766564503	3.96935019306176
B9J08_04313	1319.55504530679	1166.1940658067	1181.63647530655	1102.15623694015
B9J08_04312	782.271428907866	1022.53247798993	1057.85505565316	1229.17544311812
B9J08_04311	2078.17247852414	2275.11128941194	2121.42309990571	2228.12857503867
B9J08_04310	6712.66606274504	6736.13222874173	7781.09047236512	7680.6926235745
B9J08_04309	2402.57013370839	2101.40283355506	2290.9084283542	2446.44283565706
B9J08_04308	1140.46050650715	1251.63984679575	1569.1675352983	1548.04657529408
B9J08_04307	2447.3437684083	2456.33146227884	2527.99745522876	2666.08021300648
B9J08_04306	1530.75143540071	1553.98645644934	1641.5320575572	1700.20499936145
B9J08_04305	751.859148734342	740.843090113915	618.907098266927	579.525128187016
B9J08_04304	329.46636854651	336.149336198709	302.788395767512	309.609315058817
B9J08_04303	0.844785560375665	0	1.90432953312901	1.32311673102059
B9J08_04302	2857.90955075088	2828.16145427517	2368.03377444592	2574.78515856606
B9J08_04301	1603.40299359301	1690.13632725608	1546.31558090075	1630.07981261736
B9J08_04300	1680.2784795872	1875.112358628	1562.50238193235	1918.51925997985
B9J08_04299	565.16153989132	484.505747146743	613.19410966754	657.589015317231
B9J08_04298	1113.42736857513	1042.25073514125	1197.82327633815	1030.70793346504
B9J08_04297	873.508269428438	787.791321426584	708.410586323991	658.912132048251
B9J08_04296	1737.72389769274	1657.27256533721	1540.60259230137	1643.31097992757
B9J08_04295	1252.81698603711	1221.59297875564	1215.91440690287	1161.69648983607
B9J08_04294	1145.5292198694	1182.156464453	1086.4199986501	1141.84973887077
B9J08_04293	1892.31965524149	2049.75977911112	2277.57812162229	2233.42104196275
B9J08_04292	1462.32380501028	1264.7853515633	1280.66161102926	1344.28659871691
B9J08_04291	1659.15884057781	1725.81698305371	1950.0334419241	1939.68912767618
B9J08_04290	804.235853477633	764.31720577025	760.779648485038	739.622252640507
B9J08_04289	6801.36854658448	6602.79925181375	6581.36286649385	6128.67669808735
B9J08_04288	5.91349892262966	4.69482313126689	4.76082383282252	7.93870038612351
B9J08_04287	1684.50240738908	1736.1455939425	1351.12180375503	1598.32501107287
B9J08_04286	106.442980607334	110.797825897899	75.2210165585958	80.7101205922557
B9J08_04285	1819.66809704918	1856.33306610293	1661.52751765506	1733.28291763697
B9J08_04284	1883.02701407736	1918.30473143565	1811.01738600569	1833.83978919453
B9J08_04283	1934.55893326027	1838.49273820411	1792.92625544096	1825.90108880841
B9J08_04282	645.416168127008	596.242537670895	578.916178071218	591.433178766202
B9J08_04281	1015.43224357155	1040.37280588874	1010.24681732494	1132.58792175362
B9J08_04280	2679.65979751161	2691.07261884218	3411.60635860062	3383.20948121964
B9J08_04279	658.932737093019	717.368974457581	765.540472317861	747.560953026631
B9J08_04278	1651.55577053443	1598.11779388325	1413.01251358172	1513.64554028755
B9J08_04277	169.801897635509	156.807092584314	165.676669382224	182.590108880841
B9J08_04276	2299.50629534256	2247.88131525059	2228.06555376094	2327.36232986521
B9J08_04275	419.858423506706	442.252338965341	435.139298319978	471.029556243328
B9J08_04274	1251.97220047674	1266.66328081581	1021.67279452371	894.426910169916
B9J08_04273	5318.76988812519	4951.16047423406	4796.0539291854	4780.42074917738
B9J08_04272	1236.76606038997	1232.86055427069	1065.47237378568	1217.26739253894
B9J08_04271	2980.40345700535	2964.31132508191	2637.49640338367	2554.93840760075
B9J08_04270	43552.9195651674	43184.8610906454	44145.2150722301	49509.7049580593
B9J08_04269	854.922987100173	867.603314658121	767.44480185099	838.856007467051
B9J08_04268	8182.59293779869	8001.85654493129	8220.99059451792	9431.17605871473
B9J08_04267	584.59160777996	620.655617953483	595.102979102815	550.416560104563
B9J08_04266	2003.83134921108	2003.75051242471	1794.83058497409	1653.89591377573
B9J08_04265	47674.6283142403	47248.69999307	50055.3017782959	48857.4084096661
B9J08_04264	1144.68443430903	1126.75755150405	1055.95072612003	1028.06170000299
B9J08_04263	6155.1075928971	6587.7758177937	10522.3728353043	11583.8869800852
B9J08_04262	232.316029103308	256.337342967172	210.428413410755	255.361529086973
B9J08_04261	2306.26457982557	2309.85298058331	2561.32322205851	2586.69320914524
B9J08_04260	3575.13249150982	3691.06994580203	4083.83468379515	4083.13823192953
B9J08_04259	326.087226305007	315.492114421135	320.879526332238	301.670614672693
B9J08_04258	1856.83866170571	1934.26713008196	3269.7338083825	3407.02558237801
B9J08_04257	0	0	0	0
B9J08_04256	2262.33573068603	2174.64207440282	1902.42520359588	1903.96497593862
B9J08_04255	1264.64398388237	1244.12812978573	1267.33130429735	1260.93024466262
B9J08_04254	1767.29139230589	1921.12162531441	2148.08371336952	2246.65220927295
B9J08_04253	1729.27604208899	1740.84041707376	1822.44336320446	1569.21644299041
B9J08_04252	1713.22511644185	1780.2769313764	1807.20872693943	1799.438754188
B9J08_04251	14355.4410274637	13982.1222495391	12122.9618078993	13354.2171661908
B9J08_04250	4937.77160039576	4939.89289871902	4677.03333336484	4759.25088148105
B9J08_04249	2540.27018004963	2470.41593167264	3230.69505295336	3146.37158636695
B9J08_04248	4784.02062840739	4358.67379506818	4695.12446392957	4515.79740297326
B9J08_04247	2038.46755718648	1969.94778587959	1752.93533524525	1845.74783977372
B9J08_04246	550.800185364934	543.660518600706	549.399070307718	464.413972588225
B9J08_04245	6461.76475131346	6286.36817276637	7035.54546014512	7557.64276758958
B9J08_04244	491.665196138637	491.078499530517	485.604030947897	513.369291635987
B9J08_04243	3837.86080078665	3818.76913497249	3489.68386945891	3635.92477684457
B9J08_04242	13110.22711147	12938.9325497716	11303.1479438872	11885.5575947579
B9J08_04241	1556.93978777235	1409.38590400632	1226.38821933508	1290.03881274507
B9J08_04240	561.782397649817	538.965695469439	418.000332521817	474.99890643639
B9J08_04239	1643.10791493067	1485.44203873284	1387.30406488448	1321.79361428956
B9J08_04238	4822.88076418467	4675.10487411557	4371.38844329763	4372.90079602303
B9J08_04237	492.509981699013	503.285039671811	485.604030947897	542.47785971844
B9J08_04236	4970.71823725041	4735.19861019579	5426.3870046511	5345.39159332316
B9J08_04235	1709.84597420035	1661.96738846848	1787.21326684157	1746.51408494717
B9J08_04234	3546.40978245704	3525.81217158143	4272.36330757493	4391.42443025732
B9J08_04233	2741.32914341903	2435.67424050126	2508.0019951309	2302.22311197582
B9J08_04232	23476.5907228397	23498.528736617	23904.0964646019	24161.4346251669
B9J08_04231	1343.20904099731	1398.11832849128	1414.91684311485	1382.65698391651
B9J08_04230	823.665921366274	871.359173163135	865.517772807134	837.53289073603
B9J08_04229	4138.60446028038	4164.30811743373	4097.16499052706	4080.49199846749
B9J08_04228	4.22392780187833	4.69482313126689	1.90432953312901	0
B9J08_04227	4686.02550340382	5115.4792838284	7095.53184043868	7558.9658843206
B9J08_04226	1008.67395908854	850.701951385561	924.551988334133	939.412879024616
B9J08_04225	0	0	1.90432953312901	0
B9J08_04224	906.454906283089	808.448543204159	568.442365639008	555.709027028646
B9J08_04223	12331.3348248036	12023.4420391745	9337.87986569809	9243.29348290981
B9J08_04222	1172.56235780142	1168.0719950592	1041.66825462157	1172.28142368424
B9J08_04221	3765.20924259434	3235.67210206914	2740.33019817264	2744.14410013669
B9J08_04220	729.894724164575	755.866524133969	587.485660970299	600.694995883346
B9J08_04219	59284.5162704831	56831.772968612	56514.7875546695	59524.3754951541
B9J08_04218	1067.80894831484	1015.95972560616	1047.38124322095	1055.84715135443
B9J08_04217	369.171289884166	363.379310360057	401.81353149022	472.352672974349
B9J08_04216	497.578695061267	420.656152561513	416.096002988688	378.411385071887
B9J08_04215	790.719284511623	853.518845264321	859.804784207747	837.53289073603
B9J08_04214	541.507544200801	524.881226075638	498.9343376798	550.416560104563
B9J08_04213	2398.34620590651	2438.49113438002	2280.43461592199	2291.63817812765
B9J08_04212	1094.84208624686	1215.02022637187	1719.60956841549	1681.68136512716
B9J08_04211	1497.80479854605	1584.03332448945	1509.18115500474	1589.06319395572
B9J08_04210	375.929574367171	381.219638258871	375.152918026414	365.180217761682
B9J08_04209	337.914224150266	316.431079047388	230.42387350861	280.500746976364
B9J08_04208	2226.85473715025	2066.66114238369	2156.6531962686	2146.09533771539
B9J08_04207	71455.3418388153	71118.1197570571	69450.8980732149	80994.5906894251
B9J08_04206	146.14790194499	129.577118422966	139.016055918417	165.389591377573
B9J08_04205	463.78727264624	442.252338965341	690.319455759265	747.560953026631
B9J08_04204	89.5472693998205	71.3613115952567	98.0729709561438	62.1864863579675
B9J08_04203	641.19224032513	675.115566276179	671.276160427975	694.636283785807
B9J08_04202	1892.31965524149	1938.02298858697	2094.76248644191	2324.71609640317
B9J08_04201	0	0	0	1.32311673102059
B9J08_04200	384.377429970928	366.196204238817	274.223452770577	381.057618533929
B9J08_04199	0	0.938964626253378	0.952164766564503	0
B9J08_04198	995.157390122534	922.063262980817	463.704241316913	514.692408367008
B9J08_04197	3846.3086563904	3801.86777169993	3667.73868080647	4138.70913463239
B9J08_04196	2438.05112724417	2378.39739829981	2620.35743758551	2730.91293282649
B9J08_04195	1485.9778007008	1315.48944138098	1450.14693947774	1452.7821706606
B9J08_04194	21.1196390093916	25.3520449088412	21.8997896309836	39.6935019306176
B9J08_04193	1766.44660674552	1959.6191749908	2073.81486157749	1993.93691364802
B9J08_04192	414.789710144452	450.703020601621	443.708781219059	471.029556243328
B9J08_04191	2.534356681127	1.87792925250676	18.0911305647256	9.2618171171441
B9J08_04190	925.884974171729	911.73465209203	921.695494034439	942.059112486657
B9J08_04189	535.594045278172	553.05016486324	593.198649569686	653.619665124169
B9J08_04188	403.807497859568	399.059966157686	443.708781219059	361.21086756862
B9J08_04187	3537.96192685329	3497.64323279383	3147.85671826225	3350.13156294412
B9J08_04186	1032.32795477906	1110.79515285775	1056.9028908866	1006.89183230667
B9J08_04185	713.843798517437	663.847990761138	685.558631926442	665.527715703354
B9J08_04184	956.297254345253	929.574979990844	714.123574923378	735.652902447445
B9J08_04183	4283.907576665	5461.9572309159	11432.64235214	12438.6203883245
B9J08_04182	825.355492487025	804.692684699145	787.440261948844	764.761470529898
B9J08_04181	1266.33355500312	1240.37227128071	1224.48388980195	1366.77958314426
B9J08_04180	8604.98571798653	8411.24512197776	8623.75629077471	8659.79900452973
B9J08_04179	287.227090527726	315.492114421135	285.649429969351	333.425416217187
B9J08_04178	2844.39298178487	2615.01648411566	2266.15214442352	2499.36750489789
B9J08_04177	832.958562530406	850.701951385561	914.078175901923	969.844563838089
B9J08_04176	0.844785560375665	0.938964626253378	2.85649429969351	5.29246692408234
B9J08_04175	6.75828448300532	3.75585850501351	0.952164766564503	0
B9J08_04174	26.1883523716456	42.253408181402	54.2733916941767	46.3090855857205
B9J08_04173	0	2.81689387876013	2.85649429969351	0
B9J08_04172	1657.46926945706	1568.07092584314	1258.76182139827	1329.73231467569
B9J08_04171	163.888398712879	184.037066745662	99.0251357227084	103.203105019606
B9J08_04170	5.91349892262966	4.69482313126689	12.3781419653385	10.5849338481647
B9J08_04169	0.844785560375665	0	0.952164766564503	1.32311673102059
B9J08_04168	2570.68246022315	2551.16688953043	2323.28203041739	2359.1171314097
B9J08_04167	3902.90928893557	3573.69936752036	3299.250916146	3065.6614657747
B9J08_04166	2946.61203459032	2928.63066928429	2934.5718105518	2803.68435303262
B9J08_04165	3653.69754862475	3804.68466557869	3861.98029318563	3612.1086756862
B9J08_04164	467.166414887743	513.613650560598	615.098439200669	531.892925870275
B9J08_04163	935.177615335862	924.880156859577	366.583435127334	402.227486230258
B9J08_04162	2141.53139555231	2033.79738046482	2268.05647395665	2311.48492909296
B9J08_04161	603.176890108225	584.974962155855	510.360314878574	594.079412228243
B9J08_04160	6.75828448300532	3.75585850501351	1.90432953312901	3.96935019306176
B9J08_04159	8.44785560375665	11.2675755150405	16.1868010315966	10.5849338481647
B9J08_04158	290.606232769229	315.492114421135	284.697265202787	236.837894852685
B9J08_04157	1952.29943002816	2013.14015868724	1835.77366993636	1791.50005380187
B9J08_04156	1137.08136426565	1165.25510118044	1397.77787731669	1354.87153256508
B9J08_04155	2759.06964018692	2870.41486245658	3658.21703314082	3997.13564441319
B9J08_04154	915.747547447221	943.659449384645	668.419666128281	674.789532820498
B9J08_04153	1228.31820478622	1307.97772437096	1301.60923589368	1267.54582831772
B9J08_04152	4239.97872752546	4218.76806575643	3770.57247559543	3405.70246564699
B9J08_04151	189.231965524149	181.220172866902	179.959140880691	220.960494080438
B9J08_04150	7653.75717700353	7807.49086729684	7436.40682686877	8020.73362344679
B9J08_04149	303.278016174864	317.370043673642	221.854390609529	244.776595238808
B9J08_04148	4481.5873977929	4309.84763450301	4098.11715529362	4428.4716987259
B9J08_04147	666.5358071364	663.847990761138	659.850183229201	661.558365510293
B9J08_04146	1975.10864015831	1823.46930418406	1351.12180375503	1450.13593719856
B9J08_04145	326.087226305007	346.477947087497	317.07086726598	329.456066024126
B9J08_04144	330.311154106885	314.553149794882	331.353338764447	347.979700258414
B9J08_04143	2389.89835030276	2451.63663914757	1872.90809583238	1976.73639614475
B9J08_04142	4028.78233743155	4052.57132690958	3967.67058227429	3499.64375354945
B9J08_04141	1153.13228991278	1303.28290123969	1365.4042752535	1211.97492561486
B9J08_04140	118.269978452593	135.210906180486	201.858930511675	195.821276191047
B9J08_04139	445.201990317976	462.909560742915	451.326099351575	422.074237195567
B9J08_04138	3105.43171994095	2913.60723526423	3590.61333471474	3154.31028675308
B9J08_04137	0.844785560375665	1.87792925250676	0	0
B9J08_04136	31329.7172920919	29359.5459336906	32175.5517917477	31864.6202331688
B9J08_04135	411.410567902949	418.778223309007	283.745100436222	230.222311197582
B9J08_04134	2708.38250656438	2610.32166098439	2546.08858579348	2566.84645817994
B9J08_04133	1081.32551728085	1246.94502366449	1206.39275923723	1090.24818636096
B9J08_04132	4532.27453141544	4576.51358835896	4286.64577907339	3863.50085458011
B9J08_04131	2460.01555181394	2645.06335215577	3035.50127580764	3024.64484711306
B9J08_04130	2880.71876088102	2969.94511283943	2972.65840121438	3039.19913115428
B9J08_04129	3945.14856695436	4214.07324262516	4185.71631381756	3802.63748495316
B9J08_04128	1666.76191062119	1639.4322374384	1592.01948969585	1496.44502278428
B9J08_04127	2578.28553026653	2605.62683785312	2766.99081163645	2581.40074222116
B9J08_04126	624.296529117617	543.660518600706	614.146274434105	599.371879152325
B9J08_04125	827.045063607776	885.443642556936	891.226221504375	830.917307080928
B9J08_04124	1708.1564030796	1858.21099535544	2110.9492874735	1755.77590206432
B9J08_04123	1169.18321555992	1215.02022637187	1326.36551982435	1164.34272329812
B9J08_04122	66368.043194233	73965.9994684836	123479.583422384	110955.245946655
B9J08_04121	2725.2782177719	2864.78107469906	3428.74532439878	3520.81362124578
B9J08_04120	30355.6795409788	30798.0397411108	32253.629302606	29330.8516932643
B9J08_04119	851.543844858671	977.462175929767	923.599823567568	936.766645562574
B9J08_04118	1611.00606363639	1669.47910547851	1671.0491653207	1672.41954801002
B9J08_04117	3902.90928893557	4058.2051146671	4838.90134368081	4858.48463630759
B9J08_04116	2181.23631688997	2163.37449888778	2723.19123237448	2983.62822845142
B9J08_04115	1584.81771126475	1807.50690553775	2491.81519409931	2449.0890691191
B9J08_04114	2189.68417249372	2361.49603502725	1968.12457248883	1507.02995663245
B9J08_04113	68169.1260089539	72872.1056788984	88304.7126159586	82657.748420318
B9J08_04112	1327.15811535017	1546.47473943931	1798.63924404035	1640.66474646553
B9J08_04111	23666.6674739243	23767.0726197255	24095.4815826813	22740.4072560508
B9J08_04110	580.367679978082	569.9515281358	714.123574923378	759.469003605816
B9J08_04109	10537.0102945657	13777.4279610158	33025.8349282898	31606.6124706197
B9J08_04108	18085.1692765222	18650.6543712708	19746.9450937812	20169.5914476778
B9J08_04107	2213.33816818424	2246.00338599808	2019.54146988331	2331.33168005827
B9J08_04106	2030.01970158272	2413.13908947118	3367.80677933865	3475.82765239108
B9J08_04105	2603.6290970778	2646.00231678202	2898.38954942235	2674.0189133926
B9J08_04104	3804.914163932	3972.75933367804	3937.20130974422	3647.83282742375
B9J08_04103	4486.65611115516	4470.41058559233	4338.06267646788	4106.9543330879
B9J08_04102	2009.74484813371	2184.97068529161	2528.94961999532	2336.62414698235
B9J08_04101	4195.20509282555	4048.81546840457	4739.8762079581	4621.6467414549
B9J08_04100	8164.85244103081	8322.04348248369	8963.67911243823	9040.85662306366
B9J08_04099	2512.39225655723	2438.49113438002	2499.43251223182	2517.89113913217
B9J08_04098	541.507544200801	621.594582579736	571.298859938702	518.661758560069
B9J08_04097	2305.41979426519	2198.11619005916	2097.6189807416	2298.25376178276
B9J08_04096	6693.2359948564	6690.12296205532	6682.29233174968	6777.00389628744
B9J08_04095	1725.05211428711	1661.96738846848	1838.63016423606	1778.26888649167
B9J08_04094	926.729759732105	885.443642556936	872.182926173085	858.70275843236
B9J08_04093	2900.14882876966	2799.05355086132	1889.09489686397	1788.85382033983
B9J08_04092	729.894724164575	777.462710537797	671.276160427975	605.987462807428
B9J08_04091	762.841361019226	805.631649325398	655.089359396378	584.817595111099
B9J08_04090	25734.7025257239	25912.6067907145	25839.8474350275	26954.5340443514
B9J08_04089	8755.3575477334	9747.39178513632	9214.0984460447	10008.0549534397
B9J08_04088	3714.5221089718	3779.33262066985	3286.87277418067	3272.06767581391
B9J08_04087	1115.11693969588	1245.06709441198	1384.44757058479	1431.61230296427
B9J08_04086	430.840635791589	506.101933550571	523.690621610477	510.723058173946
B9J08_04085	414.789710144452	400.937895410192	387.531059991753	366.503334492702
B9J08_04084	17793.7182581926	17368.0286918087	12380.9984596382	12989.0369484291
B9J08_04083	2424.53455827816	2947.40996180935	3527.77046012149	3448.04220103965
B9J08_04082	420.703209067081	504.224004298064	331.353338764447	362.53398429964
B9J08_04081	88.7024838394449	123.004366039193	146.633374050934	168.035824839614
B9J08_04080	142.768759703487	138.9667646855	166.628834148788	164.066474646553
B9J08_04079	538.128401959299	615.021830195963	537.973093108944	534.539159332316
B9J08_04078	501.802622863145	512.674685934344	710.31491585712	673.466416089478
B9J08_04077	66.7380592696776	47.8871959389223	47.6082383282252	38.370385199597
B9J08_04076	397.893998936938	416.9002940565	316.118702499415	374.442034878826
B9J08_04075	1400.65445910285	1444.1275951777	1731.98771038083	1753.12966860228
B9J08_04074	1792.63495911716	1646.94395444843	1300.65707112711	1307.23933024834
B9J08_04073	339.603795271017	321.125902178655	351.348798862302	292.408797555549
B9J08_04072	32.9466368546509	21.5961864038277	10.4738124322095	10.5849338481647
B9J08_04071	15722.3040641515	15371.7898963941	17845.4720549519	18491.8794327437
B9J08_04070	56.6006325451696	41.3144435551486	44.7517440285317	41.0166186616381
B9J08_04069	4071.86640101071	4070.41165480839	4339.01484123444	4243.23535638302
B9J08_04068	429.995850231214	492.956428783024	471.321559449429	469.706439512308
B9J08_04067	6003.04619202948	6187.77688700976	5925.3213423309	5882.57698611752
B9J08_04066	1929.49021989802	1890.13579264805	1539.6504275348	1534.81540798388
B9J08_04065	1.68957112075133	3.75585850501351	1.90432953312901	2.64623346204117
B9J08_04064	2502.25482983272	2534.26552625787	2663.20485208092	2832.79292111507
B9J08_04063	0	0	0	0
B9J08_04062	1711.5355453211	1701.40390277112	1982.4070439873	1712.11304994064
B9J08_04061	1205.50899465607	1280.74775020961	1129.2674131455	1159.05025637403
B9J08_04060	3962.04427816187	3716.42199071087	4205.71177391541	4059.32213077116
B9J08_04059	1213.95685025983	1298.58807810842	1294.94408252772	1144.49597233281
B9J08_04058	2126.32525546555	2040.37013284859	2283.29111022168	2434.53478507788
B9J08_04057	890.403980635951	872.298137789388	821.718193545166	731.683552254384
B9J08_04056	20.274853449016	15.9623986463074	23.8041191641126	14.5542840412264
B9J08_04055	110.666908409212	120.187472160432	133.30306731903	165.389591377573
B9J08_04054	12.671783405635	19.7182571513209	12.3781419653385	11.9080505791853
B9J08_04053	1728.43125652861	1656.33360071096	1711.99225028298	1549.36969202511
B9J08_04052	1725.89689984748	1653.5167068322	1890.04706163054	1737.25226783003
B9J08_04051	641.19224032513	597.181502297148	496.077843380106	481.614490091493
B9J08_04050	593.039463383717	621.594582579736	669.371830894846	620.541746848654
B9J08_04049	1067.80894831484	1196.2409338468	1134.02823697832	1090.24818636096
B9J08_04048	7216.15825672893	7058.19709554664	6077.66770498123	6304.65122331309
B9J08_04047	299.898873933361	289.20110488604	309.453549133464	289.762564093508
B9J08_04046	3475.44779538549	4020.64652961696	2873.63326549167	3454.65778469475
B9J08_04045	739.187365328707	741.782054740169	994.060016293342	1159.05025637403
B9J08_04044	22085.228904901	21951.1150325515	21216.1353285903	21894.9356649286
B9J08_04043	1724.20732872673	2018.77394644476	2995.51035561193	2930.7035592106
B9J08_04042	12.671783405635	12.2065401412939	17.1389657981611	13.2311673102059
B9J08_04041	1543.42321880634	1443.18863055144	1407.29952498234	1468.65957143285
B9J08_04040	614.159102393109	676.993495528686	774.109955216941	841.502240929092
B9J08_04039	81.9441993564395	69.48338234275	40.9430849622736	41.0166186616381
B9J08_04038	702.016800672178	667.603849266152	387.531059991753	333.425416217187
B9J08_04037	1333.91639983318	1276.99189170459	1012.15114685807	969.844563838089
B9J08_04036	8218.91871689485	8269.4614634135	11186.0316775998	11370.8651863909
B9J08_04035	18567.5418314968	16547.3736084633	18362.4975231964	14097.8087690243
B9J08_04034	104.753409486582	96.7133565040979	94.2643118898858	96.5875213645027
B9J08_04033	58647.5479579598	58635.5240156447	57816.3967905632	59626.2554834427
B9J08_04032	1330.53725759167	1301.40497198718	1273.99645766331	1290.03881274507
B9J08_04031	320.173727382377	280.75042324976	119.972760587127	92.618171171441
B9J08_04030	15.206140086762	12.2065401412939	18.0911305647256	11.9080505791853
B9J08_04029	1502.87351190831	1521.12269453047	1402.53870114951	1499.09125624632
B9J08_04028	49358.285936069	47650.5768531064	46616.082641465	46653.0959357858
B9J08_04027	40963.651822616	38543.5589430749	37737.146193251	35970.2514495256
B9J08_04026	1083.85987396198	1148.35373790788	1672.95349485383	1542.75410837
B9J08_04025	266.95223707871	234.741156563345	235.184697341432	181.26699214982
B9J08_04024	5935.46334719942	5452.56758465337	5747.26653098334	5812.45179937343
B9J08_04023	556.713684287564	592.486679165882	702.697597724603	616.572396655593
B9J08_04022	114.89083621109	113.614719776659	152.346362650321	156.127774260429
B9J08_04021	17759.0820502172	18610.278892342	20505.8204127331	24633.7872981413
B9J08_04020	2058.7424106355	1943.65677634449	2129.99258280479	1794.14628726391
B9J08_04019	734.963437526829	760.561347265236	663.658842295459	561.001493952728
B9J08_04018	1014.58745801117	1060.09106304006	922.647658801004	1008.21494903769
B9J08_04017	2492.11740310821	2477.92764868266	2467.05891016863	2631.67917799994
B9J08_04016	1052.60280822808	1056.33520453505	755.066659885651	726.391085330301
B9J08_04015	4560.99724046822	4274.16697870538	4567.53438520992	4887.59320439004
B9J08_04014	113.201265090339	97.6523211303513	67.6036984260797	54.247785971844
B9J08_04013	1225.78384810509	1230.04366039193	1092.13298724949	1069.07831866463
B9J08_04012	4141.13881696151	4059.14407929335	3914.34935534667	4079.16888173646
B9J08_04011	21085.8475869766	21111.680656681	21315.160464313	23419.1661390644
B9J08_04010	1436.13545263863	1379.33903596621	1571.07186483143	1581.1244935696
B9J08_04009	1175.09671448255	1046.94555827252	786.48809718228	755.499653412754
B9J08_04008	4485.81132559478	4338.95553791686	4755.11084422313	5207.78745329702
B9J08_04007	4152.96581480677	4122.99367387858	5827.24837137476	6078.39826230857
B9J08_04006	10166.9942191211	10199.9727349904	11170.7970413348	12046.9778359424
B9J08_04005	351.430793116277	361.501381107551	215.189237243578	202.43685984615
B9J08_04004	4362.47263377994	4455.38715157228	3913.39719058011	4106.9543330879
B9J08_04003	4966.49430944854	4470.41058559233	4357.10597179917	4010.36681172339
B9J08_04002	1388.82746125759	1371.82731895619	926.456317867262	926.18171171441
B9J08_04001	0.844785560375665	0.938964626253378	0.952164766564503	0
B9J08_04000	272.86573600134	254.459413714665	171.389657981611	150.835307336347
B9J08_03999	1270.557482805	1231.92158964443	1303.51356542681	1287.39257928303
B9J08_03998	816.062851322893	770.889958154023	731.262540721539	676.112649551519
B9J08_03997	347.206865314398	322.064866804909	151.394197883756	129.665439640017
B9J08_03996	858.302129341676	799.997861567878	825.526852611424	849.440941315216
B9J08_03995	399.58357005769	465.726454621676	433.234968786849	497.49189086374
B9J08_03994	2.534356681127	0	0.952164766564503	1.32311673102059
B9J08_03993	4493.41439563816	4225.3408181402	4106.6866381927	4036.82914634381
B9J08_03992	4579.58252279648	4245.05907529152	4120.96910969117	3897.90188958664
B9J08_03991	1159.89057439579	1192.48507534179	1699.61410831764	1898.67250901454
B9J08_03990	1484.28822958004	1539.90198705554	1195.91894680502	1311.2086804414
B9J08_03989	4607.46044628888	4253.5097569278	4439.94430649028	4158.5558855977
B9J08_03988	464.632058206616	386.853426016392	360.870446527947	308.286198327796
B9J08_03987	1120.18565305813	1088.26000182767	1310.17871879276	1259.6071279316
B9J08_03986	5649.92582779245	5575.57195069256	3161.18702499415	3380.5632477576
B9J08_03985	424.082351308584	523.942261449385	615.098439200669	647.004081469066
B9J08_03984	2319.78114879158	2518.30312761156	2748.89968107172	2914.82615843835
B9J08_03983	1635.50484488729	1599.0567585095	1168.30616857465	1332.37854813773
B9J08_03982	90561.8568578317	87063.617040092	98236.7432959929	99774.9095695313
B9J08_03981	1366.86303668783	1478.86928634907	1522.51146173664	1480.56762201203
B9J08_03980	2854.53040850937	2471.35489629889	1665.33617672132	1590.38631068674
B9J08_03979	671.604520498654	646.946627488578	673.180489961104	599.371879152325
B9J08_03978	303.278016174864	334.271406946203	344.68364549635	305.639964865755
B9J08_03977	202.74853449016	244.130802825878	194.241612379159	187.882575804923
B9J08_03976	1470.77166061403	1545.53577481306	1862.43428340017	1845.74783977372
B9J08_03975	3971.336919326	3904.21491596155	3586.80467564848	3682.23386243029
B9J08_03974	0	0	0	0
B9J08_03973	604.866461228976	773.706852032784	1439.67312704553	1806.0543378431
B9J08_03972	2247.97437615965	2063.84424850492	1694.85328448482	1689.62006551329
B9J08_03971	1144.68443430903	1251.63984679575	1222.57956026882	1234.46791004221
B9J08_03970	4016.11055402591	4093.88577046473	4493.26553341789	4183.69510348709
B9J08_03969	803.391067917258	724.880691467608	530.355774976428	525.277342215172
B9J08_03968	783.116214468242	667.603849266152	457.039087950962	432.659171043731
B9J08_03967	12486.7753679127	11618.7482852593	11305.0522734203	11276.9238984884
B9J08_03966	1.68957112075133	6.57275238377365	5.71298859938702	3.96935019306176
B9J08_03965	1029.79359809794	1010.32593784863	1194.01461727189	1006.89183230667
B9J08_03964	224.712959059927	275.11663549224	119.972760587127	91.2950544404204
B9J08_03963	164.733184273255	170.891561978115	191.385118079465	189.205692535944
B9J08_03962	0.844785560375665	3.75585850501351	0.952164766564503	1.32311673102059
B9J08_03961	707.085514034432	734.270337730142	1265.42697476422	1342.96348198589
B9J08_03960	1467.39251837253	1442.24966592519	1346.36097992221	1299.30062986221
B9J08_03959	1182.69978452593	1103.28343584772	1024.52928882341	1112.74117078831
B9J08_03958	2487.89347530633	4054.44925616209	12733.2994232671	11631.519182402
B9J08_03957	1186.92371232781	1234.73848352319	1450.14693947774	1417.05801892305
B9J08_03956	2517.46096991948	2486.37833031895	2216.63957656216	2306.19246216888
B9J08_03955	0	0.938964626253378	0.952164766564503	2.64623346204117
B9J08_03954	3980.62956049014	4169.002940565	4017.18315013564	3981.25824364094
B9J08_03953	3095.29429321644	3557.73696887405	4069.55221229669	4478.75013450468
B9J08_03952	2879.02918976027	2697.64537122596	2701.2914427435	2635.64852819301
B9J08_03951	284.692733846599	285.445246381027	263.749640338367	268.592696397179
B9J08_03950	395.359642255811	422.53408181402	289.458089035609	392.965669113114
B9J08_03949	1752.93003777951	1894.83061577932	1499.65950733909	1471.30580489489
B9J08_03948	303.278016174864	291.079034138547	261.845310805238	219.637377349417
B9J08_03947	1338.14032763505	1012.20386710114	2438.49396717169	844.148474391133
B9J08_03946	1439.51459488013	1646.00498982217	450.37393458501	509.399941442925
B9J08_03945	157.974899790249	154.929163331807	77.1253460917248	76.7407703991939
B9J08_03944	209.506818973165	222.534616422051	162.82017508253	117.757389060832
B9J08_03943	365.792147642663	350.23380559251	218.045731543271	185.236342342882
B9J08_03942	3868.27308096017	3892.94734044651	3827.7023615893	3487.73570297026
B9J08_03941	599.797747866722	609.388042438442	475.130218515687	564.97084414579
B9J08_03940	11991.7310295326	11476.964626695	12527.6318336892	12146.211590769
B9J08_03939	2789.48192036045	2597.17615621684	1935.75097042564	1771.65330283656
B9J08_03938	704.551157353305	614.082865569709	640.806887897911	629.803563965799
B9J08_03937	2465.08426517619	2634.73474126698	3415.41501766687	3496.99752008741
B9J08_03936	1435.29066707826	1442.24966592519	1559.64588763266	1440.87412008142
B9J08_03935	1605.93735027414	1571.82678434815	1634.86690419125	1426.31983604019
B9J08_03934	794.098426753125	787.791321426584	724.597387355587	645.680964738046
B9J08_03933	204.438105610911	206.572217775743	97.1208061895793	120.403622522873
B9J08_03932	3717.05646565293	3717.36095533712	4358.05813656573	3900.54812304869
B9J08_03931	1086.39423064311	1113.61204673651	1241.62285560011	1255.63777773854
B9J08_03930	2338.36643111984	2232.85788123053	2043.34558904742	2128.89482021212
B9J08_03929	4762.05620383763	4742.71032720581	5512.08183364191	5748.94219628444
B9J08_03928	5782.55716077143	5968.99812909272	7334.52519684637	7430.62356141161
B9J08_03927	6405.16411876829	6653.50334163144	7378.32477610834	7683.33885703654
B9J08_03926	544.041900881929	520.186402944371	486.556195714461	463.090855857205
B9J08_03925	666.5358071364	742.721019366422	699.84110342491	624.511097041716
B9J08_03924	7.60307004338099	5.63378775752027	6.66515336595152	2.64623346204117
B9J08_03923	1003.60524572629	956.804954152192	1213.05791260318	1229.17544311812
B9J08_03922	1187.76849788819	1090.13793108017	1046.42907845439	1075.69390231974
B9J08_03921	4055.81547536357	3971.82036905179	3565.85705078406	3695.46502974049
B9J08_03920	127.562619616725	138.027800059247	124.73358441995	178.620758687779
B9J08_03919	2975.33474364309	3094.82740813113	2540.3755971941	2511.27555547707
B9J08_03918	1629.59134596466	1555.86438570185	1730.0833808477	1554.66215894919
B9J08_03917	728.205153043824	799.058896941625	623.66792209975	590.110062035181
B9J08_03916	4702.92121461133	4877.9212333863	4799.86258825166	4963.01085805822
B9J08_03915	1071.18809055634	1099.52757734271	1001.67733442586	961.905863451966
B9J08_03914	4190.1363794633	3976.51519218306	4060.03056463104	4239.26600618996
B9J08_03913	2645.02358953621	2546.47206639916	2607.02713085361	2834.11603784609
B9J08_03912	1367.7078222482	1370.88835432993	1490.13785967345	1439.5510033504
B9J08_03911	799.167140115379	828.166800355479	1370.16509908632	1516.29177374959
B9J08_03910	2176.16760352771	2246.00338599808	2017.63714035018	2103.75560232273
B9J08_03909	375.929574367171	372.768956622591	487.508360481026	452.50592200904
B9J08_03908	353.120364237028	364.318274986311	189.480788546336	195.821276191047
B9J08_03907	5333.13124265158	5042.24004298064	4952.20895090198	5238.2191381105
B9J08_03906	8849.97353049547	8661.94867718741	9479.75241591619	9636.25915202292
B9J08_03905	2447.3437684083	2388.72600918859	2766.99081163645	2904.24122459018
B9J08_03904	2181.23631688997	2317.36469759334	2302.33440555297	2282.37636101051
B9J08_03903	729.894724164575	627.228370337257	734.119035021232	664.204598972334
B9J08_03902	758.617433217348	741.782054740169	629.380910699137	702.574984171931
B9J08_03901	1532.44100652146	1518.30580065171	1471.09456434216	1679.03513166512
B9J08_03900	188.387179963773	186.853960624422	198.050271445417	219.637377349417
B9J08_03899	2599.40516927592	2415.95598334994	2286.14760452137	2369.70206525787
B9J08_03898	4165.63759821241	4108.90920448478	4019.08747966877	3929.65669113114
B9J08_03897	890.403980635951	787.791321426584	743.640682686877	973.813914031151
B9J08_03896	1072.03287611672	997.180433081088	1182.58864007311	1168.31207349118
B9J08_03895	5932.08420495792	5598.10710172264	6059.5765744165	6454.16341391842
B9J08_03894	3916.42585790158	3821.58602885125	3592.51766424787	3684.88009589233
B9J08_03893	3408.70973611581	3115.48462990871	2898.38954942235	2982.3051117204
B9J08_03892	575.298966615828	543.660518600706	666.515336595152	529.246692408234
B9J08_03891	5387.19751851562	5008.43731643552	5259.75817050232	5309.66744158561
B9J08_03890	1596.64470911001	1538.96302242929	1614.8714440934	1573.18579318348
B9J08_03889	958.83161102638	983.095963687287	990.251357227084	1033.35416692708
B9J08_03888	4102.27868118423	4286.37351884667	4150.48621745467	4173.11016963893
B9J08_03887	369.171289884166	344.60001783499	392.291883824575	407.51995315434
B9J08_03886	2421.15541603666	2280.74507716946	2564.17971635821	2582.72385895218
B9J08_03885	1160.73535995616	1292.9542903509	803.627062980441	755.499653412754
B9J08_03884	1236.76606038997	1250.7008821695	1367.30860478663	1307.23933024834
B9J08_03883	965.589895509386	916.429475223297	1140.69339034428	1186.83570772546
B9J08_03882	22048.0583402445	20417.7857978797	20112.576364142	21988.8769528311
B9J08_03881	934.332829775486	982.156999061034	831.239841210812	811.070556115619
B9J08_03880	0.844785560375665	0	0	0
B9J08_03879	0	0	0.952164766564503	0
B9J08_03878	0.844785560375665	0	0.952164766564503	0
B9J08_03877	0	0	0	0
B9J08_03876	8980.07050679332	8907.01844463955	9084.60403779193	9538.3485139274
B9J08_03875	6329.13341833449	6262.89405711003	7359.28148077705	7629.09107106469
B9J08_03874	9258.00495615692	8759.60099831776	7925.81951688293	8793.43379436281
B9J08_03873	63917.3202835832	60583.8756151205	64152.1011472834	63917.1230421424
B9J08_03872	3648.6288352625	3780.2715852961	3571.57003938345	3687.52632935437
B9J08_03871	32720.2343244703	33484.4175368217	7997.23187437526	8862.23586437588
B9J08_03870	80.2546282356882	83.5678517365507	9.52164766564503	25.1392178893911
B9J08_03869	1575.52507010062	1795.30036539646	2014.78064605049	2282.37636101051
B9J08_03868	4186.7572372218	4342.71139642187	4221.89857494701	4354.37716178875
B9J08_03867	707.930299594808	655.397309124858	521.786292077348	480.291373360472
B9J08_03866	1260.42005608049	1169.01095968546	1035.95526602218	1127.29545482954
B9J08_03865	627.675671359119	648.824556741084	1373.97375815258	1271.51517851078
B9J08_03864	2.534356681127	1.87792925250676	0.952164766564503	3.96935019306176
B9J08_03863	407.186640101071	363.379310360057	338.018492130399	367.826451223723
B9J08_03862	1017.96660025268	1046.00659364626	1185.44513437281	1149.78843925689
B9J08_03861	387.75657221243	376.524815127605	427.521980187462	477.645139898431
B9J08_03860	5512.22578145122	5530.5016486324	4484.69605051881	4777.77451571533
B9J08_03859	161.354042031752	138.027800059247	158.059351249708	152.158424067367
B9J08_03858	585.436393340336	592.486679165882	776.966449516635	858.70275843236
B9J08_03857	146.992687505366	165.257774220595	191.385118079465	164.066474646553
B9J08_03856	1059.36109271108	1222.5319433819	950.260437031374	1054.52403462341
B9J08_03855	1817.97852592843	1680.74668099355	1348.26530945534	1499.09125624632
B9J08_03854	469.70077156887	490.139534904263	369.439929427027	422.074237195567
B9J08_03853	634.433955842125	573.707386640814	656.041524162943	629.803563965799
B9J08_03852	6426.28375777769	6480.73385040082	6316.66106138892	7021.78049152625
B9J08_03851	811.838923521014	816.899224840439	836.952829810199	805.778089191536
B9J08_03850	1674.36498066457	1759.61970959883	1773.88296010967	1782.23823668473
B9J08_03849	1159.89057439579	1116.42894061527	1068.32886808537	1020.12299961687
B9J08_03848	10691.6060521144	11106.073599325	14893.761278602	15326.9842121425
B9J08_03847	1581.43856902325	1497.64857887414	1587.25866586303	1784.88447014677
B9J08_03846	9.29264116413232	6.57275238377365	6.66515336595152	14.5542840412264
B9J08_03845	3138.3783567956	3312.66720142192	4015.27882060251	4395.39378045038
B9J08_03844	699.482443991051	681.688318659953	617.954933500363	624.511097041716
B9J08_03843	63.3589170281749	61.971665332723	45.7039087950962	58.2171361649058
B9J08_03842	14287.8581826336	13047.8524464169	11417.407715875	11946.4209643849
B9J08_03841	56464.6220699491	55057.1298249931	60213.9476727726	63820.5355207779
B9J08_03840	4890.46360901473	5317.35667847288	6215.73159613308	5727.77232858811
B9J08_03839	87057.6863533934	84945.3128432644	90082.4042351345	94183.4182642383
B9J08_03838	683.431518343913	691.077964922486	806.483557280134	715.806151482137
B9J08_03837	1097.37644292799	1093.89378958519	1018.81630022402	924.858594983389
B9J08_03836	3197.51334602189	2861.9641808203	2787.93843650087	2666.08021300648
B9J08_03835	688.500231706167	654.458344498605	493.221349080413	502.784357787822
B9J08_03834	1819.66809704918	1789.66657763894	1904.32953312901	1898.67250901454
B9J08_03833	1320.39983086716	1226.28780188691	1071.18536238507	1038.64663385116
B9J08_03832	13139.7946060831	12831.8905823787	13171.2952158868	14398.156266966
B9J08_03831	937.711972016989	886.382607183189	890.274056737811	991.014431534418
B9J08_03830	3491.49872103262	3371.82197287588	3730.58155539972	3949.50344209645
B9J08_03829	596.41860562522	589.669785287121	256.132322205851	252.715295624932
B9J08_03828	813.528494641766	846.007128254294	822.670358311731	799.162505536434
B9J08_03827	360.723434280409	420.656152561513	378.961577092672	309.609315058817
B9J08_03826	3887.70314884881	3791.53916081114	2774.60812976896	2782.51448533629
B9J08_03825	336.224653029515	337.088300824963	167.580998915353	190.528809266964
B9J08_03824	1904.99143864713	1839.43170283037	1968.12457248883	1864.271474008
B9J08_03823	2360.33085568961	2215.95651795797	1292.08758822803	1418.38113565407
B9J08_03822	396.204427816187	458.214737611649	507.50382057888	410.166186616381
B9J08_03821	3097.82864989756	3030.9778135459	3080.25301983617	3114.61678482246
B9J08_03820	441.822848076473	467.604383874182	464.656406083478	490.876307208637
B9J08_03819	3806.60373505275	3962.43072278926	4087.64334286141	4076.52264827442
B9J08_03818	1699.70854747584	1779.33796675015	1809.11305647256	1800.76187091902
B9J08_03817	384.377429970928	382.158602885125	311.357878666593	329.456066024126
B9J08_03816	1171.71757224105	1184.03439370551	957.87775516389	918.243011328286
B9J08_03815	4445.26161869675	4230.03564127147	4504.69151061667	4558.13713836592
B9J08_03814	1108.35865521287	1093.89378958519	794.105415314796	821.655489963783
B9J08_03813	5472.52086011356	6555.85102050109	8327.63304837315	9840.01912860009
B9J08_03812	194.300678886403	199.060500765716	212.332742943884	205.083093308191
B9J08_03811	13062.9191200889	15853.478749662	33922.7741383936	38660.1477636905
B9J08_03810	14524.3981395388	14730.477056663	15261.2968784959	17482.341366975
B9J08_03809	914.05797632647	980.279069808527	861.709113740876	897.073143631957
B9J08_03808	1902.457081966	2098.5859396763	2683.20031217877	2978.33576152734
B9J08_03807	225.557744620303	212.206005533263	208.524083877626	215.668027156355
B9J08_03806	974.037751113142	975.58424667726	1056.9028908866	977.783264224213
B9J08_03805	958.83161102638	1021.59351336368	1071.18536238507	1051.87780116137
B9J08_03804	6774.33540865246	6505.1469306834	7249.78253262213	7457.08589603202
B9J08_03803	2084.08597744677	2058.2104607474	1877.6689196652	1855.00965689086
B9J08_03802	1380.37960565384	1324.87908764352	1273.99645766331	1151.11155598791
B9J08_03801	38055.0551382426	37302.247707168	37409.6015135528	37086.961970507
B9J08_03800	439.288491395346	434.740621955314	441.80445168593	392.965669113114
B9J08_03799	9851.88920510101	9911.71059473066	8359.05448566977	9050.1184401808
B9J08_03798	8.44785560375665	3.75585850501351	4.76082383282252	10.5849338481647
B9J08_03797	52886.9552217582	52746.3378797835	39797.6307480965	41037.7885293345
B9J08_03796	551.64497092531	540.843624721946	337.066327363834	346.656583527393
B9J08_03795	1738.56868325312	1640.37120206465	1313.03521309245	1370.74893333733
B9J08_03794	1219.87034918246	1214.08126174562	1174.9713219406	1259.6071279316
B9J08_03793	1197.90592461269	1143.65891477661	1173.06699240747	1168.31207349118
B9J08_03792	4975.78695061267	4967.12287288037	4613.23829400502	4473.4576675806
B9J08_03791	397.893998936938	371.829991996338	273.271288004012	291.085680824529
B9J08_03790	2253.88787508228	2203.74997781668	2070.95836727779	2011.13743115129
B9J08_03789	1080.48073172048	1092.95482495893	955.973425630761	874.580159204607
B9J08_03788	389.446143333182	434.740621955314	257.084486972416	289.762564093508
B9J08_03787	1808.6858847643	2006.56740630347	1691.04462541856	1697.55876589941
B9J08_03786	381.843073289801	412.205470925233	236.136862107997	254.038412355952
B9J08_03785	1779.11839015115	1962.43606886956	2314.71254751831	2349.85531429256
B9J08_03784	0	0.938964626253378	0	0
B9J08_03783	691.034588387294	630.045264216017	537.02092834238	584.817595111099
B9J08_03782	7792.30200890514	8643.16938466235	13555.9697815788	14673.3645470183
B9J08_03781	888.7144095152	782.157533669064	591.294320036557	619.218630117634
B9J08_03780	8.44785560375665	8.4506816362804	5.71298859938702	10.5849338481647
B9J08_03779	11.8269978452593	3.75585850501351	15.2346362650321	9.2618171171441
B9J08_03778	1.68957112075133	0.938964626253378	2.85649429969351	0
B9J08_03777	1.68957112075133	0.938964626253378	1.90432953312901	0
B9J08_03776	1.68957112075133	0	0	0
B9J08_03775	2.534356681127	1.87792925250676	2.85649429969351	0
B9J08_03774	32.1018512942753	42.253408181402	43.7995792619672	68.8020700130704
B9J08_03773	5.06871336225399	4.69482313126689	3.80865906625801	3.96935019306176
B9J08_03772	0	0.938964626253378	0.952164766564503	1.32311673102059
B9J08_03771	6.75828448300532	5.63378775752027	19.9954600978546	5.29246692408234
B9J08_03770	38.8601357772806	57.2768422014561	47.6082383282252	47.6322023167411
B9J08_03769	10.137426724508	17.8403278988142	12.3781419653385	22.4929844273499
B9J08_03768	263.573094837208	293.895928017307	428.474144954027	418.104887002505
B9J08_03767	6.75828448300532	7.51171701002702	8.56948289908053	9.2618171171441
B9J08_03766	2067.19026623925	1879.80718175926	1633.91473942469	1771.65330283656
B9J08_03765	33.7914224150266	41.3144435551486	22.8519543975481	33.0779182755146
B9J08_03764	430.840635791589	415.961329430247	414.191673455559	410.166186616381
B9J08_03763	383.532644410552	354.928628723777	350.396634095737	279.177630245343
B9J08_03762	3507.54964667976	3124.87427617124	3162.13918976072	3174.15703771838
B9J08_03761	1634.66005932691	1572.76574897441	1431.10364414645	1389.27256757161
B9J08_03760	4800.07155405453	4775.57408912468	4792.24527011915	4814.82178418391
B9J08_03759	441.822848076473	420.656152561513	535.116598809251	424.720470657608
B9J08_03758	406.341854540695	439.435445086581	315.166537732851	310.932431789838
B9J08_03757	2.534356681127	2.81689387876013	7.61731813251603	13.2311673102059
B9J08_03756	2307.95415094632	2055.39356686864	2480.38921690053	2245.32909254193
B9J08_03755	0	0.938964626253378	0.952164766564503	0
B9J08_03754	0	0.938964626253378	0	0
B9J08_03753	4348.95606481392	4332.38278553309	4972.20441099984	4918.02488920352
B9J08_03752	1291.67712181439	1298.58807810842	1423.48632601393	1467.33645470183
B9J08_03751	954.607683224502	962.438741909713	1049.28557275408	977.783264224213
B9J08_03750	1263.799198322	1219.71504950314	1165.44967427495	1144.49597233281
B9J08_03749	38.8601357772806	44.1313374339088	19.0432953312901	18.5236342342882
B9J08_03748	1442.04895156126	1526.75648228799	1513.94197883756	1475.27515508795
B9J08_03747	977.416893354645	949.293237142165	877.895914772472	841.502240929092
B9J08_03746	609.93517459123	638.495945852297	663.658842295459	752.853419950713
B9J08_03745	534.749259717796	477.932994762969	501.790831979493	510.723058173946
B9J08_03744	503.492193983897	496.712287288037	377.057247559543	411.489303347402
B9J08_03743	3333.52382124238	3345.53096334079	2901.24604372204	3309.11494428248
B9J08_03742	2100.1369030939	1968.06985662708	1867.19510723299	2079.93950116436
B9J08_03741	5.91349892262966	4.69482313126689	6.66515336595152	6.61558365510293
B9J08_03740	2.534356681127	4.69482313126689	0.952164766564503	1.32311673102059
B9J08_03739	179.094538799641	168.074668099355	181.86347041382	216.991143887376
B9J08_03738	0	0	0	0
B9J08_03737	4191.82595058405	3741.77403561971	2470.86756923489	2413.36491738155
B9J08_03736	1134.54700758452	1184.97335833176	712.219245390248	763.438353798878
B9J08_03735	487.441268336759	525.820190701892	557.016388440234	554.385910297625
B9J08_03734	582.057251098833	609.388042438442	218.997896309836	250.069062162891
B9J08_03733	669.070163817527	657.275238377365	418.000332521817	440.597871429855
B9J08_03732	918.281904128348	880.748819425669	194.241612379159	231.545427928602
B9J08_03731	1.68957112075133	2.81689387876013	0	0
B9J08_03730	863.37084270393	901.406041203243	521.786292077348	455.152155471081
B9J08_03729	5.91349892262966	2.81689387876013	6.66515336595152	6.61558365510293
B9J08_03728	1801.92760028129	1884.50200489053	1798.63924404035	1816.63927169126
B9J08_03727	3178.92806369363	3214.07591566531	3477.30572749357	3381.88636448862
B9J08_03726	370.860861004917	305.163503532348	280.888606136528	306.963081596776
B9J08_03725	1946.38593110553	1797.17829464897	1281.61377579582	1182.8663575324
B9J08_03724	970.658608871639	964.316671162219	913.126011135359	981.752614417274
B9J08_03723	3194.13420378039	2932.3865277893	2751.75617537141	3065.6614657747
B9J08_03722	255.970024793827	214.08393478577	111.403277688047	130.988556371038
B9J08_03721	3649.47362082287	3253.51242996796	3125.95692863126	3318.37676139963
B9J08_03720	653.019238170389	560.561881873267	495.125678613542	448.536571815978
B9J08_03719	2209.11424038237	2095.76904579754	2082.38434447657	1921.16549344189
B9J08_03718	21.9644245697673	23.4741156563345	24.7562839306771	14.5542840412264
B9J08_03717	11584.5443894315	11498.5608130989	11625.9317997526	12942.7278628434
B9J08_03716	51.5319191829156	59.1547714539628	24.7562839306771	23.8161011583705
B9J08_03715	352.275578676652	321.125902178655	200.90676574511	248.74594543187
B9J08_03714	200.214177809033	127.699189170459	84.7426642242408	71.4483034751116
B9J08_03713	2105.20561645616	2010.32326480848	2285.19543975481	2023.04548173047
B9J08_03712	1850.92516278308	2015.01808793975	1356.83479235442	1813.99303822922
B9J08_03711	6819.10904335237	6624.39543821758	7237.40439065679	7486.19446411447
B9J08_03710	2654.31623070034	2500.46279971275	2863.15945305946	2761.34461763996
B9J08_03709	823.665921366274	797.180967689118	827.431182144553	762.115237067857
B9J08_03708	39473.4500941133	37761.4014094059	231.376038275174	244.776595238808
B9J08_03707	745.945649811713	789.669250679091	879.800244305601	774.023287647042
B9J08_03706	1091.46294400536	1028.16626574745	1074.04185668476	1026.73858327197
B9J08_03705	2004.67613477145	2107.97558593883	2347.0861495815	2319.42362947909
B9J08_03704	3246.51090852368	3313.60616604817	3678.21249323868	3510.22868739761
B9J08_03703	2269.93880072941	2426.28459423873	2741.28236293921	2644.91034531015
B9J08_03702	2273.31794297092	2112.6704090701	2318.52120658457	2237.39039215581
B9J08_03701	1812.0650270058	1647.88291907468	1770.07430104341	1618.17176203818
B9J08_03700	1474.15080285554	1421.59244414761	1080.70701005071	1215.94427580792
B9J08_03699	4223.92780187833	5892.9419943662	10856.5826683685	11939.8053807298
B9J08_03698	17394.1346881349	20397.1285761021	23379.4536782248	23548.8315787044
B9J08_03697	3762.67488591321	4060.08304391961	5636.81541806186	6242.46473695512
B9J08_03696	2759.06964018692	2814.07698488137	3257.35566641717	3149.01781982899
B9J08_03695	980.796035596147	1003.75318546486	1214.96224213631	1282.10011235895
B9J08_03694	1415.86059918962	1386.85075297624	1344.45665038908	1344.28659871691
B9J08_03693	2195.59767141635	2365.25189353226	3969.57491180741	3622.69360953436
B9J08_03692	4060.03940316545	3855.38875539637	4074.31303612951	4158.5558855977
B9J08_03691	261.883523716456	318.309008299895	471.321559449429	455.152155471081
B9J08_03690	2470.99776409882	3498.58219742009	11462.1594599035	11826.017341862
B9J08_03689	1013.7426724508	1307.97772437096	1571.07186483143	1475.27515508795
B9J08_03688	958.83161102638	1039.43384126249	1116.88927118016	996.306898458501
B9J08_03687	2.534356681127	0.938964626253378	2.85649429969351	2.64623346204117
B9J08_03686	584.59160777996	606.571148559682	665.563171828588	621.864863579675
B9J08_03685	1413.32624250849	1542.7188809343	1672.00133008727	1657.86526396879
B9J08_03684	4914.11760470524	4858.20297623498	4987.43904726487	4932.57917324474
B9J08_03683	4055.81547536357	3966.18658129427	3509.67932955676	3302.49936062738
B9J08_03682	10340.1752589981	10845.9803978528	12017.2715188106	11787.6469566624
B9J08_03681	1780.8079612719	1860.08892460794	1548.21991043388	1746.51408494717
B9J08_03680	5595.01476636803	5421.58175198701	6297.61776605762	5555.76715355544
B9J08_03679	10149.2537223532	10302.3198792521	10479.5254208089	9183.75323001388
B9J08_03678	3153.58449688236	3046.00124756596	3873.4062703844	4081.81511519851
B9J08_03677	5983.61612414084	6330.49951020027	7021.26298864665	6602.35248779272
B9J08_03676	8122.61316301202	7652.56170396503	8413.32787736395	8281.38761945784
B9J08_03675	1886.40615631886	2051.63770836363	2354.70346771402	1993.93691364802
B9J08_03674	1922.73193541501	2034.73634509107	2293.76492265389	2224.1592248456
B9J08_03673	2216.71731042575	2169.94725127156	2417.54634230727	2433.21166834686
B9J08_03672	3733.95217686044	3862.9004724064	4433.27915312433	4574.01453913816
B9J08_03671	4310.09592903664	4365.24654745195	5165.49385861243	5054.30591249864
B9J08_03670	15506.0389606953	15671.3196121689	17031.3711795393	15481.7888696719
B9J08_03669	2442.27505504605	2273.23336015943	2181.40948019928	2068.03145058517
B9J08_03668	10640.9189184919	11514.5232117452	11878.2554628922	11611.6724314367
B9J08_03667	1023.88009917531	1090.13793108017	1087.37216341666	946.028462679718
B9J08_03666	8653.98328048832	8813.12198201421	9444.52231955331	9623.02798471272
B9J08_03665	2298.66150978219	2567.12928817674	2563.22755159164	2438.50413527094
B9J08_03664	2122.94611322405	2196.23826080665	2443.25479100452	2347.20908083052
B9J08_03663	5761.43752176204	5938.95126105262	6637.54058772115	6185.57071752124
B9J08_03662	1031.48316921869	1076.05346168637	1078.80268051758	1090.24818636096
B9J08_03661	855.767772660549	928.636015364591	994.060016293342	1002.9224821136
B9J08_03660	3336.90296348388	3398.11298241098	3888.64090664943	3630.63230992049
B9J08_03659	13206.5326653528	14344.5625952729	13003.7142169714	14322.7386132978
B9J08_03658	2181.23631688997	2437.55216975377	2559.41889252539	2381.61011583705
B9J08_03657	1268.86791168425	1196.2409338468	1174.01915717403	1042.61598404422
B9J08_03656	3862.35958203754	4092.94680583848	4602.76448157281	4196.9262707973
B9J08_03655	141.923974143112	145.539517069274	131.398737785901	125.696089446956
B9J08_03654	1394.74096018022	1573.70471360066	1308.27438925963	1204.03622522873
B9J08_03653	2070.56940848076	2176.52000365533	2197.59628123087	2413.36491738155
B9J08_03652	731.584295285326	790.608215305344	775.062119983506	690.666933592746
B9J08_03651	3875.87615100355	3852.57186151761	3754.38567456384	3571.09205702456
B9J08_03650	1453.87594940652	1392.48454073376	1764.36131244402	1579.80137683858
B9J08_03649	432.530206912341	363.379310360057	277.07994707027	313.578665251879
B9J08_03648	787.34014227012	832.861623486746	809.340051579828	768.73082072296
B9J08_03647	702.016800672178	721.124832962594	737.92769408749	722.42173513724
B9J08_03646	1342.36425543693	1408.44693938007	1511.08548453787	1418.38113565407
B9J08_03645	5.91349892262966	9.38964626253378	2.85649429969351	2.64623346204117
B9J08_03644	2007.21049145258	2033.79738046482	1981.45487922073	2033.63041557864
B9J08_03643	1306.88326190115	1447.88345368271	1521.55929697008	1485.86008893612
B9J08_03642	3194.13420378039	3253.51242996796	3371.61543840491	3520.81362124578
B9J08_03641	1047.53409486582	1035.67798275748	1141.64555511084	1263.57647812466
B9J08_03640	231.471243542932	246.947696704638	198.050271445417	198.467509653088
B9J08_03639	2594.33645591367	2908.91241213297	5452.09545334835	5674.84765934729
B9J08_03638	1594.11035242888	1583.0943598632	2034.77610614834	1954.2434117174
B9J08_03637	1894.00922636224	1975.58157363711	2101.42763980786	2146.09533771539
B9J08_03636	1421.77409811224	1638.49327281214	2063.34104914528	2077.29326770232
B9J08_03635	9056.94599278751	8453.49853015916	7434.50249733564	7560.28900105162
B9J08_03634	1027.25924141681	932.391873869604	989.299192460519	905.01184401808
B9J08_03633	158.819685350625	165.257774220595	100.929465255837	87.3257042473586
B9J08_03632	261.883523716456	246.947696704638	274.223452770577	222.283610811458
B9J08_03631	7048.04593021418	7619.69794204616	5353.07031762564	8110.70556115619
B9J08_03630	388.601357772806	401.876860036446	356.109622695124	379.734501802908
B9J08_03629	277.934449363594	281.689387876013	292.314583335303	271.23892985922
B9J08_03628	645.416168127008	631.923193468523	758.875318951909	739.622252640507
B9J08_03627	1944.69635998478	1841.30963208287	1990.97652688638	1926.45796036597
B9J08_03626	2112.80868649954	2122.06005533263	2428.02015473948	2307.5155788999
B9J08_03625	1182.69978452593	1230.98262501818	1292.08758822803	1223.88297619404
B9J08_03624	1799.39324360017	1692.01425650859	1398.73004208326	1398.53438468876
B9J08_03623	2096.7577608524	2247.88131525059	1596.78031352867	1669.77331454798
B9J08_03622	1.68957112075133	0	0.952164766564503	0
B9J08_03621	225.557744620303	243.191838199625	97.1208061895793	119.080505791853
B9J08_03620	5.06871336225399	8.4506816362804	7.61731813251603	7.93870038612351
B9J08_03619	70.9619870715559	65.7275238377365	66.6515336595152	83.3563540542969
B9J08_03618	1954.83378670929	2004.68947705096	1747.22234664586	1937.04289421414
B9J08_03617	465.476843766992	436.618551207821	349.444469329173	390.319435651073
B9J08_03616	8856.73181497848	8425.32959137156	6236.6792209975	6894.76128534827
B9J08_03615	3904.59886005633	3934.26178400165	6168.12335780485	5927.56295497222
B9J08_03614	234.005600224059	324.881760683669	537.02092834238	609.95681300049
B9J08_03613	7407.92457893421	6911.71861385112	6853.6819897313	6635.43040606824
B9J08_03612	777.202715545612	711.735186700061	130.446573019337	173.328291763697
B9J08_03611	2.534356681127	1.87792925250676	0.952164766564503	1.32311673102059
B9J08_03610	495.889123940516	459.153702237902	470.369394682865	443.244104891896
B9J08_03609	791.564070071998	827.227835729226	888.369727204682	926.18171171441
B9J08_03608	18499.9589866667	17155.8226862755	17154.2004344261	17434.7091646583
B9J08_03607	951.228540982999	936.147732374618	1026.43361835653	952.644046334821
B9J08_03606	1819.66809704918	1801.87311778023	1599.63680782837	1700.20499936145
B9J08_03605	505.181765104648	483.56678252049	451.326099351575	523.954225484152
B9J08_03604	1551.8710744101	1488.2589326116	1612.0149497937	1634.04916281042
B9J08_03603	1155.66664659391	1000.9362915861	930.26497693352	972.49079730013
B9J08_03602	533.904474157421	592.486679165882	397.052707657398	440.597871429855
B9J08_03601	42348.2553560717	49787.6603424591	68751.05696979	75146.4147383141
B9J08_03600	1724.20732872673	2050.69874373738	3926.72749731201	3751.03593244336
B9J08_03599	1336.4507565143	1317.36737063349	1049.28557275408	1001.59936538258
B9J08_03598	620.072601315738	728.636549972621	1002.62949919242	1018.79988288585
B9J08_03597	1498.64958410643	1610.32433402454	1194.96678203845	1192.12817464955
B9J08_03596	2507.32354319497	2467.59903779388	2055.72373101276	2097.14001866763
B9J08_03595	751.859148734342	718.307939083834	782.679438116022	690.666933592746
B9J08_03594	72.6515581923072	74.1782054740169	64.7472041263862	72.7714202061322
B9J08_03593	915.747547447221	796.242003062865	721.740893055894	752.853419950713
B9J08_03592	293.140589450356	298.590751148574	332.305503531012	318.871132175961
B9J08_03591	4.22392780187833	4.69482313126689	7.61731813251603	7.93870038612351
B9J08_03590	6123.00574160282	6107.02592915197	6354.7476520515	6454.16341391842
B9J08_03589	68.4276303904289	73.2392408477635	107.594618621789	117.757389060832
B9J08_03588	4108.19218010686	4128.6274616361	3801.99391289206	4114.89303347402
B9J08_03587	618.383030194987	572.768422014561	428.474144954027	509.399941442925
B9J08_03586	402.117926738817	461.970596116662	490.364854780719	505.430591249864
B9J08_03585	2163.49582012208	2227.22409347301	2497.52818269869	2359.1171314097
B9J08_03584	0	0	0	0
B9J08_03583	0	0	0	0
B9J08_03582	849.854273737919	898.589147324483	714.123574923378	740.945369371528
B9J08_03581	734.963437526829	676.993495528686	796.961909614489	727.714202061322
B9J08_03580	2471.8425496592	2298.58540506827	2230.92204806063	2345.8859640995
B9J08_03579	10361.2948980075	10398.0942711299	10596.6416870964	12729.7060691491
B9J08_03578	383.532644410552	359.623451855044	390.387554291446	436.628521236793
B9J08_03577	0	0	0	0
B9J08_03576	0	0	0	0
B9J08_03575	214.575532335419	215.961864038277	245.658509773642	244.776595238808
B9J08_03574	2202.35595589936	2407.50530171366	2125.23175897197	2171.23455560478
B9J08_03573	1338.14032763505	1426.28726727888	1492.04218920658	1443.52035354346
B9J08_03572	1423.463669233	1345.53630942109	1293.99191776116	1383.98010064753
B9J08_03571	555.868898727188	562.439811125774	467.512900383171	453.829038740061
B9J08_03570	981.640821156523	999.997326959848	900.74786917002	791.22380515031
B9J08_03569	1137.08136426565	1114.55101136276	1179.73214577342	1149.78843925689
B9J08_03568	261.883523716456	296.712821896067	278.032111836835	321.517365638002
B9J08_03567	691.034588387294	758.683418012729	770.301296150683	1057.17026808545
B9J08_03566	630.210028040246	566.195669630787	678.893478560491	779.315754571125
B9J08_03565	863.37084270393	918.307404475804	810.292216346392	989.691314803398
B9J08_03564	2588.42295699104	2582.15272219679	2190.93112786492	2560.23087452483
B9J08_03563	7412.99329229646	9727.673527985	9930.12635050121	10341.4803696569
B9J08_03562	245.832598069319	230.985298058331	160.915845549401	146.865957143285
B9J08_03561	8866.02445614261	8879.7884704782	9974.87809452974	9227.41608213756
B9J08_03560	8.44785560375665	14.0844693938007	6.66515336595152	5.29246692408234
B9J08_03559	1824.73681041144	1899.52543891058	2384.22057547752	2519.21425586319
B9J08_03558	1535.82014876296	1481.68618022783	1365.4042752535	1354.87153256508
B9J08_03557	520.38790519141	516.430544439358	632.23740499883	521.307992022111
B9J08_03556	2694.021152038	2387.78704456234	2222.35256516155	2279.73012754847
B9J08_03555	1224.09427698434	1266.66328081581	1377.78241721884	1214.6211590769
B9J08_03554	862.526057143554	839.43437587052	733.166870254668	797.839388805413
B9J08_03553	6282.67021251382	6883.54967506351	6903.19455759265	7029.71919191237
B9J08_03552	1198.75071017307	1140.84202089785	1233.05337270103	1198.74375830465
B9J08_03551	1953.98900114891	1908.91508517312	1598.6846430618	1488.50632239816
B9J08_03550	1924.42150653577	1943.65677634449	1781.50027824219	1870.88705766311
B9J08_03549	345.517294193647	338.027265451216	371.344258960156	386.350085458011
B9J08_03548	4350.64563593468	3993.41655545562	3319.24637624386	3916.42552382093
B9J08_03547	2180.39153132959	2203.74997781668	2483.24571120022	2205.63559061132
B9J08_03546	42239.2780187833	42177.3520466755	37233.4510317383	38257.9202774602
B9J08_03545	2492.96218866859	2349.28949488595	2177.60082113302	2460.99711969829
B9J08_03544	32.9466368546509	47.8871959389223	19.9954600978546	10.5849338481647
B9J08_03543	380.998287729425	322.064866804909	258.03665173898	321.517365638002
B9J08_03542	3266.7857619727	4753.0389380946	439.900122152801	2697.83501455097
B9J08_03541	517.008762949907	519.247438318118	484.651866181332	486.906957015575
B9J08_03540	1162.42493107692	1174.64474744298	1213.05791260318	1193.45129138057
B9J08_03539	1245.21391599373	1268.54121006831	1305.41789495993	1287.39257928303
B9J08_03538	2715.98557660776	2460.08732078385	2254.72616722474	2012.46054788231
B9J08_03537	132.631332978979	128.638153796713	200.90676574511	224.929844273499
B9J08_03536	3832.79208742439	3771.82090365982	4555.15624324458	4673.24829396471
B9J08_03535	506.026550665024	533.331907711919	615.098439200669	647.004081469066
B9J08_03534	1101.60037072987	1121.12376374653	745.545012220006	763.438353798878
B9J08_03533	4257.71922429335	4023.46342349573	3817.22854915709	4048.73719692299
B9J08_03532	1609.31649251564	1525.81751766174	1712.94441504954	1516.29177374959
B9J08_03531	5154.03670385193	5770.87659295326	8638.03876227317	9136.12102769714
B9J08_03530	302.433230614488	334.271406946203	290.410253802174	259.330879280035
B9J08_03529	778.892286666363	673.237637023672	799.818403914183	774.023287647042
B9J08_03528	65525.7919905385	63380.112272103	66186.8772534318	66838.5647842359
B9J08_03527	3449.25944301384	3512.66666681389	2624.16609665177	2910.85680824529
B9J08_03526	7407.07979337383	6876.03795805349	6465.19876497298	7232.15605175852
B9J08_03525	2857.0647651905	3257.26828847297	3995.28336050466	4249.85094003812
B9J08_03524	3519.37664452502	3784.02744380111	2610.83578991987	2774.57578495017
B9J08_03523	932.643258654734	997.180433081088	866.469937573698	743.591602833569
B9J08_03522	1340.67468431618	1402.81315162255	1361.59561618724	1276.80764543486
B9J08_03521	7879.31492162383	8129.55573410175	8716.11627313146	8573.79641701339
B9J08_03520	1526.52750759883	1552.10852719683	1041.66825462157	1258.28401120058
B9J08_03519	413.944924584076	405.632718541459	688.415126226136	673.466416089478
B9J08_03518	76.0307004338099	70.4223469690034	62.8428745932572	58.2171361649058
B9J08_03517	751.014363173966	783.096498295317	906.460857769407	939.412879024616
B9J08_03516	3592.8729882777	3598.11244780294	3157.37836592789	3241.63599100043
B9J08_03515	8158.93894210818	8444.10888389663	8143.8652484262	9138.76726115918
B9J08_03514	456.184202602859	545.538447853213	734.119035021232	727.714202061322
B9J08_03513	2261.49094512566	2344.59467175468	1949.08127715754	2134.1872871362
B9J08_03512	1389.67224681797	1424.40933802637	1545.36341613419	1559.95462587327
B9J08_03511	2688.95243867574	2601.87097934811	2707.95659610945	2610.50931030361
B9J08_03510	281.313591605097	304.224538906094	197.098106678852	146.865957143285
B9J08_03509	1096.53165736761	989.668716071061	830.287676444247	882.51885959073
B9J08_03508	1983.55649576206	1933.32816545571	2040.48909474773	1951.59717825536
B9J08_03507	1006.98438796779	964.316671162219	1062.61587948599	1001.59936538258
B9J08_03506	11878.5297644422	11630.9548254006	11450.7334827047	11534.9316610375
B9J08_03505	496.733909500891	447.886126722861	277.07994707027	239.484128314726
B9J08_03504	1069.49851943559	1053.51831065629	811.244381112957	857.379641701339
B9J08_03503	614.159102393109	624.411476458496	487.508360481026	522.631108753131
B9J08_03502	1126.94393754114	938.964626253378	1054.04639658691	1094.21753655402
B9J08_03501	2921.26846777905	2918.3020583955	2965.04108308186	2805.00746976364
B9J08_03500	10636.69499069	10716.4032794298	10379.5481203197	11370.8651863909
B9J08_03499	563.471968770569	585.913926782108	524.642786377041	537.185392794358
B9J08_03498	1392.2066034991	1273.23603319958	970.255897129229	797.839388805413
B9J08_03497	671.604520498654	703.28450506378	673.180489961104	666.850832434375
B9J08_03496	538.128401959299	542.721553974452	586.533496203734	521.307992022111
B9J08_03495	748.480006492839	679.810389407446	822.670358311731	693.313167054787
B9J08_03494	1011.20831576967	945.537378637152	875.991585239343	886.488209783792
B9J08_03493	12953.0969972401	12828.1347238737	12954.2016491101	13019.4686332426
B9J08_03492	602.332104547849	639.43491047855	403.717861023349	392.965669113114
B9J08_03491	397.893998936938	360.562416481297	308.501384366899	285.793213900446
B9J08_03490	2591.80209923254	2775.57943520499	2728.90422097387	2605.21684337953
B9J08_03489	2725.2782177719	2705.15708823598	2035.72827091491	2228.12857503867
B9J08_03488	879.421768351068	885.443642556936	1058.80722041973	976.460147493192
B9J08_03487	353.120364237028	364.318274986311	378.961577092672	371.795801416784
B9J08_03486	539.81797308005	553.05016486324	500.838667212929	456.475272202102
B9J08_03485	342.138151952144	347.41691171375	322.783855865367	318.871132175961
B9J08_03484	564.316754330944	590.608749913375	394.196213357704	433.982287774752
B9J08_03483	3.37914224150266	3.75585850501351	3.80865906625801	15.877400772247
B9J08_03482	1518.07965199507	2002.81154779846	3269.7338083825	3441.42661738454
B9J08_03481	1975.95342571868	2073.23389476746	1982.4070439873	1978.05951287577
B9J08_03480	5881.39707133538	5878.8575249724	6031.01163141956	5918.30113785508
B9J08_03479	947.004613181121	996.241468454834	934.073635999778	947.351579410739
B9J08_03478	9264.76324063992	9326.7356325748	8142.91308365963	8645.2447204885
B9J08_03477	59107.1113028042	60333.1720599108	52412.8617403097	58045.1309898731
B9J08_03476	446.046775878351	508.918827429331	548.446905541154	461.767739126184
B9J08_03475	1071.18809055634	1163.37717192794	341.827151196657	402.227486230258
B9J08_03474	3759.29574367171	3518.30045457141	2587.03167075576	2332.65479678929
B9J08_03473	235.695171344811	215.961864038277	281.840770903093	250.069062162891
B9J08_03472	2109.42954425804	2027.22462808104	2029.06311754896	2196.37377349417
B9J08_03471	203.593320050535	206.572217775743	194.241612379159	161.420241184511
B9J08_03470	345.517294193647	370.891027370084	418.952497288381	440.597871429855
B9J08_03469	646.260953687384	660.092132256125	1022.62495929028	1065.10896847157
B9J08_03468	701.172015111802	700.46761118502	711.267080623684	751.530303219692
B9J08_03467	1155.66664659391	1202.81368623058	1526.3201208029	1421.02736911611
B9J08_03466	6716.04520498654	6628.1512967226	6777.50880840614	6923.86985343072
B9J08_03465	662.311879334522	600.937360802162	700.793268191474	615.249279924572
B9J08_03464	1003.60524572629	1090.13793108017	1147.35854371023	1160.37337310505
B9J08_03463	756.08307653622	956.804954152192	603.672462001895	578.202011455996
B9J08_03462	27.877923492397	14.0844693938007	28.5649429969351	18.5236342342882
B9J08_03461	1632.97048820616	1659.15049458972	1976.69405538791	1898.67250901454
B9J08_03460	1003.60524572629	964.316671162219	1037.85959555531	1103.47935367117
B9J08_03459	1318.71025974641	1264.7853515633	1425.39065554706	1254.31466100751
B9J08_03458	608.245603470479	582.158068277094	648.424206030427	576.878894724975
B9J08_03457	12890.5828657723	13042.2186586594	13107.500176527	14682.6263641354
B9J08_03456	281.313591605097	336.149336198709	410.383014389301	452.50592200904
B9J08_03455	764.530932139977	897.65018269823	821.718193545166	899.719377093998
B9J08_03454	148.682258626117	142.722623190513	98.0729709561438	101.879988288585
B9J08_03453	2761.60399686805	2789.66390459879	2794.60358986682	2741.49786667465
B9J08_03452	4531.42974585507	4432.8520005422	4535.16078314673	4519.76675316632
B9J08_03451	181.628895480768	188.731889876929	245.658509773642	254.038412355952
B9J08_03450	1176.7862856033	1397.17936386503	1388.25622965105	1338.99413179283
B9J08_03449	411.410567902949	399.998930783939	371.344258960156	396.935019306176
B9J08_03448	438.44370583497	525.820190701892	708.410586323991	711.836801289075
B9J08_03447	724.826010802321	718.307939083834	972.160226662358	1073.04766885769
B9J08_03446	194.300678886403	207.511182401997	266.606134638061	264.623346204117
B9J08_03445	3124.01700226921	3312.66720142192	2584.17517645606	2588.01632587627
B9J08_03444	2.534356681127	2.81689387876013	2.85649429969351	5.29246692408234
B9J08_03443	4136.07010359926	4020.64652961696	3900.06688384821	4147.97095174953
B9J08_03442	2432.13762832154	2335.20502549215	1930.03798182625	1795.46940399493
B9J08_03441	206.127676731662	230.985298058331	280.888606136528	271.23892985922
B9J08_03440	459.563344844362	495.773322661784	475.130218515687	424.720470657608
B9J08_03439	3.37914224150266	7.51171701002702	14.2824714984676	14.5542840412264
B9J08_03438	2484.51433306483	2501.401764339	2602.26630702079	2594.63190953137
B9J08_03437	935.177615335862	996.241468454834	1064.52020901911	1092.894419823
B9J08_03436	4423.29719412698	4436.60785904721	4745.58919655748	4693.09504493002
B9J08_03435	943.625470939618	988.729751444807	1442.52962134522	1534.81540798388
B9J08_03434	470.545557129246	518.308473691865	358.966116994818	410.166186616381
B9J08_03433	4642.09665426428	4179.33155145379	4341.87133553414	4476.10390104264
B9J08_03432	2115.34304318067	2331.44916698714	850.283136542101	848.117824584195
B9J08_03431	794.098426753125	885.443642556936	1805.3043974063	1939.68912767618
B9J08_03430	5.06871336225399	2.81689387876013	7.61731813251603	3.96935019306176
B9J08_03429	1357.57039552369	1380.27800059247	1427.29498508019	1399.85750141978
B9J08_03428	4573.66902387385	4619.70596116662	4706.55044112834	4593.86129010347
B9J08_03427	3592.8729882777	3722.05577846839	3662.97785697364	3510.22868739761
B9J08_03426	10670.486413105	10470.3945473514	11351.708346982	11680.4745014497
B9J08_03425	836.337704771909	863.847456153108	717.932233989636	743.591602833569
B9J08_03424	1140.46050650715	1046.00659364626	1098.79814061544	1037.32351712014
B9J08_03423	304.967587295615	326.759689936176	215.189237243578	172.005175032676
B9J08_03422	2420.31063047628	2464.78214391512	2531.80611429501	2401.45686680236
B9J08_03421	3222.85691283316	4328.62692702807	8010.56218110717	8720.66237415668
B9J08_03420	2393.27749254426	2415.95598334994	2415.64201277414	2864.54772265957
B9J08_03419	1589.886424627	1572.76574897441	1731.03554561427	1739.89850129207
B9J08_03418	1395.5857457406	1432.86001966266	1581.54567726364	1640.66474646553
B9J08_03417	506.026550665024	438.496480460328	438.947957386236	457.798388933123
B9J08_03416	776.357929985236	778.40167516405	732.214705488103	863.995225356442
B9J08_03415	2536.89103780812	2745.53256716488	3368.75894410521	3159.60275367716
B9J08_03414	903.075764041586	973.706317424753	933.121471233213	932.797295369513
B9J08_03413	3739.86567578307	3465.71843550122	3388.75440420307	3053.75341519551
B9J08_03412	10431.4120995187	10359.5967214535	13828.2889048163	14018.4217651631
B9J08_03411	17813.9931116417	21771.7727889371	29307.6315148554	31381.6826263462
B9J08_03410	415.634495704827	498.590216540544	422.76115635464	582.171361649058
B9J08_03409	632.744384721373	713.613115952567	899.795704403456	963.228980182986
B9J08_03408	1047.53409486582	1058.21313378756	1054.99856135347	1018.79988288585
B9J08_03407	791.564070071998	750.232736376449	439.900122152801	404.873719692299
B9J08_03406	14138.3311384471	13734.2355882082	13405.5277484616	13561.946492961
B9J08_03405	5.06871336225399	9.38964626253378	8.56948289908053	1.32311673102059
B9J08_03404	0	3.75585850501351	0.952164766564503	1.32311673102059
B9J08_03403	527.990975234791	520.186402944371	653.185029863249	600.694995883346
B9J08_03402	1829.80552377369	1921.12162531441	2415.64201277414	2588.01632587627
B9J08_03401	2313.86764986895	2379.33636292606	2379.45975164469	2382.93323256807
B9J08_03400	2397.50142034614	2312.66987446207	2103.33196934099	1847.07095650474
B9J08_03399	2384.8296369405	2358.67914114849	2286.14760452137	2049.50781635089
B9J08_03398	6984.687013186	7063.83088330416	6856.53848403099	7304.92747196465
B9J08_03397	3898.6853611337	3917.36042072909	3922.91883824575	3616.07802587926
B9J08_03396	999.381317924412	946.476343263405	975.968885728616	1028.06170000299
B9J08_03395	132.631332978979	140.844693938007	169.485328448482	165.389591377573
B9J08_03394	983.330392277274	985.912857566047	1049.28557275408	1073.04766885769
B9J08_03393	2519.15054104023	2687.31676033717	2927.90665718585	2916.14927516937
B9J08_03392	2073.94855072226	1999.9946539197	2030.96744708209	2054.80028327497
B9J08_03391	2225.1651660295	2172.76414515032	2516.57147802998	2368.37894852685
B9J08_03390	1542.57843324597	1554.92542107559	1571.07186483143	1590.38631068674
B9J08_03389	1741.10303993425	1628.16466192336	1845.29531760201	1772.97641956758
B9J08_03388	2263.18051624641	2396.23772619862	2633.68774431742	2552.29217413871
B9J08_03387	5727.64609934701	5916.41611002254	5922.46484803121	6196.1556513694
B9J08_03386	8033.91067917258	7836.59877071069	8707.54679023238	8593.6431679787
B9J08_03385	5519.8288514946	5148.34304574727	5030.28646176027	5181.32511867661
B9J08_03384	1461.4790194499	1438.49380742018	1181.63647530655	1219.91362600098
B9J08_03383	1076.2568039186	1119.24583449403	1148.31070847679	1029.38481673402
B9J08_03382	3153.58449688236	3162.43286122138	1258.76182139827	1217.26739253894
B9J08_03381	2457.48119513281	2535.20449088412	2889.82006652327	2918.79550863141
B9J08_03380	1188.61328344856	1257.27363455327	1348.26530945534	1315.17803063446
B9J08_03379	1562.85328669498	1551.16956257058	1399.68220684982	1395.88815122672
B9J08_03378	5061.11029221061	5032.85039671811	6259.53117539505	6271.57330503757
B9J08_03377	217.954674576922	207.511182401997	218.997896309836	234.191661390644
B9J08_03376	795.787997873877	841.312305123027	1272.09212813018	1252.99154427649
B9J08_03375	5018.87101419183	5197.16920631245	9889.18326553893	9031.59480594652
B9J08_03374	6903.58759938994	6872.28209954847	6773.70014933988	6773.03454609438
B9J08_03373	938.556757577364	907.039828960763	737.92769408749	705.221217633972
B9J08_03372	9128.75276541944	8969.92907459852	10379.5481203197	10521.4242450757
B9J08_03371	1371.0869644897	1261.02949305829	1874.81242536551	1440.87412008142
B9J08_03370	1619.45391924015	1546.47473943931	2045.24991858055	1906.61120940066
B9J08_03369	884.490481713322	876.053996294402	920.743329267875	833.563540542969
B9J08_03368	5140.52013488592	4785.90270001347	4660.84653233324	4748.66594763288
B9J08_03367	91.2368405205719	106.103002766632	125.685749186514	117.757389060832
B9J08_03366	201.058963369408	182.159137493155	193.289447612594	215.668027156355
B9J08_03365	34.6362079754023	37.5585850501351	54.2733916941767	47.6322023167411
B9J08_03364	892.093551756703	838.495411244267	836.000665043634	828.271073618886
B9J08_03363	1001.91567460554	968.072529667233	986.442698160826	1033.35416692708
B9J08_03362	591.349892262966	604.693219307175	565.585871339315	568.940194338852
B9J08_03361	3320.85203783674	3476.98601101626	3979.09655947306	3987.87382729604
B9J08_03360	508.560907346151	505.162968924317	664.611007062023	628.480447234778
B9J08_03359	1823.04723929069	1828.16412731533	2196.64411646431	2008.49119768925
B9J08_03358	1262.10962720124	1089.19896645392	1267.33130429735	1217.26739253894
B9J08_03357	1464.01337613103	1498.58754350039	1566.31104099861	1905.28809266964
B9J08_03356	2516.61618435911	2546.47206639916	2641.30506244993	2763.990851102
B9J08_03355	2183.77067357109	2184.97068529161	1938.60746472533	1897.34939228352
B9J08_03354	1854.30430502459	1630.04259117586	1693.90111971825	1925.13484363495
B9J08_03353	793.25364119275	860.091597648094	768.396966617554	825.624840156845
B9J08_03352	1817.97852592843	1783.09382525517	1114.98494164703	1286.06946255201
B9J08_03351	558.403255408315	500.468145793051	367.535599893898	378.411385071887
B9J08_03350	631.054813600622	681.688318659953	796.009744847925	680.081999744581
B9J08_03349	3731.41782017931	3853.51082614386	3880.07142375035	3962.73460940665
B9J08_03348	1659.15884057781	1770.88728511387	1971.93323155509	2097.14001866763
B9J08_03347	0.844785560375665	1.87792925250676	13.330306731903	5.29246692408234
B9J08_03346	2890.01140204515	2920.17998764801	3564.9048860175	3532.72167182496
B9J08_03345	1023.88009917531	1075.11449706012	1148.31070847679	1107.44870386423
B9J08_03344	1851.76994834346	1784.97175450767	2070.95836727779	2172.5576723358
B9J08_03343	1447.96245048389	1504.22133125791	1832.91717563667	1708.14369974758
B9J08_03342	1390.51703237835	1309.85565362346	1520.60713220351	1394.5650344957
B9J08_03341	734.963437526829	853.518845264321	878.848079539037	725.067968599281
B9J08_03340	8947.96865549905	8872.27675346817	13868.279825012	14396.833150235
B9J08_03339	239.074313586313	240.374944320865	342.779315963221	310.932431789838
B9J08_03338	644.571382566633	706.10139894254	877.895914772472	845.471591122154
B9J08_03337	7065.78642698206	6474.16109801704	6015.77699515453	6075.75202884653
B9J08_03336	842.251203694538	899.528111950736	883.608903371859	840.179124198072
B9J08_03335	5105.03914135015	5261.95776552393	5195.01096637593	5072.82954673292
B9J08_03334	835.492919211533	861.969526900601	873.13509093965	812.393672846639
B9J08_03333	457.028988163235	476.055065510463	578.916178071218	595.402528959263
B9J08_03332	3564.99506478531	4125.81056775734	7098.38833473837	7274.49578715118
B9J08_03331	38663.3007417131	37832.7627210011	36018.488789602	40110.283700889
B9J08_03330	581.212465538458	522.064332196878	392.291883824575	492.199423939658
B9J08_03329	2022.41663153934	2104.21972743382	1809.11305647256	1952.92029498638
B9J08_03328	673.294091619405	786.852356800331	880.752409072166	853.410291508278
B9J08_03327	4760.36663271687	4243.18114603902	4689.41147533018	4839.9610020733
B9J08_03326	224.712959059927	222.534616422051	220.902225842965	220.960494080438
B9J08_03325	1051.7580226677	1019.71558411117	1186.39729913937	1164.34272329812
B9J08_03324	0.844785560375665	2.81689387876013	2.85649429969351	0
B9J08_03323	4393.72969951384	4887.31087964883	5767.2619910812	6276.86577196166
B9J08_03322	1390.51703237835	1359.62077881489	741.736353153748	792.546921881331
B9J08_03321	4648.01015318691	4951.16047423406	5453.99978288148	5490.93443373543
B9J08_03320	668.225378257151	688.261071043726	710.31491585712	647.004081469066
B9J08_03319	426.616707989711	489.20057027801	358.013952228253	273.885163321261
B9J08_03318	3900.37493225445	3832.85360436629	4382.81442049641	4562.10648855898
B9J08_03317	4084.53818441634	4037.54789288953	7585.8966952194	7847.40533168309
B9J08_03316	2567.30331798165	2545.53310177291	2719.38257330822	2570.815808373
B9J08_03315	539.81797308005	468.543348500436	272.319123237448	238.161011583705
B9J08_03314	3090.22557985418	3137.08081631254	3712.490424835	3744.42034878826
B9J08_03313	325.242440744631	307.041432784855	354.205293161995	344.010350065352
B9J08_03312	7663.89460372804	7409.36986576541	8235.27306601639	8416.34552602194
B9J08_03311	8474.0439561283	8554.90670979453	8770.38966482564	9047.47220671876
B9J08_03310	2193.06331473523	2164.31346351404	1916.70767509435	1909.2574428627
B9J08_03309	2304.57500870481	2341.77777787593	2436.58963763856	2303.54622870684
B9J08_03308	3644.40490746062	3746.46885875098	4379.00576143015	4293.5137921618
B9J08_03307	24655.0665795638	26094.7659282076	32970.6093718291	36070.8083210832
B9J08_03306	6063.87075237653	6396.22703403801	9626.38578996713	9719.61550607722
B9J08_03305	1664.22755394006	1660.08945921597	1605.34979642775	1492.47567259122
B9J08_03304	112077.70029504	140801.501565199	268791.352777326	297911.640039864
B9J08_03303	2698.24507983987	2770.88461207372	3963.86192320803	4274.99015792751
B9J08_03302	3204.2716305049	3495.76530354133	3197.3692861236	3134.46353578777
B9J08_03301	76.8754859941856	70.4223469690034	72.3645222589023	72.7714202061322
B9J08_03300	92.0816260809475	94.8354272515912	81.8861699245473	78.0638871302145
B9J08_03299	163.888398712879	193.426713008196	104.738124322095	124.372972715935
B9J08_03298	1631.28091708541	1631.92052042837	1501.56383687222	1513.64554028755
B9J08_03297	6267.46407242706	6151.15726658588	5681.56716209039	5138.98538328395
B9J08_03296	4382.74748722895	4535.19914480382	4280.93279047401	4611.06180760674
B9J08_03295	640.347454764754	635.679051973537	582.724837137476	508.076824711905
B9J08_03294	4143.67317364264	4008.43998947567	3827.7023615893	3145.04846963593
B9J08_03293	6825.86732783538	6768.05702603435	5767.2619910812	6272.8964217686
B9J08_03292	2047.76019835061	2050.69874373738	2638.44856815024	3020.67549692
B9J08_03291	183.318466601519	199.060500765716	517.025468244525	566.293960876811
B9J08_03290	544.041900881929	521.125367570625	1436.81663274584	1439.5510033504
B9J08_03289	3183.15199149551	3826.28085198252	4418.99668162586	4873.03892034882
B9J08_03288	358.189077599282	333.332442319949	325.64035016506	336.071649679229
B9J08_03287	1368.55260780858	1307.0387597447	1464.42941097621	1410.44243526794
B9J08_03286	605.711246789352	578.402209772081	563.681541806186	629.803563965799
B9J08_03285	6868.10660585416	6691.06192668157	7207.88728289329	7441.20849525977
B9J08_03284	3475.44779538549	3076.98708023232	2975.51489551407	2716.35864878526
B9J08_03283	1784.18710351341	1614.08019252956	1620.58443269278	1675.06578147206
B9J08_03282	3951.06206587699	3553.04214574278	3823.89370252305	3676.94139550621
B9J08_03281	404.652283419944	313.614185168628	395.148378124269	342.687233334332
B9J08_03280	3064.88201304291	2820.64973726515	2740.33019817264	2664.75709627546
B9J08_03279	4871.87832668646	4833.78989595239	4692.26796962987	4345.1153446716
B9J08_03278	146.992687505366	170.891561978115	116.164101520869	83.3563540542969
B9J08_03277	430.840635791589	432.862692702807	541.781752175202	443.244104891896
B9J08_03276	2596.02602703442	2650.69713991329	2540.3755971941	2554.93840760075
B9J08_03275	10.9822122848836	10.3286108887872	8.56948289908053	10.5849338481647
B9J08_03274	791.564070071998	711.735186700061	446.565275518752	476.322023167411
B9J08_03273	2062.121552877	2169.0082866453	2167.12700870081	2130.21793694314
B9J08_03272	1166.64885887879	1199.05782772556	1103.55896444826	1017.47676615483
B9J08_03271	3995.8357005769	4170.88086981751	4705.59827636178	4440.37974930508
B9J08_03270	1607.62692139489	1599.99572313576	1557.74155809953	1521.58424067367
B9J08_03269	573.609395495077	553.05016486324	562.729377039621	564.97084414579
B9J08_03268	963.900324388634	973.706317424753	958.829919930455	959.259629989924
B9J08_03267	404.652283419944	453.519914480382	609.385450601282	620.541746848654
B9J08_03266	2922.9580388998	2736.14292090234	2516.57147802998	2423.94985122971
B9J08_03265	2254.73266064265	2160.55760500902	2282.33894545511	2142.12598752233
B9J08_03264	282.158377165472	262.910095350946	258.03665173898	265.946462935138
B9J08_03263	622.606957996865	599.998396175909	665.563171828588	625.834213772737
B9J08_03262	1069.49851943559	1060.09106304006	921.695494034439	860.02587516338
B9J08_03261	2203.20074145974	2190.60447304913	1978.59838492104	2090.52443501252
B9J08_03260	447.736346999103	447.886126722861	453.230428884704	451.18280527802
B9J08_03259	489.13083945751	520.186402944371	541.781752175202	435.305404505773
B9J08_03258	15525.469028584	16044.0885687915	19983.0819558892	20647.2365875762
B9J08_03257	1808.6858847643	1898.58647428433	2005.25899838484	1892.05692535944
B9J08_03256	404.652283419944	420.656152561513	471.321559449429	492.199423939658
B9J08_03255	4838.08690427144	4975.57355451665	5045.5210980253	5121.78486578069
B9J08_03254	224.712959059927	233.802191937091	229.471708742045	224.929844273499
B9J08_03253	1829.80552377369	1830.98102119409	1535.84176846854	1586.41696049368
B9J08_03252	1062.74023495259	1081.68724944389	1172.1148276409	1145.81908906383
B9J08_03251	2539.42539448925	2603.74890860062	2707.95659610945	3016.70614672693
B9J08_03250	2234.45780719363	2566.19032355048	1834.8215051698	2000.55249730312
B9J08_03249	915.747547447221	938.025661627125	656.041524162943	680.081999744581
B9J08_03248	220.489031258049	233.802191937091	301.836231000948	246.099711969829
B9J08_03247	2694.86593759837	2757.73910730617	3278.30329128159	3213.850539649
B9J08_03246	341.293366391769	370.891027370084	554.159894140541	530.569809139255
B9J08_03245	1114.2721541355	1127.69651613031	1160.68885044213	1074.37078558872
B9J08_03244	206.972462292038	186.853960624422	174.246152281304	170.682058301656
B9J08_03243	440.133276955722	425.35097569278	448.469605051881	471.029556243328
B9J08_03242	299.054088372986	248.825625957145	295.171077634996	318.871132175961
B9J08_03241	462.942487085865	430.984763450301	323.736020631931	329.456066024126
B9J08_03240	2959.28381799596	3111.7287714037	3774.38113466169	4338.4997610165
B9J08_03239	1148.9083621109	1292.01532572465	1197.82327633815	1275.48452870384
B9J08_03238	1180.1654278448	1458.2120645715	1459.66858714338	1382.65698391651
B9J08_03237	364.102576521912	428.16786957154	397.052707657398	321.517365638002
B9J08_03236	5756.36880839978	5715.47768000431	6126.22810807601	5763.49648032567
B9J08_03235	1220.71513474284	1292.01532572465	1219.72306596913	1276.80764543486
B9J08_03234	173.181039877011	172.769491230622	219.9500610764	202.43685984615
B9J08_03233	5176.0011284217	5230.03296823132	5583.49419113425	5955.34840632365
B9J08_03232	32.1018512942753	33.8027265451216	20.9476248644191	42.3397353926587
B9J08_03231	584.59160777996	585.913926782108	609.385450601282	449.859688546999
B9J08_03230	448.581132559478	411.26650629898	387.531059991753	395.611902575155
B9J08_03229	519.543119631034	492.01746415677	597.959473402508	542.47785971844
B9J08_03228	1953.14421558854	1971.82571513209	1845.29531760201	1813.99303822922
B9J08_03227	2280.07622745392	2180.27586216034	2516.57147802998	2331.33168005827
B9J08_03226	728.205153043824	792.486144557851	916.934670201617	869.287692280525
B9J08_03225	33627.5340163137	34066.5756050988	29548.5292007962	31795.8181631557
B9J08_03224	784.805785588993	874.176067041895	802.674898213876	812.393672846639
B9J08_03223	1407.41274358586	1461.02895845026	1127.36308361237	976.460147493192
B9J08_03222	1663.38276837969	1603.75158164077	2240.44369572628	2447.76595238808
B9J08_03221	914.05797632647	826.288871102973	804.579227747005	791.22380515031
B9J08_03220	1713.22511644185	1663.84531772099	1274.94862242987	1365.45646641324
B9J08_03219	3772.81231263772	4116.42092149481	4412.33152825991	4145.32471828749
B9J08_03218	2934.78503674506	2969.00614821318	3147.85671826225	3008.76744634081
B9J08_03217	625.986100238368	564.31774037828	570.346695172138	598.048762421305
B9J08_03216	843.94077481529	953.049095647179	732.214705488103	631.126680696819
B9J08_03215	22003.2847055446	22193.3679061248	18815.7279520811	21348.4884550171
B9J08_03214	6605.37829657733	7334.25269566514	8485.69239962285	8777.55639359056
B9J08_03213	1001.07088904516	955.865989525939	707.458421557426	615.249279924572
B9J08_03212	980.796035596147	1032.86108887872	1102.60679968169	1104.80247040219
B9J08_03211	1383.75874789534	1305.1608304922	1134.02823697832	1180.22012407036
B9J08_03210	4408.09105404022	4216.89013650392	4925.54833743818	4568.72207221408
B9J08_03209	0	0	610.337615367847	734.329785716425
B9J08_03208	5578.96384072089	5136.13650560598	5167.39818814556	5221.01862060723
B9J08_03207	0	0	0.952164766564503	1.32311673102059
B9J08_03206	624.296529117617	655.397309124858	698.888938658346	623.187980310696
B9J08_03205	1910.90493756976	1924.87748381943	2050.96290717994	1885.44134170433
B9J08_03204	2772.58620915293	2663.84264468083	2915.52851522051	2846.02408842528
B9J08_03203	4552.54938486446	6292.00196052389	13345.5413681681	13247.0447109781
B9J08_03202	951.228540982999	1014.08179635365	879.800244305601	870.610809011545
B9J08_03201	1663.38276837969	1508.91615438918	1495.85084827283	1438.22788661938
B9J08_03200	2160.11667788058	1906.09819129436	1344.45665038908	1136.55727194668
B9J08_03199	5279.90975234791	5021.58282120307	5011.24316642898	5011.96617710598
B9J08_03198	1926.11107765652	1922.99955456692	1872.90809583238	1950.27406152434
B9J08_03197	7669.80810265067	7231.90555140352	7477.34991183104	7496.77939796264
B9J08_03196	337.06943858989	333.332442319949	218.045731543271	292.408797555549
B9J08_03195	1513.01093863282	1877.92925250676	2796.50791939995	3170.18768752532
B9J08_03194	584.59160777996	621.594582579736	549.399070307718	504.107474518843
B9J08_03193	2764.98313910955	2751.1663549224	2497.52818269869	2418.65738430563
B9J08_03192	60.8245603470479	87.3237102415642	131.398737785901	136.28102329512
B9J08_03191	1404.87838690473	1919.2436960619	1714.84874458267	1491.1525558602
B9J08_03190	4459.62297322314	4356.79586581567	4086.69117809485	4122.83173386014
B9J08_03189	9547.76640336577	9328.61356182731	10029.1514862239	10618.0117664402
B9J08_03188	11329.419150198	10730.4877488236	12454.3151466637	12437.2972715935
B9J08_03187	973.192965552767	1123.00169299904	1191.15812297219	1086.2788361679
B9J08_03186	1068.65373387522	1084.50414332265	1251.14450326576	1380.01075045447
B9J08_03185	4474.8291133099	4425.34028353217	4740.82837272466	4116.21615020504
B9J08_03184	1240.98998819185	1329.57391077478	1539.6504275348	1508.35307336347
B9J08_03183	644.571382566633	541.782589348199	699.84110342491	800.485622267454
B9J08_03182	6415.3015454928	7184.95732009085	15658.3495861533	15614.1005427739
B9J08_03181	48765.2464726853	50332.2598256861	44654.6232223421	48345.3622347612
B9J08_03180	1168.33842999955	1343.65838016858	1168.30616857465	1239.76037696629
B9J08_03179	507.716121785775	434.740621955314	546.542576008025	551.739676835584
B9J08_03178	453.649845921732	472.299207005449	548.446905541154	509.399941442925
B9J08_03177	7614.05225566587	7524.86251479457	8329.53737790628	8404.43747544276
B9J08_03176	143.613545263863	183.098102119409	246.610674540206	260.653996011055
B9J08_03175	1127.78872310151	1049.76245215128	1054.04639658691	1151.11155598791
B9J08_03174	2174.47803240696	2130.51073696891	1985.26353828699	1941.0122444072
B9J08_03173	177.40496767889	184.976031371915	169.485328448482	162.743357915532
B9J08_03172	364.947362082287	338.96623007747	365.631270360769	391.642552382093
B9J08_03171	1491.04651406305	1467.60171083403	1463.47724620964	1630.07981261736
B9J08_03170	1919.35279317351	1922.99955456692	1893.8557206968	1872.21017439413
B9J08_03169	2438.05112724417	2535.20449088412	2718.43040854166	3021.99861365102
B9J08_03168	365.792147642663	391.548249147659	307.549219600335	292.408797555549
B9J08_03167	3595.40734495883	3709.8492383271	3531.57911918774	3712.66554724376
B9J08_03166	4233.22044304246	4201.86670248387	4776.05846908755	4510.50493604918
B9J08_03165	1064.42980607334	1064.78588617133	1055.95072612003	1012.18429923075
B9J08_03164	662.311879334522	707.040363568794	856.948289908053	858.70275843236
B9J08_03163	1344.89861211806	1347.4142386736	1313.03521309245	1279.45387889691
B9J08_03162	1257.04091383899	1368.07146045117	1025.48145358997	942.059112486657
B9J08_03161	899.696621800084	911.73465209203	791.248921015102	878.549509397669
B9J08_03160	1372.77653561046	1437.55484279392	1676.76215392009	1840.45537284963
B9J08_03159	499.268266182018	484.505747146743	431.33063925372	392.965669113114
B9J08_03158	1806.15152808317	1758.68074497258	1642.48422232377	1522.90735740469
B9J08_03157	667.380592696776	721.124832962594	700.793268191474	698.605633978869
B9J08_03156	1059.36109271108	990.607680697314	1074.04185668476	1032.03105019606
B9J08_03155	2037.6227716261	2119.24316145387	1471.09456434216	1513.64554028755
B9J08_03154	2344.27993004247	2229.10202272552	1873.86026059894	1759.74525225738
B9J08_03153	3047.14151627502	2939.89824479933	3486.82737515921	3347.48532948208
B9J08_03152	68.4276303904289	70.4223469690034	40.9430849622736	48.9553190477617
B9J08_03151	8183.43772335907	7738.00748495409	8591.38268871151	8448.10032756644
B9J08_03150	1012.05310133005	1010.32593784863	1074.99402145132	1065.10896847157
B9J08_03149	2039.31234274686	2168.06932201905	2541.32776196066	2389.54881622318
B9J08_03148	892.938337317078	931.452909243351	660.802347995765	705.221217633972
B9J08_03147	1475.84037397629	1511.73304826794	1754.83966477838	1607.58682819001
B9J08_03146	25433.9588662302	23979.2786252588	23679.3855796926	19298.9806386663
B9J08_03145	29962.8542554041	28573.6325415165	30244.5616451549	26290.329445379
B9J08_03144	466.321629327367	470.421277752942	516.073303477961	513.369291635987
B9J08_03143	672.44930605903	729.575514598875	607.481121068153	680.081999744581
B9J08_03142	99.6846961243285	115.492649029166	200.90676574511	197.144392922067
B9J08_03141	1518.07965199507	1541.77991630805	1502.51600163879	1587.7400772247
B9J08_03140	2574.06160246465	2615.01648411566	2825.07286239688	2644.91034531015
B9J08_03139	1670.14105286269	1754.92488646756	1241.62285560011	1292.68504620711
B9J08_03138	2275.85229965204	2531.44863237911	3814.3720548574	3732.51229820907
B9J08_03137	1056.82673602996	1066.66381542384	918.838999734746	767.407703991939
B9J08_03136	2345.12471560285	2596.23719159059	3010.74499187696	3110.6474346294
B9J08_03135	17.740496767889	17.8403278988142	19.0432953312901	19.8467509653088
B9J08_03134	699.482443991051	729.575514598875	799.818403914183	795.193155343372
B9J08_03133	3249.89005076518	3114.54566528246	2930.76315148554	3051.10718173347
B9J08_03132	2008.90006257333	1891.0747572743	1821.4911984379	1903.96497593862
B9J08_03131	699.482443991051	693.894858801246	638.902558364782	665.527715703354
B9J08_03130	1105.82429853175	1123.94065762529	1364.45211048693	1432.93541969529
B9J08_03129	2302.04065202369	2299.52436969452	2276.62595685573	2288.99194466561
B9J08_03128	179.094538799641	169.013632725608	213.284907710449	227.576077735541
B9J08_03127	1183.54457008631	1180.2785352005	1160.68885044213	1103.47935367117
B9J08_03126	15.206140086762	13.1455047675473	10.4738124322095	5.29246692408234
B9J08_03125	893.783122877454	832.861623486746	466.560735616607	431.336054312711
B9J08_03124	1274.78141060688	1212.20333249311	1487.28136537375	1406.47308507488
B9J08_03123	585.436393340336	693.894858801246	781.727273349457	747.560953026631
B9J08_03122	657.243165972268	657.275238377365	385.626730458624	404.873719692299
B9J08_03121	767.065288821104	819.716118719199	855.996125141489	793.870038612351
B9J08_03120	596.41860562522	702.345540437527	764.588307551296	787.254454957248
B9J08_03119	4.22392780187833	0.938964626253378	3.80865906625801	0
B9J08_03118	0.844785560375665	0	0	0
B9J08_03117	1992.00435136582	2087.31836416126	2322.32986565082	2282.37636101051
B9J08_03116	8276.36413500039	8471.33885805798	9521.64766564503	9740.78537377355
B9J08_03115	1202.12985241457	1143.65891477661	2149.98804290265	2185.78883964601
B9J08_03114	9040.89506714037	8590.58736559216	9595.91651743706	9048.79532344978
B9J08_03113	52.3767047432912	68.5444177164966	81.8861699245473	97.9106380955233
B9J08_03112	433.374992472716	557.744987994507	644.615546964169	748.884069757651
B9J08_03111	467.166414887743	476.055065510463	648.424206030427	672.143299358457
B9J08_03110	4656.45800879067	5280.737058049	7124.09678343561	7835.49728110391
B9J08_03109	673.294091619405	707.040363568794	591.294320036557	575.555777993955
B9J08_03108	522.922261872537	592.486679165882	514.168973944832	541.154742987419
B9J08_03107	1174.25192892217	1130.51341000907	935.977965532907	891.780676707874
B9J08_03106	733.273866406078	693.894858801246	438.947957386236	437.951637967814
B9J08_03105	439.288491395346	413.144435551486	234.232532574868	271.23892985922
B9J08_03104	6.75828448300532	0.938964626253378	4.76082383282252	1.32311673102059
B9J08_03103	2717.67514772852	2815.95491413388	2984.08437841315	2795.7456526465
B9J08_03102	3052.21022963728	3537.07974709648	5201.67611974188	5022.55111095414
B9J08_03101	460.408130404738	431.923728076554	484.651866181332	467.060206050267
B9J08_03100	566.006325451696	522.064332196878	371.344258960156	377.088268340867
B9J08_03099	2024.95098822047	1980.27639676837	1781.50027824219	1929.10419382801
B9J08_03098	628.520456919495	696.711752680006	660.802347995765	628.480447234778
B9J08_03097	1238.45563151073	1406.56901012756	1202.58410017097	1155.08090618097
B9J08_03096	526.30140411404	502.346075045557	464.656406083478	423.397353926587
B9J08_03095	1184.38935564668	1219.71504950314	1487.28136537375	1427.64295277121
B9J08_03094	227.247315741054	251.642519835905	189.480788546336	207.729326770232
B9J08_03093	2078.17247852414	1941.77884709199	1890.9992263971	1810.02368803616
B9J08_03092	3508.39443224014	3414.07538105728	3333.52884774233	3322.34611159269
B9J08_03091	1763.91225006439	1849.76031371915	2070.00620251123	1885.44134170433
B9J08_03090	576.143752176204	646.007662862324	532.260104509557	531.892925870275
B9J08_03089	362.41300540116	334.271406946203	329.449009231318	345.333466796373
B9J08_03088	749.324792053215	796.242003062865	608.433285834718	658.912132048251
B9J08_03087	687.655446145792	738.965160861409	912.173846368794	956.613396527883
B9J08_03086	4620.13222969451	4748.34411496333	4918.88318407222	5034.45916153333
B9J08_03085	484.062126095256	636.61801659979	1018.81630022402	1124.6492213675
B9J08_03084	299.898873933361	346.477947087497	295.171077634996	276.531396783302
B9J08_03083	3722.12517901518	3759.61436351853	4083.83468379515	4060.64524750218
B9J08_03082	3223.70169839354	3248.81760683669	3224.02989958741	3164.89522060124
B9J08_03081	924.195403050978	891.077430314456	775.062119983506	721.098618406219
B9J08_03080	1356.72560996332	1429.10416115764	1331.12634365718	1398.53438468876
B9J08_03079	29.5674946131483	40.3754789288953	46.6560735616607	47.6322023167411
B9J08_03078	2470.99776409882	2677.92711407463	2662.25268731435	2719.0048822473
B9J08_03077	654.708809291141	693.894858801246	751.258000819393	722.42173513724
B9J08_03076	391.135714453933	384.036532137632	168.533163681917	206.406210039211
B9J08_03075	4511.99967796643	4167.12501131249	4262.84165990928	4323.94547697527
B9J08_03074	544.886686442304	562.439811125774	669.371830894846	713.159918020095
B9J08_03073	2737.95000117753	2534.26552625787	2787.93843650087	2623.74047761382
B9J08_03072	1899.92272528487	2092.01318729253	2852.68564062725	2934.67290940366
B9J08_03071	659.777522653395	685.444177164966	2290.9084283542	2680.63449704771
B9J08_03070	284.692733846599	300.468680401081	269.462628937754	226.25296100452
B9J08_03069	379.308716608674	416.9002940565	344.68364549635	318.871132175961
B9J08_03068	421.547994627457	402.815824662699	444.660945985623	424.720470657608
B9J08_03067	575.298966615828	621.594582579736	558.920717973363	616.572396655593
B9J08_03066	2301.19586646331	2547.41103102541	3674.40383417242	3527.42920490088
B9J08_03065	2499.72047315159	2599.9930500956	2924.09799811959	2722.97423244036
B9J08_03064	1772.36010566815	1761.49763885134	2895.53305512265	2708.41994839914
B9J08_03063	1.68957112075133	0	0	0
B9J08_03062	14596.2049121707	15698.5495863302	13482.6530945534	13007.5605826634
B9J08_03061	559.24804096869	634.740087347284	690.319455759265	746.23783629561
B9J08_03060	621.76217243649	673.237637023672	539.877422642073	550.416560104563
B9J08_03059	38.0153502169049	39.4365143026419	49.5125678613542	51.6015525098028
B9J08_03058	128.407405177101	107.041967392885	81.8861699245473	116.434272329812
B9J08_03057	0.844785560375665	1.87792925250676	0	1.32311673102059
B9J08_03056	0.844785560375665	0.938964626253378	0	1.32311673102059
B9J08_03055	0	0	0	0
B9J08_03054	712.999012957062	659.153167629871	933.121471233213	903.68872728706
B9J08_03053	413.944924584076	427.228904945287	367.535599893898	374.442034878826
B9J08_03052	2242.90566279739	2199.99411931166	1801.49573834004	1888.08757516638
B9J08_03051	590.50510670259	605.632183933429	468.465065149736	465.737089319246
B9J08_03050	674.138877179781	708.9182928213	447.517440285317	447.213455084958
B9J08_03049	637.813098083627	655.397309124858	683.654302393313	609.95681300049
B9J08_03048	7689.23817053931	7242.2341622923	7001.26752854879	7013.84179114012
B9J08_03047	48232.1867840882	46709.7342976005	51397.8540991519	55238.8004033784
B9J08_03046	2035.08841494498	2225.34616422051	2655.5875339484	2816.91552034283
B9J08_03045	4527.20581805319	4520.17571078376	4239.03754074517	4133.41666770831
B9J08_03044	1025.56967029606	859.152633021841	783.631602882586	665.527715703354
B9J08_03043	829.579420288903	813.143366335425	527.499280676735	596.725645690284
B9J08_03042	666.5358071364	763.378241143996	1382.54324105166	1507.02995663245
B9J08_03041	612.469531272357	563.378775752027	309.453549133464	359.887750837599
B9J08_03040	474.769484931124	491.078499530517	503.695161512622	567.617077607831
B9J08_03039	659.777522653395	670.420743144912	726.501716888716	640.388497813963
B9J08_03038	646.260953687384	695.772788053753	736.975529320926	690.666933592746
B9J08_03037	691.87937394767	628.16733496351	592.246484803121	640.388497813963
B9J08_03036	2387.36399362163	2345.53363638094	1999.54600978546	2113.01741943987
B9J08_03035	1156.51143215429	1072.29760318136	904.556528236278	1042.61598404422
B9J08_03034	879.421768351068	831.922658860493	660.802347995765	643.034731276004
B9J08_03033	1231.69734702772	1299.52704273468	1203.53626493753	1184.18947426342
B9J08_03032	2658.54015850222	2709.85191136725	2637.49640338367	2416.01115084359
B9J08_03031	2301.19586646331	2202.81101319043	1962.41158388944	2147.41845444641
B9J08_03030	1087.23901620348	1092.01586033268	924.551988334133	1017.47676615483
B9J08_03029	397.893998936938	472.299207005449	310.405713900028	330.779182755146
B9J08_03028	1222.40470586359	1255.39570530077	1811.01738600569	1978.05951287577
B9J08_03027	1506.25265414981	1551.16956257058	1463.47724620964	1513.64554028755
B9J08_03026	0.844785560375665	2.81689387876013	0.952164766564503	1.32311673102059
B9J08_03025	39.7049213376563	39.4365143026419	72.3645222589023	72.7714202061322
B9J08_03024	6139.90145281034	6290.12403127138	13209.3818065494	16644.808476239
B9J08_03023	51.5319191829156	49.765125191429	60.9385450601282	71.4483034751116
B9J08_03022	13.5165689660106	4.69482313126689	13.330306731903	11.9080505791853
B9J08_03021	46.4632058206616	54.4599483226959	106.642453855224	93.9412879024616
B9J08_03020	0	0	0	0
B9J08_03019	0	0	0	0
B9J08_03018	0	0	0	0
B9J08_03017	0	0	0	0
B9J08_03016	0	0	0	0
B9J08_03015	0	0	0	0
B9J08_03014	0	0	0	0
B9J08_03013	0	0	0	0
B9J08_03012	0	3.75585850501351	0	0
B9J08_03011	565.16153989132	613.143900943456	598.911638169073	617.895513386613
B9J08_03010	388.601357772806	402.815824662699	286.601594735916	275.208280052282
B9J08_03009	1516.39008087432	1596.23986463074	1261.61831569797	1300.62374659324
B9J08_03008	4.22392780187833	0.938964626253378	0.952164766564503	0
B9J08_03007	8827.16432036533	8239.41459537339	8378.09778100106	8671.70705510892
B9J08_03006	1656.62448389668	1681.6856456198	1498.70734257253	1508.35307336347
B9J08_03005	1730.12082764936	1763.37556810384	1569.1675352983	1604.94059472797
B9J08_03004	3286.21582986134	3164.31079047388	3535.387778254	3647.83282742375
B9J08_03003	8418.2881091435	7939.88487959857	7684.92183094211	7249.35656926179
B9J08_03002	5831.55472327322	5570.87712756129	6187.16665313614	6507.08808315924
B9J08_03001	209.506818973165	215.961864038277	167.580998915353	158.77400772247
B9J08_03000	1140.46050650715	1213.14229711936	1249.24017373263	1249.02219408343
B9J08_02999	861.681271583179	919.246369102057	855.996125141489	956.613396527883
B9J08_02998	408.876211221822	390.609284521405	374.20075325985	430.01293758169
B9J08_02997	5877.1731435335	6136.13383256583	5974.83391019226	5775.40453090486
B9J08_02996	763.686146579601	863.847456153108	829.335511677682	770.053937453981
B9J08_02995	6513.29667049638	6853.50280702341	6957.46794928683	7222.89423464138
B9J08_02994	2565.6137468609	2489.19522419771	2530.85394952845	2712.3892985922
B9J08_02993	1251.97220047674	1276.99189170459	1647.24504615659	1655.21903050675
B9J08_02992	10.9822122848836	12.2065401412939	19.0432953312901	17.2005175032676
B9J08_02991	16352.5140921918	16776.4809772691	17331.3030810071	18630.8066895009
B9J08_02990	1394.74096018022	1455.39517069274	1552.9807342667	1585.09384376266
B9J08_02989	4402.17755511759	4355.85690118942	3783.90278232734	4125.47796732218
B9J08_02988	403.807497859568	469.482313126689	477.034548048816	437.951637967814
B9J08_02987	695.258516189173	699.528646558767	658.898018462636	666.850832434375
B9J08_02986	855.767772660549	950.232201768419	848.378807008973	796.516272074392
B9J08_02985	446.891561438727	432.862692702807	287.55375950248	321.517365638002
B9J08_02984	1779.11839015115	1837.55377357786	1632.01040989156	1845.74783977372
B9J08_02983	6823.33297115425	8600.91597648094	11477.3940961685	12003.3149838187
B9J08_02982	4888.77403789398	4532.38225092506	4191.42930241694	4394.07066371936
B9J08_02981	504.336979544272	432.862692702807	455.134758417833	432.659171043731
B9J08_02980	476.459056051875	467.604383874182	505.599491045751	497.49189086374
B9J08_02979	468.011200448119	495.773322661784	476.082383282252	488.230073746596
B9J08_02978	73.4963437526829	80.7509578577905	59.0342155269992	75.4176536681734
B9J08_02977	43.9288491395346	61.0327007064696	29.5171077634996	35.7241517375558
B9J08_02976	22798.2279178581	22669.4229716353	17375.1026602691	17805.181849344
B9J08_02975	43.9288491395346	49.765125191429	39.9909201957091	68.8020700130704
B9J08_02974	106.442980607334	89.2016394940709	81.8861699245473	80.7101205922557
B9J08_02973	24.4987812508943	30.9858326663615	34.2779315963221	29.1085680824529
B9J08_02972	4973.25259393154	4730.50378706452	4709.40693542803	5150.89343386314
B9J08_02971	1285.76362289176	1261.02949305829	1238.76636130042	1221.236742732
B9J08_02970	7.60307004338099	13.1455047675473	95.2164766564503	112.46492213675
B9J08_02969	342.138151952144	408.449612420219	350.396634095737	367.826451223723
B9J08_02968	2207.42466926161	2016.89601719226	2100.47547504129	2065.38521712313
B9J08_02967	399.58357005769	421.595117187767	426.569815420897	428.68982085067
B9J08_02966	659.777522653395	672.298672397419	786.48809718228	840.179124198072
B9J08_02965	3191.59984709926	2989.66336999076	2666.06134638061	2814.26928688078
B9J08_02964	993.467819001782	952.110131020925	1010.24681732494	861.348991894401
B9J08_02963	4529.74017473432	4363.36861819945	4523.73480594796	4239.26600618996
B9J08_02962	868.439556066184	889.199501061949	537.973093108944	508.076824711905
B9J08_02961	304.12280173524	330.515548441189	218.997896309836	203.75997657717
B9J08_02960	14910.4651406305	14438.4590578982	14005.3915513973	14842.7234885889
B9J08_02959	641.19224032513	622.53354720599	743.640682686877	711.836801289075
B9J08_02958	1402.3440302236	1315.48944138098	1325.41335505779	1320.47049755854
B9J08_02957	2545.33889341188	2450.69767452132	2378.50758687813	2300.8999952448
B9J08_02956	26557.5236615298	23198.060056216	24269.7277349626	22597.5106491006
B9J08_02955	1679.43369402682	1984.97121989964	3066.92271310427	3269.42144235187
B9J08_02954	45609.1276191218	44146.3608679288	41866.6847858412	43243.4241199458
B9J08_02953	84.4785560375665	78.8730286052838	62.8428745932572	51.6015525098028
B9J08_02952	3576.82206263057	3619.70863420677	3740.10320306537	4073.87641481238
B9J08_02951	562.627183210193	560.561881873267	537.973093108944	506.753707980884
B9J08_02950	1080.48073172048	1161.49924267543	1472.04672910872	1381.33386718549
B9J08_02949	0	0	0	0
B9J08_02948	16.8957112075133	20.6572217775743	15.2346362650321	17.2005175032676
B9J08_02947	69.2724159508046	84.506816362804	67.6036984260797	47.6322023167411
B9J08_02946	224.712959059927	227.229439553317	174.246152281304	168.035824839614
B9J08_02945	845.630345936041	857.274703769334	605.576791535024	501.461241056802
B9J08_02944	152.06140086762	160.562951089328	155.202856950014	158.77400772247
B9J08_02943	915.747547447221	950.232201768419	690.319455759265	705.221217633972
B9J08_02942	2398.34620590651	2363.37396427975	2084.2886740097	2234.74415869377
B9J08_02941	3231.30476843692	3080.74293873733	3075.49219600335	3082.86198327796
B9J08_02940	331.155939667261	330.515548441189	210.428413410755	254.038412355952
B9J08_02939	1.68957112075133	4.69482313126689	0	2.64623346204117
B9J08_02938	4076.09032881259	4885.43295039633	3258.30783118373	3569.76894029354
B9J08_02937	1425.99802591412	1406.56901012756	1383.49540581822	1373.39516679937
B9J08_02936	2380.60570913863	2337.08295474466	2299.47791125328	2353.82466448562
B9J08_02935	146.14790194499	207.511182401997	193.289447612594	193.175042729005
B9J08_02934	17004.6885448018	16926.7153174696	16375.3296553763	17752.2571801032
B9J08_02933	9034.13678265737	9306.07841079723	10508.0903638059	10895.8662799545
B9J08_02932	585.436393340336	601.876325428415	632.23740499883	519.98487529109
B9J08_02931	1815.4441692473	1858.21099535544	1870.05160153268	1668.45019781696
B9J08_02930	908.989262964216	907.039828960763	677.941313793926	682.728233206622
B9J08_02929	3439.96680184971	3371.82197287588	3584.90034611536	3418.93363295719
B9J08_02928	1159.89057439579	1154.92649029165	1287.32676439521	1082.30948597484
B9J08_02927	2045.22584166949	1993.42190153592	1817.68253937164	1815.31615496024
B9J08_02926	138.544831901609	110.797825897899	108.546783388353	101.879988288585
B9J08_02925	990.08867676028	1020.65454873742	759.827483718474	841.502240929092
B9J08_02924	5690.47553469048	5877.91856034615	6141.46274434105	6698.94000915722
B9J08_02923	7914.79591515961	7739.8854142066	7414.50703723779	7962.51648728188
B9J08_02922	14124.8145694811	13532.3581935637	13349.3500272343	12600.040629509
B9J08_02921	2258.11180288415	2261.96578464439	2390.88572884347	2369.70206525787
B9J08_02920	1369.39739336895	1353.98699105737	1328.26984935748	1260.93024466262
B9J08_02919	332.845510788012	322.064866804909	323.736020631931	287.116330631467
B9J08_02918	87.8576982790692	70.4223469690034	82.8383346911118	51.6015525098028
B9J08_02917	3656.23190530588	3876.9849418002	2545.13642102692	2471.58205354645
B9J08_02916	65.0484881489262	49.765125191429	50.4647326279187	86.002587516338
B9J08_02915	2429.60327164041	2527.69277387409	2112.85361700663	2259.88337658316
B9J08_02914	0	0	0	0
B9J08_02913	34248.4514031899	33431.8355177515	36912.5715054061	37629.4398302254
B9J08_02912	965.589895509386	984.973892939794	845.522312709279	836.20977400501
B9J08_02911	1000.22610348479	1044.12866439376	855.043960374924	807.101205922557
B9J08_02910	1323.77897310867	1282.62567946211	1358.73912188755	1292.68504620711
B9J08_02909	2838.47948286224	2873.23175633534	3212.60392238863	3475.82765239108
B9J08_02908	609.93517459123	542.721553974452	398.004872423962	344.010350065352
B9J08_02907	386.067001091679	341.78312395623	269.462628937754	234.191661390644
B9J08_02906	3352.95388913102	3325.81270618947	2888.8679017567	3241.63599100043
B9J08_02905	467.166414887743	392.487213773912	383.722400925495	329.456066024126
B9J08_02904	5361.85395170435	5227.21607435256	5685.37582115665	6033.41229345387
B9J08_02903	2982.0930281261	3103.27808976741	2929.81098671898	2843.37785496324
B9J08_02902	740.032150889083	871.359173163135	1028.33794788966	1050.55468443034
B9J08_02901	652.174452610014	738.965160861409	770.301296150683	808.424322653578
B9J08_02900	1639.72877268917	1653.5167068322	1634.86690419125	1692.26629897533
B9J08_02899	396.204427816187	358.68448722879	331.353338764447	342.687233334332
B9J08_02898	117.425192892217	140.844693938007	94.2643118898858	97.9106380955233
B9J08_02897	463.78727264624	460.092666864155	491.317019547284	498.815007594761
B9J08_02896	7103.80177719897	6349.27880272534	2966.94541261499	3090.80068366409
B9J08_02895	1421.77409811224	1542.7188809343	1568.21537053174	1630.07981261736
B9J08_02894	2770.05185247181	2984.02958223324	3204.98660425612	3008.76744634081
B9J08_02893	511.095264027278	554.928094115746	401.81353149022	411.489303347402
B9J08_02892	5702.30253253574	5134.25857635347	5070.27738195598	4880.97762073494
B9J08_02891	2211.64859706349	2203.74997781668	2320.42553611769	2311.48492909296
B9J08_02890	2156.73753563907	2153.045887999	2109.99712270694	1963.50522883455
B9J08_02889	72.6515581923072	71.3613115952567	75.2210165585958	55.5709027028646
B9J08_02888	322.708084063504	323.003831431162	310.405713900028	276.531396783302
B9J08_02887	1670.14105286269	1692.95322113484	1866.24294246643	1731.95980090595
B9J08_02886	24.4987812508943	15.9623986463074	10.4738124322095	14.5542840412264
B9J08_02885	2387.36399362163	2311.73090983582	2701.2914427435	2541.70724029054
B9J08_02884	2902.68318545079	3041.30642443469	2985.03654317972	2943.9347265208
B9J08_02883	370.860861004917	344.60001783499	355.15745792856	386.350085458011
B9J08_02882	1094.84208624686	1215.95919099812	996.916510593035	961.905863451966
B9J08_02881	1461.4790194499	1423.47037340012	1392.0648887173	1380.01075045447
B9J08_02880	959.676396586756	872.298137789388	830.287676444247	804.454972460516
B9J08_02879	4583.80645059836	4606.56045639907	4745.58919655748	5185.29446886967
B9J08_02878	2814.82548717172	2855.39142843652	2737.47370387295	2957.16589383101
B9J08_02877	6.75828448300532	4.69482313126689	9.52164766564503	7.93870038612351
B9J08_02876	55.7558469847939	92.0185333728311	67.6036984260797	108.495571943688
B9J08_02875	2753.15614126429	2531.44863237911	2619.40527281895	2414.68803411257
B9J08_02874	1277.31576728801	1281.68671483586	1225.43605456852	1200.06687503567
B9J08_02873	606.556032349728	622.53354720599	597.007308635944	718.452384944178
B9J08_02872	34977.501341794	33948.2660621909	34972.0597111476	37753.8128029414
B9J08_02871	395.359642255811	386.853426016392	219.9500610764	197.144392922067
B9J08_02870	892.093551756703	828.166800355479	765.540472317861	748.884069757651
B9J08_02869	383.532644410552	454.458879106635	317.07086726598	365.180217761682
B9J08_02868	5497.01964136445	5024.39971508183	4259.98516560959	4521.08986989734
B9J08_02867	620.072601315738	647.885592114831	730.310375954974	826.947956887866
B9J08_02866	1959.90250007154	1908.91508517312	1686.28380158574	1780.91511995371
B9J08_02865	716.378155198564	815.021295587932	797.914074381054	742.268486102548
B9J08_02864	161.354042031752	123.004366039193	154.25069218345	141.573490219203
B9J08_02863	103.063838365831	115.492649029166	70.4601927257733	109.818688674709
B9J08_02862	315.949799580499	321.125902178655	274.223452770577	251.392178893911
B9J08_02861	1578.90421234212	1575.58264285317	1468.23807004246	1475.27515508795
B9J08_02860	1665.07233950044	1569.00989046939	1046.42907845439	1001.59936538258
B9J08_02859	1224.93906254471	1110.79515285775	1034.05093648905	1090.24818636096
B9J08_02858	608.245603470479	634.740087347284	613.19410966754	613.926163193552
B9J08_02857	300.743659493737	328.637619188682	235.184697341432	302.993731403714
B9J08_02856	552.489756485685	555.867058742	596.055143869379	607.310579538449
B9J08_02855	1263.799198322	1450.70034756147	1179.73214577342	1153.75778944995
B9J08_02854	39.7049213376563	38.4975496763885	28.5649429969351	19.8467509653088
B9J08_02853	1502.87351190831	1485.44203873284	1526.3201208029	1557.30839241123
B9J08_02852	2663.60887186447	2486.37833031895	2665.10918161405	2658.14151262036
B9J08_02851	1.68957112075133	1.87792925250676	0	0
B9J08_02850	11.8269978452593	4.69482313126689	4.76082383282252	5.29246692408234
B9J08_02849	1.68957112075133	0	0	0
B9J08_02848	18546.4221924874	19947.3645201268	15070.863925183	18976.1401562972
B9J08_02847	1085.54944508273	1037.55591200998	1058.80722041973	1205.35934195975
B9J08_02846	212.041175654292	236.619085815851	223.758720142658	227.576077735541
B9J08_02845	2269.09401516904	2076.05078864622	2200.45277553057	2250.62155946602
B9J08_02844	2689.79722423612	2555.8617126617	3524.91396582179	3385.85571468168
B9J08_02843	344.672508633271	399.059966157686	492.269184313848	436.628521236793
B9J08_02842	479.838198293378	463.848525369169	503.695161512622	472.352672974349
B9J08_02841	3459.39686973835	2957.73857269814	3146.90455349568	2979.65887825836
B9J08_02840	5214.86126419898	5142.70925798975	4797.00609395197	4894.20878804515
B9J08_02839	2291.90322529918	2353.04535339097	2205.21359936339	2282.37636101051
B9J08_02838	1387.13789013684	1387.78971760249	1363.49994572037	1311.2086804414
B9J08_02837	1921.88714985464	1910.79301442562	1817.68253937164	1672.41954801002
B9J08_02836	49438.5405643047	47001.7522963653	43785.2967904687	47257.7602818622
B9J08_02835	4491.72482451741	4303.27488211923	3729.62939063316	3823.80735264949
B9J08_02834	559.24804096869	518.308473691865	493.221349080413	628.480447234778
B9J08_02833	1494.42565630455	1469.47964008654	1212.10574783661	1252.99154427649
B9J08_02832	9573.10997017704	13094.8006777296	25806.5216681977	27575.0757912
B9J08_02831	767.065288821104	805.631649325398	696.032444358652	750.207186488672
B9J08_02830	2045.22584166949	2290.13472343199	2388.98139931034	2512.59867220809
B9J08_02829	538.973187519675	605.632183933429	503.695161512622	493.522540670678
B9J08_02828	3573.44292038906	3358.67646810833	3490.63603422547	3433.48791699842
B9J08_02827	1350.81211104069	1267.60224544206	792.201085781667	916.919894597266
B9J08_02826	3574.28770594944	3705.15441519583	3603.94364144665	3694.14191300947
B9J08_02825	1588.19685350625	1569.94885509565	1510.1333197713	1423.67360257815
B9J08_02824	1301.8145485389	1338.96355703732	1065.47237378568	1083.63260270586
B9J08_02823	5437.88465213816	5583.08366770259	6036.72462001895	5743.64972936036
B9J08_02822	1051.7580226677	1192.48507534179	1140.69339034428	1190.80505791853
B9J08_02821	261.883523716456	276.994564744747	261.845310805238	280.500746976364
B9J08_02820	1059.36109271108	1107.03929435273	1054.04639658691	1004.24559884462
B9J08_02819	810.149352400263	707.040363568794	612.241944900976	717.129268213157
B9J08_02818	2895.08011540741	2862.90314544655	2989.79736701254	3183.41885483553
B9J08_02817	3.37914224150266	4.69482313126689	4.76082383282252	6.61558365510293
B9J08_02816	1084.70465952235	1151.17063178664	1350.16963898847	1201.38999176669
B9J08_02815	3.37914224150266	6.57275238377365	1.90432953312901	11.9080505791853
B9J08_02814	607.400817910103	630.045264216017	553.207729373976	611.27992973151
B9J08_02813	1704.77726083809	1672.29599935727	1799.59140880691	2020.39924826843
B9J08_02812	2974.48995808272	3104.21705439367	4575.15170334244	4788.3594495635
B9J08_02811	16.0509256471376	20.6572217775743	18.0911305647256	9.2618171171441
B9J08_02810	1179.32064228443	1176.52267669548	1091.18082248292	1153.75778944995
B9J08_02809	20.274853449016	10.3286108887872	14.2824714984676	5.29246692408234
B9J08_02808	1268.02312612387	1314.55047675473	1301.60923589368	1566.57020952837
B9J08_02807	81.9441993564395	53.5209836964425	42.8474144954027	54.247785971844
B9J08_02806	1719.98340092485	1715.48837216492	1177.82781624029	1247.69907735241
B9J08_02805	648.795310368511	684.505212538713	514.168973944832	460.444622395164
B9J08_02804	64.2037025885506	81.6899224840439	55.2255564607412	25.1392178893911
B9J08_02803	318.484156261626	312.675220542375	201.858930511675	179.9438754188
B9J08_02802	953.762897664126	961.499777283459	328.496844464754	387.673202189031
B9J08_02801	1306.88326190115	1374.64421283495	1355.88262758785	1397.21126795774
B9J08_02800	3.37914224150266	1.87792925250676	0	1.32311673102059
B9J08_02799	786.495356709744	895.772253445723	885.513232904988	756.822770143775
B9J08_02798	1017.1218146923	1074.17553243386	940.738789365729	858.70275843236
B9J08_02797	2661.91930074372	2584.0306514493	2734.61720957325	2606.53996011055
B9J08_02796	884.490481713322	760.561347265236	664.611007062023	676.112649551519
B9J08_02795	3284.52625874059	2948.34892643561	2827.92935669658	3066.98458250572
B9J08_02794	2346.8142867236	2544.59413714665	3607.7523005129	3555.21465625231
B9J08_02793	74.3411293130585	69.48338234275	60.9385450601282	70.125186744091
B9J08_02792	111.511693969588	112.675755150405	277.07994707027	240.807245045747
B9J08_02791	0	0	0	1.32311673102059
B9J08_02790	0.844785560375665	0	0	1.32311673102059
B9J08_02789	576.988537736579	533.331907711919	488.46052524759	492.199423939658
B9J08_02788	360.723434280409	409.388577046473	396.100542890833	375.765151609846
B9J08_02787	160.509256471376	178.403278988142	96.1686414230148	97.9106380955233
B9J08_02786	255.970024793827	280.75042324976	170.437493215046	210.375560232273
B9J08_02785	889.559195075576	911.73465209203	850.283136542101	890.457559976854
B9J08_02784	1762.22267894364	1801.87311778023	1592.01948969585	1505.70683990143
B9J08_02783	892.938337317078	769.012028901517	799.818403914183	750.207186488672
B9J08_02782	3253.26919300669	3504.21598517761	3093.58332656807	3560.50712317639
B9J08_02781	42246.8810888266	38238.3954395426	40919.2808431095	38695.871915428
B9J08_02780	936.022400896237	885.443642556936	963.590743763277	1024.09234980993
B9J08_02779	1823.89202485106	1893.89165115306	5516.84265747473	5419.48613026032
B9J08_02778	1190.30285456931	1180.2785352005	1353.02613328816	1332.37854813773
B9J08_02777	5805.36637090157	5832.84825828599	6361.41280541745	6013.56554248856
B9J08_02776	922.505831930227	1019.71558411117	1092.13298724949	1066.43208520259
B9J08_02775	165.57796983363	176.525349735635	156.155021716579	189.205692535944
B9J08_02774	28340.0211939224	27644.996526152	30121.7323902681	30745.2634787253
B9J08_02773	1626.21220372316	1546.47473943931	1332.07850842374	1245.05284389037
B9J08_02772	887.869623954824	910.795687465777	638.902558364782	746.23783629561
B9J08_02771	1042.46538150357	1022.53247798993	787.440261948844	838.856007467051
B9J08_02770	3125.70657338996	3203.74730477653	2599.40981272109	2860.57837246651
B9J08_02769	195.145464446779	205.63325314949	92.3599823567568	79.3870038612351
B9J08_02768	2008.90006257333	2037.55323896983	1591.06732492929	1501.73748970836
B9J08_02767	1163.26971663729	1064.78588617133	1037.85959555531	1038.64663385116
B9J08_02766	25462.6815752829	27276.9223926606	37942.8137828289	39840.3678877608
B9J08_02765	1390.51703237835	1539.90198705554	1440.62529181209	1410.44243526794
B9J08_02764	480.682983853754	484.505747146743	715.075739689942	760.792120336837
B9J08_02763	235.695171344811	266.665953855959	270.414793704319	301.670614672693
B9J08_02762	785.650571149369	832.861623486746	786.48809718228	785.931338226228
B9J08_02761	5067.86857669362	5296.69945669531	4732.25888982558	5119.13863231864
B9J08_02760	1441.20416600089	1438.49380742018	1414.91684311485	1291.36192947609
B9J08_02759	244.987812508943	303.285574279841	441.80445168593	428.68982085067
B9J08_02758	6231.98307889128	6510.78071844092	7165.99203316445	7504.71809834876
B9J08_02757	439.288491395346	507.040898176824	2255.67833199131	2343.23973063746
B9J08_02756	2367.08914017261	2333.32709623964	2122.37526467228	2372.34829871991
B9J08_02755	185.852823282646	184.976031371915	135.207396852159	138.927256757161
B9J08_02754	579.522894417706	553.989129489493	376.105082792979	357.241517375558
B9J08_02753	608.245603470479	574.646351267067	522.738456843912	469.706439512308
B9J08_02752	284.692733846599	318.309008299895	257.084486972416	258.007762549014
B9J08_02751	374.24000324642	435.679586581567	373.248588493285	354.595283913517
B9J08_02750	188.387179963773	177.464314361888	262.797475571803	238.161011583705
B9J08_02749	728.205153043824	816.899224840439	710.31491585712	781.961988033166
B9J08_02748	3875.03136544318	4031.91410513201	3796.28092429268	4032.85979615074
B9J08_02747	4707.98992797358	5707.02699836803	8133.39143599399	8413.6992925599
B9J08_02746	8707.20477079198	8776.50236159032	8851.32366998362	8858.26651418282
B9J08_02745	2976.17952920347	3283.55929800806	3582.04385181566	3552.56842279027
B9J08_02744	3751.69267362833	3576.51626139912	3173.56516695949	3448.04220103965
B9J08_02743	125.028262935598	120.187472160432	86.6469937573698	108.495571943688
B9J08_02742	77.7202715545612	63.8495945852297	50.4647326279187	54.247785971844
B9J08_02741	23.6539956905186	28.1689387876013	17.1389657981611	13.2311673102059
B9J08_02740	1332.22682871242	1037.55591200998	1701.51843785077	918.243011328286
B9J08_02739	3729.72824905856	3514.54459606639	3070.73137217052	3133.14041905675
B9J08_02738	5225.84347648387	5210.31471108	4742.73270225779	5488.28820027339
B9J08_02737	477.303841612251	628.16733496351	749.353671286264	736.976019178466
B9J08_02736	2881.56354644139	2983.09061760698	2959.32809448248	3033.9066642302
B9J08_02735	1224.93906254471	1360.55974344114	3871.50194085127	3911.13305689685
B9J08_02734	1976.79821127906	1999.9946539197	3967.67058227429	4314.68365985813
B9J08_02733	1524.83793647808	1812.20172866902	2679.39165311251	2634.32541146199
B9J08_02732	34680.1368245418	33690.9897545975	32788.7459014152	37254.9977953466
B9J08_02731	5224.99869092349	5410.31417647196	5901.51722316679	5779.37388109792
B9J08_02730	1058.51630715071	1070.41967392885	1016.91197069089	1123.32610463648
B9J08_02729	63815.1012307778	62840.2076120073	61785.0195376041	67328.1179747135
B9J08_02728	576.143752176204	554.928094115746	474.178053749123	423.397353926587
B9J08_02727	1164.11450219767	1123.94065762529	1161.64101520869	1272.8382952418
B9J08_02726	1510.47658195169	1664.78428234724	1137.83689604458	1151.11155598791
B9J08_02725	564.316754330944	557.744987994507	512.264644411703	583.494478380078
B9J08_02724	6612.98136662071	6661.01505864146	5431.14782848393	5619.27675664443
B9J08_02723	2148.28968003532	2276.98921866444	2846.97265202787	3242.95910773145
B9J08_02722	20176.013538452	21490.0834010611	20620.0801847209	24559.6927612041
B9J08_02721	0	0	1.90432953312901	0
B9J08_02720	1090.61815844498	1143.65891477661	1136.88473127802	1182.8663575324
B9J08_02719	1387.13789013684	1322.06219376476	1148.31070847679	1170.95830695322
B9J08_02718	992.623033441407	1108.91722360524	1276.852951963	1500.41437297734
B9J08_02717	515.319191829156	592.486679165882	355.15745792856	422.074237195567
B9J08_02716	871.818698307687	815.021295587932	709.362751090555	699.92875070989
B9J08_02715	4756.142704915	5111.72342532339	5267.37548863483	5598.1068889481
B9J08_02714	15.206140086762	14.0844693938007	26.6606134638061	22.4929844273499
B9J08_02713	1394.74096018022	1422.53140877387	855.043960374924	1018.79988288585
B9J08_02712	1091.46294400536	1060.09106304006	1283.51810532895	1119.35675444342
B9J08_02711	2134.77311106931	2153.98485262525	2085.24083877626	2165.9420886807
B9J08_02710	2067.19026623925	2069.47803626245	2211.87875272934	2130.21793694314
B9J08_02709	1300.96976297852	1191.54611071554	1016.91197069089	1159.05025637403
B9J08_02708	820.286779124771	796.242003062865	603.672462001895	644.357848007025
B9J08_02707	1004.45003128667	948.354272515912	743.640682686877	771.377054185001
B9J08_02706	3323.38639451787	3550.22525186402	3160.23486022759	3241.63599100043
B9J08_02705	375.929574367171	416.9002940565	557.016388440234	595.402528959263
B9J08_02704	206.972462292038	211.26704090701	228.519543975481	238.161011583705
B9J08_02703	0	0	0	0
B9J08_02702	0	0	0	0
B9J08_02701	1726.74168540786	1814.07965792153	1910.99468649496	1937.04289421414
B9J08_02700	663.156664894897	537.087766216932	462.752076550349	498.815007594761
B9J08_02699	386.911786652055	390.609284521405	350.396634095737	365.180217761682
B9J08_02698	9357.68965228125	10306.0757377571	5975.78607495882	6820.66674841112
B9J08_02697	4771.34884500176	4758.67272585212	5021.71697886119	5455.21028199787
B9J08_02696	1404.03360134436	1307.0387597447	1365.4042752535	1431.61230296427
B9J08_02695	1557.78457333273	1655.39463608471	1618.68010315966	1639.34162973451
B9J08_02694	999.381317924412	1062.90795691882	890.274056737811	863.995225356442
B9J08_02693	1596.64470911001	1567.13196121689	1440.62529181209	1406.47308507488
B9J08_02692	2391.58792142351	2440.36906363253	2456.58509773642	2367.05583179583
B9J08_02691	4817.81205082242	5078.85966340452	6067.19389254902	5660.29337530606
B9J08_02690	792.408855632374	771.828922780277	607.481121068153	559.678377221708
B9J08_02689	2073.94855072226	2040.37013284859	2284.24327498824	2181.81948945295
B9J08_02688	1616.91956255902	1668.54014085225	1059.75938518629	1137.8803886777
B9J08_02687	3303.11154106885	3282.62033338181	3133.57424676378	3332.93104544085
B9J08_02686	5720.04302930363	5801.86242561962	6492.81154320335	5935.50165535835
B9J08_02685	25776.9418037427	24089.1374865304	24268.7755701961	23158.5121430533
B9J08_02684	862.526057143554	822.533012597959	912.173846368794	845.471591122154
B9J08_02683	1768.13617786627	1934.26713008196	1766.26564197715	1765.03771918146
B9J08_02682	209.506818973165	351.172770218763	111.403277688047	95.2644046334821
B9J08_02681	0	0	0	0
B9J08_02680	44.7736346999103	45.0703020601621	42.8474144954027	52.9246692408234
B9J08_02679	1488.51215738192	1435.67691354142	1486.32920060719	1292.68504620711
B9J08_02678	2219.25166710687	1934.26713008196	1863.38644816673	1775.62265302963
B9J08_02677	796.632783434252	759.622382638983	767.44480185099	726.391085330301
B9J08_02676	641.19224032513	730.514479225128	617.954933500363	617.895513386613
B9J08_02675	699.482443991051	755.866524133969	860.756948974311	860.02587516338
B9J08_02674	506.026550665024	565.256705004534	742.688517920313	658.912132048251
B9J08_02673	2906.06232769229	2666.65953855959	2693.67412461098	2580.07762549014
B9J08_02672	6009.80447651248	5557.73162279375	5292.13177256551	5198.52563617988
B9J08_02671	2777.65492251519	2810.32112637636	3179.27815555888	3205.91183926288
B9J08_02670	212.885961214668	219.71772254329	219.9500610764	220.960494080438
B9J08_02669	60769.6492856235	61597.0184468479	65439.4279116786	70125.186744091
B9J08_02668	1180.1654278448	1302.34393661344	1060.71154995286	1182.8663575324
B9J08_02667	128.407405177101	123.004366039193	135.207396852159	130.988556371038
B9J08_02666	222.1786023788	236.619085815851	245.658509773642	220.960494080438
B9J08_02665	366.636933203039	317.370043673642	296.123242401561	351.949050451476
B9J08_02664	1366.01825112745	1461.96792307651	1418.72550218111	1354.87153256508
B9J08_02663	7227.98525457419	6776.50770767063	7345.95117404514	7675.40015665042
B9J08_02662	6629.87707782822	6887.30553356853	7897.25457388599	7570.87393489979
B9J08_02661	648.795310368511	710.796222073807	634.141734531959	572.909544531913
B9J08_02660	106.442980607334	119.248507534179	116.164101520869	96.5875213645027
B9J08_02659	21085.8475869766	18753.0015155325	17801.67247569	18087.0057130514
B9J08_02658	4807.67462409791	5049.75175999067	5105.50747831887	5224.98797080029
B9J08_02657	846.475131496417	770.889958154023	805.53139251357	718.452384944178
B9J08_02656	3053.05501519765	2970.88407746569	3015.50581570978	3115.93990155348
B9J08_02655	4637.8727264624	4611.25527953034	5434.00432278362	5668.23207569219
B9J08_02654	2275.85229965204	2323.93744997711	2008.11549268454	2221.51299138356
B9J08_02653	2983.78259924685	3230.97727893787	2716.52607900853	2916.14927516937
B9J08_02652	1907.52579532825	2092.95215191878	1582.4978420302	1512.32242355653
B9J08_02651	8926.00423092928	8745.51652892396	10659.4845616896	10285.909466954
B9J08_02650	7632.63753799414	8114.53230008169	7436.40682686877	7770.6645612839
B9J08_02649	802.546282356882	772.76788740653	684.606467159878	729.037318792342
B9J08_02648	736.65300864758	841.312305123027	870.278596639956	849.440941315216
B9J08_02647	521.232690751786	507.040898176824	483.699701414768	467.060206050267
B9J08_02646	141.923974143112	129.577118422966	182.815635180385	153.481540798388
B9J08_02645	1418.39495587074	1440.37173667268	1380.63891151853	1332.37854813773
B9J08_02644	1020.5009569338	1041.311770515	1275.90078719643	1004.24559884462
B9J08_02643	20.274853449016	21.5961864038277	29.5171077634996	18.5236342342882
B9J08_02642	331.155939667261	407.510647793966	725.549552122152	781.961988033166
B9J08_02641	365.792147642663	412.205470925233	386.578895225188	411.489303347402
B9J08_02640	528.835760795166	639.43491047855	573.203189471831	583.494478380078
B9J08_02639	10111.2383721363	9848.79996477168	8615.18680787563	8821.21924571424
B9J08_02638	1233.38691814847	1188.72921683678	1209.24925353692	1137.8803886777
B9J08_02637	802.546282356882	794.364073810358	952.164766564503	886.488209783792
B9J08_02636	582.902036659209	575.585315893321	501.790831979493	637.742264351922
B9J08_02635	55.7558469847939	47.8871959389223	19.0432953312901	23.8161011583705
B9J08_02634	21.1196390093916	39.4365143026419	19.9954600978546	17.2005175032676
B9J08_02633	30.412280173524	38.4975496763885	23.8041191641126	22.4929844273499
B9J08_02632	3902.0645033752	3755.85850501351	2635.59207385055	2803.68435303262
B9J08_02631	1128.63350866189	1026.28833649494	772.205625683812	730.360435523363
B9J08_02630	3.37914224150266	7.51171701002702	1.90432953312901	3.96935019306176
B9J08_02629	843.94077481529	920.185333728311	705.554092024297	776.669521109084
B9J08_02628	1367.7078222482	1422.53140877387	1478.71188247467	1370.74893333733
B9J08_02627	2146.60010891457	2120.18212608013	2408.02469464163	2340.59349717542
B9J08_02626	1072.87766167709	1224.40987263441	1667.24050625445	1684.32759858921
B9J08_02625	797.477568994628	807.509578577905	876.943750005908	875.903275935627
B9J08_02624	3303.95632662923	3417.8312395623	3368.75894410521	3280.00637620003
B9J08_02623	1867.8208739906	1842.24859670913	1902.42520359588	1982.02886306884
B9J08_02622	258.504381474954	302.346609653588	199.954600978546	256.684645817994
B9J08_02621	302.433230614488	324.881760683669	359.918281761382	357.241517375558
B9J08_02620	3290.43975766322	3387.78437152219	4194.28579671664	4749.9890643639
B9J08_02619	1560.31893001385	1455.39517069274	1272.09212813018	1599.64812780389
B9J08_02618	373.395217686044	445.069232844101	390.387554291446	312.255548520858
B9J08_02617	1371.0869644897	1317.36737063349	1449.19477471117	1679.03513166512
B9J08_02616	505.181765104648	473.238171631703	618.907098266927	612.603046462531
B9J08_02615	2224.32038046913	2170.88621589781	2452.77643867016	2267.82207696928
B9J08_02614	91.2368405205719	83.5678517365507	1677.71431868665	1647.28033012063
B9J08_02613	0	0	0.952164766564503	0
B9J08_02612	6237.89657781391	6253.5044108475	6163.36253397203	6095.59877981184
B9J08_02611	1110.04822633362	1205.63058010934	1255.90532709858	1378.68763372345
B9J08_02610	12.671783405635	8.4506816362804	6.66515336595152	14.5542840412264
B9J08_02609	2988.00652704873	3057.268823081	3586.80467564848	3735.15853167111
B9J08_02608	17885.7998842736	17682.5818416036	16253.4525652561	18703.578109707
B9J08_02607	3344.50603352726	3030.9778135459	3649.64755024174	3168.8645707943
B9J08_02606	4087.91732665784	3930.50592549664	3536.33994302057	3675.61827877519
B9J08_02605	547.421043123431	492.01746415677	576.059683771525	678.75888301356
B9J08_02604	726.515581923072	751.171701002702	792.201085781667	830.917307080928
B9J08_02603	16834.0418616059	16860.9877936319	19645.0634637588	21914.782415894
B9J08_02602	364.947362082287	382.158602885125	465.608570850042	471.029556243328
B9J08_02601	4582.11687947761	4662.89833397428	4314.25855730376	4349.08469486466
B9J08_02600	19.4300678886403	31.9247972926149	39.0387554291446	33.0779182755146
B9J08_02599	2.534356681127	0.938964626253378	1.90432953312901	0
B9J08_02598	783.961000028617	825.349906476719	831.239841210812	812.393672846639
B9J08_02597	1142.99486318828	1059.15209841381	1190.20595820563	1160.37337310505
B9J08_02596	4890.46360901473	4767.1234074884	5585.39852066738	5737.03414570526
B9J08_02595	1622.83306148165	1576.52160747942	1232.10120793447	1282.10011235895
B9J08_02594	3064.03722748254	3018.77127340461	3098.34415040089	3262.80585869676
B9J08_02593	2875.65004751876	2639.42956439825	2333.7558428496	2369.70206525787
B9J08_02592	517.008762949907	472.299207005449	592.246484803121	619.218630117634
B9J08_02591	585.436393340336	606.571148559682	517.97763301109	612.603046462531
B9J08_02590	76434.5079316694	75473.0376936203	84497.0057144672	81054.1309423211
B9J08_02589	2024.95098822047	2203.74997781668	1884.33407303115	1684.32759858921
B9J08_02588	1551.02628884972	1584.9722891157	1593.92381922898	1615.52552857613
B9J08_02587	336.224653029515	409.388577046473	334.209833064141	354.595283913517
B9J08_02586	454.494631482108	483.56678252049	472.273724215994	439.274754698834
B9J08_02585	366.636933203039	355.86759335003	274.223452770577	284.470097169426
B9J08_02584	991.778247881031	1057.2741691613	880.752409072166	973.813914031151
B9J08_02583	3693.40246996241	3533.32388859146	3077.39652553648	3000.82874595469
B9J08_02582	333.690296348388	335.210371572456	177.102646580998	179.9438754188
B9J08_02581	415.634495704827	442.252338965341	313.262208199722	297.701264479632
B9J08_02580	1304.34890522003	1367.13249582492	1514.89414360412	1524.23047413571
B9J08_02579	264.417880397583	252.581484462159	262.797475571803	295.055031017591
B9J08_02578	829.579420288903	838.495411244267	893.130551037504	983.075731148295
B9J08_02577	3203.42684494452	3647.87757299437	4730.35456029245	4888.91632112106
B9J08_02576	125.873048495974	130.51608304922	138.063891151853	100.556871557564
B9J08_02575	212.885961214668	208.45014702825	292.314583335303	334.748532948208
B9J08_02574	4162.2584559709	4292.00730660419	4320.92371066972	4263.08210734833
B9J08_02573	568.540682132823	692.01692954874	661.75451276233	608.633696269469
B9J08_02572	24016.4086959198	25480.6830626379	24882.9218446302	29997.7025256987
B9J08_02571	6881.62317482017	6897.63414445732	6437.58598674261	6601.0293710617
B9J08_02570	991.778247881031	976.523211303513	936.930130299471	981.752614417274
B9J08_02569	2808.06720268871	2706.09605286224	2467.05891016863	2314.131162555
B9J08_02568	404.652283419944	418.778223309007	378.009412326108	345.333466796373
B9J08_02567	489.975625017886	525.820190701892	378.009412326108	387.673202189031
B9J08_02566	1243.52434487298	1238.49434202821	1046.42907845439	1014.83053269279
B9J08_02565	277.934449363594	267.604918482213	328.496844464754	394.288785844134
B9J08_02564	2.534356681127	1.87792925250676	2.85649429969351	0
B9J08_02563	50233.4837766182	46893.7713643462	44964.0767714755	50971.748945837
B9J08_02562	34353.2048126764	32107.8953947343	30098.8804358705	30811.4193152764
B9J08_02561	1979.33256796018	1783.09382525517	1423.48632601393	1290.03881274507
B9J08_02560	3971.336919326	4138.95607252489	4216.18558634762	4723.52672974349
B9J08_02559	616.693459074236	644.129733609817	612.241944900976	607.310579538449
B9J08_02558	675.828448300532	669.481778518659	787.440261948844	762.115237067857
B9J08_02557	857.4573437813	846.007128254294	842.665818409586	834.886657273989
B9J08_02556	1289.98755069364	1435.67691354142	1316.84387215871	1469.98268816387
B9J08_02555	828.734634728528	904.222935082003	688.415126226136	747.560953026631
B9J08_02554	1118.49608193738	1153.9875256654	980.729709561439	1022.76923307891
B9J08_02553	576.988537736579	647.885592114831	536.068763575815	558.355260490687
B9J08_02552	1589.886424627	1781.21589600266	2267.10430919008	2218.86675792152
B9J08_02551	562.627183210193	620.655617953483	423.713321121204	383.70385199597
B9J08_02550	190.076751084525	183.098102119409	59.9863802935637	70.125186744091
B9J08_02549	1001.07088904516	938.964626253378	814.10087541265	815.039906308681
B9J08_02548	3129.08571563146	3246.93967758418	3383.99358037025	3555.21465625231
B9J08_02547	3655.3871197455	3646.93860836812	3258.30783118373	3277.36014273799
B9J08_02546	2755.69049794542	2725.81431001356	2880.29841885762	2871.16330631467
B9J08_02545	4026.24798075042	4132.38332014112	4286.64577907339	4540.93662086265
B9J08_02544	4729.95435254335	4822.52232043735	4733.21105459215	4895.53190477617
B9J08_02543	0.844785560375665	0	0	0
B9J08_02542	1799.39324360017	1840.37066745662	1910.99468649496	2253.26779292806
B9J08_02541	632.744384721373	638.495945852297	458.943417484091	510.723058173946
B9J08_02540	184.163252161895	159.623986463074	147.585538817498	146.865957143285
B9J08_02539	2638.2653050532	3206.56419865529	2975.51489551407	3133.14041905675
B9J08_02538	576.988537736579	500.468145793051	591.294320036557	586.140711842119
B9J08_02537	171.49146875626	178.403278988142	185.672129480078	161.420241184511
B9J08_02536	850.699059298295	871.359173163135	914.078175901923	1080.98636924382
B9J08_02535	974.882536673518	1044.12866439376	1145.4542141771	1147.14220579485
B9J08_02534	1399.80967354248	1445.06655980395	1456.81209284369	1390.59568430264
B9J08_02533	715.533369638189	709.857257447554	695.080279592087	633.77291415886
B9J08_02532	513.629620708405	488.261605651757	362.774776061076	435.305404505773
B9J08_02531	517.008762949907	511.735721308091	454.182593651268	500.138124325781
B9J08_02530	1948.07550222628	2113.60937369635	2280.43461592199	2163.29585521866
B9J08_02529	1286.60840845214	1357.74284956238	1428.24714984676	1418.38113565407
B9J08_02528	1039.93102482244	964.316671162219	816.005204945779	644.357848007025
B9J08_02527	4927.63417367126	4696.7010605194	5467.33008961338	5332.16042601296
B9J08_02526	105.598195046958	120.187472160432	76.1731813251603	75.4176536681734
B9J08_02525	1824.73681041144	1790.60554226519	1672.00133008727	1679.03513166512
B9J08_02524	872.663483868062	957.743918778446	987.39486292739	1094.21753655402
B9J08_02523	3511.77357448164	3492.94840966257	3780.09412326108	4171.78705290791
B9J08_02522	5.06871336225399	5.63378775752027	3.80865906625801	1.32311673102059
B9J08_02521	16.0509256471376	16.9013632725608	12.3781419653385	9.2618171171441
B9J08_02520	19.4300678886403	19.7182571513209	17.1389657981611	21.1698676963294
B9J08_02519	1361.79432332557	1538.96302242929	1210.20141830348	1409.11931853692
B9J08_02518	1199.59549573344	1123.94065762529	1234.95770223416	1252.99154427649
B9J08_02517	1247.74827267486	1369.94938970368	1163.54534474182	1227.8523263871
B9J08_02516	497.578695061267	486.38367639925	382.77023615893	439.274754698834
B9J08_02515	3.37914224150266	0	0	2.64623346204117
B9J08_02514	966.434681069761	900.46707657699	817.909534478908	924.858594983389
B9J08_02513	3315.78332447449	3080.74293873733	3379.23275653742	3121.23236847756
B9J08_02512	42708.9787903521	40006.4658307777	41584.8440149381	39129.8542032028
B9J08_02511	2536.04625224775	2555.8617126617	1575.83268866425	1761.0683689884
B9J08_02510	1337.29554207468	1391.54557610751	1570.11970006487	1548.04657529408
B9J08_02509	877.732197230316	861.969526900601	671.276160427975	726.391085330301
B9J08_02508	759.462218777723	738.026196235155	726.501716888716	766.084587260919
B9J08_02507	740.876936449459	730.514479225128	756.97098941878	812.393672846639
B9J08_02506	796.632783434252	819.716118719199	894.082715804069	910.304310942163
B9J08_02505	1257.88569939937	1213.14229711936	1281.61377579582	1192.12817464955
B9J08_02504	860.836486022803	904.222935082003	930.26497693352	1000.27624865156
B9J08_02503	7686.70381385818	7652.56170396503	8323.82438930689	7859.31338226228
B9J08_02502	679.207590542035	692.01692954874	934.073635999778	996.306898458501
B9J08_02501	4681.80157560194	4573.6966944802	5151.21138711396	5161.4783677113
B9J08_02500	587.970750021463	630.045264216017	656.993688929507	763.438353798878
B9J08_02499	1303.50411965965	1347.4142386736	1017.86413545745	1067.75520193361
B9J08_02498	133.476118539355	158.685021836821	124.73358441995	136.28102329512
B9J08_02497	970.658608871639	1099.52757734271	1123.55442454611	1047.9084509683
B9J08_02496	1721.67297204561	1694.83115038735	1823.39552797102	1755.77590206432
B9J08_02495	2253.0430895219	2068.53907163619	2257.58266152444	2012.46054788231
B9J08_02494	1937.0932899414	1865.72271236546	1382.54324105166	1356.1946492961
B9J08_02493	347.206865314398	366.196204238817	355.15745792856	373.118918147805
B9J08_02492	870.129127186935	903.28397045575	974.064556195487	849.440941315216
B9J08_02491	624.296529117617	638.495945852297	447.517440285317	439.274754698834
B9J08_02490	667.380592696776	671.359707771165	694.128114825523	609.95681300049
B9J08_02489	507.716121785775	582.158068277094	670.32399566141	673.466416089478
B9J08_02488	1563.69807225536	1765.25349735635	1791.02192590783	1897.34939228352
B9J08_02487	1344.89861211806	1425.34830265263	1459.66858714338	1475.27515508795
B9J08_02486	5350.02695385909	5547.40301190496	5425.43483988454	5621.92299010647
B9J08_02485	740.032150889083	726.758620720115	748.4015065197	838.856007467051
B9J08_02484	1637.19441600804	1641.3101666909	1657.7188585888	1795.46940399493
B9J08_02483	457.873773723611	518.308473691865	491.317019547284	455.152155471081
B9J08_02482	1947.23071666591	1950.22952872827	1747.22234664586	1730.63668417493
B9J08_02481	1483.44344401967	1442.24966592519	998.820840126164	1033.35416692708
B9J08_02480	3087.69122317306	3077.92604485857	3681.06898753837	3790.72943437398
B9J08_02479	947.004613181121	869.481243910628	1077.85051575102	849.440941315216
B9J08_02478	2352.72778564623	2409.38323096617	2549.89724485974	2368.37894852685
B9J08_02477	1571.30114229874	1667.601176226	1574.88052389769	1497.7681395153
B9J08_02476	1449.65202160464	1467.60171083403	1478.71188247467	1328.40919794467
B9J08_02475	54466.7042196606	56982.0073088125	57886.856983289	65601.4506407316
B9J08_02474	691.034588387294	797.180967689118	1020.72062975715	957.936513258904
B9J08_02473	707.930299594808	682.627283286206	793.153250548231	811.070556115619
B9J08_02472	1381.22439121421	1308.91668899721	1266.37913953079	1208.00557542179
B9J08_02471	3543.03064021554	3707.97130907459	4531.35212408047	3949.50344209645
B9J08_02470	1166.64885887879	1277.93085633085	918.838999734746	746.23783629561
B9J08_02469	5757.21359396016	5664.77359018663	5746.31436621678	5739.6803791673
B9J08_02468	3222.01212727279	3446.0001783499	3917.20584964637	3833.06916976664
B9J08_02467	319.328941822002	334.271406946203	328.496844464754	302.993731403714
B9J08_02466	1273.9366250465	1312.67254750222	1367.30860478663	1337.67101506181
B9J08_02465	20124.4816192691	20660.9776360793	18573.8781013738	17740.349129524
B9J08_02464	4494.25918119854	4556.79533120764	4888.41391154216	4963.01085805822
B9J08_02463	664.001450455273	630.045264216017	677.941313793926	717.129268213157
B9J08_02462	1977.64299683943	2340.83881324967	2614.64444898613	2601.24749318647
B9J08_02461	365.792147642663	368.074133491324	359.918281761382	358.564634106579
B9J08_02460	17.740496767889	11.2675755150405	24.7562839306771	18.5236342342882
B9J08_02459	4422.45240856661	4304.21384674549	6699.43129754785	6426.37796256698
B9J08_02458	956.297254345253	993.424574576074	1423.48632601393	1513.64554028755
B9J08_02457	544.041900881929	503.285039671811	566.53803610588	564.97084414579
B9J08_02456	21886.7042982127	22286.3254041239	23663.198778661	23427.1048394505
B9J08_02455	1341.51946987656	1538.02405780303	1751.98317047869	1640.66474646553
B9J08_02454	3233.83912511805	3474.1691171375	3396.37172233558	3393.7944150678
B9J08_02453	3251.57962188594	3307.97237829065	4065.74355323043	3610.78555895518
B9J08_02452	2146.60010891457	2306.0971220783	2731.76071527356	2651.52592896525
B9J08_02451	569.385467693198	590.608749913375	667.467501361717	562.324610683749
B9J08_02450	5925.32592047492	6241.2978707062	6605.16698565796	6018.85800941264
B9J08_02449	397.049213376563	401.876860036446	309.453549133464	306.963081596776
B9J08_02448	5187.82812626696	5349.2814757655	6146.22356817387	6466.0714644976
B9J08_02447	750.169577613591	871.359173163135	690.319455759265	557.032143759666
B9J08_02446	1415.86059918962	1468.54067546028	1318.74820169184	1249.02219408343
B9J08_02445	1131.16786534302	1119.24583449403	1058.80722041973	1025.41546654095
B9J08_02444	63024.3819462661	64698.4186073628	74556.4055515337	71833.3304438386
B9J08_02443	2154.20317895795	2235.67477510929	1943.36828855815	1862.94835727698
B9J08_02442	11059.9325564382	12379.3096325245	15141.3241179087	14863.8933562853
B9J08_02441	397.893998936938	521.125367570625	973.112391428922	1016.15364942381
B9J08_02440	560.937612089442	623.472511832243	660.802347995765	516.015525098028
B9J08_02439	1406.56795802548	1470.41860471279	1449.19477471117	1455.42840412264
B9J08_02438	14406.9729466466	14828.1293777933	15600.2675353928	15450.0340681274
B9J08_02437	135.165689660106	130.51608304922	164.724504615659	177.297641956758
B9J08_02436	1329.6924720313	1437.55484279392	1408.2516897489	1296.65439640017
B9J08_02435	0	0	0	0
B9J08_02434	4303.33764455364	4428.15717741093	7483.06290043043	6792.88129705968
B9J08_02433	6917.10416835595	6527.68208171348	3464.92758552823	3905.84058997277
B9J08_02432	2324.00507659346	2416.89494797619	2500.38467699839	2380.28699910603
B9J08_02431	1896.54358304337	1891.0747572743	1313.98737785901	1350.90218237202
B9J08_02430	199.369392248657	224.412545674557	194.241612379159	174.651408494717
B9J08_02429	615.84867351386	654.458344498605	494.173513846977	551.739676835584
B9J08_02428	0	0	0	0
B9J08_02427	14702.6478927781	14618.7402661388	14120.6034881516	15013.4055468906
B9J08_02426	1801.08281472092	2019.71291107102	1736.74853421365	1772.97641956758
B9J08_02425	1854.30430502459	2157.74071113026	3204.98660425612	3434.81103372944
B9J08_02424	1175.09671448255	1038.49487663624	994.060016293342	1074.37078558872
B9J08_02423	6467.67825023609	6492.00142591586	7373.56395227551	8433.54604352521
B9J08_02422	556.713684287564	502.346075045557	521.786292077348	494.845657401699
B9J08_02421	672.44930605903	938.964626253378	1479.66404724124	1610.23306165205
B9J08_02420	3567.52942146643	3743.65196487222	3625.84343107763	4095.04628250871
B9J08_02419	22832.8641258335	22338.9074231941	23972.6523277945	23284.2082325003
B9J08_02418	3853.06694087341	4207.50049024139	3486.82737515921	3527.42920490088
B9J08_02417	4352.33520705543	4305.15281137174	3786.75927662703	4043.44472999891
B9J08_02416	585.436393340336	581.219103650841	418.000332521817	549.093443373543
B9J08_02415	2405.94927594989	2587.78650995431	3026.93179290856	3717.95801416784
B9J08_02414	168.112326514757	179.342243614395	174.246152281304	209.052443501252
B9J08_02413	0	0	0	0
B9J08_02412	2231.07866495213	2288.25679417948	2478.4848873674	2502.01373835993
B9J08_02411	0	0	0	0
B9J08_02410	250.901311431573	232.863227310838	277.07994707027	223.606727542479
B9J08_02409	1004.45003128667	1011.26490247489	1029.29011265623	985.721964610336
B9J08_02408	1200.44028129382	1108.91722360524	1059.75938518629	1083.63260270586
B9J08_02407	5609.37612089442	5537.07440101617	9157.92072481739	10385.1432217806
B9J08_02406	941.091114258491	978.40114055602	633.189569765395	740.945369371528
B9J08_02405	65.0484881489262	42.253408181402	1.90432953312901	3.96935019306176
B9J08_02404	111.511693969588	116.431613655419	47.6082383282252	39.6935019306176
B9J08_02403	757.772647656972	773.706852032784	817.909534478908	813.71678957766
B9J08_02402	6684.78813925264	6541.76655110729	6204.3056189343	6683.06260838498
B9J08_02401	1110.04822633362	1097.6496480902	769.349131384119	785.931338226228
B9J08_02400	3211.87470054828	3010.32059176833	3289.72926848036	3531.39855509394
B9J08_02399	789.029713390871	756.805488760223	882.656738605295	1013.50741596177
B9J08_02398	739.187365328707	646.007662862324	306.59705483377	383.70385199597
B9J08_02397	36.3257790961536	38.4975496763885	30.4692725300641	30.4316848134735
B9J08_02396	16.0509256471376	11.2675755150405	51.4168973944832	75.4176536681734
B9J08_02395	1058.51630715071	1075.11449706012	1002.62949919242	1013.50741596177
B9J08_02394	1553.56064553085	1508.91615438918	1383.49540581822	1555.98527568021
B9J08_02393	1282.38448065026	1251.63984679575	1428.24714984676	1472.62892162591
B9J08_02392	115844.599108755	114305.797741581	106323.478658425	113159.558420536
B9J08_02391	6007.27011983136	5969.93709371898	5792.97043977844	6664.53897415069
B9J08_02390	831.268991409655	700.46761118502	317.07086726598	277.854513514323
B9J08_02389	5800.29765753932	5779.32727458954	4797.95825871853	5045.04409538149
B9J08_02388	429.995850231214	334.271406946203	368.487764660463	395.611902575155
B9J08_02387	554.179327606436	570.890492762054	520.834127310783	508.076824711905
B9J08_02386	1775.73924790965	1727.69491230622	1715.80090934924	1575.83202664552
B9J08_02385	467.166414887743	475.116100884209	322.783855865367	338.71788314127
B9J08_02384	0	0	0.952164766564503	0
B9J08_02383	3839.5503719074	3743.65196487222	3590.61333471474	3814.54553553235
B9J08_02382	1816.28895480768	1738.023523195	1716.7530741158	1884.11822497331
B9J08_02381	1297.59062073702	1215.02022637187	1303.51356542681	1406.47308507488
B9J08_02380	1432.75631039713	1673.23496398352	1370.16509908632	1620.81799550022
B9J08_02379	1030.63838365831	932.391873869604	992.155686760213	1026.73858327197
B9J08_02378	5041.68022432197	4845.99643609368	3149.76104779538	3758.97463282948
B9J08_02377	3246.51090852368	3299.52169665437	3211.65175762207	3334.25416217188
B9J08_02376	184.163252161895	172.769491230622	145.681209284369	154.804657529408
B9J08_02375	1904.99143864713	1856.33306610293	1410.15601928203	1286.06946255201
B9J08_02374	0	0	0	0
B9J08_02373	691.034588387294	747.415842497689	730.310375954974	719.775501675198
B9J08_02372	1687.0367640702	1759.61970959883	2291.86059312076	2175.20390579784
B9J08_02371	2033.39884382423	2016.89601719226	1997.64168025233	1931.75042729005
B9J08_02370	560.937612089442	552.111200236986	570.346695172138	542.47785971844
B9J08_02369	429.151064670838	459.153702237902	404.670025789914	423.397353926587
B9J08_02368	1018.81138581305	1015.0207609799	1055.95072612003	1108.77182059525
B9J08_02367	1323.77897310867	1380.27800059247	1131.17174267863	1104.80247040219
B9J08_02366	290.606232769229	306.102468158601	340.874986430092	296.378147748611
B9J08_02365	579.522894417706	542.721553974452	570.346695172138	530.569809139255
B9J08_02364	602.332104547849	650.702485993591	743.640682686877	755.499653412754
B9J08_02363	1281.53969508988	1300.46600736093	1014.0554763912	1016.15364942381
B9J08_02362	2609.54259600043	2592.48133308558	2680.34381787908	2998.18251249265
B9J08_02361	2274.16272853129	2294.82954656326	2542.27992672722	2650.20281223423
B9J08_02360	424.082351308584	348.355876340003	337.066327363834	369.149567954743
B9J08_02359	1431.91152483675	1459.15102919775	1229.24471363477	1251.66842754547
B9J08_02358	966.434681069761	965.255635788473	1038.81176032187	1014.83053269279
B9J08_02357	2056.20805395437	1920.18266068816	1887.19056733085	1823.25485534637
B9J08_02356	457.873773723611	477.932994762969	382.77023615893	430.01293758169
B9J08_02355	992.623033441407	1017.83765485866	724.597387355587	768.73082072296
B9J08_02354	1167.49364443917	1085.4431079489	984.538368627697	881.19574285971
B9J08_02353	5423.52329761177	5092.00516817207	5035.99945035966	5125.75421597375
B9J08_02352	346.362079754023	328.637619188682	311.357878666593	280.500746976364
B9J08_02351	1214.80163582021	1150.23166716039	1006.43815825868	1084.95571943688
B9J08_02350	4070.17682988996	3941.77350101168	3734.39021446598	3834.39228649766
B9J08_02349	1278.16055284838	1211.26436786686	1468.23807004246	1455.42840412264
B9J08_02348	833.803348090782	717.368974457581	415.143838222123	482.937606822514
B9J08_02347	16.0509256471376	15.023434020054	2.85649429969351	3.96935019306176
B9J08_02346	711.30944183631	643.190768983564	517.025468244525	594.079412228243
B9J08_02345	3.37914224150266	0.938964626253378	0	1.32311673102059
B9J08_02344	5.06871336225399	1.87792925250676	3.80865906625801	2.64623346204117
B9J08_02343	865.060413824681	923.002227607071	1175.92348670716	1145.81908906383
B9J08_02342	34275.4845411219	33357.6573122775	31389.0636945654	34397.0656563422
B9J08_02341	5240.20483101025	5597.16813709639	5790.11394547875	5782.02011455996
B9J08_02340	17259.8137840352	17820.6096416629	16207.748656461	16716.2567797141
B9J08_02339	2685.57329643424	2635.67370589323	2683.20031217877	3048.46094827143
B9J08_02338	1052.60280822808	1012.20386710114	1062.61587948599	1002.9224821136
B9J08_02337	3520.2214300854	3676.04651178198	4056.22190556478	3937.59539151726
B9J08_02336	1279.00533840876	1249.76191754325	727.453881655281	766.084587260919
B9J08_02335	1002.76046016591	938.025661627125	862.66127850744	973.813914031151
B9J08_02334	3866.58350983942	3743.65196487222	3987.66604237214	4047.41408019197
B9J08_02333	3946.83813807511	3969.94243979928	3913.39719058011	4096.36939923973
B9J08_02332	724.826010802321	777.462710537797	870.278596639956	825.624840156845
B9J08_02331	666.5358071364	651.641450619844	727.453881655281	729.037318792342
B9J08_02330	0	0.938964626253378	0	0
B9J08_02329	441.822848076473	407.510647793966	344.68364549635	378.411385071887
B9J08_02328	930.953687533983	898.589147324483	1855.76913003422	2139.47975406029
B9J08_02327	364.102576521912	368.074133491324	235.184697341432	248.74594543187
B9J08_02326	1338.14032763505	1243.18916515947	665.563171828588	743.591602833569
B9J08_02325	5157.41584609344	5294.8215274428	4751.30218515687	5158.83213424926
B9J08_02324	658.087951532643	679.810389407446	547.494740774589	504.107474518843
B9J08_02323	386.911786652055	373.707921248844	300.884066234383	341.364116603311
B9J08_02322	851.543844858671	781.218569042811	858.852619441182	871.933925742566
B9J08_02321	781.42664334749	654.458344498605	220.902225842965	309.609315058817
B9J08_02320	687.655446145792	723.002762215101	748.4015065197	817.686139770722
B9J08_02319	118.269978452593	118.309542907926	99.9773004892728	107.172455212667
B9J08_02318	430.840635791589	491.078499530517	365.631270360769	381.057618533929
B9J08_02317	440.133276955722	408.449612420219	422.76115635464	428.68982085067
B9J08_02316	1708.1564030796	1989.66604303091	3491.58819899203	3514.19803759067
B9J08_02315	408.876211221822	396.243072278926	295.171077634996	349.302816989435
B9J08_02314	1023.03531361493	1059.15209841381	1208.29708877035	1193.45129138057
B9J08_02313	1374.46610673121	1342.71941554233	1144.50204941053	1119.35675444342
B9J08_02312	3649.47362082287	3442.24431984488	3213.5560871552	3119.90925174654
B9J08_02311	2918.73411109792	2778.39632908375	2722.23906760792	2631.67917799994
B9J08_02310	388.601357772806	378.402744380111	221.854390609529	201.113743115129
B9J08_02309	8002.65361343868	7938.94591497231	8100.06566916423	8777.55639359056
B9J08_02308	185.852823282646	187.792925250676	275.175617537141	207.729326770232
B9J08_02307	51.5319191829156	61.0327007064696	55.2255564607412	51.6015525098028
B9J08_02306	1110.04822633362	1096.71068346395	912.173846368794	965.875213645027
B9J08_02305	348.89643643515	320.186937552402	257.084486972416	256.684645817994
B9J08_02304	55966.1985893275	52748.215809036	55220.7956369084	55680.7213915393
B9J08_02303	2269.93880072941	2127.69384309015	2216.63957656216	2457.02776950523
B9J08_02302	805.925424598385	922.063262980817	1078.80268051758	1136.55727194668
B9J08_02301	465.476843766992	472.299207005449	557.968553206799	537.185392794358
B9J08_02300	153.750971988371	204.694288523236	140.920385451547	144.219723681244
B9J08_02299	2235.30259275401	2386.84807993609	2213.78308226247	2762.66773437098
B9J08_02298	1480.90908733854	1313.61151212848	831.239841210812	830.917307080928
B9J08_02297	14659.5638291989	14820.6176607833	17421.7587338307	17723.1486120207
B9J08_02296	1681.12326514757	1788.72761301269	1715.80090934924	1694.91253243737
B9J08_02295	2894.23532984703	2814.07698488137	2325.18635995052	2410.71868391951
B9J08_02294	759.462218777723	811.265437082919	832.192005977376	953.967163065842
B9J08_02293	429.995850231214	428.16786957154	338.018492130399	338.71788314127
B9J08_02292	2890.85618760553	2928.63066928429	3073.58786647022	3184.74197156655
B9J08_02291	322.708084063504	274.177670865986	305.644890067206	312.255548520858
B9J08_02290	3779.57059712073	3765.24815127605	3964.81408797459	3815.86865226337
B9J08_02289	3387.59009710642	3565.24868588408	3544.90942591965	3547.27595586619
B9J08_02288	1193.68199681082	1284.50360871462	1298.75274159398	1276.80764543486
B9J08_02287	132.631332978979	126.760224544206	125.685749186514	111.141805405729
B9J08_02286	1330.53725759167	1337.08562778481	1534.88960370198	1578.47826010756
B9J08_02285	261.038738156081	285.445246381027	244.706345007077	232.868544659623
B9J08_02284	827.889849168152	917.36843984955	1074.04185668476	1104.80247040219
B9J08_02283	560.092826529066	486.38367639925	188.528623779772	199.790626384108
B9J08_02282	1167.49364443917	1138.02512701909	1106.41545874795	1243.72972715935
B9J08_02281	6470.21260691722	6618.76165046006	6508.04617946838	6223.94110272083
B9J08_02280	46.4632058206616	36.6196204238817	18.0911305647256	15.877400772247
B9J08_02279	43.9288491395346	34.741691171375	12.3781419653385	21.1698676963294
B9J08_02278	7787.23329554288	7707.96061691398	8024.84465260563	8273.44891907172
B9J08_02277	131.786547418604	136.14987080674	83.7904994576763	99.2337548265439
B9J08_02276	1.68957112075133	0	0	1.32311673102059
B9J08_02275	772.978787743734	735.209302356395	447.517440285317	500.138124325781
B9J08_02274	408.031425661446	417.839258682753	526.54711591017	467.060206050267
B9J08_02273	1482.59865845929	1566.19299659063	1406.34736021577	1390.59568430264
B9J08_02272	343.827723072896	352.111734845017	310.405713900028	310.932431789838
B9J08_02271	18.5852823282646	15.9623986463074	16.1868010315966	13.2311673102059
B9J08_02270	3162.87713804649	3185.90697687771	3264.97298454968	3100.06250078123
B9J08_02269	1783.34231795303	1713.61044291242	1699.61410831764	1675.06578147206
B9J08_02268	2578.28553026653	2627.22302425695	2791.74709556712	2789.13006899139
B9J08_02267	790.719284511623	810.326472456665	777.918614283199	764.761470529898
B9J08_02266	236.539956905186	231.924262684584	201.858930511675	214.344910425335
B9J08_02265	1615.22999143827	1728.63387693247	1552.9807342667	1630.07981261736
B9J08_02264	955.452468784878	1013.14283172739	943.595283665423	1041.2928673132
B9J08_02263	0	0	0	0
B9J08_02262	0	0	0	0
B9J08_02261	1035.70709702057	1093.89378958519	906.460857769407	955.290279796863
B9J08_02260	1393.05138905947	1471.35756933904	1648.19721092316	1623.46422896226
B9J08_02259	583.746822219585	645.068698236071	433.234968786849	502.784357787822
B9J08_02258	2936.47460786581	3081.68190336359	3642.98239687579	3416.28739949515
B9J08_02257	57.4454181055452	48.8261605651757	19.9954600978546	42.3397353926587
B9J08_02256	293.140589450356	292.956963391054	276.127782303706	254.038412355952
B9J08_02255	1580.59378346287	1658.21152996347	1579.64134773051	1700.20499936145
B9J08_02254	370.016075444541	381.219638258871	436.091463086543	388.996318920052
B9J08_02253	476.459056051875	455.397843732888	476.082383282252	481.614490091493
B9J08_02252	2002.9865636507	2167.1303573928	2513.71498373029	2324.71609640317
B9J08_02251	411.410567902949	372.768956622591	370.392094193592	349.302816989435
B9J08_02250	1801.08281472092	1835.67584432535	1850.05614143483	1763.71460245044
B9J08_02249	3410.39930723656	3313.60616604817	3397.32388710215	3178.12638791145
B9J08_02248	1251.97220047674	1272.29706857333	898.843539636891	968.521447107068
B9J08_02247	3559.08156586268	3800.92880707367	4749.39785562374	4822.76048457003
B9J08_02246	742.56650757021	914.55154597079	4226.65939877983	4628.26232511001
B9J08_02245	5602.61783641141	5169.9392321511	5612.05913413118	5166.77083463539
B9J08_02244	2182.92588801072	3186.84594150397	7189.79615232856	7315.51240581282
B9J08_02243	1.68957112075133	4.69482313126689	12.3781419653385	15.877400772247
B9J08_02242	978.261678915021	1010.32593784863	1054.99856135347	969.844563838089
B9J08_02241	492.509981699013	441.313374339088	451.326099351575	411.489303347402
B9J08_02240	2219.25166710687	2200.93308393792	2320.42553611769	2083.90885135742
B9J08_02239	304.12280173524	314.553149794882	214.237072477013	242.130361776767
B9J08_02238	609.090389030855	635.679051973537	583.677001904041	572.909544531913
B9J08_02237	1079.6359461601	1026.28833649494	1073.0896919182	1062.46273500953
B9J08_02236	337.06943858989	322.064866804909	201.858930511675	207.729326770232
B9J08_02235	1627.05698928353	1655.39463608471	2424.21149567323	2283.69947774153
B9J08_02234	3930.78721242797	4143.65089565616	3847.69782168716	4138.70913463239
B9J08_02233	95897.5224571644	105716.149340615	160008.432526865	169958.313449787
B9J08_02232	2180.39153132959	2229.10202272552	1800.54357357348	1884.11822497331
B9J08_02231	203.593320050535	199.060500765716	181.86347041382	182.590108880841
B9J08_02230	1129.47829422226	1167.13303043295	1289.23109392834	1297.97751313119
B9J08_02229	2572.3720313439	2715.48569912477	2626.0704261849	2725.62046590241
B9J08_02228	4201.11859174818	4052.57132690958	3270.68597314907	3485.08946950822
B9J08_02227	4697.85250124908	4711.72449453945	4703.69394682865	4382.16261314018
B9J08_02226	434.219778033092	527.698119954399	805.53139251357	815.039906308681
B9J08_02225	58.2902036659209	60.0937360802162	84.7426642242408	48.9553190477617
B9J08_02224	7.60307004338099	11.2675755150405	11.425977198774	21.1698676963294
B9J08_02223	7452.69821363412	7387.77367936158	8873.22345961461	8977.34701997467
B9J08_02222	713.843798517437	720.185868336341	557.968553206799	575.555777993955
B9J08_02221	2800.46413264533	2784.96908146752	2235.68287189345	2422.62673449869
B9J08_02220	7500.00620501516	8598.09908260218	11765.9000204376	12122.3954896106
B9J08_02219	3488.11957879112	3299.52169665437	3505.8706704905	3653.12529434784
B9J08_02218	990.933462320656	953.049095647179	1062.61587948599	1095.54065328504
B9J08_02217	268.641808199462	278.872493997253	368.487764660463	322.840482369023
B9J08_02216	2312.1780787482	2288.25679417948	2383.26841071095	2238.71350888683
B9J08_02215	1782.49753239265	1795.30036539646	1677.71431868665	1586.41696049368
B9J08_02214	976.572107794269	929.574979990844	835.048500277069	858.70275843236
B9J08_02213	40827.6413473955	37416.8013915709	41322.0465393663	37556.6684100193
B9J08_02212	5872.94921573163	6850.68591314465	8064.83557280134	7953.25467016474
B9J08_02211	615.003887953484	639.43491047855	556.06422367367	578.202011455996
B9J08_02210	2773.43099471331	2836.61213591146	2997.41468514506	3006.12121287877
B9J08_02209	887.869623954824	853.518845264321	747.449341753135	762.115237067857
B9J08_02208	50.6871336225399	59.1547714539628	59.0342155269992	42.3397353926587
B9J08_02207	1299.28019185777	1278.8698209571	1456.81209284369	1260.93024466262
B9J08_02206	1136.23657870527	1181.21749982675	1378.7345819854	1390.59568430264
B9J08_02205	783.116214468242	775.58478128529	989.299192460519	1022.76923307891
B9J08_02204	3143.44707015785	2793.4197631038	3041.21426440702	2811.62305341874
B9J08_02203	150.371829746868	170.891561978115	139.968220684982	149.512190605326
B9J08_02202	4382.74748722895	4344.58932567438	4304.73690963812	4195.60315406628
B9J08_02201	603.176890108225	591.547714539628	598.911638169073	684.051349937643
B9J08_02200	843.94077481529	934.269803122111	895.034880570633	863.995225356442
B9J08_02199	1079.6359461601	985.912857566047	1277.80511672956	1205.35934195975
B9J08_02198	685.121089464665	651.641450619844	605.576791535024	721.098618406219
B9J08_02197	2177.85717464847	2294.82954656326	3243.0731949187	3510.22868739761
B9J08_02196	838.02727589266	759.622382638983	708.410586323991	701.25186744091
B9J08_02195	4330.37078248566	4511.72502914748	5526.36430514038	5303.05185793051
B9J08_02194	411.410567902949	411.26650629898	437.043627853107	411.489303347402
B9J08_02193	843.095989254914	753.049630255209	1042.62041938813	1021.44611634789
B9J08_02192	3726.34910681706	3487.31462190505	3222.12557005428	3326.31546178575
B9J08_02191	400.428355618065	414.08340017774	418.952497288381	439.274754698834
B9J08_02190	904.765335162338	837.556446618013	964.542908529842	907.658077480122
B9J08_02189	5414.23065644764	5314.53978459412	5195.96313114249	5209.11057002804
B9J08_02188	1473.30601729516	1577.46057210568	884.561068138424	1051.87780116137
B9J08_02187	2780.18927919631	2793.4197631038	2953.61510588309	2877.77888996977
B9J08_02186	186.697608843022	224.412545674557	220.902225842965	256.684645817994
B9J08_02185	12589.8392062785	12512.6426094525	12615.2309922131	13883.463858599
B9J08_02184	760.307004338099	825.349906476719	810.292216346392	689.343816861725
B9J08_02183	235.695171344811	240.374944320865	278.9842766034	260.653996011055
B9J08_02182	1690.41590631171	1674.17392860977	1849.10397666827	1812.6699214982
B9J08_02181	1962.43685675267	2078.86768252498	1861.4821186336	1976.73639614475
B9J08_02180	6.75828448300532	4.69482313126689	17.1389657981611	22.4929844273499
B9J08_02179	1736.03432657199	1977.45950288961	2723.19123237448	2830.14668765303
B9J08_02178	2.534356681127	0	0	0
B9J08_02177	0	0	0.952164766564503	0
B9J08_02176	5114.33178251428	4951.16047423406	5973.88174542569	5961.96398997876
B9J08_02175	1343.20904099731	1446.0055244302	1449.19477471117	1468.65957143285
B9J08_02174	1977.64299683943	1623.46983879209	1623.44092699248	1341.64036525487
B9J08_02173	2975.33474364309	2668.5374678121	2902.19820848861	2892.333174011
B9J08_02172	2405.94927594989	2346.47260100719	2457.53726250298	2449.0890691191
B9J08_02171	0.844785560375665	0	2.85649429969351	0
B9J08_02170	324.397655184255	331.454513067442	251.371498373029	268.592696397179
B9J08_02169	2754.84571238504	3469.47429400623	4060.98272939761	4413.91741468467
B9J08_02168	11281.2663732566	11233.7727884954	10746.131555447	12331.4479331119
B9J08_02167	971.503394432015	1038.49487663624	1193.06245250532	1323.11673102059
B9J08_02166	1984.40128132244	1812.20172866902	1712.94441504954	1579.80137683858
B9J08_02165	928.419330852856	907.978793587017	1017.86413545745	979.106380955233
B9J08_02164	782.271428907866	754.927559507716	724.597387355587	727.714202061322
B9J08_02163	2097.60254641278	2147.41210024148	2693.67412461098	2630.35606126892
B9J08_02162	32918.7589311586	31487.2397767808	33671.4026400205	34272.6926836262
B9J08_02161	404.652283419944	384.036532137632	350.396634095737	391.642552382093
B9J08_02160	2274.16272853129	2133.32763084768	2102.37980457442	2180.49637272192
B9J08_02159	2352.72778564623	2321.12055609835	2669.87000544687	2589.33944260729
B9J08_02158	356.499506478531	338.96623007747	283.745100436222	231.545427928602
B9J08_02157	1763.06746450401	1815.01862254778	2030.96744708209	2183.14260618397
B9J08_02156	45.6184202602859	34.741691171375	37.1344258960156	31.754801544494
B9J08_02155	2129.70439770705	2179.33689753409	2461.34592156924	2470.25893681543
B9J08_02154	784.805785588993	842.25126974928	785.535932415715	826.947956887866
B9J08_02153	711.30944183631	661.031096882378	593.198649569686	591.433178766202
B9J08_02152	388.601357772806	439.435445086581	451.326099351575	418.104887002505
B9J08_02151	9256.31538503617	8688.23968672251	9972.97376499661	9881.03574726173
B9J08_02150	0	0	0	0
B9J08_02149	889.559195075576	932.391873869604	691.271620525829	639.065381082943
B9J08_02148	3559.08156586268	3436.61053208736	3483.97088085952	3760.2977495605
B9J08_02147	5754.67923727903	5248.81226075638	5858.66980867139	5669.55519242321
B9J08_02146	1866.97608843022	1996.23879541468	2148.08371336952	2136.83352059825
B9J08_02145	1997.07306472807	2037.55323896983	1811.96955077225	1812.6699214982
B9J08_02144	49384.4742884406	45947.2950210828	45320.1863941707	46896.5494142936
B9J08_02143	1649.86619941367	1793.42243614395	1699.61410831764	1622.14111223124
B9J08_02142	1064.42980607334	1162.43820730168	1231.1490431679	1274.16141197282
B9J08_02141	3474.60300982511	3403.7467701685	3900.06688384821	3586.96945779681
B9J08_02140	1156.51143215429	1224.40987263441	1357.78695712098	1383.98010064753
B9J08_02139	2140.68660999194	2167.1303573928	2475.62839306771	2295.60752832072
B9J08_02138	759.462218777723	683.566247912459	668.419666128281	703.898100902951
B9J08_02137	1233.38691814847	1336.14666315856	881.70457383873	822.978606694804
B9J08_02136	899.696621800084	1002.81422083861	1143.54988464397	1202.71310849771
B9J08_02135	747.635220932464	799.058896941625	785.535932415715	882.51885959073
B9J08_02134	2051.98412615249	1853.51617222417	861.709113740876	883.841976321751
B9J08_02133	11886.977620046	11061.942261891	11550.710783194	12290.4313144502
B9J08_02132	17509.025524346	18549.2461916355	16882.8334759552	19059.4965103515
B9J08_02131	1585.66249682512	1693.89218576109	1463.47724620964	1612.87929511409
B9J08_02130	1039.08623926207	926.758086112084	589.389990503428	571.586427800893
B9J08_02129	139.389617461985	163.379844968088	323.736020631931	289.762564093508
B9J08_02128	132.631332978979	127.699189170459	285.649429969351	243.453478507788
B9J08_02127	599.797747866722	573.707386640814	855.996125141489	873.257042473586
B9J08_02126	0	0	0	0
B9J08_02125	1174.25192892217	1115.48997598901	1221.62739550226	1086.2788361679
B9J08_02124	830.424205849279	824.410941850466	699.84110342491	678.75888301356
B9J08_02123	17480.3028152933	18146.4303669728	7105.05348810432	6524.28860066251
B9J08_02122	288.071876088102	240.374944320865	231.376038275174	291.085680824529
B9J08_02121	1436.98023819901	1548.35266869182	1469.19023480903	1376.04140026141
B9J08_02120	924.195403050978	859.152633021841	912.173846368794	812.393672846639
B9J08_02119	1151.44271879203	1172.76681819047	1241.62285560011	1192.12817464955
B9J08_02118	4838.93168983181	4599.04873938905	3240.21670061901	3420.25674968821
B9J08_02117	71.8067726319316	61.0327007064696	84.7426642242408	64.8327198200087
B9J08_02116	1360.10475220482	1473.23549859155	3131.66991723065	3149.01781982899
B9J08_02115	2995.60959709211	2839.42902979022	3344.9548249411	3211.20430618696
B9J08_02114	526.30140411404	573.707386640814	629.380910699137	580.848244918037
B9J08_02113	921.661046369851	1036.61694738373	1185.44513437281	1112.74117078831
B9J08_02112	375.084788806795	519.247438318118	534.164434042686	587.46382857314
B9J08_02111	1300.96976297852	1312.67254750222	1194.01461727189	1337.67101506181
B9J08_02110	536.438830838547	638.495945852297	676.989149027362	783.285104764186
B9J08_02109	6276.75671359119	5922.04989778006	4792.24527011915	5348.03782678521
B9J08_02108	1114.2721541355	1194.3630045943	993.107851526777	1118.03363771239
B9J08_02107	5840.00257887697	5893.88095899245	5459.71277148086	5727.77232858811
B9J08_02106	206.972462292038	256.337342967172	159.011516016272	178.620758687779
B9J08_02105	30.412280173524	21.5961864038277	24.7562839306771	14.5542840412264
B9J08_02104	3613.14784172672	3745.52989412473	3652.50404454144	3924.36422420706
B9J08_02103	1657.46926945706	1622.53087416584	1820.53903367133	1947.6278280623
B9J08_02102	15314.2726384901	16176.4825810932	18269.1853760731	19915.5530353218
B9J08_02101	42633.7928754787	39930.4096960512	42925.4920062609	44149.7590806949
B9J08_02100	4616.75308745301	5110.78446069714	5722.51024705267	5595.46065548606
B9J08_02099	11158.7724670022	11591.518311098	13570.2522530773	13343.6322323426
B9J08_02098	511.940049587653	446.008197470355	467.512900383171	488.230073746596
B9J08_02097	869.28434162656	790.608215305344	802.674898213876	865.318342087463
B9J08_02096	2163.49582012208	2193.42136692789	2261.3913205907	2225.48234157662
B9J08_02095	23051.6635859708	22268.4850762251	24728.6711524467	21971.6764353278
B9J08_02094	419.01363794633	483.56678252049	437.995792619672	463.090855857205
B9J08_02093	2558.01067681751	2595.29822696434	2058.58022531246	2028.33794865456
B9J08_02092	937.711972016989	895.772253445723	939.786624599165	946.028462679718
B9J08_02091	1605.09256471376	1535.20716392427	1269.23563383048	1368.10269987529
B9J08_02090	2824.96291389623	2876.98761484035	2850.78131109412	2994.21316229958
B9J08_02089	533.059688597045	492.01746415677	513.216809178267	522.631108753131
B9J08_02088	972.348179992391	931.452909243351	1015.00764115776	1071.72455212667
B9J08_02087	43.9288491395346	54.4599483226959	52.3690621610477	52.9246692408234
B9J08_02086	1590.73121018738	1584.03332448945	1719.60956841549	1557.30839241123
B9J08_02085	0.844785560375665	0	0	0
B9J08_02084	0	0	0	0
B9J08_02083	665.691021576024	751.171701002702	546.542576008025	582.171361649058
B9J08_02082	1535.82014876296	1526.75648228799	1764.36131244402	1762.39148571942
B9J08_02081	1332.22682871242	1380.27800059247	1404.44303068264	1349.579065641
B9J08_02080	730.73950972495	719.246903710088	719.836563522765	755.499653412754
B9J08_02079	5143.89927712743	4432.8520005422	2103.33196934099	2011.13743115129
B9J08_02078	738.342579768332	769.95099352777	786.48809718228	695.959400516828
B9J08_02077	4125.08789131437	4092.00784121222	4279.98062570744	4509.18181931815
B9J08_02076	47.3079913810373	47.8871959389223	60.9385450601282	70.125186744091
B9J08_02075	9.29264116413232	4.69482313126689	5.71298859938702	14.5542840412264
B9J08_02074	990.08867676028	1066.66381542384	609.385450601282	607.310579538449
B9J08_02073	1520.6140086762	1652.57774220595	1576.78485343082	1446.1665870055
B9J08_02072	1712.38033088147	1618.77501566082	1476.80755294154	1581.1244935696
B9J08_02071	2398.34620590651	2488.25625957145	2189.97896309836	1993.93691364802
B9J08_02070	2511.54747099685	2542.71620789415	2690.81763031129	2855.28590554242
B9J08_02069	449.425918119854	458.214737611649	354.205293161995	313.578665251879
B9J08_02068	2748.93221346241	2744.59360253862	2433.73314333887	2282.37636101051
B9J08_02067	1861.90737506797	2010.32326480848	1657.7188585888	1549.36969202511
B9J08_02066	46703.9697053687	45889.0792142551	49156.458238659	48628.5092151996
B9J08_02065	1289.14276513327	1330.51287540104	1487.28136537375	1393.24191776468
B9J08_02064	3305.64589774998	3472.29118788499	3175.46949649262	3043.16848134735
B9J08_02063	392.825285574684	392.487213773912	336.11416259727	341.364116603311
B9J08_02062	2083.24119188639	1911.73197905188	2025.2544584827	1782.23823668473
B9J08_02061	122738.04928142	119367.756041713	126639.818282612	135170.928357794
B9J08_02060	73.4963437526829	68.5444177164966	78.0775108582893	56.8940194338852
B9J08_02059	748.480006492839	704.223469690034	742.688517920313	751.530303219692
B9J08_02058	2006.36570589221	2148.35106486773	1922.42066369373	1881.47199151127
B9J08_02057	1151.44271879203	1208.4474739881	1162.59317997526	1184.18947426342
B9J08_02056	598.108176745971	648.824556741084	710.31491585712	736.976019178466
B9J08_02055	1637.19441600804	1557.74231495435	1271.13996336361	1282.10011235895
B9J08_02054	1349.96732548031	1454.45620606648	1468.23807004246	1574.5089099145
B9J08_02053	495.889123940516	553.05016486324	443.708781219059	448.536571815978
B9J08_02052	2645.02358953621	2736.14292090234	3125.0047638647	3041.84536461633
B9J08_02051	1539.19929100446	1505.16029588417	1667.24050625445	1512.32242355653
B9J08_02050	40744.8523624787	39519.1431897522	38995.9080146492	41352.6903113174
B9J08_02049	45101.411497336	44385.7968476234	48760.3576957682	45625.0342357828
B9J08_02048	249.211740310821	257.276307593426	314.214372966286	268.592696397179
B9J08_02047	1448.80723604427	1534.26819929802	1650.10154045628	1499.09125624632
B9J08_02046	2906.90711325266	3120.17945303998	2959.32809448248	3104.03185097429
B9J08_02045	8.44785560375665	4.69482313126689	0.952164766564503	0
B9J08_02044	424.082351308584	393.426178400165	299.931901467819	256.684645817994
B9J08_02043	6635.79057675085	6731.43740561047	5932.93866046342	6544.13535162781
B9J08_02042	302.433230614488	293.895928017307	223.758720142658	183.913225611861
B9J08_02041	19870.201165596	19384.924709001	19816.4531217404	20958.1690193661
B9J08_02040	2572.3720313439	2920.17998764801	4902.69638304063	4976.24202536842
B9J08_02039	1529.06186427995	1553.98645644934	2866.96811212572	2959.81212729305
B9J08_02038	3.37914224150266	2.81689387876013	5.71298859938702	5.29246692408234
B9J08_02037	817.752422443644	795.303038436611	948.356107498245	1055.84715135443
B9J08_02036	3232.99433955767	2744.59360253862	2606.07496608705	2294.2844115897
B9J08_02035	368.32650432379	432.862692702807	510.360314878574	519.98487529109
B9J08_02034	36137.3919161898	34346.3870637223	35015.8592904096	34235.6454151576
B9J08_02033	2152.5136078372	2292.95161731075	2179.50515066615	2185.78883964601
B9J08_02032	130.096976297852	93.8964626253378	112.355442454611	109.818688674709
B9J08_02031	1173.4071433618	1192.48507534179	1475.85538817498	1651.24968031369
B9J08_02030	10181.3555736475	10264.7612942019	10140.554763912	10735.769155501
B9J08_02029	1054.29237934883	961.499777283459	1157.83235614244	1067.75520193361
B9J08_02028	898.007050679332	951.171166394672	831.239841210812	775.346404378063
B9J08_02027	277.934449363594	236.619085815851	243.754180240513	314.901781982899
B9J08_02026	1709.00118863997	1772.76521436638	1855.76913003422	1876.17952458719
B9J08_02025	245.832598069319	315.492114421135	224.710884909223	228.899194466561
B9J08_02024	550.800185364934	510.796756681838	487.508360481026	486.906957015575
B9J08_02023	58652.6166713221	57014.8710707314	60543.3966820039	60467.7577243718
B9J08_02022	4707.14514241321	5040.36211372813	4957.92193950137	4879.65450400392
B9J08_02021	1585.66249682512	1402.81315162255	1060.71154995286	1047.9084509683
B9J08_02020	519.543119631034	492.956428783024	447.517440285317	436.628521236793
B9J08_02019	3882.63443548656	3974.63726293055	4321.87587543628	3930.97980786216
B9J08_02018	948.694184301872	1046.00659364626	459.895582250655	513.369291635987
B9J08_02017	6656.91021576024	6691.06192668157	6311.90023755609	7396.22252640507
B9J08_02016	1380.37960565384	1439.43277204643	1263.5226452311	1668.45019781696
B9J08_02015	863.37084270393	896.711218071976	835.048500277069	850.764058046236
B9J08_02014	5933.77377607867	6007.49567876911	5772.02281491402	6053.25904441918
B9J08_02013	571.07503881395	577.463245145827	588.437825736863	568.940194338852
B9J08_02012	6167.77937630273	5945.52401343639	7054.58875547641	6946.36283785807
B9J08_02011	4533.11931697582	4377.45308759325	4216.18558634762	4146.64783501851
B9J08_02010	1029.79359809794	1036.61694738373	1094.03731678261	915.596777866245
B9J08_02009	22.809210130143	28.1689387876013	28.5649429969351	17.2005175032676
B9J08_02008	3761.83010035284	3635.67103285308	3506.82283525707	3888.6400724695
B9J08_02007	608.245603470479	496.712287288037	419.904662054946	498.815007594761
B9J08_02006	1175.09671448255	1253.51777604826	1365.4042752535	1378.68763372345
B9J08_02005	1421.77409811224	1407.50797475381	1491.09002444001	1436.90476988836
B9J08_02004	2761.60399686805	2731.44809777108	2607.02713085361	2499.36750489789
B9J08_02003	1393.89617461985	1586.85021836821	1555.8372285664	1540.10787490796
B9J08_02002	948.694184301872	894.833288819469	756.97098941878	743.591602833569
B9J08_02001	362.41300540116	338.96623007747	347.540139796044	347.979700258414
B9J08_02000	278.77923492397	346.477947087497	344.68364549635	392.965669113114
B9J08_01999	584.59160777996	635.679051973537	599.863802935637	538.508509525378
B9J08_01998	3418.00237727994	3635.67103285308	3288.77710371379	3318.37676139963
B9J08_01997	1451.34159272539	1336.14666315856	1473.95105864185	1553.33904221817
B9J08_01996	2248.81916172002	2214.07858870547	2797.46008416651	2639.61787838607
B9J08_01995	69.2724159508046	57.2768422014561	26.6606134638061	60.8633696269469
B9J08_01994	20.274853449016	28.1689387876013	19.0432953312901	25.1392178893911
B9J08_01993	696.103301749548	629.106299589763	552.255564607412	514.692408367008
B9J08_01992	91.2368405205719	117.370578281672	45.7039087950962	72.7714202061322
B9J08_01991	734.118651966453	783.096498295317	772.205625683812	719.775501675198
B9J08_01990	6754.06055520344	6754.9115212668	6464.24660020641	6422.40861237392
B9J08_01989	435.064563593468	514.552615186851	315.166537732851	346.656583527393
B9J08_01988	844.785560375665	864.786420779361	947.403942731681	934.120412100533
B9J08_01987	1712.38033088147	1926.75541307193	1595.82814876211	1661.83461416186
B9J08_01986	1577.21464122137	1694.83115038735	1776.73945440936	1907.93432613168
B9J08_01985	3041.2280173524	3084.49879724235	3209.74742808894	3084.18510000898
B9J08_01984	2279.23144189355	2173.70310977657	2167.12700870081	2001.87561403415
B9J08_01983	485.751697216008	471.360242379196	489.412690014155	497.49189086374
B9J08_01982	8327.05126862293	8626.26802138978	8411.42354783082	8958.82338574038
B9J08_01981	633.589170281749	637.556981226044	601.768132468766	613.926163193552
B9J08_01980	1061.05066383184	1151.17063178664	1160.68885044213	1014.83053269279
B9J08_01979	68115.0597330899	66980.1026491585	67565.6118354172	72449.9028404942
B9J08_01978	7182.36683431391	7362.42163445274	7616.36596774946	7844.75909822105
B9J08_01977	761.99657545885	732.392408477635	686.510796693007	631.126680696819
B9J08_01976	282.158377165472	289.20110488604	188.528623779772	211.698676963294
B9J08_01975	734.963437526829	656.336273751111	514.168973944832	489.553190477617
B9J08_01974	2376.38178133675	2352.10638876471	1368.26076955319	1259.6071279316
B9J08_01973	651.329667049638	745.537913245182	657.945853696072	657.589015317231
B9J08_01972	3395.1931671498	3352.10371572456	1906.23386266214	1948.95094479332
B9J08_01971	1454.7207349669	1394.36246998627	1462.52508144308	1382.65698391651
B9J08_01970	353.965149797404	387.792390642645	386.578895225188	362.53398429964
B9J08_01969	3121.48264558808	3615.01381107551	2086.19300354283	2262.5296100452
B9J08_01968	1665.91712506081	1564.31506733813	1647.24504615659	1713.43616667166
B9J08_01967	810.994137960639	476.055065510463	1240.67069083355	267.269579666158
B9J08_01966	950.383755422623	997.180433081088	533.212269276122	635.096030889881
B9J08_01965	999.381317924412	1030.98315962621	908.365187302536	947.351579410739
B9J08_01964	5.06871336225399	4.69482313126689	4.76082383282252	2.64623346204117
B9J08_01963	37.1705646565293	33.8027265451216	16.1868010315966	31.754801544494
B9J08_01962	143.613545263863	160.562951089328	155.202856950014	194.498159460026
B9J08_01961	10.137426724508	24.4130802825878	19.9954600978546	27.7854513514323
B9J08_01960	5.06871336225399	1.87792925250676	1.90432953312901	2.64623346204117
B9J08_01959	0	0	0	0
B9J08_01958	3.37914224150266	3.75585850501351	5.71298859938702	2.64623346204117
B9J08_01957	2.534356681127	4.69482313126689	0.952164766564503	5.29246692408234
B9J08_01956	9.29264116413232	7.51171701002702	1.90432953312901	1.32311673102059
B9J08_01955	67.5828448300532	98.5912857566047	80.9340051579828	74.0945369371528
B9J08_01954	31.2570657338996	30.0468680401081	15.2346362650321	23.8161011583705
B9J08_01953	206.972462292038	222.534616422051	160.915845549401	165.389591377573
B9J08_01952	1271.40226836538	1270.41913932082	1238.76636130042	1385.30321737855
B9J08_01951	1308.57283302191	1034.73901813122	721.740893055894	844.148474391133
B9J08_01950	247.52216919007	254.459413714665	251.371498373029	219.637377349417
B9J08_01949	3906.28843117708	3894.82526969901	3937.20130974422	4182.37198675607
B9J08_01948	6163.55544850085	6171.81448836345	5926.27350709747	5869.34581880732
B9J08_01947	384.377429970928	341.78312395623	343.731480729786	435.305404505773
B9J08_01946	842.251203694538	938.025661627125	302.788395767512	320.194248906982
B9J08_01945	3011.66052273925	3111.7287714037	3594.421993781	3958.76525921359
B9J08_01944	1084.70465952235	1190.60714608928	1030.24227742279	1143.17285560179
B9J08_01943	1224.93906254471	1247.88398829074	1333.0306731903	1369.42581660631
B9J08_01942	4154.65538592752	4301.39695286672	5031.23862652684	5049.01344557455
B9J08_01941	8566.97036776962	9005.60973039615	10125.3201276469	11501.8537427619
B9J08_01940	1472.46123173478	1421.59244414761	1051.18990228721	1163.01960656709
B9J08_01939	1943.00678886403	2003.75051242471	2396.59871744286	2848.67032188732
B9J08_01938	810.994137960639	806.570613951652	825.526852611424	746.23783629561
B9J08_01937	2971.95560140159	2750.22739029614	2613.69228421956	2786.48383552935
B9J08_01936	1915.12886537163	1614.08019252956	1706.27926168359	1533.49229125286
B9J08_01935	1245.21391599373	1311.73358287597	1395.87354778356	1341.64036525487
B9J08_01934	2285.98972637655	2149.29002949398	2223.30472992812	2101.10936886069
B9J08_01933	3107.1212910617	2865.72003932531	3106.91363329997	3088.15445020205
B9J08_01932	598.108176745971	566.195669630787	559.872882739928	617.895513386613
B9J08_01931	314.260228459748	362.440345733804	305.644890067206	338.71788314127
B9J08_01930	3530.35885680991	3419.7091688148	3312.58122287791	3524.78297143884
B9J08_01929	11767.862856033	11542.6921505328	11111.7628258078	12588.1325789298
B9J08_01928	1088.92858732423	1041.311770515	1005.48599349212	1080.98636924382
B9J08_01927	658.932737093019	664.786955387392	673.180489961104	591.433178766202
B9J08_01926	2062.96633843737	1966.19192737457	2016.68497558362	1892.05692535944
B9J08_01925	2133.08353994855	2004.68947705096	1416.82117264798	1452.7821706606
B9J08_01924	51826.7493434867	49814.8903166205	51874.8886472007	55457.1146639968
B9J08_01923	441.822848076473	459.153702237902	416.096002988688	366.503334492702
B9J08_01922	2062.96633843737	2220.65134108924	1722.46606271519	1999.2293805721
B9J08_01921	8.44785560375665	8.4506816362804	9.52164766564503	5.29246692408234
B9J08_01920	0	0	0	0
B9J08_01919	456.184202602859	466.665419247929	544.638246474896	529.246692408234
B9J08_01918	310.881086218245	298.590751148574	278.9842766034	318.871132175961
B9J08_01917	1662.53798281931	1684.50253949856	1707.23142645015	1735.92915109901
B9J08_01916	663.156664894897	683.566247912459	776.01428475007	678.75888301356
B9J08_01915	212.041175654292	223.473581048304	250.419333606464	248.74594543187
B9J08_01914	695.258516189173	657.275238377365	695.080279592087	673.466416089478
B9J08_01913	1136.23657870527	1170.88888893796	1188.3016286725	1148.46532252587
B9J08_01912	832.958562530406	930.513944617098	1043.5725841547	1099.51000347811
B9J08_01911	285.537519406975	292.017998764801	358.966116994818	289.762564093508
B9J08_01910	538.973187519675	515.491579813105	677.941313793926	568.940194338852
B9J08_01909	576.988537736579	563.378775752027	591.294320036557	598.048762421305
B9J08_01908	1239.3004170711	1138.96409164535	1406.34736021577	1458.07463758468
B9J08_01907	1230.85256146734	1304.22186586594	1061.66371471942	1032.03105019606
B9J08_01906	1781.65274683228	1821.59137493155	1869.09943676612	1852.36342342882
B9J08_01905	1782.49753239265	1835.67584432535	2186.1703040321	2242.68285907989
B9J08_01904	1037.39666814132	1039.43384126249	1160.68885044213	1123.32610463648
B9J08_01903	1924.42150653577	1902.34233278934	1506.32466070504	1450.13593719856
B9J08_01902	3434.89808848746	3588.72280154041	3881.02358851692	3921.71799074501
B9J08_01901	973.192965552767	976.523211303513	932.169306466649	1034.6772836581
B9J08_01900	1458.94466276877	1452.57827681398	1590.11516016272	1516.29177374959
B9J08_01899	3222.85691283316	3198.11351701901	3400.18038140184	3199.29625560778
B9J08_01898	3507.54964667976	3525.81217158143	4004.8050081703	4231.32730580383
B9J08_01897	4735.0230659056	4335.19967941185	4978.86956436579	4793.65191648758
B9J08_01896	702.861586232554	713.613115952567	751.258000819393	755.499653412754
B9J08_01895	29390.9344310298	29971.7508700078	29974.1468514506	32415.0367932733
B9J08_01894	82.7889849168152	100.469215009111	100.929465255837	96.5875213645027
B9J08_01893	0.844785560375665	2.81689387876013	4.76082383282252	2.64623346204117
B9J08_01892	2376.38178133675	2015.957052566	2124.27959420541	1927.78107709699
B9J08_01891	811.838923521014	708.9182928213	519.881962544219	598.048762421305
B9J08_01890	6.75828448300532	15.9623986463074	24.7562839306771	11.9080505791853
B9J08_01889	559.24804096869	613.143900943456	382.77023615893	391.642552382093
B9J08_01888	1049.22366598658	1069.4807093026	1117.84143594673	994.98378172748
B9J08_01887	1936.24850438102	1964.31399812207	2959.32809448248	3070.95393269878
B9J08_01886	1047.53409486582	1082.62621407014	1134.98040174489	1094.21753655402
B9J08_01885	1507.94222527056	1456.33413531899	1274.94862242987	1225.20609292506
B9J08_01884	39.7049213376563	52.5820190701892	199.002436211981	240.807245045747
B9J08_01883	921.661046369851	1263.84638693705	1949.08127715754	2101.10936886069
B9J08_01882	1597.48949467038	1546.47473943931	1393.96921825043	1346.93283217896
B9J08_01881	4648.85493874729	4502.33538288495	4791.29310535258	5526.65858547298
B9J08_01880	2082.39640632602	2013.14015868724	2359.46429154684	2341.91661390644
B9J08_01879	534.749259717796	531.453978459412	466.560735616607	468.383322781287
B9J08_01878	68.4276303904289	49.765125191429	32.3736020631931	30.4316848134735
B9J08_01877	155.440543109122	175.586385109382	141.872550218111	121.726739253894
B9J08_01876	220.489031258049	221.595651795797	224.710884909223	285.793213900446
B9J08_01875	386.911786652055	442.252338965341	530.355774976428	526.600458946193
B9J08_01874	854.922987100173	743.659983992676	465.608570850042	492.199423939658
B9J08_01873	1243.52434487298	1199.99679235182	1462.52508144308	1372.07205006835
B9J08_01872	667.380592696776	748.354807123942	757.923154185345	754.176536681734
B9J08_01871	1077.10158947897	1007.50904396987	1143.54988464397	1065.10896847157
B9J08_01870	271.176164880589	256.337342967172	274.223452770577	203.75997657717
B9J08_01869	180.784109920392	207.511182401997	128.542243486208	149.512190605326
B9J08_01868	579.522894417706	633.80112272103	630.333075465701	628.480447234778
B9J08_01867	404.652283419944	415.022364803993	389.435389524882	469.706439512308
B9J08_01866	3022.64273502413	2980.27372372822	3082.1573493693	3077.56951635388
B9J08_01865	235.695171344811	246.947696704638	184.719964713514	219.637377349417
B9J08_01864	240.763884707065	260.093201472186	238.041191641126	215.668027156355
B9J08_01863	6128.07445496508	6019.70221891041	6462.34227067328	6684.385725116
B9J08_01862	14903.7068561475	14584.9375395937	14192.0158456439	15672.3176789388
B9J08_01861	1507.94222527056	1536.14612855053	1657.7188585888	1734.60603436799
B9J08_01860	1288.29797957289	1127.69651613031	1183.54080483968	1106.12558713321
B9J08_01859	427.461493550087	479.810924015476	472.273724215994	498.815007594761
B9J08_01858	3183.99677705588	3318.30098917944	3851.50648075342	3971.9964265238
B9J08_01857	7041.28764573117	7202.79764798966	7887.73292622035	8339.60475562275
B9J08_01856	1259.57527052012	1205.63058010934	1106.41545874795	1206.68245869077
B9J08_01855	559.24804096869	562.439811125774	258.988816505545	244.776595238808
B9J08_01854	699.482443991051	699.528646558767	762.683978018167	681.405116475601
B9J08_01853	4627.73529973789	4364.3075828257	4049.55675219883	3698.11126320254
B9J08_01852	701.172015111802	725.819656093861	700.793268191474	807.101205922557
B9J08_01851	0	0	0	0
B9J08_01850	2791.1714914812	2930.50859853679	2868.87244165885	2730.91293282649
B9J08_01849	1128.63350866189	1147.41477328163	630.333075465701	635.096030889881
B9J08_01848	18021.8103594941	18691.968814826	19140.4161374796	20548.0028327497
B9J08_01847	1161.58014551654	1040.37280588874	948.356107498245	928.827945176451
B9J08_01846	1170.87278668067	1158.68234879667	988.347027693954	1131.2648050226
B9J08_01845	939.40154313774	848.824022133054	604.62462676846	603.341229345387
B9J08_01844	1289.98755069364	1284.50360871462	1352.07396852159	1602.29436126593
B9J08_01843	1197.06113905232	1313.61151212848	1499.65950733909	1712.11304994064
B9J08_01842	856.612558220925	952.110131020925	1001.67733442586	1193.45129138057
B9J08_01841	393.67007113506	352.111734845017	333.257668297576	336.071649679229
B9J08_01840	2350.1934289651	2263.84371389689	1923.3728284603	2226.80545830765
B9J08_01839	1861.90737506797	1905.1592266681	2047.15424811368	1985.9982132619
B9J08_01838	174.870610997763	87.3237102415642	33.3257668297576	37.0472684685764
B9J08_01837	1143.83964874865	1187.79025221052	1242.57502036668	1287.39257928303
B9J08_01836	1579.74899790249	1632.85948505462	1322.5568607581	1308.56244697936
B9J08_01835	0	0	0	0
B9J08_01834	1070.34330499597	994.363539202327	1044.52474892126	1173.60454041526
B9J08_01833	548.265828683807	600.937360802162	573.203189471831	566.293960876811
B9J08_01832	4856.6721865997	4769.00133674091	5054.09058092438	4903.47060516229
B9J08_01831	19.4300678886403	39.4365143026419	35.2300963628866	27.7854513514323
B9J08_01830	11571.0278204655	11687.2927029758	10641.3934311249	11968.9139488122
B9J08_01829	1035.70709702057	983.095963687287	892.17838627094	934.120412100533
B9J08_01828	706.240728474056	708.9182928213	702.697597724603	752.853419950713
B9J08_01827	823.665921366274	894.833288819469	1040.716089855	1125.97233809852
B9J08_01826	352.275578676652	391.548249147659	422.76115635464	420.751120464546
B9J08_01825	6332.51256057599	8074.1568211528	11705.913640144	12973.1595476568
B9J08_01824	1044.9997381847	1007.50904396987	1085.46783388353	1096.86377001607
B9J08_01823	1435.29066707826	1509.85511901543	1853.86480050109	1976.73639614475
B9J08_01822	1491.04651406305	1572.76574897441	1800.54357357348	2103.75560232273
B9J08_01821	4475.67389887028	4676.98280336808	6314.75673185579	6604.99872125476
B9J08_01820	364.102576521912	380.280673632618	338.970656896963	328.132949293105
B9J08_01819	3585.26991823432	3346.46992796704	3550.62241451903	3942.88785844134
B9J08_01818	262.728309276832	274.177670865986	428.474144954027	296.378147748611
B9J08_01817	3828.56815962252	3939.89557175917	4120.96910969117	4003.75122806829
B9J08_01816	5851.82957672223	5869.46787870987	6283.33529455916	6680.41637492294
B9J08_01815	1137.08136426565	1268.54121006831	1698.66194355107	1487.18320566714
B9J08_01814	678.362804981659	728.636549972621	763.636142784732	759.469003605816
B9J08_01813	7603.07004338099	7270.40310107991	8314.30274164124	8224.49360002396
B9J08_01812	669.914949377903	677.932460154939	335.161997830705	337.394766410249
B9J08_01811	1580.59378346287	1476.99135709656	1217.818736436	1271.51517851078
B9J08_01810	65529.17113278	64502.1750004758	68571.0978289093	69472.8901956979
B9J08_01809	1624.5226326024	1486.3810033591	900.74786917002	861.348991894401
B9J08_01808	4408.09105404022	4239.425287534	4316.16288683689	4478.75013450468
B9J08_01807	250.056525871197	206.572217775743	212.332742943884	246.099711969829
B9J08_01806	675.828448300532	668.542813892405	640.806887897911	736.976019178466
B9J08_01805	827.045063607776	749.293771750196	428.474144954027	517.338641829049
B9J08_01804	993.467819001782	1015.95972560616	1134.02823697832	1307.23933024834
B9J08_01803	727.360367483448	696.711752680006	468.465065149736	572.909544531913
B9J08_01802	2802.15370376608	2624.40613037819	2591.79249458858	2601.24749318647
B9J08_01801	15932.655668685	15746.4367822692	16970.4326344791	17291.812557708
B9J08_01800	1513.01093863282	1597.178829257	1684.37947205261	2077.29326770232
B9J08_01799	3565.83985034568	3486.37565727879	2675.58299404625	2978.33576152734
B9J08_01798	266.107451518335	325.820725309922	282.792935669657	316.22489871392
B9J08_01797	4052.43633312207	4067.59476092963	3426.84099486565	3248.25157465554
B9J08_01796	563.471968770569	563.378775752027	367.535599893898	351.949050451476
B9J08_01795	231.471243542932	251.642519835905	253.275827906158	263.300229473096
B9J08_01794	1138.7709353864	1059.15209841381	723.645222589023	763.438353798878
B9J08_01793	2151.66882227682	2120.18212608013	1846.24748236857	1783.56135341575
B9J08_01792	4961.42559608628	4785.90270001347	5111.22046691825	5310.99055831663
B9J08_01791	610.779960151606	664.786955387392	602.720297235331	644.357848007025
B9J08_01790	401.273141178441	405.632718541459	400.861366723656	379.734501802908
B9J08_01789	36.3257790961536	30.9858326663615	64.7472041263862	54.247785971844
B9J08_01788	1639.72877268917	1661.02842384223	1482.52054154093	1651.24968031369
B9J08_01787	3610.61348504559	3461.02361236995	4173.33817185222	4009.04369499237
B9J08_01786	11.8269978452593	6.57275238377365	1.90432953312901	3.96935019306176
B9J08_01785	700.327229551427	707.040363568794	494.173513846977	574.232661262934
B9J08_01784	4321.07814132153	4106.09231060602	3800.08958335893	4092.40004904667
B9J08_01783	3130.77528675222	3038.48953055593	2889.82006652327	2992.89004556856
B9J08_01782	2256.4222317634	2304.21919282579	4369.48411376451	4415.24053141569
B9J08_01781	1082.17030284123	969.95045891974	594.15081433625	576.878894724975
B9J08_01780	622.606957996865	574.646351267067	414.191673455559	333.425416217187
B9J08_01779	159.664470911001	141.78365856426	579.868342837783	643.034731276004
B9J08_01778	1480.06430177817	1538.02405780303	1108.31978828108	1251.66842754547
B9J08_01777	33919.8298202037	32790.5226780205	31391.9201888651	32868.8658320134
B9J08_01776	5495.3300702437	5614.06950036895	5598.72882739928	5878.60763592446
B9J08_01775	1198.75071017307	1361.4987080674	1866.24294246643	1800.76187091902
B9J08_01774	2890.85618760553	3154.92114421135	3770.57247559543	4224.71172214873
B9J08_01773	4697.0077156887	4349.28414880565	4563.72572614366	4429.79481545692
B9J08_01772	594.729034504468	517.369509065611	669.371830894846	612.603046462531
B9J08_01771	778.047501105988	885.443642556936	1018.81630022402	1012.18429923075
B9J08_01770	11968.0770338421	11911.7052486504	6351.8911577518	6193.50941790736
B9J08_01769	23.6539956905186	31.9247972926149	5.71298859938702	9.2618171171441
B9J08_01768	73.4963437526829	106.103002766632	82.8383346911118	64.8327198200087
B9J08_01767	275.400092682467	322.064866804909	329.449009231318	318.871132175961
B9J08_01766	174.870610997763	153.990198705554	410.383014389301	489.553190477617
B9J08_01765	292.29580388998	319.247972926149	287.55375950248	375.765151609846
B9J08_01764	3526.9797145684	3205.62523402903	3008.84066234383	2869.84018958365
B9J08_01763	223.023387939176	227.229439553317	112.355442454611	116.434272329812
B9J08_01762	267.797022639086	240.374944320865	273.271288004012	261.977112742076
B9J08_01761	1580.59378346287	1661.02842384223	1562.50238193235	1418.38113565407
B9J08_01760	2413.55234599328	2301.40229894703	2487.05437026648	2504.65997182197
B9J08_01759	904.765335162338	920.185333728311	974.064556195487	998.953131920542
B9J08_01758	1374.46610673121	1369.01042507743	1402.53870114951	1336.34789833079
B9J08_01757	1908.37058088863	1999.05568929344	1860.52995386704	2037.5997657717
B9J08_01756	97.1503394432015	100.469215009111	67.6036984260797	64.8327198200087
B9J08_01755	184.163252161895	182.159137493155	130.446573019337	161.420241184511
B9J08_01754	1081.32551728085	969.95045891974	896.939210103762	910.304310942163
B9J08_01753	1292.52190737477	1284.50360871462	1136.88473127802	1280.77699562793
B9J08_01752	9111.85705421193	9301.38358766596	10006.2995318264	11036.1166534427
B9J08_01751	857.4573437813	876.992960920655	904.556528236278	952.644046334821
B9J08_01750	676.673233860908	610.327007064696	734.119035021232	746.23783629561
B9J08_01749	56.6006325451696	61.971665332723	4.76082383282252	7.93870038612351
B9J08_01748	1898.23315416412	1976.52053826336	2113.8057817732	1983.35197979986
B9J08_01747	9458.21913396595	9386.82936865502	8557.10475711519	9087.16570864938
B9J08_01746	4885.39489565247	4699.51795439816	4874.13144004369	4802.91373360472
B9J08_01745	2236.99216387476	2377.45843367355	2825.07286239688	2725.62046590241
B9J08_01744	4881.17096785059	5015.94903344555	5167.39818814556	5013.289293837
B9J08_01743	2199.82159921823	2173.70310977657	2174.74432683333	2226.80545830765
B9J08_01742	4691.93900232645	5159.61062126231	3520.15314198897	3401.73311545392
B9J08_01741	759.462218777723	851.640916011814	876.943750005908	842.825357660113
B9J08_01740	13654.2690123519	13491.9827146348	15204.166992502	16116.8849005618
B9J08_01739	2917.88932553755	2972.7620067182	3112.62662189936	2865.87083939059
B9J08_01738	245.832598069319	240.374944320865	247.562839306771	222.283610811458
B9J08_01737	4385.28184391008	4214.07324262516	4006.70933770343	4084.46134866055
B9J08_01736	5110.1078547124	5139.89236411099	5947.22113196189	5906.39308727589
B9J08_01735	2541.95975117038	2561.49550041922	2605.12280132048	2505.98308855299
B9J08_01734	2228.54430827101	2158.67967575652	2309.95172368549	2148.74157117743
B9J08_01733	719.757297440067	748.354807123942	787.440261948844	702.574984171931
B9J08_01732	2700.779436521	2761.49496581119	3019.31447477604	3196.65002214573
B9J08_01731	932.643258654734	958.682883404699	917.886834968181	938.089762293595
B9J08_01730	6597.77522653395	6680.73331579279	7153.61389119911	7353.88279101241
B9J08_01729	2403.41491926877	2351.16742413846	2114.75794653976	2267.82207696928
B9J08_01728	1923.57672097539	1814.07965792153	1879.57324919833	1874.85640785617
B9J08_01727	1843.3220927397	1978.39846751587	1854.81696526765	2068.03145058517
B9J08_01726	1109.20344077325	1097.6496480902	1128.31524837894	1127.29545482954
B9J08_01725	3283.68147318021	4230.97460589772	2861.25512352633	2922.76485882447
B9J08_01724	4033.8510507938	3994.35552008187	4225.70723401327	3911.13305689685
B9J08_01723	1652.4005560948	1793.42243614395	1952.8899362238	1803.40810438106
B9J08_01722	321.863298503128	302.346609653588	346.587975029479	324.163599100043
B9J08_01721	5546.86198942662	5493.88202820852	5701.56262218825	5981.81074094407
B9J08_01720	1916.81843649238	1968.06985662708	2161.41402010142	2045.53846615782
B9J08_01719	7260.93189142884	7202.79764798966	7837.26819359243	7410.7768104463
B9J08_01718	2677.97022639086	2731.44809777108	3104.05713900028	3008.76744634081
B9J08_01717	753.548719855094	913.612581344537	888.369727204682	762.115237067857
B9J08_01716	1911.74972313013	1906.09819129436	1971.93323155509	2019.07613153741
B9J08_01715	566.851111012071	594.364608418388	529.403610209864	546.447209911502
B9J08_01714	2049.44976947136	1985.91018452589	1641.5320575572	1672.41954801002
B9J08_01713	1927.80064877727	1927.69437769819	2097.6189807416	1799.438754188
B9J08_01712	2688.95243867574	2834.73420665895	2806.02956706559	2834.11603784609
B9J08_01711	6210.01865432152	6559.6068790061	7741.09955216941	7802.41936282839
B9J08_01710	2644.17880397583	2747.41049641738	3376.37626223773	3548.59907259721
B9J08_01709	928.419330852856	957.743918778446	783.631602882586	899.719377093998
B9J08_01708	3083.46729537118	3061.02468158601	3023.1231338423	2953.19654363795
B9J08_01707	3439.12201628933	3649.75550224688	3694.39929427027	3433.48791699842
B9J08_01706	1245.21391599373	1312.67254750222	1445.38611564492	1524.23047413571
B9J08_01705	2160.96146344095	2203.74997781668	2127.1360885051	2000.55249730312
B9J08_01704	936.022400896237	937.086697000871	1028.33794788966	991.014431534418
B9J08_01703	31.2570657338996	27.229974161348	19.0432953312901	21.1698676963294
B9J08_01702	807.614995719136	849.762986759307	1011.1989820915	956.613396527883
B9J08_01701	1031.48316921869	988.729751444807	1255.90532709858	1133.91103848464
B9J08_01700	575.298966615828	569.012563509547	469.4172299163	411.489303347402
B9J08_01699	5.91349892262966	4.69482313126689	11.425977198774	11.9080505791853
B9J08_01698	2023.26141709972	2077.92871789873	2070.00620251123	2128.89482021212
B9J08_01697	640.347454764754	683.566247912459	666.515336595152	653.619665124169
B9J08_01696	76.8754859941856	80.7509578577905	69.5080279592087	92.618171171441
B9J08_01695	422.392780187833	419.71718793526	796.961909614489	861.348991894401
B9J08_01694	555.024113166812	547.416377105719	560.825047506493	527.923575677214
B9J08_01693	1251.12741491636	1294.83221960341	1197.82327633815	1157.72713964301
B9J08_01692	2521.68489772136	2427.22355886498	2502.28900653152	2443.79660219502
B9J08_01691	257.659595914578	240.374944320865	192.33728284603	215.668027156355
B9J08_01690	1319.55504530679	1461.96792307651	985.490533394261	1025.41546654095
B9J08_01689	0	0	0	0
B9J08_01688	10066.4647374364	9787.76726406521	7049.82793164358	7258.61838637893
B9J08_01687	1083.0150884016	1058.21313378756	871.230761406521	830.917307080928
B9J08_01686	1135.39179314489	1153.9875256654	821.718193545166	940.735995755636
B9J08_01685	1.68957112075133	5.63378775752027	3.80865906625801	7.93870038612351
B9J08_01684	4280.5284344235	4083.55715957594	4068.60004753012	4155.90965213566
B9J08_01683	553.334542046061	523.942261449385	306.59705483377	271.23892985922
B9J08_01682	339.603795271017	322.064866804909	286.601594735916	247.422828700849
B9J08_01681	801.701496796506	826.288871102973	917.886834968181	924.858594983389
B9J08_01680	4271.23579325936	4156.7964004237	4735.11538412528	4904.79372189331
B9J08_01679	1658.31405501743	1563.37610271187	1553.93289903327	1566.57020952837
B9J08_01678	1435.29066707826	1513.61097752045	1473.95105864185	1565.24709279735
B9J08_01677	5315.39074588369	5460.07930166339	5765.35766154807	6053.25904441918
B9J08_01676	576.988537736579	615.960794822216	379.913741859237	430.01293758169
B9J08_01675	1361.79432332557	1327.69598152228	1181.63647530655	1194.77440811159
B9J08_01674	1168.33842999955	1276.05292707834	1262.57048046453	1274.16141197282
B9J08_01673	1025.56967029606	923.002227607071	812.196545879521	714.483034751116
B9J08_01672	943.625470939618	912.673616718283	594.15081433625	572.909544531913
B9J08_01671	821.976350245522	920.185333728311	1007.39032302524	1139.20350540872
B9J08_01670	527.146189674415	497.65125191429	545.59041124146	546.447209911502
B9J08_01669	996.002175682909	1131.45237463532	1261.61831569797	1287.39257928303
B9J08_01668	336.224653029515	386.853426016392	367.535599893898	359.887750837599
B9J08_01667	2120.41175654292	2127.69384309015	1970.02890202196	2167.26520541172
B9J08_01666	1528.21707871958	1498.58754350039	1055.95072612003	1061.13961827851
B9J08_01665	624.296529117617	643.190768983564	763.636142784732	755.499653412754
B9J08_01664	1813.75459812655	1799.99518852773	1843.39098806888	1851.0403066978
B9J08_01663	1008.67395908854	945.537378637152	1057.85505565316	1092.894419823
B9J08_01662	18616.5393939985	20137.9743392562	22160.6827770223	22233.6535480699
B9J08_01661	677.518019421284	643.190768983564	536.068763575815	502.784357787822
B9J08_01660	2122.94611322405	2057.27149612115	1737.70069898022	1734.60603436799
B9J08_01659	651.329667049638	669.481778518659	592.246484803121	608.633696269469
B9J08_01658	2947.4568201507	3005.62576863706	2667.01351114717	2742.82098340567
B9J08_01657	20938.8548994712	20130.4626222462	14407.2050828875	16464.8646008202
B9J08_01656	2230.23387939176	2060.08838999991	1711.04008551641	2023.04548173047
B9J08_01655	3873.34179432243	3964.30865204176	4353.29731273291	4226.03483887975
B9J08_01654	492.509981699013	535.209836964426	505.599491045751	522.631108753131
B9J08_01653	4704.61078573208	4231.91357052398	4618.95128260441	4274.99015792751
B9J08_01652	899.696621800084	953.049095647179	621.763592566621	648.327198200087
B9J08_01651	2008.05527701296	2199.99411931166	1872.90809583238	2016.42989807537
B9J08_01650	748.480006492839	689.20003566998	489.412690014155	564.97084414579
B9J08_01649	8263.69235159476	8304.20315458488	7735.38656357003	8818.5730122522
B9J08_01648	1417.55017031037	1415.95865639009	1388.25622965105	1472.62892162591
B9J08_01647	406.341854540695	416.9002940565	369.439929427027	378.411385071887
B9J08_01646	2258.11180288415	2244.12545674557	1877.6689196652	1808.70057130514
B9J08_01645	2204.04552702011	2242.24752749307	2111.90145224007	2257.23714312112
B9J08_01644	650.484881489262	651.641450619844	755.066659885651	744.91471956459
B9J08_01643	29956.9407564815	28635.6042068493	28968.6608579584	30620.8905060094
B9J08_01642	1546.80236104784	1592.48400612573	1250.19233849919	1193.45129138057
B9J08_01641	3151.05014020123	3048.81814144472	3501.10984665768	3721.92736436091
B9J08_01640	1372.77653561046	1493.89272036912	1190.20595820563	1173.60454041526
B9J08_01639	261.883523716456	240.374944320865	164.724504615659	145.542840412264
B9J08_01638	3183.15199149551	3062.90261083852	3110.72229236623	3028.61419730612
B9J08_01637	1170.87278668067	1071.3586385551	1086.4199986501	968.521447107068
B9J08_01636	4154.65538592752	4216.89013650392	3717.25124866782	4244.55847311404
B9J08_01635	5.91349892262966	7.51171701002702	0.952164766564503	6.61558365510293
B9J08_01634	1142.99486318828	1153.9875256654	1024.52928882341	1075.69390231974
B9J08_01633	695.258516189173	728.636549972621	643.663382197604	676.112649551519
B9J08_01632	4557.61809822671	4288.25144809918	4156.19920605406	4542.25973759367
B9J08_01631	3918.96021458271	4123.93263850484	3447.78861973007	3686.20321262335
B9J08_01630	674.983662740157	691.077964922486	582.724837137476	710.513684558054
B9J08_01629	8044.89289145746	7639.41619919748	7664.92637084425	8891.34443245833
B9J08_01628	0.844785560375665	0	0.952164766564503	0
B9J08_01627	0	0	0	0
B9J08_01626	5490.26135688145	5233.78882673633	5373.06577772349	5820.39049975955
B9J08_01625	304.967587295615	313.614185168628	373.248588493285	354.595283913517
B9J08_01624	1216.49120694096	1339.90252166357	2572.74919925729	3037.87601442326
B9J08_01623	581.212465538458	649.763521367338	678.893478560491	674.789532820498
B9J08_01622	1115.11693969588	1048.82348752502	994.060016293342	988.368198072377
B9J08_01621	495.04433838014	442.252338965341	609.385450601282	603.341229345387
B9J08_01620	294.830160571107	299.529715774828	229.471708742045	301.670614672693
B9J08_01619	192.611107765652	170.891561978115	152.346362650321	154.804657529408
B9J08_01618	1233.38691814847	1179.33957057424	848.378807008973	920.889244790327
B9J08_01617	517.008762949907	590.608749913375	666.515336595152	763.438353798878
B9J08_01616	364.947362082287	338.96623007747	272.319123237448	269.915813128199
B9J08_01615	367.481718763414	342.722088582483	419.904662054946	328.132949293105
B9J08_01614	23839.0037282409	23365.1957596891	24765.8055783427	27642.5547444821
B9J08_01613	36068.9642857994	35115.3990926238	35159.6361701609	36287.7994649706
B9J08_01612	591.349892262966	534.270872338172	422.76115635464	427.366704119649
B9J08_01611	295.674946131483	258.215272219679	295.171077634996	214.344910425335
B9J08_01610	453.649845921732	489.20057027801	426.569815420897	453.829038740061
B9J08_01609	9.29264116413232	8.4506816362804	3.80865906625801	2.64623346204117
B9J08_01608	261.883523716456	265.726989229706	144.729044517805	168.035824839614
B9J08_01607	4228.99651524058	4272.28904945287	4632.28158933631	4862.45398650065
B9J08_01606	1936.24850438102	1808.44587016401	2029.06311754896	1958.21276191047
B9J08_01605	4914.11760470524	4869.47055175002	4534.20861838016	4777.77451571533
B9J08_01604	886.180052834073	869.481243910628	680.79780809362	770.053937453981
B9J08_01603	658.932737093019	603.754254680922	437.043627853107	414.135536809443
B9J08_01602	232.316029103308	225.351510300811	237.089026874561	238.161011583705
B9J08_01601	1611.00606363639	1612.20226327705	1379.68674675197	1452.7821706606
B9J08_01600	3209.34034386715	3220.64866804909	3765.81165176261	3923.04110747604
B9J08_01599	169.801897635509	199.99946539197	178.054811347562	243.453478507788
B9J08_01598	289.761447208853	310.797291289868	286.601594735916	272.562046590241
B9J08_01597	868.439556066184	846.007128254294	832.192005977376	803.131855729495
B9J08_01596	5152.34713273118	5908.90439301251	6019.58565422079	6898.73063554133
B9J08_01595	6140.74623837071	7198.1028248584	10299.5662799282	11185.628844048
B9J08_01594	450.27070368023	464.787489995422	398.004872423962	445.890338353937
B9J08_01593	454.494631482108	411.26650629898	473.225888982558	505.430591249864
B9J08_01592	16.8957112075133	18.7792925250676	17.1389657981611	1.32311673102059
B9J08_01591	108.132551728085	107.041967392885	64.7472041263862	66.1558365510293
B9J08_01590	2543.64932229113	3012.19852102084	3142.14372966286	3179.44950464247
B9J08_01589	1137.08136426565	1061.03002766632	1077.85051575102	1037.32351712014
B9J08_01588	9531.71547771863	9768.98797154015	6982.2242332175	7995.5944055574
B9J08_01587	1030.63838365831	1030.98315962621	1216.86657166944	1451.45905392958
B9J08_01586	968.969037750888	938.025661627125	612.241944900976	592.756295497222
B9J08_01585	808.459781279512	761.50031189149	707.458421557426	738.299135909487
B9J08_01584	1357.57039552369	1302.34393661344	1591.06732492929	1641.98786319655
B9J08_01583	11843.0487709065	11352.0823314033	12356.2421757076	12652.9652987499
B9J08_01582	1807.84109920392	1757.74178034632	1694.85328448482	1976.73639614475
B9J08_01581	1707.31161751922	1784.03278988142	1647.24504615659	1841.77848958065
B9J08_01580	2231.92345051251	2261.96578464439	1159.73668567557	1274.16141197282
B9J08_01579	2573.21681690428	2412.20012484493	3288.77710371379	3526.10608816986
B9J08_01578	2720.20950440964	2853.51349918402	3351.61997830705	3199.29625560778
B9J08_01577	2830.03162725848	2728.63120389232	3186.89547369139	3282.65260966207
B9J08_01576	718.912511879691	641.312839731057	700.793268191474	684.051349937643
B9J08_01575	912.368405205719	977.462175929767	1008.34248779181	991.014431534418
B9J08_01574	1799.39324360017	1719.24423066994	1678.66648345322	1851.0403066978
B9J08_01573	392.825285574684	448.825091349115	432.282804020285	448.536571815978
B9J08_01572	916.592333007597	936.147732374618	1037.85959555531	971.16768056911
B9J08_01571	1605.93735027414	1383.09489447123	1291.13542346147	1295.33127966915
B9J08_01570	2549.56282121376	2711.72984061976	3600.13498238039	3780.14450052581
B9J08_01569	2818.20462941322	2687.31676033717	2947.9021172837	3166.21833733226
B9J08_01568	380.153502169049	363.379310360057	336.11416259727	379.734501802908
B9J08_01567	1330.53725759167	1339.90252166357	1220.67523073569	1255.63777773854
B9J08_01566	11680.0051577539	11326.7302864945	12511.4450326576	12265.2920965608
B9J08_01565	3270.1649042142	3457.26775386494	4716.07208879399	5031.81292807129
B9J08_01564	14.3613545263863	14.0844693938007	11.425977198774	21.1698676963294
B9J08_01563	1516.39008087432	1521.12269453047	1620.58443269278	1696.23564916839
B9J08_01562	11.8269978452593	14.0844693938007	22.8519543975481	22.4929844273499
B9J08_01561	726.515581923072	844.129199001787	901.700033936585	975.137030762171
B9J08_01560	93.7711972016989	95.7743918778446	41.8952497288382	51.6015525098028
B9J08_01559	288.916661648478	322.064866804909	328.496844464754	248.74594543187
B9J08_01558	671.604520498654	639.43491047855	483.699701414768	501.461241056802
B9J08_01557	1574.68028454024	1428.16519653139	1688.18813111886	1878.82575804923
B9J08_01556	42.2392780187833	45.0703020601621	39.9909201957091	52.9246692408234
B9J08_01555	3357.17781693289	3349.2868218458	3302.1074104457	3543.30660567313
B9J08_01554	1375.31089229158	1203.75265085683	1131.17174267863	1163.01960656709
B9J08_01553	2037.6227716261	1796.23933002271	1997.64168025233	2024.3685984615
B9J08_01552	192.611107765652	165.257774220595	62.8428745932572	64.8327198200087
B9J08_01551	732.429080845702	702.345540437527	706.506256790861	751.530303219692
B9J08_01550	2107.73997313729	2027.22462808104	1902.42520359588	1923.81172690393
B9J08_01549	546.576257563055	569.9515281358	517.97763301109	505.430591249864
B9J08_01548	59.9797747866722	52.5820190701892	25.7084486972416	34.4010350065352
B9J08_01547	221.333816818424	239.435979694611	329.449009231318	285.793213900446
B9J08_01546	1572.99071341949	1522.06165915673	1418.72550218111	1361.48711622018
B9J08_01545	3701.00554000579	3285.43722726057	3357.33296690644	3156.95652021512
B9J08_01544	330.311154106885	346.477947087497	431.33063925372	329.456066024126
B9J08_01543	528.835760795166	498.590216540544	499.886502446364	494.845657401699
B9J08_01542	4917.49674694675	4769.94030136716	6014.82483038797	6942.39348766501
B9J08_01541	344.672508633271	379.341709006365	298.979736701254	296.378147748611
B9J08_01540	916.592333007597	1073.23656780761	1546.31558090075	1606.26371145899
B9J08_01539	8907.41894860102	9134.24788419286	9122.69062845451	9712.99992242212
B9J08_01538	996.002175682909	889.199501061949	993.107851526777	955.290279796863
B9J08_01537	829.579420288903	858.213668395588	676.989149027362	738.299135909487
B9J08_01536	582.057251098833	544.599483226959	289.458089035609	275.208280052282
B9J08_01535	54293.5231797836	51896.5748930242	52624.242318487	51241.6647589652
B9J08_01534	3796.46630832824	3937.07867788041	3666.7865160399	3539.33725548007
B9J08_01533	2702.46900764175	2677.92711407463	2290.9084283542	2615.8017772277
B9J08_01532	436.754134714219	422.53408181402	450.37393458501	482.937606822514
B9J08_01531	3296.35325658585	3238.4889959479	2974.56273074751	3149.01781982899
B9J08_01530	0	0	0	0
B9J08_01529	670.759734938278	562.439811125774	517.97763301109	514.692408367008
B9J08_01528	1114.2721541355	1138.02512701909	1286.37459962864	1198.74375830465
B9J08_01527	3603.85520056259	3735.20128323594	3848.64998645372	4102.98498289484
B9J08_01526	1661.69319725893	1940.83988246573	2384.22057547752	2561.55399125585
B9J08_01525	4770.50405944138	5022.52178582932	4872.22711051056	5370.53081121256
B9J08_01524	518.698334070659	554.928094115746	456.086923184397	504.107474518843
B9J08_01523	8784.92504234654	8793.40372486289	7953.4322951133	9071.28830787713
B9J08_01522	13165.1381728944	12589.6377088053	12816.1377579582	12815.7086566654
B9J08_01521	1919.35279317351	1643.18809594341	1505.37249593848	1542.75410837
B9J08_01520	7598.84611557911	7960.54210137614	10846.1088559363	10992.453801319
B9J08_01519	810.149352400263	797.180967689118	649.376370796991	750.207186488672
B9J08_01518	2425.37934383854	2526.75380924784	3062.16188927144	3351.45467967514
B9J08_01517	1458.0998772084	1473.23549859155	1409.20385451547	1607.58682819001
B9J08_01516	2155.8927500787	2270.41646628067	2096.66681597504	2025.69171519252
B9J08_01515	2403.41491926877	2204.68894244293	1721.51389794862	1735.92915109901
B9J08_01514	3407.86495055543	3340.83614020952	3573.47436891658	3395.11753179882
B9J08_01513	1842.47730717933	1882.62407563802	2161.41402010142	2079.93950116436
B9J08_01512	1910.90493756976	2069.47803626245	2719.38257330822	2509.95243874605
B9J08_01511	200.214177809033	206.572217775743	199.954600978546	191.851925997985
B9J08_01510	275.400092682467	265.726989229706	275.175617537141	203.75997657717
B9J08_01509	8076.14995719136	8247.86527700967	8406.662723998	8026.02609037087
B9J08_01508	4479.05304111178	4303.27488211923	4140.01240502246	4050.06031365401
B9J08_01507	4446.10640425713	4569.00187134894	4088.59550762798	4697.06439512308
B9J08_01506	1551.02628884972	1488.2589326116	1154.97586184274	1120.67987117444
B9J08_01505	360.723434280409	342.722088582483	300.884066234383	287.116330631467
B9J08_01504	5497.86442692483	5566.18230443003	5483.51689064498	6186.89383425226
B9J08_01503	3169.6354225295	3046.00124756596	2643.20939198306	2766.63708456404
B9J08_01502	212.041175654292	216.90082866453	179.959140880691	166.712708108594
B9J08_01501	671.604520498654	611.265971690949	537.973093108944	551.739676835584
B9J08_01500	1333.91639983318	1317.36737063349	1254.00099756545	1324.43984775161
B9J08_01499	2804.68806044721	2607.50476710563	2540.3755971941	2318.10051274807
B9J08_01498	4018.64491070704	3961.491758163	3752.48134503071	3949.50344209645
B9J08_01497	245.832598069319	233.802191937091	189.480788546336	182.590108880841
B9J08_01496	1459.78944832915	1449.76138293522	1335.88716749	1271.51517851078
B9J08_01495	3350.41953244989	4007.50102484942	6439.49031627574	6508.41119989026
B9J08_01494	108.132551728085	112.675755150405	104.738124322095	72.7714202061322
B9J08_01493	533.904474157421	559.622917247013	605.576791535024	640.388497813963
B9J08_01492	30749.3496121138	30915.4103193925	29565.6681665944	27534.0591725384
B9J08_01491	1551.8710744101	1659.15049458972	1345.40881515564	1403.82685161284
B9J08_01490	75345.5793443452	85170.6643535652	159051.506936468	172719.658067427
B9J08_01489	4571.9794527531	4520.17571078376	4801.76691778479	4667.95582704063
B9J08_01488	984.17517783765	988.729751444807	1115.9371064136	979.106380955233
B9J08_01487	2346.8142867236	2332.38813161339	2695.57845414411	2560.23087452483
B9J08_01486	990.08867676028	1021.59351336368	765.540472317861	817.686139770722
B9J08_01485	939.40154313774	978.40114055602	1134.98040174489	1145.81908906383
B9J08_01484	953.762897664126	877.931925546908	959.782084697019	961.905863451966
B9J08_01483	5463.22821894943	5156.79372738355	4910.31370117314	5093.99941442925
B9J08_01482	2943.23289234882	3035.67263667717	3224.98206435397	3135.78665251879
B9J08_01481	582.057251098833	699.528646558767	656.993688929507	713.159918020095
B9J08_01480	8825.47474924458	7944.57970272983	8757.05935809374	8752.41717570117
B9J08_01479	663.156664894897	738.965160861409	529.403610209864	598.048762421305
B9J08_01478	4306.71678679514	4069.47269018214	3925.77533254545	3917.74864055195
B9J08_01477	3936.7007113506	3916.42145610284	3558.23973265155	3679.58762896825
B9J08_01476	1070.34330499597	1141.78098552411	1198.77544110471	1047.9084509683
B9J08_01475	3441.65637297046	3510.78873756138	4048.60458743227	4276.31327465853
B9J08_01474	1233.38691814847	1194.3630045943	1318.74820169184	1500.41437297734
B9J08_01473	26410.5309740244	26460.9621324464	26665.3742876389	28233.9879232483
B9J08_01472	620.917386876114	615.021830195963	482.747536648203	623.187980310696
B9J08_01471	270.331379320213	246.947696704638	233.280367808303	205.083093308191
B9J08_01470	32059.6120162565	36317.2738142282	29638.9848536199	33432.5135594282
B9J08_01469	5414.23065644764	6271.34473874631	7140.28358446721	8081.59699307373
B9J08_01468	212770.225592896	210579.718800593	208538.366349125	223606.727542479
B9J08_01467	8389.56540009073	9242.228816212	13675.942542166	15988.5425776528
B9J08_01466	263.573094837208	260.093201472186	248.515004073335	287.116330631467
B9J08_01465	2.534356681127	13.1455047675473	3.80865906625801	7.93870038612351
B9J08_01464	1088.92858732423	1053.51831065629	1053.09423182034	1210.65180888384
B9J08_01463	1311.95197526341	1261.02949305829	1379.68674675197	1440.87412008142
B9J08_01462	2013.96877593559	2093.89111654503	2313.76038275174	2298.25376178276
B9J08_01461	673.294091619405	640.373875104804	683.654302393313	628.480447234778
B9J08_01460	2796.24020484345	2399.05462007738	2033.82394138178	1964.82834556557
B9J08_01459	91.2368405205719	69.48338234275	80.9340051579828	46.3090855857205
B9J08_01458	1700.55333303621	1623.46983879209	1422.53416124737	1333.70166486875
B9J08_01457	2008.05527701296	2069.47803626245	2548.94508009318	2565.52334144891
B9J08_01456	2715.98557660776	2498.58487046024	2542.27992672722	2611.83242703464
B9J08_01455	2469.30819297807	2331.44916698714	2278.53028638886	2111.69430270885
B9J08_01454	5405.78280084388	5248.81226075638	5872.00011540329	5778.0507643669
B9J08_01453	32.9466368546509	30.0468680401081	16.1868010315966	39.6935019306176
B9J08_01452	2576.59595914578	2527.69277387409	2603.21847178735	2531.12230644238
B9J08_01451	621.76217243649	690.139000296233	494.173513846977	451.18280527802
B9J08_01450	16.8957112075133	19.7182571513209	20.9476248644191	9.2618171171441
B9J08_01449	0.844785560375665	0	0	0
B9J08_01448	1126.94393754114	1110.79515285775	1326.36551982435	1497.7681395153
B9J08_01447	7061.56249918019	7223.45486976724	8250.50770228142	8199.35438213457
B9J08_01446	732.429080845702	804.692684699145	768.396966617554	768.73082072296
B9J08_01445	6669.58199916588	7941.76280885107	9385.48810402631	10352.0653035051
B9J08_01444	501.802622863145	445.069232844101	279.936441369964	255.361529086973
B9J08_01443	1534.13057764221	1479.80825097532	1527.27228556946	2045.53846615782
B9J08_01442	2447.3437684083	2363.37396427975	1373.02159338601	1557.30839241123
B9J08_01441	2765.82792466993	2793.4197631038	3189.75196799109	3053.75341519551
B9J08_01440	71638.6603054168	67668.3637202022	61863.0970484623	66595.1113057281
B9J08_01439	391.135714453933	393.426178400165	341.827151196657	310.932431789838
B9J08_01438	968.969037750888	985.912857566047	913.126011135359	989.691314803398
B9J08_01437	386.067001091679	411.26650629898	391.339719058011	398.258136037196
B9J08_01436	3782.10495380185	3963.36968741551	3915.30152011324	4503.88935239407
B9J08_01435	1542.57843324597	1476.99135709656	1641.5320575572	1657.86526396879
B9J08_01434	989.243891199904	990.607680697314	1044.52474892126	981.752614417274
B9J08_01433	1616.07477699865	1579.33850135818	1539.6504275348	1659.18838069981
B9J08_01432	1714.06990200223	1577.46057210568	1797.68707927378	1851.0403066978
B9J08_01431	2307.10936538594	2501.401764339	3128.81342293096	3274.71390927595
B9J08_01430	2972.80038696197	3210.3200571603	3711.53826006843	3706.04996358866
B9J08_01429	1246.90348711448	1246.00605903823	1022.62495929028	992.337548265439
B9J08_01428	967.279466630137	940.842555505885	1001.67733442586	1006.89183230667
B9J08_01427	372.550432125668	446.947162096608	797.914074381054	906.334960749101
B9J08_01426	2.534356681127	10.3286108887872	1.90432953312901	5.29246692408234
B9J08_01425	2435.51677056304	2418.7728772287	2280.43461592199	2240.03662561785
B9J08_01424	0	0	2.85649429969351	0
B9J08_01423	0	1.87792925250676	0	1.32311673102059
B9J08_01422	5122.77963811804	5198.1081709387	6268.10065829413	6368.16082640208
B9J08_01421	326.932011865382	261.032166098439	187.576459013207	213.021793694314
B9J08_01420	2747.24264234166	2538.02138476288	2558.46672775882	2588.01632587627
B9J08_01419	968.969037750888	1000.9362915861	739.832023620619	808.424322653578
B9J08_01418	5438.72943769853	5355.85422814927	5831.05703044102	6127.35358135633
B9J08_01417	1387.98267569722	1381.21696521872	1373.02159338601	1387.94945084059
B9J08_01416	985.019963398026	1130.51341000907	984.538368627697	939.412879024616
B9J08_01415	2226.85473715025	2543.6551725204	2644.16155674963	2471.58205354645
B9J08_01414	1624.5226326024	1688.25839800357	1634.86690419125	1684.32759858921
B9J08_01413	576.988537736579	622.53354720599	498.9343376798	501.461241056802
B9J08_01412	677.518019421284	721.124832962594	675.084819494233	672.143299358457
B9J08_01411	332.000725227637	323.942796057415	219.9500610764	177.297641956758
B9J08_01410	2362.86521237074	2353.04535339097	1762.4569829109	1817.96238842228
B9J08_01409	88.7024838394449	101.408179635365	78.0775108582893	109.818688674709
B9J08_01408	4773.03841612251	4839.42368370991	4094.30849622736	4566.07583875204
B9J08_01407	0	0	0	0
B9J08_01406	3.37914224150266	1.87792925250676	3.80865906625801	2.64623346204117
B9J08_01405	326.932011865382	327.698654562429	289.458089035609	277.854513514323
B9J08_01404	1193.68199681082	1081.68724944389	978.825380028309	963.228980182986
B9J08_01403	613.314316832733	586.852891408361	494.173513846977	535.862276063337
B9J08_01402	1835.71902269632	1764.3145327301	1403.49086591608	1402.50373488182
B9J08_01401	842.251203694538	839.43437587052	591.294320036557	598.048762421305
B9J08_01400	1072.03287611672	1189.66818146303	1772.93079534311	2066.70833385415
B9J08_01399	731.584295285326	658.214203003618	344.68364549635	443.244104891896
B9J08_01398	484.906911655632	457.275772985395	321.831691098802	370.472684685764
B9J08_01397	904.765335162338	944.598414010898	1031.19444218936	1059.81650154749
B9J08_01396	505.181765104648	439.435445086581	297.075407168125	316.22489871392
B9J08_01395	3466.15515422136	3683.558228792	3783.90278232734	3751.03593244336
B9J08_01394	1092.30772956574	1102.34447122147	1187.34946390594	1083.63260270586
B9J08_01393	915.747547447221	987.790786818554	730.310375954974	682.728233206622
B9J08_01392	1914.28407981126	1958.68021036455	1871.00376629925	1933.07354402108
B9J08_01391	7.60307004338099	4.69482313126689	3.80865906625801	5.29246692408234
B9J08_01390	1010.3635302093	988.729751444807	1095.94164631574	1137.8803886777
B9J08_01389	4200.27380618781	4171.81983444376	5022.66914362776	4776.45139898431
B9J08_01388	124.183477375223	145.539517069274	233.280367808303	201.113743115129
B9J08_01387	73.4963437526829	65.7275238377365	99.0251357227084	107.172455212667
B9J08_01386	519.543119631034	502.346075045557	503.695161512622	554.385910297625
B9J08_01385	772.978787743734	699.528646558767	691.271620525829	705.221217633972
B9J08_01384	1397.27531686135	1273.23603319958	1298.75274159398	1262.25336139364
B9J08_01383	1251.12741491636	1273.23603319958	1133.07607221176	1177.57389060832
B9J08_01382	1355.88082440294	1385.91178834999	1356.83479235442	1258.28401120058
B9J08_01381	2026.64055934122	2046.94288523236	2278.53028638886	2199.02000695621
B9J08_01380	1279.00533840876	1301.40497198718	1309.22655402619	1192.12817464955
B9J08_01379	0.844785560375665	0	0	0
B9J08_01378	570.230253253574	587.791856034615	617.954933500363	647.004081469066
B9J08_01377	1531.59622096108	1479.80825097532	1482.52054154093	1501.73748970836
B9J08_01376	1665.07233950044	1727.69491230622	1045.47691368782	1186.83570772546
B9J08_01375	650.484881489262	723.941726841354	402.765696256785	383.70385199597
B9J08_01374	1045.84452374507	1100.46654196896	893.130551037504	881.19574285971
B9J08_01373	1095.68687180724	1111.734117484	744.592847453442	627.157330503757
B9J08_01372	729.894724164575	818.777154092946	1141.64555511084	1090.24818636096
B9J08_01371	8655.67285160907	8729.55413027766	9312.17141700084	9347.81970466043
B9J08_01370	870.973912747311	920.185333728311	867.422102340263	885.165093052772
B9J08_01369	1470.77166061403	1492.95375574287	1228.29254886821	1467.33645470183
B9J08_01368	718.912511879691	713.613115952567	744.592847453442	869.287692280525
B9J08_01367	69948.2443991051	70281.5022750653	60754.7772601813	68411.7505774194
B9J08_01366	398.738784497314	414.08340017774	477.034548048816	414.135536809443
B9J08_01365	1147.21879099015	1104.22240047397	1251.14450326576	1226.52920965608
B9J08_01364	789.874498951247	794.364073810358	707.458421557426	673.466416089478
B9J08_01363	6242.12050561579	6092.00249513192	4793.19743488571	5595.46065548606
B9J08_01362	2944.92246346957	2936.14238629431	3019.31447477604	3391.14818160576
B9J08_01361	2432.98241388192	2463.84317928886	2161.41402010142	2511.27555547707
B9J08_01360	1670.14105286269	1538.96302242929	1423.48632601393	1346.93283217896
B9J08_01359	2095.91297529203	2429.10148811749	4463.74842565439	4133.41666770831
B9J08_01358	1226.62863366547	1257.27363455327	1407.29952498234	1627.43357915532
B9J08_01357	801.701496796506	695.772788053753	776.01428475007	787.254454957248
B9J08_01356	1530.75143540071	1437.55484279392	1237.81419653385	1165.66584002914
B9J08_01355	259.349167035329	291.079034138547	198.050271445417	179.9438754188
B9J08_01354	1403.18881578398	1334.26873390605	1452.05126901087	1394.5650344957
B9J08_01353	1429.37716815563	1312.67254750222	1433.00797367958	1409.11931853692
B9J08_01352	3.37914224150266	4.69482313126689	2.85649429969351	7.93870038612351
B9J08_01351	85.3233415979422	102.347144261618	110.451112921482	83.3563540542969
B9J08_01350	54.0662758640426	72.3002762215101	31.4214372966286	18.5236342342882
B9J08_01349	1291.67712181439	1299.52704273468	1185.44513437281	1242.40661042833
B9J08_01348	4125.08789131437	4110.78713373729	4906.50504210689	5014.61241056802
B9J08_01347	672.44930605903	690.139000296233	842.665818409586	817.686139770722
B9J08_01346	30428.3310991711	27822.4608405138	25589.428101421	27563.1677406208
B9J08_01345	4331.21556804604	4022.52445886947	3574.42653368315	3793.37566783602
B9J08_01344	2118.72218542217	1989.66604303091	1703.4227673839	1769.00706937452
B9J08_01343	258.504381474954	283.56731712852	222.806555376094	222.283610811458
B9J08_01342	348.051650874774	375.585850501351	378.961577092672	392.965669113114
B9J08_01341	490.820410578262	476.994030136716	536.068763575815	557.032143759666
B9J08_01340	440.978062516097	431.923728076554	468.465065149736	474.99890643639
B9J08_01339	34.6362079754023	30.0468680401081	33.3257668297576	25.1392178893911
B9J08_01338	1572.99071341949	1526.75648228799	1281.61377579582	1336.34789833079
B9J08_01337	3152.73971132198	3348.34785721955	2964.0889183153	2933.34979267264
B9J08_01336	1147.21879099015	1039.43384126249	792.201085781667	690.666933592746
B9J08_01335	0.844785560375665	4.69482313126689	2.85649429969351	0
B9J08_01334	11.8269978452593	23.4741156563345	50.4647326279187	13.2311673102059
B9J08_01333	252.590882552324	284.506281754774	269.462628937754	250.069062162891
B9J08_01332	1981.86692464131	1922.99955456692	1714.84874458267	1683.00448185818
B9J08_01331	3.37914224150266	0	1.90432953312901	0
B9J08_01330	3679.8859009964	3736.14024786219	3655.36053884113	3474.50453566006
B9J08_01329	1064.42980607334	1202.81368623058	1314.93954262558	1303.26998005528
B9J08_01328	739.187365328707	692.955894174993	793.153250548231	742.268486102548
B9J08_01327	598.108176745971	555.867058742	633.189569765395	492.199423939658
B9J08_01326	1958.21292895079	1917.3657668094	1639.62772802407	1684.32759858921
B9J08_01325	584.59160777996	679.810389407446	670.32399566141	685.374466668663
B9J08_01324	14.3613545263863	13.1455047675473	2.85649429969351	2.64623346204117
B9J08_01323	212.885961214668	246.947696704638	158.059351249708	150.835307336347
B9J08_01322	2068.03505179963	2036.61427434358	1862.43428340017	2122.27923655702
B9J08_01321	2334.98728887834	2336.1439901184	1807.20872693943	1974.09016268271
B9J08_01320	1658.31405501743	1637.55430818589	1469.19023480903	1468.65957143285
B9J08_01319	1796.85888691904	1815.01862254778	1702.47060261733	1694.91253243737
B9J08_01318	1545.95757548747	1423.47037340012	1311.13088355932	1303.26998005528
B9J08_01317	179.939324360017	214.08393478577	203.763260044804	129.665439640017
B9J08_01316	180.784109920392	140.844693938007	106.642453855224	93.9412879024616
B9J08_01315	0	0	3.80865906625801	1.32311673102059
B9J08_01314	730.73950972495	830.044729607986	1077.85051575102	1096.86377001607
B9J08_01313	637.813098083627	909.856722839523	2013.82848128392	2216.22052445948
B9J08_01312	2216.71731042575	2337.08295474466	1990.97652688638	1926.45796036597
B9J08_01311	72.6515581923072	86.3847456153108	86.6469937573698	91.2950544404204
B9J08_01310	928.419330852856	969.95045891974	881.70457383873	879.872626128689
B9J08_01309	3613.14784172672	3516.4225253189	3285.9206094141	3272.06767581391
B9J08_01308	1608.47170695527	1599.0567585095	1432.05580891301	1579.80137683858
B9J08_01307	184.163252161895	148.356410948034	128.542243486208	141.573490219203
B9J08_01306	1064.42980607334	1007.50904396987	864.565608040569	901.042493825019
B9J08_01305	3866.58350983942	4021.58549424322	3102.15280946715	3293.23754351024
B9J08_01304	1449.65202160464	1479.80825097532	1327.31768459092	1454.10528739162
B9J08_01303	560.092826529066	636.61801659979	562.729377039621	564.97084414579
B9J08_01302	2082.39640632602	2216.89548258423	2554.65806869256	2562.87710798687
B9J08_01301	1893.16444080187	1903.2812974156	2518.47580756311	2273.11454389337
B9J08_01300	1467.39251837253	1967.13089200083	3056.44890067206	3006.12121287877
B9J08_01299	12121.8280058304	12661.9379850268	8641.84742133943	9515.85552950005
B9J08_01298	691.034588387294	667.603849266152	492.269184313848	493.522540670678
B9J08_01297	681.741947223162	717.368974457581	525.594951143606	502.784357787822
B9J08_01296	4544.94631482108	4914.54085381018	5712.98859938702	4928.60982305168
B9J08_01295	578.678108857331	546.477412479466	612.241944900976	644.357848007025
B9J08_01294	3789.70802384523	3841.30428600257	3960.05326414177	4138.70913463239
B9J08_01293	772.978787743734	752.110665628956	733.166870254668	641.711614544984
B9J08_01292	14967.910558736	13858.1789188736	15806.8872897373	15676.2870291319
B9J08_01291	661.467093774146	587.791856034615	653.185029863249	603.341229345387
B9J08_01290	351.430793116277	369.013098117578	267.558299404625	268.592696397179
B9J08_01289	3105.43171994095	2738.02085015485	2540.3755971941	2496.72127143584
B9J08_01288	511.940049587653	467.604383874182	376.105082792979	419.428003733526
B9J08_01287	1123.56479529963	1272.29706857333	1354.93046282129	1233.14479331119
B9J08_01286	9216.61046369851	9134.24788419286	7567.80556465467	7533.82666643121
B9J08_01285	1692.10547743246	1536.14612855053	1429.19931461332	1365.45646641324
B9J08_01284	3896.99579001294	3886.37458806273	3299.250916146	3692.81879627845
B9J08_01283	431.685421351965	533.331907711919	676.036984260797	596.725645690284
B9J08_01282	1779.11839015115	1711.73251365991	1709.13575598328	1634.04916281042
B9J08_01281	2007.21049145258	1820.6524103053	2039.53692998117	2044.2153494268
B9J08_01280	1513.01093863282	1485.44203873284	1495.85084827283	1673.74266474104
B9J08_01279	5400.71408748163	4946.4656511028	3609.65663004603	3380.5632477576
B9J08_01278	516.163977389532	485.444711772996	614.146274434105	632.44979742784
B9J08_01277	9731.08486996729	9968.98743693212	10250.0537120669	10550.5328131581
B9J08_01276	0	0	0	0
B9J08_01275	2162.6510345617	2275.11128941194	2365.17728014623	2279.73012754847
B9J08_01274	651.329667049638	612.204936317203	769.349131384119	789.900688419289
B9J08_01273	2694.86593759837	2819.71077263889	2607.97929562017	2818.23863707385
B9J08_01272	365.792147642663	432.862692702807	521.786292077348	486.906957015575
B9J08_01271	681.741947223162	659.153167629871	650.328535563556	688.020700130704
B9J08_01270	0.844785560375665	0	0	2.64623346204117
B9J08_01269	236.539956905186	319.247972926149	261.845310805238	255.361529086973
B9J08_01268	292.29580388998	301.407645027334	349.444469329173	387.673202189031
B9J08_01267	1076.2568039186	1038.49487663624	1114.03277688047	961.905863451966
B9J08_01266	529.680546355542	492.01746415677	418.000332521817	459.121505664143
B9J08_01265	1258.73048495974	1581.21643061069	2170.93566776707	2242.68285907989
B9J08_01264	1043.31016706395	1103.28343584772	1324.46119029122	1397.21126795774
B9J08_01263	5508.84663920971	5326.74632473541	5809.15724081004	6090.30631288775
B9J08_01262	933.48804421511	1001.87525621235	909.317352069101	800.485622267454
B9J08_01261	1727.58647096824	1587.78918299446	1671.0491653207	1469.98268816387
B9J08_01260	438.44370583497	418.778223309007	299.931901467819	310.932431789838
B9J08_01259	762.841361019226	731.453443851382	586.533496203734	596.725645690284
B9J08_01258	577.833323296955	616.899759448469	432.282804020285	414.135536809443
B9J08_01257	7295.56809940425	7358.66577594772	6990.79371611658	7798.45001263533
B9J08_01256	1136.23657870527	1219.71504950314	1129.2674131455	1039.96975058218
B9J08_01255	2965.19731691859	3143.65356869631	3083.10951413586	3149.01781982899
B9J08_01254	38721.590945379	36399.9027013385	37901.8706978666	35665.9346013909
B9J08_01253	1354.19125328219	1323.00115839101	733.166870254668	857.379641701339
B9J08_01252	3216.94341391053	3630.97620972181	4887.4617467756	5741.00349589832
B9J08_01251	515.319191829156	536.148801590679	443.708781219059	488.230073746596
B9J08_01250	808.459781279512	901.406041203243	1621.53659745935	1591.70942741776
B9J08_01249	1140.46050650715	1138.02512701909	1056.9028908866	1229.17544311812
B9J08_01248	382.687858850176	355.86759335003	418.952497288381	480.291373360472
B9J08_01247	1686.19197850983	2005.62844167722	3391.61089850276	3643.86347723069
B9J08_01246	6540.3298084284	6435.66354834065	7361.18581031018	6139.26163193552
B9J08_01245	3722.96996457556	3569.94350901534	3725.8207315669	4018.30551210952
B9J08_01244	2422.00020159703	2515.4862337328	2571.79703449072	2757.3752674469
B9J08_01243	5991.21919418422	5502.3327098448	5587.30285020051	5273.94328984805
B9J08_01242	683.431518343913	710.796222073807	738.879858854055	694.636283785807
B9J08_01241	1060.20587827146	1174.64474744298	1271.13996336361	1092.894419823
B9J08_01240	484.906911655632	476.055065510463	565.585871339315	555.709027028646
B9J08_01239	732.429080845702	794.364073810358	945.499613198552	891.780676707874
B9J08_01238	1351.65689660106	1368.07146045117	1581.54567726364	1567.89332625939
B9J08_01237	2387.36399362163	2455.39249765258	2002.40250408515	2061.41586693007
B9J08_01236	846.475131496417	935.208767748365	1003.58166395899	1087.60195289892
B9J08_01235	809.304566839887	919.246369102057	379.913741859237	410.166186616381
B9J08_01234	361.568219840785	310.797291289868	295.171077634996	269.915813128199
B9J08_01233	9586.62653914305	11065.6981203961	6811.78674000246	7357.85214120548
B9J08_01232	680.897161662786	766.195135022757	1533.93743893542	1730.63668417493
B9J08_01231	383.532644410552	359.623451855044	304.692725300641	321.517365638002
B9J08_01230	17006.3781159225	17193.3812713256	18833.8190826459	16779.7663828031
B9J08_01229	16834.0418616059	15910.7555918635	17096.1183836657	14732.9047999142
B9J08_01228	944.470256499994	877.931925546908	971.208061895793	952.644046334821
B9J08_01227	767.91007438148	810.326472456665	819.813864012037	837.53289073603
B9J08_01226	28776.7753286367	28849.688141635	26805.3425083239	28244.5728570964
B9J08_01225	91905.9106843894	91521.821085543	90730.828441165	95372.9002054258
B9J08_01224	2.534356681127	0	0	1.32311673102059
B9J08_01223	0	2.81689387876013	0	0
B9J08_01222	348.051650874774	398.121001531432	341.827151196657	344.010350065352
B9J08_01221	4915.807175826	4823.4612850636	5596.82449786615	5957.9946397857
B9J08_01220	5957.42777176919	5856.32237394232	5822.48754754194	5871.99205226936
B9J08_01219	692.724159508046	694.8338234275	685.558631926442	705.221217633972
B9J08_01218	3170.48020808987	3088.25465574736	3328.7680239095	3047.13783154041
B9J08_01217	1678.58890846645	1653.5167068322	1571.07186483143	1489.82943912918
B9J08_01216	359.878648720033	384.036532137632	418.000332521817	396.935019306176
B9J08_01215	2079.86204964489	2043.18702672735	2566.08404589134	2398.81063334032
B9J08_01214	742.56650757021	800.936826194132	792.201085781667	718.452384944178
B9J08_01213	981.640821156523	1015.95972560616	912.173846368794	1049.23156769932
B9J08_01212	968.969037750888	1021.59351336368	1083.5635043504	1070.40143539565
B9J08_01211	267.797022639086	291.079034138547	303.740560534077	302.993731403714
B9J08_01210	8060.9438171046	8108.89851232417	8821.80656222012	9501.30124545882
B9J08_01209	518.698334070659	551.172235610733	519.881962544219	526.600458946193
B9J08_01208	2670.36715634748	2591.54236845932	2508.0019951309	2492.75192124278
B9J08_01207	787.34014227012	731.453443851382	691.271620525829	625.834213772737
B9J08_01206	2191.37374361448	2430.97941737	2652.73103964871	2667.4033297375
B9J08_01205	303.278016174864	343.661053208736	268.51046417119	333.425416217187
B9J08_01204	12.671783405635	15.9623986463074	11.425977198774	6.61558365510293
B9J08_01203	408.031425661446	391.548249147659	338.018492130399	353.272167182496
B9J08_01202	1629.59134596466	1646.94395444843	1333.98283795687	1201.38999176669
B9J08_01201	995.157390122534	969.95045891974	752.210165585958	608.633696269469
B9J08_01200	2264.87008736716	2304.21919282579	2967.89757738156	3040.52224788531
B9J08_01199	1402.3440302236	1446.0055244302	1408.2516897489	1365.45646641324
B9J08_01198	339.603795271017	308.919362037361	242.802015473948	268.592696397179
B9J08_01197	419.858423506706	423.473046440274	403.717861023349	388.996318920052
B9J08_01196	627.675671359119	646.946627488578	635.093899298524	629.803563965799
B9J08_01195	16.0509256471376	25.3520449088412	15.2346362650321	35.7241517375558
B9J08_01194	269.486593759837	276.994564744747	254.227992672722	238.161011583705
B9J08_01193	103.908623926207	108.919896645392	115.211936754305	82.0332373232763
B9J08_01192	5004.50965966544	4855.38608235622	5057.89923999064	5232.92667118641
B9J08_01191	4040.60933527681	4120.17677999982	4678.93766289797	4583.27635625531
B9J08_01190	805.925424598385	877.931925546908	852.187466075231	837.53289073603
B9J08_01189	2678.81501195123	2707.03501748849	3150.71321256194	2746.79033359874
B9J08_01188	576.988537736579	553.989129489493	597.007308635944	545.124093180481
B9J08_01187	424.92713686896	410.327541672726	424.665485887769	379.734501802908
B9J08_01186	44.7736346999103	32.8637619188682	19.0432953312901	33.0779182755146
B9J08_01185	2190.5289580541	2059.14942537366	2019.54146988331	2308.83869563092
B9J08_01184	2399.19099146689	2269.47750165441	2295.66925218702	2165.9420886807
B9J08_01183	1911.74972313013	1938.02298858697	1441.57745657866	1399.85750141978
B9J08_01182	1234.23170370885	1270.41913932082	1429.19931461332	1340.31724852385
B9J08_01181	1698.01897635509	1630.04259117586	1972.88539632165	1993.93691364802
B9J08_01180	340.448580831393	376.524815127605	412.28734392243	473.67578970537
B9J08_01179	444.3572047576	505.162968924317	593.198649569686	525.277342215172
B9J08_01178	137.700046341233	118.309542907926	149.489868350627	154.804657529408
B9J08_01177	727.360367483448	782.157533669064	866.469937573698	809.747439384598
B9J08_01176	2147.44489447494	2137.08348935269	2255.67833199131	2094.49378520559
B9J08_01175	2435.51677056304	2778.39632908375	1892.90355593023	2287.66882793459
B9J08_01174	72915.1312871444	71442.0625531145	79566.6965531962	88987.5388615205
B9J08_01173	1375.31089229158	1375.5831774612	1444.43395087835	1308.56244697936
B9J08_01172	1195.37156793157	1169.01095968546	1220.67523073569	1137.8803886777
B9J08_01171	2238.68173499551	2276.98921866444	2413.73768324102	2295.60752832072
B9J08_01170	4445.26161869675	4208.43945486764	3941.00996881048	4055.35278057809
B9J08_01169	1074.56723279785	941.781520132138	623.66792209975	643.034731276004
B9J08_01168	724.826010802321	610.327007064696	487.508360481026	403.550602961279
B9J08_01167	147203.039109899	172664.327192481	282266.388553747	312037.23426024
B9J08_01166	1415.86059918962	1475.11342784406	1015.95980592433	1047.9084509683
B9J08_01165	995.157390122534	1047.88452289877	1064.52020901911	948.67469614176
B9J08_01164	1251.12741491636	1288.25946721963	1114.03277688047	1136.55727194668
B9J08_01163	1873.73437291323	2012.20119406099	3109.77012759967	3706.04996358866
B9J08_01162	2246.28480503889	2456.33146227884	2665.10918161405	2704.45059820608
B9J08_01161	4781.48627172627	4831.91196669988	4549.4432546452	4821.43736783901
B9J08_01160	3089.38079429381	3003.74783938456	3209.74742808894	3313.08429447555
B9J08_01159	7112.24963280273	6501.39107217839	6379.50393598217	6511.0574333523
B9J08_01158	566.006325451696	523.003296823132	521.786292077348	477.645139898431
B9J08_01157	3984.00870273164	4060.08304391961	3588.70900518161	3581.67699087272
B9J08_01156	394.514856695436	399.059966157686	426.569815420897	431.336054312711
B9J08_01155	18593.7301838684	17414.0379584952	19845.0180647374	19564.9271016014
B9J08_01154	309.191515097493	311.736255916122	211.38057817732	211.698676963294
B9J08_01153	1287.45319401251	1364.31560194616	1823.39552797102	1702.85123282349
B9J08_01152	771.289216622983	962.438741909713	587.485660970299	727.714202061322
B9J08_01151	6240.43093449504	5925.80575628507	6374.74311214935	6374.77641005718
B9J08_01150	506.871336225399	537.087766216932	524.642786377041	516.015525098028
B9J08_01149	26566.8163026939	24972.7031998348	26534.9277146196	25046.5997182197
B9J08_01148	4156.34495704827	4058.2051146671	4418.99668162586	4100.33874943279
B9J08_01147	1324.62375866904	1802.81208240649	2141.41856000357	2270.46831043132
B9J08_01146	2790.32670592082	2816.89387876013	2648.92238058245	2973.04329460326
B9J08_01145	572.764609934701	613.143900943456	416.096002988688	404.873719692299
B9J08_01144	71.8067726319316	46.0092666864155	50.4647326279187	44.9859688546999
B9J08_01143	1337.29554207468	1292.01532572465	1346.36097992221	1308.56244697936
B9J08_01142	1081.32551728085	1016.89869023241	846.474477475844	803.131855729495
B9J08_01141	3287.90540098209	3343.65303408828	2536.56693812784	2558.90775779381
B9J08_01140	3582.7355615532	4795.292346276	6059.5765744165	6814.05116475601
B9J08_01139	5675.26939460372	5575.57195069256	4314.25855730376	4476.10390104264
B9J08_01138	404.652283419944	467.604383874182	394.196213357704	427.366704119649
B9J08_01137	4121.70874907287	4673.22694486306	6405.21238467941	6100.89124673592
B9J08_01136	925.884974171729	991.546645323567	789.344591481973	922.212361521348
B9J08_01135	4401.33276955722	4291.06834197794	3875.31059991753	3962.73460940665
B9J08_01134	60905.659760844	58255.2433420121	57957.3171760148	61343.6610003074
B9J08_01133	534.749259717796	595.303573044642	478.938877581945	449.859688546999
B9J08_01132	3428.98458956483	3590.60073079292	3213.5560871552	3473.18141892904
B9J08_01131	220.489031258049	182.159137493155	123.781419653385	121.726739253894
B9J08_01130	758.617433217348	836.61748199176	615.098439200669	629.803563965799
B9J08_01129	61.6693459074236	63.8495945852297	27.6127782303706	21.1698676963294
B9J08_01128	55.7558469847939	57.2768422014561	29.5171077634996	30.4316848134735
B9J08_01127	48.1527769414129	24.4130802825878	43.7995792619672	31.754801544494
B9J08_01126	796.632783434252	826.288871102973	3506.82283525707	3684.88009589233
B9J08_01125	3118.94828890696	2758.67807193242	1855.76913003422	1902.6418592076
B9J08_01124	2223.47559490875	2135.20556010018	2512.76281896372	2352.5015477546
B9J08_01123	664.846236015649	644.129733609817	555.112058907106	506.753707980884
B9J08_01122	3969.64734820525	3920.17731460785	4539.92160697955	4351.7309283267
B9J08_01121	638.657883644003	594.364608418388	565.585871339315	623.187980310696
B9J08_01120	595.573820064844	619.71665332723	572.251024705267	611.27992973151
B9J08_01119	405.497068980319	506.101933550571	508.455985345445	464.413972588225
B9J08_01118	2058.7424106355	1977.45950288961	2174.74432683333	2160.64962175662
B9J08_01117	1711.5355453211	1731.45077081123	2001.45033931859	1914.54990978679
B9J08_01116	751.014363173966	754.927559507716	722.693057822458	775.346404378063
B9J08_01115	105.598195046958	99.5302503828581	104.738124322095	70.125186744091
B9J08_01114	980.796035596147	940.842555505885	724.597387355587	861.348991894401
B9J08_01113	231.471243542932	259.154236845932	242.802015473948	194.498159460026
B9J08_01112	1009.51874464892	1103.28343584772	815.053040179215	856.056524970319
B9J08_01111	17650.9494984892	17076.0106930439	18131.1214849213	19117.7136465164
B9J08_01110	56252.5808942948	55116.284596447	55270.3082047697	62873.1839413672
B9J08_01109	40931.5499713217	38559.5213417212	39123.4980933689	40730.8254477377
B9J08_01108	998.536532364036	1049.76245215128	996.916510593035	936.766645562574
B9J08_01107	4333.74992472716	4768.06237211465	4347.58432413352	4178.40263656301
B9J08_01106	9838.372636135	9831.89860149912	10239.5798996347	10832.3566768655
B9J08_01105	1792.63495911716	1954.92435185953	1802.4479031066	1997.90626384108
B9J08_01104	1448.80723604427	1389.667646855	1533.93743893542	1509.67619009449
B9J08_01103	4563.53159714934	4315.48142226053	5165.49385861243	5158.83213424926
B9J08_01102	802.546282356882	769.012028901517	816.005204945779	834.886657273989
B9J08_01101	4594.78866288324	4576.51358835896	4402.80988059426	4454.93403334631
B9J08_01100	563.471968770569	556.806023368253	554.159894140541	531.892925870275
B9J08_01099	28813.1011077328	28463.7736802449	34698.7884231436	34399.7118898042
B9J08_01098	121.649120694096	123.004366039193	102.833794788966	83.3563540542969
B9J08_01097	2090.84426192977	2065.72217775743	2284.24327498824	2312.80804582398
B9J08_01096	1012.05310133005	986.8518221923	795.05758008136	856.056524970319
B9J08_01095	2916.1997544168	2824.40559577016	3364.95028503895	3126.52483540164
B9J08_01094	1523.14836535732	1391.54557610751	1185.44513437281	1193.45129138057
B9J08_01093	259.349167035329	287.323175633534	214.237072477013	213.021793694314
B9J08_01092	258.504381474954	212.206005533263	114.25977198774	72.7714202061322
B9J08_01091	1604.24777915339	1661.02842384223	1748.17451141243	1935.71977748312
B9J08_01090	1501.18394078756	1577.46057210568	2083.33650924313	2262.5296100452
B9J08_01089	2723.58864665115	2746.47153179113	2438.49396717169	2337.94726371337
B9J08_01088	940.246328698116	1093.89378958519	1220.67523073569	1303.26998005528
B9J08_01087	335.379867469139	343.661053208736	445.613110752188	430.01293758169
B9J08_01086	2384.8296369405	2388.72600918859	2576.55785832355	2602.57060991749
B9J08_01085	7522.8154151453	7516.41183315829	6611.83213902391	7004.57997402298
B9J08_01084	5995.4431219861	6142.7065849496	1011.1989820915	1078.34013578178
B9J08_01083	0.844785560375665	1.87792925250676	0.952164766564503	0
B9J08_01082	0	0	0	0
B9J08_01081	618.383030194987	626.289405711003	786.48809718228	649.650314931107
B9J08_01080	674.983662740157	595.303573044642	690.319455759265	623.187980310696
B9J08_01079	4292.35543226876	4507.03020601621	4759.87166805595	4816.14490091493
B9J08_01078	2698.24507983987	2827.22248964892	2667.96567591374	2633.00229473096
B9J08_01077	3755.91660143021	4060.08304391961	5726.31890611892	5911.68555419997
B9J08_01076	6571.5868741623	6815.00525734702	6718.47459287914	6366.83770967106
B9J08_01075	1703.08768971734	1933.32816545571	1886.23840256428	1910.58055959373
B9J08_01074	1155.66664659391	1173.70578281672	1273.99645766331	1225.20609292506
B9J08_01073	1209.73292245795	1267.60224544206	1109.27195304765	1043.93910077524
B9J08_01072	1258.73048495974	1210.3254032406	1753.88750001182	1839.13225611861
B9J08_01071	1863.59694618872	1951.16849335452	2155.70103150204	2024.3685984615
B9J08_01070	887.869623954824	907.978793587017	1071.18536238507	973.813914031151
B9J08_01069	542.352329761177	495.773322661784	370.392094193592	412.812420078423
B9J08_01068	1030.63838365831	984.03492831354	978.825380028309	1009.53806576871
B9J08_01067	3708.60861004917	3624.40345733804	3653.456209308	3387.1788314127
B9J08_01066	3996.68048613727	4096.70266434349	1486.32920060719	1725.34421725084
B9J08_01065	1649.0214138533	1936.14505933447	2178.55298589958	2040.24599923374
B9J08_01064	2545.33889341188	2711.72984061976	3283.06411511441	3391.14818160576
B9J08_01063	9677.86337966362	10594.3378780169	7505.91485482798	8288.00320311295
B9J08_01062	1199.59549573344	1283.56464408837	508.455985345445	603.341229345387
B9J08_01061	3488.11957879112	4409.37788488586	5494.94286784375	5357.29964390235
B9J08_01060	38.8601357772806	73.2392408477635	44.7517440285317	26.4623346204117
B9J08_01059	2184.61545913147	2160.55760500902	2099.52331027473	1927.78107709699
B9J08_01058	730.73950972495	767.13409964901	771.253460917248	678.75888301356
B9J08_01057	0	0	0	1.32311673102059
B9J08_01056	1187.76849788819	1176.52267669548	1375.87808768571	1417.05801892305
B9J08_01055	1125.25436642039	1210.3254032406	1358.73912188755	1295.33127966915
B9J08_01054	1235.07648926922	1114.55101136276	1119.74576547986	1135.23415521566
B9J08_01053	3608.07912836447	3816.89120571998	4497.07419248415	4633.55479203409
B9J08_01052	527.146189674415	558.68395262076	560.825047506493	525.277342215172
B9J08_01051	1232.5421325881	1208.4474739881	1349.2174742219	1336.34789833079
B9J08_01050	473.924699370748	494.83435803553	527.499280676735	526.600458946193
B9J08_01049	275.400092682467	273.238706239733	364.679105594205	273.885163321261
B9J08_01048	1201.2850668542	1137.08616239284	1558.69372286609	1672.41954801002
B9J08_01047	881.956125032195	830.044729607986	680.79780809362	689.343816861725
B9J08_01046	516.163977389532	525.820190701892	482.747536648203	464.413972588225
B9J08_01045	692.724159508046	687.322106417473	615.098439200669	717.129268213157
B9J08_01044	805.925424598385	707.979328195047	563.681541806186	526.600458946193
B9J08_01043	381.843073289801	404.693753915206	346.587975029479	359.887750837599
B9J08_01042	737.497794207956	724.880691467608	599.863802935637	501.461241056802
B9J08_01041	6739.69920067706	7398.10229025037	8734.20740369619	8186.12321482436
B9J08_01040	1454.7207349669	1607.50744014578	2093.81032167534	1893.38004209046
B9J08_01039	4.22392780187833	0.938964626253378	0.952164766564503	11.9080505791853
B9J08_01038	1717.44904424373	1656.33360071096	1575.83268866425	1655.21903050675
B9J08_01037	55.7558469847939	54.4599483226959	51.4168973944832	48.9553190477617
B9J08_01036	1393.05138905947	1373.70524820869	1356.83479235442	1430.28918623325
B9J08_01035	1157.35621771466	1189.66818146303	1174.01915717403	1252.99154427649
B9J08_01034	1008.67395908854	1074.17553243386	1144.50204941053	1149.78843925689
B9J08_01033	289.761447208853	353.05069947127	358.013952228253	390.319435651073
B9J08_01032	805.080639038009	745.537913245182	816.957369712344	783.285104764186
B9J08_01031	919.9714752491	976.523211303513	985.490533394261	997.630015189521
B9J08_01030	3995.8357005769	3804.68466557869	4038.13077500006	4007.72057826135
B9J08_01029	1632.97048820616	1518.30580065171	1556.78939333296	1509.67619009449
B9J08_01028	1674.36498066457	1695.7701150136	1477.75971770811	1397.21126795774
B9J08_01027	2845.23776734524	2898.58380124418	2868.87244165885	2770.60643475711
B9J08_01026	3093.60472209569	3036.61160130342	3425.88883009908	3191.35755522165
B9J08_01025	2036.77798606573	2241.30856286681	1730.0833808477	1851.0403066978
B9J08_01024	1332.22682871242	1437.55484279392	1658.67102335536	1847.07095650474
B9J08_01023	751.859148734342	798.119932315371	978.825380028309	1059.81650154749
B9J08_01022	2.534356681127	10.3286108887872	1.90432953312901	0
B9J08_01021	14.3613545263863	9.38964626253378	13.330306731903	9.2618171171441
B9J08_01020	2847.77212402637	2688.25572496342	3395.41955756902	3368.65519717841
B9J08_01019	379.308716608674	399.059966157686	343.731480729786	358.564634106579
B9J08_01018	0	4.69482313126689	2.85649429969351	0
B9J08_01017	224.712959059927	233.802191937091	152.346362650321	207.729326770232
B9J08_01016	1577.21464122137	1576.52160747942	1545.36341613419	1612.87929511409
B9J08_01015	1316.17590306529	1368.07146045117	1431.10364414645	1356.1946492961
B9J08_01014	598.108176745971	658.214203003618	725.549552122152	599.371879152325
B9J08_01013	2100.98168865428	1958.68021036455	2183.31380973241	2115.66365290192
B9J08_01012	7418.06200565872	7137.07012415193	7489.72805379638	7179.2313825177
B9J08_01011	1073.72244723747	1051.64038140378	1382.54324105166	1260.93024466262
B9J08_01010	2417.77627379515	2449.75870989506	2386.12490501065	2515.24490567013
B9J08_01009	1835.71902269632	1784.03278988142	1710.08792074985	1776.94576976065
B9J08_01008	420.703209067081	417.839258682753	405.622190556478	471.029556243328
B9J08_01007	871.818698307687	862.908491526855	883.608903371859	902.365610556039
B9J08_01006	1208.0433513372	1276.05292707834	764.588307551296	816.363023039701
B9J08_01005	1002.76046016591	1011.26490247489	1039.76392508844	1069.07831866463
B9J08_01004	12332.179610364	12190.5777426476	12684.7390201723	12684.7201002944
B9J08_01003	168.112326514757	169.952597351861	160.915845549401	132.311673102059
B9J08_01002	1121.87522417888	1333.3297692798	1501.56383687222	1456.75152085366
B9J08_01001	902.230978481211	899.528111950736	974.064556195487	956.613396527883
B9J08_01000	1858.52823282646	1888.25786339554	2130.94474757136	2181.81948945295
B9J08_00999	1158.20100327504	1204.69161548308	1122.60225977955	1208.00557542179
B9J08_00998	618.383030194987	626.289405711003	254.227992672722	255.361529086973
B9J08_00997	778.892286666363	802.814755446638	867.422102340263	938.089762293595
B9J08_00996	16110.0606363639	16445.0264642017	15982.0856067852	17036.4510286211
B9J08_00995	350.586007555901	339.905194703723	350.396634095737	304.316848134735
B9J08_00994	155.440543109122	159.623986463074	152.346362650321	140.250373488182
B9J08_00993	1111.73779745438	1103.28343584772	1164.49750950839	1077.01701905076
B9J08_00992	873.508269428438	813.143366335425	850.283136542101	866.641458818483
B9J08_00991	3200.8924882634	3277.92551025054	3360.18946120613	3756.32839936744
B9J08_00990	847.319917056792	950.232201768419	902.652198703149	1033.35416692708
B9J08_00989	2643.33401841546	2613.13855486315	2740.33019817264	2685.92696397179
B9J08_00988	1154.82186103353	1215.95919099812	1276.852951963	1166.98895676016
B9J08_00987	54.9110614244182	73.2392408477635	47.6082383282252	44.9859688546999
B9J08_00986	3644.40490746062	3588.72280154041	2885.05924269045	2876.45577323875
B9J08_00985	59499.0918028185	58397.0270005763	62154.4594670311	69229.4367171901
B9J08_00984	8391.25497121148	8578.38082545086	8498.07054158819	8269.47956887866
B9J08_00983	6125.54009828395	6166.18070060593	5751.0751900496	5619.27675664443
B9J08_00982	6922.1728817182	6344.58397959408	6972.70258555186	6344.34472524371
B9J08_00981	666.5358071364	735.209302356395	1005.48599349212	922.212361521348
B9J08_00980	11586.2339605523	11818.7477506513	12802.8074512263	12539.1772598821
B9J08_00979	456.184202602859	472.299207005449	419.904662054946	373.118918147805
B9J08_00978	1875.42394403398	2210.32273020045	1611.06278502714	1702.85123282349
B9J08_00977	4176.61981049729	4384.96480460328	4006.70933770343	4212.80367156954
B9J08_00976	6375.59662415515	6535.19379872351	7198.36563522765	6184.24760079022
B9J08_00975	700.327229551427	732.392408477635	735.071199787797	657.589015317231
B9J08_00974	163.043613152503	170.891561978115	201.858930511675	169.358941570635
B9J08_00973	974.037751113142	931.452909243351	987.39486292739	886.488209783792
B9J08_00972	892.093551756703	975.58424667726	883.608903371859	812.393672846639
B9J08_00971	632.744384721373	658.214203003618	780.775108582893	783.285104764186
B9J08_00970	1444.58330824239	1310.79461824972	1154.02369707618	1188.15882445649
B9J08_00969	550.800185364934	570.890492762054	517.025468244525	553.062793566605
B9J08_00968	598.108176745971	626.289405711003	617.954933500363	658.912132048251
B9J08_00967	326.932011865382	260.093201472186	15.2346362650321	6.61558365510293
B9J08_00966	1.68957112075133	0	0	0
B9J08_00965	41186.6752105552	39890.9731817485	41745.7598604875	37020.806133956
B9J08_00964	1111.73779745438	1159.62131342292	1067.37670331881	1156.40402291199
B9J08_00963	3430.67416068558	3659.14514850941	4558.96490231084	4689.12569473695
B9J08_00962	1559.47414445348	1487.31996798535	1476.80755294154	1267.54582831772
B9J08_00961	3012.50530829962	3122.05738229248	3210.69959285551	3420.25674968821
B9J08_00960	287.227090527726	233.802191937091	298.979736701254	297.701264479632
B9J08_00959	891.248766196327	876.992960920655	996.916510593035	926.18171171441
B9J08_00958	2487.04868974596	2307.9750513308	2476.58055783427	2337.94726371337
B9J08_00957	716.378155198564	852.579880638067	190.432953312901	166.712708108594
B9J08_00956	1536.66493432334	1432.86001966266	1273.99645766331	1342.96348198589
B9J08_00955	0	0	0	0
B9J08_00954	0	0.938964626253378	3.80865906625801	1.32311673102059
B9J08_00953	4831.32861978843	4561.49015433891	4119.06478015804	4364.96209563691
B9J08_00952	5412.54108532689	5106.08963756587	4609.42963493876	4321.29924351323
B9J08_00951	860.836486022803	937.086697000871	1051.18990228721	1005.56871557564
B9J08_00950	4661.52672215292	4584.96426999525	3591.56549948131	3635.92477684457
B9J08_00949	603.176890108225	537.087766216932	387.531059991753	387.673202189031
B9J08_00948	2067.19026623925	2096.70801042379	1943.36828855815	1943.65847786924
B9J08_00947	47581.701902599	47039.3108814155	44289.9441167479	39575.7445415567
B9J08_00946	2911.13104105454	2588.72547458056	757.923154185345	856.056524970319
B9J08_00945	693.568945068421	682.627283286206	398.957037190527	355.918400644537
B9J08_00944	347.206865314398	340.844159329976	307.549219600335	338.71788314127
B9J08_00943	1816.28895480768	1886.37993414304	1890.04706163054	1718.72863359574
B9J08_00942	1815.4441692473	1982.15432602088	1937.65529995876	1993.93691364802
B9J08_00941	587.125964461087	592.486679165882	632.23740499883	566.293960876811
B9J08_00940	1665.07233950044	1605.62951089328	1581.54567726364	1533.49229125286
B9J08_00939	368.32650432379	375.585850501351	432.282804020285	467.060206050267
B9J08_00938	1153.13228991278	1099.52757734271	1089.27649294979	1082.30948597484
B9J08_00937	4914.96239026562	4739.89343332705	3491.58819899203	3137.10976924981
B9J08_00936	4633.64879866052	4295.76316510921	3473.49706842731	3743.09723205724
B9J08_00935	734.963437526829	690.139000296233	458.943417484091	452.50592200904
B9J08_00934	6608.75743881883	6435.66354834065	6677.53150791686	6460.77899757352
B9J08_00933	2046.91541279024	1973.7036443846	1966.2202429557	1919.84237671087
B9J08_00932	586.281178900712	573.707386640814	611.289780134411	562.324610683749
B9J08_00931	2091.68904749015	2126.7548784639	3047.87941777298	3268.09832562085
B9J08_00930	3.37914224150266	0.938964626253378	2.85649429969351	1.32311673102059
B9J08_00929	0	0	0	0
B9J08_00928	393.67007113506	419.71718793526	267.558299404625	231.545427928602
B9J08_00927	10934.0595079422	11540.8142212803	11266.9656827578	10981.8688674709
B9J08_00926	617.538244634611	743.659983992676	1310.17871879276	1442.19723681244
B9J08_00925	1851.76994834346	2057.27149612115	2026.20662324926	2212.25117426642
B9J08_00924	545.73147200268	592.486679165882	578.916178071218	653.619665124169
B9J08_00923	27.877923492397	23.4741156563345	36.1822611294511	39.6935019306176
B9J08_00922	2.534356681127	0.938964626253378	0.952164766564503	0
B9J08_00921	909.834048524592	1006.57007934362	1087.37216341666	1008.21494903769
B9J08_00920	0	0	1.90432953312901	1.32311673102059
B9J08_00919	6.75828448300532	3.75585850501351	3.80865906625801	7.93870038612351
B9J08_00918	3075.8642253278	3066.65846934353	3081.20518460273	3212.52742291798
B9J08_00917	1608.47170695527	1409.38590400632	1557.74155809953	1469.98268816387
B9J08_00916	5725.95652822626	5936.13436717386	6115.75429564381	5449.91781507379
B9J08_00915	1361.79432332557	1368.07146045117	1706.27926168359	1448.81282046754
B9J08_00914	1318.71025974641	1243.18916515947	1099.750305382	1065.10896847157
B9J08_00913	9979.45182471773	9660.06807489475	9845.38368627697	9724.9079730013
B9J08_00912	322.708084063504	367.135168865071	477.034548048816	469.706439512308
B9J08_00911	8562.74643996774	8237.53666612089	7385.94209424085	7987.65570517127
B9J08_00910	80.2546282356882	79.8119932315371	58.0820507604347	54.247785971844
B9J08_00909	880.266553911443	824.410941850466	1094.98948154918	1006.89183230667
B9J08_00908	1684.50240738908	1846.94341984039	1586.30650109646	1685.65071532023
B9J08_00907	1388.82746125759	1473.23549859155	1327.31768459092	1389.27256757161
B9J08_00906	5720.04302930363	5755.85315893321	5906.27804699961	6038.70476037795
B9J08_00905	774.668358864485	803.753720072892	767.44480185099	763.438353798878
B9J08_00904	2489.58304642709	2827.22248964892	1646.29288139003	1540.10787490796
B9J08_00903	1148.9083621109	1170.88888893796	1102.60679968169	1077.01701905076
B9J08_00902	1330.53725759167	1348.35320329985	1589.16299539616	1517.61489048061
B9J08_00901	1.68957112075133	0.938964626253378	0.952164766564503	0
B9J08_00900	2065.5006951185	2069.47803626245	2410.88118894132	2565.52334144891
B9J08_00899	10576.7152159033	10136.1231404052	10648.0585844908	10453.9452917936
B9J08_00898	1894.00922636224	1835.67584432535	2112.85361700663	2269.1451937003
B9J08_00897	1516.39008087432	1566.19299659063	1477.75971770811	1360.16399948916
B9J08_00896	5148.1232049293	5479.79755881471	4990.29554156456	5264.68147273091
B9J08_00895	1074.56723279785	1089.19896645392	1084.51566911697	1160.37337310505
B9J08_00894	1359.25996664445	1230.98262501818	1062.61587948599	1106.12558713321
B9J08_00893	1254.50655715786	1083.5651786964	1024.52928882341	1095.54065328504
B9J08_00892	1104.13472741099	1022.53247798993	1034.05093648905	883.841976321751
B9J08_00891	1970.03992679605	1943.65677634449	2042.39342428086	2061.41586693007
B9J08_00890	1477.52994509704	1508.91615438918	1652.95803475598	1627.43357915532
B9J08_00889	10505.7532288318	9702.32148307616	8980.8180782364	8446.77721083542
B9J08_00888	598.108176745971	619.71665332723	720.788728289329	623.187980310696
B9J08_00887	1000.22610348479	1107.03929435273	1178.77998100686	988.368198072377
B9J08_00886	471.390342689621	428.16786957154	491.317019547284	400.904369499237
B9J08_00885	2535.20146668737	2792.48079847755	2575.60569355698	2360.44024814072
B9J08_00884	1632.97048820616	1712.67147828616	1423.48632601393	1238.43726023527
B9J08_00883	432.530206912341	411.26650629898	303.740560534077	350.625933720455
B9J08_00882	37.1705646565293	48.8261605651757	67.6036984260797	59.5402528959263
B9J08_00881	116644.61103443	114104.859311563	120946.825143323	124769.907735241
B9J08_00880	402.962712299192	410.327541672726	289.458089035609	244.776595238808
B9J08_00879	3016.7292361015	2873.23175633534	3051.68807683923	2855.28590554242
B9J08_00878	1247.74827267486	1295.77118422966	2491.81519409931	2382.93323256807
B9J08_00877	383.532644410552	411.26650629898	253.275827906158	211.698676963294
B9J08_00876	898.007050679332	846.946092880547	860.756948974311	890.457559976854
B9J08_00875	1948.07550222628	1913.60990830438	1600.58897259493	1784.88447014677
B9J08_00874	1124.40958086001	1242.25020053322	482.747536648203	482.937606822514
B9J08_00873	128.407405177101	140.844693938007	118.068431053998	104.526221750626
B9J08_00872	1986.09085244319	1757.74178034632	1391.11272395074	1320.47049755854
B9J08_00871	3355.48824581214	3251.63450071545	3443.02779589724	3324.99234505473
B9J08_00870	567.695896572447	665.725920013645	661.75451276233	706.544334364993
B9J08_00869	2596.8708125948	2707.03501748849	3067.87487787083	3045.81471480939
B9J08_00868	8288.19113284565	8287.30179131231	9247.42421287446	9163.90647904857
B9J08_00867	3861.51479647717	3853.51082614386	4027.65696256785	4267.05145754139
B9J08_00866	6928.93116620121	7251.62380855484	7693.49131384119	7495.45628123162
B9J08_00865	448.581132559478	456.336808359142	543.686081708331	542.47785971844
B9J08_00864	506.026550665024	517.369509065611	535.116598809251	512.046174904967
B9J08_00863	7059.02814249906	6692.93985593408	8575.19588767992	7648.93782203
B9J08_00862	587.970750021463	625.35044108475	703.649762491168	754.176536681734
B9J08_00861	128.407405177101	151.173304826794	91.4078175901923	97.9106380955233
B9J08_00860	17026.6529693715	19908.8669704504	14191.0636808774	15786.1057178066
B9J08_00859	2352.72778564623	2552.10585415668	2270.91296825634	2218.86675792152
B9J08_00858	671.604520498654	607.510113185936	559.872882739928	627.157330503757
B9J08_00857	1031.48316921869	987.790786818554	1009.29465255837	947.351579410739
B9J08_00856	2211.64859706349	2273.23336015943	2133.80124187105	1944.98159460026
B9J08_00855	2315.5572209897	2404.6884078349	4694.172299163	4462.87273373243
B9J08_00854	1006.98438796779	958.682883404699	1135.93256651145	969.844563838089
B9J08_00853	2152.5136078372	2021.59084032352	1991.92869165294	1738.57538456105
B9J08_00852	4182.53330941992	4160.55225892872	4090.49983716111	3855.56215419399
B9J08_00851	903.075764041586	1047.88452289877	1289.23109392834	1268.86894504874
B9J08_00850	167.267540954382	151.173304826794	223.758720142658	203.75997657717
B9J08_00849	1393.89617461985	1524.87855303549	2004.30683361828	2116.98676963294
B9J08_00848	489.13083945751	583.097032903348	845.522312709279	887.811326514813
B9J08_00847	9705.74130315602	10143.6348574152	10545.2247897019	10476.438276221
B9J08_00846	3026.86666282601	2880.74347334536	3101.20064470059	2999.50562922367
B9J08_00845	2681.34936863236	2732.38706239733	2702.24360751006	2853.9627888114
B9J08_00844	9656.74374065423	11836.5880785501	11901.1074172897	11954.359664771
B9J08_00843	1050.91323710733	1102.34447122147	1236.86203176729	1313.85491390344
B9J08_00842	1109.20344077325	1323.94012301726	1986.21570305355	1942.33536113822
B9J08_00841	606.556032349728	642.251804357311	573.203189471831	576.878894724975
B9J08_00840	1698.01897635509	1563.37610271187	1730.0833808477	1729.3135674439
B9J08_00839	1408.25752914623	1363.37663731991	1413.96467834829	1107.44870386423
B9J08_00838	1888.94051299999	1906.09819129436	2128.08825327167	2079.93950116436
B9J08_00837	871.818698307687	877.931925546908	991.203521993648	932.797295369513
B9J08_00836	930.953687533983	898.589147324483	918.838999734746	861.348991894401
B9J08_00835	40.5497068980319	36.6196204238817	48.5604030947897	74.0945369371528
B9J08_00834	1722.51775760598	2230.97995197803	4570.39087950962	4798.94438341166
B9J08_00833	854.922987100173	953.988060273432	939.786624599165	908.981194211142
B9J08_00832	420.703209067081	328.637619188682	281.840770903093	310.932431789838
B9J08_00831	2976.17952920347	2760.55600118493	1977.64622015447	1948.95094479332
B9J08_00830	598.108176745971	630.98422884227	673.180489961104	701.25186744091
B9J08_00829	2233.61302163326	2158.67967575652	2560.37105729195	2505.98308855299
B9J08_00828	4795.00284069228	4938.95393409277	5693.94530405573	5524.01235201094
B9J08_00827	814.373280202141	707.040363568794	324.688185398496	306.963081596776
B9J08_00826	306.657158416367	324.881760683669	249.4671688399	281.823863707385
B9J08_00825	7317.53252397401	7071.34260031419	7324.05138441416	7286.40383773036
B9J08_00824	5043.36979544272	5068.53105251573	5046.47326279187	4624.29297491695
B9J08_00823	1054.29237934883	975.58424667726	583.677001904041	587.46382857314
B9J08_00822	13.5165689660106	8.4506816362804	6.66515336595152	2.64623346204117
B9J08_00821	0.844785560375665	1.87792925250676	2.85649429969351	1.32311673102059
B9J08_00820	1653.24534165518	1791.54450689145	2648.92238058245	2500.69062162891
B9J08_00819	70606.3323506377	71936.8969111501	80016.1183230146	82322.9998873698
B9J08_00818	357.344292038906	319.247972926149	467.512900383171	478.968256629452
B9J08_00817	834.648133651157	974.645282051006	1074.99402145132	1267.54582831772
B9J08_00816	2641.64444729471	3127.69117005	3648.69538547518	3888.6400724695
B9J08_00815	490.820410578262	526.759155328145	638.902558364782	564.97084414579
B9J08_00814	480.682983853754	455.397843732888	714.123574923378	602.018112614366
B9J08_00813	1060.20587827146	997.180433081088	1074.99402145132	1024.09234980993
B9J08_00812	3187.37591929739	3251.63450071545	3345.90698970766	3261.48274196574
B9J08_00811	1016.27702913193	966.194600414726	446.565275518752	439.274754698834
B9J08_00810	1478.37473065741	1441.31070129894	1521.55929697008	1544.07722510102
B9J08_00809	0	0	0	0
B9J08_00808	192.611107765652	225.351510300811	196.145941912288	199.790626384108
B9J08_00807	414.789710144452	440.374409712834	501.790831979493	496.168774132719
B9J08_00806	929.264116413232	995.302503828581	994.060016293342	1046.58533423728
B9J08_00805	6697.45992265827	6822.51697435705	7589.70535428566	7638.35288818184
B9J08_00804	1413.32624250849	1276.05292707834	1102.60679968169	1103.47935367117
B9J08_00803	2456.63640957243	2412.20012484493	2784.12977743461	2820.88487053589
B9J08_00802	1159.04578883541	1194.3630045943	1224.48388980195	1290.03881274507
B9J08_00801	1605.09256471376	1502.3434020054	1526.3201208029	1480.56762201203
B9J08_00800	905.610120722713	984.03492831354	1236.86203176729	1280.77699562793
B9J08_00799	1887.25094187924	1974.64260901085	1986.21570305355	1946.30471133128
B9J08_00798	2290.21365417843	2393.42083231986	2138.56206570387	1955.56652844843
B9J08_00797	2896.76968652816	3086.37672649485	3288.77710371379	3576.38452394864
B9J08_00796	321.018512942753	360.562416481297	577.011848538089	703.898100902951
B9J08_00795	701.172015111802	772.76788740653	945.499613198552	984.398847879315
B9J08_00794	1304.34890522003	1347.4142386736	1482.52054154093	1245.05284389037
B9J08_00793	0	0	0	0
B9J08_00792	1505.40786858944	1425.34830265263	1587.25866586303	1276.80764543486
B9J08_00791	903.075764041586	911.73465209203	993.107851526777	1017.47676615483
B9J08_00790	944.470256499994	822.533012597959	594.15081433625	666.850832434375
B9J08_00789	938.556757577364	1027.2273011212	1152.11936754305	1201.38999176669
B9J08_00788	1140.46050650715	1217.83712025063	1066.42453855224	1083.63260270586
B9J08_00787	1614.3852058779	1585.91125374196	1731.03554561427	1593.03254414878
B9J08_00786	640.347454764754	628.16733496351	684.606467159878	725.067968599281
B9J08_00785	955.452468784878	961.499777283459	1078.80268051758	898.396260362977
B9J08_00784	1712.38033088147	1661.96738846848	1966.2202429557	1827.22420553943
B9J08_00783	752.703934294718	737.087231608902	809.340051579828	849.440941315216
B9J08_00782	480.682983853754	447.886126722861	512.264644411703	435.305404505773
B9J08_00781	562.627183210193	486.38367639925	507.50382057888	525.277342215172
B9J08_00780	513.629620708405	508.918827429331	268.51046417119	288.439447362488
B9J08_00779	56086.1581389008	54565.1123608363	57874.4788413236	54483.3007499657
B9J08_00778	770.444431062607	718.307939083834	831.239841210812	811.070556115619
B9J08_00777	1534.97536320258	1772.76521436638	1557.74155809953	1638.01851300348
B9J08_00776	10455.0660952092	10012.1798097398	8328.58521313971	8284.03385291989
B9J08_00775	937.711972016989	923.002227607071	829.335511677682	768.73082072296
B9J08_00774	1076.2568039186	1054.45727528254	1066.42453855224	1009.53806576871
B9J08_00773	774.668358864485	827.227835729226	656.041524162943	588.78694530416
B9J08_00772	1039.93102482244	1166.1940658067	1170.21049810777	1133.91103848464
B9J08_00771	460.408130404738	488.261605651757	399.909201957091	420.751120464546
B9J08_00770	2607.85302487968	2717.36362837728	2663.20485208092	2487.4594543187
B9J08_00769	1235.07648926922	1204.69161548308	1291.13542346147	1202.71310849771
B9J08_00768	1299.28019185777	1362.43767269365	1618.68010315966	1432.93541969529
B9J08_00767	892.093551756703	1030.04419499996	987.39486292739	972.49079730013
B9J08_00766	517.853548510283	614.082865569709	485.604030947897	533.216042601296
B9J08_00765	2016.50313261671	1849.76031371915	1816.73037460507	1600.97124453491
B9J08_00764	3129.93050119184	3344.59199871453	3244.02535968526	3238.98975753839
B9J08_00763	2645.02358953621	2636.61267051949	2614.64444898613	2532.4454231734
B9J08_00762	949.538969862248	920.185333728311	928.360647400391	832.240423811948
B9J08_00761	1538.35450544409	1470.41860471279	1509.18115500474	1489.82943912918
B9J08_00760	1866.13130286984	2011.26222943474	2286.14760452137	2023.04548173047
B9J08_00759	9516.50933763187	10160.5362206878	13628.3343038377	12828.9398239756
B9J08_00758	497.578695061267	517.369509065611	643.663382197604	674.789532820498
B9J08_00757	2474.37690634032	2574.64100518676	2656.53969871496	2562.87710798687
B9J08_00756	1562.00850113461	1531.45130541926	1654.86236428911	1632.7260460794
B9J08_00755	2388.20877918201	2366.19085815851	2466.10674540206	2311.48492909296
B9J08_00754	909.834048524592	1038.49487663624	912.173846368794	881.19574285971
B9J08_00753	922.505831930227	997.180433081088	1114.03277688047	948.67469614176
B9J08_00752	422.392780187833	376.524815127605	379.913741859237	388.996318920052
B9J08_00751	217.954674576922	249.764590583399	196.145941912288	190.528809266964
B9J08_00750	585.436393340336	590.608749913375	409.430849622736	412.812420078423
B9J08_00749	352.275578676652	301.407645027334	252.323663139593	265.946462935138
B9J08_00748	1190.30285456931	1323.94012301726	1559.64588763266	1611.55617838307
B9J08_00747	5507.15706808896	5483.55341731973	5362.59196529128	5091.35318096721
B9J08_00746	2649.24751733809	2779.33529371	2712.71741994227	2696.51189781995
B9J08_00745	1140.46050650715	1245.06709441198	897.891374870327	883.841976321751
B9J08_00744	4157.18974260865	4081.67923032343	4383.76658526297	5080.76824711905
B9J08_00743	8.44785560375665	7.51171701002702	6.66515336595152	14.5542840412264
B9J08_00742	411.410567902949	399.998930783939	451.326099351575	440.597871429855
B9J08_00741	2020.72706041859	2390.6039384411	3495.39685805829	3403.05623218495
B9J08_00740	1716.60425868335	1643.18809594341	1517.75063790382	1604.94059472797
B9J08_00739	0	0	0	0
B9J08_00738	2525.90882552324	2516.42519835905	2451.8242739036	2421.30361776767
B9J08_00737	299.898873933361	286.38421100728	336.11416259727	347.979700258414
B9J08_00736	2753.15614126429	2907.03448288046	4384.71875002954	4114.89303347402
B9J08_00735	4876.94704004872	4831.91196669988	5930.08216616373	5517.39676835584
B9J08_00734	1570.45635673836	1474.1744632178	2382.31624594439	2212.25117426642
B9J08_00733	1331.38204315205	1336.14666315856	1428.24714984676	1241.08349369731
B9J08_00732	3.37914224150266	2.81689387876013	4.76082383282252	2.64623346204117
B9J08_00731	145.303116384614	144.60055244302	118.068431053998	109.818688674709
B9J08_00730	520.38790519141	547.416377105719	478.938877581945	447.213455084958
B9J08_00729	2930.56110894318	3185.90697687771	4341.87133553414	4216.77302176261
B9J08_00728	1072.03287611672	1547.41370406557	2548.94508009318	2302.22311197582
B9J08_00727	183.318466601519	215.022899412024	346.587975029479	317.54801544494
B9J08_00726	864.215628264306	917.36843984955	1093.08515201605	1025.41546654095
B9J08_00725	1.68957112075133	0.938964626253378	2.85649429969351	1.32311673102059
B9J08_00724	1003.60524572629	1171.82785356422	1413.96467834829	1346.93283217896
B9J08_00723	18.5852823282646	22.5351510300811	8.56948289908053	9.2618171171441
B9J08_00722	1382.06917677459	1447.88345368271	1154.02369707618	1247.69907735241
B9J08_00721	1135.39179314489	1213.14229711936	1476.80755294154	1518.93800721163
B9J08_00720	1444.58330824239	1417.8365856426	1478.71188247467	1378.68763372345
B9J08_00719	3755.07181586983	3892.00837582025	4477.0787323863	4449.64156642223
B9J08_00718	771.289216622983	784.974427547824	947.403942731681	1058.49338481647
B9J08_00717	458.718559283986	493.895393409277	516.073303477961	481.614490091493
B9J08_00716	629.365242479871	608.449077812189	533.212269276122	497.49189086374
B9J08_00715	3894.46143333182	4021.58549424322	3685.82981137119	3830.42293630459
B9J08_00714	98591.5436092024	100389.40301588	108250.660145952	109161.099659391
B9J08_00713	3209.34034386715	3117.36255916122	3907.68420198072	4179.72575329403
B9J08_00712	778.892286666363	748.354807123942	581.772672370912	608.633696269469
B9J08_00711	6179.60637414799	6154.91312509089	4474.2222380866	4546.22908778673
B9J08_00710	4072.71118657108	4261.96043856408	3719.15557820095	3891.28630593154
B9J08_00709	1202.97463797495	1347.4142386736	1209.24925353692	1200.06687503567
B9J08_00708	440.133276955722	496.712287288037	286.601594735916	248.74594543187
B9J08_00707	1175.94150004293	1314.55047675473	1412.06034881516	1510.99930682551
B9J08_00706	1234.23170370885	1259.15156380578	758.875318951909	842.825357660113
B9J08_00705	4072.71118657108	4075.10647793966	2807.93389659872	2816.91552034283
B9J08_00704	1964.9712134338	1960.55813961705	2045.24991858055	2300.8999952448
B9J08_00703	3270.1649042142	3296.70480277561	3438.26697206442	3089.47756693307
B9J08_00702	598.108176745971	624.411476458496	608.433285834718	645.680964738046
B9J08_00701	3845.46387083003	3965.24761666802	6170.02768733798	6014.88865921958
B9J08_00700	803.391067917258	780.279604416557	813.148710646086	853.410291508278
B9J08_00699	325.242440744631	484.505747146743	265.653969871496	313.578665251879
B9J08_00698	333.690296348388	333.332442319949	393.24404859114	390.319435651073
B9J08_00697	2974.48995808272	2993.41922849577	2680.34381787908	2692.54254762689
B9J08_00696	447.736346999103	460.092666864155	449.421769818446	361.21086756862
B9J08_00695	1512.16615307244	1509.85511901543	1810.06522123912	1724.02110051982
B9J08_00694	1294.21147849552	1415.01969176384	1333.98283795687	1181.54324080138
B9J08_00693	6329.13341833449	6947.39926964874	6907.00321665891	8020.73362344679
B9J08_00692	798.322354555004	790.608215305344	942.643118898858	988.368198072377
B9J08_00691	692.724159508046	675.115566276179	688.415126226136	677.43576628254
B9J08_00690	239.074313586313	240.374944320865	216.141402010142	272.562046590241
B9J08_00689	734.118651966453	869.481243910628	449.421769818446	361.21086756862
B9J08_00688	1941.31721774328	2040.37013284859	2203.30926983026	2269.1451937003
B9J08_00687	1083.0150884016	1005.63111471737	818.861699245473	879.872626128689
B9J08_00686	845.630345936041	852.579880638067	903.604363469714	860.02587516338
B9J08_00685	14928.2056373984	15021.5560908015	16559.0974553233	16077.1913986311
B9J08_00684	246.677383629694	262.910095350946	196.145941912288	175.974525225738
B9J08_00683	606.556032349728	648.824556741084	683.654302393313	562.324610683749
B9J08_00682	7194.19383215917	6913.59654310362	6579.45853696072	6116.76864750817
B9J08_00681	2092.53383305052	2114.54833832261	2262.34348535726	2144.77222098437
B9J08_00680	556.713684287564	583.097032903348	548.446905541154	554.385910297625
B9J08_00679	3246.51090852368	3538.01871172273	3709.63393053531	3729.86606474703
B9J08_00678	20763.1395029131	20002.7634330757	17211.33032042	16532.3435541022
B9J08_00677	4493.41439563816	4702.33484827692	4885.55741724247	5283.2051069652
B9J08_00676	825.355492487025	771.828922780277	670.32399566141	613.926163193552
B9J08_00675	2588.42295699104	2676.04918482213	2189.02679833179	2037.5997657717
B9J08_00674	517.008762949907	510.796756681838	418.000332521817	468.383322781287
B9J08_00673	62.5141314677992	65.7275238377365	63.7950393598217	87.3257042473586
B9J08_00672	113329.672495516	111583.739290073	118154.125882989	120273.957083233
B9J08_00671	3.37914224150266	1.87792925250676	1.90432953312901	2.64623346204117
B9J08_00670	718.912511879691	701.406575811273	630.333075465701	648.327198200087
B9J08_00669	288.916661648478	317.370043673642	333.257668297576	312.255548520858
B9J08_00668	3547.25456801742	3694.82580430704	3976.24006517337	3770.88268340867
B9J08_00667	1616.91956255902	1468.54067546028	1441.57745657866	1587.7400772247
B9J08_00666	1230.00777590697	1455.39517069274	3563.95272125094	3561.83023990742
B9J08_00665	1768.13617786627	1729.57284155872	1855.76913003422	1657.86526396879
B9J08_00664	1370.24217892933	1265.72431618955	1352.07396852159	1270.19206177976
B9J08_00663	4506.93096460417	4441.30268217848	4367.57978423138	3921.71799074501
B9J08_00662	639.502669204379	768.073064275263	831.239841210812	834.886657273989
B9J08_00661	3296.35325658585	3435.67156746111	3825.79803205617	3515.5211543217
B9J08_00660	584.59160777996	561.50084649952	626.524416399443	665.527715703354
B9J08_00659	379.308716608674	378.402744380111	113.307607221176	109.818688674709
B9J08_00658	1570.45635673836	1569.94885509565	1779.59594870906	1616.84864530716
B9J08_00657	968.124252190512	1002.81422083861	988.347027693954	886.488209783792
B9J08_00656	3608.92391392484	3713.60509683211	3973.38357087367	3713.98866397478
B9J08_00655	1493.58087074418	1622.53087416584	1799.59140880691	1677.7120149341
B9J08_00654	1421.77409811224	1415.95865639009	1679.61864821978	1712.11304994064
B9J08_00653	2568.14810354202	2838.49006516396	2821.26420333062	2677.98826358566
B9J08_00652	854.922987100173	856.335739143081	876.943750005908	824.301723425825
B9J08_00651	1529.06186427995	1629.10362654961	3401.13254616841	3315.73052793759
B9J08_00650	2835.94512618111	3033.79470742466	2493.71952363243	2302.22311197582
B9J08_00649	379.308716608674	531.453978459412	652.232865096685	678.75888301356
B9J08_00648	5788.47065969406	6171.81448836345	5847.24383147262	6139.26163193552
B9J08_00647	1810.37545588505	1830.98102119409	1029.29011265623	1054.52403462341
B9J08_00646	723.981225241945	635.679051973537	643.663382197604	615.249279924572
B9J08_00645	5997.97747866722	5886.36924198243	6502.33319086899	6691.0013087711
B9J08_00644	369.171289884166	395.304107652672	443.708781219059	449.859688546999
B9J08_00643	1014.58745801117	1043.1896997675	1114.03277688047	1128.61857156056
B9J08_00642	881.956125032195	901.406041203243	993.107851526777	837.53289073603
B9J08_00641	419.858423506706	470.421277752942	560.825047506493	559.678377221708
B9J08_00640	141.923974143112	171.830526604368	95.2164766564503	99.2337548265439
B9J08_00639	4808.51940965829	4868.53158712377	5489.22987924436	5488.28820027339
B9J08_00638	3211.87470054828	3347.40889259329	4021.94397396846	4302.77560927894
B9J08_00637	12471.5692278259	12352.0796583632	14167.2595617132	13921.8342437986
B9J08_00636	1544.26800436672	1630.04259117586	2202.3571050637	1917.19614324883
B9J08_00635	2010.58963369408	1972.76467975835	1996.68951548576	1868.24082420107
B9J08_00634	1129.47829422226	1223.47090800815	1099.750305382	1013.50741596177
B9J08_00633	174.025825437387	150.23434020054	174.246152281304	205.083093308191
B9J08_00632	407.186640101071	445.069232844101	995.964345826471	871.933925742566
B9J08_00631	96680.6386716327	99672.0340414223	100538.125536779	103954.635322825
B9J08_00630	1848.39080610196	1852.57720759792	1856.72129480078	1803.40810438106
B9J08_00629	20108.430693622	19938.9138384905	21717.9261605698	22838.3178941463
B9J08_00628	4790.7789128904	4758.67272585212	5773.92714444715	5916.97802112406
B9J08_00627	1923.57672097539	2060.08838999991	2648.92238058245	2622.4173608828
B9J08_00626	3273.5440464557	3270.41379324052	3039.30993487389	3299.85312716534
B9J08_00625	2123.79089878442	2292.0126526845	2682.24814741221	2607.86307684157
B9J08_00624	1132.85743646377	1117.36790524152	1244.47934989981	1119.35675444342
B9J08_00623	2058.7424106355	2043.18702672735	1810.06522123912	1800.76187091902
B9J08_00622	10975.4540004006	11070.3929435273	7242.16521448961	7277.14202061322
B9J08_00621	493.354767259389	597.181502297148	527.499280676735	484.260723553534
B9J08_00620	15657.2555760026	15905.121804106	12729.4907642008	12932.1429289952
B9J08_00619	595.573820064844	610.327007064696	657.945853696072	693.313167054787
B9J08_00618	10188.1138581305	10408.4228820187	10783.265981343	11134.0272915382
B9J08_00617	1191.14764012969	1276.99189170459	1142.5977198774	1066.43208520259
B9J08_00616	307.501943976742	338.027265451216	303.740560534077	333.425416217187
B9J08_00615	898.007050679332	954.927024899686	762.683978018167	771.377054185001
B9J08_00614	4904.82496354111	5107.02860219212	5977.69040449195	5727.77232858811
B9J08_00613	1065.27459163371	1102.34447122147	943.595283665423	989.691314803398
B9J08_00612	28992.1956465325	26312.6057214984	21457.0330145311	22428.1517075299
B9J08_00611	119.114764012969	144.60055244302	144.729044517805	175.974525225738
B9J08_00610	2167.71974792396	2121.12109070638	2230.92204806063	2173.88078906682
B9J08_00609	1932.02457657915	2001.8725831722	1837.67799946949	1648.60344685165
B9J08_00608	9442.16820831881	9427.20484758392	10625.2066300933	11114.1805405729
B9J08_00607	804.235853477633	821.594047971706	561.777212273057	596.725645690284
B9J08_00606	139.389617461985	118.309542907926	134.255232085595	101.879988288585
B9J08_00605	17305.4322042955	16495.7305540193	17644.5652892068	17245.5034721223
B9J08_00604	1418.39495587074	1418.77555026885	1478.71188247467	1432.93541969529
B9J08_00603	1498.64958410643	1524.87855303549	1366.35644002006	1294.00816293813
B9J08_00602	770.444431062607	737.087231608902	796.009744847925	793.870038612351
B9J08_00601	6369.68312523252	6382.14256464421	7441.16765070159	7392.25317621201
B9J08_00600	2203.20074145974	2046.94288523236	2003.35466885172	1952.92029498638
B9J08_00599	2001.29699252995	2016.89601719226	1863.38644816673	1868.24082420107
B9J08_00598	3037.84887511089	3198.11351701901	3558.23973265155	3489.05881970128
B9J08_00597	2155.04796451832	2214.07858870547	2027.15878801583	2308.83869563092
B9J08_00596	175.715396558138	198.121536139463	372.296423726721	346.656583527393
B9J08_00595	1296.74583517665	1328.63494614853	1110.22411781421	1144.49597233281
B9J08_00594	4232.37565748208	4308.90866987675	1786.26110207501	1923.81172690393
B9J08_00593	1718.2938298041	1749.29109871004	785.535932415715	770.053937453981
B9J08_00592	1171.71757224105	1084.50414332265	1215.91440690287	1083.63260270586
B9J08_00591	2316.40200655007	2286.37886492698	2190.93112786492	2135.51040386722
B9J08_00590	1630.43613152503	1708.91561978115	1651.05370522285	1776.94576976065
B9J08_00589	2024.95098822047	1991.54397228341	1773.88296010967	1906.61120940066
B9J08_00588	6017.40754655586	6517.3534708247	6929.85517105646	7115.72177942871
B9J08_00587	419.858423506706	421.595117187767	476.082383282252	463.090855857205
B9J08_00586	1446.27287936314	1479.80825097532	1685.33163681917	1731.95980090595
B9J08_00585	1454.7207349669	1500.4654727529	1483.4727063075	1468.65957143285
B9J08_00584	968.124252190512	1022.53247798993	895.987045337198	830.917307080928
B9J08_00583	1757.99875114176	1784.03278988142	1784.35677254188	1627.43357915532
B9J08_00582	1448.80723604427	1522.06165915673	1484.42487107406	1368.10269987529
B9J08_00581	753.548719855094	709.857257447554	446.565275518752	414.135536809443
B9J08_00580	1497.80479854605	1499.52650812664	1586.30650109646	1544.07722510102
B9J08_00579	659.777522653395	674.176601649925	597.007308635944	510.723058173946
B9J08_00578	19565.2335783004	18476.945915414	19313.7101249944	18951.0009384078
B9J08_00577	57778.2636163333	56241.1642186986	59096.1062368259	51198.0019068415
B9J08_00576	353.120364237028	381.219638258871	410.383014389301	489.553190477617
B9J08_00575	0	0	3.80865906625801	1.32311673102059
B9J08_00574	935.177615335862	917.36843984955	1457.76425761025	1516.29177374959
B9J08_00573	10393.3967493018	10364.2915445848	11115.571484874	12062.8552367147
B9J08_00572	736.65300864758	753.049630255209	477.986712815381	525.277342215172
B9J08_00571	12540.8416437768	12330.4834719594	11454.542141771	11782.3544897383
B9J08_00570	1361.79432332557	1384.03385909748	1224.48388980195	1193.45129138057
B9J08_00569	3730.57303461894	4203.74463173637	5749.17086051647	5730.41856205015
B9J08_00568	756.08307653622	734.270337730142	805.53139251357	791.22380515031
B9J08_00567	1347.43296879919	1297.64911348217	1394.921383017	1315.17803063446
B9J08_00566	1044.15495262432	1107.97825897899	519.881962544219	516.015525098028
B9J08_00565	1872.04480179247	1847.88238446665	2127.1360885051	2136.83352059825
B9J08_00564	446.046775878351	448.825091349115	599.863802935637	624.511097041716
B9J08_00563	178.249753239265	165.257774220595	168.533163681917	165.389591377573
B9J08_00562	1120.18565305813	1216.89815562438	1292.08758822803	1333.70166486875
B9J08_00561	873.508269428438	958.682883404699	996.916510593035	911.627427673183
B9J08_00560	2513.2370421176	2571.824111308	2950.7586115834	2929.38044247958
B9J08_00559	4.22392780187833	6.57275238377365	4.76082383282252	2.64623346204117
B9J08_00558	5338.19995601383	5462.89619554215	5000.76935399677	5000.05812652679
B9J08_00557	1279.00533840876	1190.60714608928	897.891374870327	953.967163065842
B9J08_00556	1841.63252161895	1818.77448105279	1905.28169789557	1754.4527853333
B9J08_00555	1307.72804746153	1210.3254032406	1052.14206705378	961.905863451966
B9J08_00554	11.8269978452593	12.2065401412939	9.52164766564503	6.61558365510293
B9J08_00553	364.947362082287	382.158602885125	389.435389524882	407.51995315434
B9J08_00552	1616.07477699865	1855.39410147668	2294.71708742045	2479.52075393258
B9J08_00551	796.632783434252	1058.21313378756	1517.75063790382	1786.20758687779
B9J08_00550	83447.0728683479	110765.901100606	191078.521024631	193994.051985507
B9J08_00549	2269.09401516904	2342.71674250218	2519.42797232968	2442.473485464
B9J08_00548	9046.808566063	9092.93344063771	6727.99624054478	7023.10360825727
B9J08_00547	279.624020484345	261.032166098439	86.6469937573698	91.2950544404204
B9J08_00546	1354.19125328219	1474.1744632178	1702.47060261733	1668.45019781696
B9J08_00545	544.041900881929	515.491579813105	490.364854780719	583.494478380078
B9J08_00544	92.0816260809475	98.5912857566047	78.0775108582893	68.8020700130704
B9J08_00543	1057.67152159033	1054.45727528254	1278.75728149613	1331.05543140671
B9J08_00542	660.62230821377	727.697585346368	645.567711730733	600.694995883346
B9J08_00541	1650.71098497405	1584.03332448945	1397.77787731669	1475.27515508795
B9J08_00540	1032.32795477906	1073.23656780761	745.545012220006	730.360435523363
B9J08_00539	3655.3871197455	3553.98111036904	3504.91850572394	3024.64484711306
B9J08_00538	303.278016174864	312.675220542375	314.214372966286	329.456066024126
B9J08_00537	7195.88340327992	6960.54477441629	10123.4157981138	10393.0819221667
B9J08_00536	277.089663803218	287.323175633534	318.023032032544	318.871132175961
B9J08_00535	1672.67540954382	1660.08945921597	1978.59838492104	1816.63927169126
B9J08_00534	715.533369638189	753.988594881463	676.036984260797	624.511097041716
B9J08_00533	1910.90493756976	1824.40826881031	1761.50481814433	1680.35824839614
B9J08_00532	1158.20100327504	1179.33957057424	891.226221504375	840.179124198072
B9J08_00531	400.428355618065	361.501381107551	321.831691098802	322.840482369023
B9J08_00530	1068.65373387522	1153.9875256654	1133.07607221176	1103.47935367117
B9J08_00529	1664.22755394006	1804.69001165899	702.697597724603	694.636283785807
B9J08_00528	888.7144095152	802.814755446638	334.209833064141	407.51995315434
B9J08_00527	2940.69853566769	2900.46173049669	3004.07983851101	3187.38820502859
B9J08_00526	2154.20317895795	2272.29439553317	2015.73281081705	2220.18987465254
B9J08_00525	3109.65564774282	3240.36692520041	3661.07352744052	3489.05881970128
B9J08_00524	4654.76843766992	4783.08580613471	4899.83988874093	4384.80884660222
B9J08_00523	1681.12326514757	2013.14015868724	5557.78574243701	5404.93184621909
B9J08_00522	244.987812508943	247.886661330892	218.045731543271	175.974525225738
B9J08_00521	2606.16345375893	2318.30366221959	2028.11095278239	1862.94835727698
B9J08_00520	11.8269978452593	11.2675755150405	1.90432953312901	2.64623346204117
B9J08_00519	53.2214903036669	77.9340639790304	89.5034880570633	93.9412879024616
B9J08_00518	0	0	0	0
B9J08_00517	663.156664894897	697.65071730626	573.203189471831	555.709027028646
B9J08_00516	431.685421351965	389.670319895152	380.865906625801	346.656583527393
B9J08_00515	4.22392780187833	2.81689387876013	9.52164766564503	3.96935019306176
B9J08_00514	1870.35523067172	1963.37503349581	1352.07396852159	1431.61230296427
B9J08_00513	250.901311431573	279.811458623507	263.749640338367	297.701264479632
B9J08_00512	16883.884209668	15172.7293956283	8681.83834153514	8912.51430015466
B9J08_00511	3110.5004333032	3099.5222312624	3383.04141560368	3233.69729061431
B9J08_00510	1855.99387614534	1816.89655180029	2413.73768324102	2540.38412355952
B9J08_00509	3309.86982555186	3171.82250748391	3434.45831299816	3544.62972240415
B9J08_00508	707.085514034432	619.71665332723	617.954933500363	562.324610683749
B9J08_00507	176.560182118514	196.243606886956	148.537703584063	174.651408494717
B9J08_00506	567.695896572447	569.9515281358	412.28734392243	431.336054312711
B9J08_00505	223.868173499551	242.252873573372	216.141402010142	210.375560232273
B9J08_00504	956.297254345253	983.095963687287	1214.96224213631	1168.31207349118
B9J08_00503	305.812372855991	329.576583814936	335.161997830705	353.272167182496
B9J08_00502	448.581132559478	430.045798824047	492.269184313848	505.430591249864
B9J08_00501	777.202715545612	783.096498295317	738.879858854055	670.820182627437
B9J08_00500	4.22392780187833	5.63378775752027	6.66515336595152	1.32311673102059
B9J08_00499	4033.00626523343	3996.23344933438	4239.03754074517	4060.64524750218
B9J08_00498	3048.83108739578	3053.51296457599	2946.94995251714	3000.82874595469
B9J08_00497	943.625470939618	955.865989525939	577.964013304654	542.47785971844
B9J08_00496	1545.11278992709	1625.3477680446	1554.88506379983	1495.12190605326
B9J08_00495	1065.27459163371	1127.69651613031	749.353671286264	865.318342087463
B9J08_00494	2966.04210247896	2989.66336999076	3388.75440420307	3422.90298315025
B9J08_00493	473.079913810373	518.308473691865	493.221349080413	411.489303347402
B9J08_00492	9965.93525575172	9949.26917978079	9644.47692053186	10689.4600699153
B9J08_00491	861.681271583179	984.03492831354	1466.33374050934	1533.49229125286
B9J08_00490	331.155939667261	422.53408181402	126.637913953079	149.512190605326
B9J08_00489	5048.43850880498	4685.43348500436	3735.34237923255	4188.98757041117
B9J08_00488	99.6846961243285	117.370578281672	62.8428745932572	54.247785971844
B9J08_00487	3501.63614775713	4439.42475292597	8097.20917486454	8907.22183323058
B9J08_00486	103.063838365831	104.225073514125	81.8861699245473	76.7407703991939
B9J08_00485	0.844785560375665	0.938964626253378	0.952164766564503	5.29246692408234
B9J08_00484	52.3767047432912	80.7509578577905	135.207396852159	99.2337548265439
B9J08_00483	461.252915965113	457.275772985395	478.938877581945	505.430591249864
B9J08_00482	1502.02872634793	1445.06655980395	1418.72550218111	1414.41178546101
B9J08_00481	522.077476312161	630.045264216017	452.278264118139	449.859688546999
B9J08_00480	535.594045278172	599.998396175909	438.947957386236	535.862276063337
B9J08_00479	144.458330824239	126.760224544206	131.398737785901	136.28102329512
B9J08_00478	1576.36985566099	1675.11289323603	1525.36795603633	1488.50632239816
B9J08_00477	2828.34205613773	2814.07698488137	2754.61266967111	2942.61160978978
B9J08_00476	199.369392248657	174.647420483128	245.658509773642	259.330879280035
B9J08_00475	5854.36393340336	5337.0749356242	5191.20230730967	5079.44513038803
B9J08_00474	576.988537736579	577.463245145827	558.920717973363	561.001493952728
B9J08_00473	255.125239233451	276.055600118493	68.5558631926442	88.6488209783792
B9J08_00472	489.975625017886	476.055065510463	371.344258960156	431.336054312711
B9J08_00471	2231.92345051251	2237.5527043618	2323.28203041739	2385.57946603012
B9J08_00470	5269.7723256234	4708.90760066069	5084.55985345445	5186.61758560069
B9J08_00469	880.266553911443	785.913392174077	677.941313793926	717.129268213157
B9J08_00468	10232.0427072701	9793.40105182273	10578.5505565316	10983.1919842019
B9J08_00467	18.5852823282646	21.5961864038277	20.9476248644191	6.61558365510293
B9J08_00466	847.319917056792	859.152633021841	896.939210103762	980.429497686254
B9J08_00465	2019.03748929784	2028.1635927073	1990.02436211981	2053.47716654395
B9J08_00464	2716.83036216814	2512.66933985404	2508.0019951309	2291.63817812765
B9J08_00463	586.281178900712	617.838724074723	593.198649569686	555.709027028646
B9J08_00462	1555.2502166516	1374.64421283495	935.025800766342	927.50482844543
B9J08_00461	74205.1188378381	71535.0200511136	77802.3352407521	77694.7375622598
B9J08_00460	9955.79782902722	9545.51439049184	8701.833801633	8917.80676707874
B9J08_00459	2101.82647421466	1955.86331648579	1719.60956841549	1604.94059472797
B9J08_00458	949.538969862248	919.246369102057	968.3515675961	875.903275935627
B9J08_00457	400.428355618065	348.355876340003	332.305503531012	322.840482369023
B9J08_00456	1077.10158947897	1017.83765485866	529.403610209864	526.600458946193
B9J08_00455	2870.58133415651	2775.57943520499	2564.17971635821	2857.93213900446
B9J08_00454	1954.83378670929	1848.8213490929	1910.04252172839	2038.92288250272
B9J08_00453	1209.73292245795	1553.04749182309	135.207396852159	148.189073874306
B9J08_00452	1223.24949142396	1253.51777604826	1197.82327633815	1389.27256757161
B9J08_00451	2.534356681127	0.938964626253378	3.80865906625801	3.96935019306176
B9J08_00450	1268.02312612387	1215.02022637187	1299.70490636055	1364.13334968222
B9J08_00449	1132.85743646377	1097.6496480902	1118.79360071329	1088.92506962994
B9J08_00448	1635.50484488729	1466.66274620778	2098.57114550817	2138.15663732927
B9J08_00447	98.8399105639528	88.2626748678175	77.1253460917248	55.5709027028646
B9J08_00446	5.06871336225399	4.69482313126689	0.952164766564503	3.96935019306176
B9J08_00445	1638.88398712879	1766.1924619826	2064.29321391184	2232.09792523173
B9J08_00444	1223.24949142396	1217.83712025063	1069.28103285194	928.827945176451
B9J08_00443	7053.95942913681	6741.76601649925	7126.00111296874	6847.12908303153
B9J08_00442	33.7914224150266	38.4975496763885	28.5649429969351	27.7854513514323
B9J08_00441	4.22392780187833	8.4506816362804	2.85649429969351	0
B9J08_00440	1158.20100327504	1320.18426451225	1652.95803475598	1930.42731055903
B9J08_00439	945.315042060369	1005.63111471737	976.92105049518	938.089762293595
B9J08_00438	565.16153989132	552.111200236986	430.378474487156	430.01293758169
B9J08_00437	1104.13472741099	1117.36790524152	876.943750005908	940.735995755636
B9J08_00436	3737.33131910194	4214.07324262516	3911.49286104698	4263.08210734833
B9J08_00435	1722.51775760598	1866.66167699172	2024.30229371613	2351.17843102358
B9J08_00434	42666.7395123334	42472.186939319	43603.4333200549	46212.498064356
B9J08_00433	1145.5292198694	1220.65401412939	976.92105049518	1055.84715135443
B9J08_00432	4261.09836653486	3674.16858252947	2101.42763980786	2262.5296100452
B9J08_00431	4.22392780187833	9.38964626253378	3.80865906625801	6.61558365510293
B9J08_00430	733.273866406078	655.397309124858	936.930130299471	902.365610556039
B9J08_00429	954.607683224502	957.743918778446	824.57468784486	822.978606694804
B9J08_00428	25379.0478048057	26129.507619379	24834.3614415354	24453.8434227225
B9J08_00427	4461.31254434389	4353.97897193691	3244.97752445183	3274.71390927595
B9J08_00426	1.68957112075133	0	0	1.32311673102059
B9J08_00425	2374.692210216	2497.64590583399	2112.85361700663	2097.14001866763
B9J08_00424	323.55286962388	268.543883108466	255.180157439287	265.946462935138
B9J08_00423	4.22392780187833	4.69482313126689	4.76082383282252	1.32311673102059
B9J08_00422	13.5165689660106	9.38964626253378	11.425977198774	10.5849338481647
B9J08_00421	2931.40589450356	2920.17998764801	2850.78131109412	2580.07762549014
B9J08_00420	3699.31596888504	3476.04704639001	3388.75440420307	3481.12011931516
B9J08_00419	3139.22314235597	3102.33912514116	3201.17794518986	3104.03185097429
B9J08_00418	1387.98267569722	1525.81751766174	1747.22234664586	1864.271474008
B9J08_00417	0	0	0.952164766564503	0
B9J08_00416	1093.15251512611	1208.4474739881	1206.39275923723	1148.46532252587
B9J08_00415	1457.25509164802	1304.22186586594	1105.46329398139	1172.28142368424
B9J08_00414	2631.5070205702	2615.95544874191	2907.91119708799	2946.58095998284
B9J08_00413	2033.39884382423	2343.65570712843	2360.4164563134	2152.71092137049
B9J08_00412	582.057251098833	616.899759448469	651.28070033012	558.355260490687
B9J08_00411	1676.8993373457	1653.5167068322	1865.29077769986	1702.85123282349
B9J08_00410	1510.47658195169	1652.57774220595	2738.42586863951	2267.82207696928
B9J08_00409	2252.19830396152	2164.31346351404	2183.31380973241	2251.94467619704
B9J08_00408	1516.39008087432	1489.19789723786	1453.955598544	1563.92397606633
B9J08_00407	900.541407360459	920.185333728311	840.761488876456	901.042493825019
B9J08_00406	293.140589450356	251.642519835905	299.931901467819	275.208280052282
B9J08_00405	1757.15396558138	1650.69981295344	1344.45665038908	1247.69907735241
B9J08_00404	1093.15251512611	1174.64474744298	1138.78906081115	1141.84973887077
B9J08_00403	1966.66078455455	1977.45950288961	2045.24991858055	1960.85899537251
B9J08_00402	104.753409486582	150.23434020054	117.116266287434	124.372972715935
B9J08_00401	3081.77772425043	3139.8977101913	3183.08681462513	3400.4099987229
B9J08_00400	7156.17848194226	7823.45326594315	9603.53383556958	7831.52793091084
B9J08_00399	1135.39179314489	1194.3630045943	1083.5635043504	1095.54065328504
B9J08_00398	7398.63193777008	7488.24289437069	7535.43196259148	8041.90349114312
B9J08_00397	5388.88708963637	5303.27220907908	5873.90444493642	5743.64972936036
B9J08_00396	1354.19125328219	1372.76628358244	1184.49296960624	1370.74893333733
B9J08_00395	1284.91883733139	1407.50797475381	1393.01705348387	1364.13334968222
B9J08_00394	8690.30905958447	8773.68546771156	9417.8617060895	9613.76616759557
B9J08_00393	939.40154313774	1080.74828481764	1054.99856135347	1063.78585174055
B9J08_00392	61271.4519084866	59457.1180636164	65984.0661581535	63660.4383963244
B9J08_00391	2377.22656689712	2475.1107548039	2405.16820034194	2617.12489395872
B9J08_00390	335.379867469139	360.562416481297	341.827151196657	329.456066024126
B9J08_00389	41.3944924584076	38.4975496763885	175.198317047869	189.205692535944
B9J08_00388	2103.51604533541	2233.79684585679	3435.41047776473	3444.07285084658
B9J08_00387	41397.8716006491	40385.807539784	49092.6631992992	51448.0709690044
B9J08_00386	3020.95316390338	3028.16091966714	3108.8179628331	3085.50821674001
B9J08_00385	7052.26985801605	6394.34910478551	6144.31923864074	6065.16709499836
B9J08_00384	63.3589170281749	72.3002762215101	69.5080279592087	34.4010350065352
B9J08_00383	3200.8924882634	3142.71460407006	3539.19643732026	3364.68584698535
B9J08_00382	2687.26286755499	2581.21375757054	2397.55088220942	2187.11195637703
B9J08_00381	1917.66322205276	1917.3657668094	2202.3571050637	2160.64962175662
B9J08_00380	24542.7101000338	23798.0584523919	23726.9938180209	23223.3448628733
B9J08_00379	1589.886424627	1675.11289323603	1835.77366993636	1948.95094479332
B9J08_00378	1920.19757873389	1835.67584432535	1737.70069898022	1751.80655187125
B9J08_00377	11714.6413657294	11521.095964129	10433.8215120138	11610.3493147056
B9J08_00376	261.883523716456	268.543883108466	228.519543975481	273.885163321261
B9J08_00375	4708.83471353396	4747.40515033708	5071.22954672254	4690.44881146798
B9J08_00374	404.652283419944	440.374409712834	312.310043433157	306.963081596776
B9J08_00373	3359.71217361402	3325.81270618947	3399.22821663528	3422.90298315025
B9J08_00372	9720.10265768241	9945.51332127578	9932.9828448009	9906.17496515112
B9J08_00371	6433.04204226069	6295.7578190289	6133.84542620853	6448.87094699433
B9J08_00370	1292.52190737477	1301.40497198718	1588.21083062959	1582.44761030062
B9J08_00369	22101.2798305482	20980.2256090055	525.594951143606	490.876307208637
B9J08_00368	220.489031258049	231.924262684584	129.494408252772	107.172455212667
B9J08_00367	2453.25726733093	2548.34999565167	2612.740119453	2363.08648160277
B9J08_00366	712.154227396686	723.002762215101	761.731813251603	715.806151482137
B9J08_00365	756.08307653622	805.631649325398	775.062119983506	791.22380515031
B9J08_00364	68.4276303904289	88.2626748678175	60.9385450601282	44.9859688546999
B9J08_00363	9025.68892705361	9199.03644340435	8769.43750005908	9212.86179809634
B9J08_00362	289.761447208853	310.797291289868	265.653969871496	279.177630245343
B9J08_00361	8001.8088278783	7778.38296388298	7460.21094603288	7729.64794262226
B9J08_00360	4732.48870922448	5017.82696269805	4331.39752310193	4589.89193991041
B9J08_00359	503.492193983897	625.35044108475	398.957037190527	488.230073746596
B9J08_00358	676.673233860908	706.10139894254	557.016388440234	513.369291635987
B9J08_00357	4860.89611440158	5109.84549607088	6967.94176171904	7281.11137080628
B9J08_00356	4.22392780187833	2.81689387876013	1.90432953312901	3.96935019306176
B9J08_00355	19009.3646795732	18873.1889876929	21035.224022943	20864.2277314636
B9J08_00354	402.117926738817	485.444711772996	281.840770903093	283.146980438405
B9J08_00353	762.841361019226	846.007128254294	794.105415314796	779.315754571125
B9J08_00352	1022.19052805456	984.03492831354	1254.95316233202	1336.34789833079
B9J08_00351	2223.47559490875	2804.68733861884	5772.97497968058	6043.99722730203
B9J08_00350	3386.74531154604	3377.4557606334	3288.77710371379	3544.62972240415
B9J08_00349	1055.13716490921	1006.57007934362	1067.37670331881	1096.86377001607
B9J08_00348	18412.946073948	17814.0368892791	17033.2755090724	17425.4473475411
B9J08_00347	10503.2188721506	10262.8833649494	10982.268417555	10901.1587468786
B9J08_00346	796.632783434252	815.021295587932	911.22168160223	877.226392666648
B9J08_00345	22968.0298154936	25563.3119497482	40018.5329739395	39495.0344209645
B9J08_00344	224.712959059927	301.407645027334	306.59705483377	310.932431789838
B9J08_00343	2481.13519082333	2687.31676033717	3789.61577092672	3590.93880798987
B9J08_00342	917.437118567973	1065.72485079758	1032.14660695592	1047.9084509683
B9J08_00341	11125.8258301475	10999.0316319321	12314.3469259787	11130.0579413452
B9J08_00340	25806.5092983558	26109.7893622277	27847.0107629455	28322.6367442266
B9J08_00339	771.289216622983	853.518845264321	796.961909614489	768.73082072296
B9J08_00338	2024.95098822047	2009.38430018223	1716.7530741158	1909.2574428627
B9J08_00337	611.624745711982	556.806023368253	591.294320036557	587.46382857314
B9J08_00336	885.335267273697	879.809854799415	957.87775516389	881.19574285971
B9J08_00335	1015.43224357155	1055.3962399088	960.734249463584	973.813914031151
B9J08_00334	1385.44831901609	1428.16519653139	1523.46362650321	1373.39516679937
B9J08_00333	2925.49239558093	3264.780005483	4495.16986295102	4714.26491262634
B9J08_00332	0	2.81689387876013	0.952164766564503	1.32311673102059
B9J08_00331	854.922987100173	828.166800355479	476.082383282252	517.338641829049
B9J08_00330	49340.5454393011	58448.6700550203	107755.534467338	111813.948705088
B9J08_00329	2760.75921130767	2988.7244053645	3889.593071416	3932.30292459318
B9J08_00328	723.981225241945	771.828922780277	696.984609125216	691.990050323766
B9J08_00327	2491.27261754784	2545.53310177291	2709.86092564258	2613.15554376566
B9J08_00326	5915.18849375041	4242.24218141276	11843.9775312959	3875.40890515929
B9J08_00325	1507.09743971019	1533.32923467177	1706.27926168359	1606.26371145899
B9J08_00324	1039.93102482244	1038.49487663624	704.601927257733	654.94278185519
B9J08_00323	2150.82403671644	2449.75870989506	1883.38190826459	2020.39924826843
B9J08_00322	401.273141178441	565.256705004534	1756.74399431151	1829.87043900147
B9J08_00321	74126.5537807231	73914.3564140397	78823.0558705093	78999.3306590461
B9J08_00320	14937.4982785625	15507.0008025745	16293.4434854518	18063.189611893
B9J08_00319	4988.4587340183	4729.56482243827	4660.84653233324	4519.76675316632
B9J08_00318	940.246328698116	971.828388172246	997.8686753596	873.257042473586
B9J08_00317	1363.48389444632	1510.79408364169	1700.5662730842	1623.46422896226
B9J08_00316	3937.54549691098	4130.50539088861	4438.99214172371	4417.88676487773
B9J08_00315	476.459056051875	529.576049206905	616.050603967234	639.065381082943
B9J08_00314	1012.89788689042	965.255635788473	978.825380028309	775.346404378063
B9J08_00313	6664.51328580362	6803.73768183198	7804.89459152923	7424.0079777565
B9J08_00312	4668.28500663593	4765.24547823589	5285.46661919956	5435.36353103256
B9J08_00311	3277.76797425758	3385.90644226968	3753.43350979727	3643.86347723069
B9J08_00310	785.650571149369	762.439276517743	845.522312709279	863.995225356442
B9J08_00309	2225.1651660295	2299.52436969452	2615.59661375269	2390.8719329542
B9J08_00308	299.054088372986	307.041432784855	204.715424811368	190.528809266964
B9J08_00307	1728.43125652861	1818.77448105279	2161.41402010142	2070.67768404722
B9J08_00306	1098.22122848836	1110.79515285775	1289.23109392834	1204.03622522873
B9J08_00305	497.578695061267	471.360242379196	443.708781219059	477.645139898431
B9J08_00304	10841.1330963009	11418.7488198673	14608.1118486326	14504.0056054477
B9J08_00303	1053.44759378845	1067.60278005009	1196.87111157158	1139.20350540872
B9J08_00302	4578.73773723611	4169.94190519125	3398.27605186871	3314.40741120657
B9J08_00301	1895.69879748299	1834.7368796991	991.203521993648	858.70275843236
B9J08_00300	3430.67416068558	3388.72333614844	1631.05824512499	1554.66215894919
B9J08_00299	792.408855632374	799.997861567878	950.260437031374	883.841976321751
B9J08_00298	2325.69464771421	2395.29876157237	2277.57812162229	2089.2013182815
B9J08_00297	755.238290975845	719.246903710088	595.102979102815	619.218630117634
B9J08_00296	2005.52092033183	2357.74017652223	3170.7086726598	3280.00637620003
B9J08_00295	1817.13374036806	2037.55323896983	2481.3413816671	2392.19504968522
B9J08_00294	3422.22630508182	3592.47866004542	3840.08050355464	4030.2135626887
B9J08_00293	4054.97068980319	4015.01274185944	4279.98062570744	3985.227593834
B9J08_00292	3113.8795755447	3064.78054009103	3256.4035016506	3032.58354749918
B9J08_00291	4549.17024262296	4746.46618571083	4406.61853966052	4530.35168701448
B9J08_00290	2303.73022314444	2224.40719959425	2647.01805104932	2361.76336487174
B9J08_00289	760.307004338099	799.997861567878	855.996125141489	791.22380515031
B9J08_00288	680.052376102411	682.627283286206	668.419666128281	633.77291415886
B9J08_00287	2502.25482983272	2518.30312761156	2591.79249458858	2749.43656706078
B9J08_00286	1164.95928775804	1128.63548075656	1003.58166395899	1053.20091789239
B9J08_00285	7236.43311017795	8430.02441450283	10060.5729235205	10004.0856032466
B9J08_00284	918.281904128348	960.560812657206	1485.37703584063	1262.25336139364
B9J08_00283	2365.39956905186	2375.58050442105	2558.46672775882	2302.22311197582
B9J08_00282	343.827723072896	362.440345733804	254.227992672722	304.316848134735
B9J08_00281	1284.91883733139	1242.25020053322	1194.01461727189	1114.06428751933
B9J08_00280	3034.46973286939	3035.67263667717	3214.50825192176	3272.06767581391
B9J08_00279	3972.18170488638	4071.35061943465	4591.33850437404	4723.52672974349
B9J08_00278	1085.54944508273	1087.32103720141	926.456317867262	936.766645562574
B9J08_00277	939.40154313774	1015.0207609799	679.845643327055	668.173949165396
B9J08_00276	5726.80131378664	5774.63245145828	5451.14328858178	5853.46841803507
B9J08_00275	2144.91053779381	2153.045887999	2034.77610614834	1837.80913938759
B9J08_00274	674.983662740157	678.871424781192	633.189569765395	582.171361649058
B9J08_00273	16097.3888529583	14545.5010252911	13618.8126561721	14277.7526444431
B9J08_00272	734.963437526829	780.279604416557	877.895914772472	869.287692280525
B9J08_00271	1702.24290415697	1763.37556810384	1465.38157574277	1307.23933024834
B9J08_00270	1193.68199681082	1289.19843184589	1433.96013844614	1311.2086804414
B9J08_00269	12829.7583054252	13353.9549145755	20170.6584149024	20510.9555642811
B9J08_00268	2296.97193866143	2231.91891660428	2397.55088220942	2271.79142716234
B9J08_00267	2187.1498158126	2197.1772254329	2478.4848873674	2205.63559061132
B9J08_00266	2155.8927500787	1931.4502362032	2440.39829670482	2208.28182407336
B9J08_00265	621.76217243649	755.866524133969	811.244381112957	740.945369371528
B9J08_00264	0.844785560375665	0.938964626253378	0	0
B9J08_00263	684.276303904289	796.242003062865	806.483557280134	821.655489963783
B9J08_00262	209.506818973165	193.426713008196	528.451445443299	501.461241056802
B9J08_00261	409.720996782198	444.130268217848	471.321559449429	447.213455084958
B9J08_00260	413.1001390237	419.71718793526	355.15745792856	351.949050451476
B9J08_00259	37.1705646565293	26.2910095350946	39.0387554291446	39.6935019306176
B9J08_00258	4258.56400985373	4160.55225892872	4000.04418433748	3753.6821659054
B9J08_00257	569.385467693198	594.364608418388	558.920717973363	539.831626256399
B9J08_00256	1495.27044186493	1623.46983879209	1708.18359121672	1577.15514337654
B9J08_00255	993.467819001782	1102.34447122147	1152.11936754305	1112.74117078831
B9J08_00254	1923.57672097539	1783.09382525517	1607.25412596088	1526.87670759776
B9J08_00253	7054.80421469718	7084.48810508174	7801.08593246298	7294.34253811649
B9J08_00252	658.932737093019	624.411476458496	578.916178071218	595.402528959263
B9J08_00251	261.883523716456	310.797291289868	249.4671688399	261.977112742076
B9J08_00250	2390.74313586313	2584.96961607555	2567.98837542447	2412.04180065053
B9J08_00249	3863.20436759792	3804.68466557869	3794.37659475955	3727.21983128499
B9J08_00248	872.663483868062	1014.08179635365	572.251024705267	620.541746848654
B9J08_00247	206.127676731662	247.886661330892	213.284907710449	216.991143887376
B9J08_00246	1573.83549897986	1637.55430818589	1227.34038410164	1299.30062986221
B9J08_00245	1530.75143540071	1555.86438570185	2331.85151331647	2741.49786667465
B9J08_00244	1660.00362613818	1563.37610271187	1497.75517780596	1418.38113565407
B9J08_00243	1485.13301514042	1432.86001966266	1424.4384907805	1255.63777773854
B9J08_00242	4016.95533958629	3850.6939322651	4314.25855730376	4405.97871429855
B9J08_00241	781.42664334749	762.439276517743	716.980069223071	689.343816861725
B9J08_00240	1111.73779745438	1105.16136510023	1154.97586184274	1098.18688674709
B9J08_00239	8372.66968888322	7730.49576794406	8148.62607225902	7775.95702820798
B9J08_00238	1251.12741491636	1340.84148628982	1425.39065554706	1304.5930967863
B9J08_00237	1028.10402697718	857.274703769334	969.303732362664	759.469003605816
B9J08_00236	753.548719855094	684.505212538713	673.180489961104	701.25186744091
B9J08_00235	14261.669830262	14007.4742944479	15658.3495861533	15254.2127919363
B9J08_00234	1654.09012721555	1732.38973543748	1557.74155809953	1541.43099163898
B9J08_00233	660.62230821377	614.082865569709	409.430849622736	415.458653540464
B9J08_00232	2207.42466926161	2328.63227310838	2440.39829670482	2474.22828700849
B9J08_00231	3219.47777059166	3176.51733061518	2948.85428205027	3191.35755522165
B9J08_00230	466.321629327367	465.726454621676	323.736020631931	247.422828700849
B9J08_00229	4890.46360901473	6073.22320260685	10259.5753597325	9697.12252164987
B9J08_00228	2402.57013370839	2454.45353302633	2741.28236293921	2573.46204183504
B9J08_00227	474.769484931124	455.397843732888	512.264644411703	587.46382857314
B9J08_00226	1482.59865845929	1503.28236663166	1028.33794788966	1099.51000347811
B9J08_00225	160.509256471376	153.051234079301	149.489868350627	137.604140026141
B9J08_00224	1655.7796983363	1678.86875174104	1823.39552797102	1761.0683689884
B9J08_00223	2084.08597744677	2027.22462808104	2146.17938383639	2017.75301480639
B9J08_00222	642.037025885506	652.580415246098	368.487764660463	419.428003733526
B9J08_00221	362.41300540116	430.045798824047	334.209833064141	378.411385071887
B9J08_00220	1964.12642787342	1901.40336816309	1632.96257465812	1714.75928340268
B9J08_00219	823.665921366274	846.946092880547	657.945853696072	572.909544531913
B9J08_00218	1665.07233950044	1871.35650012298	2142.37072477013	2536.41477336646
B9J08_00217	1183.54457008631	1158.68234879667	1243.52718513324	1229.17544311812
B9J08_00216	1134.54700758452	1125.8185868778	1373.02159338601	1397.21126795774
B9J08_00215	7786.38850998251	7733.31266182282	7492.58454809608	7267.88020349608
B9J08_00214	4118.32960683137	4030.97514050575	4857.9446390121	4928.60982305168
B9J08_00213	2064.65590955813	2230.97995197803	1719.60956841549	1856.33277362188
B9J08_00212	92.0816260809475	88.2626748678175	55.2255564607412	82.0332373232763
B9J08_00211	146.992687505366	170.891561978115	82.8383346911118	58.2171361649058
B9J08_00210	1487.66737182155	1686.38046875107	1680.57081298635	1694.91253243737
B9J08_00209	4854.98261547895	4815.01060342732	5074.08604102224	4818.79113437697
B9J08_00208	669.914949377903	617.838724074723	477.034548048816	424.720470657608
B9J08_00207	698.637658430675	723.002762215101	680.79780809362	602.018112614366
B9J08_00206	1790.10060243603	1875.112358628	1788.16543160814	1866.91770747005
B9J08_00205	2043.53627054873	2017.83498181851	2297.57358172015	2086.55508481946
B9J08_00204	716.378155198564	647.885592114831	479.89104234851	468.383322781287
B9J08_00203	310.036300657869	340.844159329976	321.831691098802	344.010350065352
B9J08_00202	803.391067917258	898.589147324483	757.923154185345	780.638871302145
B9J08_00201	469.70077156887	524.881226075638	421.808991588075	504.107474518843
B9J08_00200	3177.23849257288	2935.20342166806	2973.61056598094	2908.21057478325
B9J08_00199	1103.28994185062	1089.19896645392	995.012181059906	1116.71052098137
B9J08_00198	292.29580388998	296.712821896067	293.266748101867	346.656583527393
B9J08_00197	1078.79116059972	1089.19896645392	1024.52928882341	866.641458818483
B9J08_00196	681.741947223162	718.307939083834	654.137194629814	705.221217633972
B9J08_00195	440.978062516097	517.369509065611	658.898018462636	673.466416089478
B9J08_00194	766.220503260728	862.908491526855	925.504153100697	811.070556115619
B9J08_00193	486.596482776383	513.613650560598	617.002768733798	604.664346076407
B9J08_00192	919.9714752491	848.824022133054	989.299192460519	1000.27624865156
B9J08_00191	440.133276955722	471.360242379196	377.057247559543	398.258136037196
B9J08_00190	558.403255408315	516.430544439358	447.517440285317	423.397353926587
B9J08_00189	234.850385784435	251.642519835905	199.002436211981	198.467509653088
B9J08_00188	1014.58745801117	1103.28343584772	1259.71398616484	1235.79102677323
B9J08_00187	0	0	0	3.96935019306176
B9J08_00186	1313.64154638416	1276.99189170459	1485.37703584063	1360.16399948916
B9J08_00185	2796.24020484345	2712.66880524601	3279.25545604815	3540.66037221109
B9J08_00184	91.2368405205719	98.5912857566047	68.5558631926442	46.3090855857205
B9J08_00183	3725.50432125668	3834.7315336188	2690.81763031129	2860.57837246651
B9J08_00182	1665.07233950044	1747.41316945754	1496.8030130394	1501.73748970836
B9J08_00181	986.709534518777	874.176067041895	939.786624599165	869.287692280525
B9J08_00180	1595.79992354963	1659.15049458972	1807.20872693943	1557.30839241123
B9J08_00179	959.676396586756	875.115031668148	526.54711591017	493.522540670678
B9J08_00178	4319.38857020078	4213.13427799891	4725.59373645963	4503.88935239407
B9J08_00177	1159.04578883541	1086.38207257516	1414.91684311485	1434.25853642631
B9J08_00176	1298.4354062974	1346.47527404734	1595.82814876211	1493.79878932224
B9J08_00175	1504.56308302906	1472.2965339653	1747.22234664586	1541.43099163898
B9J08_00174	1959.90250007154	1889.1968280218	1900.52087406275	1784.88447014677
B9J08_00173	1988.62520912432	2061.02735462617	1952.8899362238	1792.82317053289
B9J08_00172	2359.48607012923	2269.47750165441	1873.86026059894	2025.69171519252
B9J08_00171	9883.14627083491	10022.5084206286	9506.41302938	9317.38801984696
B9J08_00170	458.718559283986	507.040898176824	405.622190556478	395.611902575155
B9J08_00169	493.354767259389	471.360242379196	486.556195714461	485.583840284555
B9J08_00168	336.224653029515	357.745522602537	276.127782303706	287.116330631467
B9J08_00167	2809.75677380946	2894.82794273916	3265.92514931625	3317.05364466861
B9J08_00166	1660.00362613818	2030.0415219598	3595.37415854756	3385.85571468168
B9J08_00165	3198.35813158227	3640.36585598435	5017.90831979493	4866.42333669371
B9J08_00164	1891.47486968111	1833.79791507285	1777.69161917593	1802.08498765004
B9J08_00163	2013.96877593559	1992.48293690967	2270.91296825634	2120.956119826
B9J08_00162	1284.07405177101	1379.33903596621	1851.96047096796	1841.77848958065
B9J08_00161	1234.23170370885	1153.9875256654	965.495073296406	865.318342087463
B9J08_00160	375.929574367171	378.402744380111	358.013952228253	334.748532948208
B9J08_00159	1129.47829422226	1156.80441954416	1230.19687840134	1176.2507738773
B9J08_00158	625.986100238368	654.458344498605	627.476581166008	680.081999744581
B9J08_00157	1745.32696773612	1745.53524020503	1797.68707927378	1655.21903050675
B9J08_00156	6504.84881489262	6216.88479042362	8024.84465260563	8780.2026270526
B9J08_00155	916.592333007597	811.265437082919	419.904662054946	400.904369499237
B9J08_00154	3700.16075444541	3719.23888458963	3612.51312434573	3782.79073398785
B9J08_00153	2049.44976947136	2081.68457640374	2178.55298589958	2110.37118597783
B9J08_00152	402.117926738817	477.932994762969	318.023032032544	336.071649679229
B9J08_00151	2287.6792974973	2392.48186769361	2193.78762216462	1999.2293805721
B9J08_00150	905.610120722713	862.908491526855	786.48809718228	697.282517247848
B9J08_00149	12902.4098636175	16530.4722451907	21279.9303679501	21042.8484901514
B9J08_00148	2405.94927594989	2743.65463791237	4799.86258825166	4896.85502150719
B9J08_00147	2307.10936538594	2412.20012484493	2234.73070712689	2283.69947774153
B9J08_00146	1728.43125652861	1812.20172866902	1637.72339849095	1673.74266474104
B9J08_00145	984.17517783765	996.241468454834	1122.60225977955	988.368198072377
B9J08_00144	14390.0772354391	13321.0911526567	13439.805680058	13835.8316562823
B9J08_00143	72.6515581923072	76.995099352777	29.5171077634996	35.7241517375558
B9J08_00142	3009.12616605812	2852.57453455776	3533.48344872087	3690.17256281641
B9J08_00141	223.868173499551	278.872493997253	282.792935669657	269.915813128199
B9J08_00140	786.495356709744	795.303038436611	963.590743763277	948.67469614176
B9J08_00139	2031.70927270348	2034.73634509107	1988.12003258668	1946.30471133128
B9J08_00138	1361.79432332557	1516.42787139921	1498.70734257253	1414.41178546101
B9J08_00137	600.642533427098	644.129733609817	696.032444358652	608.633696269469
B9J08_00136	636.968312523252	584.035997529601	755.066659885651	590.110062035181
B9J08_00135	74.3411293130585	93.8964626253378	58.0820507604347	46.3090855857205
B9J08_00134	1737.72389769274	1749.29109871004	1834.8215051698	1899.99562574556
B9J08_00133	777.202715545612	738.026196235155	864.565608040569	985.721964610336
B9J08_00132	1.68957112075133	0.938964626253378	3.80865906625801	3.96935019306176
B9J08_00131	0	0	0	0
B9J08_00130	365.792147642663	377.463779753858	353.253128395431	388.996318920052
B9J08_00129	925.040188611354	1079.80932019138	1749.12667617899	1690.94318224431
B9J08_00128	57.4454181055452	54.4599483226959	109.498948154918	64.8327198200087
B9J08_00127	1403.18881578398	1423.47037340012	1351.12180375503	1533.49229125286
B9J08_00126	1324.62375866904	1439.43277204643	1527.27228556946	1444.84347027448
B9J08_00125	960.521182147132	1001.87525621235	1248.28800896606	1139.20350540872
B9J08_00124	1631.28091708541	1797.17829464897	2081.43217971	1997.90626384108
B9J08_00123	8947.96865549905	9093.87240526397	9199.81597454623	9021.00987209835
B9J08_00122	912.368405205719	1047.88452289877	996.916510593035	840.179124198072
B9J08_00121	3126.55135895034	2941.77617405183	3148.80888302881	3321.02299486167
B9J08_00120	941.091114258491	907.978793587017	937.882295066036	899.719377093998
B9J08_00119	1529.90664984033	1608.44640477204	1705.32709691703	1548.04657529408
B9J08_00118	2630.66223500982	2694.8284773472	2983.13221364659	2916.14927516937
B9J08_00117	395.359642255811	329.576583814936	144.729044517805	124.372972715935
B9J08_00116	4913.27281914487	4638.48525369169	4183.81198428443	4330.56106063038
B9J08_00115	1626.21220372316	1563.37610271187	1169.25833334121	1264.89959485568
B9J08_00114	3820.12030401876	3731.44542473092	4562.7735613771	4130.77043424627
B9J08_00113	947.849398741497	929.574979990844	722.693057822458	624.511097041716
B9J08_00112	7931.69162636712	8816.87784051922	11843.9775312959	11906.7274624542
B9J08_00111	2549.56282121376	2428.16252349124	1824.34769273759	1946.30471133128
B9J08_00110	14.3613545263863	3.75585850501351	17.1389657981611	10.5849338481647
B9J08_00109	1243.52434487298	1196.2409338468	1173.06699240747	1201.38999176669
B9J08_00108	443.512419197224	424.412011066527	355.15745792856	366.503334492702
B9J08_00107	12.671783405635	3.75585850501351	12.3781419653385	5.29246692408234
B9J08_00106	1031.48316921869	993.424574576074	740.784188387184	785.931338226228
B9J08_00105	862.526057143554	844.129199001787	975.016720962051	901.042493825019
B9J08_00104	1211.4224935787	1305.1608304922	1267.33130429735	1267.54582831772
B9J08_00103	2423.68977271778	2683.56090183215	2328.99501901678	2457.02776950523
B9J08_00102	1319.55504530679	1398.11832849128	1580.59351249708	1665.80396435492
B9J08_00101	3084.31208093155	3160.55493196887	3753.43350979727	3290.5913100482
B9J08_00100	19.4300678886403	22.5351510300811	18.0911305647256	13.2311673102059
B9J08_00099	0	0	0	0
B9J08_00098	0.844785560375665	0.938964626253378	0.952164766564503	2.64623346204117
B9J08_00097	1502.02872634793	1617.83605103457	1707.23142645015	1693.58941570635
B9J08_00096	1811.22024144543	1713.61044291242	1839.58232900262	1766.36083591248
B9J08_00095	849.009488177544	885.443642556936	1003.58166395899	910.304310942163
B9J08_00094	14276.8759703487	13974.610532529	15309.8572815907	14799.0606364652
B9J08_00093	1734.34475545124	1659.15049458972	1396.82571255013	1380.01075045447
B9J08_00092	1395.5857457406	1393.42350536001	1299.70490636055	1250.34531081445
B9J08_00091	6.75828448300532	4.69482313126689	4.76082383282252	7.93870038612351
B9J08_00090	231.471243542932	208.45014702825	154.25069218345	178.620758687779
B9J08_00089	1719.98340092485	1738.96248782126	1719.60956841549	1692.26629897533
B9J08_00088	1495.27044186493	1441.31070129894	1342.55232085595	1316.50114736548
B9J08_00087	919.126689688724	888.260536435696	835.048500277069	731.683552254384
B9J08_00086	2103.51604533541	2084.5014702825	2136.65773617075	2105.07871905375
B9J08_00085	2486.20390418558	2432.8573466225	2269.00863872321	2261.20649331418
B9J08_00084	7.60307004338099	5.63378775752027	2.85649429969351	6.61558365510293
B9J08_00083	85.3233415979422	80.7509578577905	19.9954600978546	33.0779182755146
B9J08_00082	1601.71342247226	1552.10852719683	1600.58897259493	1435.58165315734
B9J08_00081	2164.34060568245	2183.0927560391	1770.07430104341	1713.43616667166
B9J08_00080	748.480006492839	665.725920013645	621.763592566621	590.110062035181
B9J08_00079	1591.57599574775	1616.89708640832	1627.24958605874	1538.78475817694
B9J08_00078	1403.18881578398	1324.87908764352	1314.93954262558	1354.87153256508
B9J08_00077	7452.69821363412	7287.30446435247	8464.74477475844	8516.90239757951
B9J08_00076	7181.52204875353	6694.81778518659	5440.66947614957	5785.98946475302
B9J08_00075	3738.17610466232	3750.22471725599	3956.24460507551	3852.91592073194
B9J08_00074	5036.61151095972	5078.85966340452	5354.0224823922	5374.50016140562
B9J08_00073	269.486593759837	276.994564744747	236.136862107997	258.007762549014
B9J08_00072	2557.16589125714	2710.7908759935	3257.35566641717	3307.79182755146
B9J08_00071	539.81797308005	532.392943085665	568.442365639008	575.555777993955
B9J08_00070	1747.86132441725	1756.80281572007	1757.69615907807	1804.73122111208
B9J08_00069	487.441268336759	483.56678252049	451.326099351575	477.645139898431
B9J08_00068	1439.51459488013	1483.56410948034	1419.67766694767	1225.20609292506
B9J08_00067	1714.9146875626	1609.38536939829	1598.6846430618	1479.24450528101
B9J08_00066	2070.56940848076	2106.09765668633	2295.66925218702	2119.63300309498
B9J08_00065	29.5674946131483	15.023434020054	22.8519543975481	26.4623346204117
B9J08_00064	2219.25166710687	2184.03172066536	2257.58266152444	2218.86675792152
B9J08_00063	4173.24066825579	4006.56206022316	4263.79382467585	4134.73978443933
B9J08_00062	5006.19923078619	4810.31578029606	4396.14472722831	4525.0592200904
B9J08_00061	842.251203694538	898.589147324483	764.588307551296	811.070556115619
B9J08_00060	3286.21582986134	4154.9184711712	8877.98428344743	9645.52096914007
B9J08_00059	6465.14389355497	5890.12510048744	5758.69250818212	5924.91672151018
B9J08_00058	1644.79748605142	1540.84095168179	1174.01915717403	1106.12558713321
B9J08_00057	301.588445054113	265.726989229706	244.706345007077	236.837894852685
B9J08_00056	1543.42321880634	1707.97665515489	1690.09246065199	1641.98786319655
B9J08_00055	624.296529117617	688.261071043726	642.71121743104	530.569809139255
B9J08_00054	1008.67395908854	1001.87525621235	1264.47480999766	1242.40661042833
B9J08_00053	1438.66980931976	1404.69108087505	1617.72793839309	1694.91253243737
B9J08_00052	234.850385784435	233.802191937091	43.7995792619672	39.6935019306176
B9J08_00051	1834.87423713595	1734.26766468999	1641.5320575572	1620.81799550022
B9J08_00050	398.738784497314	492.956428783024	477.034548048816	485.583840284555
B9J08_00049	686.810660585416	789.669250679091	882.656738605295	826.947956887866
B9J08_00048	506.871336225399	553.05016486324	520.834127310783	502.784357787822
B9J08_00047	1375.31089229158	1429.10416115764	1417.77333741455	1258.28401120058
B9J08_00046	141.079188582736	155.868127958061	187.576459013207	183.913225611861
B9J08_00045	1049.22366598658	1092.01586033268	1111.17628258078	1184.18947426342
B9J08_00044	6320.68556273073	6138.95072644459	5268.3276534014	5899.77750362079
B9J08_00043	3684.95461435865	3916.42145610284	4064.79138846387	4051.38343038503
B9J08_00042	1.68957112075133	5.63378775752027	3.80865906625801	1.32311673102059
B9J08_00041	10.137426724508	10.3286108887872	7.61731813251603	1.32311673102059
B9J08_00040	577.833323296955	519.247438318118	302.788395767512	358.564634106579
B9J08_00039	1954.83378670929	1924.87748381943	2042.39342428086	1947.6278280623
B9J08_00038	5328.9073148497	5522.05096699612	7372.61178750895	7965.16272074392
B9J08_00037	10289.4881253756	10831.895928459	11419.3120454081	11423.7898556317
B9J08_00036	1804.46195696242	1846.00445521414	1825.29985750415	1710.78993320962
B9J08_00035	1859.37301838684	1950.22952872827	1973.83756108822	2378.96388237501
B9J08_00034	578.678108857331	548.355341731973	570.346695172138	523.954225484152
B9J08_00033	2068.87983736	2116.42626757511	1944.32045332472	1962.18211210353
B9J08_00032	2293.59279641993	2309.85298058331	2918.3850095202	2887.04070708692
B9J08_00031	2391.58792142351	2266.66060777565	2369.93810397905	2371.02518198889
B9J08_00030	672.44930605903	623.472511832243	549.399070307718	582.171361649058
B9J08_00029	1066.96416275447	1255.39570530077	1368.26076955319	1520.26112394265
B9J08_00028	7891.98670502947	7645.049986955	7123.14461866905	6747.89532820499
B9J08_00027	588.815535581839	568.073598883294	587.485660970299	603.341229345387
B9J08_00026	901.386192920835	945.537378637152	839.809324109892	820.332373232763
B9J08_00025	526.30140411404	462.909560742915	544.638246474896	488.230073746596
B9J08_00024	733.273866406078	790.608215305344	718.8843987562	725.067968599281
B9J08_00023	468.011200448119	468.543348500436	441.80445168593	447.213455084958
B9J08_00022	181.628895480768	216.90082866453	235.184697341432	251.392178893911
B9J08_00021	9.29264116413232	2.81689387876013	4.76082383282252	3.96935019306176
B9J08_00020	12.671783405635	10.3286108887872	46.6560735616607	82.0332373232763
B9J08_00019	101.37426724508	83.5678517365507	79.0296756248538	88.6488209783792
B9J08_00018	765.375717700353	589.669785287121	655.089359396378	784.608221495207
B9J08_00017	43.0840635791589	28.1689387876013	80.9340051579828	137.604140026141
B9J08_00016	213.730746775043	230.046333432078	170.437493215046	146.865957143285
B9J08_00015	1229.16299034659	1333.3297692798	2098.57114550817	1991.29068018598
B9J08_00014	2461.70512293469	2254.45406763436	2304.2387350861	2487.4594543187
B9J08_00013	56.6006325451696	55.3989129489493	58.0820507604347	63.5096030889881
B9J08_00012	4136.91488915963	4454.44818694603	6161.4582044389	6734.66416089478
B9J08_00011	119.114764012969	128.638153796713	157.107186483143	111.141805405729
B9J08_00010	234.850385784435	218.778757917037	238.99335640769	234.191661390644
B9J08_00009	18.5852823282646	26.2910095350946	15.2346362650321	11.9080505791853
B9J08_00008	45.6184202602859	82.6288871102973	39.0387554291446	34.4010350065352
B9J08_00007	454.494631482108	462.909560742915	332.305503531012	344.010350065352
B9J08_00006	125.873048495974	134.271941554233	160.915845549401	113.78803886777
B9J08_00005	13.5165689660106	6.57275238377365	7.61731813251603	7.93870038612351
B9J08_00004	347.206865314398	366.196204238817	212.332742943884	181.26699214982
B9J08_00003	111.511693969588	139.905729311753	134.255232085595	136.28102329512
B9J08_00002	76.8754859941856	87.3237102415642	65.6993688929507	63.5096030889881
B9J08_00001	6.75828448300532	7.51171701002702	1.90432953312901	14.5542840412264
