	AR0382_A	AR0382_B	AR0382_tnSWI1_A	AR0382_tnSWI1_B
B9J08_05594	6.03375136282576	3.34867877521181	6.67713619387703	6.41449188930675
B9J08_05593	321.80007268404	333.751651262777	534.170895510163	596.547745705528
B9J08_05592	16.090003634202	34.603014010522	16.6928404846926	15.2344182371035
B9J08_05591	6.03375136282576	14.5109413592512	123.527019586725	108.244550632051
B9J08_05590	4975.83362387697	4953.81213479667	4997.83644111696	4919.91527909828
B9J08_05589	19.1068793156149	15.6271676176551	27.821400807821	26.4597790433904
B9J08_05588	1290.21716641757	1161.9915349985	1374.37719990636	1279.6911319167
B9J08_05587	104.585023622313	123.901114682837	134.655579909854	186.822076276059
B9J08_05586	52.2925118111566	59.1599916954086	115.737027360535	135.506141161605
B9J08_05585	1560.7303525176	1627.45788475294	1684.86403292164	1674.18238310906
B9J08_05584	1354.57718095438	1587.2737394504	1165.16026583154	1209.13172113432
B9J08_05583	517.896991975877	545.834640359525	612.070817772061	602.962237594835
B9J08_05582	1338.48717732018	1240.12737308677	1405.53716881112	1386.33205957642
B9J08_05581	1244.96403119638	1197.71077526742	1097.27604786046	1091.26543266831
B9J08_05580	7451.68293308981	7256.58690588399	7502.87536985316	7919.49204883535
B9J08_05579	2189.24611947861	2114.13253341706	2028.73654690631	1813.69758170148
B9J08_05578	4677.1629314171	4442.58050844767	4334.57424585851	4467.69360090215
B9J08_05577	1178.5927662053	1227.84888424433	1404.4243127788	1414.39546159214
B9J08_05576	42532.9189817859	50222.3680443683	19050.9824171635	18682.2076276059
B9J08_05575	289.620065415636	312.543352353102	220.345494397942	231.723519501206
B9J08_05574	247.383805875856	284.637695893004	189.185525493183	182.011207359079
B9J08_05573	463.593229710446	407.422584317437	282.665432207461	293.463003935784
B9J08_05572	3104.36507617385	3077.43579441965	3054.78980869874	3256.15644530934
B9J08_05571	426.385096306353	472.163707304865	492.995222314588	546.835433563401
B9J08_05570	1387.76281344992	1390.8179179713	1231.93162777031	1318.9798947387
B9J08_05569	720.02766263054	658.573492458322	796.804919135993	731.25207538097
B9J08_05568	392.193838583674	395.144095474993	368.35534669555	416.941972804939
B9J08_05567	86.4837695338358	103.809042031566	141.332716103731	136.307952647768
B9J08_05566	921.152708058065	852.796861420607	888.059113785646	861.947347625595
B9J08_05565	1777.94540157932	1633.03901604496	1562.44986936723	1644.51535812102
B9J08_05564	518.902617203015	513.464078865811	524.155191219347	453.023489682289
B9J08_05563	1884.54167565591	1963.44198853252	1858.46957396244	1990.89792014358
B9J08_05562	11.0618774985139	6.69735755042362	13.3542723877541	13.6307952647768
B9J08_05561	1855.37854406892	1964.55821479093	2012.04370642161	2009.33958432534
B9J08_05560	5246.34680997699	5182.63851776948	5289.40472158292	5320.82102217995
B9J08_05559	85.4781443066982	92.6467794475267	106.834179102033	113.857231035195
B9J08_05558	8122.4349595906	8373.92939054633	7680.93233502322	7354.21495109019
B9J08_05557	3081.23569594969	3249.33463821386	3487.69080526844	3324.31042163322
B9J08_05556	316.771946548352	313.659578611506	351.662506210857	380.860455927588
B9J08_05555	1634.14099409864	1630.80656352815	1718.24971389102	1762.38164658703
B9J08_05554	1190.66026893095	1167.57266629052	1348.78151116316	1292.52011569531
B9J08_05553	1277.14403846478	1337.23905756792	656.585059064575	732.053886867133
B9J08_05552	978.47334600491	1052.60136167491	1007.13470924312	966.18284082683
B9J08_05551	878.916448518285	985.627786170676	678.842179710832	689.557878100476
B9J08_05550	2791.61563053405	2946.83732218639	1590.27127017505	1765.58889253168
B9J08_05549	901.040203515313	888.516101689533	975.97474033836	919.677774629356
B9J08_05548	1597.93848592169	1591.73864448401	1691.54116911552	1709.46208850025
B9J08_05547	468.621355846134	507.882947573791	561.992296317984	571.691589634464
B9J08_05546	3936.01713901667	4659.12840257803	4163.19441688233	4111.68930104563
B9J08_05545	315.766321321215	343.797687588412	400.628171632622	317.517348520684
B9J08_05544	2779.5481278084	2878.74752042375	2851.13715478549	2916.99018666225
B9J08_05543	935.231461237992	1161.9915349985	942.589059368975	891.614372613639
B9J08_05542	5625.46752060788	5744.10032574666	6806.22749362532	6759.27082835699
B9J08_05541	303.698818595563	244.453550590462	264.859735690456	303.084741769744
B9J08_05540	458.565103574757	485.558422405712	475.189525797582	550.042679508054
B9J08_05539	798.466430347275	867.307802779858	251.505463302702	263.79597894774
B9J08_05538	1506.42659025216	1367.37716654482	1102.84032802202	1148.99585967207
B9J08_05537	3343.70388023261	3168.96634760877	2726.49727916646	2925.00830152388
B9J08_05536	3419.12577226793	3517.2289402308	3074.82121728037	3061.31625417165
B9J08_05535	2869.04877302365	2904.42072436704	2844.46001859162	2863.2688170893
B9J08_05534	111.624400212276	93.7630057059307	55.642801615642	93.0101323949479
B9J08_05533	307.721319504114	262.313170724925	268.198303787394	295.868438394274
B9J08_05532	752.207669898944	796.98554850041	92.3670506819656	93.0101323949479
B9J08_05531	2644.79434737196	2469.09248358951	2612.98596387055	2655.599642173
B9J08_05530	1978.06482177971	1970.13934608295	1954.17519274135	1715.07476890339
B9J08_05529	8021.87243687684	10004.7359540745	6002.74543829545	6107.39809010619
B9J08_05528	781.370801485935	831.588562510933	839.093448363881	799.406051704854
B9J08_05527	3949.09026696946	4007.25226767013	3377.51805806947	3463.82562022565
B9J08_05526	0	0	0	0
B9J08_05525	570.189503787034	616.156894638973	585.362272996553	538.817318701767
B9J08_05524	831.652062842817	836.053467544548	953.717619692103	945.335742186583
B9J08_05523	490.745110843161	458.768992204018	437.352420698946	442.599940362166
B9J08_05522	3089.28069776679	3376.58443167191	2192.32638365629	2175.31456196115
B9J08_05521	502.812613568813	490.023327439328	469.625245636018	510.75391668605
B9J08_05520	358.002580860995	391.795416699782	319.389681273785	331.949955271624
B9J08_05519	28.1575063598535	27.9056564600984	53.4170895510163	53.721369572944
B9J08_05518	2130.91985630463	1944.46614213966	2147.81214236378	2174.51275047499
B9J08_05517	8.04500181710101	10.0460363256354	5.5642801615642	6.41449188930675
B9J08_05516	2519.09119397975	2214.59289667341	2498.36179254232	2450.33590171518
B9J08_05515	7163.06849290131	6711.86849178287	6880.78884779028	6873.92987087835
B9J08_05514	1065.96274076588	1084.97192316863	1185.19167441317	1201.11360627269
B9J08_05513	1435.02719912539	1533.69487904701	1547.98274094716	1658.1461533858
B9J08_05512	2080.63859494775	2108.55140212504	1929.69236003046	1865.01351681594
B9J08_05511	3960.15214446797	3895.62964182974	3688.00489108475	3624.98972894448
B9J08_05510	806.511432164376	785.823285916371	821.287751846875	849.118363846981
B9J08_05509	2183.21236811579	2405.46758686048	909.203378399589	1006.273415135
B9J08_05508	110.618774985139	160.736581210167	75.6742101972731	77.7757141578444
B9J08_05507	1881.5247999745	1873.0276616018	2048.76795548794	1865.8153283021
B9J08_05506	4668.11230437286	4749.54272950875	4695.13960032787	4877.41927033162
B9J08_05505	4492.12788962377	4344.35259770812	4712.94529684487	4607.20879949458
B9J08_05504	3515.66579407314	3594.24855206067	3650.16778598611	3831.85709237462
B9J08_05503	19447.7862676145	18355.2245931943	18202.9861205411	20966.5685516853
B9J08_05502	56.315012719707	79.2520643466795	85.6899144880886	98.6228127980913
B9J08_05501	2427.57929831023	2629.82906479967	2342.56194801853	2621.12174826797
B9J08_05500	632.538267869567	609.459537088549	635.440794450631	663.899910543249
B9J08_05499	705.948909450613	717.733484153731	744.500685617289	679.134328780352
B9J08_05498	1125.294629167	1160.87530874009	1126.21030470059	1151.40129413056
B9J08_05497	604.380761509713	545.834640359525	587.587985061179	667.908967974066
B9J08_05496	1889.5698017916	2082.87819818175	1219.69021141487	1291.71830420915
B9J08_05495	1806.10290793918	1685.50165018994	1825.08389299306	2043.81747823036
B9J08_05494	9451.87150986655	8948.78591362436	9668.49320873395	9433.31213471174
B9J08_05493	3708.74583768356	3362.07349031266	3872.73899244868	3804.59550184507
B9J08_05492	160.90003634202	141.7607348173	191.411237557808	220.49815869492
B9J08_05491	60820.2137372836	82035.9326351389	63584.1422622264	55428.4262269858
B9J08_05490	2712.17123759018	4296.35486859675	1033.84325401863	954.155668534379
B9J08_05489	170.956288613396	189.758463928669	370.581058760175	367.229660662812
B9J08_05488	14685.1451918908	16359.4120431681	13321.999562817	13431.1442047222
B9J08_05487	9731.43532301081	10865.3463993039	6919.73880892123	7233.94322816569
B9J08_05486	3936.01713901667	3648.94363872247	3941.73606645208	4070.7969152513
B9J08_05485	767.292048306009	819.310073668489	790.127782942116	836.289380068368
B9J08_05484	1037.80523440603	1101.71531704468	1126.21030470059	985.42631649475
B9J08_05483	7686.99923624001	7477.59970504797	7983.62917581231	7718.23736580835
B9J08_05482	421.356970170665	429.747109485515	370.581058760175	318.319160006848
B9J08_05481	437.446973804867	439.793145811151	349.436794146231	382.464078899915
B9J08_05480	2108.7961013076	2100.73781831621	1959.73947290291	1955.6182147524
B9J08_05479	2379.30928740762	2273.75288836882	4070.82736620037	3874.35310114128
B9J08_05478	228.276926560241	232.175061748019	217.006926301004	235.732576932023
B9J08_05477	5337.85870564652	5242.91473572329	5738.99855863731	6170.7411975131
B9J08_05476	1446.08907662391	1490.16205496925	1507.9199237839	1593.19942300656
B9J08_05475	1.00562522713763	7.81358380882755	4.45142412925136	3.20724594465338
B9J08_05474	3326.60825137127	3456.95272227699	3748.09911682964	3642.62958164007
B9J08_05473	390.182588129399	414.11994186786	357.226786372421	380.058644441425
B9J08_05472	1194.6827698395	1165.34021377371	1416.66572913424	1442.45886360786
B9J08_05471	923.163958512341	955.489677193769	672.165043516955	864.352782084085
B9J08_05470	8.04500181710101	17.859620134463	21.1442646139439	17.6398526955936
B9J08_05469	15942.1767258128	17051.4723233785	12238.0777873443	12231.6342214218
B9J08_05468	869.865821474046	726.663294220962	872.479129333266	873.172708431882
B9J08_05467	79.4443929438724	100.460363256354	109.059891166658	103.433681715071
B9J08_05466	426.385096306353	406.306358059033	491.882366282275	525.988334923154
B9J08_05465	323.811323138316	292.451279701831	293.793992530589	294.264815421947
B9J08_05464	746.173918536118	742.290461838618	726.694989100284	676.728894321862
B9J08_05463	10668.6780347031	10926.7388435161	11498.0285258563	11243.8024704686
B9J08_05462	317.77757177549	296.916184735447	294.906848562902	293.463003935784
B9J08_05461	6293.20267142726	8632.89388249604	192.524093590121	184.416641817569
B9J08_05460	5516.85999607702	5501.879227673	6028.34112703865	6024.0096955452
B9J08_05459	2742.33999440431	2821.81998124515	2722.0458550372	2904.16120288363
B9J08_05458	1404.85844231126	1289.24132845655	1560.2241573026	1642.10992366253
B9J08_05457	1475.2522082109	1500.20809129489	1619.20552701518	1482.54943791602
B9J08_05456	296.6594420056	293.567505960235	314.938257144533	296.670249880437
B9J08_05455	1596.93286069455	1571.64657183274	1737.16826644034	1856.19359046814
B9J08_05454	3551.86830225009	3544.0183704325	3918.36608977351	4126.12190779657
B9J08_05453	4912.4792345673	4612.24689972506	4750.78240194351	5057.02504323221
B9J08_05452	2227.45987810984	2090.69178199057	2180.08496730085	2061.45733092596
B9J08_05451	486.722609934611	468.815028529653	257.069743464266	273.4177167817
B9J08_05450	1736.71476726668	1532.5786527886	1512.37134791315	1515.42370884872
B9J08_05449	2578.42308238087	2892.1422355246	2836.67002636543	2715.73550363525
B9J08_05448	1235.91340415214	1350.63377266876	1394.40860848799	1367.89039539466
B9J08_05447	534.992620837217	634.016514773436	731.146413229535	656.683607167779
B9J08_05446	7064.51722064182	7176.21861527891	8102.70477126978	7850.5362610253
B9J08_05445	9253.76334012043	8859.48781295204	7085.55435773585	7150.5548336047
B9J08_05444	737.12329149188	850.564408903799	849.109152654696	849.118363846981
B9J08_05443	575.217629922722	619.505573414185	692.196452098586	698.377804448273
B9J08_05442	916.124581922377	894.097232981553	803.48205532987	841.100248985348
B9J08_05441	414.317593580702	414.11994186786	442.91670086051	464.248850488576
B9J08_05440	3832.43774062149	4066.41225936554	4066.37594207111	3772.52304239853
B9J08_05439	18054.9953280289	17675.4428018263	17657.6866647078	17910.8649779168
B9J08_05438	4553.47102847917	4410.20994695395	4763.02381829895	4900.67180343036
B9J08_05437	2.01125045427525	4.46490503361574	8.90284825850271	12.0271722924502
B9J08_05436	3319.5688747813	3098.64409332933	2829.99289017155	2727.7626759277
B9J08_05435	504.823864023088	563.694260493988	485.205230088398	409.725669429469
B9J08_05434	4998.96300410114	5041.99400921058	5590.9887063397	5807.5205942811
B9J08_05433	1951.91856587413	2537.18228535215	3611.21782485516	3525.56510466022
B9J08_05432	49903.1462714775	49570.4919094604	44055.7446072007	43420.4974102036
B9J08_05431	3285.37761705862	3225.89388678738	3132.68973096064	3368.41005337221
B9J08_05430	46604.6955264661	48020.0536365373	63508.4680520291	72219.1605587324
B9J08_05429	184.029416566186	131.714698491664	222.571206462568	200.452871540836
B9J08_05428	0	0	0	0
B9J08_05427	161.905661569158	205.385631546324	123.527019586725	141.118821564749
B9J08_05426	0	0	0	0
B9J08_05425	215.203798607452	208.734310321536	186.959813428557	201.254683026999
B9J08_05424	4451.90288053827	4176.91865894753	4441.40842496054	4550.28018397698
B9J08_05423	57.3206379468447	64.7411229874283	80.1256343265244	91.4065094226212
B9J08_05422	765.280797851733	872.888934071878	787.90207087749	752.099174021217
B9J08_05421	4853.14734616618	4749.54272950875	4126.47016781601	4123.71647333808
B9J08_05420	350.963204271031	353.843723914048	341.646801920042	329.544520813134
B9J08_05419	957.35521623502	1022.46325269801	1039.40753418019	1045.562177957
B9J08_05418	853.775817839844	833.82101502774	1181.85310631623	1134.56325292113
B9J08_05417	16.090003634202	13.3947151008472	16.6928404846926	12.8289837786135
B9J08_05416	3590.08206088132	3627.73533981279	3404.22660284497	3501.51076007532
B9J08_05415	180.006915657635	189.758463928669	163.589836749987	174.794903983609
B9J08_05414	4292.00846942339	4295.23864233835	4136.48587210682	4003.44475041358
B9J08_05413	2249.58363310687	1963.44198853252	2073.25078819882	1974.05987893415
B9J08_05412	32.180007268404	47.9977291113693	17.8056965170054	11.2253608062868
B9J08_05411	8162.65996867611	8231.05242947063	7956.9206310368	7702.20113608508
B9J08_05410	1057.91773894878	1158.64285622329	1144.0160012176	1067.21108808341
B9J08_05409	16247.8867948626	15592.5646036446	16790.7718155361	16950.2948174931
B9J08_05408	937.242711692267	938.74628331771	827.964888040752	930.101323949479
B9J08_05407	582.257006512685	578.205201853239	539.735175671727	548.439056535727
B9J08_05406	841.708315114193	924.235341958459	899.187674108774	881.992634779678
B9J08_05405	755.224545580357	712.152352861711	734.484981326474	764.126346313667
B9J08_05404	2936.42566324187	2588.52869323873	2831.10574620386	2666.02319149312
B9J08_05403	419.34571971639	391.795416699782	418.433868149627	410.527480915632
B9J08_05402	7466.76731149687	7303.46840873696	8160.57328495005	7831.29278535738
B9J08_05401	1604.97786251165	1455.55904095873	1493.45279536383	1577.1631932833
B9J08_05400	7728.22987055266	7951.99586486964	7993.64488010312	8321.19960340318
B9J08_05399	72.4050163539091	73.6709330546598	96.818474811217	94.6137553672746
B9J08_05398	21.1181297698901	14.5109413592512	32.2728249370723	24.0543445849003
B9J08_05397	1766.88352408081	1670.99070883069	1603.6255425628	1661.35339933045
B9J08_05396	873.888322382597	818.193847410085	908.090522367277	898.830675989109
B9J08_05395	517.896991975877	582.670106886855	490.769510249962	517.97022006152
B9J08_05394	1290.21716641757	1324.96056872547	1215.23878728562	1231.5824427469
B9J08_05393	461.58197925617	530.20747274187	474.076669765269	419.347407263429
B9J08_05392	888.972700789661	1022.46325269801	738.936405455725	611.782163942632
B9J08_05391	1100.15399848856	1119.57493717915	1198.54594680093	1102.4907934746
B9J08_05390	1411.89781890123	1319.37943743345	1374.37719990636	1296.52917312613
B9J08_05389	2412.49491990316	2366.39966781634	1986.44801767842	1959.62727218321
B9J08_05388	0	0	0	0
B9J08_05387	57.3206379468447	51.3464078865811	110.172747198971	145.127878995565
B9J08_05386	892.995201698212	937.630057059306	854.67343281626	843.505683443838
B9J08_05385	3601.14393837984	3674.61684266576	2905.66710036882	2857.65613668616
B9J08_05384	2406.46116854034	2274.86911462722	2432.70328663587	2471.18300035543
B9J08_05383	1299.26779346181	1178.73492887456	1221.9159234795	1131.35600697648
B9J08_05382	331.856324955417	439.793145811151	402.853883697248	389.680382275385
B9J08_05381	4600.73541415464	4661.36085509484	4465.89125767142	4239.97913883176
B9J08_05380	792.432678984449	782.474607141159	851.334864719322	760.919100369013
B9J08_05379	1393.79656481275	1404.21263307215	1230.818771738	1167.43752385383
B9J08_05378	2435.62430012733	2479.13851991514	2145.58643029915	2168.90007007185
B9J08_05377	69618.4288495107	68615.5443303484	56083.4926044378	54736.4629144268
B9J08_05376	579.240130831272	623.9704784478	920.331938722718	849.118363846981
B9J08_05375	8241.09873639285	8402.95127326483	7907.95496561503	8337.23583312645
B9J08_05374	3897.80338038544	4130.03715609456	4130.92159194526	3993.02120109345
B9J08_05373	23867.5091408844	24487.7716568656	27223.797118469	27988.0317360177
B9J08_05372	1603.97223728451	1616.2956221689	1678.18689672776	1666.16426824743
B9J08_05371	1179.59839143244	1353.98245144397	1456.72854629751	1390.34111700724
B9J08_05370	650.639521958044	722.198389187347	626.537946192128	622.205713262755
B9J08_05369	2285.78614128382	2382.026835434	2489.45894428382	2510.47176317743
B9J08_05368	1676.37725363842	1808.28653861438	1849.56672570394	1700.64216215245
B9J08_05367	2508.02931648124	2694.5701877871	2750.98011187734	2621.12174826797
B9J08_05366	641.588894913805	619.505573414185	1036.06896608325	1031.93138269222
B9J08_05365	935.231461237992	906.375721823996	900.300530141087	921.281397601682
B9J08_05364	6021.6838601001	5793.21428111643	5818.01133693152	6159.51583670681
B9J08_05363	1971.02544518975	1987.99896621741	1989.78658577536	2047.82653566118
B9J08_05362	493.761986524574	604.994632054934	457.383829280577	436.987259959022
B9J08_05361	10039.1566425149	10379.7879768982	9968.96433745841	9669.04471164377
B9J08_05360	39220.3894835945	41867.4145002148	36518.3707003458	35849.7933578493
B9J08_05359	15388.07722566	16181.9320680819	13496.7179598901	12876.2906562971
B9J08_05358	5173.94179362309	5218.3577580384	5096.8806279928	4944.77143516934
B9J08_05357	3259.23136115305	3326.35425004373	3329.66524868001	3332.32853649486
B9J08_05356	2663.90122668757	2625.36415976606	2825.5414660423	3014.00937648801
B9J08_05355	28559.7564507086	28582.0895726912	27897.0750180182	26815.7833432469
B9J08_05354	712.988286040577	660.80594497513	515.252342960844	534.006449784787
B9J08_05353	703.937658996338	641.830098582263	713.34071671253	586.926007871568
B9J08_05352	9051.63266946577	9093.89532721687	10360.6896608325	10392.2786721631
B9J08_05351	1884.54167565591	1803.82163358076	1894.08096699645	1707.05665404176
B9J08_05350	1298.26216823468	1291.47378097335	1246.39875619038	1284.50200083368
B9J08_05349	2320.98302423364	2405.46758686048	2501.70036063926	2331.667801763
B9J08_05348	1957.95231723696	1958.97708349891	1977.54516941992	1869.02257424675
B9J08_05347	387.165712447986	392.911642958186	419.54672418194	384.067701872242
B9J08_05346	1985.10419836967	2057.20499423845	2334.77195579234	2266.72107138377
B9J08_05345	563.150127197071	668.619528783958	417.321012117315	384.869513358405
B9J08_05344	2703.12061054594	2901.07204559183	1917.45094367502	2036.60117485489
B9J08_05343	73.4106415810467	78.1358380882755	96.818474811217	76.973902671681
B9J08_05342	302.693193368425	321.473162420334	189.185525493183	218.09272423643
B9J08_05341	0	0	0	0
B9J08_05340	83.466893852423	82.6007431218913	446.255268957448	432.978202528206
B9J08_05339	6611.98586842989	6575.68888825759	6947.56020972905	6686.30598311613
B9J08_05338	2359.19678286487	2552.8094529698	2705.35301455251	2561.78769829188
B9J08_05337	11613.9657482124	11365.4157630689	11524.7370706318	11543.6799662937
B9J08_05336	2039.40796063511	2102.97027083302	1714.91114579409	1566.73964396317
B9J08_05335	1617.0453652373	1526.99752149658	1632.55979940293	1706.2548425556
B9J08_05334	915.11895669524	919.770436924843	1106.17889611896	1046.36398944316
B9J08_05333	5508.81499425991	5496.29809638098	5016.75499366628	4777.1928345612
B9J08_05332	29728.2929646425	30580.1345752342	29218.0351283736	27890.2107347058
B9J08_05331	6800.03778590463	6623.68661736896	7077.76436550966	6647.81903178029
B9J08_05330	0	0	0	0
B9J08_05329	7.03937658996338	3.34867877521181	12.2414163554412	12.8289837786135
B9J08_05328	2086.67234631057	1862.98162527617	1820.6324688638	1921.14032084737
B9J08_05327	5114.60990522197	4912.51176323572	5242.66476822578	5194.93661885231
B9J08_05326	3080.23007072255	2914.46676069268	3102.6426180882	2972.31517920752
B9J08_05325	8006.78805846978	8054.6886806428	7625.28953340757	7823.27467049575
B9J08_05324	527.953244247254	567.0429392692	553.089448059481	672.719836891046
B9J08_05323	945.287713509368	927.584020733671	962.620467950606	1014.29152999663
B9J08_05322	4186.41782057394	4143.43187119541	4320.10711743844	4158.1943672431
B9J08_05321	962.383342370708	937.630057059306	938.137635239723	1063.20203065259
B9J08_05320	429.401971987766	394.02786921659	382.822475115617	350.391619453381
B9J08_05319	62.3487640825328	60.2762179538126	86.8027705204015	92.2083209087846
B9J08_05318	2292.82551787379	2397.65400305166	2341.44909198621	2631.54529758809
B9J08_05317	6609.97461797561	6209.5666755011	5983.82688574614	6016.79339216973
B9J08_05316	987.523973049149	810.380263601258	906.977666334964	887.605315182822
B9J08_05315	422.362595397803	417.468620643072	497.446646443839	536.411884243277
B9J08_05314	813.550808754339	704.338769052884	698.873588292463	776.95533009228
B9J08_05313	4247.76095942933	4147.89677622903	5919.28123587199	5787.47530712702
B9J08_05312	525.941993792978	553.648224168352	513.026630896219	506.744859255233
B9J08_05311	4615.8197925617	4484.99710626702	4917.71080679044	4826.90514670333
B9J08_05310	940.25958737368	896.329685498361	953.717619692103	924.488643546336
B9J08_05309	1377.70656117855	1349.51754641036	1414.44001706962	1399.16104335504
B9J08_05308	4518.27414552935	4976.13665996475	7981.40346374768	7529.81166655996
B9J08_05307	71.3993911267714	79.2520643466795	41.175673195575	39.2887628220039
B9J08_05306	971.433969414947	1025.81193147322	716.679284809468	691.161501072803
B9J08_05305	17.0956288613396	21.2082989096748	10.0157042908156	15.2344182371035
B9J08_05304	636.560768778117	601.645953279722	592.03940919043	638.241942986022
B9J08_05303	907.073954878139	927.584020733671	938.137635239723	880.389011807352
B9J08_05302	201.125045427525	180.828653861438	227.022630591819	193.236568165366
B9J08_05301	18766.9779888424	18215.6963108938	17312.7012946908	17388.8857004244
B9J08_05300	7470.78981240542	7152.77786385242	7932.43779832592	8152.81919130888
B9J08_05299	4228.65408011372	4496.15936885106	4184.33868149628	4150.17625238147
B9J08_05298	165.928162477708	157.387902434955	168.041260879239	129.091649272298
B9J08_05297	3108.3875770824	3264.96180583151	3287.37671945213	3418.12236551434
B9J08_05296	1350.55468004583	1287.00887593974	1276.44586906283	1460.90052778961
B9J08_05295	1257.03153392203	1180.96738139136	1155.14456154073	1057.58935024945
B9J08_05294	1660.28725000422	1508.02167510372	1493.45279536383	1543.48711086444
B9J08_05293	407.278216990738	428.630883227111	416.208156085002	501.933990338253
B9J08_05292	252.411932011544	208.734310321536	275.988296013584	230.921708015043
B9J08_05291	2348.13490536636	2335.14533258103	2369.27049279403	2471.18300035543
B9J08_05290	5805.47443626551	5317.70189503635	1489.00137123458	1669.37151419208
B9J08_05289	157.883160660607	167.43393876059	386.161043212555	437.789071445186
B9J08_05288	3267.27636297015	3353.14368024542	3489.91651733306	3535.18684249418
B9J08_05287	46175.2935544784	44865.5982302878	38721.8256443252	38595.1958864726
B9J08_05286	26186.4809146638	26503.6762795431	23719.4134727159	23549.2033486174
B9J08_05285	1308.31842050605	1288.12510219814	1113.96888834515	1157.01397453371
B9J08_05284	677.79140309076	666.38707626715	706.663580518653	813.838658455794
B9J08_05283	4724.42731709257	4945.99855098784	4398.00703970034	4501.36968332101
B9J08_05282	1086.07524530864	1134.0858785384	1098.38890389277	1092.06724415447
B9J08_05281	968.417093733534	963.303261002597	933.686211110472	1064.80565362492
B9J08_05280	488.733860388886	532.439925258678	554.202304091794	513.961162630703
B9J08_05279	252.411932011544	232.175061748019	254.84403139964	258.98511003076
B9J08_05278	3945.06776606091	4034.04169787183	3941.73606645208	3994.62482406578
B9J08_05277	361.019456542408	383.981832890954	393.951035438745	469.059719405556
B9J08_05276	204.141921108938	199.804500254305	376.14533892174	403.311177540162
B9J08_05275	592.313258784062	587.13501192047	623.19937809519	579.709704496098
B9J08_05274	1940.85668837562	1816.1001224232	1924.1280798689	2144.04391400078
B9J08_05273	3962.16339492225	3884.4673792457	3603.42783262897	4259.22261449968
B9J08_05272	1925.77230996855	1919.90916445477	1634.78551146756	1873.03163167757
B9J08_05271	5746.14254786439	5913.76671702405	2740.96440758652	2723.75361849688
B9J08_05270	980.484596459185	1136.31833105521	666.600763355391	594.142311247038
B9J08_05269	413.311968353564	376.168249082127	417.321012117315	466.654284947066
B9J08_05268	6044.81324032427	6052.17877306614	8362.00022679867	8062.21449337242
B9J08_05267	341.912577226793	284.637695893004	359.452498437047	356.806111342688
B9J08_05266	259.451308601507	296.916184735447	271.536871884333	258.98511003076
B9J08_05265	97.5456470323497	107.157720806778	110.172747198971	112.253608062868
B9J08_05264	386.160087220848	476.628612338481	573.120856641112	553.249925452707
B9J08_05263	506.835114477363	534.672377775485	444.029556892823	450.618055223799
B9J08_05262	400.238840400775	351.61127139724	363.903922566298	392.887628220039
B9J08_05261	2.01125045427525	3.34867877521181	6.67713619387703	4.00905743081672
B9J08_05260	45.2531352211932	44.6490503361575	217.006926301004	267.003224892394
B9J08_05259	899.028953061038	957.722129710577	856.899144880886	809.027789538814
B9J08_05258	525.941993792978	756.801403197869	270.42401585202	239.74163436284
B9J08_05257	5.02812613568813	6.69735755042362	10.0157042908156	6.41449188930675
B9J08_05256	489.739485616024	472.163707304865	619.860809998251	618.196655831938
B9J08_05255	2020.30108131949	1977.95292989178	1573.57842969035	1599.61391489587
B9J08_05254	115.646901120827	158.504128693359	103.495611005094	116.262665493685
B9J08_05253	1758.83852226371	2131.99215355152	632.102226353693	687.954255128149
B9J08_05252	6.03375136282576	22.3245251680787	18.9185525493183	18.4416641817569
B9J08_05251	88.4950199881111	60.2762179538126	52.3042335187034	51.315935114454
B9J08_05250	16.090003634202	16.743393876059	38.9499611309494	39.2887628220039
B9J08_05249	18.1012540884773	26.7894302016945	40.0628171632622	39.2887628220039
B9J08_05248	106.596274076588	133.947151008472	206.991222010188	205.263740457816
B9J08_05247	1.00562522713763	0	0	0
B9J08_05246	0	0	0	2.40543445849003
B9J08_05245	202.130670654663	309.19467357789	594.265121255056	578.907893009934
B9J08_05244	648.628271503769	567.0429392692	969.297604144483	1034.33681715071
B9J08_05243	42.2362595397803	30.1381089769063	179.169821202367	133.902518189278
B9J08_05242	426.385096306353	491.139553697732	407.305307826499	430.572768069716
B9J08_05241	3.01687568141288	6.69735755042362	2.22571206462568	10.4235493201235
B9J08_05240	44.2475099940555	56.9275391786007	36.7242490663237	59.3340499760875
B9J08_05239	148.832533616369	142.876961075704	254.84403139964	229.318085042716
B9J08_05238	4.0225009085505	4.46490503361574	0	2.40543445849003
B9J08_05237	5.02812613568813	2.23245251680787	14.4671284200669	12.0271722924502
B9J08_05236	247.383805875856	212.082989096748	298.245416659841	287.850323532641
B9J08_05235	3.01687568141288	5.58113129201968	3.33856809693852	8.01811486163344
B9J08_05234	355.99133040672	369.470891531703	622.086522062877	646.260057847655
B9J08_05233	1.00562522713763	3.34867877521181	0	1.60362297232669
B9J08_05232	538.00949651863	504.534268798579	1397.74717658493	1464.90958522043
B9J08_05231	4.0225009085505	2.23245251680787	5.5642801615642	6.41449188930675
B9J08_05230	2156.06048698307	2243.61477939191	2429.36471853893	2516.88625506674
B9J08_05229	9.05062704423863	10.0460363256354	26.7085447755081	16.8380412094302
B9J08_05228	122.68627771079	114.971304615605	206.991222010188	224.507216125736
B9J08_05227	476.666357663235	493.37200621454	559.766584253358	543.628187618747
B9J08_05226	1295.24529255326	1272.49793458049	1295.36442161214	1299.73641907078
B9J08_05225	11119.1981364607	11570.8013946152	2188.98781555935	2261.10839098063
B9J08_05224	2432.60742444592	2627.59661228287	1628.10837527368	1768.79613847634
B9J08_05223	581.251381285548	661.922171233534	145.784140232982	117.866288466012
B9J08_05222	590.302008329786	670.851981300766	320.502537306098	371.238718093628
B9J08_05221	240.344429285893	223.245251680787	339.421089855416	351.193430939545
B9J08_05220	137.770656117855	149.574318626127	240.376902979573	255.777864086107
B9J08_05219	317.77757177549	302.497316027467	313.825401112221	323.931840409991
B9J08_05218	4086.86092308731	3888.93228427931	4159.85584878539	4138.14908008902
B9J08_05217	816.567684435752	748.987819389041	732.259269261848	857.938290194778
B9J08_05216	687.847655362136	745.639140613829	674.39075558158	691.161501072803
B9J08_05215	4653.0279259658	4541.92464544562	4948.8707756952	4960.00585340645
B9J08_05214	1735.70914203954	1596.20354951763	1596.94840636892	1651.73166149649
B9J08_05213	4785.77045594796	4890.18723806765	4414.69988018503	4494.95519143171
B9J08_05212	857.798318748395	890.748554206341	949.266195562852	951.750234075889
B9J08_05211	524.936368565841	535.788604033889	373.919626857114	439.392694417513
B9J08_05210	2618.64809146638	2725.82452302241	2853.36286685012	3066.92893457479
B9J08_05209	745.168293308981	658.573492458322	638.77936254757	748.891928076563
B9J08_05208	1166.52526347965	1167.57266629052	1172.95025805773	1146.59042521358
B9J08_05207	555.10512537997	619.505573414185	697.76073226015	650.269115278472
B9J08_05206	165.928162477708	180.828653861438	200.314085816311	244.55250327982
B9J08_05205	82.4612686252853	70.322254279448	61.2070817772061	82.5865830748244
B9J08_05204	82.4612686252853	99.3441369979503	53.4170895510163	69.7575992962109
B9J08_05203	75.4218920353219	103.809042031566	30.0471128724467	20.0452871540836
B9J08_05202	98.5512722594873	63.6248967290244	56.7556576479548	54.5231810591074
B9J08_05201	1497.37596320792	1297.05491226537	1076.13178324652	1118.52702319786
B9J08_05200	7436.59855468274	7508.85404028328	6550.27060619337	6572.44875208093
B9J08_05199	2265.67363674107	2253.66081571755	2048.76795548794	2096.73703631714
B9J08_05198	87.4893947609735	98.2279107395464	101.269898940468	79.3793371301711
B9J08_05197	1101.1596237157	1117.34248466234	1141.79028915297	1225.96976234375
B9J08_05196	749.190794217531	809.264037342854	795.69206310368	784.17163346775
B9J08_05195	1626.09599228154	1686.61787644835	625.425090159816	633.431074069042
B9J08_05194	2192.26299516002	2090.69178199057	2306.95055498452	2334.07323622149
B9J08_05193	867.854571019771	803.682906050834	780.1120786513	894.821618558292
B9J08_05192	1453.12845321387	1461.14017225075	1265.3173087397	1387.93568254875
B9J08_05191	4187.42344580107	4127.80470357776	3505.49650178544	3548.0158262728
B9J08_05190	1271.11028710196	1256.87076696283	1254.18874841657	1414.39546159214
B9J08_05189	418.340094489252	467.698802271249	332.743953661539	359.211545801178
B9J08_05188	78621.7915080739	75337.4588584569	68801.211341709	68475.5027298357
B9J08_05187	14784.7020893774	14906.0854547262	15223.8705220396	15870.2547456311
B9J08_05186	13500.5186743226	13811.0674952319	11807.4025028392	11581.3651061433
B9J08_05185	17613.5258533155	17368.4805807652	16337.8394103848	16233.4753488631
B9J08_05184	4528.33039780073	4114.40998847691	4487.03552228537	5071.45764998315
B9J08_05183	39.2193838583674	29.0218827185023	55.642801615642	55.3249925452707
B9J08_05182	81.4556433981477	77.0196118298716	54.5299455833291	61.7394844345775
B9J08_05181	2491.93931284704	2375.32947788358	2540.65032177021	2709.32101174594
B9J08_05180	189.057542701874	167.43393876059	196.975517719373	218.09272423643
B9J08_05179	181.012540884773	195.339595220689	211.442646139439	218.09272423643
B9J08_05178	4114.01280422003	4085.38810575841	4694.02674429556	5009.71816554857
B9J08_05177	2645.79997259909	2387.60796672602	2418.2361582158	2396.61453214224
B9J08_05176	1617.0453652373	1816.1001224232	1764.98966724816	1752.75990875307
B9J08_05175	873.888322382597	808.14781108445	945.927627465913	961.371971909849
B9J08_05174	327.833824046866	293.567505960235	347.211082081606	353.598865398035
B9J08_05173	641.588894913805	677.549338851189	656.585059064575	694.368747017456
B9J08_05172	5.02812613568813	1.11622625840394	0	1.60362297232669
B9J08_05171	1076.01899303726	945.443640868134	1101.72747198971	1119.32883468403
B9J08_05170	243.361304967305	243.337324332058	299.358272692154	248.561560710637
B9J08_05169	515.885741521602	481.093517372097	504.123782637716	524.384711950827
B9J08_05168	217.215049061727	202.036952771112	192.524093590121	218.09272423643
B9J08_05167	3654.44207541813	3163.38521631676	3848.2561597378	3871.14585519662
B9J08_05166	2931.39753710618	2702.38377159593	2725.38442313414	2841.61990696289
B9J08_05165	2558.31057783812	2715.77848669678	2357.02907643859	2672.43768338243
B9J08_05164	2643.78872214482	2480.25474617355	1279.78443715976	1288.51105826449
B9J08_05163	406.272591763601	390.679190441378	415.095300052689	473.068776836373
B9J08_05162	4019.48403286909	4198.1269578572	4744.10526574963	4600.79430760527
B9J08_05161	834.668938524229	850.564408903799	705.55072448634	734.459321325623
B9J08_05160	804.500181710101	741.174235580214	746.726397681915	775.351707119954
B9J08_05159	1287.20029073616	1445.5130046331	1245.28590015807	1257.24041030412
B9J08_05158	406.272591763601	439.793145811151	437.352420698946	416.941972804939
B9J08_05157	1061.94023985733	1169.80511880733	1181.85310631623	1071.22014551423
B9J08_05156	974.45084509636	920.886663183247	770.096374360485	908.452413823069
B9J08_05155	2859.99814597941	2865.3528053229	2999.1470070831	3277.80535543575
B9J08_05154	1835.26603952617	1945.58236839806	1931.91807209509	1921.14032084737
B9J08_05153	1305.30154482464	1299.28736478218	1343.2172310016	1271.67301705506
B9J08_05152	3367.83888568391	3311.84330868448	3449.8537001698	3693.14370526836
B9J08_05151	1223.84590142649	1177.61870261615	1269.76873286895	1350.25054269907
B9J08_05150	5637.53502333353	5601.22336467095	5891.45983506417	5841.99848818612
B9J08_05149	297.665067232737	285.753922151408	316.051113176846	324.733651896154
B9J08_05148	819.584560117165	866.191576521455	816.836327717624	841.902060471511
B9J08_05147	12216.3352592679	10913.3441284153	10995.0175992509	11307.9473893616
B9J08_05146	456.553853120482	542.485961584313	549.750879962543	490.708629531967
B9J08_05145	30775.1488260928	27806.3123231005	24485.0584229471	24003.830461272
B9J08_05144	12.0675027256515	11.1622625840394	14.4671284200669	16.0362297232669
B9J08_05143	1590.89910933172	1452.21036218352	1470.08281868526	1605.22659529901
B9J08_05142	2491.93931284704	2605.27208711479	2750.98011187734	2945.85540016413
B9J08_05141	4.0225009085505	6.69735755042362	18.9185525493183	10.4235493201235
B9J08_05140	757.235796034632	744.522914355426	741.162117520351	857.938290194778
B9J08_05139	11126.2375130507	10630.9388850391	10396.3010538665	10796.3916611894
B9J08_05138	3081.23569594969	3291.75123603321	3046.99981647255	2951.46808056727
B9J08_05137	3489.51953816756	3526.15875029803	3334.11667280927	3747.66688632747
B9J08_05136	7671.91485783295	7210.82162928943	5822.46276106077	5605.46409976794
B9J08_05135	4110.99592853861	4094.31791582564	4028.53883697248	4219.13204019152
B9J08_05134	2450.70867853439	2731.40565431443	2949.06848562902	3055.7035737685
B9J08_05133	777.348300577385	824.891204960509	643.230786676821	651.872738250799
B9J08_05132	6502.37271867189	8747.86518711165	513.026630896219	473.870588322536
B9J08_05131	501.806988341675	511.231626349003	489.656654217649	493.114063990457
B9J08_05130	64.3600145368081	155.155449918147	25.5956887431953	40.8923857943305
B9J08_05129	56921.404731671	63636.0589916084	28583.7071899553	27310.5010302097
B9J08_05128	4211.55845125238	4142.31564493701	3999.60458013234	4331.38564825438
B9J08_05127	2768.48625030988	2627.59661228287	3166.07541193003	3267.38180611563
B9J08_05126	2916.31315869912	3001.53240884818	3414.24230713579	3491.88902224136
B9J08_05125	864.837695338358	889.632327947937	786.789214845177	791.387936843221
B9J08_05124	2541.21494897678	2715.77848669678	2734.28727139265	2931.42279341319
B9J08_05123	5453.50560676734	5123.47852607407	5280.50187332442	5414.63296606106
B9J08_05122	558.122001061382	515.696531382619	537.509463607101	534.80826127095
B9J08_05121	570.189503787034	664.154623750342	497.446646443839	446.608997792983
B9J08_05120	295.653816778462	294.683732218639	231.474054721071	275.82315124019
B9J08_05119	50.2812613568813	62.5086704706204	399.515315600309	471.465153864046
B9J08_05118	802.488931255825	788.055738433179	893.62339394721	942.128496241929
B9J08_05117	707.960159904889	712.152352861711	625.425090159816	716.017657143866
B9J08_05116	1135.35088143838	1093.90173323586	886.946257753333	964.579217854503
B9J08_05115	2247.57238265259	2131.99215355152	2033.18797103556	2104.75515117878
B9J08_05114	1181.60964188671	1138.55078357202	1190.75595457474	1146.59042521358
B9J08_05113	1910.68793156149	1890.88728173627	2022.05941071243	1874.6352546499
B9J08_05112	1093.1146218986	1002.37118004673	1169.61168996079	1077.63463740353
B9J08_05111	15479.5891213295	15386.0627458399	12930.2742394429	13694.1383721838
B9J08_05110	3692.65583404936	3546.25082294931	3511.06078194701	3676.30566405893
B9J08_05109	2617.64246623924	2526.02002276811	2851.13715478549	3013.20756500185
B9J08_05108	8.04500181710101	5.58113129201968	11.1285603231284	12.0271722924502
B9J08_05107	461.58197925617	486.674648664116	444.029556892823	429.770956583552
B9J08_05106	31386.5689641924	30547.7640137405	25580.1087587429	25601.8407531956
B9J08_05105	182.01816611191	202.036952771112	204.765509945562	190.029322220713
B9J08_05104	1185.63214279526	1116.22625840394	1139.56457708835	1290.11468123682
B9J08_05103	1555.70222638191	1427.65338449863	1601.39983049818	1749.55266280842
B9J08_05102	1755.82164658229	1764.75371453662	1251.96303635194	1237.9969346362
B9J08_05101	1626.09599228154	1606.24958584326	1537.96703665634	1638.10086623171
B9J08_05100	486.722609934611	467.698802271249	464.060965474454	432.176391042042
B9J08_05099	2454.73117944294	2406.58381311889	2502.81321667157	2650.78877325602
B9J08_05098	2755.41312235709	2748.14904819049	2420.46187028043	2553.76958343025
B9J08_05097	4620.84791869739	4577.64388571454	5018.9807057309	5090.70112565107
B9J08_05096	1.00562522713763	0	0	0
B9J08_05095	1345.52655391014	1386.35301293769	1285.34871732133	1270.8712055689
B9J08_05094	1027.74898213465	1103.94776956149	866.914849171702	939.723061783439
B9J08_05093	3298.45074501141	3291.75123603321	2841.12145049468	3171.16442777603
B9J08_05092	8054.05244414525	7833.67588147882	8207.31323830719	7975.61885286678
B9J08_05091	1460.16782980383	1475.65111361	1596.94840636892	1541.08167640595
B9J08_05090	787.404552848761	865.075350263051	791.240638974429	806.622355080324
B9J08_05089	899.028953061038	1049.2526828997	1202.99737093018	1113.71615428088
B9J08_05088	2304.89302059944	2178.87365640448	2318.07911530764	2362.13663823721
B9J08_05087	247.383805875856	250.034681882482	273.762583948958	298.273872852764
B9J08_05086	937.242711692267	928.700246992075	1221.9159234795	1244.41142652551
B9J08_05085	98535.1822558531	120050.134091343	13506.7336641809	11190.8829123818
B9J08_05084	119.669402029377	98.2279107395464	89.0284825850271	88.1992634779678
B9J08_05083	1564.75285342615	1667.64203005548	1665.94548037232	1620.46101353612
B9J08_05082	3120.45507980805	2951.30222722001	2797.72006523448	2652.39239622834
B9J08_05081	155.871910206332	173.01507005261	143.558428168356	145.127878995565
B9J08_05080	1628.10724273582	1687.73410270675	1638.1240795645	1597.20848043738
B9J08_05079	1044.84461099599	1058.18249296693	1013.811845437	987.83175095324
B9J08_05078	4998.96300410114	5030.83174662654	2071.02507613419	1909.11314855492
B9J08_05077	889.978326016799	775.777249590736	708.889292583278	741.675624701093
B9J08_05076	5507.80936903278	5000.69363764963	5151.41057357613	5184.51306953218
B9J08_05075	1896.60917838156	1811.63521738959	2079.9279243927	2229.83774302026
B9J08_05074	1258.03715914917	1045.90400412449	1077.24463927883	1076.83282591737
B9J08_05073	2050.46983813362	1935.53633207243	2265.77488178894	2092.72797888633
B9J08_05072	790.421428530174	775.777249590736	714.453572744843	659.890853112432
B9J08_05071	7277.709768795	7290.07369363611	10640.0165249431	11166.8285677969
B9J08_05070	580.24575605841	616.156894638973	618.747953965939	614.989409887285
B9J08_05069	611.420138099677	586.018785662067	558.653728221045	570.889778148301
B9J08_05068	143.804407480681	162.969033726975	155.799844523797	189.227510734549
B9J08_05067	0	0	0	0
B9J08_05066	2.01125045427525	0	2.22571206462568	1.60362297232669
B9J08_05065	705.948909450613	640.713872323859	716.679284809468	714.414034171539
B9J08_05064	3448.28890385492	4026.228114063	1690.4283130832	1634.89362028706
B9J08_05063	17064.4544792984	19579.7247986634	6543.59346999949	6999.01246271983
B9J08_05062	729.078289674779	613.924442122165	727.807845132597	748.891928076563
B9J08_05061	518.902617203015	582.670106886855	500.785214540778	537.21369572944
B9J08_05060	746.173918536118	721.082162928943	717.792140841781	767.33359225832
B9J08_05059	579.240130831272	609.459537088549	604.280825545872	623.809336235082
B9J08_05058	1853.36729361464	1990.23141873422	1793.9239240883	1693.42585877698
B9J08_05057	392.193838583674	357.19240268926	390.612467341807	422.554653208082
B9J08_05056	74.4162668081843	74.7871593130637	70.1099300357089	54.5231810591074
B9J08_05055	785.393302394486	723.314615445751	743.387829584977	741.675624701093
B9J08_05054	6510.41772048899	6801.16659245518	6682.7004740386	7318.935245699
B9J08_05053	4553.47102847917	4562.01671809689	4619.46539013059	4558.29829883861
B9J08_05052	938.248336919405	993.441369979503	1021.60183766319	1002.26435770418
B9J08_05051	7366.20478878311	7234.26238071591	7625.28953340757	7605.98375774548
B9J08_05050	1.00562522713763	0	0	5.61268040314341
B9J08_05049	1026.74335690752	1004.60363256354	1040.5203902125	1108.10347387774
B9J08_05048	1637.15786978006	1511.37035387893	1602.51268653049	1625.2718824531
B9J08_05047	1.00562522713763	0	1.11285603231284	0.801811486163344
B9J08_05046	2161.08861311876	2217.94157544862	4645.06107887379	4915.1044101813
B9J08_05045	189.057542701874	195.339595220689	220.345494397942	233.327142473533
B9J08_05044	8.04500181710101	6.69735755042362	25.5956887431953	16.0362297232669
B9J08_05043	1196.69402029377	1141.89946234723	1283.1230052567	1384.7284366041
B9J08_05042	1519.49971820495	1478.99979238522	1418.89144119887	1460.90052778961
B9J08_05041	10.0562522713763	23.4407514264827	24.4828327108825	22.4507216125736
B9J08_05040	5973.4138491975	6034.31915293168	5700.04859750636	6079.33468809047
B9J08_05039	1936.83418746707	2246.96345816712	1866.25956618863	1791.24686008891
B9J08_05038	46.2587604483308	40.1841453025417	61.2070817772061	52.1177466006174
B9J08_05037	279.56381314426	245.569776848866	204.765509945562	211.678232347123
B9J08_05036	480.688858571785	445.374277103171	361.678210501673	398.500308623182
B9J08_05035	0	0	0	0
B9J08_05034	1.00562522713763	0	2.22571206462568	5.61268040314341
B9J08_05033	607.397637191126	613.924442122165	536.396607574788	623.809336235082
B9J08_05032	859.80956920267	809.264037342854	873.591985365579	886.001692210495
B9J08_05031	2501.99556511841	2518.20643895928	2775.46294458822	2907.36844882829
B9J08_05030	2185.22361857006	2215.70912293181	1887.40383080257	1882.65336951153
B9J08_05029	1945.88481451131	1909.86312812914	2107.74932520052	2157.67470926556
B9J08_05028	1333.45905118449	1308.21717484941	1190.75595457474	1284.50200083368
B9J08_05027	13883.6618858621	14115.7972637762	13567.9407459581	12763.2352367481
B9J08_05026	924.169583739478	1138.55078357202	1245.28590015807	1133.76144143497
B9J08_05025	325.822573592591	317.008257386718	329.4053855646	307.895610686724
B9J08_05024	1290.21716641757	1233.43001553635	1293.13870954752	1375.10669877013
B9J08_05023	5192.04304771156	5189.3358753199	5251.56761648429	5368.92971134975
B9J08_05022	2863.01502166082	2955.76713225362	3162.73684383309	3278.60716692191
B9J08_05021	2552.27682647529	2542.76341664417	2580.71313893347	2482.40836116171
B9J08_05020	8230.03685889433	8029.01547669951	7894.60069322728	7978.82609881144
B9J08_05019	304.704443822701	324.821841195545	322.728249370723	338.364447160931
B9J08_05018	1306.30717005178	1320.49566369186	1234.15733983494	1349.44873121291
B9J08_05017	559.12762628852	669.735755042362	589.813697125805	563.673474772831
B9J08_05016	671.757651727934	631.784062256628	745.613541649602	712.810411199213
B9J08_05015	615.442639008227	843.867051353376	882.494833624081	764.126346313667
B9J08_05014	322.805697911178	416.352394384668	782.337790715926	691.963312558966
B9J08_05013	1245.96965642352	1255.75454070443	1148.46742534685	1223.56432788526
B9J08_05012	403.255716082188	375.052022823723	373.919626857114	346.382562022565
B9J08_05011	431.413222442042	434.212014519131	406.192451794186	418.545595777266
B9J08_05010	665.723900365108	631.784062256628	578.685136802676	538.817318701767
B9J08_05009	2.01125045427525	3.34867877521181	1.11285603231284	5.61268040314341
B9J08_05008	205.147546336076	185.293558895053	271.536871884333	268.60684786472
B9J08_05007	687.847655362136	692.060280210441	865.801993139389	898.830675989109
B9J08_05006	1945.88481451131	1971.25557234135	2079.9279243927	1925.14937827819
B9J08_05005	1856.38416929606	1893.11973425308	1708.23400960021	1755.16534321156
B9J08_05004	4.0225009085505	1.11622625840394	1.11285603231284	0
B9J08_05003	83.466893852423	122.784888424433	91.2541946496528	87.3974519918045
B9J08_05002	11.0618774985139	14.5109413592512	32.2728249370723	17.6398526955936
B9J08_05001	1444.07782616963	1470.06998231798	1454.50283423288	1412.79183861981
B9J08_05000	1742.74851862951	1801.58918106395	1799.48820424986	1900.29322220713
B9J08_04999	2694.0699835017	2870.93393661492	2717.59443090795	2626.73442867111
B9J08_04998	0	0	0	0
B9J08_04997	56.315012719707	74.7871593130637	2489.45894428382	2892.13403059118
B9J08_04996	2148.01548516597	2269.2879833352	2567.35886654572	2662.0141340623
B9J08_04995	2139.97048334887	2322.86684373859	1897.41953509339	1847.37366412034
B9J08_04994	1416.92594503691	1445.5130046331	1753.86110692503	1612.44289867448
B9J08_04993	4738.50607027249	4870.09516541637	5059.04352289417	5198.14386479696
B9J08_04992	8750.95072655162	9021.34062042061	8761.51554239898	8265.07279937175
B9J08_04991	7314.91790219909	7494.34309892403	8150.55758065923	7994.8623285347
B9J08_04990	461.58197925617	477.744838596885	592.03940919043	495.519498448947
B9J08_04989	983.501472140598	985.627786170676	958.169043821354	1035.94044012304
B9J08_04988	4735.48919459108	5011.85590023367	4439.18271289591	4557.49648735245
B9J08_04987	1629.11286796295	1765.86994079503	1582.48127794886	1525.84725816884
B9J08_04986	7915.27616280025	8327.04788769336	8448.80299731907	8548.11225398741
B9J08_04985	5344.89808223648	5572.20148195245	5452.99455833291	5520.47208223462
B9J08_04984	21407.7498353058	20535.2144758572	21331.2244273725	21450.0608778418
B9J08_04983	5770.2775533157	6307.79458624064	5905.92696348424	5705.69053553836
B9J08_04982	1644.19724637002	1868.56275656819	1726.03970611721	1642.91173514869
B9J08_04981	2105.77922562619	2397.65400305166	1933.0309281274	1945.99647691844
B9J08_04980	1434.02157389825	1563.83298802391	1273.10730096589	1136.16687589346
B9J08_04979	13477.3892940985	13754.1399560533	12541.8874841657	12496.2320118557
B9J08_04978	21052.7641301262	23421.7755800898	17674.3795051925	16893.3662019755
B9J08_04977	1464.19033071238	1645.3175048874	2064.34793994032	1773.60700739332
B9J08_04976	15259.3571965863	14487.5006078247	15454.2317207284	16575.0470419686
B9J08_04975	757.235796034632	770.196118298716	696.647876227837	690.359689586639
B9J08_04974	911.096455786689	916.421758149632	845.770584557758	850.721986819308
B9J08_04973	2684.01373123032	2606.38831337319	2745.41583171577	2693.28478202267
B9J08_04972	0	6.69735755042362	1.11285603231284	2.40543445849003
B9J08_04971	19358.2856223993	18887.664518453	19716.4703244866	19642.7777880296
B9J08_04970	1412.90344412836	1497.97563877808	1541.30560475328	1440.05342914937
B9J08_04969	1373.68406027	1427.65338449863	1396.63432055261	1399.16104335504
B9J08_04968	1125.294629167	988.976464945888	1342.10437496928	1248.42048395633
B9J08_04967	1081.04711917295	1076.04211310139	1151.80599344379	1146.59042521358
B9J08_04966	963.388967597846	984.511559912272	1007.13470924312	1038.34587458153
B9J08_04965	755.224545580357	655.224813683111	736.710693391099	744.882870645747
B9J08_04964	1195.68839506664	1257.98699322124	1348.78151116316	1395.15198592422
B9J08_04963	1884.54167565591	2062.78612553047	1775.00537153898	1812.09395872916
B9J08_04962	2466.7986821686	2455.69776848866	2422.68758234505	2235.4504234234
B9J08_04961	1367.65030890717	1370.72584532003	1298.70298970908	1255.6367873318
B9J08_04960	836.680188978505	748.987819389041	807.933479459121	955.759291506706
B9J08_04959	914.113331468102	997.906275013119	884.720545688707	833.883945609878
B9J08_04958	113.635650666552	137.295829783684	697.76073226015	841.100248985348
B9J08_04957	3.01687568141288	0	0	1.60362297232669
B9J08_04956	2.01125045427525	6.69735755042362	1.11285603231284	2.40543445849003
B9J08_04955	2187.23486902434	2191.15214524693	2229.05063272262	2195.35984911524
B9J08_04954	18.1012540884773	7.81358380882755	17.8056965170054	17.6398526955936
B9J08_04953	2.01125045427525	1.11622625840394	1.11285603231284	1.60362297232669
B9J08_04952	1340.49842777446	1297.05491226537	1603.6255425628	1625.2718824531
B9J08_04951	3115.42695367237	3022.74070775786	3169.41398002697	3171.16442777603
B9J08_04950	411.300717899289	444.258050844767	429.562428472756	470.663342377883
B9J08_04949	8.04500181710101	7.81358380882755	27.821400807821	24.0543445849003
B9J08_04948	0	2.23245251680787	0	5.61268040314341
B9J08_04947	2.01125045427525	5.58113129201968	16.6928404846926	14.4326067509402
B9J08_04946	4931.58611388292	4900.23327439328	14553.9311905873	17178.0092795635
B9J08_04945	580.24575605841	588.251238178874	609.845105707436	585.322384899241
B9J08_04944	1222.84027619935	1244.59227812039	1220.80306744718	1371.89945282548
B9J08_04943	1622.07349137299	1678.80429263952	1771.66680344204	1787.23780265809
B9J08_04942	691.870156270687	584.902559403663	221.458350430255	268.60684786472
B9J08_04941	1056.91211372164	1062.64739800055	1056.10037466488	978.21001311928
B9J08_04940	851.764567385569	862.842897746243	841.319160428506	836.289380068368
B9J08_04939	3935.01151378953	3872.18889040325	3877.19041657793	3957.74149570227
B9J08_04938	442.475099940555	375.052022823723	426.223860375817	395.293062678529
B9J08_04937	17.0956288613396	18.9758463928669	13.3542723877541	15.2344182371035
B9J08_04936	1904.65418019866	1822.79747997363	2193.43923968861	2353.31671188941
B9J08_04935	1544.64034888339	1532.5786527886	1711.57257769715	1684.60593242919
B9J08_04934	24.135005451303	22.3245251680787	21.1442646139439	24.8561560710637
B9J08_04933	39.2193838583674	40.1841453025417	82.3513463911501	93.0101323949479
B9J08_04932	664.718275137971	678.665565109593	722.243564971033	815.442281428121
B9J08_04931	7.03937658996338	5.58113129201968	12.2414163554412	6.41449188930675
B9J08_04930	67.3768902182209	69.206028021044	30.0471128724467	37.6851398496772
B9J08_04929	2.01125045427525	3.34867877521181	7.78999222618987	8.81992634779678
B9J08_04928	6.03375136282576	5.58113129201968	10.0157042908156	8.81992634779678
B9J08_04927	290.625690642774	237.756193040038	383.935331147929	377.653209982935
B9J08_04926	5557.08500516252	7967.6230324873	475.189525797582	535.610072757114
B9J08_04925	27741.1775158185	33177.5930785402	5094.65491592818	3647.44045055705
B9J08_04924	15383.0490995243	14336.8100629402	16667.2447959494	16688.1024615177
B9J08_04923	2165.11111402731	2087.34310321536	2264.66202575663	2333.27142473533
B9J08_04922	738.128916719017	657.457266199918	760.080670069669	734.459321325623
B9J08_04921	516.89136674874	574.856523078027	495.220934379213	488.303195073477
B9J08_04920	302.693193368425	334.867877521181	420.659580214253	416.140161318776
B9J08_04919	4.0225009085505	4.46490503361574	8.90284825850271	6.41449188930675
B9J08_04918	6577.79461070721	6353.55986283521	6520.22349332092	7042.31028297265
B9J08_04917	6228.84265689046	6053.29499932455	6194.15667585326	5940.62130098422
B9J08_04916	1676.37725363842	1660.94467250506	1626.99551924137	1666.16426824743
B9J08_04915	3.01687568141288	6.69735755042362	28.9342568401338	24.0543445849003
B9J08_04914	108.607524530864	43.5328240777535	77.8999222618987	76.1720911855177
B9J08_04913	1058.92336417592	1024.69570521481	1121.75888057134	1171.44658128465
B9J08_04912	3925.96088674529	3817.49380374146	3607.87925675822	3850.29875655638
B9J08_04911	8961.12639902338	9055.94363443113	8131.63902810991	8487.97639252516
B9J08_04910	327.833824046866	313.659578611506	373.919626857114	409.725669429469
B9J08_04909	1552.68535070049	1486.81337619404	1758.31253105429	1660.55158784429
B9J08_04908	373.086959268059	365.005986498087	521.929479154722	509.952105199887
B9J08_04907	3290.40574319431	2988.13769374734	2992.46987088922	2831.99816912893
B9J08_04906	3112.41007799095	3057.34372176838	3098.19119395894	3027.64017175279
B9J08_04905	1873.4797981574	1796.00804977193	1795.03678012061	1856.19359046814
B9J08_04904	4430.78475076838	4317.56316750643	4160.96870481771	4668.94828392915
B9J08_04903	5418.30872381753	4318.67939376483	3882.7546967395	4221.53747465001
B9J08_04902	14501.1157753246	14535.4983369361	19315.8421528539	19513.6861387573
B9J08_04901	9508.18652258625	9386.3466069187	10351.786812574	10207.0602188594
B9J08_04900	44492.8825494771	43532.8240777535	37617.8724602709	39012.1378592775
B9J08_04899	4537.38102484497	4482.76465375021	4445.85984908979	4607.20879949458
B9J08_04898	2890.16690279354	2575.13397813788	2468.31467966988	2543.34603411013
B9J08_04897	1624.08474182727	1496.85941251968	1747.18397073116	1912.32039449958
B9J08_04896	6.03375136282576	5.58113129201968	5.5642801615642	10.4235493201235
B9J08_04895	480.688858571785	458.768992204018	485.205230088398	489.10500655964
B9J08_04894	121.680652483653	162.969033726975	203.65265391325	216.489101264103
B9J08_04893	834.668938524229	779.125928365948	905.864810302651	966.18284082683
B9J08_04892	4176.36156830256	4162.40771758828	4095.31019891125	4575.13634004804
B9J08_04891	1258.03715914917	1208.87303785146	1287.57442938595	1274.07845151355
B9J08_04890	220.23192474314	243.337324332058	164.7026927823	167.578600608139
B9J08_04889	41.2306343126427	41.3003715609456	4.45142412925136	7.2163033754701
B9J08_04888	1413.9090693555	1365.14471402801	1366.58720768017	1434.44074874622
B9J08_04887	4914.49048502158	4961.6257186055	5164.76484596389	5434.67825321515
B9J08_04886	5022.0923843253	4539.69219292881	5065.72065908804	5307.99203840134
B9J08_04885	1853.36729361464	1864.09785153457	1839.55102141312	1733.51643308515
B9J08_04884	4324.18847669179	4194.77827908199	4477.01981799455	4581.55083193735
B9J08_04883	14844.0339777785	14516.5224905432	15754.7028494529	16192.5829630687
B9J08_04882	0	0	0	0
B9J08_04881	0	0	0	0.801811486163344
B9J08_04880	1061.94023985733	1128.50474724638	1367.70006371248	1190.69005695257
B9J08_04879	255.428807692957	197.572047737497	164.7026927823	205.263740457816
B9J08_04878	2938.43691369614	3355.37613276223	2354.80336437397	2386.19098282211
B9J08_04877	485.716984707473	503.418042540175	529.719471380911	481.88870318417
B9J08_04876	3326.60825137127	3272.77538964034	3495.48079749463	3491.0872107552
B9J08_04875	121.680652483653	112.738852098798	102.382754972781	84.9920175333145
B9J08_04874	1239.93590506069	1279.19529213091	1160.70884170229	1221.15889342677
B9J08_04873	426.385096306353	467.698802271249	328.292529532288	384.869513358405
B9J08_04872	494.767611751712	534.672377775485	504.123782637716	498.7267443936
B9J08_04871	3191.85447093482	2941.25619089437	3294.053855646	3319.49955271624
B9J08_04870	2844.91376757234	2957.99958477043	2688.66017406782	2897.74671099433
B9J08_04869	5787.37318217704	5674.89429772561	6716.08615500798	6655.83714664192
B9J08_04868	17.0956288613396	8.92981006723149	16.6928404846926	16.0362297232669
B9J08_04867	69.3881406724962	59.1599916954086	23.3699766785696	25.657967557227
B9J08_04866	231.293802241654	128.366019716453	99.0441868758427	114.659042521358
B9J08_04865	43.2418847669179	22.3245251680787	40.0628171632622	40.0905743081672
B9J08_04864	47.2643856754684	51.3464078865811	63.4327938418318	86.5956405056412
B9J08_04863	1071.99649212871	915.305531891228	748.952109746541	859.541913167105
B9J08_04862	0	3.34867877521181	4.45142412925136	1.60362297232669
B9J08_04861	113.635650666552	122.784888424433	114.624171328222	126.686214813808
B9J08_04860	18.1012540884773	10.0460363256354	8.90284825850271	15.2344182371035
B9J08_04859	0	0	0	0
B9J08_04858	0	0	0	0
B9J08_04857	1.00562522713763	0	3.33856809693852	0.801811486163344
B9J08_04856	2.01125045427525	1.11622625840394	4.45142412925136	3.20724594465338
B9J08_04855	23.1293802241654	20.0920726512709	36.7242490663237	38.4869513358405
B9J08_04854	2.01125045427525	2.23245251680787	4.45142412925136	0
B9J08_04853	14.0787531799268	14.5109413592512	436.239564666633	525.988334923154
B9J08_04852	1261.05403483058	1420.95602694821	1287.57442938595	1407.17915821667
B9J08_04851	1779.9566520336	1774.79975086226	1766.10252328048	1725.49831822352
B9J08_04850	291.631315869912	284.637695893004	460.722397377515	478.681457239516
B9J08_04849	128.720029073616	139.528282300492	125.752731651351	123.478968869155
B9J08_04848	40.225009085505	21.2082989096748	86.8027705204015	85.7938290194778
B9J08_04847	24.135005451303	18.9758463928669	61.2070817772061	59.3340499760875
B9J08_04846	3339.68137932406	3053.99504299317	372.806770824801	367.229660662812
B9J08_04845	41.2306343126427	44.6490503361575	58.9813697125805	51.315935114454
B9J08_04844	14.0787531799268	15.6271676176551	27.821400807821	28.063402015717
B9J08_04843	407.278216990738	397.376547991801	470.738101668331	431.374579555879
B9J08_04842	87.4893947609735	83.7169693802952	85.6899144880886	81.7847715886611
B9J08_04841	623.487640825328	649.643682391091	696.647876227837	612.583975428795
B9J08_04840	3194.87134661624	3008.22976639861	3042.5483923433	2892.13403059118
B9J08_04839	3446.27765340064	3455.83649601859	3378.63091410178	3431.75316077911
B9J08_04838	4.0225009085505	0	1.11285603231284	2.40543445849003
B9J08_04837	153.860659752057	154.039223659743	170.266972943864	167.578600608139
B9J08_04836	686.842030134998	632.900288515032	757.854958005043	681.539763238842
B9J08_04835	2143.99298425742	2315.05325992976	2452.7346952175	2559.38226383339
B9J08_04834	2619.65371669352	2722.4758442472	2689.77303010013	2846.43077587987
B9J08_04833	1178.5927662053	1182.08360764977	1175.17597012236	1049.57123538782
B9J08_04832	1492.34783707224	1414.25866939779	2427.1390064743	2552.96777194409
B9J08_04831	780.365176258798	714.384805378519	728.92070116491	762.52272334134
B9J08_04830	1405.8640675384	1596.20354951763	1210.78736315637	1255.6367873318
B9J08_04829	720.02766263054	651.876134907899	665.487907323078	784.17163346775
B9J08_04828	1913.7048072429	1702.245044066	2044.31653135869	1959.62727218321
B9J08_04827	425.379471079216	444.258050844767	371.693914792488	381.662267413752
B9J08_04826	1661.29287523136	1631.92278978655	1981.99659354917	1864.21170532977
B9J08_04825	1908.67668110721	1941.11746336445	2075.47650026344	2234.64861193724
B9J08_04824	1294.23966732612	1287.00887593974	1397.74717658493	1399.9628548412
B9J08_04823	1191.66589415809	1164.22398751531	468.512389603705	505.141236282907
B9J08_04822	872.882697155459	959.954582227385	816.836327717624	842.703871957675
B9J08_04821	2733.28936736007	2694.5701877871	2942.39134943515	3040.4691555314
B9J08_04820	761.258296943183	706.571221569692	723.356421003345	740.87381321493
B9J08_04819	400.238840400775	439.793145811151	396.176747503371	430.572768069716
B9J08_04818	883.944574653973	866.191576521455	863.576281074763	910.857848281559
B9J08_04817	614.437013781089	533.556151517082	732.259269261848	673.521648377209
B9J08_04816	6262.028289386	6251.98327332045	6057.27538387878	5985.52274420936
B9J08_04815	1336.4759268659	1209.98926410987	918.106226658092	1023.91326783059
B9J08_04814	2074.60484358492	2414.39739692771	1640.34979162912	1655.74071892731
B9J08_04813	1291.22279164471	1358.44735647759	1361.0229275186	1484.15306088835
B9J08_04812	2348.13490536636	2369.74834659156	2353.69050834165	2302.80258826112
B9J08_04811	2385.34303877045	2320.63439122178	2438.26756679743	2484.8137956202
B9J08_04810	1831.24353861762	1902.04954432031	1974.20660132298	1909.91496004109
B9J08_04809	1306.30717005178	1259.10321947964	1303.15441383833	1266.86214813808
B9J08_04808	942.270837827955	992.325143721099	1081.69606340808	1084.04912929284
B9J08_04807	3713.77396381925	3570.80780063419	3309.63384009838	3367.60824188604
B9J08_04806	2661.8899762333	2574.01775187948	2405.99474186036	2429.48880307493
B9J08_04805	1352.56593050011	1329.42547375909	1425.56857739275	1396.75560889655
B9J08_04804	1026.74335690752	942.094962092922	950.379051595165	972.597332716136
B9J08_04803	11382.6719459708	11026.0829805141	11444.6114363052	11574.1488027679
B9J08_04802	9.05062704423863	10.0460363256354	15.5799844523797	27.2615905295537
B9J08_04801	2.01125045427525	1.11622625840394	5.5642801615642	7.2163033754701
B9J08_04800	751.202044671807	759.033855714677	200.314085816311	214.885478291776
B9J08_04799	2054.49233904217	2105.20272334982	738.936405455725	651.872738250799
B9J08_04798	87.4893947609735	93.7630057059307	133.542723877541	111.451796576705
B9J08_04797	2830.83501439242	3194.63955155207	2771.01152045897	2596.26559219691
B9J08_04796	1457.15095412242	1608.48203836007	1716.0240018264	1657.34434189963
B9J08_04795	4798.84358390075	4688.15028529653	4785.28093894521	4712.24610418197
B9J08_04794	4871.24860025466	5012.97212649208	4564.93544454727	4656.9211116367
B9J08_04793	479.683233344648	421.933525676688	302.696840789092	274.219528267864
B9J08_04792	519.908242430153	481.093517372097	600.942257448933	552.448113966544
B9J08_04791	195.091294064699	194.223368962285	156.91270055611	182.011207359079
B9J08_04790	241.35005451303	284.637695893004	62.319937809519	43.2978202528206
B9J08_04789	1685.42788068266	1541.50846285584	1672.6226165662	1801.67040940903
B9J08_04788	2.01125045427525	1.11622625840394	1.11285603231284	0.801811486163344
B9J08_04787	259.451308601507	231.058835489615	292.681136498277	257.381487058433
B9J08_04786	3863.61212266276	3537.32101288207	3828.22475115617	4005.0483733859
B9J08_04785	66.3712649910833	63.6248967290244	45.6270973248264	26.4597790433904
B9J08_04784	2024.32358222804	1878.60879289382	1980.88373751685	1850.580910065
B9J08_04783	316.771946548352	280.172790859388	308.261120950656	330.346332299298
B9J08_04782	1357.59405663579	1333.8903787927	1433.35856961894	1404.77372375818
B9J08_04781	9169.29082104087	9559.36167697131	9688.52461731558	9292.19331314699
B9J08_04780	3176.77009252776	3014.92712394903	3009.16271137392	3198.42601830558
B9J08_04779	243.361304967305	285.753922151408	253.731175367327	225.3090276119
B9J08_04778	6296.21954710868	6077.85197700943	6792.87322123757	6729.60380336895
B9J08_04777	1495.36471275365	1573.87902434955	1458.95425836213	1361.47590350536
B9J08_04776	1221.83465097222	1150.82927241446	1327.63724654922	1349.44873121291
B9J08_04775	406.272591763601	387.330511666166	402.853883697248	363.220603231995
B9J08_04774	2963.57754437458	2991.48637252255	3149.38257144533	3076.55067240875
B9J08_04773	1069.98524167443	1036.97419405726	1132.88744089447	1051.97666984631
B9J08_04772	353.980079952444	356.076176430856	339.421089855416	348.787996481055
B9J08_04771	1584.8653579689	1477.88356612681	1564.67558143185	1541.88348789211
B9J08_04770	1393.79656481275	1395.28282300492	1482.3242350407	1375.9085102563
B9J08_04769	586.279507421236	556.996902943564	674.39075558158	647.061869333819
B9J08_04768	2859.99814597941	2875.39884164854	2710.91729471408	2694.08659350884
B9J08_04767	726.061413993366	715.501031636923	686.632171937022	756.910042938197
B9J08_04766	1111.21587598708	1124.03984221276	1230.818771738	1169.04114682616
B9J08_04765	1030.76585781607	1078.2745656182	1081.69606340808	1140.97774481044
B9J08_04764	323.811323138316	317.008257386718	332.743953661539	392.085816733875
B9J08_04763	374.092584495197	361.657307722875	647.682210806072	626.214770693572
B9J08_04762	1509.44346593358	1514.71903265414	1403.31145674649	1440.85524063553
B9J08_04761	804.500181710101	847.215730128588	794.579207071367	820.253150345101
B9J08_04760	1766.88352408081	1691.08278148196	1643.68835972606	1742.33635943295
B9J08_04759	570.189503787034	521.277662674638	533.05803947785	594.142311247038
B9J08_04758	148.832533616369	171.898843794206	535.283751542476	391.284005247712
B9J08_04757	23727.7272343123	26771.57058156	5599.89155459821	5345.67717825101
B9J08_04756	767.292048306009	747.871593130637	842.432016460819	849.118363846981
B9J08_04755	18053.9897028018	19042.8199683712	19060.9981214543	18908.318466704
B9J08_04754	513.874491067327	521.277662674638	655.472203032262	635.034697041368
B9J08_04753	344.929452908206	363.889760239683	242.602615044199	393.689439706202
B9J08_04752	153.860659752057	162.969033726975	198.088373751685	142.722444537075
B9J08_04751	1304.2959195975	1305.98472233261	1362.13578355091	1363.88133796385
B9J08_04750	49.2756361297437	59.1599916954086	154.686988491485	153.947805343362
B9J08_04749	624.493266052466	583.786333145259	620.973666030564	672.719836891046
B9J08_04748	643.600145368081	717.733484153731	730.033557197222	750.49555104889
B9J08_04747	1256.02590869489	1566.06544054072	11.1285603231284	11.2253608062868
B9J08_04746	4958.73799501563	5871.35011920471	1137.33886502372	1240.40236909469
B9J08_04745	1132.33400575697	1120.69116343755	1175.17597012236	1346.24148526825
B9J08_04744	2047.45296245221	1924.37406948839	1970.86803322604	1955.6182147524
B9J08_04743	2342.10115400353	2371.98079910836	2290.25771449982	2224.22506261712
B9J08_04742	82.4612686252853	81.4845168634873	84.5770584557758	70.5594107823743
B9J08_04741	3919.92713538247	3926.88397706505	4959.99933601832	5026.556206758
B9J08_04740	833.663313297092	888.516101689533	954.830475724416	944.533930700419
B9J08_04739	5.02812613568813	3.34867877521181	4.45142412925136	5.61268040314341
B9J08_04738	417.334469262115	383.981832890954	490.769510249962	548.439056535727
B9J08_04737	6.03375136282576	8.92981006723149	3.33856809693852	0.801811486163344
B9J08_04736	869.865821474046	901.910816790381	1091.7117676989	1153.00491710289
B9J08_04735	19856.0701098324	22908.311501224	7580.77529211506	6762.47807430164
B9J08_04734	7292.79414720206	8247.79582334669	5256.01904061354	5341.6681208202
B9J08_04733	3636.34082132966	3470.34743737784	3811.53191067147	4055.56249701419
B9J08_04732	176.990039976222	204.26940528792	193.636949622434	207.669174916306
B9J08_04731	3528.73892202593	3741.59041816999	3117.10974650826	3411.70787362503
B9J08_04730	79.4443929438724	83.7169693802952	74.5613541649602	89.8028864502945
B9J08_04729	11307.2500539355	12896.8781895991	10903.7634046012	10040.2834297374
B9J08_04728	1459.1622045767	1504.67299632851	1487.88851520227	1593.19942300656
B9J08_04727	2268.69051242248	2153.20045246119	2392.6404694726	2505.66089426045
B9J08_04726	2630.71559419203	2615.31812344042	1895.19382302876	2049.43015863351
B9J08_04725	28.1575063598535	44.6490503361575	54.5299455833291	45.7032547113106
B9J08_04724	3597.12143747129	3844.28323394316	3557.80073530415	3596.1245154426
B9J08_04723	881.933324199698	851.680635162203	810.159191523747	870.767273973392
B9J08_04722	3323.59137568985	3261.6131270563	3243.97533419193	3550.42126073129
B9J08_04721	69325.7919084137	65971.2043241894	57817.3223027812	58512.19320277
B9J08_04720	550.076999244281	545.834640359525	485.205230088398	491.51044101813
B9J08_04719	1940.85668837562	1657.59599372985	1596.94840636892	1528.25269262733
B9J08_04718	479.683233344648	524.62634144985	537.509463607101	485.095949128823
B9J08_04717	988.529598276286	953.257224676962	981.539020499924	1023.11145634443
B9J08_04716	640.583269686668	707.687447828096	671.052187484642	671.116213918719
B9J08_04715	8.04500181710101	6.69735755042362	6.67713619387703	8.01811486163344
B9J08_04714	4417.71162281559	4444.81296096447	4755.23382607276	4678.57002176311
B9J08_04713	5469.59561040155	5534.24978916672	5670.00148463392	5478.77788495413
B9J08_04712	415.32321880784	508.999173832195	416.208156085002	392.085816733875
B9J08_04711	888.972700789661	920.886663183247	920.331938722718	982.219070550096
B9J08_04710	933.220210783717	1042.55532534928	840.206304396193	815.442281428121
B9J08_04709	7967.56867461141	8492.24937393715	7159.00285586849	7808.04025225864
B9J08_04708	1000.59710100194	1245.70850437879	673.277899549268	683.945197697332
B9J08_04707	4317.14910010183	3957.02208604195	4194.35438578709	4244.79000774874
B9J08_04706	698.90953286065	732.244425512982	768.983518328172	760.11728888285
B9J08_04705	938.248336919405	887.399875431129	873.591985365579	813.036846969631
B9J08_04704	6615.0027441113	6783.30697232072	6814.01748585151	6821.81212427773
B9J08_04703	570.189503787034	637.365193548648	575.346568705738	516.366597089194
B9J08_04702	8116.40120822778	7874.97625303977	8220.66751069494	7994.06051704854
B9J08_04701	275.541312235709	250.034681882482	261.521167593517	298.273872852764
B9J08_04700	5075.3905213636	4816.51630501298	5055.70495479723	4794.03087577063
B9J08_04699	483.705734253198	523.510115191446	505.236638670029	509.150293713723
B9J08_04698	4223.62595397803	4698.19632162217	3108.20689824976	2996.36952379242
B9J08_04697	30941.0769885705	30499.7662846292	28010.5863333142	28081.0418684126
B9J08_04696	961.37771714357	995.673822496311	942.589059368975	982.219070550096
B9J08_04695	620.470765143915	620.621799672589	760.080670069669	631.827451096715
B9J08_04694	2789.60438007977	2799.49545607707	2617.4373879998	2849.63802182452
B9J08_04693	823.607061025716	840.518372578164	835.754880266942	769.73902671681
B9J08_04692	585.273882194098	591.599916954086	681.067891775457	649.467303792309
B9J08_04691	2064.54859131355	2068.36725682249	2177.85925523623	2156.07108629323
B9J08_04690	1654.25349864139	1616.2956221689	1719.36256992334	1746.34541686376
B9J08_04689	2458.7536803515	2524.9037965097	2924.58565291814	3066.92893457479
B9J08_04688	5141.76178635468	5092.22419083876	5481.92881517305	5163.66597089194
B9J08_04687	1458.15657934956	1590.62241822561	1798.37534821755	1621.26282502228
B9J08_04686	2262.65676105966	2289.38005598647	2101.07218900664	2054.24102755049
B9J08_04685	1263.06528528486	1271.38170832208	790.127782942116	783.369821981587
B9J08_04684	0	0	0	0
B9J08_04683	1771.9116502165	2024.83443274474	1926.35379193352	1861.00445938512
B9J08_04682	1869.45729724885	1899.8170918035	1532.40275649478	1447.26973252484
B9J08_04681	720.02766263054	752.336498164253	712.227860680217	745.68468213191
B9J08_04680	694.8870319521	690.944053952037	697.76073226015	776.95533009228
B9J08_04679	3967.19152105793	3936.93001339068	4179.88725736702	3959.34511867459
B9J08_04678	3816.34773698729	3796.28550483179	3751.43768492658	3763.70311605074
B9J08_04677	5157.85178998888	5631.36147364786	5810.22134470533	5422.6510809227
B9J08_04676	3602.14956360698	3532.85610784846	3370.84092187559	3298.652454076
B9J08_04675	3243.14135751884	3218.08030297855	3488.80366130075	3416.51874254201
B9J08_04674	18.1012540884773	16.743393876059	32.2728249370723	16.8380412094302
B9J08_04673	115.646901120827	117.203757132413	67.8842179710832	89.0010749641312
B9J08_04672	2784.57625394409	2949.0697747032	3118.22260254057	3139.89377981566
B9J08_04671	1455.13970366814	1636.38769482017	1367.70006371248	1402.36828929969
B9J08_04670	960.372091916433	1052.60136167491	906.977666334964	950.146611103563
B9J08_04669	7332.01353106043	7929.67133970156	5884.78269887029	5935.00862058107
B9J08_04668	895.006452152487	1048.1364566413	869.140561236327	829.874888179061
B9J08_04667	3661.4814520081	3935.81378713228	3742.53483666808	3617.77342556901
B9J08_04666	3570.97518156571	3606.52704090312	3474.33653288068	3485.47453035206
B9J08_04665	4799.84920912789	5168.12757641022	5259.35760871048	5095.51199456805
B9J08_04664	1184.62651756812	1217.80284791869	1109.5174642159	1047.16580092933
B9J08_04663	2475.84930921284	2649.92113745094	2158.94070268691	2213.80151329699
B9J08_04662	19418.6231360276	20814.2710404582	24717.6453337005	24161.7873240462
B9J08_04661	4407.65537054421	4653.54727128601	4120.90588765444	4115.69835847644
B9J08_04660	7084.62972518457	7627.1740236741	6555.83488635493	6357.56327378915
B9J08_04659	44158.0093488403	41525.8492651432	33393.4709616114	33111.6071326015
B9J08_04658	112.630025439414	143.993187334108	66.7713619387703	87.3974519918045
B9J08_04657	1178.5927662053	1303.7522698158	1180.74025028392	1143.38317926893
B9J08_04656	10629.4586508447	11076.3131621423	10973.8733346369	10575.8935024945
B9J08_04655	1449.10595230532	1631.92278978655	1585.8198460458	1548.29797978142
B9J08_04654	1155.46338598113	1173.15379758254	1240.83447602882	1166.63571236767
B9J08_04653	2196.28549606857	2413.28117066931	2142.24786220222	2078.29537213539
B9J08_04652	1041.82773531458	1073.80966058459	987.103300661488	934.912192866459
B9J08_04651	2178.1842419801	2311.70458115455	2241.29204907806	2050.23197011967
B9J08_04650	505.829489250226	574.856523078027	894.736249979523	794.595182787874
B9J08_04649	6211.74702802912	6185.00969781621	5572.07015379039	5576.59888626606
B9J08_04648	972.439594642084	914.189305632824	988.216156693801	1001.46254621802
B9J08_04647	11424.9082055106	11951.4345487309	10354.0125246387	10444.3964187637
B9J08_04646	1120.26650303132	1129.62097350478	1292.02585351521	1282.89837786135
B9J08_04645	6123.252008041	6310.02703875745	5770.15852754207	5530.09382006858
B9J08_04644	1895.60355315442	1859.63294650096	1915.2252316104	1864.21170532977
B9J08_04643	3069.16819322403	3176.7799314176	3191.67110067322	2825.58367723962
B9J08_04642	1745.76539431092	1833.95974255767	1907.43523938421	1834.54468034173
B9J08_04641	605.386386736851	564.810486752392	664.375051290765	547.637245049564
B9J08_04640	11.0618774985139	5.58113129201968	5.5642801615642	10.4235493201235
B9J08_04639	568.178253332759	543.602187842717	504.123782637716	470.663342377883
B9J08_04638	1178.5927662053	1116.22625840394	1103.95318405434	1269.26758259657
B9J08_04637	825.618311479991	889.632327947937	814.610615652998	739.270190242603
B9J08_04636	35.1968829498169	40.1841453025417	62.319937809519	71.3612222685376
B9J08_04635	5042.20488886806	5009.62344771687	5524.21734440093	5194.13480736614
B9J08_04634	574.212004695584	593.832369470894	598.716545384307	663.098099057086
B9J08_04633	736.117666264742	763.498760748292	737.823549423412	743.27924767342
B9J08_04632	1247.98090687779	1299.28736478218	1630.33408733831	1468.91864265125
B9J08_04631	8288.36312206831	8369.46448551271	6078.41964849273	5566.17533694593
B9J08_04630	2227.45987810984	2274.86911462722	2204.56780001173	2196.1616606014
B9J08_04629	1010.65335327331	992.325143721099	1011.58613337237	1057.58935024945
B9J08_04628	1209.76714824656	1202.17568030104	1293.13870954752	1152.20310561673
B9J08_04627	3629.30144473969	3593.13232580227	3565.59072753034	3498.30351413067
B9J08_04626	316.771946548352	248.918455624078	206.991222010188	232.52533098737
B9J08_04625	619.465139916778	615.040668380569	629.876514289067	610.178540970305
B9J08_04624	1591.90473455886	1750.24277317737	1596.94840636892	1549.90160275374
B9J08_04623	38.2137586312298	31.2543352353102	21.1442646139439	36.0815168773505
B9J08_04622	817.57330966289	810.380263601258	782.337790715926	773.748084147627
B9J08_04621	1182.61526711385	1230.08133676114	1092.82462373121	1084.850940779
B9J08_04620	3266.27073774301	3275.00784215715	3267.3453108705	3400.48251281874
B9J08_04619	2541.21494897678	2528.25247528492	2599.63169148279	2568.20219018119
B9J08_04618	754.218920353219	723.314615445751	918.106226658092	915.668717198539
B9J08_04617	1215.80089960939	1556.01940421509	1437.80999374819	1449.67516698333
B9J08_04616	4628.89292051449	4914.74421575253	5000.06215318159	4777.99464604737
B9J08_04615	165.928162477708	140.644508558896	317.163969209159	345.580750536401
B9J08_04614	2951.51004164893	2873.16638913173	2691.99874216476	2621.12174826797
B9J08_04613	2240.53300606263	2020.36952771112	2358.14193247091	2200.97252951838
B9J08_04612	5206.12180089149	5401.41886441665	4399.11989573265	4467.69360090215
B9J08_04611	916.124581922377	907.4919480824	858.012000913199	855.532855736288
B9J08_04610	4037.58528695757	4008.36849392853	4201.03152198097	4138.95089157518
B9J08_04609	2426.57367308309	2152.08422620279	1817.29390076687	1872.22982019141
B9J08_04608	818.578934890028	895.213459239957	873.591985365579	896.425241530619
B9J08_04607	3358.78825863967	3406.72254064881	3860.49757609324	4011.46286527521
B9J08_04606	1577.82598137894	1675.45561386431	1529.06418839784	1561.92877504619
B9J08_04605	2382.32616308904	2430.02456454537	2739.85155155421	2622.7253712403
B9J08_04604	1185.63214279526	1262.45189825485	1220.80306744718	1173.05020425697
B9J08_04603	1115.23837689563	1126.27229472957	1043.85895830944	1040.75130904002
B9J08_04602	1419.94282071833	1401.98018055534	1651.47835195225	1498.58566763929
B9J08_04601	2802.67750803256	2896.60714055821	2939.05278133821	2942.64815421947
B9J08_04600	135.759405663579	165.201486243783	102.382754972781	123.478968869155
B9J08_04599	9446.84338373086	9439.92546732209	8774.86981478674	9004.34298961435
B9J08_04598	492.756361297437	483.325969888904	405.079595761873	434.581825500532
B9J08_04597	4046.63591400181	4336.53901389929	3956.20319487214	3952.93062678529
B9J08_04596	16.090003634202	31.2543352353102	53.4170895510163	69.7575992962109
B9J08_04595	8564.91005953116	8629.54520372083	8818.27120004694	9332.28388745516
B9J08_04594	782.376426713073	852.796861420607	716.679284809468	640.647377444512
B9J08_04593	6.03375136282576	8.92981006723149	13.3542723877541	20.0452871540836
B9J08_04592	7172.11911994555	7256.58690588399	8065.98052220346	8391.75901418556
B9J08_04591	1527.54472002205	1533.69487904701	1586.93270207811	1500.99110209778
B9J08_04590	328.839449274004	309.19467357789	328.292529532288	300.679307311254
B9J08_04589	3454.32265521774	3530.62365533165	3406.4523149096	3777.33391131551
B9J08_04588	9.05062704423863	13.3947151008472	25.5956887431953	14.4326067509402
B9J08_04587	331.856324955417	281.289017117792	377.258194954052	355.202488370361
B9J08_04586	2146.00423471169	2083.99442444015	2190.10067159167	2228.23412004793
B9J08_04585	2247.57238265259	1841.77332636649	2190.10067159167	2222.62143964479
B9J08_04584	1883.53605042877	1766.98616705343	1877.38812651176	1913.9240174719
B9J08_04583	1802.08040703063	1760.28880950301	1806.16534044374	1973.25806744799
B9J08_04582	1841.29979088899	1789.31069222151	1990.89944180767	2221.01781667246
B9J08_04581	837.685814205642	862.842897746243	929.234786981221	849.920175333145
B9J08_04580	1519.49971820495	1455.55904095873	1495.67850742846	1569.14507842166
B9J08_04579	1039.81648486031	1022.46325269801	1040.5203902125	1017.49877594128
B9J08_04578	2854.97001984372	2927.86147579352	2580.71313893347	2567.40037869503
B9J08_04577	11402.7844505135	11189.0520142411	12189.1121219225	11993.4962100313
B9J08_04576	459.570728801895	418.584846901476	372.806770824801	436.987259959022
B9J08_04575	758.24142126177	779.125928365948	825.739175976127	798.604240218691
B9J08_04574	36.2025081769545	54.6950866617929	57.8685136802676	36.8833283635138
B9J08_04573	2.01125045427525	1.11622625840394	0	1.60362297232669
B9J08_04572	459.570728801895	449.839182136786	362.791066533986	392.085816733875
B9J08_04571	3702.71208632074	3756.10135952925	4021.8617007786	3911.23642950479
B9J08_04570	4539.39227529924	4470.48616490776	4791.95807513908	5115.55728172213
B9J08_04569	664.718275137971	700.990090277672	669.939331452329	707.999542282233
B9J08_04568	1918.73293337859	1877.49256663542	1865.14671015632	1990.89792014358
B9J08_04567	3949.09026696946	4095.43414208404	4278.93144424287	4579.14539747886
B9J08_04566	4039.59653741184	4354.39863403376	3433.16085968511	3701.16182013
B9J08_04565	603.375136282576	549.183319134737	787.90207087749	728.044829436316
B9J08_04564	4182.39531966539	3997.2062313445	3654.61921011536	3509.52887493696
B9J08_04563	3861.60087220848	3935.81378713228	3710.26201173101	3526.36691614639
B9J08_04562	319.788822229765	305.845994802679	313.825401112221	384.869513358405
B9J08_04561	330.850699728279	311.427126094698	361.678210501673	403.311177540162
B9J08_04560	16435.9387123374	15820.274760359	17892.4992875258	18670.9822667996
B9J08_04559	345.935078135343	361.657307722875	516.365198993157	538.817318701767
B9J08_04558	719.022037403403	673.084433817574	721.13070893872	703.990484851416
B9J08_04557	585.273882194098	581.553880628451	585.362272996553	648.665492306145
B9J08_04556	5.02812613568813	5.58113129201968	10.0157042908156	8.81992634779678
B9J08_04555	581.251381285548	552.531997909948	585.362272996553	602.160426108671
B9J08_04554	7199.27100107826	6928.41638591323	7670.9166307324	7579.52397870209
B9J08_04553	1642.18599591574	1626.34165849454	1653.70406401688	1638.90267771788
B9J08_04552	1506.42659025216	1550.43827292307	1525.7256203009	1561.92877504619
B9J08_04551	870.871446701184	773.544797073928	930.347643013533	936.515815838786
B9J08_04550	3955.12401833228	4257.28694955261	4764.13667433126	4681.77726770777
B9J08_04549	7936.39429257014	7595.91968843879	8792.67551130374	9426.09583133627
B9J08_04548	414.317593580702	449.839182136786	411.75673195575	386.473136330732
B9J08_04547	791.427053757312	671.96820755917	682.18074780777	617.394844345775
B9J08_04546	6504.38396912616	6682.84660906437	5960.45690906757	5943.82854692887
B9J08_04545	1470.22408207521	1474.5348873516	1493.45279536383	1521.03638925186
B9J08_04544	2994.75192641585	3056.22749550998	3187.21967654397	3159.93906696974
B9J08_04543	36.2025081769545	45.7652765945614	67.8842179710832	52.1177466006174
B9J08_04542	1643.19162114288	1734.61560555972	2113.31360536208	2173.71093898883
B9J08_04541	2.01125045427525	0	2.22571206462568	1.60362297232669
B9J08_04540	2172.15049061727	2240.2661006167	2107.74932520052	2030.18668296559
B9J08_04539	1345.52655391014	1297.05491226537	919.219082690405	993.444431356383
B9J08_04538	221391.41063003	214819.975882354	219683.345058716	227928.545737195
B9J08_04537	1391.78531435847	1428.76961075704	1457.84140232982	1465.71139670659
B9J08_04536	148694.762960251	154503.573783239	158676.577367326	159583.738279604
B9J08_04535	1657.27037432281	1582.80883441678	1766.10252328048	2014.95226472848
B9J08_04534	1353.57155572724	1332.7741525343	1517.93562807471	1517.02733182105
B9J08_04533	47921.0589487893	47987.6830750436	42314.1249166311	41517.798753538
B9J08_04532	164.922537250571	137.295829783684	172.49268500849	155.551428315689
B9J08_04531	1754.81602135516	1820.56502745682	2706.46587058482	2961.89162988739
B9J08_04530	4235.69345670368	4097.66659460085	4211.04722627178	4353.03455838079
B9J08_04529	1437.03844957967	1427.65338449863	1323.18582241997	1351.8541656714
B9J08_04528	1404.85844231126	1375.19075035365	1324.29867845228	1297.33098461229
B9J08_04527	265.485059964333	279.056564600984	309.373976982969	283.03945461566
B9J08_04526	456.553853120482	453.187860911998	302.696840789092	327.940897840808
B9J08_04525	2835.8631405281	2565.08794181225	2930.14993307971	3064.5235001163
B9J08_04524	1559.72472729046	1438.81564708267	1578.02985381961	1454.48603590031
B9J08_04523	1055.90648849451	1119.57493717915	1254.18874841657	1203.51904073118
B9J08_04522	7.03937658996338	4.46490503361574	12.2414163554412	11.2253608062868
B9J08_04521	34.1912577226793	25.6732039432905	109.059891166658	105.037304687398
B9J08_04520	41036.5486438051	42597.426473211	35376.5804111928	35551.5194849965
B9J08_04519	7.03937658996338	6.69735755042362	10.0157042908156	12.0271722924502
B9J08_04518	665.723900365108	714.384805378519	722.243564971033	686.350632155822
B9J08_04517	751.202044671807	722.198389187347	905.864810302651	865.154593570248
B9J08_04516	2329.02802605074	2168.82762007885	2193.43923968861	2310.01889163659
B9J08_04515	943.276463055093	903.027043048784	987.103300661488	1002.26435770418
B9J08_04514	1161.49713734396	1285.89264968133	1306.49298193527	1104.09441644692
B9J08_04513	12067.5027256515	12008.3620879095	11167.5102842593	11241.3970360101
B9J08_04512	120.675027256515	104.92526828997	244.828327108825	288.652135018804
B9J08_04511	730.083914901916	832.704788769336	861.350569010137	913.263282740049
B9J08_04510	358.002580860995	368.354665273299	489.656654217649	434.581825500532
B9J08_04509	10227.2085599897	10060.5472669947	10179.2941275655	10292.0522363927
B9J08_04508	1147.41838416403	1182.08360764977	1131.77458486216	1311.76359136323
B9J08_04507	852.770192612707	791.404417208391	1052.76180656795	1037.54406309537
B9J08_04506	85.4781443066982	90.4143269307188	166.928404846926	149.136936426382
B9J08_04505	1.00562522713763	3.34867877521181	3.33856809693852	1.60362297232669
B9J08_04504	112.630025439414	127.249793458049	126.865587683664	145.127878995565
B9J08_04503	8910.8451376665	10859.7652680119	378.371050986365	372.842341065955
B9J08_04502	1308.31842050605	1263.56812451326	1314.28297416146	1412.79183861981
B9J08_04501	2177.17861675296	2144.27064239396	2156.71499062228	2141.63847954229
B9J08_04500	2978.66192278165	3030.55429156669	3191.67110067322	3277.80535543575
B9J08_04499	3208.95009979616	3359.84103779585	3575.60643182115	3762.90130456457
B9J08_04498	240.344429285893	239.988645556846	281.552576175148	302.282930283581
B9J08_04497	279.56381314426	276.824112084176	517.47805502547	501.13217885209
B9J08_04496	31.1743820412664	45.7652765945614	92.3670506819656	101.028247256581
B9J08_04495	27.1518811327159	32.3705614937141	8.90284825850271	16.8380412094302
B9J08_04494	316.771946548352	365.005986498087	330.518241596913	259.786921516923
B9J08_04493	156.87753543347	166.317712502187	718.904996874094	823.460396289754
B9J08_04492	64.3600145368081	44.6490503361575	46.7399533571392	51.315935114454
B9J08_04491	1661.29287523136	1755.82390446939	1897.41953509339	1780.02149928262
B9J08_04490	101.5681479409	107.157720806778	101.269898940468	99.4246242842547
B9J08_04489	13844.4425020037	14011.9882217446	14563.9468948781	14954.5860284325
B9J08_04488	8521.66817476424	8572.61766454223	8858.3340172102	8945.00893963827
B9J08_04487	1699.50663386259	1592.85487074242	1504.58135568696	1456.08965887263
B9J08_04486	579.240130831272	652.992361166303	656.585059064575	647.061869333819
B9J08_04485	966.405843279259	1004.60363256354	1066.1160789557	1005.47160364883
B9J08_04484	9.05062704423863	23.4407514264827	28.9342568401338	28.063402015717
B9J08_04483	261.462559055783	280.172790859388	214.781214236378	245.354314765983
B9J08_04482	2514.06306784406	2495.8819137912	2536.19889764096	2437.50691793657
B9J08_04481	83.466893852423	102.692815773162	80.1256343265244	95.4155668534379
B9J08_04480	666.729525592246	725.547067962559	579.797992834989	629.422016638225
B9J08_04479	2193.26862038716	2254.77704197595	2371.49620485866	2330.06417879068
B9J08_04478	590.302008329786	641.830098582263	613.183673804374	590.133253816221
B9J08_04477	1757.83289703657	1830.61106378246	2005.36657022774	1849.77909857883
B9J08_04476	1157.47463643541	1194.36209649221	1096.16319182815	1128.95057251799
B9J08_04475	2181.20111766151	2213.47667041501	2259.09774559506	2233.04498896491
B9J08_04474	137.770656117855	107.157720806778	196.975517719373	178.002149928262
B9J08_04473	171.961913840534	190.874690187073	160.251268653049	152.344182371035
B9J08_04472	210.175672471764	248.918455624078	30.0471128724467	29.6670249880437
B9J08_04471	3671.53770427947	4112.1775359601	3511.06078194701	3135.08291089867
B9J08_04470	3182.80384389059	3386.63046799754	2828.88003413924	2767.85325023586
B9J08_04469	7436.59855468274	6996.50618767587	7021.0087078617	7191.44721939903
B9J08_04468	6348.51205891983	6887.11601435229	4956.66076792138	5268.70327557933
B9J08_04467	1143.39588325548	1151.94549867286	1052.76180656795	1108.9052853639
B9J08_04466	652.650772412319	735.593104288194	756.742101972731	819.451338858938
B9J08_04465	2894.18940370209	2934.55883334395	2525.07033731783	2558.58045234723
B9J08_04464	1818.17041066483	1979.06915615018	1769.44109137741	1792.85048306124
B9J08_04463	10005.9710100194	9486.80697017505	10012.3657227186	10687.3452990712
B9J08_04462	4039.59653741184	3963.71944359238	3672.42490663237	3596.92632692876
B9J08_04461	3731.87521790773	3326.35425004373	3818.20904686535	3875.15491262744
B9J08_04460	3513.65454361886	3347.5625489534	2917.90851672426	3139.09196832949
B9J08_04459	14836.9946011885	15006.5458179825	13642.5021001231	13360.5847939398
B9J08_04458	12228.4027619935	12054.1273645041	12328.2191259616	12165.8856795564
B9J08_04457	392.193838583674	348.262592622028	506.349494702342	544.429999104911
B9J08_04456	2249.58363310687	2376.44570414198	2367.04478072941	2350.91127743092
B9J08_04455	1263.06528528486	1293.70623349016	1328.75010258153	1331.80887851731
B9J08_04454	757.235796034632	631.784062256628	832.416312170004	825.865830748244
B9J08_04453	1232.89652847073	1350.63377266876	1271.99444493358	1185.07737654942
B9J08_04452	8901.79451062227	8740.05160330282	9342.42639126628	9778.09107376198
B9J08_04451	290.625690642774	286.870148409812	291.568280465964	323.130028923828
B9J08_04450	6611.98586842989	6940.69487475568	7120.05289473754	7172.20374373111
B9J08_04449	737.12329149188	728.89574673777	893.62339394721	819.451338858938
B9J08_04448	13884.6675110892	13838.973151692	13057.1398271265	13399.0717452756
B9J08_04447	539.015121745767	512.347852607407	436.239564666633	507.546670741397
B9J08_04446	2433.61304967305	2409.9324918941	2434.92899870049	2447.93046725669
B9J08_04445	1643.19162114288	1705.59372284121	1358.79721545398	1349.44873121291
B9J08_04444	18591.9991993204	17973.4752128202	18283.1117548676	18589.197495211
B9J08_04443	1375.69531072427	1386.35301293769	1566.90129349648	1436.84618320471
B9J08_04442	601.3638858283	613.924442122165	530.832327413224	559.664417342014
B9J08_04441	703.937658996338	733.360651771386	665.487907323078	679.134328780352
B9J08_04440	3.01687568141288	4.46490503361574	4.45142412925136	0.801811486163344
B9J08_04439	649.633896730906	610.575763346953	617.635097933626	651.872738250799
B9J08_04438	644.605770595218	570.391618044411	628.763658256754	728.84664092248
B9J08_04437	410.295092672151	433.095788260727	378.371050986365	356.004299856525
B9J08_04436	27.1518811327159	20.0920726512709	17.8056965170054	20.0452871540836
B9J08_04435	430.407597214904	482.2097436305	96.818474811217	85.7938290194778
B9J08_04434	1204.73902211088	1309.33340110782	1377.71576800329	1482.54943791602
B9J08_04433	391.188213356536	458.768992204018	458.49668531289	464.248850488576
B9J08_04432	1078.03024349153	1134.0858785384	1073.90607118189	1024.71507931675
B9J08_04431	10.0562522713763	21.2082989096748	22.2571206462568	11.2253608062868
B9J08_04430	10.0562522713763	10.0460363256354	18.9185525493183	18.4416641817569
B9J08_04429	0	0	0	0
B9J08_04428	0	1.11622625840394	0	0
B9J08_04427	530.970119928666	632.900288515032	662.149339226139	590.935065302384
B9J08_04426	778.353925804522	770.196118298716	807.933479459121	825.865830748244
B9J08_04425	249.395056330131	274.591659567368	274.875439981271	307.895610686724
B9J08_04424	2809.71688462253	2783.86828845942	3080.38549744194	3143.90283724647
B9J08_04423	1110.21025075994	1187.66473894179	1315.39583019378	1386.33205957642
B9J08_04422	20.1125045427525	17.859620134463	40.0628171632622	73.7666567270277
B9J08_04421	21.1181297698901	10.0460363256354	17.8056965170054	27.2615905295537
B9J08_04420	2255.6173844697	2264.82307830159	2156.71499062228	2098.34065928947
B9J08_04419	51.2868865840189	63.6248967290244	380.596763050991	402.509366053999
B9J08_04418	15222.1490631822	20278.4824364243	17224.7856681381	15747.5775882481
B9J08_04417	6220.79765507335	6361.37344664403	5233.76191996728	5165.26959386426
B9J08_04416	1654.25349864139	1595.08732325922	969.297604144483	1092.86905564064
B9J08_04415	0	0	0	0
B9J08_04414	0	0	0	0
B9J08_04413	932.214585556579	976.697976103444	997.119004952304	918.074151657029
B9J08_04412	1060.9346146302	984.511559912272	1113.96888834515	1157.01397453371
B9J08_04411	4674.14605573568	4365.5608966178	4416.92559224966	4333.79108271287
B9J08_04410	12206.2790069965	11469.2248051004	10988.340463057	11220.5499373698
B9J08_04409	330.850699728279	324.821841195545	377.258194954052	403.311177540162
B9J08_04408	1694.4785077269	1597.31977577603	1668.17119243695	1703.84940809711
B9J08_04407	3311.5238729642	3203.5693616193	3436.49942778205	3459.81656279483
B9J08_04406	4607.7747907446	4731.68310937429	4923.275086952	5243.84711950827
B9J08_04405	1679.39412931984	1673.2231613475	1941.9337763859	1784.8323681996
B9J08_04404	2724.23874031583	2405.46758686048	2045.429387391	2067.87182281526
B9J08_04403	1612.01723910161	1578.34392938317	1799.48820424986	1772.80519590715
B9J08_04402	669.746401273659	1022.46325269801	330.518241596913	254.17424111378
B9J08_04401	342.91820245393	256.732039432905	269.311159819707	258.98511003076
B9J08_04400	489.739485616024	392.911642958186	437.352420698946	505.94304776907
B9J08_04399	2292.82551787379	2320.63439122178	2545.10174589946	2721.34818403839
B9J08_04398	37.2081334040922	45.7652765945614	40.0628171632622	31.2706479603704
B9J08_04397	3155.65196275787	3157.80408502474	3296.27956771063	3490.28539926904
B9J08_04396	500.801363114538	527.975020225062	544.186599800978	518.772031547684
B9J08_04395	1189.65464370381	1245.70850437879	984.877588596863	1096.07630158529
B9J08_04394	1469.21845684807	1398.63150178013	1411.10144897268	1489.76574129149
B9J08_04393	3001.79130300581	2686.75660397827	2802.17148936373	2810.34925900252
B9J08_04392	9134.09393809106	8167.4275327416	7584.113860212	7537.02796993543
B9J08_04391	5626.47314583502	5324.39925258678	4522.64691531938	4710.64248120965
B9J08_04390	3823.38711357725	3782.89078973094	3824.88618305923	3616.16980259668
B9J08_04389	1203.73339688374	1317.14698491664	1256.4144604812	1165.03208939534
B9J08_04388	475.660732436097	560.345581718776	419.54672418194	450.618055223799
B9J08_04387	19464.8818964759	19783.9942039514	19789.9188226192	19571.4165657611
B9J08_04386	246.378180648718	223.245251680787	273.762583948958	272.615905295537
B9J08_04385	754.218920353219	796.98554850041	800.143487232931	744.081059159583
B9J08_04384	721.033287857678	754.568950681061	766.757806263546	743.27924767342
B9J08_04383	6305.27017415291	6493.0881451357	6939.77021750286	6711.96395067335
B9J08_04382	2171.14486539013	2145.38686865237	2125.55502171752	2143.24210251462
B9J08_04381	12922.2841687185	12562.0103120779	13423.2694617575	13262.7637926279
B9J08_04380	503.818238795951	495.604458731348	675.503611613893	684.747009183496
B9J08_04379	5476.63498699151	5756.3788145891	4982.25645666458	5101.92648645736
B9J08_04378	854.781443066982	829.356109994125	939.250491272036	926.092266518662
B9J08_04377	0	0	1.11285603231284	0
B9J08_04376	47.2643856754684	52.462634144985	15.5799844523797	24.8561560710637
B9J08_04375	1151.44088507258	1222.26775295231	1083.92177547271	1058.39116173561
B9J08_04374	255.428807692957	255.615813174501	343.872513984667	334.355389730114
B9J08_04373	7.03937658996338	5.58113129201968	12.2414163554412	12.0271722924502
B9J08_04372	905.062704423863	900.794590531977	257.069743464266	262.192355975413
B9J08_04371	2188.24049425147	2149.85177368598	2174.52068713929	2192.95441465675
B9J08_04370	8630.27569929511	8089.29169465333	8527.81577561329	8636.31151746538
B9J08_04369	11.0618774985139	14.5109413592512	25.5956887431953	18.4416641817569
B9J08_04368	1022.72085599897	911.956853116016	792.353495006741	759.315477396687
B9J08_04367	286.603189734223	290.218827185023	334.969665726165	363.220603231995
B9J08_04366	1076.01899303726	1081.62324439341	915.880514593467	966.18284082683
B9J08_04365	1473.24095775662	1531.4624265302	1564.67558143185	1505.80197101476
B9J08_04364	404.261341309326	378.400701598934	314.938257144533	347.986184994891
B9J08_04363	7210.33287857678	6875.95375176825	7044.37868454027	7009.43601203995
B9J08_04362	879.922073745423	904.143269307188	837.980592331568	703.990484851416
B9J08_04361	913.107706240964	918.65421066644	895.849106011835	837.893003040694
B9J08_04360	5535.96687539263	5537.59846794193	5461.89740659141	5951.8466617905
B9J08_04359	705.948909450613	722.198389187347	776.773510554362	744.081059159583
B9J08_04358	2379.30928740762	2491.41700875759	2224.59920859337	2248.27940720202
B9J08_04357	0	0	0	0
B9J08_04356	423.368220624941	434.212014519131	393.951035438745	450.618055223799
B9J08_04355	2245.56113219832	2260.35817326797	1447.825698039	1397.55742038271
B9J08_04354	596.335759692612	700.990090277672	734.484981326474	747.288305104237
B9J08_04353	2089.68922199199	2032.64801655357	1859.58242999475	1832.9410573694
B9J08_04352	510.857615385914	520.161436416234	487.430942153024	510.75391668605
B9J08_04351	2011.25045427525	1943.34991588125	2161.16641475153	2184.13448830895
B9J08_04350	4593.69603756467	4497.27559510946	4583.85399709658	4353.83636986696
B9J08_04349	911.096455786689	810.380263601258	803.48205532987	820.253150345101
B9J08_04348	1.00562522713763	0	0	0.801811486163344
B9J08_04347	1397.8190657213	1447.74545714991	1405.53716881112	1297.33098461229
B9J08_04346	1673.36037795701	1617.4118484273	1749.40968279578	1822.51750804928
B9J08_04345	734.106415810467	724.430841704155	724.469277035658	761.720911855177
B9J08_04344	901.040203515313	999.022501271523	1086.14748753733	1092.06724415447
B9J08_04343	1044.84461099599	1055.95004045012	934.799067142785	928.497700977152
B9J08_04342	414.317593580702	399.609000508609	377.258194954052	412.131103887959
B9J08_04341	1826.21541248193	2012.5559439023	1964.19089703216	2118.38594644355
B9J08_04340	76738.2554576451	75034.9615424294	63870.1462625308	64216.2801153361
B9J08_04339	1001.60272622908	1103.94776956149	681.067891775457	682.341574725006
B9J08_04338	2375.28678649907	2185.57101395491	2367.04478072941	2228.23412004793
B9J08_04337	1051.88398758596	1093.90173323586	1100.6146159574	1196.30273735571
B9J08_04336	756.230170807495	833.82101502774	822.400607879188	766.531780772157
B9J08_04335	4579.61728438475	4668.05821264526	4557.14545232108	4523.01859344742
B9J08_04334	897.017702606762	959.954582227385	1072.79321514958	1062.40021916643
B9J08_04333	2264.66801151393	2375.32947788358	2075.47650026344	1901.09503369329
B9J08_04332	1182.61526711385	1087.20437568543	1230.818771738	1221.96070491294
B9J08_04331	2071.58796790351	2060.55367301367	2030.96225897093	1925.95118976435
B9J08_04330	5741.11442172871	6066.68971442539	5397.35175671727	5514.85940183148
B9J08_04329	4317.14910010183	4344.35259770812	5034.56069018328	4927.13158247375
B9J08_04328	4439.83537781262	4660.24462883643	4638.38394267991	4476.51352724995
B9J08_04327	1114.23275166849	1117.34248466234	1209.67450712406	1177.86107317395
B9J08_04326	4868.23172457325	4703.77745291419	4597.20826948434	4628.05589813482
B9J08_04325	2182.20674288865	2134.22460606833	2107.74932520052	1983.68161676811
B9J08_04324	600.358260601163	648.527456132687	695.535020195524	704.792296337579
B9J08_04323	5332.83057951083	5066.55098689547	5425.17315752509	5288.74856273342
B9J08_04322	881.933324199698	961.070808485789	882.494833624081	888.407126668985
B9J08_04321	2320.98302423364	2401.00268182687	2608.53453974129	2746.20434010945
B9J08_04320	3620.25081769545	3573.040253151	3905.01181738575	3780.54115726017
B9J08_04319	1153.45213552686	1187.66473894179	1159.59598566998	1197.90636032804
B9J08_04318	561.138876742795	612.808215863761	702.212156389401	578.907893009934
B9J08_04317	3284.37199183149	3262.72935331471	3567.81643959496	3544.80858032814
B9J08_04316	1924.76668474142	1889.77105547786	2387.07618931104	2423.87612267179
B9J08_04315	3081.23569594969	3068.50598435242	3294.053855646	3074.94704943642
B9J08_04314	6.03375136282576	6.69735755042362	13.3542723877541	8.81992634779678
B9J08_04313	1570.78660478897	1386.35301293769	1409.98859294037	1498.58566763929
B9J08_04312	931.208960329442	1215.57039540189	56.7556576479548	50.5141236282907
B9J08_04311	2473.83805875856	2704.61622411274	3012.50127947086	3159.93906696974
B9J08_04310	7990.69805483558	8007.80717778984	7893.48783719497	7928.31197518315
B9J08_04309	2859.99814597941	2498.11436630801	2985.79273469535	3046.88364742071
B9J08_04308	1357.59405663579	1487.92960245245	1304.26726987065	1185.07737654942
B9J08_04307	2913.2962830177	2920.0478919847	2825.5414660423	2801.52933265472
B9J08_04306	1822.19291157338	1847.35445765851	1992.01229783998	2237.05404639573
B9J08_04305	895.006452152487	880.702517880706	925.896218884282	1131.35600697648
B9J08_04304	392.193838583674	399.609000508609	451.819549119013	481.88870318417
B9J08_04303	1.00562522713763	0	2.22571206462568	1.60362297232669
B9J08_04302	3402.03014340659	3362.07349031266	3805.96763050991	3912.03824099096
B9J08_04301	1908.67668110721	2009.20726512709	1912.99951954577	1925.14937827819
B9J08_04300	2000.18857677674	2229.10383803266	2319.19197133996	2425.47974564412
B9J08_04299	672.763276955072	575.972749336431	692.196452098586	668.710779460229
B9J08_04298	1325.41404936739	1239.01114682837	1347.66865513085	1306.95272244625
B9J08_04297	1039.81648486031	936.513830800902	928.121930948908	998.255300273363
B9J08_04296	2068.5710922221	1970.13934608295	2309.17626704914	2318.83881798439
B9J08_04295	1491.3422118451	1452.21036218352	1582.48127794886	1715.87658038956
B9J08_04294	1363.62780799862	1405.32885933056	1379.94148006792	1396.75560889655
B9J08_04293	2252.60050878828	2436.72192209579	2554.00459415797	2353.31671188941
B9J08_04292	1740.73726817523	1503.5567700701	1743.84540263422	1699.84035066629
B9J08_04291	1975.0479460983	2051.62386294643	1976.4323133876	1997.31241203289
B9J08_04290	957.35521623502	908.608174340804	893.62339394721	856.334667222451
B9J08_04289	8096.28870368503	7849.30304909648	8071.54480236502	9305.02229692561
B9J08_04288	7.03937658996338	5.58113129201968	11.1285603231284	10.4235493201235
B9J08_04287	2005.21670291243	2063.90235178888	2101.07218900664	2227.43230856177
B9J08_04286	126.708778619341	131.714698491664	165.815548814613	162.767731691159
B9J08_04285	2166.11673925445	2206.77931286458	2056.55794771413	2224.22506261712
B9J08_04284	2241.53863128977	2280.45024591924	2306.95055498452	2370.95656458501
B9J08_04283	2302.88177014516	2185.57101395491	1997.57657800155	1972.45625596183
B9J08_04282	768.297673533146	708.8036740865	638.77936254757	642.251000416839
B9J08_04281	1208.76152301943	1236.77869431156	1284.23586128902	1411.99002713365
B9J08_04280	3189.84322048055	3199.10445658568	2883.40997972257	2747.00615159562
B9J08_04279	784.387677167348	852.796861420607	901.4133861734	938.119438811112
B9J08_04278	1965.99731905406	1899.8170918035	2032.07511500324	1976.46531339264
B9J08_04277	202.130670654663	186.409785153457	120.188451489787	128.289837786135
B9J08_04276	2737.31186826862	2672.24566261902	2934.60135720896	2808.74563603019
B9J08_04275	499.7957378874	525.742567708254	496.333790411526	473.870588322536
B9J08_04274	1490.33658661796	1505.78922258691	1598.06126240124	1677.38962905372
B9J08_04273	6331.41643005849	5885.86106056396	5404.02889291115	5191.72937290765
B9J08_04272	1472.23533252948	1465.60507728437	1828.42246108999	1786.43599117193
B9J08_04271	3547.84580134154	3523.92629778123	3377.51805806947	3381.23903715082
B9J08_04270	51845.0085850803	51337.4780765138	46885.7374973722	45412.9989533195
B9J08_04269	1017.69272986328	1031.39306276524	1171.83740202542	1263.65490219343
B9J08_04268	9740.48595005504	9512.48017411835	8464.38298177145	9473.40270901991
B9J08_04267	695.892657179237	737.825556805002	750.064965778854	702.386861879089
B9J08_04266	2385.34303877045	2382.026835434	2164.50498284847	2348.50584297243
B9J08_04265	56751.4540682848	56168.5053228861	47537.8711323075	44098.8299274978
B9J08_04264	1362.62218277148	1339.47151008472	1633.67265543525	1817.7066391323
B9J08_04263	7326.98540492474	7831.44342896202	6664.89477752159	6492.2676034646
B9J08_04262	276.546937462847	304.729768544275	289.342568401338	333.553578243951
B9J08_04261	2745.35687008572	2745.91659567368	2768.78580839434	2645.17609285287
B9J08_04260	4255.80596124643	4387.88542178587	3887.20612086875	4051.55343958338
B9J08_04259	388.171337675124	375.052022823723	381.709619083304	451.419866709963
B9J08_04258	2210.3642492485	2299.42609231211	2049.88081152025	1923.54575530586
B9J08_04257	0	0	0	0
B9J08_04256	2693.06435827456	2585.18001446352	2782.1400807821	2823.17824278113
B9J08_04255	1505.42096502503	1478.99979238522	1660.38120021076	1553.1088486984
B9J08_04254	2103.76797517191	2283.79892469445	1908.54809541652	1868.22076276059
B9J08_04253	2058.51483995072	2069.4834830809	2131.11930187909	2202.57615249071
B9J08_04252	2039.40796063511	2116.36498593386	1979.77088148454	2055.84465052281
B9J08_04251	17088.5894847497	16621.725213893	18560.2129069135	19173.718068624
B9J08_04250	5877.87945261942	5872.46634546311	5306.09756206762	5085.89025673409
B9J08_04249	3023.91505800284	2936.79128586076	2951.29419769365	2996.36952379242
B9J08_04248	5694.85566128038	5181.52229151107	5213.73051138565	5285.54131678876
B9J08_04247	2426.57367308309	2341.84269013146	2205.68065604405	2167.29644709952
B9J08_04246	655.667648093732	646.295003615879	658.810771129201	615.791221373448
B9J08_04245	7692.0273623757	7473.13480001435	8246.26319943814	8001.27682042401
B9J08_04244	585.273882194098	583.786333145259	698.873588292463	651.872738250799
B9J08_04243	4568.55540688623	4539.69219292881	7130.06859902836	7329.35879501913
B9J08_04242	15606.2978999488	15381.5978408062	10426.348166739	10633.6239294983
B9J08_04241	1853.36729361464	1675.45561386431	1876.27527047945	1931.5638701675
B9J08_04240	668.740776046521	640.713872323859	693.309308130899	731.25207538097
B9J08_04239	1955.94106678268	1765.86994079503	2099.95933297433	2062.25914241212
B9J08_04238	5741.11442172871	5557.6905405932	6009.42257448933	5798.7006679333
B9J08_04237	586.279507421236	598.29727450451	622.086522062877	659.089041626269
B9J08_04236	5917.09883647779	5629.12902113105	6118.48246565599	6074.52381917349
B9J08_04235	2035.38545972655	1975.72047737497	1812.84247663761	1774.40881887948
B9J08_04234	4221.61470352375	4191.42960030678	3460.98226049293	3584.09734315015
B9J08_04233	3263.2538620616	2895.49091429981	2993.58272692154	3037.26190958675
B9J08_04232	27946.3250621546	27934.6783428169	28879.7268945505	27793.9933563662
B9J08_04231	1598.94411114883	1662.06089876346	1732.71684231109	1700.64216215245
B9J08_04230	980.484596459185	1035.85796779885	950.379051595165	1023.11145634443
B9J08_04229	4926.55798774723	4950.46345602146	4038.55454126329	4344.214632033
B9J08_04228	5.02812613568813	5.58113129201968	3.33856809693852	6.41449188930675
B9J08_04227	5578.20313493241	6081.20065578464	5979.37546161688	5962.27021111063
B9J08_04226	1200.71652120233	1011.30099011397	1209.67450712406	1217.14983599596
B9J08_04225	0	0	0	0
B9J08_04224	1079.03586871867	961.070808485789	1010.47327734006	1183.4737535771
B9J08_04223	14679.1114405279	14293.2772388624	10742.3992799158	10773.1391280907
B9J08_04222	1395.80781526702	1388.5854654545	1157.37027360535	1262.0512792211
B9J08_04221	4482.0716373524	3846.51568645996	4440.29556892823	4541.46025762918
B9J08_04220	868.860196246909	898.562138015169	914.767658561154	987.029939467076
B9J08_04219	70571.7615648372	67560.7105161566	61200.4046410123	59342.8699024353
B9J08_04218	1271.11028710196	1207.75681159306	1443.37427390975	1461.70233927578
B9J08_04217	439.458224259143	431.979562002323	468.512389603705	506.744859255233
B9J08_04216	592.313258784062	500.069363764963	505.236638670029	618.196655831938
B9J08_04215	941.265212600818	1014.64966888918	945.927627465913	925.290455032499
B9J08_04214	644.605770595218	623.9704784478	884.720545688707	826.667642234408
B9J08_04213	2854.97001984372	2898.83959307502	2777.68865665285	2815.1601279195
B9J08_04212	1303.29029437036	1444.39677837469	1085.03463150502	1130.55419549032
B9J08_04211	1782.97352771501	1883.07369792744	1700.44401737402	1668.56970270592
B9J08_04210	447.503226076244	453.187860911998	392.838179406432	399.302120109345
B9J08_04209	402.25009085505	376.168249082127	389.499611309494	387.274947816895
B9J08_04208	2650.82809873478	2456.81399474706	2594.06741132123	2754.22245497109
B9J08_04207	85059.804212209	84544.0930377725	73386.1781948379	73643.1777581585
B9J08_04206	173.973164294809	154.039223659743	247.05403917345	262.192355975413
B9J08_04205	552.088249698557	525.742567708254	422.885292278879	462.64522751625
B9J08_04204	106.596274076588	84.8331956386992	80.1256343265244	75.3702796993543
B9J08_04203	763.269547397458	802.56667979243	727.807845132597	800.207863191017
B9J08_04202	2252.60050878828	2303.89099734572	2523.95748128552	2672.43768338243
B9J08_04201	0	0	0	0
B9J08_04200	457.55947834762	435.328240777535	159.138412620736	211.678232347123
B9J08_04199	0	1.11622625840394	1.11285603231284	0
B9J08_04198	1184.62651756812	1096.13418575267	1073.90607118189	1095.27449009913
B9J08_04197	4578.61165915761	4519.60012027754	4898.79225424112	4781.20189199202
B9J08_04196	2902.23440551919	2827.40111253717	2885.63569178719	2926.61192449621
B9J08_04195	1768.89477453508	1563.83298802391	1609.18982272437	1511.4146514179
B9J08_04194	25.1406306784406	30.1381089769063	42.2885292278879	37.6851398496772
B9J08_04193	2102.76234994478	2329.56420128901	2410.44616598961	2293.18085042716
B9J08_04192	493.761986524574	535.788604033889	544.186599800978	534.80826127095
B9J08_04191	3.01687568141288	2.23245251680787	7.78999222618987	3.20724594465338
B9J08_04190	1102.16524894284	1083.85569691022	1149.58028137916	1178.66288466012
B9J08_04189	637.566394005255	657.457266199918	630.98937032138	606.169483539488
B9J08_04188	480.688858571785	474.396159821673	503.010926605403	492.312252504293
B9J08_04187	4211.55845125238	4157.94281255466	4073.05307826499	4018.67916865068
B9J08_04186	1228.87402756218	1320.49566369186	1179.62739425161	1225.16795085759
B9J08_04185	849.753316931294	789.171964691583	738.936405455725	687.954255128149
B9J08_04184	1138.36775711979	1105.0639958199	1108.40460818359	1230.78063126073
B9J08_04183	5099.5255268149	6493.0881451357	1503.46849965465	1416.80089605063
B9J08_04182	982.49584691346	956.605903452173	888.059113785646	872.370896945718
B9J08_04181	1507.4322154793	1474.5348873516	1596.94840636892	1742.33635943295
B9J08_04180	10243.2985636239	9999.15482278246	10397.4139098989	10033.8689378481
B9J08_04179	341.912577226793	375.052022823723	347.211082081606	341.571693105585
B9J08_04178	3385.94013977239	3108.69012965496	3324.10096851845	3370.01367634453
B9J08_04177	991.546473957699	1011.30099011397	889.171969817958	1006.273415135
B9J08_04176	1.00562522713763	1.11622625840394	5.5642801615642	4.00905743081672
B9J08_04175	8.04500181710101	4.46490503361574	6.67713619387703	8.01811486163344
B9J08_04174	31.1743820412664	50.2301816281771	48.9656654217649	45.7032547113106
B9J08_04173	0	3.34867877521181	1.11285603231284	1.60362297232669
B9J08_04172	1973.03669564402	1864.09785153457	2213.47064827024	2196.96347208756
B9J08_04171	195.091294064699	218.780346647172	251.505463302702	259.786921516923
B9J08_04170	7.03937658996338	5.58113129201968	8.90284825850271	5.61268040314341
B9J08_04169	1.00562522713763	0	2.22571206462568	0.801811486163344
B9J08_04168	3060.1175661798	3032.78674408349	2829.99289017155	2962.69344137356
B9J08_04167	4645.98854937583	4248.35713948538	4961.11219205064	4887.84281965175
B9J08_04166	3507.62079225604	3481.50969996188	3325.21382455076	3355.58106959359
B9J08_04165	4349.32910737023	4522.94879905275	4104.21304716975	4162.20342467392
B9J08_04164	556.110750607107	610.575763346953	657.697915096888	605.367672053325
B9J08_04163	1113.22712644135	1099.48286452788	705.55072448634	859.541913167105
B9J08_04162	2549.25995079388	2417.74607570293	2861.15285907631	2678.85217527173
B9J08_04161	718.016412176265	695.408958985652	979.313308435298	970.99370974381
B9J08_04160	8.04500181710101	4.46490503361574	11.1285603231284	12.8289837786135
B9J08_04159	10.0562522713763	13.3947151008472	7.78999222618987	5.61268040314341
B9J08_04158	345.935078135343	375.052022823723	411.75673195575	339.166258647095
B9J08_04157	2323.99989991505	2393.18909801804	2360.36764453553	2485.61560710637
B9J08_04156	1353.57155572724	1385.23678667928	1695.99259324477	1720.68744930654
B9J08_04155	3284.37199183149	3412.30367194083	2530.6346174794	2700.50108539814
B9J08_04154	1090.09774621719	1121.80738969596	984.877588596863	1096.07630158529
B9J08_04153	1462.17908025811	1554.90317795668	1263.09159667507	1310.1599683909
B9J08_04152	5047.23301500374	5015.20457900889	5543.13589695025	5553.34635316732
B9J08_04151	225.260050878828	215.43166787196	237.038334882635	254.17424111378
B9J08_04150	9110.96455786689	9281.42133862873	8574.55572897042	8722.10534648486
B9J08_04149	361.019456542408	377.28447534053	289.342568401338	330.346332299298
B9J08_04148	5334.84182996511	5123.47852607407	4754.12097004045	4417.17947727386
B9J08_04147	793.438304211587	789.171964691583	792.353495006741	855.532855736288
B9J08_04146	2351.15178104777	2167.71139382044	1751.63539486041	1945.99647691844
B9J08_04145	388.171337675124	411.887489351052	480.753805959146	438.590882931349
B9J08_04144	393.199463810812	373.935796565319	468.512389603705	415.338349832612
B9J08_04143	2844.91376757234	2914.46676069268	3230.62106180417	3228.09304329362
B9J08_04142	4795.82670821934	4817.63253127139	4882.09941375642	4672.95734135997
B9J08_04141	1372.67843504286	1549.32204666466	1279.78443715976	1142.58136778277
B9J08_04140	140.787531799268	160.736581210167	50.0785214540778	48.1086891698006
B9J08_04139	529.964494701529	550.299545393141	500.785214540778	513.15935114454
B9J08_04138	3696.67833495791	3463.65007982741	3325.21382455076	3008.39669608487
B9J08_04137	1.00562522713763	2.23245251680787	0	0
B9J08_04136	37294.617173626	34902.1626477743	31003.0562042034	28595.8048425295
B9J08_04135	489.739485616024	497.836911248156	563.105152350297	495.519498448947
B9J08_04134	3224.03447820323	3103.10899836294	3035.87125614942	3155.12819805276
B9J08_04133	1287.20029073616	1482.34847116043	1362.13578355091	1270.06939408274
B9J08_04132	5395.17934359336	5440.48678346079	5303.87185000299	5556.55359911197
B9J08_04131	2928.38066142477	3144.40936992389	2998.03415105079	2645.97790433904
B9J08_04130	3429.1820245393	3530.62365533165	3099.30404999126	2934.63003935784
B9J08_04129	4696.26981073271	5009.62344771687	4642.83536680916	4390.71969823047
B9J08_04128	1984.09857314254	1948.93104717327	1421.1171532635	1397.55742038271
B9J08_04127	3069.16819322403	3097.52786707092	3005.82414327698	2989.15322041695
B9J08_04126	743.157042854706	646.295003615879	632.102226353693	646.260057847655
B9J08_04125	984.507097367736	1052.60136167491	910.316234431902	881.992634779678
B9J08_04124	2033.37420927228	2209.01176538139	2154.48927855766	1976.46531339264
B9J08_04123	1391.78531435847	1444.39677837469	1591.38412620736	1545.89254532293
B9J08_04122	79003.9290943862	87929.6072795117	57059.4673447762	52572.373713272
B9J08_04121	3244.14698274598	3405.60631439041	3201.68680496404	3159.13725548358
B9J08_04120	36135.1312867363	36612.2212756491	29939.1658373123	29630.9434711664
B9J08_04119	1013.67022895473	1161.9915349985	1056.10037466488	1049.57123538782
B9J08_04118	1917.72730815145	1984.6502874422	2028.73654690631	1884.25699248386
B9J08_04117	4645.98854937583	4824.32988882181	4563.82258851495	4646.49756231658
B9J08_04116	2596.52433646935	2571.78529936267	2450.50898315287	2452.74133617367
B9J08_04115	1886.55292611019	2148.73554742758	2227.9377766903	2057.44827349514
B9J08_04114	2606.58058874073	2807.3090398859	3368.61520981096	3249.74195342003
B9J08_04113	81147.9220786436	86629.2036884711	62878.59153774	59182.5076052026
B9J08_04112	1579.83723183321	1838.42464759128	1427.79428945737	1422.41357645377
B9J08_04111	28172.5907382606	28253.9190527204	33012.8741985604	32401.2021558607
B9J08_04110	690.864531043549	677.549338851189	733.372125294161	709.603165254559
B9J08_04109	12543.1634580876	16378.387889561	6262.04089382435	5608.67134571259
B9J08_04108	21528.4248625623	22171.6021706774	25061.5178476851	24838.5162183681
B9J08_04107	2634.73809510058	2670.01321010222	2621.88881212905	2550.5623374856
B9J08_04106	2416.51742081172	2868.70148409812	2817.75147381611	2581.83298544597
B9J08_04105	3099.33695003816	3145.52559618229	3146.0440033484	3103.8122629383
B9J08_04104	4529.33602302787	4722.75329930705	4320.10711743844	4214.32117127454
B9J08_04103	5340.87558132793	5314.35321626114	5572.07015379039	5814.73689765657
B9J08_04102	2392.38241536041	2597.45850330596	2365.9319246971	2427.88518010261
B9J08_04101	4993.93487796545	4813.16762623777	5240.43905616116	5514.05759034532
B9J08_04100	9719.36782028516	9893.11332823409	9754.18312322203	9783.70375416512
B9J08_04099	2990.7294255073	2898.83959307502	3043.66124837561	3171.96623926219
B9J08_04098	644.605770595218	738.941783063406	675.503611613893	649.467303792309
B9J08_04097	2744.35124485858	2613.08567092361	2874.50713146406	2795.91665225158
B9J08_04096	7967.56867461141	7953.11209112805	7520.68106637017	8426.23690809058
B9J08_04095	2053.48671381503	1975.72047737497	2044.31653135869	1998.11422351905
B9J08_04094	1103.17087416998	1052.60136167491	1046.08467037407	1060.7965961941
B9J08_04093	3452.31140476347	3327.47047630213	4914.3722386935	4406.75592795374
B9J08_04092	868.860196246909	924.235341958459	918.106226658092	822.658584803591
B9J08_04091	908.079580105276	957.722129710577	1002.68328511387	992.64261987022
B9J08_04090	30634.3612942935	30804.4960531734	28031.7305979281	27122.0753309613
B9J08_04089	10422.2998540544	11587.5447884913	10909.3276847628	10821.2478172605
B9J08_04088	4421.73412372414	4492.81069007584	3476.56224494531	3234.50753518293
B9J08_04087	1327.42529982167	1480.11601864362	1274.2201569982	1241.20418058086
B9J08_04086	512.868865840189	601.645953279722	577.572280770363	574.097024092954
B9J08_04085	493.761986524574	476.628612338481	537.509463607101	476.276022781026
B9J08_04084	21181.4841591998	20646.8371016976	10102.507061336	10453.2163451115
B9J08_04083	2886.14440188499	3503.83422512996	2641.92022071068	2386.19098282211
B9J08_04082	500.801363114538	599.413500762914	668.826475420016	611.782163942632
B9J08_04081	105.590648849451	146.225639850916	221.458350430255	193.236568165366
B9J08_04080	169.950663386259	165.201486243783	196.975517719373	191.632945193039
B9J08_04079	640.583269686668	731.128199254578	671.052187484642	654.278172709289
B9J08_04078	597.34138491975	609.459537088549	609.845105707436	678.332517294189
B9J08_04077	79.4443929438724	56.9275391786007	57.8685136802676	40.8923857943305
B9J08_04076	473.649481981822	495.604458731348	470.738101668331	511.555728172213
B9J08_04075	1667.32662659418	1716.75598542525	1571.35271762573	1591.59580003424
B9J08_04074	2133.93673198604	1957.8608572405	2000.91514609848	2063.06095389828
B9J08_04073	404.261341309326	381.749380374146	352.77536224317	310.301045145214
B9J08_04072	39.2193838583674	25.6732039432905	21.1442646139439	29.6670249880437
B9J08_04071	18715.6911022584	18273.7400763308	19369.259242405	20833.4678449822
B9J08_04070	67.3768902182209	49.1139553697732	47.8528093894521	52.9195580867807
B9J08_04069	4847.11359480336	4838.84083018106	4923.275086952	4703.42617783418
B9J08_04068	511.863240613052	586.018785662067	520.816623122409	561.268040314341
B9J08_04067	7145.97286403997	7355.93104288194	6891.91740811341	6558.01614532999
B9J08_04066	2296.84801878234	2246.96345816712	2656.38734913075	2668.42862595161
B9J08_04065	2.01125045427525	4.46490503361574	6.67713619387703	7.2163033754701
B9J08_04064	2978.66192278165	3012.69467143222	2988.01844675997	3005.99126162638
B9J08_04063	0	0	0	0
B9J08_04062	2037.39671018083	2022.60198022793	1978.65802545223	1893.87873031782
B9J08_04061	1435.02719912539	1522.53261646297	2294.70913862907	2354.92033486174
B9J08_04060	4716.38231527547	4418.02353076278	4510.40549896394	4502.97330629334
B9J08_04059	1445.08345139677	1543.74091537264	1359.91007148629	1313.36721433556
B9J08_04058	2531.1586967054	2425.55965951175	2440.49327886206	2412.6507618655
B9J08_04057	1059.92898940306	1036.97419405726	869.140561236327	859.541913167105
B9J08_04056	24.135005451303	18.9758463928669	51.1913774863906	42.4960087666572
B9J08_04055	131.736904755029	142.876961075704	341.646801920042	294.264815421947
B9J08_04054	15.0843784070644	23.4407514264827	11.1285603231284	16.8380412094302
B9J08_04053	2057.50921472358	1969.02311982454	2091.05648471582	2028.58305999326
B9J08_04052	2054.49233904217	1965.67444104933	2112.20074932977	2189.74716871209
B9J08_04051	763.269547397458	709.919900344903	766.757806263546	820.253150345101
B9J08_04050	705.948909450613	738.941783063406	578.685136802676	618.998467318102
B9J08_04049	1271.11028710196	1422.07225320661	1274.2201569982	1329.40344405882
B9J08_04048	8590.0506902096	8390.67278442239	7032.13726818483	7323.74611461598
B9J08_04047	356.996955633857	343.797687588412	475.189525797582	458.636170085433
B9J08_04046	4137.14218444419	4779.68083848565	4793.0709311714	4915.1044101813
B9J08_04045	879.922073745423	881.81874413911	854.67343281626	895.623430044455
B9J08_04044	26290.060313059	26095.1374689672	26165.4710317395	25210.5567479479
B9J08_04043	2052.48108858789	2399.88645556846	2016.49513055086	1856.19359046814
B9J08_04042	15.0843784070644	14.5109413592512	20.0314085816311	21.6489101264103
B9J08_04041	1837.27728998044	1715.63975916685	1432.24571358662	1484.15306088835
B9J08_04040	731.089540129054	804.799132309238	662.149339226139	642.251000416839
B9J08_04039	97.5456470323497	82.6007431218913	100.157042908156	131.497083730788
B9J08_04038	835.674563751367	793.636869725199	952.60476365979	1010.28247256581
B9J08_04037	1587.88223365031	1518.06771142935	1292.02585351521	1336.61974743429
B9J08_04036	9783.72783482196	9830.60465776347	7471.7154009484	7056.74288972359
B9J08_04035	22102.6368672579	19671.2553518526	17275.9770456245	16822.8067911931
B9J08_04034	124.697528165066	114.971304615605	186.959813428557	159.560485746505
B9J08_04033	69813.5201435754	69704.9811585506	59702.5004215192	59397.3930834944
B9J08_04032	1583.85973274176	1547.08959414786	1345.44294306622	1424.0171994261
B9J08_04031	381.13196108516	333.751651262777	407.305307826499	396.896685650855
B9J08_04030	18.1012540884773	14.5109413592512	25.5956887431953	34.4778939050238
B9J08_04029	1789.00727907784	1808.28653861438	1609.18982272437	1762.38164658703
B9J08_04028	58755.6651459701	56646.250161483	51400.5944204654	49450.1197861519
B9J08_04027	48762.7672639035	45819.9716812232	40245.3255525615	38906.2987431039
B9J08_04026	1290.21716641757	1365.14471402801	1214.12593125331	1237.9969346362
B9J08_04025	317.77757177549	279.056564600984	338.308233823103	267.805036378557
B9J08_04024	7065.52284586896	6481.92588255166	7421.63687949432	7786.39134213223
B9J08_04023	662.707024683696	704.338769052884	772.32208642511	716.81946863003
B9J08_04022	136.765030890717	135.063377266876	224.796918527193	219.696347208756
B9J08_04021	21140.2535248872	22123.604441566	22854.7243356088	22531.7045726761
B9J08_04020	2450.70867853439	2310.58835489615	2438.26756679743	2405.43445849003
B9J08_04019	874.893947609735	904.143269307188	728.92070116491	754.504608479707
B9J08_04018	1207.75589779229	1260.21944573804	1155.14456154073	1116.12158873937
B9J08_04017	2966.594420056	2945.72109592799	3091.51405776507	3057.30719674083
B9J08_04016	1253.00903301348	1255.75454070443	1206.33593902712	1368.69220688083
B9J08_04015	5429.37060131604	5081.06192825472	5484.15452723767	5604.66228828177
B9J08_04014	134.753780436442	116.087530874009	142.445572136043	139.515198592422
B9J08_04013	1459.1622045767	1462.25639850916	1465.63139455601	1507.40559398709
B9J08_04012	4929.57486342864	4825.44611508022	4615.01396600134	4575.9381515342
B9J08_04011	25100.4056693551	25097.2311939541	23721.6391847805	24368.6546874764
B9J08_04010	1709.56288613396	1639.73637359538	1519.04848410703	1611.64108718832
B9J08_04009	1398.82469094844	1244.59227812039	1403.31145674649	1367.89039539466
B9J08_04008	5339.86995610079	5158.08154008459	5856.96129806247	5631.12206732516
B9J08_04007	4943.65361660857	4901.34950065168	5459.67169452679	5465.14708968935
B9J08_04006	12102.6996086013	12125.565845042	14667.4425058832	15566.3681923752
B9J08_04005	418.340094489252	429.747109485515	441.803844828197	430.572768069716
B9J08_04004	5193.0486729387	5296.49359612668	5429.62458165434	5411.42572011641
B9J08_04003	5912.0707103421	5314.35321626114	5794.64136025295	5639.1401821868
B9J08_04002	1653.24787341426	1630.80656352815	1555.77273317335	1718.28201484805
B9J08_04001	1.00562522713763	1.11622625840394	0	1.60362297232669
B9J08_04000	324.816948365453	302.497316027467	317.163969209159	265.399601920067
B9J08_03999	1512.46034161499	1464.48885102596	1448.93855407132	1511.4146514179
B9J08_03998	971.433969414947	916.421758149632	965.959036047544	984.624505008586
B9J08_03997	413.311968353564	382.86560663255	141.332716103731	145.929690481729
B9J08_03996	1021.71523077183	951.024772160154	1116.19460040978	1136.96868737962
B9J08_03995	475.660732436097	553.648224168352	646.56935477376	646.260057847655
B9J08_03994	3.01687568141288	0	3.33856809693852	1.60362297232669
B9J08_03993	5348.92058314503	5023.01816281771	5100.21919608974	5392.98405593465
B9J08_03992	5451.49435631307	5046.4589142442	2529.52176144708	2783.88947995913
B9J08_03991	1380.72343685996	1417.607348173	1113.96888834515	1011.08428405198
B9J08_03990	1766.88352408081	1830.61106378246	1859.58242999475	1964.43814110019
B9J08_03989	5484.67998880861	5056.50495056983	5673.34005273085	5240.63987356362
B9J08_03988	553.093874925694	459.885218462422	530.832327413224	529.99739235397
B9J08_03987	1333.45905118449	1293.70623349016	1277.55872509514	1429.62987982924
B9J08_03986	6725.62151909644	6628.15152240257	7544.05104304874	7446.42327199898
B9J08_03985	504.823864023088	622.854252189396	555.315160124107	570.889778148301
B9J08_03984	2761.44687371992	2993.71882503936	2046.54224342331	2021.36675661779
B9J08_03983	1946.89043973844	1900.9333180619	1618.09267098287	1688.61498986
B9J08_03982	107804.029974381	103499.847357988	97446.1256134414	93160.8729543466
B9J08_03981	1627.10161750868	1758.0563569862	1489.00137123458	1548.29797978142
B9J08_03980	3398.00764249804	2937.90751211916	4304.52713298606	4551.08199546314
B9J08_03979	799.472055574413	769.079892040312	885.83340172102	881.992634779678
B9J08_03978	361.019456542408	397.376547991801	355.001074307796	327.940897840808
B9J08_03977	241.35005451303	290.218827185023	173.605541040803	208.470986402469
B9J08_03976	1750.79352044661	1837.30842133288	1485.66280313764	1470.52226562357
B9J08_03975	4727.44419277398	4641.26878244357	4373.52420698946	4368.2689766179
B9J08_03974	0	0	0	0
B9J08_03973	720.02766263054	919.770436924843	210.329790107127	209.272797888633
B9J08_03972	2675.96872941322	2453.46531597185	2310.28912308145	2164.08920115487
B9J08_03971	1362.62218277148	1487.92960245245	1362.13578355091	1363.88133796385
B9J08_03970	4780.74232981227	4866.74648664116	5156.9748537377	5186.11669250451
B9J08_03969	956.349591007882	861.726671487839	943.701915401287	945.335742186583
B9J08_03968	932.214585556579	793.636869725199	827.964888040752	821.054961831264
B9J08_03967	14864.1464823212	13812.1837214903	14914.4965450567	15652.9638328808
B9J08_03966	2.01125045427525	7.81358380882755	6.67713619387703	8.01811486163344
B9J08_03965	1225.85715188077	1201.05945404264	1308.7186939999	1316.57446028021
B9J08_03964	267.496310418609	327.054293712353	283.778288239774	330.346332299298
B9J08_03963	196.096919291837	203.153179029516	161.364124685362	137.911575620095
B9J08_03962	1.00562522713763	4.46490503361574	1.11285603231284	1.60362297232669
B9J08_03961	841.708315114193	872.888934071878	832.416312170004	813.838658455794
B9J08_03960	1746.77101953806	1714.52353290845	1918.56379970733	1849.77909857883
B9J08_03959	1407.87531799268	1311.56585362463	1394.40860848799	1311.76359136323
B9J08_03958	2961.56629392031	4819.8649837882	745.613541649602	586.926007871568
B9J08_03957	1412.90344412836	1467.83752980118	1600.28697446586	1518.63095479337
B9J08_03956	2996.76317687013	2955.76713225362	3019.17841566473	3155.12819805276
B9J08_03955	0	1.11622625840394	4.45142412925136	3.20724594465338
B9J08_03954	4738.50607027249	4956.04458731348	4667.31819952005	4842.9413764266
B9J08_03953	3684.61083223226	4229.38129309251	4395.78132763571	4631.26314407947
B9J08_03952	3427.17077408503	3206.91804039451	3355.26093742321	3199.22782979174
B9J08_03951	338.89570154538	339.332782554797	330.518241596913	301.481118797417
B9J08_03950	470.632606300409	502.301816281771	366.129634630924	395.293062678529
B9J08_03949	2086.67234631057	2252.54458945914	1888.51668683489	1947.60009989076
B9J08_03948	361.019456542408	346.03014010522	401.741027664935	374.445964038282
B9J08_03947	1592.910359786	1203.29190655944	1447.825698039	2164.08920115487
B9J08_03946	1713.58538704251	1956.7446309821	275.988296013584	244.55250327982
B9J08_03945	188.051917474736	184.177332636649	585.362272996553	724.837583491663
B9J08_03944	249.395056330131	264.545623241733	222.571206462568	256.57967557227
B9J08_03943	435.435723350592	416.352394384668	401.741027664935	445.005374820656
B9J08_03942	4604.75791506319	4627.87406734272	4770.81381052514	5279.92863638562
B9J08_03941	713.993911267714	724.430841704155	735.597837358787	767.33359225832
B9J08_03940	14274.8500992186	13643.6335564713	13484.4765435347	13265.1692270864
B9J08_03939	3320.57450000844	3087.48183074529	1170.72454599311	1316.57446028021
B9J08_03938	838.69143943278	730.011972996174	886.946257753333	768.135403744484
B9J08_03937	2934.41441278759	3132.13088108145	3212.81536528717	3107.01950888296
B9J08_03936	1708.55726090683	1714.52353290845	1809.50390854068	1719.88563782037
B9J08_03935	1911.69355678863	1868.56275656819	1640.34979162912	1585.98311963109
B9J08_03934	945.287713509368	936.513830800902	832.416312170004	872.370896945718
B9J08_03933	243.361304967305	245.569776848866	252.618319335014	227.71446207039
B9J08_03932	4424.75099940555	4419.13975702118	4253.33575549967	4386.71064079966
B9J08_03931	1293.23404209899	1323.84434246707	1447.825698039	1328.60163257266
B9J08_03930	2783.57062871695	2654.38604248456	2599.63169148279	2629.94167461577
B9J08_03929	5668.7094053748	5638.05883119828	5818.01133693152	5619.09489503271
B9J08_03928	6883.50467975705	7095.85032467382	6513.54635712705	6251.72415761559
B9J08_03927	7624.65047215748	7909.57926705029	7996.98344820006	8198.52244602019
B9J08_03926	647.622646276631	618.389347155781	910.316234431902	918.875963143192
B9J08_03925	793.438304211587	882.934970397514	734.484981326474	743.27924767342
B9J08_03924	9.05062704423863	6.69735755042362	18.9185525493183	19.2434756679203
B9J08_03923	1194.6827698395	1137.43455731361	1248.62446825501	1272.47482854123
B9J08_03922	1413.9090693555	1295.93868600697	1317.6215422584	1254.03316435947
B9J08_03921	4828.00671548774	4721.63707304865	4350.15423031089	4381.09796039651
B9J08_03920	151.849409297782	164.085259985379	152.461276426859	161.164108718832
B9J08_03919	3541.81204997872	3679.08174769937	2939.05278133821	3156.73182102509
B9J08_03918	1939.85106314848	1849.58691017532	1677.07404069545	1907.5095255826
B9J08_03917	866.848945792634	949.90854590175	858.012000913199	990.23718541173
B9J08_03916	5598.31563947516	5798.79541240845	5897.02411522573	5730.54669160942
B9J08_03915	1275.13278801051	1307.10094859101	1101.72747198971	1193.09549141106
B9J08_03914	4987.90112660262	4727.21820434067	5007.85214540778	4864.59028655301
B9J08_03913	3148.61258616791	3027.20561279148	2819.97718588073	2724.55542998304
B9J08_03912	1628.10724273582	1629.69033726975	1625.88266320906	1594.80304597889
B9J08_03911	951.321464872194	984.511559912272	977.087596370673	1068.01289956957
B9J08_03910	2590.49058510652	2670.01321010222	2760.99581616815	2718.9427495799
B9J08_03909	447.503226076244	443.141824586363	586.475129028866	549.240868021891
B9J08_03908	420.351344943528	433.095788260727	792.353495006741	877.983577348862
B9J08_03907	6348.51205891983	5994.13500762914	5815.7856248669	5849.21479156159
B9J08_03906	10534.9298794938	10297.1872337763	10319.513987637	10395.4859181078
B9J08_03905	2913.2962830177	2839.67960137961	2570.69743464266	2562.58950977805
B9J08_03904	2596.52433646935	2754.84640574091	2890.08711591644	3022.02749134964
B9J08_03903	868.860196246909	745.639140613829	804.594911362183	878.785388835025
B9J08_03902	903.051453969588	881.81874413911	888.059113785646	942.930307728093
B9J08_03901	1824.20416202765	1804.93785983916	1891.85525493183	1866.61713978826
B9J08_03900	224.254425651691	222.129025422383	224.796918527193	219.696347208756
B9J08_03899	3094.30882390248	2872.05016287333	3090.40120173275	3139.89377981566
B9J08_03898	4958.73799501563	4884.60610677563	4804.19949149453	4631.26314407947
B9J08_03897	1059.92898940306	936.513830800902	802.369199297557	870.767273973392
B9J08_03896	1276.13841323765	1185.43228642498	1296.47727764446	1207.528098162
B9J08_03895	7061.50034496041	6654.94095260427	6944.22164163212	6605.32302301363
B9J08_03894	4662.07855301003	4543.04087170402	3798.17763828372	3705.97268904698
B9J08_03893	4057.69779150032	3703.63872538426	3671.31205060006	3744.45964038282
B9J08_03892	684.830779680723	646.295003615879	712.227860680217	689.557878100476
B9J08_03891	6412.87207345664	5953.9508623266	6346.61795228012	6652.62990069726
B9J08_03890	1900.63167929011	1829.49483752405	1509.03277981621	1648.52441555184
B9J08_03889	1141.38463280121	1168.68889254892	1060.55179879414	1197.10454884187
B9J08_03888	4883.31610298031	5095.57286961397	5359.51465161863	5277.52320192713
B9J08_03887	439.458224259143	409.655036834245	469.625245636018	465.05066197474
B9J08_03886	2882.12190097644	2711.31358166316	2809.96148158992	2803.13295562705
B9J08_03885	1381.7290620871	1537.04355782222	835.754880266942	781.76619900926
B9J08_03884	1472.23533252948	1486.81337619404	1471.19567471757	1391.94473997957
B9J08_03883	1149.42963461831	1089.43682820224	663.262195258452	740.072001728767
B9J08_03882	26245.8128030649	24272.3399889936	20700.2350570511	20912.0453706262
B9J08_03881	1112.22150121421	1167.57266629052	1029.39182988938	1022.30964485826
B9J08_03880	1.00562522713763	0	0	0
B9J08_03879	0	0	0	0
B9J08_03878	1.00562522713763	0	0	0
B9J08_03877	0	0	0	0
B9J08_03876	10689.796164473	10588.5222872197	10842.556322824	10985.619171924
B9J08_03875	7534.14420171509	7445.22914355425	7258.04704274434	7247.57402343047
B9J08_03874	11020.6468642012	10413.2747646503	10808.0577858223	10648.0565362492
B9J08_03873	76086.6103104599	72021.1506447388	62285.4392725173	61417.1562171398
B9J08_03872	4343.29535600741	4493.92691633425	4096.42305494356	4086.0313334884
B9J08_03871	38949.8762974945	39805.7446009428	39588.7404934969	40793.7629815325
B9J08_03870	95.5343965780745	99.3441369979503	24.4828327108825	25.657967557227
B9J08_03869	1875.49104861167	2134.22460606833	2935.71421324127	2747.00615159562
B9J08_03868	4983.87862569407	5162.54644511821	4935.51650330744	5048.20511688441
B9J08_03867	842.71394034133	779.125928365948	859.124856945512	857.938290194778
B9J08_03866	1500.39283888934	1389.7016917129	1174.06311409005	1241.20418058086
B9J08_03865	747.179543763256	771.31234455712	972.636172241421	874.776331404208
B9J08_03864	3.01687568141288	2.23245251680787	2.22571206462568	0
B9J08_03863	484.711359480336	431.979562002323	530.832327413224	498.7267443936
B9J08_03862	1211.77839870084	1243.47605186199	1205.2230829948	1241.20418058086
B9J08_03861	461.58197925617	447.606729619978	451.819549119013	427.365522125062
B9J08_03860	6561.70460707301	6574.57266199918	7028.79870008789	7153.76207954935
B9J08_03859	192.074418383287	164.085259985379	392.838179406432	347.986184994891
B9J08_03858	696.898282406375	704.338769052884	616.522241901313	599.754991650181
B9J08_03857	174.978789521947	196.455821479093	133.542723877541	177.200338442099
B9J08_03856	1261.05403483058	1453.32658844192	1338.76580687235	1459.29690481729
B9J08_03855	2164.10548880017	1998.04500254305	2118.87788552365	2332.46961324917
B9J08_03854	559.12762628852	582.670106886855	458.49668531289	513.15935114454
B9J08_03853	755.224545580357	682.014243884805	655.472203032262	695.170558503619
B9J08_03852	7649.79110283592	7704.19363550397	7159.00285586849	7372.65661527195
B9J08_03851	966.405843279259	971.116844811425	899.187674108774	822.658584803591
B9J08_03850	1993.14920018677	2091.80800824898	2426.02615044199	2673.23949486859
B9J08_03849	1380.72343685996	1327.19302124228	1402.19860071418	1435.24256023239
B9J08_03848	12727.1928746538	13202.7241844018	9423.66488162512	8799.8810606427
B9J08_03847	1882.53042520164	1780.38088215428	1662.60691227538	1750.35447429458
B9J08_03846	11.0618774985139	7.81358380882755	18.9185525493183	27.2615905295537
B9J08_03845	3735.89771881628	3938.04623964909	3646.82921788917	3739.64877146584
B9J08_03844	832.657688069954	810.380263601258	894.736249979523	868.361839514902
B9J08_03843	75.4218920353219	73.6709330546598	117.962739425161	139.515198592422
B9J08_03842	17008.1394665787	15511.0800867811	15287.3033158815	16093.9601502706
B9J08_03841	67214.9845566518	65451.0428877732	61047.9433645854	57254.9527924659
B9J08_03840	5821.56443989972	6321.18930134149	3484.3522371715	3680.31472148975
B9J08_03839	103632.696532214	100981.640919029	94251.1159446713	91832.271321774
B9J08_03838	813.550808754339	821.542526185297	687.745027969335	594.944122733201
B9J08_03837	1306.30717005178	1300.40359104059	1348.78151116316	1380.71937917328
B9J08_03836	3806.29148471591	3402.2576356152	3355.26093742321	3309.07600339612
B9J08_03835	819.584560117165	778.009702107544	738.936405455725	709.603165254559
B9J08_03834	2166.11673925445	2127.5272485179	2128.89358981446	2241.06310382655
B9J08_03833	1571.79223001611	1457.79149347554	1572.46557365804	1646.11898109335
B9J08_03832	15641.4947828986	15254.3480473482	15095.8920783237	15579.1971761538
B9J08_03831	1116.24400212276	1053.71758793332	1051.64895053563	1162.62665493685
B9J08_03830	4156.24906375981	4008.36849392853	3566.70358356265	3260.96731422632
B9J08_03829	709.971410359164	700.990090277672	75.6742101972731	53.721369572944
B9J08_03828	968.417093733534	1005.71985882195	767.870662295859	724.0357720055
B9J08_03827	429.401971987766	500.069363764963	377.258194954052	375.247775524445
B9J08_03826	4627.88729528735	4507.32163143509	3315.19812025995	3382.04084863699
B9J08_03825	400.238840400775	400.725226767013	403.966739729561	367.229660662812
B9J08_03824	2267.68488719535	2186.68724021331	3686.89203505244	3393.26620944327
B9J08_03823	2809.71688462253	2634.29396983329	3588.96070420891	3738.04514849351
B9J08_03822	471.638231527547	544.718414101121	544.186599800978	491.51044101813
B9J08_03821	3687.62770791367	3603.17836212791	3565.59072753034	3537.59227695267
B9J08_03820	525.941993792978	555.88067668516	771.209230392798	734.459321325623
B9J08_03819	4531.34727348214	4710.47481046461	4221.0629305626	4224.74472059466
B9J08_03818	2023.3179570009	2115.24875967546	1879.61383857639	2103.95333969261
B9J08_03817	457.55947834762	454.304087170402	449.593837054387	403.311177540162
B9J08_03816	1394.80219003989	1407.56131184736	1178.5145382193	1185.07737654942
B9J08_03815	5291.59994519819	5028.59929410973	5207.05337519177	5239.03625059129
B9J08_03814	1319.38029800457	1300.40359104059	5219.29479154722	5737.76299498489
B9J08_03813	6514.44022139754	7793.49173617628	32613.3588829601	33299.2310203637
B9J08_03812	231.293802241654	236.639966781634	228.135486624132	210.074609374796
B9J08_03811	15549.9828872291	18846.3641468921	6085.0967846866	6162.72308265146
B9J08_03810	17289.7145301772	17511.357541841	17525.2567968626	17181.2165255081
B9J08_03809	1088.08649576291	1165.34021377371	1257.52731651351	1350.25054269907
B9J08_03808	2264.66801151393	2494.7656875328	2259.09774559506	2120.79138090205
B9J08_03807	268.501935645746	252.26713439929	260.408311561204	236.534388418186
B9J08_03806	1159.48588688968	1159.75908248169	1196.3202347363	1250.82591841482
B9J08_03805	1141.38463280121	1214.45416914348	1150.69313741148	1128.95057251799
B9J08_03804	8064.10869641662	7733.21551822247	8143.88044446536	8018.9166731196
B9J08_03803	2480.87743534852	2446.76795842143	2320.30482737227	2433.49786050575
B9J08_03802	1643.19162114288	1574.99525060795	1642.57550369375	1711.86752295874
B9J08_03801	45300.3996068686	44344.3205676132	47611.3196304402	49407.6237773853
B9J08_03800	522.925118111565	516.812757641022	504.123782637716	512.357539658377
B9J08_03799	11727.601398879	11782.884383712	8714.77558904184	8888.88213560683
B9J08_03798	10.0562522713763	4.46490503361574	11.1285603231284	9.62173783396013
B9J08_03797	62956.1617197239	62704.0100658411	77814.2323474107	77917.6347908953
B9J08_03796	656.67327332087	642.946324840667	626.537946192128	685.548820669659
B9J08_03795	2069.57671744923	1950.04727343168	2015.38227451855	2103.15152820645
B9J08_03794	1452.12282798673	1443.28055211629	1433.35856961894	1420.80995348145
B9J08_03793	1425.97657208115	1359.56358273599	1364.36149561554	1348.64691972674
B9J08_03792	5923.13258784062	5904.83690695682	6142.96529836687	6048.0640401301
B9J08_03791	473.649481981822	442.025598327959	460.722397377515	477.879645753353
B9J08_03790	2683.00810600319	2619.78302847404	2571.81029067497	2914.58475220376
B9J08_03789	1286.19466550902	1299.28736478218	1388.84432832642	1303.7454765016
B9J08_03788	463.593229710446	516.812757641022	1029.39182988938	1052.77848133247
B9J08_03787	2153.04361130166	2385.37551420921	2355.91622040628	2281.95548962088
B9J08_03786	454.542602666207	490.023327439328	563.105152350297	494.717686962783
B9J08_03785	2117.84672835184	2332.91288006423	2546.21460193178	2343.69497405545
B9J08_03784	0	1.11622625840394	1.11285603231284	1.60362297232669
B9J08_03783	822.601435798578	748.987819389041	797.917775168306	845.911117902328
B9J08_03782	9275.88709511746	10274.8627086082	1082.80891944039	1103.29260496076
B9J08_03781	1057.91773894878	929.816473250479	1119.53316850672	1235.59150017771
B9J08_03780	10.0562522713763	10.0460363256354	7.78999222618987	6.41449188930675
B9J08_03779	14.0787531799268	4.46490503361574	54.5299455833291	69.7575992962109
B9J08_03778	2.01125045427525	1.11622625840394	14.4671284200669	14.4326067509402
B9J08_03777	2.01125045427525	1.11622625840394	4.45142412925136	6.41449188930675
B9J08_03776	2.01125045427525	0	27.821400807821	17.6398526955936
B9J08_03775	3.01687568141288	2.23245251680787	4.45142412925136	3.20724594465338
B9J08_03774	38.2137586312298	50.2301816281771	205.878365977875	234.128953959696
B9J08_03773	6.03375136282576	5.58113129201968	6.67713619387703	12.0271722924502
B9J08_03772	0	1.11622625840394	2.22571206462568	0.801811486163344
B9J08_03771	8.04500181710101	6.69735755042362	28.9342568401338	23.252533098737
B9J08_03770	46.2587604483308	68.0898017626401	161.364124685362	200.452871540836
B9J08_03769	12.0675027256515	21.2082989096748	50.0785214540778	49.7123121421273
B9J08_03768	313.755070866939	349.378818880432	395.063891471058	397.698497137019
B9J08_03767	8.04500181710101	8.92981006723149	15.5799844523797	16.0362297232669
B9J08_03766	2460.76493080577	2234.68496932468	2207.90636810867	2350.91127743092
B9J08_03765	40.225009085505	49.1139553697732	74.5613541649602	82.5865830748244
B9J08_03764	512.868865840189	494.488232472944	516.365198993157	498.7267443936
B9J08_03763	456.553853120482	421.933525676688	419.54672418194	469.86153089172
B9J08_03762	4175.35594307542	3714.8009879683	4187.67724959321	4300.11500029401
B9J08_03761	1945.88481451131	1869.67898282659	2372.60906089097	2322.04606392904
B9J08_03760	5713.96254059599	5677.12675024242	5329.46753874619	5232.62175870198
B9J08_03759	525.941993792978	500.069363764963	579.797992834989	559.664417342014
B9J08_03758	483.705734253198	522.393888933042	527.493759316286	583.718761926914
B9J08_03757	3.01687568141288	3.34867877521181	1.11285603231284	8.01811486163344
B9J08_03756	2747.36812053999	2443.41927964622	2456.07326331444	2645.97790433904
B9J08_03755	0	1.11622625840394	0	0
B9J08_03754	0	1.11622625840394	0	0
B9J08_03753	5176.9586693045	5150.26795627576	4907.69510249962	4764.36385078259
B9J08_03752	1537.60097229343	1543.74091537264	1699.33116134171	1647.72260406567
B9J08_03751	1136.35650666552	1144.13191486403	1366.58720768017	1359.87228053303
B9J08_03750	1504.41533979789	1449.97790966671	1320.96011035534	1298.13279609845
B9J08_03749	46.2587604483308	52.462634144985	81.2384903588373	44.0996317389839
B9J08_03748	1716.60226272393	1814.9838961648	1916.33808764271	1962.0327066417
B9J08_03747	1163.50838779823	1128.50474724638	1075.0189272142	1120.93245765635
B9J08_03746	726.061413993366	759.033855714677	801.256343265244	802.613297649507
B9J08_03745	636.560768778117	568.159165527604	578.685136802676	564.475286258994
B9J08_03744	599.352635374025	590.483690695682	647.682210806072	683.945197697332
B9J08_03743	3968.19714628507	3977.11415869322	3959.54176296908	4319.35847596193
B9J08_03742	2499.98431466414	2339.61023761465	2502.81321667157	2714.13188066292
B9J08_03741	7.03937658996338	5.58113129201968	5.5642801615642	4.00905743081672
B9J08_03740	3.01687568141288	5.58113129201968	7.78999222618987	7.2163033754701
B9J08_03739	213.192548153177	199.804500254305	228.135486624132	262.994167461577
B9J08_03738	0	0	0	1.60362297232669
B9J08_03737	4989.9123770569	4448.16163973969	267.085447755081	296.670249880437
B9J08_03736	1350.55468004583	1408.67753810577	1560.2241573026	1532.26175005815
B9J08_03735	580.24575605841	625.086704706204	701.099300357089	684.747009183496
B9J08_03734	692.875781497824	724.430841704155	3423.14515539429	3776.53209982935
B9J08_03733	796.455179893	781.358380882755	1043.85895830944	940.524873269602
B9J08_03732	1093.1146218986	1047.02023038289	2314.74054721071	2194.55803762907
B9J08_03731	2.01125045427525	3.34867877521181	0	0
B9J08_03730	1027.74898213465	1071.57720806778	1199.65880283324	1093.6708671268
B9J08_03729	7.03937658996338	3.34867877521181	11.1285603231284	14.4326067509402
B9J08_03728	2144.99860948456	2240.2661006167	1884.06526270564	1816.10301615997
B9J08_03727	3784.16772971889	3820.84248251667	3854.93329593167	3716.3962383671
B9J08_03726	441.469474713418	362.773533981279	492.995222314588	540.420941674094
B9J08_03725	2316.96052332509	2136.45705858513	2634.13022848449	2899.35033396665
B9J08_03724	1155.46338598113	1146.36436738084	1323.18582241997	1261.24946773494
B9J08_03723	3802.26898380736	3485.97460499549	3573.38071975653	3651.44950798787
B9J08_03722	304.704443822701	254.499586916097	240.376902979573	238.138011390513
B9J08_03721	4344.30098123454	3867.72398536964	3788.1619339929	3781.34296874633
B9J08_03720	777.348300577385	666.38707626715	923.670506819656	936.515815838786
B9J08_03719	2629.70996896489	2491.41700875759	2877.845699561	2880.10685829873
B9J08_03718	26.1462559055783	27.9056564600984	81.2384903588373	68.9557878100476
B9J08_03717	13790.1387397383	13669.3067604146	13885.1047151673	13600.3264283026
B9J08_03716	61.3431388553952	70.322254279448	130.204155780602	77.7757141578444
B9J08_03715	419.34571971639	381.749380374146	442.91670086051	449.014432251473
B9J08_03714	238.333178831617	151.806771142935	132.429867845228	165.974977635812
B9J08_03713	2506.01806602696	2389.84041924283	2405.99474186036	2574.6166820705
B9J08_03712	2203.32487265854	2395.42155053485	1994.23800990461	2139.2330450838
B9J08_03711	8117.40683345492	7874.97625303977	8158.34757288542	7898.6449501951
B9J08_03710	3159.67446366642	2972.51052612968	3101.52976205588	2913.78294071759
B9J08_03709	980.484596459185	947.676093384942	1090.59891166658	1116.12158873937
B9J08_03708	46988.8443632327	44890.1552079727	383.935331147929	426.563710638899
B9J08_03707	887.967075562524	938.74628331771	931.460499045846	929.299512463316
B9J08_03706	1299.26779346181	1222.26775295231	1308.7186939999	1258.04222179029
B9J08_03705	2386.34866399759	2505.92795011684	2352.57765230934	2344.49678554162
B9J08_03704	3864.6177478899	3939.16246590749	3966.21889916296	3739.64877146584
B9J08_03703	2702.1149853188	2884.32865171577	2626.3402362583	2729.36629890002
B9J08_03702	2706.13748622735	2511.50908140886	2774.35008855591	2819.97099683648
B9J08_03701	2157.06611221021	1958.97708349891	2045.429387391	2047.82653566118
B9J08_03700	1754.81602135516	1689.96655522356	189.185525493183	158.758674260342
B9J08_03699	5028.12613568813	7005.4359977431	4162.08156085002	3708.37812350547
B9J08_03698	20705.8234267637	24247.7830113087	8960.71677218298	8549.71587695974
B9J08_03697	4479.05476167099	4826.56234133862	4813.10233975303	4622.44321773168
B9J08_03696	3284.37199183149	3345.3300964366	3253.99103848274	3345.95933175963
B9J08_03695	1167.53088870678	1193.24587023381	1313.17011812915	1164.23027790918
B9J08_03694	1685.42788068266	1648.66618366261	1600.28697446586	1537.87443046129
B9J08_03693	2613.61996533069	2811.77394491952	2464.97611157294	2466.37213143845
B9J08_03692	4833.03484162343	4583.22501700656	4823.11804404384	4850.95949128823
B9J08_03691	311.743820412664	378.400701598934	560.879440285671	573.295212606791
B9J08_03690	2941.45378937756	4159.05903881307	2696.45016629401	2283.5591125932
B9J08_03689	1206.75027256515	1554.90317795668	1230.818771738	1109.70709685007
B9J08_03688	1141.38463280121	1235.66246805316	1117.30745644209	1080.84188334819
B9J08_03687	3.01687568141288	1.11622625840394	8.90284825850271	5.61268040314341
B9J08_03686	695.892657179237	721.082162928943	748.952109746541	745.68468213191
B9J08_03685	1682.41100500125	1833.95974255767	1593.60983827199	1611.64108718832
B9J08_03684	5849.72194625957	5775.35466098197	5190.36053470708	5208.56741411708
B9J08_03683	4828.00671548774	4714.93971549823	4367.95992682789	4258.42080301352
B9J08_03682	12308.8527801645	12893.5295108239	12015.5065808817	12064.0556208137
B9J08_03681	2119.85797880612	2211.2442178982	2064.34793994032	2084.70986402469
B9J08_03680	6660.2558793325	6445.09041602433	7025.46013199095	6636.593670974
B9J08_03679	12081.5814788314	12247.234507208	11472.4328371131	11076.2238698604
B9J08_03678	3753.99897290476	3621.03798226237	3439.83799587899	3237.71478112758
B9J08_03677	7122.8434838158	7525.59743415934	5902.5883953873	5680.83437946729
B9J08_03676	9669.08655892827	9097.24400599208	9498.22623579008	8665.97854245342
B9J08_03675	2245.56113219832	2438.9543746126	2368.15763676172	2241.86491531271
B9J08_03674	2288.80301696524	2418.86230196133	2373.72191692329	2435.90329496424
B9J08_03673	2638.76059600913	2579.5988831715	2552.89173812565	2465.57031995228
B9J08_03672	4444.86350394831	4592.15482707379	5288.29186555061	5624.70757543586
B9J08_03671	5130.69990885617	5189.3358753199	5103.55776418668	4940.76237773853
B9J08_03670	18458.2510441111	18629.8162527617	17824.6150695547	16828.4194715963
B9J08_03669	2907.26253165488	2702.38377159593	3025.85555185861	2790.30397184844
B9J08_03668	12666.8553610255	13688.2826068075	10942.7133657321	10800.4007186202
B9J08_03667	1218.8177752908	1295.93868600697	1177.40168218698	1171.44658128465
B9J08_03666	10301.6248267978	10476.8996613793	8479.96296622383	7990.85327110389
B9J08_03665	2736.30624304148	3051.76259047636	2936.82706927358	3019.62205689115
B9J08_03664	2527.13619579685	2610.85321840681	2627.45309229061	2705.31195431512
B9J08_03663	6858.36404907861	7060.1310844049	6945.33449766443	6825.01937022238
B9J08_03662	1227.86840233504	1279.19529213091	1274.2201569982	1139.37412183811
B9J08_03661	1018.69835509042	1103.94776956149	1039.40753418019	1001.46254621802
B9J08_03660	3972.21964719362	4039.62282916385	4310.09141314763	4354.63818135312
B9J08_03659	15720.9391758425	17052.5885496369	17248.1556448167	16858.0864965843
B9J08_03658	2596.52433646935	2897.72336681662	2181.19782333316	2088.71892145551
B9J08_03657	1510.44909116071	1422.07225320661	1401.08574468186	1359.87228053303
B9J08_03656	4597.71853847323	4865.63026038276	4987.82073682614	4657.72292312287
B9J08_03655	168.945038159121	173.01507005261	211.442646139439	189.227510734549
B9J08_03654	1660.28725000422	1870.795209085	1845.11530157469	1727.10194119584
B9J08_03653	2464.78743171432	2587.41246698032	2616.32453196748	2613.10363340634
B9J08_03652	870.871446701184	939.862509576114	909.203378399589	953.353857048216
B9J08_03651	4613.80854210743	4579.87633823135	4405.79703192653	4067.58966930664
B9J08_03650	1730.68101590385	1655.36354121304	1864.03385412401	1901.89684517945
B9J08_03649	514.880116294464	431.979562002323	554.202304091794	597.349557191691
B9J08_03648	937.242711692267	990.092691204291	878.04340949483	770.540838202974
B9J08_03647	835.674563751367	857.261766454223	922.557650787344	869.965462487228
B9J08_03646	1597.93848592169	1674.3393876059	1552.43416507641	1547.49616829525
B9J08_03645	7.03937658996338	11.1622625840394	7.78999222618987	5.61268040314341
B9J08_03644	2389.365539679	2417.74607570293	1974.20660132298	2081.50261808004
B9J08_03643	1555.70222638191	1721.22089045887	1626.99551924137	1573.95594733864
B9J08_03642	3802.26898380736	3867.72398536964	3497.70650955925	3561.64662153757
B9J08_03641	1246.97528165066	1231.19756301954	1178.5145382193	1192.29367992489
B9J08_03640	275.541312235709	293.567505960235	262.63402362583	284.643077587987
B9J08_03639	3088.27507253965	3458.06894853539	2575.14885877191	2492.83191048184
B9J08_03638	1897.6148036087	1881.95747166904	1880.7266946087	1852.18453303732
B9J08_03637	2254.61175924256	2348.54004768188	2056.55794771413	2020.56494513163
B9J08_03636	1692.46725727262	1947.81482091487	2012.04370642161	1816.90482764614
B9J08_03635	10781.3080601425	10049.3850044106	11194.2188290348	11789.8360925458
B9J08_03634	1222.84027619935	1108.41267459511	1251.96303635194	1161.02303196452
B9J08_03633	189.057542701874	196.455821479093	228.135486624132	241.345257335167
B9J08_03632	311.743820412664	293.567505960235	344.98537001698	364.824226204322
B9J08_03631	8389.93127000921	9058.17608694794	7521.79392240248	6326.29262582878
B9J08_03630	462.587604483308	477.744838596885	447.368124989761	525.18652343699
B9J08_03629	330.850699728279	334.867877521181	393.951035438745	355.202488370361
B9J08_03628	768.297673533146	751.220271905849	895.849106011835	977.408201633116
B9J08_03627	2314.94927287081	2188.91969273012	2451.62183918518	2461.56126252147
B9J08_03626	2515.0686930712	2522.6713439929	2650.82306896918	2862.46700560314
B9J08_03625	1407.87531799268	1463.37262476756	1417.77858516656	1397.55742038271
B9J08_03624	2141.98173380314	2011.43971764389	2237.95348098112	2510.47176317743
B9J08_03623	2495.96181375559	2672.24566261902	2737.62583948958	2829.59273467044
B9J08_03622	2.01125045427525	0	4.45142412925136	3.20724594465338
B9J08_03621	268.501935645746	289.10260092662	230.361198688758	286.246700560314
B9J08_03620	6.03375136282576	10.0460363256354	27.821400807821	15.2344182371035
B9J08_03619	84.4725190795606	78.1358380882755	70.1099300357089	79.3793371301711
B9J08_03618	2327.01677559647	2383.1430616924	3044.77410440793	3099.80320550749
B9J08_03617	554.099500152832	519.04521015783	609.845105707436	707.197730796069
B9J08_03616	10542.9748813109	10015.8982166585	9927.78866426284	10581.5061828977
B9J08_03615	4647.99979983011	4676.98802271249	3301.84384787219	3309.87781488228
B9J08_03614	278.558187917122	386.214285407762	914.767658561154	899.632487475272
B9J08_03613	8818.32761676984	8216.54148811138	8435.44872493132	8494.39088441447
B9J08_03612	925.175208966616	846.099503870184	602.055113481246	625.412959207408
B9J08_03611	3.01687568141288	2.23245251680787	1.11285603231284	1.60362297232669
B9J08_03610	590.302008329786	545.834640359525	468.512389603705	501.13217885209
B9J08_03609	942.270837827955	983.395333653868	1043.85895830944	978.21001311928
B9J08_03608	22022.1868490869	20394.5699672983	20029.1828695665	20560.8519396866
B9J08_03607	1132.33400575697	1112.87757962872	1144.0160012176	1115.31977725321
B9J08_03606	2166.11673925445	2142.03818987715	2300.27341879064	2200.17071803222
B9J08_03605	601.3638858283	574.856523078027	676.616467646206	650.269115278472
B9J08_03604	1847.33354225182	1769.21861957024	1898.5323911257	1777.61606482413
B9J08_03603	1375.69531072427	1189.8971914586	1435.58428168356	1294.9255501538
B9J08_03602	635.55514355098	704.338769052884	850.222008687009	832.280322637551
B9J08_03601	50410.987011182	59186.7811256103	51526.3471521168	48908.0952215055
B9J08_03600	2052.48108858789	2437.8381483542	2023.17226674474	2026.97943702093
B9J08_03599	1590.89910933172	1566.06544054072	1675.96118466314	1583.5776851726
B9J08_03598	738.128916719017	866.191576521455	693.309308130899	643.052811903002
B9J08_03597	1783.97915294215	1914.32803316275	1819.51961283149	1785.63417968577
B9J08_03596	2984.69567414447	2933.44260708554	2852.25001081781	2949.86445759494
B9J08_03595	895.006452152487	853.913087679011	879.156265527143	888.407126668985
B9J08_03594	86.4837695338358	88.181874413911	125.752731651351	103.433681715071
B9J08_03593	1090.09774621719	946.559867126538	1151.80599344379	1161.82484345069
B9J08_03592	348.951953816756	354.959950172452	342.759657952354	364.824226204322
B9J08_03591	5.02812613568813	5.58113129201968	11.1285603231284	18.4416641817569
B9J08_03590	7288.77164629351	7259.9355846592	7420.52402346201	7416.75624701093
B9J08_03589	81.4556433981477	87.065648155507	30.0471128724467	16.0362297232669
B9J08_03588	4890.35547957027	4908.04685820211	5131.3791649945	5260.6851607177
B9J08_03587	736.117666264742	680.898017626401	681.067891775457	640.647377444512
B9J08_03586	478.67760811751	549.183319134737	442.91670086051	475.474211294863
B9J08_03585	2575.40620669946	2647.68868493414	2768.78580839434	2755.02426645725
B9J08_03584	0	0	0	0
B9J08_03583	0	0	0	0
B9J08_03582	1011.65897850045	1068.22852929257	878.04340949483	922.885020574009
B9J08_03581	874.893947609735	804.799132309238	945.927627465913	852.325609791635
B9J08_03580	2942.45941460469	2732.52188057284	2636.35594054912	2770.25868469435
B9J08_03579	12333.993410843	12361.0895855652	11297.7144400399	11118.7198786271
B9J08_03578	456.553853120482	427.514656968708	519.703767090096	504.339424796743
B9J08_03577	0	0	0	0.801811486163344
B9J08_03576	0	0	1.11285603231284	1.60362297232669
B9J08_03575	255.428807692957	256.732039432905	280.439720142835	306.291987714397
B9J08_03574	2621.66496714779	2862.00412654769	2845.57287462393	2949.06264610878
B9J08_03573	1592.910359786	1695.54768651558	1478.98566694376	1441.65705212169
B9J08_03572	1694.4785077269	1599.55222829284	1900.75810319033	1841.7609837172
B9J08_03571	661.701399456558	668.619528783958	572.008000608799	639.845565958349
B9J08_03570	1168.53651393392	1188.78096520019	1151.80599344379	1076.83282591737
B9J08_03569	1353.57155572724	1324.96056872547	1230.818771738	1203.51904073118
B9J08_03568	311.743820412664	352.727497655644	378.371050986365	337.562635674768
B9J08_03567	822.601435798578	901.910816790381	997.119004952304	964.579217854503
B9J08_03566	750.196419444669	673.084433817574	753.403533875792	757.71185442436
B9J08_03565	1027.74898213465	1091.66928071905	953.717619692103	1011.08428405198
B9J08_03564	3081.23569594969	3069.62221061082	2578.48742686885	2785.49310293146
B9J08_03563	8824.36136813267	11564.1040370648	4137.59872813914	3517.54698979859
B9J08_03562	292.636941097049	274.591659567368	329.4053855646	359.211545801178
B9J08_03561	10554.0367588094	10556.151725726	9003.00530141087	8734.93433026347
B9J08_03560	10.0562522713763	16.743393876059	4.45142412925136	12.8289837786135
B9J08_03559	2172.15049061727	2258.12572075116	2245.74347320731	2309.21708015043
B9J08_03558	1828.2266629362	1761.40503576141	1826.19674902537	1907.5095255826
B9J08_03557	619.465139916778	613.924442122165	669.939331452329	704.792296337579
B9J08_03556	3206.93884934189	2838.56337512121	2768.78580839434	2852.04345628301
B9J08_03555	1457.15095412242	1505.78922258691	1574.69128572267	1614.04652164681
B9J08_03554	1026.74335690752	997.906275013119	1225.25449157644	1067.21108808341
B9J08_03553	7478.83481422252	8183.05470035926	8779.32123891599	8734.13251877731
B9J08_03552	1426.98219730829	1356.21490396078	1237.49590793188	1144.98680224126
B9J08_03551	2326.01115036933	2269.2879833352	2309.17626704914	2349.3076544586
B9J08_03550	2290.81426741951	2310.58835489615	2369.27049279403	2432.69604901959
B9J08_03549	411.300717899289	401.841453025417	450.7066930867	464.248850488576
B9J08_03548	5178.96991975877	4747.31027699194	4934.40364727513	5077.87214187246
B9J08_03547	2595.51871124221	2619.78302847404	2725.38442313414	2806.3402015717
B9J08_03546	50281.2613568813	50139.7673012464	56079.0411803086	62357.6810904094
B9J08_03545	2967.60004528313	2792.79809852665	3111.5454663467	3088.5778447012
B9J08_03544	39.2193838583674	56.9275391786007	95.7056187789042	89.0010749641312
B9J08_03543	453.536977439069	382.86560663255	472.963813732957	443.401751848329
B9J08_03542	3888.7527533412	5650.33732004072	173.605541040803	129.893460758462
B9J08_03541	615.442639008227	617.273120897377	844.657728525445	811.433223997304
B9J08_03540	1383.74031254137	1396.39904926332	1374.37719990636	1348.64691972674
B9J08_03539	1482.29158480086	1508.02167510372	1868.48527825326	1803.27403238136
B9J08_03538	3233.08510524747	2924.51279701831	2964.6484700814	2875.29598938175
B9J08_03537	157.883160660607	152.922997401339	208.104078042501	183.614830331406
B9J08_03536	4562.52165552341	4483.88088000861	5112.46061244518	5057.82685471837
B9J08_03535	602.369511055438	634.016514773436	634.327938418318	629.422016638225
B9J08_03534	1311.33529618746	1332.7741525343	1243.06018809344	1366.28677242234
B9J08_03533	5068.35114477363	4783.02951726087	4793.0709311714	4769.97653118573
B9J08_03532	1915.71605769718	1813.8676699064	1877.38812651176	1710.26389998641
B9J08_03531	6135.31951076666	6860.32658415059	5232.64906393497	4976.84389461588
B9J08_03530	360.01383131527	397.376547991801	419.54672418194	360.815168773505
B9J08_03529	927.186459420891	800.334227275622	920.331938722718	919.677774629356
B9J08_03528	78001.32074293	75345.2724422657	68918.0612251018	68437.8175899861
B9J08_03527	4105.96780240293	4175.80243268913	4889.88940598262	4902.27542640269
B9J08_03526	8817.3219915427	8174.12489029203	8646.89137107076	8729.32164986033
B9J08_03525	3401.02451817945	3872.18889040325	3617.89496104904	3875.95672411361
B9J08_03524	4189.43469625535	4498.39182136786	3654.61921011536	3992.21938960729
B9J08_03523	1110.21025075994	1185.43228642498	1168.49883392848	1144.98680224126
B9J08_03522	1595.92723546741	1667.64203005548	1532.40275649478	1470.52226562357
B9J08_03521	9379.46649351264	9664.28694526128	9301.25071807071	8932.98176734582
B9J08_03520	1817.16478543769	1845.12200514171	1983.10944958148	2064.66457687061
B9J08_03519	492.756361297437	482.2097436305	540.84803170404	512.357539658377
B9J08_03518	90.5062704423863	83.7169693802952	107.947035134345	92.2083209087846
B9J08_03517	894.000826925349	930.932699508883	962.620467950606	882.794446265842
B9J08_03516	4276.92409101632	4277.37902220388	3666.8606264708	3797.3791984696
B9J08_03515	9712.32844369519	10038.2227418266	9684.07319318632	10037.8779952789
B9J08_03514	543.037622654318	648.527456132687	506.349494702342	421.752841721919
B9J08_03513	2692.05873304742	2787.21696723463	2251.30775336887	2265.91925989761
B9J08_03512	1654.25349864139	1693.31523399877	1808.39105250836	1707.85846552792
B9J08_03511	3200.90509797906	3093.06296203731	2969.09989421065	2973.11699069368
B9J08_03510	334.873200636829	361.657307722875	320.502537306098	348.787996481055
B9J08_03509	1305.30154482464	1176.50247635775	1177.40168218698	1162.62665493685
B9J08_03508	2361.20803331915	2298.3098660537	2334.77195579234	2289.17179299635
B9J08_03507	1198.70527074805	1146.36436738084	1249.73732428732	1173.85201574314
B9J08_03506	14140.0963187822	13826.6946628496	13761.5776955806	14770.169386615
B9J08_03505	591.307633556924	532.439925258678	752.290677843479	691.161501072803
B9J08_03504	1273.12153755623	1252.40586192922	1337.65295084003	1385.53024809026
B9J08_03503	731.089540129054	742.290461838618	870.25341726864	822.658584803591
B9J08_03502	1341.50405300159	1116.22625840394	1137.33886502372	1124.94151508717
B9J08_03501	3477.45203544191	3469.23121111943	3425.37086745892	3365.20280742755
B9J08_03500	12661.8272348898	12739.4902871641	13189.5696949718	13289.2235716713
B9J08_03499	670.752026500796	696.525185244056	724.469277035658	786.57706792624
B9J08_03498	1657.27037432281	1513.60280639574	1595.83555033661	1452.88241292798
B9J08_03497	799.472055574413	836.053467544548	851.334864719322	881.992634779678
B9J08_03496	640.583269686668	645.178777357475	705.55072448634	642.251000416839
B9J08_03495	890.983951243937	808.14781108445	980.426164467611	984.624505008586
B9J08_03494	1203.73339688374	1124.03984221276	1134.00029692678	959.768348937523
B9J08_03493	15419.2516077012	15249.8831423146	14709.7310351111	14698.0063528603
B9J08_03492	717.010786949127	760.150081973081	679.955035743145	775.351707119954
B9J08_03491	473.649481981822	428.630883227111	429.562428472756	427.365522125062
B9J08_03490	3085.25819685824	3299.56481984204	3018.06555963242	2946.65721165029
B9J08_03489	3244.14698274598	3215.84785046174	2627.45309229061	2591.45472327993
B9J08_03488	1046.85586145027	1052.60136167491	954.830475724416	821.856773317428
B9J08_03487	420.351344943528	433.095788260727	450.7066930867	437.789071445186
B9J08_03486	642.594520140943	657.457266199918	656.585059064575	728.044829436316
B9J08_03485	407.278216990738	413.003715609456	378.371050986365	409.725669429469
B9J08_03484	671.757651727934	702.106316536076	734.484981326474	711.206788226886
B9J08_03483	4.0225009085505	4.46490503361574	3.33856809693852	3.20724594465338
B9J08_03482	1807.10853316631	2380.9106091756	1845.11530157469	1836.14830331406
B9J08_03481	2352.15740627491	2464.62757855589	2316.96625927533	2271.53194030075
B9J08_03480	7001.16283133215	6988.69260386705	6732.77899549268	6485.05130008913
B9J08_03479	1127.30587962128	1184.31606016658	1328.75010258153	1203.51904073118
B9J08_03478	11028.6918660183	11087.4754247263	8817.15834401462	8879.26039777287
B9J08_03477	70360.5802671383	71723.1182337449	77881.0037093494	77540.7833923985
B9J08_03476	530.970119928666	604.994632054934	503.010926605403	537.21369572944
B9J08_03475	1275.13278801051	1383.00433416248	679.955035743145	718.423091602356
B9J08_03474	4475.03226076244	4182.49979023955	4251.11004343505	4300.91681178018
B9J08_03473	280.569438371398	256.732039432905	227.022630591819	192.434756679203
B9J08_03472	2511.04619216265	2409.9324918941	2456.07326331444	2646.7797158252
B9J08_03471	242.355679740168	245.569776848866	300.471128724467	305.490176228234
B9J08_03470	411.300717899289	440.909372069555	506.349494702342	479.48326872568
B9J08_03469	769.303298760284	784.707059657967	913.654802528841	902.037921933762
B9J08_03468	834.668938524229	832.704788769336	1040.5203902125	896.425241530619
B9J08_03467	1375.69531072427	1429.88583701544	1392.18289642336	1278.88932043053
B9J08_03466	7994.72055574413	7879.44115807339	7073.31294138041	7040.70666000032
B9J08_03465	788.410178075899	714.384805378519	778.999222618987	821.054961831264
B9J08_03464	1194.6827698395	1295.93868600697	1307.60583796759	1226.77157382992
B9J08_03463	900.034578288175	1137.43455731361	452.932405151325	496.32130993511
B9J08_03462	33.1856324955417	16.743393876059	24.4828327108825	34.4778939050238
B9J08_03461	1943.87356405703	1972.37179859976	2207.90636810867	2230.63955450642
B9J08_03460	1194.6827698395	1146.36436738084	1082.80891944039	1259.64584476261
B9J08_03459	1569.78097956183	1503.5567700701	1451.16426613594	1633.28999731473
B9J08_03458	724.050163539091	692.060280210441	751.177821811166	771.342649689137
B9J08_03457	15344.835340893	15504.3827292307	17448.469730633	18271.6801466903
B9J08_03456	334.873200636829	399.609000508609	158.025556588423	125.884403327645
B9J08_03455	910.090830559551	1067.11230303416	332.743953661539	316.715537034521
B9J08_03454	176.990039976222	169.666391277398	115.737027360535	121.875345896828
B9J08_03453	3287.3888675129	3316.30821371809	2959.08418991984	2949.06264610878
B9J08_03452	5394.17371836623	5269.70416592498	5702.27430957099	5635.93293624214
B9J08_03451	216.20942383459	224.361477939191	228.135486624132	251.76880665529
B9J08_03450	1400.83594140271	1660.94467250506	1610.30267875668	1716.67839187572
B9J08_03449	489.739485616024	475.512386080077	468.512389603705	440.194505903676
B9J08_03448	521.919492884428	625.086704706204	675.503611613893	697.575992962109
B9J08_03447	862.826444884083	853.913087679011	859.124856945512	896.425241530619
B9J08_03446	231.293802241654	246.68600310727	214.781214236378	236.534388418186
B9J08_03445	3718.80208995494	3938.04623964909	3591.18641627353	3930.47990517271
B9J08_03444	3.01687568141288	3.34867877521181	2.22571206462568	4.00905743081672
B9J08_03443	4923.54111206582	4779.68083848565	5031.22212208635	4931.94245139073
B9J08_03442	2895.19502892922	2776.05470465059	3112.65832237901	3393.26620944327
B9J08_03441	245.372555421581	274.591659567368	260.408311561204	269.408659350884
B9J08_03440	547.060123562869	589.367464437278	613.183673804374	588.529630843895
B9J08_03439	4.0225009085505	8.92981006723149	4.45142412925136	8.01811486163344
B9J08_03438	2957.54379301176	2973.62675238809	3014.72699153548	2962.69344137356
B9J08_03437	1113.22712644135	1184.31606016658	1146.24171328222	1128.95057251799
B9J08_03436	5265.45368929261	5274.1690709586	5250.45476045197	5238.23443910513
B9J08_03435	1123.28337871273	1175.38625009934	807.933479459121	791.387936843221
B9J08_03434	560.133251515658	616.156894638973	521.929479154722	572.493401120628
B9J08_03433	5525.91062312125	4968.32307615592	4901.01796630574	4857.37398317754
B9J08_03432	2518.08556875262	2771.58979961697	1812.84247663761	2322.84787541521
B9J08_03431	945.287713509368	1052.60136167491	1399.97288864955	1372.70126431164
B9J08_03430	6.03375136282576	3.34867877521181	5.5642801615642	2.40543445849003
B9J08_03429	1616.03974001016	1640.85259985379	1407.76288087574	1478.54038048521
B9J08_03428	5444.45497972311	5491.83319134737	5339.483243037	5290.35218570574
B9J08_03427	4276.92409101632	4424.7208883132	4183.22582546396	4014.67011121986
B9J08_03426	12702.0522439754	12447.0390074623	13462.2194228884	12623.7200381557
B9J08_03425	995.56897486625	1026.92815773162	1185.19167441317	1057.58935024945
B9J08_03424	1357.59405663579	1243.47605186199	1307.60583796759	1322.18714068335
B9J08_03423	363.030706996683	388.44673792457	407.305307826499	362.418791745831
B9J08_03422	2881.1162757493	2930.09392831033	2974.66417437222	2853.64707925534
B9J08_03421	3836.46024153004	5145.80305124215	653.246490967637	530.799203840134
B9J08_03420	2848.93626848089	2872.05016287333	2788.81721697597	2721.34818403839
B9J08_03419	1892.58667747301	1869.67898282659	1643.68835972606	1563.53239801852
B9J08_03418	1661.29287523136	1703.36127032441	1484.54994710533	1471.32407710974
B9J08_03417	602.369511055438	521.277662674638	586.475129028866	558.060794369687
B9J08_03416	924.169583739478	925.351568216863	980.426164467611	987.83175095324
B9J08_03415	3019.89255709429	3263.84557957311	3499.93222162388	3353.1756351351
B9J08_03414	1075.01336781012	1157.52662996488	1150.69313741148	1140.97774481044
B9J08_03413	4451.90288053827	4119.99111976893	4616.12682203366	4386.71064079966
B9J08_03412	12417.4603046954	12315.3243089706	11374.5015062695	11534.0582284597
B9J08_03411	21205.6191646511	25881.9382536121	8810.48120782075	7991.65508259005
B9J08_03410	494.767611751712	592.71614321249	599.82940141662	619.800278804265
B9J08_03409	753.213295126082	848.331956386992	757.854958005043	805.820543594161
B9J08_03408	1246.97528165066	1257.98699322124	1191.86881060705	1128.14876103182
B9J08_03407	942.270837827955	891.864780464745	911.429090464215	869.163651001065
B9J08_03406	16830.1438013753	16327.0414816744	16830.8346326994	16583.8669683164
B9J08_03405	6.03375136282576	11.1622625840394	3.33856809693852	6.41449188930675
B9J08_03404	0	4.46490503361574	3.33856809693852	0.801811486163344
B9J08_03403	628.515766961016	618.389347155781	593.152265222743	489.10500655964
B9J08_03402	2178.1842419801	2283.79892469445	2345.90051611546	2208.18883289385
B9J08_03401	2754.40749712996	2828.51733879557	2722.0458550372	2682.05942121639
B9J08_03400	2853.96439461658	2749.2652744489	2187.87495952704	2119.98956941588
B9J08_03399	2838.88001620952	2803.96036111069	3048.11267250487	3015.61299946034
B9J08_03398	8314.50937797389	8397.37014197281	9685.18604921864	9134.23645037281
B9J08_03397	4640.96042324014	4656.89595006122	4746.33097781426	4814.87797441088
B9J08_03396	1189.65464370381	1125.15606847117	1246.39875619038	1301.34004204311
B9J08_03395	157.883160660607	167.43393876059	148.009852297608	151.542370884872
B9J08_03394	1170.5477643882	1172.03757132413	1144.0160012176	1135.3650644073
B9J08_03393	2998.7744273244	3194.63955155207	2389.30190137567	2313.22613758125
B9J08_03392	2468.80993262287	2377.56193040038	2434.92899870049	2350.10946594476
B9J08_03391	2648.81684828051	2582.94756194671	2566.24601051341	2615.50906786483
B9J08_03390	1836.27166475331	1848.47068391692	1969.75517719373	1990.09610865742
B9J08_03389	2072.59359313065	1935.53633207243	1826.19674902537	1942.78923097378
B9J08_03388	2694.0699835017	2848.60941144685	2618.55024403211	2953.0717035396
B9J08_03387	6818.1390399931	7033.3416542032	6805.11463759301	6465.00601293504
B9J08_03386	9563.49591007882	9316.02435263925	9108.72662448059	9152.67811455457
B9J08_03385	6570.75523411725	6120.26857482878	5272.71188109823	5486.79599981576
B9J08_03384	1739.73164294809	1710.05862787483	1493.45279536383	1426.42263388459
B9J08_03383	1281.16653937334	1330.54170001749	1317.6215422584	1264.45671367959
B9J08_03382	3753.99897290476	3759.45003830446	3968.44461122758	3726.81978768722
B9J08_03381	2925.36378574335	3013.81089769063	2612.98596387055	2593.05834625225
B9J08_03380	1414.91469458264	1494.62696000287	1821.74532489612	1682.2004979707
B9J08_03379	1860.40667020461	1844.0057788833	1934.14378415971	1912.32039449958
B9J08_03378	6024.70073578152	5982.9727450451	6217.52665253183	5639.1401821868
B9J08_03377	259.451308601507	246.68600310727	238.151190914948	258.98511003076
B9J08_03376	947.298963963644	1000.13872752993	952.60476365979	1013.48971851047
B9J08_03375	5974.41947442464	6178.31234026579	1159.59598566998	1174.6538272293
B9J08_03374	8217.96935616868	8169.65998525841	9242.26934835813	9302.61686246712
B9J08_03373	1117.2496273499	1078.2745656182	1154.03170550841	1137.77049886579
B9J08_03372	10866.7862044492	10663.3094465328	11116.3189067729	11352.8488325868
B9J08_03371	1632.12974364437	1499.09186503649	1842.88958951006	2021.36675661779
B9J08_03370	1927.78356042283	1838.42464759128	2089.94362868351	2125.60224981903
B9J08_03369	1052.88961281309	1041.43909909087	938.137635239723	962.975594882176
B9J08_03368	6119.22950713245	5689.40523908486	6165.22241901313	6074.52381917349
B9J08_03367	108.607524530864	126.133567199645	131.317011812915	140.317010078585
B9J08_03366	239.338804058755	216.547894130364	278.21400807821	294.264815421947
B9J08_03365	41.2306343126427	44.6490503361575	75.6742101972731	61.7394844345775
B9J08_03364	1061.94023985733	996.790048754715	1043.85895830944	1112.91434279472
B9J08_03363	1192.67151938522	1150.82927241446	1248.62446825501	1281.29475488902
B9J08_03362	703.937658996338	718.849710412135	574.233712673425	646.260057847655
B9J08_03361	3953.11276787801	4133.38583486978	4538.22689977176	4721.86784201593
B9J08_03360	605.386386736851	600.529727021318	679.955035743145	756.910042938197
B9J08_03359	2170.139240163	2173.29252511246	2186.76210349473	2184.13448830895
B9J08_03358	1502.40408934361	1294.82245974857	1376.60291197098	1359.07046904687
B9J08_03357	1742.74851862951	1781.49710841268	1280.89729319208	1543.48711086444
B9J08_03356	2995.75755164299	3027.20561279148	3356.37379345552	3243.32746153073
B9J08_03355	2599.54121215076	2597.45850330596	2837.78288239774	2836.80903804591
B9J08_03354	2207.34737356709	1937.76878458923	2038.75225119712	2196.96347208756
B9J08_03353	944.282088282231	1022.46325269801	1167.38597789617	1121.73426914252
B9J08_03352	2164.10548880017	2119.71366470908	2247.96918527193	2043.81747823036
B9J08_03351	664.718275137971	594.948595729298	666.600763355391	655.881795681615
B9J08_03350	751.202044671807	810.380263601258	777.886366586675	784.973444953914
B9J08_03349	4441.84662826689	4580.99256448975	3988.47601980922	4045.13894769407
B9J08_03348	1975.0479460983	2105.20272334982	2018.72084261549	1800.06678643671
B9J08_03347	1.00562522713763	2.23245251680787	0	1.60362297232669
B9J08_03346	3440.24390203782	3471.46366363624	3075.93407331269	2709.32101174594
B9J08_03345	1218.8177752908	1278.07906587251	1451.16426613594	1323.79076365568
B9J08_03344	2204.33049788568	2121.94611722588	2260.21060162738	2262.71201395296
B9J08_03343	1723.64163931389	1788.19446596311	1875.16241444713	1870.62619721908
B9J08_03342	1655.25912386853	1557.13563047349	1712.68543372946	1627.67731691159
B9J08_03341	874.893947609735	1014.64966888918	925.896218884282	874.776331404208
B9J08_03340	10651.5824058417	10547.2219156588	12603.0945659429	12796.1095076808
B9J08_03339	284.591939279948	285.753922151408	304.922552853718	276.624962726354
B9J08_03338	767.292048306009	839.40214631976	778.999222618987	757.71185442436
B9J08_03337	8411.0493997791	7696.38005169514	7762.17082538205	7884.21234344416
B9J08_03336	1002.60835145621	1069.34475555097	1073.90607118189	1062.40021916643
B9J08_03335	6076.99324759267	6255.33195209566	5949.32834874444	5915.76514491315
B9J08_03334	994.563349639112	1024.69570521481	1149.58028137916	1190.69005695257
B9J08_03333	544.043247881456	565.926713010796	472.963813732957	505.141236282907
B9J08_03332	4243.73845852078	4904.6981794269	3820.43475892998	3744.45964038282
B9J08_03331	46024.4497704077	44974.9884036114	38726.2770684545	38128.5416015255
B9J08_03330	691.870156270687	620.621799672589	748.952109746541	671.116213918719
B9J08_03329	2407.46679376748	2501.46304508322	2404.88188582805	2464.76850846612
B9J08_03328	801.483306028688	935.397604542499	803.48205532987	762.52272334134
B9J08_03327	5666.69815492052	5044.22646172739	5138.05630118838	5290.35218570574
B9J08_03326	267.496310418609	264.545623241733	231.474054721071	251.76880665529
B9J08_03325	1252.00340778634	1212.22171662667	1290.91299748289	1397.55742038271
B9J08_03324	1.00562522713763	3.34867877521181	1.11285603231284	1.60362297232669
B9J08_03323	5230.25680634279	5809.95767499249	5740.11141466962	5635.93293624214
B9J08_03322	1655.25912386853	1616.2956221689	2202.34208794711	1966.84357555868
B9J08_03321	5532.94999971122	5885.86106056396	5820.23704899615	5788.27711861318
B9J08_03320	795.449554665862	818.193847410085	746.726397681915	713.612222685376
B9J08_03319	507.840739704501	581.553880628451	1112.85603231284	1108.9052853639
B9J08_03318	4642.97167369442	4556.43558680487	5033.44783415097	4856.57217169137
B9J08_03317	4862.19797321042	4799.77291113693	2973.55131833991	2884.11591572955
B9J08_03316	3056.09506527124	3026.08938653307	3022.51698376167	3124.65936157855
B9J08_03315	642.594520140943	556.996902943564	752.290677843479	681.539763238842
B9J08_03314	3678.57708086944	3729.31192932755	4265.57717185511	4073.20234970979
B9J08_03313	387.165712447986	365.005986498087	451.819549119013	448.212620765309
B9J08_03312	9123.03206059254	8808.14140506546	8930.66965931053	8624.28434517293
B9J08_03311	10087.4266534175	10169.9374403183	10059.1056760758	10015.4272736663
B9J08_03310	2610.60308964928	2572.90152562107	2241.29204907806	2082.3044295662
B9J08_03309	2743.34561963144	2783.86828845942	2452.7346952175	2275.54099773157
B9J08_03308	4338.26722987172	4453.74277103171	4895.45368614418	4559.10011032477
B9J08_03307	29349.1722540116	31021.0439473038	8919.54109898741	8419.02060471511
B9J08_03306	7218.37788039388	7603.73327224761	5826.91418519002	5534.1028774994
B9J08_03305	1981.08169746112	1973.48802485816	2223.48635256105	2317.23519501206
B9J08_03304	133416.298884349	167382.592352704	8679.16419600783	6950.10196206387
B9J08_03303	3211.96697547758	3293.98368855002	2320.30482737227	2107.16058563727
B9J08_03302	3814.33648653301	4155.71036003786	2897.87710814263	2972.31517920752
B9J08_03301	91.511895669524	83.7169693802952	156.91270055611	133.902518189278
B9J08_03300	109.613149758001	112.738852098798	126.865587683664	122.677157382992
B9J08_03299	195.091294064699	229.942609231211	469.625245636018	485.095949128823
B9J08_03298	1941.86231360276	1940.00123710604	2012.04370642161	1915.52764044423
B9J08_03297	7460.73356013405	7312.39821880419	7560.74388353343	7456.04500983294
B9J08_03296	5217.18367839	5391.37282809101	5037.89925828022	5332.04638298624
B9J08_03295	762.26392217032	755.685176939465	682.18074780777	687.152443641986
B9J08_03294	4932.59173911005	4765.1698971264	4288.94714853368	4100.46394023934
B9J08_03293	8125.45183527202	8045.75887057557	8147.21901256229	8085.46702647116
B9J08_03292	2437.63555058161	2437.8381483542	2272.45201798282	2374.96562201582
B9J08_03291	218.220674288865	236.639966781634	240.376902979573	278.22858569868
B9J08_03290	647.622646276631	619.505573414185	718.904996874094	758.513665910523
B9J08_03289	3789.19585585457	4548.62200299604	3320.76240042151	2923.40467855155
B9J08_03288	426.385096306353	396.260321733397	412.869587988063	413.734726860285
B9J08_03287	1629.11286796295	1553.78695169828	2045.429387391	1841.7609837172
B9J08_03286	721.033287857678	687.595375176825	745.613541649602	731.25207538097
B9J08_03285	8175.7330966289	7954.22831738645	8305.24456915072	8061.41268188626
B9J08_03284	4137.14218444419	3657.8734487897	4028.53883697248	3947.31794638214
B9J08_03283	2123.88047971467	1918.79293819637	2052.10652358488	2065.46638835677
B9J08_03282	4703.30918732268	4223.80016180049	4532.66261961019	4626.4522751625
B9J08_03281	481.694483798923	372.819570306915	450.7066930867	404.914800512489
B9J08_03280	3648.40832405531	3353.14368024542	3961.76747503371	4018.67916865068
B9J08_03279	5799.44068490269	5746.33277826346	5105.78347625131	4916.70803315363
B9J08_03278	174.978789521947	203.153179029516	202.539797880937	201.254683026999
B9J08_03277	512.868865840189	514.580305124215	547.525167897917	507.546670741397
B9J08_03276	3090.28632299392	3151.10672747431	2785.47864887904	2742.9970941648
B9J08_03275	13.0731279527891	12.2784888424433	8.90284825850271	3.20724594465338
B9J08_03274	942.270837827955	846.099503870184	1162.93455376692	1015.89515296896
B9J08_03273	2454.73117944294	2578.48265691309	2526.18319335014	2581.83298544597
B9J08_03272	1388.76843867706	1425.42093198183	1455.61569026519	1381.52119065944
B9J08_03271	4756.60732436097	4958.27703983028	5143.62058134994	4903.87904937501
B9J08_03270	1913.7048072429	1902.04954432031	1944.15948845053	2059.05189646747
B9J08_03269	682.819529226448	657.457266199918	649.907922870698	570.087966662138
B9J08_03268	1147.41838416403	1157.52662996488	1191.86881060705	1105.69803941925
B9J08_03267	481.694483798923	539.137282809101	457.383829280577	396.896685650855
B9J08_03266	3479.46328589619	3252.68331698907	3288.48957548444	3792.56832955262
B9J08_03265	2684.01373123032	2568.43662058746	2549.55317002871	2549.76052599943
B9J08_03264	335.878825863967	312.543352353102	381.709619083304	341.571693105585
B9J08_03263	741.14579240043	713.268579120115	830.190600105378	776.153518606117
B9J08_03262	1273.12153755623	1260.21944573804	1299.8158457414	1265.25852516576
B9J08_03261	2622.67059237493	2604.15586085638	2482.78180808994	2481.60654967555
B9J08_03260	532.981370382942	532.439925258678	590.926553158117	506.744859255233
B9J08_03259	582.257006512685	618.389347155781	554.202304091794	600.556803136345
B9J08_03258	18481.3804243353	19072.9580773481	13849.4933221333	12985.3370184154
B9J08_03257	2153.04361130166	2257.00949449276	2158.94070268691	2075.8899376769
B9J08_03256	481.694483798923	500.069363764963	499.672358508465	493.114063990457
B9J08_03255	5759.21567581718	5914.88294328246	5641.06722779378	5486.79599981576
B9J08_03254	267.496310418609	277.94033834258	274.875439981271	281.435831643334
B9J08_03253	2178.1842419801	2176.64120388768	1813.95533266993	1941.18560800146
B9J08_03252	1265.07653573913	1285.89264968133	1213.01307522099	1080.84188334819
B9J08_03251	3022.9094327757	3095.29541455412	2499.47464857464	2552.96777194409
B9J08_03250	2659.87872577902	3050.64636421796	2299.16056275833	2345.29859702778
B9J08_03249	1090.09774621719	1115.11003214553	1075.0189272142	994.246242842547
B9J08_03248	262.46818428292	277.94033834258	230.361198688758	202.056494513163
B9J08_03247	3207.94447456903	3278.35652093236	3574.49357578884	3495.09626818602
B9J08_03246	406.272591763601	440.909372069555	214.781214236378	202.056494513163
B9J08_03245	1326.41967459453	1340.58773634313	1530.17704443015	1435.24256023239
B9J08_03244	246.378180648718	222.129025422383	185.846957396244	182.011207359079
B9J08_03243	523.930743338703	505.650495056983	352.77536224317	348.787996481055
B9J08_03242	355.99133040672	295.799958477043	261.521167593517	313.508291089867
B9J08_03241	551.082624471419	512.347852607407	728.92070116491	665.503533515576
B9J08_03240	3522.7051706631	3699.17382035064	4038.55454126329	4158.1943672431
B9J08_03239	1367.65030890717	1535.92733156382	1140.67743312066	1148.19404818591
B9J08_03238	1404.85844231126	1733.49937930131	1446.71284200669	1400.76466632736
B9J08_03237	433.424472896317	508.999173832195	526.380903283973	491.51044101813
B9J08_03236	6852.33029771578	6794.46923490476	6762.82610836512	6784.92879591422
B9J08_03235	1453.12845321387	1535.92733156382	1436.69713771588	1348.64691972674
B9J08_03234	206.153171563213	205.385631546324	224.796918527193	141.920633050912
B9J08_03233	6161.46576667223	6217.38025930993	6087.32249675123	6304.64371570237
B9J08_03232	38.2137586312298	40.1841453025417	67.8842179710832	75.3702796993543
B9J08_03231	695.892657179237	696.525185244056	672.165043516955	635.034697041368
B9J08_03230	533.986995610079	488.907101180924	510.800918831593	566.880720717484
B9J08_03229	618.45951468964	584.902559403663	665.487907323078	616.593032859612
B9J08_03228	2325.00552514219	2344.07514264827	2294.70913862907	2302.00077677496
B9J08_03227	2714.18248804445	2591.87737201394	3059.24123282799	2894.53946504967
B9J08_03226	866.848945792634	942.094962092922	929.234786981221	890.010749641312
B9J08_03225	40029.9177914403	40497.8048811532	41943.5438578709	42177.6896066504
B9J08_03224	934.225836010854	1039.20664657406	787.90207087749	816.244092914284
B9J08_03223	1675.37162841128	1736.84805807652	1727.15256214953	1677.38962905372
B9J08_03222	1980.07607223399	1906.51444935392	1500.12993155771	1479.34219197137
B9J08_03221	1088.08649576291	982.279107395464	915.880514593467	1023.11145634443
B9J08_03220	2039.40796063511	1977.95292989178	2196.77780778554	2174.51275047499
B9J08_03219	4491.12226439664	4893.53591684286	4234.41720295035	4499.76606034869
B9J08_03218	3493.54203907611	3529.50742907325	3547.78503101333	3470.24011211495
B9J08_03217	745.168293308981	670.851981300766	683.293603840083	736.864755784113
B9J08_03216	1004.61960191049	1132.96965228	1362.13578355091	1327.7998210865
B9J08_03215	26192.5146660266	26383.1238436354	20828.2135007671	20596.1316450778
B9J08_03214	7862.9836509891	8718.84330439315	231.474054721071	232.52533098737
B9J08_03213	1191.66589415809	1136.31833105521	1221.9159234795	1217.14983599596
B9J08_03212	1167.53088870678	1227.84888424433	1302.04155780602	1209.13172113432
B9J08_03211	1647.21412205143	1551.55449918147	1728.26541818184	1612.44289867448
B9J08_03210	5247.35243520413	5012.97212649208	4609.44968583978	4413.97223132921
B9J08_03209	0	0	1.11285603231284	0
B9J08_03208	6641.14900001688	6105.75763346953	6257.58946969509	6275.77850220049
B9J08_03207	0	0	0	0.801811486163344
B9J08_03206	743.157042854706	779.125928365948	738.936405455725	813.036846969631
B9J08_03205	2274.72426378531	2288.26382972807	2325.86910753383	2203.37796397687
B9J08_03204	3300.46199546569	3166.73389509197	3250.6524703858	3322.7067986609
B9J08_03203	5419.31434904467	7479.83215756478	6631.50909655221	6498.6820953539
B9J08_03202	1132.33400575697	1205.52435907625	1206.33593902712	1318.9798947387
B9J08_03201	1980.07607223399	1793.77559725513	2054.3322356495	1977.26712487881
B9J08_03200	2571.38370579091	2265.93930455999	2574.0360027396	2666.82500297928
B9J08_03199	6285.15766961016	5969.57802994425	6284.2980144706	6583.67411288722
B9J08_03198	2292.82551787379	2286.03137721126	2306.95055498452	2378.97467944664
B9J08_03197	9130.07143718251	8597.17464222712	9025.26242205713	9434.91575768407
B9J08_03196	401.244465627913	396.260321733397	367.242490663237	395.293062678529
B9J08_03195	1801.07478180349	2232.45251680787	1496.79136346077	1321.38532919719
B9J08_03194	695.892657179237	738.941783063406	648.795066838385	658.287230140105
B9J08_03193	3291.41136842145	3270.54293712353	3371.9537779079	3349.96838919045
B9J08_03192	72.4050163539091	103.809042031566	57.8685136802676	51.315935114454
B9J08_03191	1672.35475272987	2281.56647217765	125.752731651351	113.857231035195
B9J08_03190	5308.69557405953	5179.28983899426	6028.34112703865	6189.18286169485
B9J08_03189	11365.5763171094	11089.7078772431	11387.8557786573	11722.4839277081
B9J08_03188	13486.4399211427	12756.2336810402	12847.9228930517	13434.3514506668
B9J08_03187	1158.48026166254	1335.00660505111	1296.47727764446	1201.91541775885
B9J08_03186	1272.1159123291	1289.24132845655	1394.40860848799	1448.87335549716
B9J08_03185	5326.796828148	5260.77435585775	4935.51650330744	4879.02289330395
B9J08_03184	1477.26345866517	1580.57638189997	1658.15548814613	1600.41572638203
B9J08_03183	767.292048306009	644.062551099071	578.685136802676	695.170558503619
B9J08_03182	7636.71797488313	8541.36332930692	5191.47339073939	4984.86200947751
B9J08_03181	58049.7162365195	59834.1923554846	13266.3567612014	12520.2863564406
B9J08_03180	1390.77968913134	1597.31977577603	1138.45172105603	1155.41035156138
B9J08_03179	604.380761509713	516.812757641022	728.92070116491	645.458246361492
B9J08_03178	540.020746972905	561.46180797718	708.889292583278	639.043754472185
B9J08_03177	9063.70017219142	8945.43723484915	7719.88229615416	8454.3003101063
B9J08_03176	170.956288613396	217.664120388768	203.65265391325	188.425699248386
B9J08_03175	1342.50967822873	1247.9409568956	1239.7216199965	1169.04114682616
B9J08_03174	2588.47933465225	2532.71738031853	2643.03307674299	2561.78769829188
B9J08_03173	211.181297698901	219.896572905575	158.025556588423	179.605772900589
B9J08_03172	434.430098123454	402.957679283821	346.098226049293	354.400676884198
B9J08_03171	1774.92852589791	1744.66164188535	1695.99259324477	1739.93092497446
B9J08_03170	2284.78051605669	2286.03137721126	2027.62369087399	2054.24102755049
B9J08_03169	2902.23440551919	3013.81089769063	2434.92899870049	2429.48880307493
B9J08_03168	435.435723350592	465.466349754441	467.399533571392	481.086891698006
B9J08_03167	4279.94096669774	4410.20994695395	4146.50157639764	4358.64723878394
B9J08_03166	5039.18801318664	4995.11250635761	4992.2721609554	5023.34896081335
B9J08_03165	1267.08778619341	1265.80057703006	1225.25449157644	1213.14077856514
B9J08_03164	788.410178075899	840.518372578164	935.911923175098	876.379954376535
B9J08_03163	1600.9553616031	1601.78468080965	2028.73654690631	1905.10409112411
B9J08_03162	1496.37033798079	1626.34165849454	1465.63139455601	1457.69328184496
B9J08_03161	1070.99086690157	1083.85569691022	1256.4144604812	1193.09549141106
B9J08_03160	1634.14099409864	1708.94240161643	1605.85125462743	1711.06571147258
B9J08_03159	594.324509238337	575.972749336431	564.218008382609	523.582900464664
B9J08_03158	2150.02673562024	2090.69178199057	2108.86218123283	1931.5638701675
B9J08_03157	794.443929438724	857.261766454223	927.009074916595	820.253150345101
B9J08_03156	1261.05403483058	1177.61870261615	1294.25156557983	1278.08750894437
B9J08_03155	2425.56804785595	2519.32266521768	2814.41290571917	2994.76590082009
B9J08_03154	2790.61000530691	2649.92113745094	2792.15578507291	2699.69927391198
B9J08_03153	3627.29019428542	3494.90441506272	3286.26386341981	3256.9582567955
B9J08_03152	81.4556433981477	83.7169693802952	72.3356421003345	81.7847715886611
B9J08_03151	9741.49157528218	9198.82059550684	8366.45165092792	8876.85496331438
B9J08_03150	1204.73902211088	1201.05945404264	1290.91299748289	1335.81793594813
B9J08_03149	2427.57929831023	2577.36643065469	2097.7336209097	1950.00553434925
B9J08_03148	1062.94586508447	1107.2964483367	1079.47035134345	1057.58935024945
B9J08_03147	1756.82727180943	1797.12427603034	1860.69528602707	1842.56279520336
B9J08_03146	30276.3587134325	28506.1861871197	23721.6391847805	22258.2868558944
B9J08_03145	35667.5155561173	33967.8812694902	30591.2994722476	28404.1718973365
B9J08_03144	555.10512537997	559.229355460372	553.089448059481	571.691589634464
B9J08_03143	800.47768080155	867.307802779858	932.573355078159	867.560028028738
B9J08_03142	118.66377680224	137.295829783684	134.655579909854	111.451796576705
B9J08_03141	1807.10853316631	1832.84351629926	1733.8296983434	1743.93998240527
B9J08_03140	3064.14006708835	3108.69012965496	3326.32668058308	3427.7441033483
B9J08_03139	1988.12107405109	2086.22687695696	2147.81214236378	2119.98956941588
B9J08_03138	2709.15436190876	3009.34599265701	2029.84940293862	2018.9613221593
B9J08_03137	1258.03715914917	1268.03302954687	1092.82462373121	1092.86905564064
B9J08_03136	2791.61563053405	3086.36560448688	2647.48450087224	2461.56126252147
B9J08_03135	21.1181297698901	21.2082989096748	18.9185525493183	24.8561560710637
B9J08_03134	832.657688069954	867.307802779858	839.093448363881	804.216920621834
B9J08_03133	3868.64024879845	3702.52249912586	3645.71636185686	3786.95564914947
B9J08_03132	2391.37679013327	2248.07968442553	2050.99366755256	2111.97145455425
B9J08_03131	832.657688069954	824.891204960509	672.165043516955	655.079984195452
B9J08_03130	1316.36342232315	1336.12283130951	1278.67158112745	1136.96868737962
B9J08_03129	2740.32874395003	2733.63810683124	3000.25986311541	2787.09672590378
B9J08_03128	213.192548153177	200.920726512709	184.734101363931	218.894535722593
B9J08_03127	1408.88094321981	1403.09640681375	1343.2172310016	1422.41357645377
B9J08_03126	18.1012540884773	15.6271676176551	12.2414163554412	19.2434756679203
B9J08_03125	1063.95149031161	990.092691204291	978.200452402986	949.344799617399
B9J08_03124	1517.48846775068	1441.04809959948	1545.75702888253	1331.80887851731
B9J08_03123	696.898282406375	824.891204960509	633.215082386005	636.638320013695
B9J08_03122	782.376426713073	781.358380882755	826.852032008439	879.587200321188
B9J08_03121	913.107706240964	974.465523586636	874.704841397892	785.775256440077
B9J08_03120	709.971410359164	834.937241286144	849.109152654696	712.810411199213
B9J08_03119	5.02812613568813	1.11622625840394	0	4.00905743081672
B9J08_03118	1.00562522713763	0	0	0.801811486163344
B9J08_03117	2371.26428559052	2481.37097243195	2489.45894428382	2438.30872942273
B9J08_03116	9852.11035026732	10070.5933033203	10512.0380812271	10887.798170612
B9J08_03115	1431.00469821684	1359.56358273599	1365.47435164785	1270.06939408274
B9J08_03114	10762.2011808269	10212.3540381376	10864.8134434702	12124.1914822759
B9J08_03113	62.3487640825328	81.4845168634873	77.8999222618987	78.5775256440077
B9J08_03112	515.885741521602	663.038397491938	445.142412925136	412.932915374122
B9J08_03111	556.110750607107	565.926713010796	464.060965474454	477.879645753353
B9J08_03110	5543.00625198259	6277.65647726374	6152.98100265769	6058.48758945023
B9J08_03109	801.483306028688	840.518372578164	589.813697125805	577.304270037608
B9J08_03108	622.48201559819	704.338769052884	564.218008382609	614.989409887285
B9J08_03107	1397.8190657213	1343.93641511834	1313.17011812915	1228.37519680224
B9J08_03106	872.882697155459	824.891204960509	852.447720751635	858.740101680941
B9J08_03105	522.925118111565	491.139553697732	530.832327413224	639.043754472185
B9J08_03104	8.04500181710101	1.11622625840394	10.0157042908156	6.41449188930675
B9J08_03103	3235.09635570174	3347.5625489534	3793.72621415447	3552.82669518978
B9J08_03102	3633.32394564824	4204.82431540763	3584.50928007965	3167.95718183137
B9J08_03101	548.065748790006	513.464078865811	577.572280770363	589.331442330058
B9J08_03100	673.768902182209	620.621799672589	1027.16611782475	1234.78968869155
B9J08_03099	2410.48366944889	2354.1211789739	2381.51190914948	2263.51382543912
B9J08_03098	748.185168990394	828.239883735721	862.46342504245	821.856773317428
B9J08_03097	1474.24658298376	1672.1069350891	1748.29682676347	1618.05557907763
B9J08_03096	626.504516506741	597.181048246106	721.13070893872	682.341574725006
B9J08_03095	1409.88656844695	1449.97790966671	1413.32716103731	1444.86429806635
B9J08_03094	270.513186100021	299.148637252255	331.631097629226	283.841266101824
B9J08_03093	2473.83805875856	2308.35590237934	2199.00351985017	2097.53884780331
B9J08_03092	4176.36156830256	4058.59867555671	4606.11111774284	4633.66857853797
B9J08_03091	2099.74547426336	2198.96572905575	2047.65509945562	1916.32945193039
B9J08_03090	685.836404907861	767.963665781908	659.923627161514	677.530705808026
B9J08_03089	431.413222442042	397.376547991801	399.515315600309	373.644152552118
B9J08_03088	891.989576471074	946.559867126538	862.46342504245	781.76619900926
B9J08_03087	818.578934890028	878.470065363898	678.842179710832	603.764049080998
B9J08_03086	5499.76436721568	5644.75618874871	6026.11541497402	6043.25317121312
B9J08_03085	576.22325514986	756.801403197869	726.694989100284	637.440131499858
B9J08_03084	356.996955633857	411.887489351052	359.452498437047	360.815168773505
B9J08_03083	4430.78475076838	4469.36993864936	3371.9537779079	3439.77127564075
B9J08_03082	3837.46586675718	3862.14285407762	3912.80180961194	3941.705265979
B9J08_03081	1100.15399848856	1059.29871922534	947.040483498226	951.750234075889
B9J08_03080	1615.03411478303	1698.89636529079	1713.79828976177	1646.11898109335
B9J08_03079	35.1968829498169	47.9977291113693	64.5456498741447	60.9376729484141
B9J08_03078	2941.45378937756	3183.47728896803	3315.19812025995	3344.35570878731
B9J08_03077	779.35955103166	824.891204960509	801.256343265244	932.506758407969
B9J08_03076	465.604480164721	456.53653968721	466.28667753908	481.086891698006
B9J08_03075	5371.04433814206	4953.81213479667	5538.684472821	5453.1199173969
B9J08_03074	648.628271503769	668.619528783958	593.152265222743	543.628187618747
B9J08_03073	3259.23136115305	3012.69467143222	3069.25693711881	3032.45104066977
B9J08_03072	2261.65113583252	2486.95210372397	2170.06926301004	2164.08920115487
B9J08_03071	785.393302394486	814.845168634874	454.045261183638	424.960087666572
B9J08_03070	338.89570154538	357.19240268926	344.98537001698	332.751766757788
B9J08_03069	451.525726984794	495.604458731348	615.409385869	625.412959207408
B9J08_03068	501.806988341675	478.861064855289	525.26804725166	526.790146409317
B9J08_03067	684.830779680723	738.941783063406	689.97074003396	692.765124045129
B9J08_03066	2739.32311872289	3028.32183904988	3230.62106180417	2877.70142384024
B9J08_03065	2975.64504710023	3090.8305095205	3298.50527977526	3103.01045145214
B9J08_03064	2109.80172653474	2094.04046076578	2083.26649248963	2053.43921606432
B9J08_03063	2.01125045427525	0	1.11285603231284	4.81086891698006
B9J08_03062	17375.1926744839	18662.1868142554	15742.4614330974	15131.7863668746
B9J08_03061	665.723900365108	754.568950681061	741.162117520351	748.891928076563
B9J08_03060	740.140167173293	800.334227275622	1354.34579132473	1316.57446028021
B9J08_03059	45.2531352211932	46.8815028529653	141.332716103731	116.262665493685
B9J08_03058	152.855034524919	127.249793458049	669.939331452329	810.631412511141
B9J08_03057	1.00562522713763	2.23245251680787	5.5642801615642	4.00905743081672
B9J08_03056	1.00562522713763	1.11622625840394	0	2.40543445849003
B9J08_03055	0	0	0	0.801811486163344
B9J08_03054	848.747691704156	783.590833399563	868.027705204014	872.370896945718
B9J08_03053	492.756361297437	507.882947573791	537.509463607101	515.56478560303
B9J08_03052	2669.9349780504	2615.31812344042	2489.45894428382	2449.53409022902
B9J08_03051	702.932033769201	719.965936670539	656.585059064575	704.792296337579
B9J08_03050	802.488931255825	842.750825094972	817.949183749937	805.820543594161
B9J08_03049	759.247046488908	779.125928365948	777.886366586675	704.792296337579
B9J08_03048	9153.20081740667	8609.45313106956	8897.28397834115	9531.93494750983
B9J08_03047	57415.1667181956	55527.7914505622	50160.8728004689	49367.5332030771
B9J08_03046	2422.55117217454	2645.45623241733	2991.35701485691	2978.72967109682
B9J08_03045	5389.14559223054	5373.51320795655	5220.40764757953	5651.16735447925
B9J08_03044	1220.82902574508	1021.3470264396	1059.43894276182	1128.14876103182
B9J08_03043	987.523973049149	966.651939777809	900.300530141087	1045.562177957
B9J08_03042	793.438304211587	907.4919480824	805.707767394495	784.973444953914
B9J08_03041	729.078289674779	669.735755042362	1118.4203124744	1293.32192718147
B9J08_03040	565.161377651346	583.786333145259	641.005074612195	538.015507215604
B9J08_03039	785.393302394486	796.98554850041	776.773510554362	833.883945609878
B9J08_03038	769.303298760284	827.123657477317	817.949183749937	816.244092914284
B9J08_03037	823.607061025716	746.755366872233	793.466351039054	810.631412511141
B9J08_03036	2841.89689189093	2788.33319349303	2971.32560627528	3107.01950888296
B9J08_03035	1376.70093595141	1274.7303870973	1209.67450712406	1224.36613937143
B9J08_03034	1046.85586145027	988.976464945888	1140.67743312066	1148.19404818591
B9J08_03033	1466.20158116666	1544.85714163105	1838.43816538081	1735.12005605748
B9J08_03032	3164.70258980211	3221.42898175376	2999.1470070831	3137.48834535717
B9J08_03031	2739.32311872289	2618.66680221563	2102.18504503895	2281.95548962088
B9J08_03030	1294.23966732612	1298.17113852378	1466.74425058832	1367.0885839085
B9J08_03029	473.649481981822	561.46180797718	1253.07589238426	1327.7998210865
B9J08_03028	1455.13970366814	1492.39450748606	1228.59305967337	1250.02410692865
B9J08_03027	1793.02977998639	1844.0057788833	1769.44109137741	1858.59902492663
B9J08_03026	1.00562522713763	3.34867877521181	5.5642801615642	4.00905743081672
B9J08_03025	47.2643856754684	46.8815028529653	57.8685136802676	67.3521648377209
B9J08_03024	7308.88415083626	7477.59970504797	1743.84540263422	1848.17547560651
B9J08_03023	61.3431388553952	59.1599916954086	80.1256343265244	60.1358614622508
B9J08_03022	16.090003634202	5.58113129201968	5.5642801615642	15.2344182371035
B9J08_03021	55.3093874925694	64.7411229874283	37.8371050986365	36.8833283635138
B9J08_03020	0	0	0	0
B9J08_03019	0	0	0	0
B9J08_03018	0	0	0	0
B9J08_03017	0	0	0	0
B9J08_03016	0	0	0	0
B9J08_03015	0	0	0	0
B9J08_03014	0	0	0	0
B9J08_03013	0	0	0	0
B9J08_03012	0	4.46490503361574	2.22571206462568	3.20724594465338
B9J08_03011	672.763276955072	728.89574673777	878.04340949483	878.785388835025
B9J08_03010	462.587604483308	478.861064855289	485.205230088398	491.51044101813
B9J08_03009	1805.09728271204	1897.58463928669	1830.64817315462	2057.44827349514
B9J08_03008	5.02812613568813	1.11622625840394	1.11285603231284	4.81086891698006
B9J08_03007	10507.7779983611	9794.88541749454	10216.0183766319	10293.655859365
B9J08_03006	1972.03107041688	1999.16122880145	2072.13793216651	2152.86384034858
B9J08_03005	2059.52046517786	2096.27291328259	2016.49513055086	2043.81747823036
B9J08_03004	3911.88213356536	3761.68249082127	4048.57024555411	3878.36215857209
B9J08_03003	10021.0553884264	9438.80924106369	10132.5541742084	10557.4518383128
B9J08_03002	6941.83094293103	6622.57039111055	7102.24719822054	6943.68747017456
B9J08_03001	249.395056330131	256.732039432905	267.085447755081	256.57967557227
B9J08_03000	1357.59405663579	1442.16432585789	1443.37427390975	1345.43967378209
B9J08_02999	1025.73773168038	1092.78550697745	1228.59305967337	1182.67194209093
B9J08_02998	486.722609934611	464.350123496037	558.653728221045	488.303195073477
B9J08_02997	6996.13470519646	7294.53859866972	6719.42472310492	6833.83929657018
B9J08_02996	909.085205332414	1026.92815773162	865.801993139389	977.408201633116
B9J08_02995	7753.3705012311	8147.33546009033	7574.09815592118	7221.11424438708
B9J08_02994	3054.08381481697	2959.11581102884	3002.48557518004	2747.80796308178
B9J08_02993	1490.33658661796	1518.06771142935	1393.29575245567	1319.78170622486
B9J08_02992	13.0731279527891	14.5109413592512	27.821400807821	20.8470986402469
B9J08_02991	19465.887521703	19943.6145589031	21029.6404426157	21118.9127340563
B9J08_02990	1660.28725000422	1730.1507005261	1679.29975276007	1867.41895127443
B9J08_02989	5240.31305861417	5178.17361273586	4668.43105555236	4547.87474951849
B9J08_02988	480.688858571785	558.113129201968	605.393681578184	618.998467318102
B9J08_02987	827.629561934266	831.588562510933	889.171969817958	809.027789538814
B9J08_02986	1018.69835509042	1129.62097350478	1112.85603231284	1096.87811307145
B9J08_02985	531.975745155804	514.580305124215	504.123782637716	468.257907919393
B9J08_02984	2117.84672835184	2184.4547876965	1935.25664019203	1970.8526329895
B9J08_02983	8122.4349595906	10224.6325269801	2148.92499839609	1916.32945193039
B9J08_02982	5819.55318944544	5388.0241493158	6093.99963294511	6259.74227247723
B9J08_02981	600.358260601163	514.580305124215	566.443720447235	528.393769381644
B9J08_02980	567.172628105621	555.88067668516	681.067891775457	582.115138954588
B9J08_02979	557.116375834245	589.367464437278	537.509463607101	582.115138954588
B9J08_02978	87.4893947609735	95.9954582227385	115.737027360535	113.857231035195
B9J08_02977	52.2925118111566	72.5547067962559	55.642801615642	52.1177466006174
B9J08_02976	27138.8080047631	26949.0505566462	23976.4832161801	27420.349203814
B9J08_02975	52.2925118111566	59.1599916954086	56.7556576479548	45.7032547113106
B9J08_02974	126.708778619341	106.041494548374	158.025556588423	139.515198592422
B9J08_02973	29.1631315869912	36.8354665273299	883.607689656394	928.497700977152
B9J08_02972	5920.1157121592	5623.54788983903	5493.05737549617	5765.82639700061
B9J08_02971	1530.56159570347	1499.09186503649	1750.5225388281	1654.93890744114
B9J08_02970	9.05062704423863	15.6271676176551	7.78999222618987	8.81992634779678
B9J08_02969	407.278216990738	485.558422405712	429.562428472756	434.581825500532
B9J08_02968	2627.69871851062	2397.65400305166	2675.30590168007	2807.14201305787
B9J08_02967	475.660732436097	501.185590023367	526.380903283973	464.248850488576
B9J08_02966	785.393302394486	799.218001017218	892.510537914897	932.506758407969
B9J08_02965	3799.25210812595	3554.06440675813	3770.3562374759	3906.42556058781
B9J08_02964	1182.61526711385	1131.85342602159	1365.47435164785	1282.09656637519
B9J08_02963	5392.16246791195	5187.10342280309	4803.08663546221	4656.9211116367
B9J08_02962	1033.78273349748	1057.06626670853	1065.00322292339	1119.32883468403
B9J08_02961	362.025081769545	392.911642958186	398.402459567996	416.140161318776
B9J08_02960	17749.2852589791	17164.2111754773	14951.220794123	13964.3488430208
B9J08_02959	763.269547397458	740.05800932181	701.099300357089	695.170558503619
B9J08_02958	1669.33787704846	1563.83298802391	1738.28112247265	1675.78600608139
B9J08_02957	3029.94880936567	2913.35053443427	3282.92529532288	3218.47130545966
B9J08_02956	31613.8402655255	27577.4859401276	25097.1292407191	22806.7259124302
B9J08_02955	1999.1829515496	2359.70231026592	774.547798489736	790.586125357057
B9J08_02954	54292.7003879333	52480.4937651195	52336.5063436405	51250.1865725886
B9J08_02953	100.562522713763	93.7630057059307	106.834179102033	101.028247256581
B9J08_02952	4257.81721170071	4303.05222614717	4741.87955368501	5203.7565452001
B9J08_02951	669.746401273659	666.38707626715	701.099300357089	829.073076692898
B9J08_02950	1286.19466550902	1380.77188164567	1170.72454599311	1194.69911438338
B9J08_02949	0	0	2.22571206462568	0
B9J08_02948	20.1125045427525	24.5569776848866	117.962739425161	155.551428315689
B9J08_02947	82.4612686252853	100.460363256354	427.33671640813	408.122046457142
B9J08_02946	267.496310418609	270.126754533753	643.230786676821	627.016582179735
B9J08_02945	1006.63085236476	1019.11457392279	721.13070893872	689.557878100476
B9J08_02944	181.012540884773	190.874690187073	210.329790107127	206.867363430143
B9J08_02943	1090.09774621719	1129.62097350478	1061.66465482645	1153.00491710289
B9J08_02942	2854.97001984372	2809.54149240271	2911.23138053039	3135.88472238484
B9J08_02941	3846.51649380142	3662.33835382331	3625.68495327523	3739.64877146584
B9J08_02940	394.205089037949	392.911642958186	357.226786372421	423.356464694246
B9J08_02939	2.01125045427525	5.58113129201968	7.78999222618987	4.00905743081672
B9J08_02938	4852.14172093904	5807.72522247568	8590.13571342281	9205.59767264135
B9J08_02937	1697.49538340831	1672.1069350891	1801.71391631449	1834.54468034173
B9J08_02936	2833.85189007383	2778.2871571674	2937.9399253059	2934.63003935784
B9J08_02935	173.973164294809	246.68600310727	250.392607270389	245.354314765983
B9J08_02934	20242.2301970533	20122.2107602478	22380.6476658435	22780.2661333868
B9J08_02933	10754.1561790098	11062.9184470414	11473.5456931454	11246.2079049271
B9J08_02932	696.898282406375	715.501031636923	689.97074003396	702.386861879089
B9J08_02931	2161.08861311876	2209.01176538139	2170.06926301004	2055.84465052281
B9J08_02930	1082.05274440009	1078.2745656182	1746.07111469884	1711.06571147258
B9J08_02929	4094.90592490441	4008.36849392853	4130.92159194526	4163.00523616008
B9J08_02928	1380.72343685996	1372.95829783684	1298.70298970908	1283.70018934751
B9J08_02927	2434.61867490019	2369.74834659156	2689.77303010013	2895.34127653584
B9J08_02926	164.922537250571	131.714698491664	142.445572136043	146.731501967892
B9J08_02925	1178.5927662053	1213.33794288508	1590.27127017505	1643.71354663486
B9J08_02924	6773.89152999905	6987.57637760864	7487.29538540078	7698.99389014043
B9J08_02923	9421.70275305242	9201.05304802365	9741.94170686659	9835.82150076574
B9J08_02922	16814.0537977411	16087.0528361175	13718.1763103204	14705.2226562357
B9J08_02921	2688.03623213887	2688.98905649508	2784.36579284672	2790.30397184844
B9J08_02920	1630.11849319009	1609.59826461848	1692.65402514783	1711.86752295874
B9J08_02919	396.216339492225	382.86560663255	362.791066533986	437.789071445186
B9J08_02918	104.585023622313	83.7169693802952	76.7870662295859	79.3793371301711
B9J08_02917	4352.34598305164	4608.89822094985	3932.83321819357	3811.81180522054
B9J08_02916	77.4331424895972	59.1599916954086	83.4642024234629	82.5865830748244
B9J08_02915	2892.17815324781	3004.8810876234	2821.09004191305	3100.60501699365
B9J08_02914	0	0	1.11285603231284	0
B9J08_02913	40769.0523333865	39743.2359304722	36671.944832805	34537.2279549999
B9J08_02912	1149.42963461831	1170.92134506573	1197.43309076861	1230.78063126073
B9J08_02911	1190.66026893095	1241.24359934518	1247.51161222269	1209.93353262049
B9J08_02910	1575.81473092466	1524.76506897978	1424.45572136043	1331.80887851731
B9J08_02909	3378.90076318242	3415.65235071605	3158.28541970384	3155.93000953892
B9J08_02908	726.061413993366	645.178777357475	686.632171937022	703.188673365253
B9J08_02907	459.570728801895	406.306358059033	492.995222314588	496.32130993511
B9J08_02906	3991.32652650924	3953.67340726674	4241.09433914423	4064.38242336199
B9J08_02905	556.110750607107	466.582576012845	490.769510249962	493.91587547662
B9J08_02904	6382.70331664251	6214.03158053471	6580.31771906582	6743.23459863372
B9J08_02903	3549.85705179582	3689.12778402501	3637.92636963067	3430.14953780679
B9J08_02902	880.92769897256	1035.85796779885	869.140561236327	860.343724653268
B9J08_02901	776.342675350247	878.470065363898	710.002148615591	703.188673365253
B9J08_02900	1951.91856587413	1965.67444104933	2010.9308503893	1865.8153283021
B9J08_02899	471.638231527547	426.398430710304	481.866661991459	487.501383587313
B9J08_02898	139.78190657213	167.43393876059	228.135486624132	211.678232347123
B9J08_02897	552.088249698557	546.950866617929	789.014926909803	797.000617246364
B9J08_02896	8456.3025350003	7547.92195932742	1367.70006371248	1447.26973252484
B9J08_02895	1692.46725727262	1833.95974255767	2123.3293096529	2217.00875924165
B9J08_02894	3297.44511978428	3547.36704920771	1399.97288864955	1444.86429806635
B9J08_02893	608.403262418264	659.689718716726	688.857884001647	649.467303792309
B9J08_02892	6787.97028317897	6103.52518095272	7031.02441215252	6699.13496689474
B9J08_02891	2632.7268446463	2619.78302847404	2789.93007300829	2643.57246988055
B9J08_02890	2567.36120488236	2559.50681052023	2385.96333327873	2365.34388418186
B9J08_02889	86.4837695338358	84.8331956386992	104.608467037407	101.028247256581
B9J08_02888	384.148836766573	383.981832890954	323.841105403036	348.787996481055
B9J08_02887	1988.12107405109	2012.5559439023	1897.41953509339	2058.2500849813
B9J08_02886	29.1631315869912	18.9758463928669	15.5799844523797	5.61268040314341
B9J08_02885	2841.89689189093	2748.14904819049	3028.08126392323	2934.63003935784
B9J08_02884	3455.32828044488	3615.45685097035	3582.28356801503	3772.52304239853
B9J08_02883	441.469474713418	409.655036834245	462.948109442141	466.654284947066
B9J08_02882	1303.29029437036	1445.5130046331	1591.38412620736	1442.45886360786
B9J08_02881	1739.73164294809	1692.19900774037	1690.4283130832	1726.30012970968
B9J08_02880	1142.39025802834	1036.97419405726	1366.58720768017	1427.22444537075
B9J08_02879	5456.52248244876	5476.20602372971	5871.42842648254	6074.52381917349
B9J08_02878	3350.74325682257	3394.44405180637	3050.33838456949	2885.71953870188
B9J08_02877	8.04500181710101	5.58113129201968	23.3699766785696	15.2344182371035
B9J08_02876	66.3712649910833	109.390173323586	76.7870662295859	68.9557878100476
B9J08_02875	3277.33261524152	3009.34599265701	3354.1480813909	3212.85862505652
B9J08_02874	1520.50534343209	1523.64884272137	1620.31838304749	1722.29107227886
B9J08_02873	722.038913084815	740.05800932181	1592.49698223967	1538.67624194746
B9J08_02872	41636.9069044063	40357.1603725943	35346.5332983204	35229.1912675588
B9J08_02871	470.632606300409	459.885218462422	608.732249675123	538.817318701767
B9J08_02870	1061.94023985733	984.511559912272	1051.64895053563	1147.39223669975
B9J08_02869	456.553853120482	540.253509067505	520.816623122409	556.457171397361
B9J08_02868	6543.60335298453	5972.92670871946	6526.9006295148	7040.70666000032
B9J08_02867	738.128916719017	770.196118298716	777.886366586675	792.991559815547
B9J08_02866	2333.05052695929	2269.2879833352	2094.39505281276	2095.93522483098
B9J08_02865	852.770192612707	968.884392294617	945.927627465913	925.290455032499
B9J08_02864	192.074418383287	146.225639850916	153.574132459172	145.929690481729
B9J08_02863	122.68627771079	137.295829783684	316.051113176846	351.193430939545
B9J08_02862	376.103834949472	381.749380374146	366.129634630924	394.491251192365
B9J08_02861	1879.51354952022	1873.0276616018	1713.79828976177	1788.03961414426
B9J08_02860	1982.08732268826	1865.21407779298	1956.40090480597	2066.26819984294
B9J08_02859	1458.15657934956	1320.49566369186	1279.78443715976	1393.54836295189
B9J08_02858	724.050163539091	754.568950681061	758.967814037356	780.964387523097
B9J08_02857	358.002580860995	390.679190441378	373.919626857114	363.220603231995
B9J08_02856	657.678898548007	660.80594497513	783.450646748239	739.270190242603
B9J08_02855	1504.41533979789	1724.56956923408	1404.4243127788	1394.35017443806
B9J08_02854	47.2643856754684	45.7652765945614	73.4484981326474	62.5412959207408
B9J08_02853	1789.00727907784	1765.86994079503	1743.84540263422	1766.39070401785
B9J08_02852	3170.73634116493	2955.76713225362	2904.55424433651	2960.28800691507
B9J08_02851	2.01125045427525	2.23245251680787	2.22571206462568	0.801811486163344
B9J08_02850	14.0787531799268	5.58113129201968	6.67713619387703	12.8289837786135
B9J08_02849	2.01125045427525	0	2.22571206462568	0
B9J08_02848	22077.4962365794	23713.1106335332	23109.5683670084	23350.3541000489
B9J08_02847	1292.22841687185	1233.43001553635	1326.5243905169	1164.23027790918
B9J08_02846	252.411932011544	281.289017117792	252.618319335014	236.534388418186
B9J08_02845	2701.10936009166	2467.9762573311	2862.26571510862	2951.46808056727
B9J08_02844	3201.9107232062	3038.36787537551	3529.97933449633	3271.39086354644
B9J08_02843	410.295092672151	474.396159821673	393.951035438745	410.527480915632
B9J08_02842	571.195129014171	551.415771651545	528.606615348599	518.772031547684
B9J08_02841	4118.03530512858	3516.1127139724	3929.49465009663	4007.45380784439
B9J08_02840	6207.72452712056	6113.57121727836	5876.9927066441	6017.5952036559
B9J08_02839	2728.26124122438	2797.26300356026	3061.46694489262	3379.6354141785
B9J08_02838	1651.23662295998	1649.78240992102	1742.73254660191	2022.16856810395
B9J08_02837	2287.7973917381	2271.52043585201	2367.04478072941	2522.49893546988
B9J08_02836	58851.1995425481	55874.9378169258	49229.4123014231	49043.6013626671
B9J08_02835	5346.90933269076	5115.66494226524	4735.20241749113	5075.46670741397
B9J08_02834	665.723900365108	616.156894638973	622.086522062877	656.683607167779
B9J08_02833	1778.95102680646	1746.89409440216	1714.91114579409	1709.46208850025
B9J08_02832	11395.7450739236	15566.8913997013	4505.95407483469	3793.37014103878
B9J08_02831	913.107706240964	957.722129710577	902.526242205712	821.856773317428
B9J08_02830	2434.61867490019	2722.4758442472	2538.42460970559	2637.15797799124
B9J08_02829	641.588894913805	719.965936670539	860.237712977825	813.036846969631
B9J08_02828	4253.79471079216	3992.74132631088	4659.52820729386	4647.29937380274
B9J08_02827	1607.99473819306	1506.90544884531	1602.51268653049	1711.06571147258
B9J08_02826	4254.8003360193	4404.62881566193	3907.23752945038	3798.98282144192
B9J08_02825	1890.57542701874	1866.33030405138	1708.23400960021	1817.7066391323
B9J08_02824	1549.66847501908	1591.73864448401	1584.70699001348	1655.74071892731
B9J08_02823	6473.2095870849	6637.0813324698	6311.00655924611	6064.90208133953
B9J08_02822	1252.00340778634	1417.607348173	1545.75702888253	1708.66027701409
B9J08_02821	311.743820412664	329.286746229161	795.69206310368	884.398069238168
B9J08_02820	1261.05403483058	1316.03075865824	1335.42723877541	1488.16211831917
B9J08_02819	964.394592824983	840.518372578164	896.961962044148	995.849865814873
B9J08_02818	3446.27765340064	3403.3738618736	3153.83399557459	3320.30136420241
B9J08_02817	4.0225009085505	5.58113129201968	3.33856809693852	3.20724594465338
B9J08_02816	1291.22279164471	1368.49339280323	1495.67850742846	1443.26067509402
B9J08_02815	4.0225009085505	7.81358380882755	4.45142412925136	1.60362297232669
B9J08_02814	723.044538311953	748.987819389041	652.133634935324	669.512590946392
B9J08_02813	2029.35170836373	1987.99896621741	1629.221231306	1574.75775882481
B9J08_02812	3540.80642475158	3690.24401028341	2930.14993307971	3129.47023049553
B9J08_02811	19.1068793156149	24.5569776848866	37.8371050986365	21.6489101264103
B9J08_02810	1403.85281708413	1398.63150178013	1512.37134791315	1526.64906965501
B9J08_02809	24.135005451303	12.2784888424433	11.1285603231284	17.6398526955936
B9J08_02808	1509.44346593358	1562.71676176551	2381.51190914948	2243.46853828504
B9J08_02807	97.5456470323497	63.6248967290244	16.6928404846926	24.8561560710637
B9J08_02806	2047.45296245221	2039.34537410399	2095.50790884508	2254.69389909132
B9J08_02805	772.320174441697	813.728942376469	824.626319943814	968.58827528532
B9J08_02804	76.4275172624596	97.1116844811425	82.3513463911501	94.6137553672746
B9J08_02803	379.120710630885	371.703344048511	332.743953661539	338.364447160931
B9J08_02802	1135.35088143838	1143.01568860563	940.363347304349	945.335742186583
B9J08_02801	1555.70222638191	1634.15524230336	1727.15256214953	1778.4178763103
B9J08_02800	4.0225009085505	2.23245251680787	1.11285603231284	3.20724594465338
B9J08_02799	936.23708646513	1064.87985051736	969.297604144483	1033.53500566455
B9J08_02798	1210.7727734737	1276.9628396141	1140.67743312066	1153.80672858905
B9J08_02797	3168.72509071066	3071.85466312763	3488.80366130075	3530.3759735772
B9J08_02796	1052.88961281309	904.143269307188	983.76473256455	1059.19297322178
B9J08_02795	3909.87088311109	3504.95045138836	3553.3493111749	3823.83897751299
B9J08_02794	2793.62688098832	3024.97316027467	2737.62583948958	2528.91342735919
B9J08_02793	88.4950199881111	82.6007431218913	75.6742101972731	87.3974519918045
B9J08_02792	132.742529982167	133.947151008472	301.583984756779	320.724594465338
B9J08_02791	0	0	0	0
B9J08_02790	1.00562522713763	0	0	1.60362297232669
B9J08_02789	686.842030134998	634.016514773436	764.53209419892	697.575992962109
B9J08_02788	429.401971987766	486.674648664116	521.929479154722	473.068776836373
B9J08_02787	191.068793156149	212.082989096748	254.84403139964	281.435831643334
B9J08_02786	304.704443822701	333.751651262777	377.258194954052	397.698497137019
B9J08_02785	1058.92336417592	1083.85569691022	984.877588596863	983.02088203626
B9J08_02784	2097.73422380909	2142.03818987715	2186.76210349473	2170.50369304417
B9J08_02783	1062.94586508447	914.189305632824	964.846180015231	968.58827528532
B9J08_02782	3872.662749707	4165.75639636349	2480.55609602532	2556.17501788874
B9J08_02781	50290.3119839255	45457.1981472419	40802.8664247502	39395.4037496636
B9J08_02780	1114.23275166849	1052.60136167491	1208.56165109174	1254.03316435947
B9J08_02779	2171.14486539013	2251.42836320074	2030.96225897093	2293.98266191333
B9J08_02778	1416.92594503691	1403.09640681375	1505.69421171927	1411.99002713365
B9J08_02777	6910.65656088977	6933.99751720525	6969.81733037531	6934.0657323406
B9J08_02776	1098.14274803429	1212.22171662667	1333.20152671078	1281.29475488902
B9J08_02775	197.102544518975	209.85053657994	180.28267723468	161.164108718832
B9J08_02774	33735.7094947859	32863.9334999287	30827.224951098	30435.9622032744
B9J08_02773	1935.82856223993	1838.42464759128	1943.04663241822	1824.12113102161
B9J08_02772	1056.91211372164	1082.73947065182	1090.59891166658	1216.34802450979
B9J08_02771	1240.94153028783	1215.57039540189	1158.48312963767	1239.60055760853
B9J08_02770	3720.81334040922	3808.56399367423	5333.91896287544	5525.2829511516
B9J08_02769	232.299427468792	244.453550590462	221.458350430255	234.93076544586
B9J08_02768	2391.37679013327	2422.21098073654	2131.11930187909	2006.93414986685
B9J08_02767	1384.74593776851	1265.80057703006	1358.79721545398	1287.70924677833
B9J08_02766	30310.5499711552	32426.3728066344	21286.71018608	20997.0373881595
B9J08_02765	1655.25912386853	1830.61106378246	1625.88266320906	1593.19942300656
B9J08_02764	572.200754241309	575.972749336431	422.885292278879	412.131103887959
B9J08_02763	280.569438371398	317.008257386718	320.502537306098	299.877495825091
B9J08_02762	935.231461237992	990.092691204291	1075.0189272142	1183.4737535771
B9J08_02761	6032.74573759862	6296.6323236566	5536.45876075637	5270.30689855166
B9J08_02760	1715.59663749679	1710.05862787483	1640.34979162912	1585.18130814493
B9J08_02759	291.631315869912	360.541081464471	264.859735690456	260.588733003087
B9J08_02758	7418.49730059427	7739.91287577289	9008.56958157243	8180.08078183844
B9J08_02757	522.925118111565	602.762179538126	526.380903283973	431.374579555879
B9J08_02756	2817.76188643963	2773.82225213378	2878.95855559331	3027.64017175279
B9J08_02755	221.237549970278	219.896572905575	186.959813428557	209.272797888633
B9J08_02754	689.858905816411	658.573492458322	630.98937032138	693.566935531293
B9J08_02753	724.050163539091	683.130470143209	817.949183749937	781.76619900926
B9J08_02752	338.89570154538	378.400701598934	349.436794146231	361.616980259668
B9J08_02751	445.491975621968	517.928983899426	604.280825545872	546.835433563401
B9J08_02750	224.254425651691	210.966762838344	330.518241596913	290.255757991131
B9J08_02749	866.848945792634	971.116844811425	231.474054721071	271.01228232321
B9J08_02748	4612.80291688029	4793.0755535865	4809.76377165609	5111.54822429132
B9J08_02747	5604.34939083799	6784.42319857912	5653.30864414922	5149.233364141
B9J08_02746	10364.9792161075	10433.3668373016	10365.1410849618	10555.0464038543
B9J08_02745	3542.81767520586	3903.44322563857	3563.36501546571	3622.58429448599
B9J08_02744	4465.9816337182	4251.70581826059	4941.08078346901	4939.96056625236
B9J08_02743	148.832533616369	142.876961075704	136.881291974479	153.947805343362
B9J08_02742	92.5175208966616	75.9033855714677	85.6899144880886	99.4246242842547
B9J08_02741	28.1575063598535	33.4867877521181	13.3542723877541	20.0452871540836
B9J08_02740	1585.87098319604	1233.43001553635	2124.44216568521	2771.06049618052
B9J08_02739	4439.83537781262	4178.03488520593	4099.7616230405	4071.59872673746
B9J08_02738	6220.79765507335	6193.93950788344	6679.36190594166	6749.64909052303
B9J08_02737	568.178253332759	746.755366872233	577.572280770363	546.033622077237
B9J08_02736	3430.18764976644	3546.25082294931	3267.3453108705	3341.14846284265
B9J08_02735	1458.15657934956	1617.4118484273	835.754880266942	777.757141578444
B9J08_02734	2353.16303150204	2377.56193040038	2505.0389287362	2451.13771320134
B9J08_02733	1815.15353498341	2154.3166787196	1060.55179879414	1098.48173604378
B9J08_02732	41282.9268244538	40051.3143777916	35685.9543881758	37612.1750044363
B9J08_02731	6219.79202984622	6431.69570092348	6086.20964071892	6889.96610060161
B9J08_02730	1260.04840960345	1272.49793458049	1261.97874064276	1391.94473997957
B9J08_02729	75964.9296579763	74703.4423436834	64275.2258582926	64877.7745914208
B9J08_02728	685.836404907861	659.689718716726	796.804919135993	752.099174021217
B9J08_02727	1385.75156299565	1336.12283130951	1383.28004816486	1387.13387106259
B9J08_02726	1798.05790612208	1979.06915615018	1357.68435942166	1390.34111700724
B9J08_02725	671.757651727934	663.038397491938	668.826475420016	727.243017950153
B9J08_02724	7872.03427803334	7918.50907711752	8420.98159651125	8662.77129650877
B9J08_02723	2557.30495261098	2706.84867662955	2923.47279688583	2670.8340604101
B9J08_02722	24017.3472997279	25547.0703760909	27586.588185003	27624.8111327857
B9J08_02721	0	0	0	0
B9J08_02720	1298.26216823468	1359.56358273599	1392.18289642336	1368.69220688083
B9J08_02719	1651.23662295998	1571.64657183274	1267.54302080432	1290.91649272298
B9J08_02718	1181.60964188671	1318.26321117505	1392.18289642336	1221.96070491294
B9J08_02717	613.431388553952	704.338769052884	795.69206310368	846.712929388491
B9J08_02716	1037.80523440603	968.884392294617	1209.67450712406	1143.38317926893
B9J08_02715	5661.67002878483	6076.73575075103	5585.42442617814	5707.29415851068
B9J08_02714	18.1012540884773	16.743393876059	18.9185525493183	24.8561560710637
B9J08_02713	1660.28725000422	1691.08278148196	1420.00429723118	1426.42263388459
B9J08_02712	1299.26779346181	1260.21944573804	1310.94440606452	1178.66288466012
B9J08_02711	2541.21494897678	2560.62303677863	2454.96040728212	2434.29967199191
B9J08_02710	2460.76493080577	2460.16267352228	1740.50683453728	1961.23089515554
B9J08_02709	1548.66284979194	1416.4911219146	1448.93855407132	1496.98204466696
B9J08_02708	976.462095550635	946.559867126538	1165.16026583154	1286.90743529217
B9J08_02707	1195.68839506664	1127.38852098798	1270.88158890126	1280.49294340286
B9J08_02706	3956.12964355942	4220.45148302528	3919.47894580582	3920.05635585259
B9J08_02705	447.503226076244	495.604458731348	511.913774863906	505.141236282907
B9J08_02704	246.378180648718	251.150908140886	220.345494397942	250.165183682963
B9J08_02703	0	0	0	0
B9J08_02702	0	0	0	0
B9J08_02701	2055.49796426931	2156.5491312364	1730.49113024646	1617.25376759146
B9J08_02700	789.415803303036	638.481419807052	844.657728525445	891.614372613639
B9J08_02699	460.576354029033	464.350123496037	449.593837054387	454.627112654616
B9J08_02698	11139.3106410035	12251.6994122416	1500.12993155771	1587.58674260342
B9J08_02697	5679.77128287331	5657.03467759115	5777.94851976826	5833.98037332449
B9J08_02696	1671.34912750273	1553.78695169828	1418.89144119887	1424.81901091226
B9J08_02695	1854.37291884178	1967.90689356614	1869.59813428557	1795.25591751973
B9J08_02694	1189.65464370381	1263.56812451326	1085.03463150502	1092.06724415447
B9J08_02693	1900.63167929011	1862.98162527617	1955.28804877366	2081.50261808004
B9J08_02692	2846.92501802662	2901.07204559183	2842.23430652699	2749.41158605411
B9J08_02691	5735.08067036588	6037.66783170689	5598.77869856589	5399.39854782396
B9J08_02690	943.276463055093	917.537984408036	994.893292887678	939.723061783439
B9J08_02689	2468.80993262287	2425.55965951175	2303.61198688758	2313.22613758125
B9J08_02688	1924.76668474142	1983.53406118379	2018.72084261549	2160.08014372405
B9J08_02687	3931.99463810812	3902.32699938016	3171.63969209159	3390.05896349862
B9J08_02686	6809.08841294886	6897.16205067792	6414.5021702512	5845.20573413078
B9J08_02685	30684.6425556504	28636.784659353	23573.6293324829	23734.4218019211
B9J08_02684	1026.74335690752	977.814202361848	1099.50175992509	1150.5994826444
B9J08_02683	2104.77360039905	2299.42609231211	2069.91222010188	2188.14354573977
B9J08_02682	249.395056330131	417.468620643072	300.471128724467	311.102856631378
B9J08_02681	0	0	0	0
B9J08_02680	53.2981370382942	53.5788604033889	82.3513463911501	68.1539763238842
B9J08_02679	1771.9116502165	1706.70994909962	1700.44401737402	1674.98419459523
B9J08_02678	2641.77747169054	2299.42609231211	2650.82306896918	2556.17501788874
B9J08_02677	948.304589190781	903.027043048784	964.846180015231	890.010749641312
B9J08_02676	763.269547397458	868.424029038262	981.539020499924	918.875963143192
B9J08_02675	832.657688069954	898.562138015169	642.117930644508	646.260057847655
B9J08_02674	602.369511055438	671.96820755917	781.224934683613	737.666567270276
B9J08_02673	3459.35078135343	3170.08257386718	3290.71528754907	3240.12021558607
B9J08_02672	7154.01786585707	6606.9432234929	7186.82425667631	7634.84897124736
B9J08_02671	3306.49574682851	3340.86519140298	3358.59950552015	3234.50753518293
B9J08_02670	253.417557238682	261.196944466521	282.665432207461	270.210470837047
B9J08_02669	72339.6507141451	73225.5587775566	64382.0600373947	64437.5800855171
B9J08_02668	1404.85844231126	1548.20582040626	921.444794755031	1018.30058742745
B9J08_02667	152.855034524919	146.225639850916	105.72132306972	95.4155668534379
B9J08_02666	264.479434737196	281.289017117792	267.085447755081	248.561560710637
B9J08_02665	436.44134857773	377.28447534053	351.662506210857	367.229660662812
B9J08_02664	1626.09599228154	1737.96428433493	1611.41553478899	1783.22874522728
B9J08_02663	8604.12944338953	8055.80490690121	9006.34386950781	8589.8064512679
B9J08_02662	7892.14678257609	8187.51960539287	8146.10615652998	8395.76807161638
B9J08_02661	772.320174441697	844.98327761178	722.243564971033	621.403901776592
B9J08_02660	126.708778619341	141.7607348173	171.379828976177	147.533313454055
B9J08_02659	25100.4056693551	22293.2708328434	5586.53728221045	6287.00386300678
B9J08_02658	5723.01316764023	6003.06481769637	5568.73158569345	5391.38043296233
B9J08_02657	1007.6364775919	916.421758149632	929.234786981221	920.479586115519
B9J08_02656	3634.32957087538	3531.73988159005	3562.2521594334	3637.01690123693
B9J08_02655	5520.88249698557	5481.78715502173	5559.82873743494	5607.06772274026
B9J08_02654	2709.15436190876	2762.65998954974	2853.36286685012	2940.24271976098
B9J08_02653	3551.86830225009	3840.93455516794	3416.46801920042	3406.09519322189
B9J08_02652	2270.70176287676	2488.06832998237	6388.90648150801	6640.60272840482
B9J08_02651	10625.4361499362	10396.5313707743	10129.2156061115	10332.944622187
B9J08_02650	9085.82392718845	9646.42732512682	7588.56528434125	7502.55007603041
B9J08_02649	955.343965780745	918.65421066644	964.846180015231	1024.71507931675
B9J08_02648	876.90519806401	1000.13872752993	752.290677843479	770.540838202974
B9J08_02647	620.470765143915	602.762179538126	644.343642709134	621.403901776592
B9J08_02646	168.945038159121	154.039223659743	168.041260879239	150.740559398709
B9J08_02645	1688.44475636407	1712.29108039164	1561.33701333491	1546.69435680909
B9J08_02644	1214.79527438225	1237.89492056997	4583.85399709658	4033.11177540162
B9J08_02643	24.135005451303	25.6732039432905	21.1442646139439	24.8561560710637
B9J08_02642	394.205089037949	484.442196147308	361.678210501673	357.607922828851
B9J08_02641	435.435723350592	490.023327439328	412.869587988063	461.843416030086
B9J08_02640	629.521392188154	760.150081973081	563.105152350297	634.232885555205
B9J08_02639	12036.3283436102	11708.0972243989	9925.56295219821	10188.6185546776
B9J08_02638	1468.21283162093	1413.14244313938	1369.9257757771	1456.08965887263
B9J08_02637	955.343965780745	944.32741460973	992.667580823052	941.326684755766
B9J08_02636	693.881406724962	684.246696401613	638.77936254757	571.691589634464
B9J08_02635	66.3712649910833	56.9275391786007	72.3356421003345	45.7032547113106
B9J08_02634	25.1406306784406	46.8815028529653	12.2414163554412	10.4235493201235
B9J08_02633	36.2025081769545	45.7652765945614	3.33856809693852	3.20724594465338
B9J08_02632	4644.98292414869	4464.90503361575	4160.96870481771	4462.88273198517
B9J08_02631	1343.51530345587	1220.0353004355	1283.1230052567	1336.61974743429
B9J08_02630	4.0225009085505	8.92981006723149	6.67713619387703	4.81086891698006
B9J08_02629	1004.61960191049	1093.90173323586	773.434942457423	817.045904400448
B9J08_02628	1628.10724273582	1691.08278148196	1608.07696669205	1594.80304597889
B9J08_02627	2555.29370215671	2520.43889147609	2623.00166816136	2538.53516519315
B9J08_02626	1277.14403846478	1455.55904095873	1228.59305967337	1104.89622793309
B9J08_02625	949.310214417919	959.954582227385	973.749028273734	984.624505008586
B9J08_02624	3933.00026333526	4063.06358059033	3473.22367684837	3394.8698324156
B9J08_02623	2223.43737720129	2190.03591898852	2106.6364691682	2007.73596135301
B9J08_02622	307.721319504114	359.424855206067	338.308233823103	369.635095121302
B9J08_02621	360.01383131527	386.214285407762	341.646801920042	353.598865398035
B9J08_02620	3916.91025970105	4027.3443403214	4149.84014449458	4450.05374820656
B9J08_02619	1857.38979452319	1730.1507005261	1877.38812651176	2100.74609374796
B9J08_02618	444.486350394831	529.091246483466	428.449572440443	477.879645753353
B9J08_02617	1632.12974364437	1566.06544054072	1761.65109915122	1606.83021827134
B9J08_02616	601.3638858283	562.578034235584	639.892218579882	639.043754472185
B9J08_02615	2647.81122305337	2580.7151094299	2537.31175367327	2760.63694686039
B9J08_02614	108.607524530864	99.3441369979503	76.7870662295859	74.568468213191
B9J08_02613	0	0	0	0
B9J08_02612	7425.53667718423	7434.06688097022	7031.02441215252	6895.57878100476
B9J08_02611	1321.39154845884	1433.23451579065	1710.45972166483	1667.76789121976
B9J08_02610	15.0843784070644	10.0460363256354	33.3856809693852	25.657967557227
B9J08_02609	3556.89642838578	3634.43269736322	3450.96655620211	3604.94444179039
B9J08_02608	21291.0973089578	21020.7728982629	21582.7298906752	21995.2926884329
B9J08_02607	3981.27027423786	3603.17836212791	4029.65169300479	3740.450582952
B9J08_02606	4866.22047411897	4672.52311767888	3938.39749835514	3866.33498627964
B9J08_02605	651.645147185182	584.902559403663	646.56935477376	757.71185442436
B9J08_02604	864.837695338358	892.981006723149	881.381977591769	935.714004352623
B9J08_02603	20039.0939011715	20044.0749221595	18951.9382302876	18777.6231944594
B9J08_02602	434.430098123454	454.304087170402	267.085447755081	288.652135018804
B9J08_02601	5454.51123199448	5543.17959923395	5232.64906393497	5356.9025390573
B9J08_02600	23.1293802241654	37.9516927857338	16.6928404846926	24.8561560710637
B9J08_02599	3.01687568141288	1.11622625840394	1.11285603231284	1.60362297232669
B9J08_02598	933.220210783717	981.16288113706	991.55472479074	967.786463799156
B9J08_02597	1360.61093231721	1259.10321947964	1485.66280313764	1521.03638925186
B9J08_02596	5821.56443989972	5667.08071391678	6208.62380427333	5998.35172798798
B9J08_02595	1931.80606133138	1874.14388786021	1772.77965947435	1848.17547560651
B9J08_02594	3647.40269882817	3588.66742076866	3782.59765383134	3916.04729842177
B9J08_02593	3423.14827317648	3137.71201237346	4311.20426917994	4251.20449963805
B9J08_02592	615.442639008227	561.46180797718	703.325012421714	703.990484851416
B9J08_02591	696.898282406375	721.082162928943	691.083596066273	648.665492306145
B9J08_02590	90986.9593009581	89721.15042425	82636.2375354222	77797.3630679708
B9J08_02589	2410.48366944889	2619.78302847404	2543.98888986715	2291.57722745484
B9J08_02588	1846.32791702468	1884.18992418584	1749.40968279578	1646.92079257951
B9J08_02587	400.238840400775	486.674648664116	392.838179406432	385.671324844568
B9J08_02586	541.026372200043	574.856523078027	627.650802224441	675.927082835699
B9J08_02585	436.44134857773	423.049751935092	402.853883697248	424.158276180409
B9J08_02584	1180.60401665957	1256.87076696283	1198.54594680093	1184.27556506326
B9J08_02583	4396.5934930457	4200.35941037401	5101.33205212205	5210.17103708941
B9J08_02582	397.221964719362	398.492774250205	382.822475115617	376.851398496772
B9J08_02581	494.767611751712	525.742567708254	465.173821506767	534.80826127095
B9J08_02580	1552.68535070049	1625.22543223613	1929.69236003046	1780.02149928262
B9J08_02579	314.760696094077	300.264863510659	296.019704595215	267.805036378557
B9J08_02578	987.523973049149	996.790048754715	931.460499045846	964.579217854503
B9J08_02577	3813.33086130588	4336.53901389929	4317.88140537382	4129.32915374122
B9J08_02576	149.838158843506	155.155449918147	136.881291974479	129.893460758462
B9J08_02575	253.417557238682	247.802229365674	283.778288239774	246.156126252147
B9J08_02574	4954.71549410708	5102.27022716439	4919.93651885506	4743.51675214234
B9J08_02573	676.785777863622	822.658752443701	744.500685617289	756.910042938197
B9J08_02572	28588.9195822956	30291.0319743076	24477.2684307209	24892.237587941
B9J08_02571	8191.8231002631	8199.79809423532	7608.59669292288	8434.25502295221
B9J08_02570	1180.60401665957	1160.87530874009	1296.47727764446	1255.6367873318
B9J08_02569	3342.69825500547	3216.96407672014	3542.22075085177	3705.17087756081
B9J08_02568	481.694483798923	497.836911248156	515.252342960844	546.033622077237
B9J08_02567	583.262631739823	625.086704706204	598.716545384307	684.747009183496
B9J08_02566	1480.28033434659	1472.30243483479	1559.11130127029	1439.2516176632
B9J08_02565	330.850699728279	318.124483645122	277.101152045897	282.237643129497
B9J08_02564	3.01687568141288	2.23245251680787	5.5642801615642	2.40543445849003
B9J08_02563	59797.4928812846	55746.5717972094	50662.770871042	49922.3867515021
B9J08_02562	40893.7498615516	38169.3569061226	33470.2580278409	32833.3785469028
B9J08_02561	2356.17990718346	2119.71366470908	1732.71684231109	1727.10194119584
B9J08_02560	4727.44419277398	4920.32534704455	5234.87477599959	5132.39532293156
B9J08_02559	734.106415810467	765.7312132651	728.92070116491	647.863680819982
B9J08_02558	804.500181710101	795.869322242007	652.133634935324	699.981427420599
B9J08_02557	1020.70960554469	1005.71985882195	983.76473256455	982.219070550096
B9J08_02556	1535.58972183915	1706.70994909962	1655.9297760815	1543.48711086444
B9J08_02555	986.518347822011	1074.92588684299	1105.06604008665	990.23718541173
B9J08_02554	1331.44780073022	1371.84207157844	1457.84140232982	1451.27878995565
B9J08_02553	686.842030134998	770.196118298716	428.449572440443	360.013357287341
B9J08_02552	1892.58667747301	2117.48121219227	747.839253714228	728.044829436316
B9J08_02551	669.746401273659	737.825556805002	602.055113481246	587.727819357731
B9J08_02550	226.265676105966	217.664120388768	21.1442646139439	29.6670249880437
B9J08_02549	1191.66589415809	1116.22625840394	1297.59013367677	1367.89039539466
B9J08_02548	3724.83584131777	3859.91040156081	3953.97748280752	3914.44367544945
B9J08_02547	4351.34035782451	4335.42278764089	3207.2510851256	3189.60609195778
B9J08_02546	3280.34949092294	3240.40482814663	3425.37086745892	3468.63648914263
B9J08_02545	4792.80983253793	4912.51176323572	5169.21627009314	5217.38734046488
B9J08_02544	5630.49564674357	5732.93806316262	6201.94666807945	6068.10932728419
B9J08_02543	1.00562522713763	0	0	0
B9J08_02542	2141.98173380314	2187.80346647172	1770.55394740973	1799.26497495054
B9J08_02541	753.213295126082	759.033855714677	746.726397681915	752.90098550738
B9J08_02540	219.226299516002	189.758463928669	250.392607270389	252.570618141453
B9J08_02539	3140.56758435081	3811.91267244944	4845.3751646901	4480.52258468077
B9J08_02538	686.842030134998	594.948595729298	708.889292583278	714.414034171539
B9J08_02537	204.141921108938	212.082989096748	410.643875923438	376.049587010608
B9J08_02536	1012.66460372759	1035.85796779885	918.106226658092	935.714004352623
B9J08_02535	1160.49151211682	1241.24359934518	1060.55179879414	1037.54406309537
B9J08_02534	1666.32100136705	1717.87221168366	1916.33808764271	1993.30335460207
B9J08_02533	851.764567385569	843.867051353376	758.967814037356	767.33359225832
B9J08_02532	611.420138099677	580.437654370047	525.26804725166	598.151368677855
B9J08_02531	615.442639008227	608.343310830145	609.845105707436	578.907893009934
B9J08_02530	2318.97177377937	2512.62530766726	2421.57472631274	2374.96562201582
B9J08_02529	1531.5672209306	1614.06316965209	1652.59120798457	1564.33420950468
B9J08_02528	1237.92465460642	1146.36436738084	988.216156693801	996.651677301037
B9J08_02527	5865.81194989377	5583.36374453649	5928.18408413049	5455.52535185539
B9J08_02526	125.703153392203	142.876961075704	192.524093590121	179.605772900589
B9J08_02525	2172.15049061727	2128.64347477631	2295.82199466139	2140.03485656997
B9J08_02524	1038.81085963317	1138.55078357202	1216.35164331793	1141.7795562966
B9J08_02523	4180.38406921111	4152.36168126264	4389.10419144184	4260.02442598585
B9J08_02522	6.03375136282576	6.69735755042362	3.33856809693852	4.00905743081672
B9J08_02521	19.1068793156149	20.0920726512709	38.9499611309494	44.0996317389839
B9J08_02520	23.1293802241654	23.4407514264827	35.6113930340109	28.063402015717
B9J08_02519	1621.06786614585	1829.49483752405	1629.221231306	1795.25591751973
B9J08_02518	1427.98782253543	1336.12283130951	1336.54009480772	1363.88133796385
B9J08_02517	1485.30846048227	1628.57411101134	1441.14856184513	1459.29690481729
B9J08_02516	592.313258784062	578.205201853239	610.957961739749	538.015507215604
B9J08_02515	4.0225009085505	0	1.11285603231284	0
B9J08_02514	1150.43525984544	1070.46098180937	1033.84325401863	1015.89515296896
B9J08_02513	3947.07901651518	3662.33835382331	3232.8467738688	3037.26190958675
B9J08_02512	50840.3889831698	47559.0521918165	43031.9170574729	41284.4716110644
B9J08_02511	3018.88693186715	3038.36787537551	2976.88988643684	2903.35939139747
B9J08_02510	1591.90473455886	1654.24731495463	1778.34393963592	1660.55158784429
B9J08_02509	1044.84461099599	1024.69570521481	984.877588596863	1020.70602188594
B9J08_02508	904.057079196726	877.353839105494	841.319160428506	887.605315182822
B9J08_02507	881.933324199698	868.424029038262	881.381977591769	868.361839514902
B9J08_02506	948.304589190781	974.465523586636	984.877588596863	891.614372613639
B9J08_02505	1497.37596320792	1442.16432585789	1454.50283423288	1457.69328184496
B9J08_02504	1024.73210645324	1074.92588684299	1052.76180656795	1073.62557997272
B9J08_02503	9150.18394172526	9097.24400599208	8485.5272463854	8283.51446355351
B9J08_02502	808.522682618651	822.658752443701	918.106226658092	977.408201633116
B9J08_02501	5573.17500879672	5437.13810468557	5856.96129806247	5438.68731064596
B9J08_02500	699.915158087788	748.987819389041	731.146413229535	758.513665910523
B9J08_02499	1551.67972547336	1601.78468080965	1713.79828976177	1699.84035066629
B9J08_02498	158.888785887745	188.642237670265	185.846957396244	198.047437082346
B9J08_02497	1155.46338598113	1307.10094859101	1240.83447602882	1090.46362118215
B9J08_02496	2049.46421290648	2014.7883964191	2191.21352762398	2100.74609374796
B9J08_02495	2682.00248077605	2459.04644726387	2676.41875771238	2605.0855185447
B9J08_02494	2305.89864582658	2217.94157544862	2596.29312338585	2540.94059965164
B9J08_02493	413.311968353564	435.328240777535	383.935331147929	369.635095121302
B9J08_02492	1035.79398395175	1073.80966058459	1038.29467814788	1027.12051377524
B9J08_02491	743.157042854706	759.033855714677	889.171969817958	861.145536139431
B9J08_02490	794.443929438724	798.101774758814	774.547798489736	740.87381321493
B9J08_02489	604.380761509713	692.060280210441	603.167969513559	600.556803136345
B9J08_02488	1861.41229543175	2098.5053657994	1938.59520828897	1887.46423842851
B9J08_02487	1600.9553616031	1694.43146025718	1590.27127017505	1511.4146514179
B9J08_02486	6368.62456346258	6594.66473465046	7108.92433441442	7382.27835310591
B9J08_02485	880.92769897256	863.959124004647	845.770584557758	814.640469941958
B9J08_02484	1948.90169019272	1951.16349969008	2040.97796326175	2104.75515117878
B9J08_02483	545.048873108593	616.156894638973	592.03940919043	566.880720717484
B9J08_02482	2317.96614855223	2318.40193870498	2232.38920081956	2208.99064438001
B9J08_02481	1765.87789885367	1714.52353290845	1832.87388521925	1975.66350190648
B9J08_02480	3675.56020518802	3658.9896750481	4188.79010562553	3966.56142205006
B9J08_02479	1127.30587962128	1033.62551528204	1014.92470146931	958.966537451359
B9J08_02478	2800.66625757829	2864.2365790645	2860.040003044	3034.05466364209
B9J08_02477	1870.46292247598	1982.41783492539	1467.85710662063	1384.7284366041
B9J08_02476	1725.65288976817	1744.66164188535	2144.47357426684	1988.49248568509
B9J08_02475	64836.6808944713	67739.3067175013	27546.5253678397	29034.3957254609
B9J08_02474	822.601435798578	947.676093384942	991.55472479074	925.290455032499
B9J08_02473	842.71394034133	811.496489859662	809.046335491434	805.018732107997
B9J08_02472	1644.19724637002	1556.01940421509	1726.03970611721	1783.22874522728
B9J08_02471	4217.5922026152	4407.97749443714	4297.84999679218	4883.03195073476
B9J08_02470	1388.76843867706	1519.18393768776	490.769510249962	466.654284947066
B9J08_02469	6853.33592294292	6734.19301695095	6822.92033411002	6708.7567047287
B9J08_02468	3835.45461630291	4096.55036834245	4139.82444020376	4292.09688543238
B9J08_02467	380.126335858023	397.376547991801	395.063891471058	433.780014014369
B9J08_02466	1516.48284252354	1560.4843092487	1544.64417285022	1423.21538793994
B9J08_02465	23956.0041608725	24561.4425899202	28164.1604657733	27858.9400867454
B9J08_02464	5349.92620837217	5417.0460320343	4932.1779352105	4796.43631022912
B9J08_02463	790.421428530174	748.987819389041	786.789214845177	749.693739562727
B9J08_02462	2354.16865672918	2782.75206220101	2582.9388509981	2464.76850846612
B9J08_02461	435.435723350592	437.560693294343	510.800918831593	493.114063990457
B9J08_02460	21.1181297698901	13.3947151008472	13.3542723877541	16.0362297232669
B9J08_02459	5264.44806406547	5116.78116852364	3158.28541970384	2922.60286706539
B9J08_02458	1138.36775711979	1180.96738139136	1201.88451489787	1118.52702319786
B9J08_02457	647.622646276631	598.29727450451	655.472203032262	587.727819357731
B9J08_02456	26053.7383846816	26493.6302432174	26115.3925102854	24418.3669996185
B9J08_02455	1596.93286069455	1828.37861126565	1546.86988491485	1449.67516698333
B9J08_02454	3849.53336948283	4130.03715609456	4043.00596539254	4014.67011121986
B9J08_02453	3870.65149925272	3932.46510835707	4360.1699346017	4146.16719495065
B9J08_02452	2555.29370215671	2741.45169064007	2575.14885877191	2799.9257096824
B9J08_02451	677.79140309076	702.106316536076	396.176747503371	403.311177540162
B9J08_02450	7053.45534314331	7419.55593961096	6939.77021750286	6817.80306684691
B9J08_02449	472.643856754684	477.744838596885	543.073743768666	558.060794369687
B9J08_02448	6175.54451985216	6359.14099412722	6059.50109594341	5847.61116858927
B9J08_02447	892.995201698212	1035.85796779885	825.739175976127	940.524873269602
B9J08_02446	1685.42788068266	1745.77786814376	1632.55979940293	1627.67731691159
B9J08_02445	1346.53217913728	1330.54170001749	1365.47435164785	1394.35017443806
B9J08_02444	75023.6644453754	76912.4541090648	64097.1688931226	59757.4064407817
B9J08_02443	2564.34432920095	2657.73472125977	1904.09667128727	1872.22982019141
B9J08_02442	13165.6454736858	14716.3269907975	13175.1025665517	12278.9410991055
B9J08_02441	473.649481981822	619.505573414185	381.709619083304	359.211545801178
B9J08_02440	667.735150819384	741.174235580214	520.816623122409	595.745934219365
B9J08_02439	1674.36600318415	1748.01032066056	1661.49405624307	1677.38962905372
B9J08_02438	17149.9326236051	17627.445072715	17024.4715823218	17368.8404132704
B9J08_02437	160.90003634202	155.155449918147	268.198303787394	250.966995169127
B9J08_02436	1582.85410751462	1708.94240161643	1807.27819647605	1825.72475399393
B9J08_02435	0	0	0	0
B9J08_02434	5122.65490703907	5264.12303463296	4514.85692309319	4775.58921158888
B9J08_02433	8234.05935980288	7760.00494842416	8156.1218608208	8015.70942717495
B9J08_02432	2766.47499985561	2873.16638913173	3247.31390228886	3554.4303181621
B9J08_02431	2257.62863492397	2248.07968442553	1876.27527047945	1882.65336951153
B9J08_02430	237.32755360448	266.778075758541	188.07266946087	194.038379651529
B9J08_02429	733.100790583329	778.009702107544	620.973666030564	598.953180164018
B9J08_02428	0	0	0	0
B9J08_02427	17501.9014531032	17378.5266170909	18386.6073658727	18875.4441957713
B9J08_02426	2143.99298425742	2401.00268182687	1961.96518496754	2096.73703631714
B9J08_02425	2207.34737356709	2565.08794181225	1875.16241444713	1936.37473908448
B9J08_02424	1398.82469094844	1234.54624179475	964.846180015231	1109.70709685007
B9J08_02423	7699.06673896566	7717.58835060481	7077.76436550966	7086.40991471163
B9J08_02422	662.707024683696	597.181048246106	637.666506515257	671.918025404882
B9J08_02421	800.47768080155	1116.22625840394	634.327938418318	587.727819357731
B9J08_02420	4246.75533420219	4450.39409225649	3580.0578559504	3781.34296874633
B9J08_02419	27180.0386390758	26556.138913688	23378.8795268281	23044.8639238207
B9J08_02418	4586.65666097471	5001.80986390804	9235.59221216425	9240.07556654638
B9J08_02417	5180.98117021305	5117.89739478205	4524.872627384	4321.76391042042
B9J08_02416	696.898282406375	690.944053952037	730.033557197222	742.477436187257
B9J08_02415	2864.02064688796	3076.31956816125	2766.56009632972	2616.31087935099
B9J08_02414	200.119420200388	213.199215355152	158.025556588423	173.191281011282
B9J08_02413	0	0	0	0
B9J08_02412	2655.85622487047	2720.24339173039	2702.01444645557	2661.21232257614
B9J08_02411	0	0	0	0
B9J08_02410	298.670692459875	276.824112084176	248.166895205763	222.101781667246
B9J08_02409	1195.68839506664	1202.17568030104	1313.17011812915	1362.27771499152
B9J08_02408	1428.99344776257	1318.26321117505	1346.55579909854	1380.71937917328
B9J08_02407	6677.35150819384	6582.38624580801	5242.66476822578	5355.29891608497
B9J08_02406	1120.26650303132	1163.1077612569	965.959036047544	1053.58029281863
B9J08_02405	77.4331424895972	50.2301816281771	4.45142412925136	8.81992634779678
B9J08_02404	132.742529982167	138.412056042088	469.625245636018	498.7267443936
B9J08_02403	902.04582874245	919.770436924843	1022.7146936955	999.85892324569
B9J08_02402	7957.51242234003	7776.74834230022	8018.12771281401	8200.12606899252
B9J08_02401	1321.39154845884	1304.8684960742	1421.1171532635	1455.28784738647
B9J08_02400	3823.38711357725	3578.62138444302	3935.0589302582	4350.6291239223
B9J08_02399	939.253962146543	899.678364273573	1065.00322292339	1272.47482854123
B9J08_02398	879.922073745423	767.963665781908	1067.22893498801	1233.98787720539
B9J08_02397	43.2418847669179	45.7652765945614	60.0942257448933	67.3521648377209
B9J08_02396	19.1068793156149	13.3947151008472	14.4671284200669	33.6760824188604
B9J08_02395	1260.04840960345	1278.07906587251	1285.34871732133	1294.9255501538
B9J08_02394	1849.34479270609	1793.77559725513	1910.77380748114	2006.93414986685
B9J08_02393	1526.53909479492	1487.92960245245	1482.3242350407	1743.13817091911
B9J08_02392	137900.381772155	135884.919793062	147273.141604217	143777.628452866
B9J08_02391	7151.00099017566	7096.96655093223	6831.82318236852	6964.53456881481
B9J08_02390	989.535223503424	832.704788769336	1023.82754972781	1161.82484345069
B9J08_02389	6904.62280952694	6870.37262047623	6217.52665253183	6580.46686694256
B9J08_02388	511.863240613052	397.376547991801	523.042335187034	534.80826127095
B9J08_02387	659.690149002283	678.665565109593	609.845105707436	738.46837875644
B9J08_02386	2113.82422744329	2053.85631546324	2141.1350061699	2043.0156667442
B9J08_02385	556.110750607107	564.810486752392	538.622319639414	534.80826127095
B9J08_02384	0	0	0	0.801811486163344
B9J08_02383	4570.56665734051	4450.39409225649	4739.65384162038	5000.89823920078
B9J08_02382	2162.0942383459	2066.13480430569	2315.85340324302	2168.09825858568
B9J08_02381	1544.64034888339	1444.39677837469	1918.56379970733	2112.77326604041
B9J08_02380	1705.54038522541	1989.11519247581	1122.87173660365	1099.28354752994
B9J08_02379	1226.8627771079	1108.41267459511	1266.43016477201	1294.12373866764
B9J08_02378	6001.57135555735	5760.84371962272	4473.68124989761	4515.80229007195
B9J08_02377	3864.6177478899	3922.41907203143	4065.2630860388	4171.82516250788
B9J08_02376	219.226299516002	205.385631546324	267.085447755081	283.841266101824
B9J08_02375	2267.68488719535	2206.77931286458	2292.48342656445	2507.26451723278
B9J08_02374	0	0	0	0
B9J08_02373	822.601435798578	888.516101689533	756.742101972731	764.126346313667
B9J08_02372	2008.23357859384	2091.80800824898	1348.78151116316	1476.13494602672
B9J08_02371	2420.53992172027	2397.65400305166	2519.50605715627	2475.19205778624
B9J08_02370	667.735150819384	656.341039941515	679.955035743145	679.134328780352
B9J08_02369	510.857615385914	545.834640359525	545.299455833291	619.800278804265
B9J08_02368	1212.78402392798	1206.64058533466	1313.17011812915	1282.09656637519
B9J08_02367	1575.81473092466	1640.85259985379	1275.33301303051	1457.69328184496
B9J08_02366	345.935078135343	363.889760239683	361.678210501673	408.923857943305
B9J08_02365	689.858905816411	645.178777357475	616.522241901313	623.007524748918
B9J08_02364	717.010786949127	773.544797073928	790.127782942116	772.946272661464
B9J08_02363	1525.53346956778	1545.97336788945	1389.95718435874	1533.06356154431
B9J08_02362	3106.37632662813	3081.90069945327	3154.9468516069	3285.82347029738
B9J08_02361	2707.14311145449	2728.05697553922	2791.0429290406	2791.90759482076
B9J08_02360	504.823864023088	414.11994186786	436.239564666633	485.095949128823
B9J08_02359	1704.53475999828	1734.61560555972	1848.45386967163	2007.73596135301
B9J08_02358	1150.43525984544	1147.48059363925	1208.56165109174	1167.43752385383
B9J08_02357	2447.69180285298	2282.68269843605	2755.43153600659	2791.90759482076
B9J08_02356	545.048873108593	568.159165527604	636.553650482944	652.674549736962
B9J08_02355	1181.60964188671	1209.98926410987	1594.7226943043	1610.03746421599
B9J08_02354	1389.7740639042	1290.35755471495	1379.94148006792	1355.06141161605
B9J08_02353	6456.11395822356	6053.29499932455	6686.03904213554	6768.09075470479
B9J08_02352	412.306343126427	390.679190441378	324.953961435349	389.680382275385
B9J08_02351	1446.08907662391	1367.37716654482	1364.36149561554	1438.44980617704
B9J08_02350	4845.10234434908	4685.91783277972	4853.16515691629	4838.13050750962
B9J08_02349	1521.51096865923	1439.93187334108	1592.49698223967	1460.90052778961
B9J08_02348	992.552099184837	852.796861420607	1013.811845437	1026.31870228908
B9J08_02347	19.1068793156149	17.859620134463	12.2414163554412	8.81992634779678
B9J08_02346	846.736441249881	764.614987006696	596.490833319682	616.593032859612
B9J08_02345	4.0225009085505	1.11622625840394	2.22571206462568	0
B9J08_02344	6.03375136282576	2.23245251680787	5.5642801615642	5.61268040314341
B9J08_02343	1029.76023258893	1097.25041201107	912.541946496528	833.082134123714
B9J08_02342	40801.2323406549	39655.0540560582	23642.6264064863	23105.8015967691
B9J08_02341	6237.89328393469	6653.82472634586	6121.82103375293	6173.94844345775
B9J08_02340	20545.9290156488	21184.8581582483	21260.0016413045	22049.0140580058
B9J08_02339	3196.88259707051	3133.24710733985	3265.11959880587	3226.4894203213
B9J08_02338	1253.00903301348	1203.29190655944	1223.02877951181	1206.72628667583
B9J08_02337	4190.44032148249	4370.02580165141	3872.73899244868	3571.26835937153
B9J08_02336	1522.51659388637	1485.69714993564	1535.74132459172	1557.91971761538
B9J08_02335	1193.67714461236	1115.11003214553	905.864810302651	1019.10239891361
B9J08_02334	4602.74666460891	4450.39409225649	4541.5654678687	4656.9211116367
B9J08_02333	4698.28106118699	4719.40462053184	5026.77069795709	5359.30797351579
B9J08_02332	862.826444884083	924.235341958459	928.121930948908	918.074151657029
B9J08_02331	793.438304211587	774.661023332332	824.626319943814	768.135403744484
B9J08_02330	0	1.11622625840394	4.45142412925136	0
B9J08_02329	525.941993792978	484.442196147308	524.155191219347	574.898835579118
B9J08_02328	1108.19900030566	1068.22852929257	1579.14270985192	1541.88348789211
B9J08_02327	433.424472896317	437.560693294343	347.211082081606	373.644152552118
B9J08_02326	1592.910359786	1477.88356612681	1063.89036689107	1132.95962994881
B9J08_02325	6139.34201167521	6294.3998711398	5064.60780305573	4920.71709058444
B9J08_02324	783.382051940211	808.14781108445	691.083596066273	687.152443641986
B9J08_02323	460.576354029033	444.258050844767	504.123782637716	541.222753160257
B9J08_02322	1013.67022895473	928.700246992075	1148.46742534685	1157.01397453371
B9J08_02321	930.203335102304	778.009702107544	707.776436550966	807.424166566487
B9J08_02320	818.578934890028	859.494218971031	988.216156693801	890.812561127475
B9J08_02319	140.787531799268	140.644508558896	135.768435942166	138.713387106259
B9J08_02318	512.868865840189	583.786333145259	593.152265222743	548.439056535727
B9J08_02317	523.930743338703	485.558422405712	516.365198993157	484.29413764266
B9J08_02316	2033.37420927228	2365.28344155794	1836.21245331618	1706.2548425556
B9J08_02315	486.722609934611	471.047481046461	490.769510249962	506.744859255233
B9J08_02314	1217.81215006367	1259.10321947964	1244.17304412575	1240.40236909469
B9J08_02313	1636.15224455292	1596.20354951763	1667.05833640463	1707.85846552792
B9J08_02312	4344.30098123454	4092.08546330883	3840.46616751161	3716.3962383671
B9J08_02311	3474.4351597605	3302.91349861725	3445.40227604055	3517.54698979859
B9J08_02310	462.587604483308	449.839182136786	459.609541345203	443.401751848329
B9J08_02309	9526.28777667473	9437.69301480528	9625.09182347375	9555.18748060857
B9J08_02308	221.237549970278	223.245251680787	366.129634630924	366.427849176648
B9J08_02307	61.3431388553952	72.5547067962559	120.188451489787	108.244550632051
B9J08_02306	1321.39154845884	1303.7522698158	1330.97581464616	1398.35923186887
B9J08_02305	415.32321880784	380.633154115742	347.211082081606	371.238718093628
B9J08_02304	66621.6656726406	62706.2425183579	56771.2376324072	54677.9306759369
B9J08_02303	2702.1149853188	2529.36870154332	2463.86325554063	2569.80581315352
B9J08_02302	959.366466689295	1096.13418575267	984.877588596863	961.371971909849
B9J08_02301	554.099500152832	561.46180797718	549.750879962543	554.051736938871
B9J08_02300	183.023791339048	243.337324332058	264.859735690456	261.39054448925
B9J08_02299	2660.88435100616	2837.44714886281	2911.23138053039	2812.75469346101
B9J08_02298	1762.86102317226	1561.60053550711	1658.15548814613	1654.13709595498
B9J08_02297	17450.6145665192	17618.5152626477	18778.3326892468	16957.5111208686
B9J08_02296	2001.19420200388	2126.4110222595	2029.84940293862	2334.87504770766
B9J08_02295	3445.27202817351	3345.3300964366	3068.1440810865	3200.02964127791
B9J08_02294	904.057079196726	964.419487261001	1692.65402514783	1910.71677152725
B9J08_02293	511.863240613052	508.999173832195	592.03940919043	594.944122733201
B9J08_02292	3441.24952726496	3481.50969996188	3797.06478225141	3830.25346940229
B9J08_02291	384.148836766573	325.938067453949	324.953961435349	337.562635674768
B9J08_02290	4499.16726621374	4476.06729619978	4606.11111774284	4369.87259959023
B9J08_02289	4032.55716082188	4238.31110315975	4254.44861153198	4306.52949218332
B9J08_02288	1420.94844594547	1526.99752149658	1411.10144897268	1427.22444537075
B9J08_02287	157.883160660607	150.690544884531	156.91270055611	148.335124940219
B9J08_02286	1583.85973274176	1589.50619196721	1769.44109137741	1653.33528446882
B9J08_02285	310.738195185526	339.332782554797	322.728249370723	295.066626908111
B9J08_02284	985.512722594873	1090.55305446065	916.993370625779	926.894078004826
B9J08_02283	666.729525592246	578.205201853239	568.669432511861	628.620205152062
B9J08_02282	1389.7740639042	1352.86622518557	1585.8198460458	1618.05557907763
B9J08_02281	7702.08361464708	7868.27889548935	8090.46335491434	8293.93801287363
B9J08_02280	55.3093874925694	43.5328240777535	37.8371050986365	40.8923857943305
B9J08_02279	52.2925118111566	41.3003715609456	72.3356421003345	75.3702796993543
B9J08_02278	9269.85334375464	9163.10135523791	14191.1401240533	13603.5336742473
B9J08_02277	156.87753543347	161.852807468571	254.84403139964	266.20141340623
B9J08_02276	2.01125045427525	0	3.33856809693852	0.801811486163344
B9J08_02275	920.147082830928	874.005160330282	913.654802528841	913.263282740049
B9J08_02274	485.716984707473	496.720684989752	462.948109442141	441.798128876003
B9J08_02273	1764.87227362653	1861.86539901777	1833.98674125156	1844.96822966185
B9J08_02272	409.289467445014	418.584846901476	395.063891471058	453.023489682289
B9J08_02271	22.1237549970278	18.9758463928669	31.1599689047595	30.4688364742071
B9J08_02270	3765.06085040327	3787.35569476456	3878.30327261024	3981.79584028717
B9J08_02269	2122.87485448753	2037.11292158718	2196.77780778554	1956.42002623856
B9J08_02268	3069.16819322403	3123.20107101421	3105.98118618513	3143.90283724647
B9J08_02267	941.265212600818	963.303261002597	761.193526101982	760.11728888285
B9J08_02266	281.575063598535	275.707885825772	280.439720142835	283.841266101824
B9J08_02265	1922.75543428714	2054.97254172165	1483.43709107301	1394.35017443806
B9J08_02264	1137.36213189265	1204.40813281785	1175.17597012236	1217.95164748212
B9J08_02263	0	0	1.11285603231284	0
B9J08_02262	0	0	0	0.801811486163344
B9J08_02261	1232.89652847073	1300.40359104059	1327.63724654922	1297.33098461229
B9J08_02260	1658.27599954995	1749.12654691897	1844.00244554237	1771.20157293483
B9J08_02259	694.8870319521	766.847439523504	667.713619387703	628.620205152062
B9J08_02258	3495.55328953039	3663.45458008172	3635.70065756605	3583.29553166398
B9J08_02257	68.3825154453586	58.0437654370047	72.3356421003345	69.7575992962109
B9J08_02256	348.951953816756	348.262592622028	351.662506210857	313.508291089867
B9J08_02255	1881.5247999745	1971.25557234135	1790.58535599136	1846.57185263418
B9J08_02254	440.46384948628	453.187860911998	551.976592027168	559.664417342014
B9J08_02253	567.172628105621	541.369735325909	614.296529836687	529.195580867807
B9J08_02252	2384.33741354331	2576.25020439628	2591.8416992566	2386.19098282211
B9J08_02251	489.739485616024	443.141824586363	437.352420698946	498.7267443936
B9J08_02250	2143.99298425742	2182.2223351797	2059.89651581107	1964.43814110019
B9J08_02249	4059.7090419546	3939.16246590749	4098.64876700819	4432.41389551097
B9J08_02248	1490.33658661796	1512.48658013733	1506.80706775158	1577.1631932833
B9J08_02247	4236.69908193082	4518.48389401913	3846.03044767317	3920.85816733875
B9J08_02246	883.944574653973	1087.20437568543	1352.1200792601	1303.7454765016
B9J08_02245	6669.30650637674	6145.94177877207	7115.60147060829	7187.43816196822
B9J08_02244	2598.53558692363	3788.47192102296	1727.15256214953	1525.04544668268
B9J08_02243	2.01125045427525	5.58113129201968	1.11285603231284	4.00905743081672
B9J08_02242	1164.51401302537	1201.05945404264	1138.45172105603	1145.78861372742
B9J08_02241	586.279507421236	524.62634144985	620.973666030564	554.051736938871
B9J08_02240	2641.77747169054	2616.43434969883	2635.2430845168	2737.38441376166
B9J08_02239	362.025081769545	373.935796565319	378.371050986365	427.365522125062
B9J08_02238	725.055788766228	755.685176939465	675.503611613893	699.179615934436
B9J08_02237	1285.18904028189	1220.0353004355	1356.57150338935	1234.78968869155
B9J08_02236	401.244465627913	382.86560663255	401.741027664935	399.302120109345
B9J08_02235	1936.83418746707	1967.90689356614	1933.0309281274	1751.15628578074
B9J08_02234	4679.17418187137	4925.90647833657	4520.42120325475	4489.34251102856
B9J08_02233	114155.558908982	125673.681981182	73612.0879693974	71279.437496949
B9J08_02232	2595.51871124221	2649.92113745094	2833.33145826849	2671.63587189626
B9J08_02231	242.355679740168	236.639966781634	201.426941848624	202.858305999326
B9J08_02230	1344.52092868301	1387.46923919609	1042.74610227713	1012.6879070243
B9J08_02229	3062.12881663407	3228.12633930418	2379.28619708485	2451.93952468751
B9J08_02228	5000.97425455541	4817.63253127139	4883.21226978874	4921.51890207061
B9J08_02227	5592.28188811234	5601.22336467095	5099.10634005743	4954.3931730033
B9J08_02226	516.89136674874	627.319157223012	338.308233823103	372.842341065955
B9J08_02225	69.3881406724962	71.4384805378519	66.7713619387703	75.3702796993543
B9J08_02224	9.05062704423863	13.3947151008472	8.90284825850271	21.6489101264103
B9J08_02223	8871.62575380814	8782.46820112217	8489.97867051465	8725.31259242951
B9J08_02222	849.753316931294	856.145540195819	968.18474811217	894.821618558292
B9J08_02221	3333.64762796123	3310.72708242607	3611.21782485516	3535.98865398035
B9J08_02220	8927.94076652784	10221.2838482048	3906.12467341806	3657.06218839101
B9J08_02219	4152.22656285126	3922.41907203143	3957.31605090446	4122.91466185192
B9J08_02218	1179.59839143244	1132.96965228	1125.09744866828	1168.23933533999
B9J08_02217	319.788822229765	331.519198745969	240.376902979573	208.470986402469
B9J08_02216	2752.39624667568	2720.24339173039	3068.1440810865	2900.95395693898
B9J08_02215	2121.86922926039	2134.22460606833	2348.12622818009	2180.12543087813
B9J08_02214	1162.5027625711	1105.0639958199	1253.07589238426	1126.5451380595
B9J08_02213	48600.8616023343	44480.5001711385	39960.4344082894	37621.7967422703
B9J08_02212	6991.10657906078	8143.98678131512	5671.11434066623	5249.45979991141
B9J08_02211	732.095165356192	760.150081973081	609.845105707436	613.385786914958
B9J08_02210	3301.46762069283	3372.11952663829	3534.43075862558	3418.12236551434
B9J08_02209	1056.91211372164	1014.64966888918	1201.88451489787	1331.00706703115
B9J08_02208	60.3375136282576	70.322254279448	56.7556576479548	79.3793371301711
B9J08_02207	1546.65159933767	1520.30016394616	1433.35856961894	1320.58351771103
B9J08_02206	1352.56593050011	1404.21263307215	1191.86881060705	1107.30166239158
B9J08_02205	932.214585556579	922.002889441651	942.589059368975	939.723061783439
B9J08_02204	3741.93147017911	3320.77311875171	3428.70943555586	3359.59012702441
B9J08_02203	179.001290430497	203.153179029516	264.859735690456	250.165183682963
B9J08_02202	5217.18367839	5164.77889763501	4603.88540567821	4652.91205420589
B9J08_02201	718.016412176265	703.22254279448	755.629245940418	704.792296337579
B9J08_02200	1004.61960191049	1110.64512711192	983.76473256455	921.281397601682
B9J08_02199	1285.18904028189	1172.03757132413	1299.8158457414	1329.40344405882
B9J08_02198	815.562059208615	774.661023332332	741.162117520351	743.27924767342
B9J08_02197	2592.5018355608	2728.05697553922	2083.26649248963	1820.91388507695
B9J08_02196	997.580225320525	903.027043048784	862.46342504245	848.316552360818
B9J08_02195	5154.83491430747	5363.46717163091	6188.5923956917	6143.47960698354
B9J08_02194	489.739485616024	488.907101180924	499.672358508465	498.7267443936
B9J08_02193	1003.61397668335	895.213459239957	864.689137107076	891.614372613639
B9J08_02192	4435.81287690407	4145.66432371222	4236.64291501498	4113.29292401795
B9J08_02191	476.666357663235	492.255779956136	448.480981022074	370.436906607465
B9J08_02190	1077.0246182644	995.673822496311	983.76473256455	952.552045562053
B9J08_02189	6445.05208072504	6317.84062256628	7016.55728373245	6559.61976830232
B9J08_02188	1753.81039612802	1875.26011411861	2104.41075710358	2041.41204377187
B9J08_02187	3309.51262250993	3320.77311875171	2944.61706149977	3146.30827170496
B9J08_02186	222.243175197415	266.778075758541	235.925478850322	260.588733003087
B9J08_02185	14986.832760032	14874.8311194909	13084.9612279344	13126.4558399801
B9J08_02184	905.062704423863	981.16288113706	874.704841397892	886.001692210495
B9J08_02183	280.569438371398	285.753922151408	253.731175367327	293.463003935784
B9J08_02182	2012.25607950239	1990.23141873422	2039.86510722943	1956.42002623856
B9J08_02181	2336.06740264071	2471.32493610631	2305.8376989522	2374.16381052966
B9J08_02180	8.04500181710101	5.58113129201968	17.8056965170054	18.4416641817569
B9J08_02179	2066.55984176782	2350.77250019869	1831.76102918693	1905.90590261027
B9J08_02178	3.01687568141288	0	0	0
B9J08_02177	0	0	0	0
B9J08_02176	6088.05512509119	5885.86106056396	6840.72603062702	6256.53502653257
B9J08_02175	1598.94411114883	1718.98843794206	1987.56087371073	2021.36675661779
B9J08_02174	2354.16865672918	1929.95520078041	1727.15256214953	1670.17332567825
B9J08_02173	3541.81204997872	3172.31502638399	3479.90081304225	3751.67594375829
B9J08_02172	2864.02064688796	2789.44941975144	2620.77595609674	2699.69927391198
B9J08_02171	1.00562522713763	0	0	0.801811486163344
B9J08_02170	386.160087220848	394.02786921659	280.439720142835	317.517348520684
B9J08_02169	3279.3438656958	4124.45602480254	4202.14437801328	4127.72553076889
B9J08_02168	13429.1192831959	13354.5309555447	10450.8309994499	10965.5738847699
B9J08_02167	1156.46901120827	1234.54624179475	1628.10837527368	1507.40559398709
B9J08_02166	2362.21365854628	2154.3166787196	2150.0378544284	2142.44029102846
B9J08_02165	1105.18212462425	1079.39079187661	1027.16611782475	1009.48066107965
B9J08_02164	931.208960329442	897.445911756765	891.397681882584	938.119438811112
B9J08_02163	2496.96743898273	2552.8094529698	2554.00459415797	2614.70725637866
B9J08_02162	39186.1982258719	37431.5313493176	31794.2968431778	30386.2498911322
B9J08_02161	481.694483798923	456.53653968721	499.672358508465	529.99739235397
B9J08_02160	2707.14311145449	2536.06605909374	2668.62876548619	2658.00507663149
B9J08_02159	2800.66625757829	2759.31131077453	2739.85155155421	2762.24056983272
B9J08_02158	424.373845852078	402.957679283821	377.258194954052	414.536538346449
B9J08_02157	2098.73984903623	2157.66535749481	2113.31360536208	2186.53992276744
B9J08_02156	54.3037622654318	41.3003715609456	87.9156265527143	84.9920175333145
B9J08_02155	2535.18119761395	2590.76114575554	2497.24893651001	2629.94167461577
B9J08_02154	934.225836010854	1001.25495378833	1033.84325401863	999.057111759527
B9J08_02153	846.736441249881	785.823285916371	881.381977591769	890.812561127475
B9J08_02152	462.587604483308	522.393888933042	490.769510249962	567.682532203648
B9J08_02151	11018.635613747	10328.4415690116	12013.2808688171	12074.4791701338
B9J08_02150	0	0	0	0
B9J08_02149	1058.92336417592	1108.41267459511	1131.77458486216	1096.07630158529
B9J08_02148	4236.69908193082	4085.38810575841	4184.33868149628	4223.14109762233
B9J08_02147	6850.31904726151	6239.704784478	7013.21871563551	7046.31934040347
B9J08_02146	2222.43175197415	2373.09702536677	1559.11130127029	1431.23350280157
B9J08_02145	2377.29803695335	2422.21098073654	2471.65324776682	2505.66089426045
B9J08_02144	58786.8395280113	54621.4157287382	48714.1599584622	46479.4082299167
B9J08_02143	1963.98606859978	2131.99215355152	1866.25956618863	1874.6352546499
B9J08_02142	1267.08778619341	1381.88810790407	1304.26726987065	1293.32192718147
B9J08_02141	4136.13655921706	4046.32018671427	4369.07278286021	4317.75485298961
B9J08_02140	1376.70093595141	1455.55904095873	1619.20552701518	1751.95809726691
B9J08_02139	2548.25432556674	2576.25020439628	2552.89173812565	2551.36414897176
B9J08_02138	904.057079196726	812.612716118066	1098.38890389277	1059.19297322178
B9J08_02137	1468.21283162093	1588.3899657088	2148.92499839609	2295.58628488565
B9J08_02136	1070.99086690157	1192.1296439754	1260.86588461045	1233.98787720539
B9J08_02135	889.978326016799	949.90854590175	803.48205532987	804.216920621834
B9J08_02134	2442.66367671729	2203.43063408937	1730.49113024646	1830.53562291091
B9J08_02133	14150.1525710535	13150.2615502568	16520.3477996841	16899.7806938648
B9J08_02132	20842.5884576544	22051.0497347698	21117.5560691684	21319.3656055972
B9J08_02131	1887.55855133732	2013.6721701607	1649.25263988763	1612.44289867448
B9J08_02130	1236.91902937928	1101.71531704468	1328.75010258153	1276.48388597204
B9J08_02129	165.928162477708	194.223368962285	201.426941848624	249.3633721968
B9J08_02128	157.883160660607	151.806771142935	240.376902979573	250.165183682963
B9J08_02127	713.993911267714	682.014243884805	932.573355078159	1035.13862863688
B9J08_02126	0	0	1.11285603231284	2.40543445849003
B9J08_02125	1397.8190657213	1326.07679498388	1490.11422726689	1538.67624194746
B9J08_02124	988.529598276286	980.046654878656	747.839253714228	779.36076455077
B9J08_02123	20808.3971999318	21572.1886699145	15567.7430360243	17408.9309875785
B9J08_02122	342.91820245393	285.753922151408	338.308233823103	400.905743081672
B9J08_02121	1710.5685113611	1840.65710010809	1828.42246108999	1893.07691883166
B9J08_02120	1100.15399848856	1021.3470264396	1116.19460040978	1080.04007186202
B9J08_02119	1370.66718458858	1394.16659674652	1378.82862403561	1326.99800960033
B9J08_02118	5760.22130104432	5467.27621366248	5891.45983506417	6250.12053464327
B9J08_02117	85.4781443066982	72.5547067962559	71.2227860680217	68.9557878100476
B9J08_02116	1619.05661569158	1751.35899943578	2361.48050056784	2184.93629979511
B9J08_02115	3565.94705543002	3375.4682054135	3435.38657174973	3150.31732913578
B9J08_02114	626.504516506741	682.014243884805	540.84803170404	477.07783426719
B9J08_02113	1097.13712280715	1232.31378927795	844.657728525445	840.298437499185
B9J08_02112	446.497600849106	617.273120897377	579.797992834989	561.268040314341
B9J08_02111	1548.66284979194	1560.4843092487	2106.6364691682	1928.35662422284
B9J08_02110	638.572019232392	759.033855714677	742.274973552664	661.494476084759
B9J08_02109	7471.79543763256	7040.03901175363	8258.50461579358	8215.36048722962
B9J08_02108	1326.41967459453	1419.83980068981	1282.01014922439	1351.05235418523
B9J08_02107	6951.88719520241	7006.55222400151	6475.70925202841	6374.40131499858
B9J08_02106	246.378180648718	304.729768544275	332.743953661539	343.977127564075
B9J08_02105	36.2025081769545	25.6732039432905	56.7556576479548	40.8923857943305
B9J08_02104	4301.05909646763	4452.6265447733	3830.45046322079	4474.90990427762
B9J08_02103	1973.03669564402	1928.838974522	2945.72991753208	2778.27679955599
B9J08_02102	18229.9741175509	19230.345979783	17568.6581821228	16097.1673962153
B9J08_02101	50750.8883379546	47468.6378648858	38601.6371928354	37273.0087457892
B9J08_02100	5495.74186630713	6075.61952449262	5481.92881517305	5672.0144531195
B9J08_02099	13283.3036252609	13779.8131599966	12585.2888694259	11991.0907755728
B9J08_02098	609.408887645401	530.20747274187	582.023704899615	631.025639610552
B9J08_02097	1034.78835872462	939.862509576114	1102.84032802202	1038.34587458153
B9J08_02096	2575.40620669946	2607.50453963159	2673.08018961544	2594.66196922458
B9J08_02095	27440.4955729044	26472.4219443078	22371.744817585	20725.2232943501
B9J08_02094	498.790112660262	574.856523078027	489.656654217649	464.248850488576
B9J08_02093	3045.03318777273	3085.24937822848	3305.18241596913	3179.18254263766
B9J08_02092	1116.24400212276	1064.87985051736	985.990444629175	1035.13862863688
B9J08_02091	1910.68793156149	1825.02993249044	1679.29975276007	1804.07584386752
B9J08_02090	3362.81075954822	3420.11725574966	3724.72914015107	3822.23535454066
B9J08_02089	634.549518323842	584.902559403663	678.842179710832	627.016582179735
B9J08_02088	1157.47463643541	1107.2964483367	1216.35164331793	1092.86905564064
B9J08_02087	52.2925118111566	64.7411229874283	125.752731651351	131.497083730788
B9J08_02086	1893.59230270015	1883.07369792744	2072.13793216651	1961.23089515554
B9J08_02085	1.00562522713763	0	0	0
B9J08_02084	0	0	0	0
B9J08_02083	792.432678984449	892.981006723149	1027.16611782475	1014.29152999663
B9J08_02082	1828.2266629362	1814.9838961648	1785.02107582979	1724.69650673735
B9J08_02081	1585.87098319604	1640.85259985379	2091.05648471582	2187.3417342536
B9J08_02080	869.865821474046	855.029313937415	858.012000913199	938.119438811112
B9J08_02079	6123.252008041	5269.70416592498	5562.05444949957	5639.94199367296
B9J08_02078	878.916448518285	915.305531891228	774.547798489736	717.621280116193
B9J08_02077	4910.46798411303	4864.51403412435	5070.1720832173	4937.55513179387
B9J08_02076	56.315012719707	56.9275391786007	43.4013852602007	27.2615905295537
B9J08_02075	11.0618774985139	5.58113129201968	4.45142412925136	8.81992634779678
B9J08_02074	1178.5927662053	1268.03302954687	1185.19167441317	1307.75453393241
B9J08_02073	1810.12540884773	1964.55821479093	1738.28112247265	1716.67839187572
B9J08_02072	2038.40233540797	1924.37406948839	2010.9308503893	2079.09718362155
B9J08_02071	2854.97001984372	2957.99958477043	3108.20689824976	3099.80320550749
B9J08_02070	2989.72380028016	3022.74070775786	3052.56409663412	3318.69774123008
B9J08_02069	534.992620837217	544.718414101121	588.700841093492	636.638320013695
B9J08_02068	3272.30448910583	3262.72935331471	3577.83214388578	3854.30781398719
B9J08_02067	2216.39800061133	2389.84041924283	2389.30190137567	2423.07431118563
B9J08_02066	55595.9906823037	54552.2097007172	46354.905169959	44097.2263045254
B9J08_02065	1534.58409661202	1581.69260815838	1665.94548037232	1577.96500476946
B9J08_02064	3935.01151378953	4127.80470357776	4041.89310936023	4224.74472059466
B9J08_02063	467.615730618996	466.582576012845	479.640949926834	445.005374820656
B9J08_02062	2479.87181012139	2272.63666211041	2071.02507613419	2066.26819984294
B9J08_02061	146106.283625599	141902.495552117	131916.841214332	131657.446028021
B9J08_02060	87.4893947609735	81.4845168634873	84.5770584557758	91.4065094226212
B9J08_02059	890.983951243937	837.169693802952	805.707767394495	787.378879412404
B9J08_02058	2388.35991445186	2553.92567922821	2054.3322356495	2056.64646200898
B9J08_02057	1370.66718458858	1436.58319456587	1353.23293529241	1335.01612446197
B9J08_02056	711.982660813439	771.31234455712	876.930553462517	822.658584803591
B9J08_02055	1948.90169019272	1851.81936269213	1880.7266946087	2200.17071803222
B9J08_02054	1606.98911296593	1729.0344742677	1480.09852297608	1485.75668386068
B9J08_02053	590.302008329786	657.457266199918	684.406459872396	683.143386211169
B9J08_02052	3148.61258616791	3252.68331698907	3656.84492217999	3545.61039181431
B9J08_02051	1832.24916384475	1789.31069222151	1987.56087371073	2227.43230856177
B9J08_02050	48502.3103300748	46979.7307637049	38827.546967395	37786.1680969337
B9J08_02049	53688.3196264236	52765.1314610125	45235.3720014523	43568.8325351438
B9J08_02048	296.6594420056	305.845994802679	301.583984756779	300.679307311254
B9J08_02047	1724.64726454103	1823.91370623203	1495.67850742846	1517.02733182105
B9J08_02046	3460.35640658057	3709.21985667628	3630.13637740448	3722.00891877024
B9J08_02045	10.0562522713763	5.58113129201968	10.0157042908156	1.60362297232669
B9J08_02044	504.823864023088	467.698802271249	548.63802393023	475.474211294863
B9J08_02043	7899.18615916605	8002.22604649782	7722.10800821879	7787.99496510456
B9J08_02042	360.01383131527	349.378818880432	322.728249370723	301.481118797417
B9J08_02041	23653.3109675041	23044.4911047493	22189.2364282857	21226.3554732022
B9J08_02040	3062.12881663407	3471.46366363624	2655.27449309843	2637.15797799124
B9J08_02039	1820.1816611191	1847.35445765851	2029.84940293862	1887.46423842851
B9J08_02038	4.0225009085505	3.34867877521181	4.45142412925136	13.6307952647768
B9J08_02037	973.445219869222	945.443640868134	1319.84725432303	1246.816860984
B9J08_02036	3848.52774425569	3262.72935331471	3732.51913237726	3710.78355796396
B9J08_02035	438.452599032005	514.580305124215	479.640949926834	461.843416030086
B9J08_02034	43017.6303412662	40830.4403061576	38735.179916713	38086.0455927588
B9J08_02033	2562.33307874667	2725.82452302241	2600.7445475151	2714.13188066292
B9J08_02032	154.866284979194	111.622625840394	176.944109137741	149.136936426382
B9J08_02031	1396.81344049416	1417.607348173	1497.90421949308	1477.73856899904
B9J08_02030	12119.7952374627	12202.5854568718	11723.9383004158	11601.4103932974
B9J08_02029	1255.02028346776	1143.01568860563	1068.34179102033	1019.10239891361
B9J08_02028	1068.9796164473	1130.73719976319	1227.48020364106	1210.73534410665
B9J08_02027	330.850699728279	281.289017117792	320.502537306098	323.130028923828
B9J08_02026	2034.37983449942	2107.43517586663	2003.14085816311	1796.85954049205
B9J08_02025	292.636941097049	375.052022823723	413.982444020376	353.598865398035
B9J08_02024	655.667648093732	607.227084571741	685.519315904709	689.557878100476
B9J08_02023	69819.5538949382	67778.3746365454	58566.2744125278	57400.8824829476
B9J08_02022	5603.34376561085	5991.90255511233	5233.76191996728	5251.06342288374
B9J08_02021	1887.55855133732	1667.64203005548	1908.54809541652	1977.26712487881
B9J08_02020	618.45951468964	586.018785662067	614.296529836687	597.349557191691
B9J08_02019	4621.85354392453	4724.98575182386	3846.03044767317	3714.79261539477
B9J08_02018	1129.31713007555	1243.47605186199	1144.0160012176	1040.75130904002
B9J08_02017	7924.32678984449	7954.22831738645	8898.39683437346	8894.49481600998
B9J08_02016	1643.19162114288	1711.17485413323	1602.51268653049	1698.23672769396
B9J08_02015	1027.74898213465	1065.99607677576	1067.22893498801	1162.62665493685
B9J08_02014	7063.51159541468	7141.61560126838	6767.27753249437	6973.3544951626
B9J08_02013	679.802653545035	686.479148918421	549.750879962543	529.195580867807
B9J08_02012	7342.06978333181	7067.94466821372	7281.41701942291	6708.7567047287
B9J08_02011	5396.1849688205	5203.84681667915	5082.41349957274	5405.0112282271
B9J08_02010	1225.85715188077	1232.31378927795	1348.78151116316	1248.42048395633
B9J08_02009	27.1518811327159	33.4867877521181	45.6270973248264	46.505066197474
B9J08_02008	4478.04913644385	4322.02807254004	4646.1739349061	4630.46133259331
B9J08_02007	724.050163539091	590.483690695682	555.315160124107	590.133253816221
B9J08_02006	1398.82469094844	1490.16205496925	1629.221231306	1505.0001595286
B9J08_02005	1692.46725727262	1673.2231613475	1692.65402514783	1591.59580003424
B9J08_02004	3287.3888675129	3247.10218569705	3087.06263363582	3103.8122629383
B9J08_02003	1659.28162477708	1886.42237670265	1840.66387744544	1947.60009989076
B9J08_02002	1129.31713007555	1063.76362425895	1180.74025028392	1262.85309070727
B9J08_02001	431.413222442042	402.957679283821	480.753805959146	497.924932907437
B9J08_02000	331.856324955417	411.887489351052	401.741027664935	333.553578243951
B9J08_01999	695.892657179237	755.685176939465	780.1120786513	729.648452408643
B9J08_01998	4068.75966899883	4322.02807254004	3745.87340476502	3617.77342556901
B9J08_01997	1727.66414022244	1588.3899657088	1423.34286532812	1377.51213322863
B9J08_01996	2676.97435464036	2632.06151731648	3154.9468516069	3248.94014193387
B9J08_01995	82.4612686252853	68.0898017626401	76.7870662295859	80.1811486163344
B9J08_01994	24.135005451303	33.4867877521181	54.5299455833291	50.5141236282907
B9J08_01993	828.635187161404	747.871593130637	1119.53316850672	1117.7252117117
B9J08_01992	108.607524530864	139.528282300492	192.524093590121	218.09272423643
B9J08_01991	873.888322382597	930.932699508883	1372.15148784173	1270.8712055689
B9J08_01990	8039.97369096532	8030.13170295792	7899.05211735653	7915.48299140453
B9J08_01989	517.896991975877	611.691989605357	195.86266168706	215.68728977794
B9J08_01988	1005.62522713763	1028.04438399003	963.733323982919	938.921250297276
B9J08_01987	2038.40233540797	2290.49628224488	1975.31945735529	2120.79138090205
B9J08_01986	1877.50229906595	2014.7883964191	1776.11822757129	1764.78708104552
B9J08_01985	3620.25081769545	3666.80325885693	3788.1619339929	3749.2705092998
B9J08_01984	2713.17686281731	2584.06378820511	2670.85447755081	2689.27572459186
B9J08_01983	578.234505604135	560.345581718776	585.362272996553	603.764049080998
B9J08_01982	9912.44786389558	10254.770635957	6347.73080831243	6621.35925273689
B9J08_01981	754.218920353219	757.917629456273	746.726397681915	776.95533009228
B9J08_01980	1263.06528528486	1368.49339280323	1283.1230052567	1248.42048395633
B9J08_01979	81083.5620641068	79624.8839169864	82296.8164455668	82626.6736491326
B9J08_01978	8549.8256811241	8752.33009214526	8830.51261640238	8822.33178225527
B9J08_01977	907.073954878139	870.65648155507	942.589059368975	947.741176645073
B9J08_01976	335.878825863967	343.797687588412	356.113930340108	322.328217437664
B9J08_01975	874.893947609735	780.242154624351	885.83340172102	976.606390146953
B9J08_01974	2828.82376393814	2796.14677730186	3187.21967654397	3130.2720419817
B9J08_01973	775.33705012311	886.283649172725	698.873588292463	772.1444611753
B9J08_01972	4041.60778786612	3984.92774250205	4384.65276731259	4318.55666447577
B9J08_01971	1731.68664113099	1657.59599372985	1675.96118466314	1727.90375268201
B9J08_01970	421.356970170665	461.001444720826	481.866661991459	507.546670741397
B9J08_01969	3715.78521427353	4297.47109485515	5665.55006050466	6056.08215499174
B9J08_01968	1983.0929479154	1859.63294650096	2034.30082706787	2107.96239712343
B9J08_01967	965.400218052121	565.926713010796	625.425090159816	847.514740874655
B9J08_01966	1131.32838052983	1185.43228642498	1736.05541040803	1771.20157293483
B9J08_01965	1189.65464370381	1225.61643172752	1338.76580687235	1299.73641907078
B9J08_01964	6.03375136282576	5.58113129201968	14.4671284200669	24.8561560710637
B9J08_01963	44.2475099940555	40.1841453025417	101.269898940468	103.433681715071
B9J08_01962	170.956288613396	190.874690187073	344.98537001698	347.986184994891
B9J08_01961	12.0675027256515	29.0218827185023	48.9656654217649	35.2797053911871
B9J08_01960	6.03375136282576	2.23245251680787	6.67713619387703	3.20724594465338
B9J08_01959	0	0	0	0
B9J08_01958	4.0225009085505	4.46490503361574	44.5142412925136	41.6941972804939
B9J08_01957	3.01687568141288	5.58113129201968	4.45142412925136	6.41449188930675
B9J08_01956	11.0618774985139	8.92981006723149	8.90284825850271	15.2344182371035
B9J08_01955	80.4500181710101	117.203757132413	488.543798185336	456.230735626943
B9J08_01954	37.2081334040922	35.719240268926	38.9499611309494	28.8652135018804
B9J08_01953	246.378180648718	264.545623241733	390.612467341807	370.436906607465
B9J08_01952	1513.46596684213	1510.25412762053	1738.28112247265	1622.86644799461
B9J08_01951	1557.71347683618	1230.08133676114	1535.74132459172	1617.25376759146
B9J08_01950	294.648191551324	302.497316027467	289.342568401338	321.526405951501
B9J08_01949	4650.01105028438	4630.10651985953	4769.70095449283	4696.20987445871
B9J08_01948	7337.04165719612	7336.95519648907	7607.48383689057	7694.18302122345
B9J08_01947	457.55947834762	406.306358059033	454.045261183638	416.941972804939
B9J08_01946	1002.60835145621	1115.11003214553	656.585059064575	733.65750983946
B9J08_01945	3585.05393474564	3699.17382035064	3564.47787149802	3463.82562022565
B9J08_01944	1291.22279164471	1415.37489565619	1480.09852297608	1377.51213322863
B9J08_01943	1458.15657934956	1483.46469741883	1450.05141010363	1450.47697846949
B9J08_01942	4945.66486706284	5113.43248974843	5244.89048029041	4807.66167103541
B9J08_01941	10198.0454284027	10705.7260443522	6424.51787454202	6817.00125536075
B9J08_01940	1752.80477090088	1689.96655522356	1623.65695114443	1836.95011480022
B9J08_01939	2312.93802241654	2382.026835434	1644.80121575838	1680.59687499837
B9J08_01938	965.400218052121	958.838355968981	996.006148919991	1002.26435770418
B9J08_01937	3537.78954907017	3269.42671086513	3511.06078194701	3587.3045890948
B9J08_01936	2279.752389921	1918.79293819637	1956.40090480597	1885.05880397002
B9J08_01935	1482.29158480086	1559.3680829903	1581.36842191654	1511.4146514179
B9J08_01934	2721.22186463442	2555.04190548661	2457.18611934675	2354.11852337558
B9J08_01933	3698.68958541219	3406.72254064881	3151.60828350996	3010.80213054336
B9J08_01932	711.982660813439	673.084433817574	625.425090159816	684.747009183496
B9J08_01931	374.092584495197	430.863335743919	344.98537001698	299.075684338927
B9J08_01930	4202.50782420814	4065.29603310714	3846.03044767317	3572.0701708577
B9J08_01929	14008.3594140271	13721.7693945596	14764.2609806944	15205.5530236017
B9J08_01928	1296.2509177804	1237.89492056997	1269.76873286895	1272.47482854123
B9J08_01927	784.387677167348	790.288190949987	728.92070116491	811.433223997304
B9J08_01926	2455.73680467008	2337.37778509784	2265.77488178894	2198.56709505989
B9J08_01925	2539.20369852251	2383.1430616924	2276.90344211207	2285.96454705169
B9J08_01924	61694.1020596662	59219.151687104	53756.5106408717	51244.5738921855
B9J08_01923	525.941993792978	545.834640359525	498.559502476152	491.51044101813
B9J08_01922	2455.73680467008	2639.87510112531	2374.8347729556	2447.93046725669
B9J08_01921	10.0562522713763	10.0460363256354	14.4671284200669	11.2253608062868
B9J08_01920	0	0	0	0
B9J08_01919	543.037622654318	554.764450426756	580.910848867302	517.168408575357
B9J08_01918	370.070083586646	354.959950172452	428.449572440443	474.6723998087
B9J08_01917	1979.07044700685	2002.50990757666	1888.51668683489	1937.9783620568
B9J08_01916	789.415803303036	812.612716118066	738.936405455725	730.450263894806
B9J08_01915	252.411932011544	265.661849500137	170.266972943864	226.110839098063
B9J08_01914	827.629561934266	781.358380882755	834.642024234629	752.90098550738
B9J08_01913	1352.56593050011	1391.93414422971	1430.020001522	1316.57446028021
B9J08_01912	991.546473957699	1106.1802220783	1145.12885724991	1029.52594823373
B9J08_01911	339.901326772518	347.146366363624	290.455424433651	260.588733003087
B9J08_01910	641.588894913805	612.808215863761	476.302381829895	451.419866709963
B9J08_01909	686.842030134998	669.735755042362	751.177821811166	665.503533515576
B9J08_01908	1475.2522082109	1353.98245144397	1641.46264766144	1430.43169131541
B9J08_01907	1465.19595593952	1550.43827292307	1276.44586906283	1247.61867247016
B9J08_01906	2120.86360403325	2165.47894130364	2226.82492065799	2314.82976055357
B9J08_01905	2121.86922926039	2182.2223351797	1061.66465482645	1090.46362118215
B9J08_01904	1234.907778925	1235.66246805316	1159.59598566998	1114.51796576705
B9J08_01903	2290.81426741951	2261.47439952637	2118.87788552365	2122.39500387437
B9J08_01902	4088.87217354159	4266.21675961984	4385.7656233449	4252.80812261038
B9J08_01901	1158.48026166254	1160.87530874009	1219.69021141487	1031.12957120606
B9J08_01900	1736.71476726668	1726.80202175089	1799.48820424986	1795.25591751973
B9J08_01899	3836.46024153004	3801.86663612381	3269.57102293512	3212.85862505652
B9J08_01898	4175.35594307542	4191.42960030678	3803.74191844528	3957.74149570227
B9J08_01897	5636.52939810639	5153.61663505097	5182.57054248089	5260.6851607177
B9J08_01896	836.680188978505	848.331956386992	766.757806263546	815.442281428121
B9J08_01895	34986.7072773451	35629.9421682536	41321.457335808	41083.2169280374
B9J08_01894	98.5512722594873	119.436209649221	77.8999222618987	63.3431074069042
B9J08_01893	1.00562522713763	3.34867877521181	4.45142412925136	4.00905743081672
B9J08_01892	2828.82376393814	2396.53777679325	2619.66310006442	2619.51812529564
B9J08_01891	966.405843279259	842.750825094972	899.187674108774	961.371971909849
B9J08_01890	8.04500181710101	18.9758463928669	27.821400807821	19.2434756679203
B9J08_01889	665.723900365108	728.89574673777	721.13070893872	702.386861879089
B9J08_01888	1248.98653210493	1271.38170832208	1120.64602453903	1228.37519680224
B9J08_01887	2304.89302059944	2335.14533258103	1934.14378415971	1892.27510734549
B9J08_01886	1246.97528165066	1287.00887593974	1263.09159667507	1242.80780355318
B9J08_01885	1795.04103044066	1731.26692678451	1969.75517719373	2069.47544578759
B9J08_01884	47.2643856754684	62.5086704706204	16.6928404846926	18.4416641817569
B9J08_01883	1097.13712280715	1502.4405438117	255.956887431953	292.661192449621
B9J08_01882	1901.63730451725	1838.42464759128	1900.75810319033	1913.9240174719
B9J08_01881	5533.95562493835	5352.30490904687	4926.61365504894	5179.7022006152
B9J08_01880	2478.86618489425	2393.18909801804	2088.8307726512	2128.00768427752
B9J08_01879	636.560768778117	631.784062256628	677.729323678519	655.079984195452
B9J08_01878	81.4556433981477	59.1599916954086	58.9813697125805	73.7666567270277
B9J08_01877	185.035041793323	208.734310321536	186.959813428557	173.191281011282
B9J08_01876	262.46818428292	263.429396983329	385.048187180242	382.464078899915
B9J08_01875	460.576354029033	525.742567708254	510.800918831593	535.610072757114
B9J08_01874	1017.69272986328	884.051196655917	1261.97874064276	1200.31179478653
B9J08_01873	1480.28033434659	1426.53715824023	1514.59705997777	1596.40666895122
B9J08_01872	794.443929438724	889.632327947937	951.491907627477	917.272340170866
B9J08_01871	1282.17216460047	1197.71077526742	1067.22893498801	1111.31071982239
B9J08_01870	322.805697911178	304.729768544275	319.389681273785	342.373504591748
B9J08_01869	215.203798607452	246.68600310727	188.07266946087	156.353239801852
B9J08_01868	689.858905816411	753.452724422657	647.682210806072	631.025639610552
B9J08_01867	481.694483798923	493.37200621454	566.443720447235	606.169483539488
B9J08_01866	3598.12706269843	3542.90214417409	3696.90773934325	3763.70311605074
B9J08_01865	280.569438371398	293.567505960235	257.069743464266	263.79597894774
B9J08_01864	286.603189734223	309.19467357789	304.922552853718	335.959012702441
B9J08_01863	7294.80539765634	7156.12654262763	7724.33372028342	7881.00509749951
B9J08_01862	17741.240257162	17338.3424717883	18251.9517859629	18262.0584088563
B9J08_01861	1795.04103044066	1826.14615874884	1621.43123907981	1493.77479872231
B9J08_01860	1533.57847138488	1340.58773634313	1233.04448380263	1243.60961503935
B9J08_01859	508.846364931639	570.391618044411	633.215082386005	630.223828124388
B9J08_01858	3790.20148108171	3944.74359719951	4055.24738174799	3948.92156935447
B9J08_01857	8381.88626819211	8562.5716282166	8728.1298614296	9083.72232674452
B9J08_01856	1499.3872136622	1433.23451579065	1610.30267875668	1461.70233927578
B9J08_01855	665.723900365108	668.619528783958	1352.1200792601	1564.33420950468
B9J08_01854	832.657688069954	831.588562510933	856.899144880886	806.622355080324
B9J08_01853	5508.81499425991	5188.2196490615	4276.70573217824	4149.37444089531
B9J08_01852	834.668938524229	862.842897746243	1009.36042130775	969.390086771483
B9J08_01851	0	0	0	0
B9J08_01850	3322.58575046272	3483.74215247869	3758.11482112046	3636.21508975076
B9J08_01849	1343.51530345587	1364.02848776961	1445.59998597438	1393.54836295189
B9J08_01848	21453.002970527	22220.7161260472	24406.0456446529	24368.6546874764
B9J08_01847	1382.73468731424	1236.77869431156	1373.26434387404	1436.04437171855
B9J08_01846	1393.79656481275	1377.42320287046	1020.48898163087	1047.16580092933
B9J08_01845	1118.25525257704	1009.06853759716	1034.95611005094	1015.09334148279
B9J08_01844	1535.58972183915	1526.99752149658	1447.825698039	1561.92877504619
B9J08_01843	1424.97094685402	1561.60053550711	1286.46157335364	1283.70018934751
B9J08_01842	1019.70398031755	1131.85342602159	1632.55979940293	1741.53454794678
B9J08_01841	468.621355846134	418.584846901476	477.415237862208	539.619130187931
B9J08_01840	2797.64938189688	2691.22150901189	2681.98303787394	2947.45902313645
B9J08_01839	2216.39800061133	2264.82307830159	2575.14885877191	2571.40943612584
B9J08_01838	208.164422017489	103.809042031566	20.0314085816311	31.2706479603704
B9J08_01837	1361.61655754435	1412.02621688098	1386.6186162618	1386.33205957642
B9J08_01836	1880.51917474736	1941.11746336445	2115.53931742671	2107.16058563727
B9J08_01835	0	0	0	0
B9J08_01834	1274.12716278337	1182.08360764977	1278.67158112745	1201.91541775885
B9J08_01833	652.650772412319	714.384805378519	677.729323678519	651.872738250799
B9J08_01832	5781.33943081421	5669.31316643359	5601.00441063052	5631.92387881133
B9J08_01831	23.1293802241654	46.8815028529653	46.7399533571392	54.5231810591074
B9J08_01830	13774.0487361041	13893.6682383538	13766.0291197098	14227.3430104824
B9J08_01829	1232.89652847073	1168.68889254892	1164.04740979923	1252.42954138714
B9J08_01828	840.702689887055	842.750825094972	817.949183749937	910.857848281559
B9J08_01827	980.484596459185	1063.76362425895	748.952109746541	725.639394977826
B9J08_01826	419.34571971639	465.466349754441	513.026630896219	427.365522125062
B9J08_01825	7538.16670262364	9598.42959601545	4326.78425363232	3877.56034708593
B9J08_01824	1243.95840596924	1197.71077526742	1441.14856184513	1282.09656637519
B9J08_01823	1708.55726090683	1794.89182351353	1677.07404069545	1746.34541686376
B9J08_01822	1774.92852589791	1869.67898282659	1798.37534821755	1849.77909857883
B9J08_01821	5327.80245337514	5559.92299311001	5661.09863637541	5607.06772274026
B9J08_01820	433.424472896317	452.071634653594	449.593837054387	444.203563334493
B9J08_01819	4267.87346397208	3978.23038495163	3555.57502323952	3630.60240934762
B9J08_01818	312.749445639802	325.938067453949	319.389681273785	277.426774212517
B9J08_01817	4557.49352938772	4683.68538026292	4972.24075237376	4995.28555879763
B9J08_01816	6965.96594838233	6977.53034128301	6984.28445879538	7067.16643904371
B9J08_01815	1353.57155572724	1508.02167510372	1620.31838304749	1454.48603590031
B9J08_01814	807.517057391514	866.191576521455	980.426164467611	948.542988131236
B9J08_01813	9050.62704423863	8642.93991882168	8859.44687324251	8673.99665731506
B9J08_01812	797.460805120137	805.915358567642	692.196452098586	824.262207775918
B9J08_01811	1881.5247999745	1755.82390446939	1687.08974498626	1602.82116084052
B9J08_01810	78005.3432438385	76679.1628210584	73006.6942878192	69933.1960116807
B9J08_01809	1933.81731178565	1766.98616705343	1944.15948845053	1824.92294250777
B9J08_01808	5247.35243520413	5039.76155669377	5136.94344515606	5179.7022006152
B9J08_01807	297.665067232737	245.569776848866	400.628171632622	420.951030235756
B9J08_01806	804.500181710101	794.753095983603	750.064965778854	943.732119214256
B9J08_01805	984.507097367736	890.748554206341	952.60476365979	937.317627324949
B9J08_01804	1182.61526711385	1207.75681159306	1264.20445270739	1138.57231035195
B9J08_01803	865.843320565496	828.239883735721	866.914849171702	1024.71507931675
B9J08_01802	3335.65887841551	3119.852392239	3099.30404999126	2920.1974326069
B9J08_01801	18966.0917838156	18719.114353434	19088.8195222621	19704.5172724642
B9J08_01800	1801.07478180349	1898.7008655451	1808.39105250836	1718.28201484805
B9J08_01799	4244.74408374792	4144.54809745381	4195.4672418194	4249.60087666572
B9J08_01798	316.771946548352	387.330511666166	282.665432207461	313.508291089867
B9J08_01797	4823.98421457919	4835.49215140585	4509.29264293162	4488.5406995424
B9J08_01796	670.752026500796	669.735755042362	732.259269261848	709.603165254559
B9J08_01795	275.541312235709	299.148637252255	296.019704595215	247.759749224473
B9J08_01794	1355.58280618152	1259.10321947964	1048.31038243869	1091.26543266831
B9J08_01793	2561.32745351953	2520.43889147609	2522.84462525321	2899.35033396665
B9J08_01792	5906.03695897928	5689.40523908486	5963.7954771645	6105.79446713386
B9J08_01791	727.067039220503	790.288190949987	771.209230392798	780.964387523097
B9J08_01790	477.671982890372	482.2097436305	497.446646443839	481.88870318417
B9J08_01789	43.2418847669179	36.8354665273299	30.0471128724467	21.6489101264103
B9J08_01788	1951.91856587413	1974.60425111656	2050.99366755256	2051.03378160583
B9J08_01787	4298.04222078621	4114.40998847691	4132.03444797757	4059.57155444501
B9J08_01786	14.0787531799268	7.81358380882755	8.90284825850271	8.81992634779678
B9J08_01785	833.663313297092	840.518372578164	834.642024234629	833.082134123714
B9J08_01784	5143.77303680896	4881.25742800041	5209.2790872564	5133.19713441773
B9J08_01783	3726.84709177204	3612.10817219514	3588.96070420891	3770.11760794004
B9J08_01782	2686.0249816846	2739.21923812326	2587.39027512735	2955.47713799809
B9J08_01781	1288.2059159633	1153.06172493127	1093.93747976352	1116.92340022554
B9J08_01780	741.14579240043	683.130470143209	738.936405455725	748.0901165904
B9J08_01779	190.063167929011	168.550165018994	868.027705204014	776.153518606117
B9J08_01778	1761.85539794512	1828.37861126565	1728.26541818184	1726.30012970968
B9J08_01777	40377.86412003	38980.8533959823	34254.8215306215	32923.1814333531
B9J08_01776	6541.59210253026	6673.91679899713	6481.27353218997	6534.76361223125
B9J08_01775	1426.98219730829	1618.52807468571	1364.36149561554	1312.56540284939
B9J08_01774	3441.24952726496	3750.52022823723	3541.10789481945	3557.63756410676
B9J08_01773	5591.2762628852	5170.36002892703	5530.89448059481	5503.63404102519
B9J08_01772	707.960159904889	615.040668380569	496.333790411526	500.330367365927
B9J08_01771	926.180834193753	1052.60136167491	1068.34179102033	1086.45456375133
B9J08_01770	14246.6925928587	14160.4463141123	7916.85781387354	7852.13988399763
B9J08_01769	28.1575063598535	37.9516927857338	34.498537001698	47.3068776836373
B9J08_01768	87.4893947609735	126.133567199645	23.3699766785696	28.063402015717
B9J08_01767	327.833824046866	382.86560663255	959.281899853667	946.137553672746
B9J08_01766	208.164422017489	183.061106378246	479.640949926834	534.80826127095
B9J08_01765	347.946328589619	379.516927857338	365.016778598611	431.374579555879
B9J08_01764	4198.48532329959	3810.79644619104	4292.28571663062	4231.15921248397
B9J08_01763	265.485059964333	270.126754533753	319.389681273785	310.301045145214
B9J08_01762	318.783197002627	285.753922151408	343.872513984667	315.111914062194
B9J08_01761	1881.5247999745	1974.60425111656	837.980592331568	773.748084147627
B9J08_01760	2873.0712739322	2735.87055934805	2837.78288239774	3018.82024540499
B9J08_01759	1077.0246182644	1093.90173323586	1238.60876396419	1146.59042521358
B9J08_01758	1636.15224455292	1627.45788475294	1625.88266320906	1676.58781756755
B9J08_01757	2271.7073881039	2376.44570414198	2360.36764453553	2602.68008408621
B9J08_01756	115.646901120827	119.436209649221	106.834179102033	109.046362118215
B9J08_01755	219.226299516002	216.547894130364	208.104078042501	218.09272423643
B9J08_01754	1287.20029073616	1153.06172493127	1276.44586906283	1238.79874612237
B9J08_01753	1538.60659752057	1526.99752149658	1533.51561252709	1569.94688990783
B9J08_01752	10846.6736999064	11057.3373157494	10595.5022836505	11166.0267563107
B9J08_01751	1020.70960554469	1042.55532534928	968.18474811217	1018.30058742745
B9J08_01750	805.505806937238	725.547067962559	760.080670069669	773.748084147627
B9J08_01749	67.3768902182209	73.6709330546598	119.075595457474	98.6228127980913
B9J08_01748	2259.63988537825	2349.65627394029	2216.80921636718	2245.07216125736
B9J08_01747	11258.9800430329	11158.9139052642	10514.2637932917	10261.5833999185
B9J08_01746	5815.53068853689	5586.7124233117	6080.64536055735	5765.82639700061
B9J08_01745	2662.89560146043	2826.28488627877	2782.1400807821	2542.54422262396
B9J08_01744	5810.5025624012	5962.88067239383	5720.08000608799	5307.99203840134
B9J08_01743	2618.64809146638	2584.06378820511	1997.57657800155	1951.60915732158
B9J08_01742	5585.24251152237	6133.66328992963	5829.13989725465	5743.37567538803
B9J08_01741	904.057079196726	1012.41721637237	874.704841397892	846.712929388491
B9J08_01740	16253.9205462254	16039.0551070062	13299.7424421707	12991.7515103047
B9J08_01739	3473.42953453336	3533.97233410686	3465.43368462218	3621.78248299982
B9J08_01738	292.636941097049	285.753922151408	261.521167593517	303.084741769744
B9J08_01737	5220.20055407142	5009.62344771687	5336.14467494006	5486.79599981576
B9J08_01736	6083.0269989555	6110.22253850315	6866.32171937022	6482.64586563064
B9J08_01735	3025.92630845712	3045.06523292594	2829.99289017155	2668.42862595161
B9J08_01734	2652.83934918906	2566.20416807065	2675.30590168007	2760.63694686039
B9J08_01733	856.792693521257	889.632327947937	903.639098238025	893.217995585965
B9J08_01732	3214.98385115899	3282.82142596598	3090.40120173275	3330.72491352253
B9J08_01731	1110.21025075994	1139.66700983042	1170.72454599311	1087.25637523749
B9J08_01730	7853.93302394486	7941.94982854401	7478.39253714228	7325.34973758831
B9J08_01729	2861.00377120655	2795.03055104346	2825.5414660423	2884.11591572955
B9J08_01728	2289.80864219237	2156.5491312364	2157.82784665459	2277.94643219006
B9J08_01727	2194.2742456143	2351.88872645709	2251.30775336887	2277.94643219006
B9J08_01726	1320.3859232317	1304.8684960742	1349.89436719547	1374.30488728397
B9J08_01725	3908.86525788395	5029.71552036814	3223.94392561029	3356.38288107976
B9J08_01724	4801.86045958216	4748.42650325034	4379.08848715102	4364.25991918708
B9J08_01723	1967.0029442812	2131.99215355152	2098.84647694201	1985.28523974044
B9J08_01722	383.143211539435	359.424855206067	307.148264918344	304.688364742071
B9J08_01721	6602.93524138565	6531.03983792143	6637.07337671377	6349.54515892752
B9J08_01720	2281.76364037527	2339.61023761465	2227.9377766903	2275.54099773157
B9J08_01719	8643.3488272479	8562.5716282166	8456.59298954526	9150.27268009608
B9J08_01718	3187.83197002627	3247.10218569705	2898.98996417495	2834.40360358742
B9J08_01717	897.017702606762	1086.08814942703	880.269121559456	861.145536139431
B9J08_01716	2275.72988901245	2265.93930455999	2286.91914640288	2355.7221463479
B9J08_01715	674.774527409347	706.571221569692	801.256343265244	724.0357720055
B9J08_01714	2439.64680103588	2360.81853652433	2416.01044615117	2411.04713889318
B9J08_01713	2294.83676832806	2291.61250850328	2323.64339546921	2154.46746332091
B9J08_01712	3200.90509797906	3369.88707412148	2988.01844675997	2977.1260481245
B9J08_01711	7392.35104468869	7797.9566412099	7166.79284809468	7114.47331672735
B9J08_01710	3147.60696094077	3266.07803208992	3269.57102293512	3209.65137911187
B9J08_01709	1105.18212462425	1138.55078357202	1147.35456931454	1112.91434279472
B9J08_01708	3670.53207905233	3638.89760239683	3397.5494666511	3240.12021558607
B9J08_01707	4093.90029967728	4338.7714664161	4137.59872813914	3799.78463292809
B9J08_01706	1482.29158480086	1560.4843092487	1464.5185385237	1443.26067509402
B9J08_01705	2572.38933101805	2619.78302847404	2758.77010410353	2653.19420771451
B9J08_01704	1114.23275166849	1113.99380588713	1178.5145382193	1177.05926168779
B9J08_01703	37.2081334040922	32.3705614937141	44.5142412925136	51.315935114454
B9J08_01702	961.37771714357	1010.18476385556	1022.7146936955	974.200955688463
B9J08_01701	1227.86840233504	1175.38625009934	1120.64602453903	1110.50890833623
B9J08_01700	684.830779680723	676.433112592785	681.067891775457	685.548820669659
B9J08_01699	7.03937658996338	5.58113129201968	10.0157042908156	5.61268040314341
B9J08_01698	2408.47241899461	2470.20870984791	2278.01629814438	2174.51275047499
B9J08_01697	762.26392217032	812.612716118066	1010.47327734006	991.038996897893
B9J08_01696	91.511895669524	95.9954582227385	89.0284825850271	90.6046979364579
B9J08_01695	502.812613568813	498.95313750656	261.521167593517	231.723519501206
B9J08_01694	660.69577422942	650.759908649495	644.343642709134	641.449188930675
B9J08_01693	1489.33096139082	1539.27601033903	1403.31145674649	1377.51213322863
B9J08_01692	3001.79130300581	2885.44487797418	3019.17841566473	3288.22890475587
B9J08_01691	306.715694276976	285.753922151408	323.841105403036	328.742709326971
B9J08_01690	1570.78660478897	1737.96428433493	1063.89036689107	1144.18499075509
B9J08_01689	0	0	0	1.60362297232669
B9J08_01688	11983.0302065719	11635.5425176026	25156.1106104317	27048.3086742342
B9J08_01687	1289.21154119044	1257.98699322124	1368.81291974479	1432.03531428773
B9J08_01686	1351.56030527297	1371.84207157844	1338.76580687235	1339.02518189278
B9J08_01685	2.01125045427525	6.69735755042362	6.67713619387703	8.01811486163344
B9J08_01684	5095.50302590635	4854.46799779872	5272.71188109823	5271.91052152399
B9J08_01683	658.684523775145	622.854252189396	678.842179710832	692.765124045129
B9J08_01682	404.261341309326	382.86560663255	348.323938113919	405.716611998652
B9J08_01681	954.338340553607	982.279107395464	1067.22893498801	1038.34587458153
B9J08_01680	5084.44114840784	4941.53364595423	5132.49202102681	5166.07140535043
B9J08_01679	1974.04232087116	1858.51672024255	1958.6266168706	2116.78232347123
B9J08_01678	1708.55726090683	1799.35672854715	1673.73547259851	1606.02840678518
B9J08_01677	6327.39392914994	6490.85569261889	6112.91818549442	6240.49879680931
B9J08_01676	686.842030134998	732.244425512982	821.287751846875	752.90098550738
B9J08_01675	1621.06786614585	1578.34392938317	1671.50976053388	1671.77694865057
B9J08_01674	1390.77968913134	1516.95148517095	1551.3213090441	1345.43967378209
B9J08_01673	1220.82902574508	1097.25041201107	1280.89729319208	1212.33896707898
B9J08_01672	1123.28337871273	1084.97192316863	1111.74317628053	1076.03101443121
B9J08_01671	978.47334600491	1093.90173323586	906.977666334964	952.552045562053
B9J08_01670	627.510141733879	591.599916954086	465.173821506767	469.059719405556
B9J08_01669	1185.63214279526	1345.05264137674	1215.23878728562	1198.7081718142
B9J08_01668	400.238840400775	459.885218462422	458.49668531289	457.032547113106
B9J08_01667	2524.11932011544	2529.36870154332	2589.61598719198	2672.43768338243
B9J08_01666	1819.17603589197	1781.49710841268	1702.66972943864	1879.44612356688
B9J08_01665	743.157042854706	764.614987006696	760.080670069669	760.919100369013
B9J08_01664	2159.07736266448	2139.80573736035	1923.01522383659	2008.53777283918
B9J08_01663	1200.71652120233	1124.03984221276	1040.5203902125	1036.7422516092
B9J08_01662	22160.9631304319	23939.7045639892	23563.6136281921	22040.9959431442
B9J08_01661	806.511432164376	764.614987006696	853.560576783948	917.272340170866
B9J08_01660	2527.13619579685	2445.65173216302	2733.17441536033	2865.67425154779
B9J08_01659	775.33705012311	795.869322242007	714.453572744843	627.818393665898
B9J08_01658	3508.62641748318	3573.040253151	3726.9548522157	3738.04514849351
B9J08_01657	24925.4268798332	23930.774753922	21882.0881633674	23428.1298142067
B9J08_01656	2654.85059964333	2449.00041093824	2611.87310783823	2593.05834625225
B9J08_01655	4610.79166642601	4712.70726298142	4769.70095449283	4609.61423395307
B9J08_01654	586.279507421236	636.248967290244	643.230786676821	694.368747017456
B9J08_01653	5600.32688992944	5030.83174662654	5663.32434844004	5627.11300989435
B9J08_01652	1070.99086690157	1132.96965228	773.434942457423	808.225978052651
B9J08_01651	2390.37116490614	2615.31812344042	2805.51005746067	2925.81011301004
B9J08_01650	890.983951243937	819.310073668489	834.642024234629	914.065094226212
B9J08_01649	9837.02597186026	9871.90502932441	9803.1487886438	10472.4598207794
B9J08_01648	1687.43913113694	1683.26919767314	1616.97981495056	1784.8323681996
B9J08_01647	483.705734253198	495.604458731348	495.220934379213	422.554653208082
B9J08_01646	2688.03623213887	2667.78075758541	2641.92022071068	2690.87934756418
B9J08_01645	2623.67621760207	2665.5483050686	2402.65617376342	2343.69497405545
B9J08_01644	774.331424895972	774.661023332332	722.243564971033	656.683607167779
B9J08_01643	35660.4761795274	34041.5522025448	31289.0602045078	32144.6224802885
B9J08_01642	1841.29979088899	1893.11973425308	1809.50390854068	1914.72582895807
B9J08_01641	3750.98209722334	3624.38666103758	3900.5603932565	3670.69298365579
B9J08_01640	1634.14099409864	1775.91597712066	1662.60691227538	1623.66825948077
B9J08_01639	311.743820412664	285.753922151408	296.019704595215	247.759749224473
B9J08_01638	3789.19585585457	3641.13005491364	3788.1619339929	4171.82516250788
B9J08_01637	1393.79656481275	1273.61416083889	1201.88451489787	1180.26650763244
B9J08_01636	4945.66486706284	5012.97212649208	5131.3791649945	5142.81887225169
B9J08_01635	7.03937658996338	8.92981006723149	10.0157042908156	19.2434756679203
B9J08_01634	1360.61093231721	1371.84207157844	1475.64709884682	1448.071544011
B9J08_01633	827.629561934266	866.191576521455	796.804919135993	940.524873269602
B9J08_01632	5425.34810040749	5097.80532213078	5198.15052693327	5395.38949039314
B9J08_01631	4665.09542869145	4902.46572691009	4730.75099336188	4798.84174468761
B9J08_01630	803.494556482963	821.542526185297	370.581058760175	366.427849176648
B9J08_01629	9576.56903803161	9081.61683837443	8942.91107566597	9535.14219345449
B9J08_01628	1.00562522713763	0	0	0
B9J08_01627	0	0	0	0.801811486163344
B9J08_01626	6535.55835116743	6221.84516434354	6030.56683910328	6104.19084416154
B9J08_01625	363.030706996683	372.819570306915	314.938257144533	306.291987714397
B9J08_01624	1448.10032707818	1592.85487074242	961.507611918293	1062.40021916643
B9J08_01623	691.870156270687	772.428570815524	722.243564971033	737.666567270276
B9J08_01622	1327.42529982167	1246.8247306372	1156.25741757304	1155.41035156138
B9J08_01621	589.296383102649	525.742567708254	654.359346999949	615.791221373448
B9J08_01620	350.963204271031	356.076176430856	309.373976982969	356.004299856525
B9J08_01619	229.282551787379	203.153179029516	254.84403139964	267.805036378557
B9J08_01618	1468.21283162093	1401.98018055534	1464.5185385237	1545.09073383676
B9J08_01617	615.442639008227	702.106316536076	656.585059064575	574.898835579118
B9J08_01616	434.430098123454	402.957679283821	398.402459567996	469.059719405556
B9J08_01615	437.446973804867	407.422584317437	438.465276731259	462.64522751625
B9J08_01614	28377.7382845967	27776.1742141235	23068.3926938128	23883.5587383475
B9J08_01613	42936.1746978681	41744.6296117904	34477.3927370841	36578.6399987718
B9J08_01612	703.937658996338	635.13274103184	703.325012421714	686.350632155822
B9J08_01611	351.968829498169	306.962221061082	332.743953661539	393.689439706202
B9J08_01610	540.020746972905	581.553880628451	567.556576479548	651.070926764635
B9J08_01609	11.0618774985139	10.0460363256354	17.8056965170054	13.6307952647768
B9J08_01608	311.743820412664	315.892031128314	454.045261183638	444.203563334493
B9J08_01607	5034.15988705096	5078.82947573791	5066.83351512036	5102.72829794352
B9J08_01606	2304.89302059944	2149.85177368598	2338.11052388927	2391.00185173909
B9J08_01605	5849.72194625957	5788.74937608281	6474.5963959961	6321.4817569118
B9J08_01604	1054.90086326737	1033.62551528204	939.250491272036	907.650602336905
B9J08_01603	784.387677167348	717.733484153731	632.102226353693	744.081059159583
B9J08_01602	276.546937462847	267.894302016945	245.941183141137	211.678232347123
B9J08_01601	1917.72730815145	1916.56048567956	1849.56672570394	1952.41096880774
B9J08_01600	3820.37023789584	3828.6560663255	4255.5614675643	4417.98128876003
B9J08_01599	202.130670654663	237.756193040038	213.668358204065	230.921708015043
B9J08_01598	344.929452908206	369.470891531703	369.468202727863	362.418791745831
B9J08_01597	1033.78273349748	1005.71985882195	843.544872493132	987.029939467076
B9J08_01596	6133.30826031238	7024.41184413597	7037.70154834639	6632.58461354318
B9J08_01595	7309.8897760634	8556.99049692458	3566.70358356265	3293.84158515902
B9J08_01594	535.998246064355	552.531997909948	517.47805502547	512.357539658377
B9J08_01593	541.026372200043	488.907101180924	513.026630896219	465.852473460903
B9J08_01592	20.1125045427525	22.3245251680787	27.821400807821	11.2253608062868
B9J08_01591	128.720029073616	127.249793458049	186.959813428557	218.894535722593
B9J08_01590	3027.93755891139	3580.85383695983	3852.70758386705	3677.90928703126
B9J08_01589	1353.57155572724	1261.33567199645	1261.97874064276	1245.21323801167
B9J08_01588	11346.4694377938	11613.2179924346	9785.34309212679	9747.62223728777
B9J08_01587	1226.8627771079	1225.61643172752	1011.58613337237	1078.4364488897
B9J08_01586	1153.45213552686	1115.11003214553	1552.43416507641	1717.48020336188
B9J08_01585	962.383342370708	905.259495565592	989.329012726114	1145.78861372742
B9J08_01584	1616.03974001016	1548.20582040626	1568.01414952879	1606.02840678518
B9J08_01583	14097.8600592424	13495.1754641036	13656.9692285432	13277.998210865
B9J08_01582	2152.03798607452	2089.57555573217	2059.89651581107	2022.16856810395
B9J08_01581	2032.36858404514	2120.82989096748	1964.19089703216	1893.07691883166
B9J08_01580	2656.86185009761	2688.98905649508	716.679284809468	681.539763238842
B9J08_01579	3063.13444186121	2867.58525783971	2890.08711591644	2747.00615159562
B9J08_01578	3238.11323138316	3392.21159928956	3602.31497659666	4062.77880038966
B9J08_01577	3368.84451091105	3243.75350692184	3566.70358356265	3312.28324934077
B9J08_01576	855.78706829412	762.382534489888	752.290677843479	745.68468213191
B9J08_01575	1086.07524530864	1161.9915349985	1096.16319182815	1067.21108808341
B9J08_01574	2141.98173380314	2043.81027913761	1845.11530157469	1810.49033575683
B9J08_01573	467.615730618996	533.556151517082	548.63802393023	493.114063990457
B9J08_01572	1091.10337144432	1112.87757962872	1049.42323847101	1088.85999820982
B9J08_01571	1911.69355678863	1644.201278629	1920.78951177196	1994.10516608824
B9J08_01570	3034.97693550136	3223.66143427057	3629.02352137217	3584.89915463631
B9J08_01569	3354.76575773112	3194.63955155207	3610.10496882285	3229.69666626595
B9J08_01568	452.531352211932	431.979562002323	451.819549119013	448.212620765309
B9J08_01567	1583.85973274176	1592.85487074242	1654.81692004919	1672.57876013674
B9J08_01566	13903.7743904048	13465.0373551267	14083.193088919	14091.8368693208
B9J08_01565	3892.77525424975	4109.94508344329	2661.95162929231	2690.07753607802
B9J08_01564	17.0956288613396	16.743393876059	13.3542723877541	14.4326067509402
B9J08_01563	1805.09728271204	1808.28653861438	1708.23400960021	1701.44397363862
B9J08_01562	14.0787531799268	16.743393876059	38.9499611309494	52.1177466006174
B9J08_01561	864.837695338358	1003.48740630514	1075.0189272142	1108.9052853639
B9J08_01560	111.624400212276	113.855078357201	111.285603231284	136.307952647768
B9J08_01559	343.923827681068	382.86560663255	419.54672418194	392.085816733875
B9J08_01558	799.472055574413	760.150081973081	732.259269261848	761.720911855177
B9J08_01557	1874.48542338453	1697.78013903239	1946.38520051516	1966.04176407252
B9J08_01556	50.2812613568813	53.5788604033889	74.5613541649602	94.6137553672746
B9J08_01555	3996.35465264493	3981.57906372684	4069.71451016805	4171.82516250788
B9J08_01554	1637.15786978006	1431.00206327385	1819.51961283149	1691.02042431849
B9J08_01553	2425.56804785595	2135.34083232673	1980.88373751685	2031.79030593791
B9J08_01552	229.282551787379	196.455821479093	320.502537306098	311.904668117541
B9J08_01551	871.877071928322	834.937241286144	915.880514593467	891.614372613639
B9J08_01550	2509.03494170838	2409.9324918941	2257.98488956275	2322.04606392904
B9J08_01549	650.639521958044	677.549338851189	693.309308130899	584.520573413078
B9J08_01548	71.3993911267714	62.5086704706204	75.6742101972731	82.5865830748244
B9J08_01547	263.473809510058	284.637695893004	209.216934074814	206.065551943979
B9J08_01546	1872.47417293026	1809.40276487278	1961.96518496754	1764.78708104552
B9J08_01545	4405.64412008994	3905.67567815537	4020.74884474629	4014.67011121986
B9J08_01544	393.199463810812	411.887489351052	370.581058760175	372.040529579792
B9J08_01543	629.521392188154	592.71614321249	607.61939364281	555.655359911197
B9J08_01542	5853.74444716812	5670.429392692	4839.81088452854	4612.82147989772
B9J08_01541	410.295092672151	450.95540839519	540.84803170404	534.80826127095
B9J08_01540	1091.10337144432	1275.8466133557	702.212156389401	711.206788226886
B9J08_01539	10603.3123949391	10858.6490417535	11268.7801831998	11573.3469912817
B9J08_01538	1185.63214279526	1057.06626670853	1208.56165109174	1253.23135287331
B9J08_01537	987.523973049149	1020.2308001812	1018.26326956625	1048.76942390165
B9J08_01536	692.875781497824	647.411229874283	1344.33008703391	1428.02625685692
B9J08_01535	64630.5277229081	61693.8253019856	51071.1890349008	50373.0048067259
B9J08_01534	4519.27977075649	4680.3367014877	4194.35438578709	4280.87152462609
B9J08_01533	3216.99510161327	3183.47728896803	2942.39134943515	3281.0126013804
B9J08_01532	519.908242430153	502.301816281771	370.581058760175	431.374579555879
B9J08_01531	3923.94963629102	3849.86436523518	3537.76932672252	3551.22307221745
B9J08_01530	0	0	1.11285603231284	0.801811486163344
B9J08_01529	798.466430347275	668.619528783958	742.274973552664	703.990484851416
B9J08_01528	1326.41967459453	1352.86622518557	1295.36442161214	1272.47482854123
B9J08_01527	4289.99721896911	4440.34805593086	4534.88833167482	4390.71969823047
B9J08_01526	1978.06482177971	2307.23967612094	1292.02585351521	1197.10454884187
B9J08_01525	5678.76565764617	5970.69425620266	5675.56576479548	5724.93401120628
B9J08_01524	617.453889462502	659.689718716726	583.136560931928	627.016582179735
B9J08_01523	10457.4967370042	10453.4589099529	8974.07104457073	8760.5922978207
B9J08_01522	15671.6635397128	14966.36167268	14854.4023193118	15235.2200485897
B9J08_01521	2284.78051605669	1953.39595220689	2161.16641475153	2267.52288286994
B9J08_01520	9045.59891810295	9463.36621874857	7949.13063881061	7925.10472923849
B9J08_01519	964.394592824983	947.676093384942	952.60476365979	958.164725965196
B9J08_01518	2887.15002711212	3003.76486136499	3221.71821354567	2935.431850844
B9J08_01517	1735.70914203954	1751.35899943578	1959.73947290291	2033.39392891024
B9J08_01516	2566.35557965522	2699.03509282072	2847.79858668856	2656.40145365916
B9J08_01515	2861.00377120655	2620.89925473244	965.959036047544	1007.07522662116
B9J08_01514	4056.69216627318	3971.53302740121	4025.20026887554	4067.58966930664
B9J08_01513	2193.26862038716	2238.03364809989	2498.36179254232	2506.46270574661
B9J08_01512	2274.72426378531	2460.16267352228	2428.25186250661	2176.11637344732
B9J08_01511	238.333178831617	245.569776848866	224.796918527193	251.76880665529
B9J08_01510	327.833824046866	315.892031128314	363.903922566298	337.562635674768
B9J08_01509	9613.7771714357	9804.93145382018	10108.0713414975	9760.45122106639
B9J08_01508	5331.82495428369	5115.66494226524	5400.69032481421	5198.94567628312
B9J08_01507	5292.60557042532	5431.55697339355	4738.54098558807	4859.77941763603
B9J08_01506	1846.32791702468	1769.21861957024	1881.83955064101	2072.68269173224
B9J08_01505	429.401971987766	407.422584317437	492.995222314588	476.276022781026
B9J08_01504	6544.60897821167	6616.98925981853	6539.14204587024	6582.07048991489
B9J08_01503	3773.10585222037	3621.03798226237	3578.94499991809	3541.60133438349
B9J08_01502	252.411932011544	257.848265691309	252.618319335014	258.98511003076
B9J08_01501	799.472055574413	726.663294220962	622.086522062877	630.223828124388
B9J08_01500	1587.88223365031	1566.06544054072	1445.59998597438	1425.62082239843
B9J08_01499	3338.67575409692	3099.76031958773	3215.04107735179	3252.94919936469
B9J08_01498	4783.75920549369	4709.35858420621	5096.8806279928	5064.24134660768
B9J08_01497	292.636941097049	277.94033834258	319.389681273785	309.499233659051
B9J08_01496	1737.72039249382	1723.45334297568	1869.59813428557	1881.85155802537
B9J08_01495	3988.30965082782	4764.053670868	3166.07541193003	3042.07277850373
B9J08_01494	128.720029073616	133.947151008472	124.639875619038	156.353239801852
B9J08_01493	635.55514355098	665.270850008746	589.813697125805	650.269115278472
B9J08_01492	36603.7526425824	36751.7495579496	29386.0763892528	27931.9049319863
B9J08_01491	1847.33354225182	1972.37179859976	2064.34793994032	2156.07108629323
B9J08_01490	89690.7083831777	101249.535221046	45730.5929358315	45771.4086876345
B9J08_01489	5442.44372926883	5373.51320795655	5246.00333632272	5390.57862147616
B9J08_01488	1171.55338961533	1175.38625009934	1059.43894276182	1153.00491710289
B9J08_01487	2793.62688098832	2772.70602587538	2910.11852449807	2707.71738877361
B9J08_01486	1178.5927662053	1214.45416914348	1595.83555033661	1841.7609837172
B9J08_01485	1118.25525257704	1163.1077612569	1308.7186939999	1232.38425423306
B9J08_01484	1135.35088143838	1043.67155160768	1122.87173660365	1093.6708671268
B9J08_01483	6503.37834389903	6130.31461115442	6109.57961739749	6262.14770693572
B9J08_01482	3503.59829134749	3608.75949341993	3847.14330370548	4063.58061187583
B9J08_01481	692.875781497824	831.588562510933	817.949183749937	846.712929388491
B9J08_01480	10505.7667479068	9444.39037235571	7940.22779055211	8479.95827766353
B9J08_01479	789.415803303036	878.470065363898	834.642024234629	840.298437499185
B9J08_01478	5126.67740794762	4837.72460392266	5297.19471380911	5573.3916403214
B9J08_01477	4686.21355846134	4655.77972380282	5093.54205989586	5313.60471880448
B9J08_01476	1274.12716278337	1357.33113021919	1184.07881838086	1286.105623806
B9J08_01475	4096.91717535869	4173.56998017232	3923.93036993507	4118.10379293493
B9J08_01474	1468.21283162093	1419.83980068981	1497.90421949308	1543.48711086444
B9J08_01473	31438.8614760036	31456.3721880813	37413.1069503253	37673.9144888709
B9J08_01472	739.134541946155	731.128199254578	683.293603840083	695.972369989783
B9J08_01471	321.80007268404	293.567505960235	327.179673499975	284.643077587987
B9J08_01470	38163.4773698729	43173.3992225475	43602.8122020493	42345.2682072585
B9J08_01469	6445.05208072504	7455.27517987989	5345.04752319857	5006.51091960392
B9J08_01468	253279.786582564	250333.830519734	242171.939759694	246335.732025047
B9J08_01467	9986.86413070376	10987.0150614699	9855.4530221625	10320.9174498946
B9J08_01466	313.755070866939	309.19467357789	333.856809693852	375.247775524445
B9J08_01465	3.01687568141288	15.6271676176551	8.90284825850271	12.0271722924502
B9J08_01464	1296.2509177804	1252.40586192922	1240.83447602882	1316.57446028021
B9J08_01463	1561.73597774473	1499.09186503649	1491.2270832992	1508.20740547325
B9J08_01462	2397.4105414961	2489.18455624078	2498.36179254232	2544.14784559629
B9J08_01461	801.483306028688	761.266308231485	836.867736299255	854.731044250125
B9J08_01460	3328.61950182554	2851.95809022206	2911.23138053039	3065.32531160246
B9J08_01459	108.607524530864	82.6007431218913	79.0127782942116	68.9557878100476
B9J08_01458	2024.32358222804	1929.95520078041	1951.94948067672	1908.31133706876
B9J08_01457	2390.37116490614	2460.16267352228	2476.10467189607	2453.54314765983
B9J08_01456	3233.08510524747	2970.27807361287	3196.12252480247	3128.66841900937
B9J08_01455	2939.44253892328	2771.58979961697	2714.25586281101	2754.22245497109
B9J08_01454	6434.99582845367	6239.704784478	6613.7034000352	6662.25163853123
B9J08_01453	39.2193838583674	35.719240268926	21.1442646139439	28.063402015717
B9J08_01452	3067.15694276976	3004.8810876234	3152.72113954227	3068.53255754712
B9J08_01451	740.140167173293	820.426299926893	728.92070116491	782.568010495424
B9J08_01450	20.1125045427525	23.4407514264827	25.5956887431953	16.8380412094302
B9J08_01449	1.00562522713763	0	1.11285603231284	1.60362297232669
B9J08_01448	1341.50405300159	1320.49566369186	2229.05063272262	2268.3246943561
B9J08_01447	8406.02127364342	8587.12860590148	9083.13093573739	9927.22801018836
B9J08_01446	871.877071928322	956.605903452173	1007.13470924312	1016.69696445512
B9J08_01445	7939.41116825156	9441.04169358049	12008.8294446878	11148.3869036151
B9J08_01444	597.34138491975	529.091246483466	514.139486928532	542.024564646421
B9J08_01443	1826.21541248193	1759.1725832446	1542.4184607856	1616.4519561053
B9J08_01442	2913.2962830177	2809.54149240271	3334.11667280927	3288.22890475587
B9J08_01441	3292.41699364859	3320.77311875171	3499.93222162388	3587.3045890948
B9J08_01440	85278.0248864978	80443.0777643965	72788.5745054859	72036.3475398872
B9J08_01439	465.604480164721	467.698802271249	559.766584253358	578.106081523771
B9J08_01438	1153.45213552686	1172.03757132413	1068.34179102033	1138.57231035195
B9J08_01437	459.570728801895	488.907101180924	457.383829280577	453.023489682289
B9J08_01436	4502.18414189515	4711.59103672302	4505.95407483469	4716.25516161279
B9J08_01435	1836.27166475331	1755.82390446939	1788.35964392673	1739.12911348829
B9J08_01434	1177.58714097816	1177.61870261615	1296.47727764446	1408.782781189
B9J08_01433	1923.76105951428	1877.49256663542	2420.46187028043	2641.96884690822
B9J08_01432	2040.41358586224	1875.26011411861	1958.6266168706	1849.77909857883
B9J08_01431	2746.36249531286	2973.62675238809	3057.01552076337	2953.0717035396
B9J08_01430	3538.79517429731	3816.37757748306	3246.20104625655	3050.09089336536
B9J08_01429	1484.30283525514	1481.23224490202	1239.7216199965	1178.66288466012
B9J08_01428	1151.44088507258	1118.45871092074	906.977666334964	877.181765862698
B9J08_01427	443.480725167693	531.323699000274	525.26804725166	517.97022006152
B9J08_01426	3.01687568141288	12.2784888424433	10.0157042908156	11.2253608062868
B9J08_01425	2899.21752983778	2875.39884164854	3338.56809693852	3460.61837428099
B9J08_01424	0	0	0	0
B9J08_01423	0	2.23245251680787	0	0.801811486163344
B9J08_01422	6098.11137736256	6179.42856652419	5927.07122809818	6558.01614532999
B9J08_01421	389.176962902261	310.310899836294	455.158117215951	474.6723998087
B9J08_01420	3270.29323865156	3017.15957646584	3029.19411995555	3042.87458998989
B9J08_01419	1153.45213552686	1189.8971914586	1315.39583019378	1324.59257514184
B9J08_01418	6474.21521231204	6366.95457793605	6339.94081608624	6479.43861968598
B9J08_01417	1652.24224818712	1641.96882611219	1709.34686563252	1735.12005605748
B9J08_01416	1172.55901484247	1343.93641511834	1164.04740979923	1193.89730289722
B9J08_01415	2650.82809873478	3023.85693401626	2823.31575397767	2658.00507663149
B9J08_01414	1933.81731178565	2006.97481261028	1713.79828976177	1684.60593242919
B9J08_01413	686.842030134998	740.05800932181	649.907922870698	627.818393665898
B9J08_01412	806.511432164376	857.261766454223	705.55072448634	691.963312558966
B9J08_01411	395.210714265087	385.098059149358	470.738101668331	408.122046457142
B9J08_01410	2812.73376030394	2797.26300356026	2988.01844675997	3164.74993588672
B9J08_01409	105.590648849451	120.552435907625	171.379828976177	185.218453303732
B9J08_01408	5681.78253332759	5753.03013581389	1042.74610227713	1043.15674349851
B9J08_01407	0	0	0	0
B9J08_01406	4.0225009085505	2.23245251680787	5.5642801615642	3.20724594465338
B9J08_01405	389.176962902261	389.562964182974	343.872513984667	344.778939050238
B9J08_01404	1420.94844594547	1285.89264968133	1438.9228497805	1347.04329675442
B9J08_01403	730.083914901916	697.64141150246	841.319160428506	792.991559815547
B9J08_01402	2185.22361857006	2097.389139541	2163.39212681616	2232.24317747875
B9J08_01401	1002.60835145621	997.906275013119	870.25341726864	836.289380068368
B9J08_01400	1276.13841323765	1414.25866939779	1182.96596234855	1096.07630158529
B9J08_01399	870.871446701184	782.474607141159	385.048187180242	356.004299856525
B9J08_01398	577.228880376997	543.602187842717	565.330864414922	558.862605855851
B9J08_01397	1077.0246182644	1122.92361595436	1091.7117676989	1094.47267861296
B9J08_01396	601.3638858283	522.393888933042	545.299455833291	522.7810889785
B9J08_01395	4126.08030694568	4378.95561171864	4449.19841718673	4200.69037600976
B9J08_01394	1300.27341868895	1310.44962736622	1460.06711439444	1394.35017443806
B9J08_01393	1090.09774621719	1174.27002384094	1303.15441383833	1229.97881977457
B9J08_01392	2278.74676469386	2328.44797503061	2290.25771449982	2238.65766936806
B9J08_01391	9.05062704423863	5.58113129201968	18.9185525493183	12.0271722924502
B9J08_01390	1202.7277716566	1175.38625009934	1275.33301303051	1343.83605080976
B9J08_01389	4999.96862932828	4959.39326608869	4833.13374833466	4614.42510287004
B9J08_01388	147.826908389231	173.01507005261	145.784140232982	189.227510734549
B9J08_01387	87.4893947609735	78.1358380882755	84.5770584557758	71.3612222685376
B9J08_01386	618.45951468964	597.181048246106	600.942257448933	582.115138954588
B9J08_01385	920.147082830928	831.588562510933	825.739175976127	898.830675989109
B9J08_01384	1663.30412568563	1513.60280639574	1623.65695114443	1755.96715469772
B9J08_01383	1489.33096139082	1513.60280639574	1530.17704443015	1593.19942300656
B9J08_01382	1614.02848955589	1647.54995740421	1233.04448380263	1246.816860984
B9J08_01381	2412.49491990316	2433.37324332058	2249.08204130425	2248.27940720202
B9J08_01380	1522.51659388637	1547.08959414786	1664.83262434001	1649.326227038
B9J08_01379	1.00562522713763	0	0	0.801811486163344
B9J08_01378	678.797028317897	698.757637760864	699.986444324776	591.736876788548
B9J08_01377	1823.19853680052	1759.1725832446	1632.55979940293	1694.22767026315
B9J08_01376	1982.08732268826	2053.85631546324	7352.63980549093	8465.52567091259
B9J08_01375	774.331424895972	860.610445229435	685.519315904709	707.999542282233
B9J08_01374	1244.96403119638	1308.21717484941	1269.76873286895	1409.58459267516
B9J08_01373	1304.2959195975	1321.61188995026	1288.68728541827	1315.77264879405
B9J08_01372	868.860196246909	973.349297328232	971.523316209109	853.127421277798
B9J08_01371	10303.6360772521	10377.5555243814	9212.22223548568	8791.86294578107
B9J08_01370	1036.79960917889	1093.90173323586	1109.5174642159	1051.97666984631
B9J08_01369	1750.79352044661	1774.79975086226	1802.8267723468	1897.88778774864
B9J08_01368	855.78706829412	848.331956386992	822.400607879188	853.929232763961
B9J08_01367	83265.7688069954	83549.5354415346	78649.9872276776	85220.533806871
B9J08_01366	474.655107208959	492.255779956136	436.239564666633	470.663342377883
B9J08_01365	1365.6390584529	1312.68207988303	1298.70298970908	1381.52119065944
B9J08_01364	940.25958737368	944.32741460973	922.557650787344	989.435373925567
B9J08_01363	7430.56480331992	7242.07596452474	7053.28153279877	7509.76637940588
B9J08_01362	3505.60954180176	3490.43951002911	3566.70358356265	3710.78355796396
B9J08_01361	2896.20065415636	2928.97770205193	2480.55609602532	2414.25438483783
B9J08_01360	1988.12107405109	1829.49483752405	2076.58935629576	2091.124355914
B9J08_01359	2494.95618852845	2887.67733049098	903.639098238025	963.777406368339
B9J08_01358	1460.16782980383	1494.62696000287	1900.75810319033	1771.20157293483
B9J08_01357	954.338340553607	827.123657477317	875.817697430204	888.407126668985
B9J08_01356	1822.19291157338	1708.94240161643	1945.27234448284	2008.53777283918
B9J08_01355	308.726944731251	346.03014010522	318.276825241472	287.048512046477
B9J08_01354	1670.3435022756	1586.15751319199	1780.56965170054	1763.18345807319
B9J08_01353	1701.51788431686	1560.4843092487	1811.7296206053	1811.29214724299
B9J08_01352	4.0225009085505	5.58113129201968	1.11285603231284	3.20724594465338
B9J08_01351	101.5681479409	121.668662166029	89.0284825850271	76.1720911855177
B9J08_01350	64.3600145368081	85.9494218971031	11.1285603231284	12.0271722924502
B9J08_01349	1537.60097229343	1544.85714163105	1268.65587683664	1306.15091096009
B9J08_01348	4910.46798411303	4886.83855929243	5328.35468271387	5303.18116948436
B9J08_01347	800.47768080155	820.426299926893	834.642024234629	692.765124045129
B9J08_01346	36221.6150562702	33074.900262767	26301.2394676816	29124.1986119111
B9J08_01345	5155.84053953461	4781.91329100246	4138.71158417145	4280.06971313993
B9J08_01344	2522.10806966117	2365.28344155794	2448.28327108825	2578.62573950131
B9J08_01343	307.721319504114	337.100330037989	284.891144272087	295.868438394274
B9J08_01342	414.317593580702	446.490503361574	465.173821506767	473.870588322536
B9J08_01341	584.268256966961	567.0429392692	514.139486928532	568.484343689811
B9J08_01340	524.936368565841	513.464078865811	549.750879962543	581.313327468424
B9J08_01339	41.2306343126427	35.719240268926	61.2070817772061	49.7123121421273
B9J08_01338	1872.47417293026	1814.9838961648	1862.92099809169	1871.42800870525
B9J08_01337	3752.99334767762	3980.46283746844	3246.20104625655	3016.4148109465
B9J08_01336	1365.6390584529	1235.66246805316	1481.21137900839	1439.2516176632
B9J08_01335	1.00562522713763	5.58113129201968	2.22571206462568	2.40543445849003
B9J08_01334	14.0787531799268	27.9056564600984	36.7242490663237	28.063402015717
B9J08_01333	300.68194291415	338.216556296393	309.373976982969	296.670249880437
B9J08_01332	2359.19678286487	2286.03137721126	2290.25771449982	2451.93952468751
B9J08_01331	4.0225009085505	0	0	0
B9J08_01330	4380.5034894115	4441.46428218926	4283.38286837212	4389.91788674431
B9J08_01329	1267.08778619341	1429.88583701544	1363.24863958323	1306.95272244625
B9J08_01328	879.922073745423	823.774978702105	747.839253714228	714.414034171539
B9J08_01327	711.982660813439	660.80594497513	572.008000608799	562.069851800504
B9J08_01326	2331.03927650502	2279.33401966084	2310.28912308145	2528.11161587302
B9J08_01325	695.892657179237	808.14781108445	776.773510554362	786.57706792624
B9J08_01324	17.0956288613396	15.6271676176551	6.67713619387703	12.8289837786135
B9J08_01323	253.417557238682	293.567505960235	447.368124989761	393.689439706202
B9J08_01322	2461.77055603291	2421.09475447814	2456.07326331444	2447.93046725669
B9J08_01321	2779.5481278084	2777.17093090899	3206.13822909329	3258.56187976783
B9J08_01320	1974.04232087116	1946.69859465646	1273.10730096589	1289.31286975066
B9J08_01319	2138.96485812173	2157.66535749481	3213.92822131948	3196.82239533325
B9J08_01318	1840.29416566186	1692.19900774037	1688.20260101858	1611.64108718832
B9J08_01317	214.198173380314	254.499586916097	220.345494397942	242.948880307493
B9J08_01316	215.203798607452	167.43393876059	206.991222010188	211.678232347123
B9J08_01315	0	0	2.22571206462568	0.801811486163344
B9J08_01314	869.865821474046	986.74401242908	807.933479459121	811.433223997304
B9J08_01313	759.247046488908	1081.62324439341	447.368124989761	487.501383587313
B9J08_01312	2638.76059600913	2778.2871571674	2202.34208794711	2106.3587741511
B9J08_01311	86.4837695338358	102.692815773162	93.4799067142785	99.4246242842547
B9J08_01310	1105.18212462425	1153.06172493127	980.426164467611	1064.80565362492
B9J08_01309	4301.05909646763	4180.26733772274	4274.48002011361	4311.3403611003
B9J08_01308	1914.71043247004	1900.9333180619	2084.37934852195	2289.97360448251
B9J08_01307	219.226299516002	176.363748827822	112.398459263597	102.631870228908
B9J08_01306	1267.08778619341	1197.71077526742	1261.97874064276	1332.61069000348
B9J08_01305	4602.74666460891	4780.79706474406	4863.18086120711	4731.48957984989
B9J08_01304	1725.65288976817	1759.1725832446	1386.6186162618	1309.35815690474
B9J08_01303	666.729525592246	756.801403197869	715.566428777155	745.68468213191
B9J08_01302	2478.86618489425	2635.41019609169	2470.5403917345	2375.76743350199
B9J08_01301	2253.60613401542	2262.59062578478	2072.13793216651	2014.15045324232
B9J08_01300	1746.77101953806	2338.49401135625	1626.99551924137	1517.02733182105
B9J08_01299	14429.7163841978	15052.3110945771	16026.2397213372	16146.0778968713
B9J08_01298	822.601435798578	793.636869725199	763.419238166608	768.135403744484
B9J08_01297	811.539558300064	852.796861420607	845.770584557758	769.73902671681
B9J08_01296	5410.26372200043	5842.3282364862	7017.67013976476	6319.07632245331
B9J08_01295	688.853280589274	649.643682391091	534.170895510163	530.799203840134
B9J08_01294	4511.23476893939	4566.4816231305	4175.43583323777	4022.6882260815
B9J08_01293	920.147082830928	894.097232981553	745.613541649602	772.946272661464
B9J08_01292	17817.6677744245	16474.3833477837	17501.886820184	17467.4632260684
B9J08_01291	787.404552848761	698.757637760864	847.996296622383	829.073076692898
B9J08_01290	418.340094489252	438.676919552747	461.835253409828	455.428924140779
B9J08_01289	3696.67833495791	3254.91576950588	3436.49942778205	3335.53578243951
B9J08_01288	609.408887645401	555.88067668516	485.205230088398	513.961162630703
B9J08_01287	1337.48155209304	1512.48658013733	1519.04848410703	1446.46792103867
B9J08_01286	10971.3712280715	10858.6490417535	11707.2454599311	12827.3801556412
B9J08_01285	2014.26732995666	1826.14615874884	1749.40968279578	1681.39868648453
B9J08_01284	4638.94917278587	4620.06048353389	5025.65784192478	5154.84604454414
B9J08_01283	513.874491067327	634.016514773436	489.656654217649	431.374579555879
B9J08_01282	2117.84672835184	2034.88046907038	2074.36364423113	2172.1073160165
B9J08_01281	2389.365539679	2164.36271504523	1486.77565916995	1491.36936426382
B9J08_01280	1801.07478180349	1765.86994079503	1811.7296206053	1759.17440064238
B9J08_01279	6428.96207709084	5880.27992927194	7351.52694945861	7253.98851531977
B9J08_01278	614.437013781089	577.088975594835	572.008000608799	576.502458551444
B9J08_01277	11583.7969913983	11850.9741854746	12149.0493047593	12240.4541477696
B9J08_01276	0	0	0	0
B9J08_01275	2574.40058147232	2704.61622411274	2943.50420546746	2965.09887583205
B9J08_01274	775.33705012311	727.779520479366	839.093448363881	840.298437499185
B9J08_01273	3207.94447456903	3352.02745398702	2971.32560627528	3107.82132036912
B9J08_01272	435.435723350592	514.580305124215	478.528093894521	427.365522125062
B9J08_01271	811.539558300064	783.590833399563	734.484981326474	740.87381321493
B9J08_01270	1.00562522713763	0	5.5642801615642	3.20724594465338
B9J08_01269	281.575063598535	379.516927857338	398.402459567996	428.167333611226
B9J08_01268	347.946328589619	358.308628947664	301.583984756779	335.157201216278
B9J08_01267	1281.16653937334	1234.54624179475	1399.97288864955	1367.89039539466
B9J08_01266	630.527017415291	584.902559403663	619.860809998251	679.134328780352
B9J08_01265	1498.38158843506	1879.72501915223	1008.24756527543	982.219070550096
B9J08_01264	1241.94715551497	1311.56585362463	1461.17997042676	1424.0171994261
B9J08_01263	6557.68210616446	6332.35156392553	6742.79469978349	6525.94368588346
B9J08_01262	1111.21587598708	1191.013417717	1116.19460040978	1212.33896707898
B9J08_01261	2056.50358949644	1887.53860296106	1799.48820424986	1797.66135197822
B9J08_01260	521.919492884428	497.836911248156	568.669432511861	550.844490994217
B9J08_01259	908.079580105276	869.540255296666	725.582133067971	685.548820669659
B9J08_01258	687.847655362136	733.360651771386	629.876514289067	675.927082835699
B9J08_01257	8684.57946156054	8747.86518711165	7460.58684062527	8299.55069327677
B9J08_01256	1352.56593050011	1449.97790966671	1362.13578355091	1418.40451902296
B9J08_01255	3529.74454725307	3737.12551313638	3301.84384787219	3217.6694939735
B9J08_01254	46093.8379110802	43271.627133287	37565.5682267522	36167.31070637
B9J08_01253	1612.01723910161	1572.76279809115	1054.98751863257	999.057111759527
B9J08_01252	3829.42086494008	4316.44694124802	2587.39027512735	2671.63587189626
B9J08_01251	613.431388553952	637.365193548648	630.98937032138	700.783238906763
B9J08_01250	962.383342370708	1071.57720806778	1206.33593902712	1140.97774481044
B9J08_01249	1357.59405663579	1352.86622518557	1442.26141787744	1420.00814199528
B9J08_01248	455.548227893345	423.049751935092	447.368124989761	447.410809279146
B9J08_01247	2007.2279533667	2384.25928795081	1525.7256203009	1534.66718451664
B9J08_01246	7785.5505084995	7650.61477510058	7147.87429554537	7365.44031189648
B9J08_01245	4431.79037599552	4243.89223445177	4219.95007453029	4139.75270306135
B9J08_01244	2883.12752620357	2990.37014626415	2929.03707704739	2848.83621033836
B9J08_01243	7131.89411086004	6541.08587424707	7587.45242830894	7359.82763149333
B9J08_01242	813.550808754339	844.98327761178	784.563502780552	752.099174021217
B9J08_01241	1262.05966005772	1396.39904926332	1424.45572136043	1307.75453393241
B9J08_01240	577.228880376997	565.926713010796	472.963813732957	481.88870318417
B9J08_01239	871.877071928322	944.32741460973	846.883440590071	868.361839514902
B9J08_01238	1609.0003634202	1626.34165849454	1728.26541818184	1718.28201484805
B9J08_01237	2841.89689189093	2918.93166572629	2768.78580839434	2756.62788942958
B9J08_01236	1007.6364775919	1111.76135337032	1070.56750308495	1074.42739145888
B9J08_01235	963.388967597846	1092.78550697745	2181.19782333316	2188.14354573977
B9J08_01234	430.407597214904	369.470891531703	344.98537001698	378.455021469098
B9J08_01233	11411.8350775578	13154.7264552904	15788.0885304222	15408.411329601
B9J08_01232	810.533933072927	910.840626857612	492.995222314588	464.248850488576
B9J08_01231	456.553853120482	427.514656968708	298.245416659841	326.337274868481
B9J08_01230	20244.2414475075	20439.2190176345	17668.8152250309	15747.5775882481
B9J08_01229	20039.0939011715	18914.4539486547	17863.5650306857	16681.6879696284
B9J08_01228	1124.28900393987	1043.67155160768	919.219082690405	995.849865814873
B9J08_01227	914.113331468102	963.303261002597	817.949183749937	791.387936843221
B9J08_01226	34255.6177372161	34296.0517894609	36712.0076499682	36953.8877742962
B9J08_01225	109403.979710757	108799.68963289	118205.342040205	119207.719082363
B9J08_01224	3.01687568141288	0	0	0
B9J08_01223	0	3.34867877521181	0	0
B9J08_01222	414.317593580702	473.279933563269	435.12670863432	423.356464694246
B9J08_01221	5851.73319671385	5734.05428942102	5359.51465161863	5279.12682489946
B9J08_01220	7091.66910177454	6961.90317366535	5566.50587362882	5538.91374641638
B9J08_01219	824.612686252853	826.007431218913	834.642024234629	828.271265206734
B9J08_01218	3774.11147744751	3671.26816389055	3730.29342031264	3659.4676228495
B9J08_01217	1998.17732632246	1965.67444104933	2181.19782333316	2405.43445849003
B9J08_01216	428.396346760629	456.53653968721	314.938257144533	310.301045145214
B9J08_01215	2475.84930921284	2428.90833828697	2338.11052388927	2670.03224892394
B9J08_01214	883.944574653973	952.140998418558	892.510537914897	910.857848281559
B9J08_01213	1168.53651393392	1207.75681159306	1042.74610227713	1042.35493201235
B9J08_01212	1153.45213552686	1214.45416914348	1265.3173087397	1120.93245765635
B9J08_01211	318.783197002627	346.03014010522	361.678210501673	351.995242425708
B9J08_01210	9595.67591734723	9639.72996757639	10405.203902125	10351.3862863688
B9J08_01209	617.453889462502	655.224813683111	694.422164163212	674.323459863372
B9J08_01208	3178.78134298204	3080.78447319486	2831.10574620386	2866.47606303395
B9J08_01207	937.242711692267	869.540255296666	909.203378399589	968.58827528532
B9J08_01206	2608.591839195	2889.90978300779	2469.42753570219	2310.82070312276
B9J08_01205	361.019456542408	408.538810575841	371.693914792488	368.833283635138
B9J08_01204	15.0843784070644	18.9758463928669	85.6899144880886	74.568468213191
B9J08_01203	485.716984707473	465.466349754441	381.709619083304	403.311177540162
B9J08_01202	1939.85106314848	1957.8608572405	1951.94948067672	2211.3960788385
B9J08_01201	1184.62651756812	1153.06172493127	1316.50868622609	1322.98895216952
B9J08_01200	2696.08123395598	2739.21923812326	3616.78210501673	3341.14846284265
B9J08_01199	1669.33787704846	1718.98843794206	1770.55394740973	1788.03961414426
B9J08_01198	404.261341309326	367.238439014895	322.728249370723	292.661192449621
B9J08_01197	499.7957378874	503.418042540175	459.609541345203	484.29413764266
B9J08_01196	747.179543763256	769.079892040312	747.839253714228	799.406051704854
B9J08_01195	19.1068793156149	30.1381089769063	43.4013852602007	40.0905743081672
B9J08_01194	320.794447456903	329.286746229161	324.953961435349	323.931840409991
B9J08_01193	123.691902937928	129.482245974857	106.834179102033	120.271722924502
B9J08_01192	5957.3238455633	5772.00598220675	5787.96422405908	5445.10180253527
B9J08_01191	4809.90546139926	4898.00082187647	4843.14945262548	4790.02181833982
B9J08_01190	959.366466689295	1043.67155160768	1008.24756527543	1056.78753876329
B9J08_01189	3188.83759525341	3218.08030297855	3069.25693711881	2949.06264610878
B9J08_01188	686.842030134998	658.573492458322	614.296529836687	644.656434875329
B9J08_01187	505.829489250226	487.79087492252	474.076669765269	485.897760614986
B9J08_01186	53.2981370382942	39.0679190441378	54.5299455833291	52.9195580867807
B9J08_01185	2607.58621396786	2447.88418467983	2371.49620485866	2565.7967557227
B9J08_01184	2855.97564507086	2697.91886656231	2815.52576175148	3018.01843391883
B9J08_01183	2275.72988901245	2303.89099734572	2014.26941848624	2099.9442822618
B9J08_01182	1469.21845684807	1510.25412762053	1334.31438274309	1318.17808325254
B9J08_01181	2021.30670654663	1937.76878458923	1772.77965947435	1707.05665404176
B9J08_01180	405.266966536463	447.606729619978	466.28667753908	430.572768069716
B9J08_01179	528.958869474391	600.529727021318	684.406459872396	610.178540970305
B9J08_01178	163.916912023433	140.644508558896	188.07266946087	183.614830331406
B9J08_01177	865.843320565496	929.816473250479	865.801993139389	799.406051704854
B9J08_01176	2556.29932738385	2540.53096412736	2438.26756679743	2457.55220509065
B9J08_01175	2899.21752983778	3302.91349861725	2454.96040728212	2714.93369214908
B9J08_01174	86797.5246047028	84929.1910969219	79008.3268700823	78026.6811530135
B9J08_01173	1637.15786978006	1635.27146856177	1533.51561252709	1517.82914330721
B9J08_01172	1422.95969639974	1389.7016917129	1448.93855407132	1342.23242783744
B9J08_01171	2664.90685191471	2706.84867662955	2575.14885877191	2737.38441376166
B9J08_01170	5291.59994519819	5002.92609016644	5063.49494702342	5195.73843033847
B9J08_01169	1279.15528891906	1119.57493717915	1444.48712994207	1436.84618320471
B9J08_01168	862.826444884083	725.547067962559	988.216156693801	903.641544906089
B9J08_01167	175229.190203504	205260.614205383	6023.8897029094	5334.45181744473
B9J08_01166	1685.42788068266	1753.59145195258	1614.75410288593	1804.87765535369
B9J08_01165	1184.62651756812	1245.70850437879	1079.47035134345	1197.10454884187
B9J08_01164	1489.33096139082	1531.4624265302	1424.45572136043	1373.50307579781
B9J08_01163	2230.47675379125	2392.07287175964	2117.76502949133	1986.0870512266
B9J08_01162	2673.95747895895	2920.0478919847	1895.19382302876	2006.13233838069
B9J08_01161	5691.83878559896	5744.10032574666	5493.05737549617	5472.36339306482
B9J08_01160	3677.5714556423	3570.80780063419	3216.1539333841	3012.40575351568
B9J08_01159	8466.35878727167	7728.75061318885	7777.75080983443	7943.54639342025
B9J08_01158	673.768902182209	621.738025930993	648.795066838385	618.196655831938
B9J08_01157	4742.52857118104	4826.56234133862	4898.79225424112	4850.15767980207
B9J08_01156	469.626981073271	474.396159821673	488.543798185336	510.75391668605
B9J08_01155	22133.8112492991	20701.5321883594	21608.3255794184	22009.7252951838
B9J08_01154	368.058833132371	370.587117790107	368.35534669555	434.581825500532
B9J08_01153	1532.57284615774	1621.87675346092	1940.82092035359	1755.96715469772
B9J08_01152	918.135832376653	1144.13191486403	1102.84032802202	1037.54406309537
B9J08_01151	7428.55355286564	7044.50391678724	8038.15912139564	8326.81228380633
B9J08_01150	603.375136282576	638.481419807052	703.325012421714	631.025639610552
B9J08_01149	31624.9021430241	29687.1535685111	25141.6434820117	25253.0527567145
B9J08_01148	4947.67611751712	4824.32988882181	4783.05522688058	4780.40008050586
B9J08_01147	1576.8203561518	2143.15441613556	3475.449388913	3132.67747644019
B9J08_01146	3321.58012523558	3348.67877521181	3087.06263363582	3188.00246898546
B9J08_01145	681.81390399931	728.89574673777	722.243564971033	724.0357720055
B9J08_01144	85.4781443066982	54.6950866617929	154.686988491485	152.344182371035
B9J08_01143	1591.90473455886	1535.92733156382	1427.79428945737	1434.44074874622
B9J08_01142	1287.20029073616	1208.87303785146	1377.71576800329	1515.42370884872
B9J08_01141	3913.89338401964	3974.88170617642	3963.99318709833	3574.47560531619
B9J08_01140	4264.85658829067	5700.5675016689	2925.69850895045	3026.03654878046
B9J08_01139	6755.79027591057	6628.15152240257	6649.31479306921	7094.42802957327
B9J08_01138	481.694483798923	555.88067668516	568.669432511861	601.358614622508
B9J08_01137	4906.44548320448	5555.45808807639	3862.72328815786	3325.91404460555
B9J08_01136	1102.16524894284	1178.73492887456	1300.92870177371	1246.816860984
B9J08_01135	5239.30743338703	5101.15400090599	5263.80903283973	5198.14386479696
B9J08_01134	72501.5563757143	69252.909523897	63014.3599736822	60521.5327870954
B9J08_01133	636.560768778117	707.687447828096	704.437868454027	749.693739562727
B9J08_01132	4081.83279695162	4268.44921213665	3071.48264918344	3297.04883110367
B9J08_01131	262.46818428292	216.547894130364	214.781214236378	256.57967557227
B9J08_01130	903.051453969588	994.557596237907	974.861884306047	1068.01289956957
B9J08_01129	73.4106415810467	75.9033855714677	72.3356421003345	66.5503533515575
B9J08_01128	66.3712649910833	68.0898017626401	163.589836749987	177.200338442099
B9J08_01127	57.3206379468447	29.0218827185023	64.5456498741447	48.1086891698006
B9J08_01126	948.304589190781	982.279107395464	1042.74610227713	1138.57231035195
B9J08_01125	3712.76833859212	3279.47274719076	3846.03044767317	3802.99187887274
B9J08_01124	2646.80559782623	2538.29851161055	2244.630617175	2166.49463561336
B9J08_01123	791.427053757312	765.7312132651	702.212156389401	679.134328780352
B9J08_01122	4725.4329423197	4660.24462883643	4731.86384939419	4539.05482317069
B9J08_01121	760.252671716045	706.571221569692	635.440794450631	674.323459863372
B9J08_01120	708.965785132026	736.709330546598	665.487907323078	734.459321325623
B9J08_01119	482.70010902606	601.645953279722	568.669432511861	479.48326872568
B9J08_01118	2450.70867853439	2350.77250019869	2091.05648471582	2149.65659440393
B9J08_01117	2037.39671018083	2058.32122049686	2185.64924746242	2057.44827349514
B9J08_01116	894.000826925349	897.445911756765	918.106226658092	932.506758407969
B9J08_01115	125.703153392203	118.319983390817	134.655579909854	121.875345896828
B9J08_01114	1167.53088870678	1118.45871092074	1204.11022696249	1229.17700828841
B9J08_01113	275.541312235709	308.078447319486	393.951035438745	370.436906607465
B9J08_01112	1201.72214642946	1311.56585362463	829.077744073065	817.847715886611
B9J08_01111	21011.5334958136	20299.690735334	17815.7122212962	18206.7334163111
B9J08_01110	66962.5726246402	65521.3651420527	61708.9798477792	57799.3827915708
B9J08_01109	48724.5535052722	45838.947527616	38709.5842279698	38401.157506821
B9J08_01108	1188.64901847667	1247.9409568956	1204.11022696249	1190.69005695257
B9J08_01107	5158.85741521602	5668.19694017519	5021.20641779553	4772.38196564422
B9J08_01106	11711.5113952448	11688.0051517476	10609.9694120706	11215.7390684529
B9J08_01105	2133.93673198604	2323.983069997	2224.59920859337	2087.91710996935
B9J08_01104	1724.64726454103	1652.01486243783	1693.76688118014	1699.03853918013
B9J08_01103	5432.38747699746	5130.17588362449	5789.07708009139	5851.62022602008
B9J08_01102	955.343965780745	914.189305632824	994.893292887678	967.786463799156
B9J08_01101	5469.59561040155	5440.48678346079	5784.62565596214	5732.95212606791
B9J08_01100	670.752026500796	661.922171233534	733.372125294161	652.674549736962
B9J08_01099	34298.859621983	33837.2827972569	32240.5521121353	31052.555236134
B9J08_01098	144.810032707818	146.225639850916	148.009852297608	122.677157382992
B9J08_01097	2488.92243716562	2455.69776848866	1493.45279536383	1590.79398854807
B9J08_01096	1204.73902211088	1173.15379758254	1138.45172105603	1067.21108808341
B9J08_01095	3471.41828407908	3357.60858527904	3550.01074307796	3300.25607704832
B9J08_01094	1813.14228452914	1654.24731495463	1996.46372196923	1920.33850936121
B9J08_01093	308.726944731251	341.565235071604	286.0040003044	290.255757991131
B9J08_01092	307.721319504114	252.26713439929	456.270973248264	458.636170085433
B9J08_01091	1909.68230633435	1974.60425111656	2215.69636033486	2215.40513626932
B9J08_01090	1786.99602862356	1875.26011411861	1716.0240018264	1738.32730200213
B9J08_01089	3242.13573229171	3264.96180583151	3146.0440033484	3144.70464873264
B9J08_01088	1119.26087780418	1300.40359104059	1080.58320737577	1067.21108808341
B9J08_01087	399.233215173637	408.538810575841	377.258194954052	353.598865398035
B9J08_01086	2838.88001620952	2839.67960137961	2991.35701485691	2950.66626908111
B9J08_01085	8955.09264766056	8935.39119852351	8439.90014906057	8609.85173842199
B9J08_01084	7136.92223699573	7302.35218247855	4492.59980244693	5356.10072757114
B9J08_01083	1.00562522713763	2.23245251680787	1.11285603231284	2.40543445849003
B9J08_01082	0	0	0	0
B9J08_01081	736.117666264742	744.522914355426	745.613541649602	766.531780772157
B9J08_01080	803.494556482963	707.687447828096	841.319160428506	845.109306416165
B9J08_01079	5109.58177908628	5357.88604033889	5071.28493924961	4919.91527909828
B9J08_01078	3211.96697547758	3360.95726405425	2059.89651581107	2059.85370795363
B9J08_01077	4471.00975985389	4826.56234133862	4053.02166968336	3998.6338814966
B9J08_01076	7822.75864190359	8101.57018349577	8040.38483346026	7712.62468540521
B9J08_01075	2027.34045790945	2298.3098660537	2186.76210349473	1954.81640326623
B9J08_01074	1375.69531072427	1395.28282300492	1448.93855407132	1514.62189736256
B9J08_01073	1440.05532526108	1506.90544884531	1609.18982272437	1674.98419459523
B9J08_01072	1498.38158843506	1438.81564708267	1693.76688118014	1504.19834804243
B9J08_01071	2218.4092510656	2319.51816496338	2309.17626704914	2384.58735984979
B9J08_01070	1056.91211372164	1079.39079187661	1167.38597789617	1197.90636032804
B9J08_01069	645.611395822356	589.367464437278	646.56935477376	606.971295025651
B9J08_01068	1226.8627771079	1169.80511880733	1170.72454599311	1153.80672858905
B9J08_01067	4414.69474713418	4308.63335743919	4344.58995014932	4269.64616381981
B9J08_01066	4757.61294958811	4870.09516541637	3506.60935781776	3589.71002355329
B9J08_01065	1962.98044337265	2301.65854482892	2136.68358204065	1915.52764044423
B9J08_01064	3029.94880936567	3223.66143427057	2729.83584726339	2528.11161587302
B9J08_01063	11520.4426020886	12594.3808735716	22444.0804596853	22405.0183578623
B9J08_01062	1427.98782253543	1525.88129523818	5332.80610684312	5325.63189109693
B9J08_01061	4152.22656285126	5241.79850946488	4130.92159194526	4024.29184905382
B9J08_01060	46.2587604483308	87.065648155507	102.382754972781	90.6046979364579
B9J08_01059	2600.5468373779	2568.43662058746	2836.67002636543	3034.85647512826
B9J08_01058	869.865821474046	911.956853116016	878.04340949483	805.820543594161
B9J08_01057	0	0	0	0
B9J08_01056	1413.9090693555	1398.63150178013	1717.13685785871	1693.42585877698
B9J08_01055	1339.49280254732	1438.81564708267	1351.00722322779	1347.04329675442
B9J08_01054	1470.22408207521	1324.96056872547	1328.75010258153	1386.33205957642
B9J08_01053	4295.0253451048	4537.459740412	4904.35653440268	5284.7395053026
B9J08_01052	627.510141733879	664.154623750342	783.450646748239	724.837583491663
B9J08_01051	1467.2072063938	1436.58319456587	1405.53716881112	1489.76574129149
B9J08_01050	564.155752424208	588.251238178874	583.136560931928	601.358614622508
B9J08_01049	327.833824046866	324.821841195545	304.922552853718	301.481118797417
B9J08_01048	1429.9990729897	1351.74999892717	1669.28404846926	1662.95702230278
B9J08_01047	1049.87273713168	986.74401242908	1031.617541954	1193.89730289722
B9J08_01046	614.437013781089	625.086704706204	580.910848867302	590.935065302384
B9J08_01045	824.612686252853	817.077621151681	852.447720751635	834.685757096041
B9J08_01044	959.366466689295	841.634598836568	1041.63324624482	1137.77049886579
B9J08_01043	454.542602666207	481.093517372097	623.19937809519	603.764049080998
B9J08_01042	877.910823291147	861.726671487839	959.281899853667	898.830675989109
B9J08_01041	8022.87806210398	8794.74668996461	9086.46950383433	8316.38873448621
B9J08_01040	1731.68664113099	1910.97935438754	1796.14963615292	1758.37258915621
B9J08_01039	5.02812613568813	1.11622625840394	13.3542723877541	3.20724594465338
B9J08_01038	2044.43608677079	1969.02311982454	2193.43923968861	2090.32254442784
B9J08_01037	66.3712649910833	64.7411229874283	57.8685136802676	71.3612222685376
B9J08_01036	1658.27599954995	1633.03901604496	1772.77965947435	1763.18345807319
B9J08_01035	1377.70656117855	1414.25866939779	1397.74717658493	1504.19834804243
B9J08_01034	1200.71652120233	1276.9628396141	1261.97874064276	1263.65490219343
B9J08_01033	344.929452908206	419.70107315988	371.693914792488	339.166258647095
B9J08_01032	958.360841462158	886.283649172725	938.137635239723	913.263282740049
B9J08_01031	1095.12587235287	1160.87530874009	1009.36042130775	1011.08428405198
B9J08_01030	4756.60732436097	4522.94879905275	5108.00918831593	5051.41236282907
B9J08_01029	1943.87356405703	1804.93785983916	2140.02215013759	1981.27618230962
B9J08_01028	1993.14920018677	2015.90462267751	2010.9308503893	2032.59211742408
B9J08_01027	3386.94576499952	3445.79045969295	3073.70836124806	3090.18146767353
B9J08_01026	3682.59958177799	3609.87571967833	4129.80873591295	4017.07554567835
B9J08_01025	2424.56242262882	2664.4320788102	2875.61998749638	3027.64017175279
B9J08_01024	1585.87098319604	1708.94240161643	1846.228157607	1565.93783247701
B9J08_01023	895.006452152487	948.792319643346	768.983518328172	843.505683443838
B9J08_01022	3.01687568141288	12.2784888424433	0	2.40543445849003
B9J08_01021	17.0956288613396	11.1622625840394	10.0157042908156	8.01811486163344
B9J08_01020	3389.96264068094	3195.75577781047	3202.79966099635	3122.25392712006
B9J08_01019	451.525726984794	474.396159821673	415.095300052689	418.545595777266
B9J08_01018	0	5.58113129201968	0	3.20724594465338
B9J08_01017	267.496310418609	277.94033834258	421.772436246566	441.798128876003
B9J08_01016	1877.50229906595	1874.14388786021	1955.28804877366	1931.5638701675
B9J08_01015	1566.76410388042	1626.34165849454	1433.35856961894	1440.85524063553
B9J08_01014	711.982660813439	782.474607141159	775.660654522049	680.737951752679
B9J08_01013	2500.98993989128	2328.44797503061	2569.58457861035	2450.33590171518
B9J08_01012	8830.39511949549	8484.43579012832	8013.67628868475	7565.09137195115
B9J08_01011	1278.14966369192	1250.17340941241	1279.78443715976	1271.67301705506
B9J08_01010	2878.09940006789	2912.23430817587	2280.24201020901	2426.28155713028
B9J08_01009	2185.22361857006	2120.82989096748	2007.59228229236	2206.58520992152
B9J08_01008	500.801363114538	496.720684989752	517.47805502547	472.26696535021
B9J08_01007	1037.80523440603	1025.81193147322	1093.93747976352	1034.33681715071
B9J08_01006	1438.04407480681	1516.95148517095	1129.54887279753	1327.7998210865
B9J08_01005	1193.67714461236	1202.17568030104	1329.86295861384	1383.92662511793
B9J08_01004	14680.1170657551	14491.9655128583	15160.4377281978	14995.4784142269
B9J08_01003	200.119420200388	202.036952771112	156.91270055611	161.965920204995
B9J08_01002	1335.47030163877	1585.04128693359	1523.49990823628	1475.33313454055
B9J08_01001	1074.00774258298	1069.34475555097	969.297604144483	995.849865814873
B9J08_01000	2212.37549970278	2244.73100565032	1990.89944180767	1909.11314855492
B9J08_00999	1378.71218640569	1432.11828953225	1145.12885724991	1107.30166239158
B9J08_00998	736.117666264742	744.522914355426	695.535020195524	707.197730796069
B9J08_00997	927.186459420891	954.373450935366	1049.42323847101	912.461471253886
B9J08_00996	19177.2730815145	19549.5866896865	19197.8794134288	19020.5720747668
B9J08_00995	417.334469262115	404.073905542225	422.885292278879	343.977127564075
B9J08_00994	185.035041793323	189.758463928669	203.65265391325	206.065551943979
B9J08_00993	1323.40279891312	1311.56585362463	1324.29867845228	1209.93353262049
B9J08_00992	1039.81648486031	966.651939777809	965.959036047544	1013.48971851047
B9J08_00991	3810.31398562446	3896.74586808814	3844.91759164086	3739.64877146584
B9J08_00990	1008.64210281904	1129.62097350478	1207.44879505943	1200.31179478653
B9J08_00989	3146.60133571363	3106.45767713815	2903.4413883042	2840.81809547673
B9J08_00988	1374.68968549713	1445.5130046331	1423.34286532812	1423.21538793994
B9J08_00987	65.3656397639457	87.065648155507	75.6742101972731	50.5141236282907
B9J08_00986	4338.26722987172	4266.21675961984	4556.03259628876	4633.66857853797
B9J08_00985	70827.1903725301	69421.459688916	62439.0134049765	59601.855012466
B9J08_00984	9988.87538115804	10197.8430967784	10262.758329989	9993.77836353992
B9J08_00983	7291.78852197493	7330.25783893865	6516.88492522399	6381.61761837406
B9J08_00982	8240.09311116571	7542.3408280354	7653.11093421539	7757.52612863035
B9J08_00981	793.438304211587	874.005160330282	832.416312170004	832.280322637551
B9J08_00980	13792.1499901925	14049.9399145303	14790.9695254699	14638.6723028842
B9J08_00979	543.037622654318	561.46180797718	578.685136802676	532.40282681246
B9J08_00978	2232.48800424553	2627.59661228287	2186.76210349473	2282.75730110704
B9J08_00977	4971.81112296842	5212.77662674638	5203.71480709484	5189.32393844916
B9J08_00976	7589.45358920766	7768.9347584914	7018.78299579708	7066.36462755755
B9J08_00975	833.663313297092	870.65648155507	906.977666334964	907.650602336905
B9J08_00974	194.085668837562	203.153179029516	206.991222010188	236.534388418186
B9J08_00973	1159.48588688968	1107.2964483367	1093.93747976352	1208.32990964816
B9J08_00972	1061.94023985733	1159.75908248169	1191.86881060705	1254.83497584563
B9J08_00971	753.213295126082	782.474607141159	747.839253714228	793.793371301711
B9J08_00970	1719.61913840534	1558.2518567319	982.651876532237	945.335742186583
B9J08_00969	655.667648093732	678.665565109593	675.503611613893	728.044829436316
B9J08_00968	711.982660813439	744.522914355426	523.042335187034	479.48326872568
B9J08_00967	389.176962902261	309.19467357789	40.0628171632622	29.6670249880437
B9J08_00966	2.01125045427525	0	0	0.801811486163344
B9J08_00965	49028.2523238678	47421.7563620328	38225.4918539137	37952.1430745696
B9J08_00964	1323.40279891312	1378.53942912886	1640.34979162912	1590.79398854807
B9J08_00963	4083.8440474059	4349.93372900014	3642.37779375992	3704.36906607465
B9J08_00962	1856.38416929606	1768.10239331183	1840.66387744544	1882.65336951153
B9J08_00961	3586.05955997277	3711.45230919309	3674.65061869699	3326.71585609171
B9J08_00960	341.912577226793	277.94033834258	322.728249370723	315.111914062194
B9J08_00959	1060.9346146302	1042.55532534928	1155.14456154073	1058.39116173561
B9J08_00958	2960.56066869317	2743.68414315688	3019.17841566473	2892.93584207735
B9J08_00957	852.770192612707	1013.53344263077	55.642801615642	65.7485418653942
B9J08_00956	1829.23228816334	1703.36127032441	1938.59520828897	2026.97943702093
B9J08_00955	0	0	1.11285603231284	0
B9J08_00954	0	1.11622625840394	0	1.60362297232669
B9J08_00953	5751.17067400008	5422.62716332632	5469.6873988176	5801.90791387796
B9J08_00952	6443.04083027077	6070.03839320061	6602.57483971207	6547.59259600987
B9J08_00951	1024.73210645324	1113.99380588713	1152.9188494761	951.750234075889
B9J08_00950	5549.04000334542	5450.53281978642	4661.75391935848	4811.67072846623
B9J08_00949	718.016412176265	638.481419807052	461.835253409828	458.636170085433
B9J08_00948	2460.76493080577	2492.53323501599	2269.11344988588	2283.5591125932
B9J08_00947	56640.8352932996	55919.586867262	43326.8239060358	42679.6235969886
B9J08_00946	3465.38453271626	3077.43579441965	1909.66095144883	1979.6725593373
B9J08_00945	825.618311479991	811.496489859662	813.497759620685	798.604240218691
B9J08_00944	413.311968353564	405.190131800629	408.418163858812	388.076759303059
B9J08_00943	2162.0942383459	2242.49855313351	2491.68465634845	2321.24425244288
B9J08_00942	2161.08861311876	2356.35363149071	2067.68650803725	2199.36890654605
B9J08_00941	698.90953286065	704.338769052884	716.679284809468	679.936140266516
B9J08_00940	1982.08732268826	1908.74690187073	1966.41660909679	2054.24102755049
B9J08_00939	438.452599032005	446.490503361574	412.869587988063	431.374579555879
B9J08_00938	1372.67843504286	1307.10094859101	1436.69713771588	1467.31501967892
B9J08_00937	5850.72757148671	5634.71015242307	4677.33390381086	4806.85985954925
B9J08_00936	5515.85437084988	5106.73513219801	5084.63921163736	4826.90514670333
B9J08_00935	874.893947609735	820.426299926893	930.347643013533	952.552045562053
B9J08_00934	7867.00615189765	7650.61477510058	7965.8234792953	7797.61670293852
B9J08_00933	2436.62992535447	2346.30759516507	2931.26278911202	2716.53731512141
B9J08_00932	697.903907633512	682.014243884805	638.77936254757	661.494476084759
B9J08_00931	2489.92806239276	2528.25247528492	2509.49035286545	2411.84895037934
B9J08_00930	4.0225009085505	1.11622625840394	2.22571206462568	5.61268040314341
B9J08_00929	0	0	0	0
B9J08_00928	468.621355846134	498.95313750656	490.769510249962	488.303195073477
B9J08_00927	13015.8073148423	13719.5369420428	11466.8685569515	12324.6443538168
B9J08_00926	735.112041037605	884.051196655917	556.42801615642	524.384711950827
B9J08_00925	2204.33049788568	2445.65173216302	1365.47435164785	1264.45671367959
B9J08_00924	649.633896730906	704.338769052884	748.952109746541	703.188673365253
B9J08_00923	33.1856324955417	27.9056564600984	67.8842179710832	70.5594107823743
B9J08_00922	3.01687568141288	1.11622625840394	0	2.40543445849003
B9J08_00921	1083.05836962722	1196.59454900902	898.074818076461	887.605315182822
B9J08_00920	0	0	3.33856809693852	0
B9J08_00919	8.04500181710101	4.46490503361574	3.33856809693852	9.62173783396013
B9J08_00918	3661.4814520081	3645.59495994726	4860.95514914248	4893.45550005489
B9J08_00917	1914.71043247004	1675.45561386431	1767.21537931279	1707.05665404176
B9J08_00916	6816.12778953883	7056.78240562968	6972.04304243994	6905.20051883872
B9J08_00915	1621.06786614585	1626.34165849454	1674.84832863082	1722.29107227886
B9J08_00914	1569.78097956183	1477.88356612681	1721.58828198796	1857.79721344047
B9J08_00913	11879.4508081768	11483.7357464597	11919.8009621028	11559.7161960169
B9J08_00912	384.148836766573	436.444467035939	416.208156085002	388.878570789222
B9J08_00911	10193.017302267	9792.65296497773	9070.88951938195	9338.69837934447
B9J08_00910	95.5343965780745	94.8792319643346	68.997074003396	80.1811486163344
B9J08_00909	1047.86148667741	980.046654878656	972.636172241421	1005.47160364883
B9J08_00908	2005.21670291243	2195.61705028054	2111.08789329746	2161.68376669638
B9J08_00907	1653.24787341426	1751.35899943578	1826.19674902537	1970.8526329895
B9J08_00906	6809.08841294886	6842.46696401613	6572.52772683963	6829.83023913936
B9J08_00905	922.158333285203	955.489677193769	1095.05033579583	1011.88609553814
B9J08_00904	2963.57754437458	3360.95726405425	1568.01414952879	1542.68529937827
B9J08_00903	1367.65030890717	1391.93414422971	1258.64017254582	1274.88026299972
B9J08_00902	1583.85973274176	1602.90090706805	1585.8198460458	1523.44182371035
B9J08_00901	2.01125045427525	1.11622625840394	0	0.801811486163344
B9J08_00900	2458.7536803515	2460.16267352228	2645.25878880762	2630.74348610193
B9J08_00899	12590.4278437631	12049.6624594705	11590.3955765382	11581.3651061433
B9J08_00898	2254.61175924256	2182.2223351797	2712.03015074639	2759.83513537423
B9J08_00897	1805.09728271204	1861.86539901777	1819.51961283149	1721.4892607927
B9J08_00896	6128.28013417669	6514.29644404537	2916.79566069195	2948.26083462262
B9J08_00895	1279.15528891906	1294.82245974857	1408.87573690805	1435.24256023239
B9J08_00894	1618.05099046444	1463.37262476756	1917.45094367502	1856.9954019543
B9J08_00893	1493.35346229937	1288.12510219814	1445.59998597438	1434.44074874622
B9J08_00892	1314.35217186888	1215.57039540189	1260.86588461045	1125.74332657334
B9J08_00891	2345.11802968494	2310.58835489615	2387.07618931104	2399.01996660073
B9J08_00890	1758.83852226371	1793.77559725513	2035.41368310018	1866.61713978826
B9J08_00889	12505.9553246835	11533.9659280879	11659.3926505416	11510.805695361
B9J08_00888	711.982660813439	736.709330546598	666.600763355391	627.818393665898
B9J08_00887	1190.66026893095	1316.03075865824	1148.46742534685	1034.33681715071
B9J08_00886	561.138876742795	508.999173832195	426.223860375817	415.338349832612
B9J08_00885	3017.88130664002	3319.65689249331	3221.71821354567	3061.31625417165
B9J08_00884	1943.87356405703	2035.99669532878	1543.53131681791	1431.23350280157
B9J08_00883	514.880116294464	488.907101180924	539.735175671727	590.935065302384
B9J08_00882	44.2475099940555	58.0437654370047	45.6270973248264	53.721369572944
B9J08_00881	138852.708862255	135646.047373763	124159.121813079	121629.991582062
B9J08_00880	479.683233344648	487.79087492252	481.866661991459	521.177466006174
B9J08_00879	3591.08768610846	3415.65235071605	3686.89203505244	3694.74732824069
B9J08_00878	1485.30846048227	1540.39223659743	1573.57842969035	1513.82008587639
B9J08_00877	456.553853120482	488.907101180924	359.452498437047	375.247775524445
B9J08_00876	1068.9796164473	1006.83608508035	1188.53024251011	1061.59840768027
B9J08_00875	2318.97177377937	2274.86911462722	1165.16026583154	1120.13064617019
B9J08_00874	1338.48717732018	1476.76733986841	122.414163554412	74.568468213191
B9J08_00873	152.855034524919	167.43393876059	280.439720142835	274.219528267864
B9J08_00872	2364.22490900056	2089.57555573217	2363.70621263247	2578.62573950131
B9J08_00871	3994.34340219065	3865.49153285283	3682.44061092318	3612.16074516586
B9J08_00870	675.780152636485	791.404417208391	803.48205532987	690.359689586639
B9J08_00869	3091.29194822106	3218.08030297855	3049.22552853718	2854.4488907415
B9J08_00868	9866.18910344725	9851.81295667314	9319.05641458771	9398.83424080672
B9J08_00867	4596.71291324609	4580.99256448975	4727.41242526494	4492.54975697322
B9J08_00866	8248.13811298281	8620.6153936536	8700.30846062178	9786.91100010978
B9J08_00865	533.986995610079	542.485961584313	948.153339530539	856.334667222451
B9J08_00864	602.369511055438	615.040668380569	664.375051290765	668.710779460229
B9J08_00863	8403.004397962	7956.46076990326	8324.16312170004	7767.14786646431
B9J08_00862	699.915158087788	743.406688097022	824.626319943814	704.792296337579
B9J08_00861	152.855034524919	179.712427603034	2.22571206462568	2.40543445849003
B9J08_00860	20268.3764529589	23667.3453569387	99.0441868758427	70.5594107823743
B9J08_00859	2800.66625757829	3033.9029703419	2854.47572288243	2847.23258736603
B9J08_00858	799.472055574413	722.198389187347	1031.617541954	970.191898257646
B9J08_00857	1227.86840233504	1174.27002384094	1304.26726987065	1165.8339008815
B9J08_00856	2632.7268446463	2702.38377159593	2404.88188582805	2537.73335370698
B9J08_00855	2756.41874758423	2858.65544777248	3022.51698376167	2893.73765356351
B9J08_00854	1198.70527074805	1139.66700983042	1148.46742534685	1031.12957120606
B9J08_00853	2562.33307874667	2403.23513434367	2604.08311561204	2504.85908277429
B9J08_00852	4978.85049955839	4945.99855098784	5003.40072127852	4929.53701693224
B9J08_00851	1075.01336781012	1245.70850437879	1033.84325401863	1079.23826037586
B9J08_00850	199.11379497325	179.712427603034	247.05403917345	274.219528267864
B9J08_00849	1659.28162477708	1812.75144364799	1349.89436719547	1383.12481363177
B9J08_00848	582.257006512685	693.176506468844	436.239564666633	443.401751848329
B9J08_00847	11553.6282345842	12058.5922695377	12714.3801691742	12129.0023511929
B9J08_00846	3603.15518883411	3424.58216078328	3629.02352137217	3614.56617962435
B9J08_00845	3191.85447093482	3248.21841195545	2674.19304564775	2848.83621033836
B9J08_00844	11495.3019714102	14071.14821344	7620.83810927832	7064.76100458522
B9J08_00843	1250.99778255921	1310.44962736622	1072.79321514958	985.42631649475
B9J08_00842	1320.3859232317	1573.87902434955	975.97474033836	944.533930700419
B9J08_00841	722.038913084815	763.498760748292	747.839253714228	744.081059159583
B9J08_00840	2021.30670654663	1858.51672024255	1937.48235225665	1846.57185263418
B9J08_00839	1676.37725363842	1620.76052720252	1575.80414175498	1446.46792103867
B9J08_00838	2248.57800787973	2265.93930455999	2186.76210349473	2245.87397274353
B9J08_00837	1037.80523440603	1043.67155160768	1165.16026583154	1051.17485836014
B9J08_00836	1108.19900030566	1068.22852929257	1266.43016477201	1195.50092586955
B9J08_00835	48.270010902606	43.5328240777535	37.8371050986365	54.5231810591074
B9J08_00834	2050.46983813362	2652.15358996775	841.319160428506	791.387936843221
B9J08_00833	1017.69272986328	1134.0858785384	763.419238166608	776.153518606117
B9J08_00832	500.801363114538	390.679190441378	351.662506210857	351.995242425708
B9J08_00831	3542.81767520586	3281.70519970757	2695.3373102617	2582.63479693213
B9J08_00830	711.982660813439	750.104045647445	789.014926909803	698.377804448273
B9J08_00829	2658.87310055188	2566.20416807065	2650.82306896918	2619.51812529564
B9J08_00828	5707.92878923316	5871.35011920471	4909.92081456425	4791.62544131214
B9J08_00827	969.422718960671	840.518372578164	984.877588596863	915.668717198539
B9J08_00826	365.041957450958	386.214285407762	390.612467341807	333.553578243951
B9J08_00825	8710.72571746612	8406.29995204004	8210.65180640413	8398.17350607487
B9J08_00824	6003.58260601163	6025.38934286445	6181.91525949782	6572.44875208093
B9J08_00823	1255.02028346776	1159.75908248169	2206.79351207636	2360.53301526488
B9J08_00822	16.090003634202	10.0460363256354	16.6928404846926	4.00905743081672
B9J08_00821	1.00562522713763	2.23245251680787	2.22571206462568	1.60362297232669
B9J08_00820	1968.00856950833	2129.75970103471	1571.35271762573	1475.33313454055
B9J08_00819	84049.1508589356	85517.4423351008	76493.2722370553	71978.6171128834
B9J08_00818	425.379471079216	379.516927857338	452.932405151325	427.365522125062
B9J08_00817	993.557724411974	1158.64285622329	854.67343281626	823.460396289754
B9J08_00816	3144.59008525936	3718.14966674351	2824.42861000999	2508.06632871894
B9J08_00815	584.268256966961	626.202930964608	661.036483193826	649.467303792309
B9J08_00814	572.200754241309	541.369735325909	538.622319639414	566.078909231321
B9J08_00813	1262.05966005772	1185.43228642498	1256.4144604812	1164.23027790918
B9J08_00812	3794.22398199026	3865.49153285283	2803.28434539604	2984.34235149997
B9J08_00811	1209.76714824656	1148.59681989765	1499.01707552539	1521.03638925186
B9J08_00810	1759.84414749085	1713.40730665004	1579.14270985192	1525.84725816884
B9J08_00809	0	0	1.11285603231284	0
B9J08_00808	229.282551787379	267.894302016945	272.649727916646	246.95793773831
B9J08_00807	493.761986524574	523.510115191446	509.68806279928	471.465153864046
B9J08_00806	1106.18774985139	1183.19983390817	1122.87173660365	1061.59840768027
B9J08_00805	7972.5968007471	8110.499993563	8723.67843730034	8432.65139997989
B9J08_00804	1682.41100500125	1516.95148517095	1606.96411065974	1747.14722834993
B9J08_00803	2924.35816051622	2867.58525783971	2811.07433762223	2998.77495825091
B9J08_00802	1379.71781163282	1419.83980068981	1471.19567471757	1455.28784738647
B9J08_00801	1910.68793156149	1785.9620134463	1830.64817315462	1779.21968779646
B9J08_00800	1078.03024349153	1169.80511880733	513.026630896219	461.041604543923
B9J08_00799	2246.56675742546	2347.42382142348	2312.51483514608	2344.49678554162
B9J08_00798	2726.2499907701	2845.26073267163	2154.48927855766	2214.60332478316
B9J08_00797	3448.28890385492	3669.03571137374	3241.7496221273	3215.26405951501
B9J08_00796	382.137586312298	428.630883227111	359.452498437047	364.022414718158
B9J08_00795	834.668938524229	918.65421066644	785.676358812864	723.233960519336
B9J08_00794	1552.68535070049	1601.78468080965	1624.76980717674	1540.27986491978
B9J08_00793	0	0	0	0
B9J08_00792	1792.02415475925	1694.43146025718	1700.44401737402	1711.06571147258
B9J08_00791	1075.01336781012	1083.85569691022	1181.85310631623	1244.41142652551
B9J08_00790	1124.28900393987	977.814202361848	1073.90607118189	1003.06616919034
B9J08_00789	1117.2496273499	1221.15152669391	1661.49405624307	1689.41680134617
B9J08_00788	1357.59405663579	1447.74545714991	1956.40090480597	2105.55696266494
B9J08_00787	1921.74980906	1885.30615044425	2140.02215013759	2194.55803762907
B9J08_00786	762.26392217032	746.755366872233	810.159191523747	687.152443641986
B9J08_00785	1137.36213189265	1143.01568860563	1188.53024251011	1189.8882454664
B9J08_00784	2038.40233540797	1975.72047737497	2006.47942626005	1872.22982019141
B9J08_00783	896.012077379625	876.23761284709	901.4133861734	1039.94949755386
B9J08_00782	572.200754241309	532.439925258678	549.750879962543	609.376729484141
B9J08_00781	669.746401273659	578.205201853239	538.622319639414	602.962237594835
B9J08_00780	611.420138099677	604.994632054934	530.832327413224	493.114063990457
B9J08_00779	66764.4644548941	64866.1403283695	54897.1880739924	53189.7685576178
B9J08_00778	917.130207149515	853.913087679011	842.432016460819	794.595182787874
B9J08_00777	1827.22103770907	2107.43517586663	2279.12915417669	2245.87397274353
B9J08_00776	12445.6178110553	11902.3205933612	11684.9883392848	11459.4897602465
B9J08_00775	1116.24400212276	1097.25041201107	1268.65587683664	1190.69005695257
B9J08_00774	1281.16653937334	1253.52208818762	1440.03570581281	1314.97083730788
B9J08_00773	922.158333285203	983.395333653868	947.040483498226	902.839733419925
B9J08_00772	1237.92465460642	1386.35301293769	1215.23878728562	1237.19512315004
B9J08_00771	548.065748790006	580.437654370047	436.239564666633	423.356464694246
B9J08_00770	3104.36507617385	3230.35879182099	3376.40520203715	3162.34450142823
B9J08_00769	1470.22408207521	1432.11828953225	1179.62739425161	1109.70709685007
B9J08_00768	1546.65159933767	1619.64430094411	1618.09267098287	1523.44182371035
B9J08_00767	1061.94023985733	1224.50020546912	1098.38890389277	1064.80565362492
B9J08_00766	616.448264235365	730.011972996174	656.585059064575	630.223828124388
B9J08_00765	2400.42741717751	2198.96572905575	2163.39212681616	2146.44934845927
B9J08_00764	3725.8414665449	3975.99793243482	3154.9468516069	3075.74886092259
B9J08_00763	3148.61258616791	3134.36333359825	3171.63969209159	3050.09089336536
B9J08_00762	1130.32275530269	1093.90173323586	1227.48020364106	1268.46577111041
B9J08_00761	1831.24353861762	1748.01032066056	1682.63832085701	1701.44397363862
B9J08_00760	2221.42612674702	2390.95664550123	1978.65802545223	1985.28523974044
B9J08_00759	11328.3681837054	12078.684342189	6496.85351664235	6407.27558593128
B9J08_00758	592.313258784062	615.040668380569	695.535020195524	744.081059159583
B9J08_00757	2945.47629028611	3060.69240054359	2906.77995640114	2835.20541507358
B9J08_00756	1859.40104497747	1820.56502745682	1811.7296206053	1905.10409112411
B9J08_00755	2842.90251711807	2812.89017117792	2947.95562959671	3200.02964127791
B9J08_00754	1083.05836962722	1234.54624179475	1210.78736315637	1202.71722924502
B9J08_00753	1098.14274803429	1185.43228642498	1107.29175215127	1081.64369483435
B9J08_00752	502.812613568813	447.606729619978	430.675284505069	462.64522751625
B9J08_00751	259.451308601507	296.916184735447	382.822475115617	303.084741769744
B9J08_00750	696.898282406375	702.106316536076	603.167969513559	620.602090290428
B9J08_00749	419.34571971639	358.308628947664	317.163969209159	319.922782979174
B9J08_00748	1416.92594503691	1573.87902434955	672.165043516955	604.565860567161
B9J08_00747	6555.67085571018	6518.76134907899	6697.16760245866	6901.99327289407
B9J08_00746	3153.64071230359	3304.02972487565	2685.32160597088	2607.49095300319
B9J08_00745	1357.59405663579	1480.11601864362	317.163969209159	307.093799200561
B9J08_00744	4948.68174274426	4852.23554528191	5430.73743768665	5380.9568836422
B9J08_00743	10.0562522713763	8.92981006723149	15.5799844523797	20.0452871540836
B9J08_00742	489.739485616024	475.512386080077	468.512389603705	469.86153089172
B9J08_00741	2405.4555433132	2841.91205389642	1599.17411843355	1543.48711086444
B9J08_00740	2043.43046154366	1953.39595220689	1920.78951177196	1879.44612356688
B9J08_00739	0	0	0	0
B9J08_00738	3006.8194291415	2991.48637252255	2833.33145826849	2734.177167817
B9J08_00737	356.996955633857	340.449008813201	415.095300052689	381.662267413752
B9J08_00736	3277.33261524152	3455.83649601859	2877.845699561	3067.73074606095
B9J08_00735	5805.47443626551	5744.10032574666	4857.61658104554	4608.01061098074
B9J08_00734	1869.45729724885	1752.47522569418	1904.09667128727	2057.44827349514
B9J08_00733	1584.8653579689	1588.3899657088	1679.29975276007	1610.83927570216
B9J08_00732	4.0225009085505	3.34867877521181	7.78999222618987	4.00905743081672
B9J08_00731	172.967539067672	171.898843794206	185.846957396244	197.245625596183
B9J08_00730	619.465139916778	650.759908649495	607.61939364281	613.385786914958
B9J08_00729	3488.51391294042	3787.35569476456	2895.65139607801	2896.94489950816
B9J08_00728	1276.13841323765	1839.54087384969	580.910848867302	548.439056535727
B9J08_00727	218.220674288865	255.615813174501	212.555502171752	182.011207359079
B9J08_00726	1028.75460736179	1090.55305446065	1024.94040576012	963.777406368339
B9J08_00725	2.01125045427525	1.11622625840394	0	1.60362297232669
B9J08_00724	1194.6827698395	1393.05037048811	1552.43416507641	1438.44980617704
B9J08_00723	22.1237549970278	26.7894302016945	51.1913774863906	30.4688364742071
B9J08_00722	1645.20287159716	1721.22089045887	1941.9337763859	1968.44719853101
B9J08_00721	1351.56030527297	1442.16432585789	1379.94148006792	1298.93460758462
B9J08_00720	1719.61913840534	1685.50165018994	1795.03678012061	1812.89577021532
B9J08_00719	4470.00413462675	4626.75784108432	4553.80688422414	4590.37075828514
B9J08_00718	918.135832376653	933.165152025691	776.773510554362	692.765124045129
B9J08_00717	546.054498335731	587.13501192047	505.236638670029	457.032547113106
B9J08_00716	749.190794217531	723.314615445751	831.303456137691	783.369821981587
B9J08_00715	4635.93229710446	4780.79706474406	3817.09619083304	3972.17410245321
B9J08_00714	117362.497758324	119341.330417257	126943.487605926	131777.717750946
B9J08_00713	3820.37023789584	3705.87117790107	3917.25323374119	3889.58751937838
B9J08_00712	927.186459420891	889.632327947937	915.880514593467	979.813636091606
B9J08_00711	7356.14853651173	7316.8631238378	4787.50665100983	4745.12037511467
B9J08_00710	4848.11922003049	5066.55098689547	5246.00333632272	5003.30367365927
B9J08_00709	1432.01032344398	1601.78468080965	1434.47142565125	1508.20740547325
B9J08_00708	523.930743338703	590.483690695682	518.590911057783	533.204638298624
B9J08_00707	1399.83031617558	1562.71676176551	1168.49883392848	1144.98680224126
B9J08_00706	1469.21845684807	1496.85941251968	3298.50527977526	3349.96838919045
B9J08_00705	4848.11922003049	4844.42196147308	5062.3820909911	4930.3388284184
B9J08_00704	2339.08427832212	2330.68042754742	2577.37457083654	2512.07538614976
B9J08_00703	3892.77525424975	3919.07039325622	3526.64076639939	3268.18361760179
B9J08_00702	711.982660813439	742.290461838618	556.42801615642	504.339424796743
B9J08_00701	4577.60603393047	4713.82348923982	4569.38686867652	4696.20987445871
B9J08_00700	956.349591007882	927.584020733671	1012.69898940468	979.813636091606
B9J08_00699	387.165712447986	575.972749336431	31.1599689047595	40.8923857943305
B9J08_00698	397.221964719362	396.260321733397	441.803844828197	461.041604543923
B9J08_00697	3540.80642475158	3558.52931179175	3848.2561597378	3712.38718093628
B9J08_00696	532.981370382942	546.950866617929	620.973666030564	631.025639610552
B9J08_00695	1800.06915657635	1794.89182351353	1651.47835195225	1519.43276627954
B9J08_00694	1540.61784797484	1682.15297141473	1545.75702888253	1641.30811217637
B9J08_00693	7534.14420171509	8258.95808593072	7141.19715935149	6870.72262493369
B9J08_00692	950.315839645056	939.862509576114	1299.8158457414	1360.67409201919
B9J08_00691	824.612686252853	802.56667979243	866.914849171702	1040.75130904002
B9J08_00690	284.591939279948	285.753922151408	490.769510249962	639.845565958349
B9J08_00689	873.888322382597	1033.62551528204	539.735175671727	497.123121421273
B9J08_00688	2310.92677196226	2425.55965951175	1918.56379970733	1941.18560800146
B9J08_00687	1289.21154119044	1195.47832275062	1269.76873286895	1235.59150017771
B9J08_00686	1006.63085236476	1013.53344263077	1018.26326956625	956.561102992869
B9J08_00685	17770.403388749	17857.3876819462	18446.7015916176	18532.2688796934
B9J08_00684	293.642566324187	312.543352353102	107.947035134345	109.848173604378
B9J08_00683	722.038913084815	771.31234455712	568.669432511861	603.764049080998
B9J08_00682	8563.90443430402	8218.77394062818	8275.19745627827	8498.39994184528
B9J08_00681	2490.9336876199	2513.74153392566	2246.85632923962	2285.16273556553
B9J08_00680	662.707024683696	693.176506468844	713.34071671253	676.728894321862
B9J08_00679	3864.6177478899	4205.94054166603	3874.96470451331	3960.94874164692
B9J08_00678	24716.2568325886	23778.9679827791	21661.7426689694	21857.3811128128
B9J08_00677	5348.92058314503	5590.06110208691	5160.31342183463	4849.3558683159
B9J08_00676	982.49584691346	917.537984408036	758.967814037356	738.46837875644
B9J08_00675	3081.23569594969	3181.24483645122	3226.16963767492	3121.4521156339
B9J08_00674	615.442639008227	607.227084571741	752.290677843479	752.90098550738
B9J08_00673	74.4162668081843	78.1358380882755	92.3670506819656	101.028247256581
B9J08_00672	134906.635470967	132648.979869949	133092.017184454	135013.828909101
B9J08_00671	4.0225009085505	2.23245251680787	4.45142412925136	1.60362297232669
B9J08_00670	855.78706829412	833.82101502774	988.216156693801	875.578142890372
B9J08_00669	343.923827681068	377.28447534053	339.421089855416	401.707554567835
B9J08_00668	4222.62032875089	4392.35032681949	4114.22875146057	3876.75853559977
B9J08_00667	1924.76668474142	1745.77786814376	1886.29097477026	1744.74179389144
B9J08_00666	1464.19033071238	1730.1507005261	883.607689656394	817.847715886611
B9J08_00665	2104.77360039905	2056.08876798005	2009.81799435699	1953.21278029391
B9J08_00664	1631.12411841723	1504.67299632851	1503.46849965465	1426.42263388459
B9J08_00663	5365.01058677923	5279.75020225062	4846.48802072241	4615.22691435621
B9J08_00662	761.258296943183	913.07307937442	953.717619692103	906.848790850742
B9J08_00661	3923.94963629102	4084.2718795	4099.7616230405	3878.36215857209
B9J08_00660	695.892657179237	667.503302525554	724.469277035658	634.232885555205
B9J08_00659	451.525726984794	449.839182136786	544.186599800978	494.717686962783
B9J08_00658	1869.45729724885	1866.33030405138	1845.11530157469	1734.31824457131
B9J08_00657	1152.44651029972	1192.1296439754	1093.93747976352	1119.32883468403
B9J08_00656	4296.03097033194	4414.67485198757	4115.34160749288	4033.11177540162
B9J08_00655	1777.94540157932	1928.838974522	1973.09374529066	1952.41096880774
B9J08_00654	1692.46725727262	1683.26919767314	1673.73547259851	1648.52441555184
B9J08_00653	3057.10069049838	3374.3519791551	2953.51990975827	2670.03224892394
B9J08_00652	1017.69272986328	1017.99834766439	1117.30745644209	1094.47267861296
B9J08_00651	1820.1816611191	1936.65255833083	2081.04078042501	2019.76313364546
B9J08_00650	3375.88388750101	3606.52704090312	3393.09804252185	3077.35248389491
B9J08_00649	451.525726984794	631.784062256628	751.177821811166	679.134328780352
B9J08_00648	6890.54405634701	7336.95519648907	7531.80962669329	7217.10518695626
B9J08_00647	2155.05486175593	2176.64120388768	2313.62769117839	2299.59534231647
B9J08_00646	861.820819656945	755.685176939465	658.810771129201	712.00859971305
B9J08_00645	7139.93911267714	6997.62241393428	6875.22456762872	6815.39763238842
B9J08_00644	439.458224259143	469.931254788057	545.299455833291	533.204638298624
B9J08_00643	1207.75589779229	1240.12737308677	1123.98459263597	1156.21216304754
B9J08_00642	1049.87273713168	1071.57720806778	1086.14748753733	954.155668534379
B9J08_00641	499.7957378874	559.229355460372	612.070817772061	562.871663286668
B9J08_00640	168.945038159121	204.26940528792	387.273899244868	343.175316077911
B9J08_00639	5724.01879286737	5787.63314982441	5588.76299427508	5882.89087398045
B9J08_00638	3823.38711357725	3979.34661121003	3429.82229158817	3375.62635674768
B9J08_00637	14846.0452282328	14683.9564293038	15572.1944601536	15321.8156890953
B9J08_00636	1838.28291520758	1937.76878458923	1850.67958173625	1701.44397363862
B9J08_00635	2393.38804058755	2345.19136890667	2399.31760566648	2367.74931864035
B9J08_00634	1344.52092868301	1454.44281470033	1278.67158112745	1362.27771499152
B9J08_00633	207.158796790351	178.59620134463	243.715471076512	226.110839098063
B9J08_00632	484.711359480336	529.091246483466	528.606615348599	520.37565452001
B9J08_00631	115087.773494538	118488.533555836	104222.305994194	107039.427968348
B9J08_00630	2200.30799697713	2202.31440783097	1995.35086593692	1987.69067419893
B9J08_00629	23936.8972815569	23703.0645972076	24783.3038396069	24504.160828638
B9J08_00628	5702.90066309748	5657.03467759115	4826.45661214078	4628.05589813482
B9J08_00627	2289.80864219237	2449.00041093824	2305.8376989522	2165.69282412719
B9J08_00626	3896.7977551583	3887.81605802091	3814.87047876841	4058.76974295885
B9J08_00625	2528.14182102399	2724.70829676401	2516.16748905933	2554.57139491641
B9J08_00624	1348.54342959156	1328.30924750068	1344.33008703391	1403.97191227202
B9J08_00623	2450.70867853439	2428.90833828697	1959.73947290291	1810.49033575683
B9J08_00622	13065.082950972	13160.3075865824	11314.4072805246	11842.7556506326
B9J08_00621	587.285132648374	709.919900344903	73.4484981326474	81.7847715886611
B9J08_00620	18638.2579597688	18907.7565911043	8817.15834401462	8067.0253622894
B9J08_00619	708.965785132026	725.547067962559	626.537946192128	638.241942986022
B9J08_00618	12127.8402392798	12373.3680744076	13217.3910957796	12953.2645589688
B9J08_00617	1417.93157026405	1518.06771142935	1452.27712216825	1350.25054269907
B9J08_00616	366.047582678096	401.841453025417	339.421089855416	376.049587010608
B9J08_00615	1068.9796164473	1135.2021047968	971.523316209109	1039.14768606769
B9J08_00614	5838.66006876106	6071.15461945901	5903.70125141961	5761.01552808363
B9J08_00613	1268.09341142055	1310.44962736622	1381.05433610023	1501.79291358394
B9J08_00612	34512.0521701362	31280.0084392535	18073.8948207928	18331.0141966664
B9J08_00611	141.793157026405	171.898843794206	338.308233823103	299.075684338927
B9J08_00610	2580.43433283515	2521.55511773449	2669.7416215185	2643.57246988055
B9J08_00609	2299.86489446375	2379.79438291719	2234.61491288418	2094.33160185865
B9J08_00608	11239.8731637172	11206.9116343755	10642.2422370077	9981.75119124747
B9J08_00607	957.35521623502	976.697976103444	914.767658561154	980.61544757777
B9J08_00606	165.928162477708	140.644508558896	180.28267723468	193.236568165366
B9J08_00605	20600.2327779143	19609.8629076404	21213.2616879473	20630.6095389828
B9J08_00604	1688.44475636407	1686.61787644835	1677.07404069545	1621.26282502228
B9J08_00603	1783.97915294215	1812.75144364799	1859.58242999475	1792.85048306124
B9J08_00602	917.130207149515	876.23761284709	903.639098238025	869.965462487228
B9J08_00601	7582.4142126177	7586.98987837155	6845.17745475627	6634.18823651551
B9J08_00600	2622.67059237493	2433.37324332058	2547.32745796409	2573.01305909817
B9J08_00599	2382.32616308904	2397.65400305166	2646.37164483993	2544.94965708245
B9J08_00598	3616.2283167869	3801.86663612381	4248.88433137042	4175.03240845253
B9J08_00597	2565.34995442808	2632.06151731648	2403.76902979573	2344.49678554162
B9J08_00596	209.170047244626	235.523740523231	267.085447755081	320.724594465338
B9J08_00595	1543.63472365626	1579.46015564157	1484.54994710533	1499.38747912545
B9J08_00594	5038.18238795951	5122.36229981566	5421.83458942815	6259.74227247723
B9J08_00593	2045.44171199793	2079.52951940653	1833.98674125156	2004.52871540836
B9J08_00592	1394.80219003989	1289.24132845655	1499.01707552539	1491.36936426382
B9J08_00591	2757.42437281137	2718.01093921358	2787.70436094366	2706.91557728745
B9J08_00590	1940.85668837562	2031.53179029516	1637.01122353219	1770.39976144866
B9J08_00589	2410.48366944889	2367.51589407475	2201.2292319148	2184.93629979511
B9J08_00588	7163.06849290131	7747.72645958172	2932.37564514433	3062.91987714397
B9J08_00587	499.7957378874	501.185590023367	517.47805502547	505.94304776907
B9J08_00586	1721.63038885962	1759.1725832446	1741.61969056959	1760.7780236147
B9J08_00585	1731.68664113099	1783.72956092949	1905.20952731958	2050.23197011967
B9J08_00584	1152.44651029972	1215.57039540189	1118.4203124744	1117.7252117117
B9J08_00583	2092.7060976734	2120.82989096748	2047.65509945562	1854.58996749581
B9J08_00582	1724.64726454103	1809.40276487278	1777.2310836036	1710.26389998641
B9J08_00581	897.017702606762	843.867051353376	883.607689656394	841.100248985348
B9J08_00580	1782.97352771501	1782.61333467109	1852.90529380088	1780.82331076879
B9J08_00579	785.393302394486	801.450453534026	715.566428777155	699.179615934436
B9J08_00578	23290.2802605074	21965.1003128727	18206.324688638	17675.1324009848
B9J08_00577	68778.7317848508	66858.6041996206	60162.1099628644	57644.6331747413
B9J08_00576	420.351344943528	453.187860911998	425.111004343505	428.969145097389
B9J08_00575	0	0	0	0
B9J08_00574	1113.22712644135	1090.55305446065	878.04340949483	894.821618558292
B9J08_00573	12372.2071694742	12320.9054402626	12383.8619275773	12456.9432490337
B9J08_00572	876.90519806401	895.213459239957	862.46342504245	859.541913167105
B9J08_00571	14928.5064968581	14658.2832253605	10571.0194509397	10275.2141951833
B9J08_00570	1621.06786614585	1645.3175048874	1522.38705220396	1488.16211831917
B9J08_00569	4440.84100303976	4997.34495887442	3880.52898467487	3728.42341065955
B9J08_00568	900.034578288175	872.888934071878	871.366273300953	764.126346313667
B9J08_00567	1603.97223728451	1542.62468911424	1602.51268653049	1557.91971761538
B9J08_00566	1242.95278074211	1317.14698491664	1324.29867845228	1370.29582985315
B9J08_00565	2228.46550333698	2196.73327653895	2427.1390064743	2391.00185173909
B9J08_00564	530.970119928666	533.556151517082	589.813697125805	542.826376132584
B9J08_00563	212.186922926039	196.455821479093	149.12270832992	163.569543177322
B9J08_00562	1333.45905118449	1446.6292308915	755.629245940418	691.963312558966
B9J08_00561	1039.81648486031	1139.66700983042	1001.57042908156	959.768348937523
B9J08_00560	2991.73505073444	3057.34372176838	3083.72406553888	3230.49847775211
B9J08_00559	5.02812613568813	7.81358380882755	3.33856809693852	10.4235493201235
B9J08_00558	6354.54581028266	6494.2043713941	6167.44813107775	5797.09704496098
B9J08_00557	1522.51659388637	1415.37489565619	1539.07989268866	1598.81210340971
B9J08_00556	2192.26299516002	2162.13026252842	2122.21645362058	2176.11637344732
B9J08_00555	1556.70785160904	1438.81564708267	1483.43709107301	1366.28677242234
B9J08_00554	14.0787531799268	14.5109413592512	16.6928404846926	23.252533098737
B9J08_00553	434.430098123454	454.304087170402	116.849883392848	113.857231035195
B9J08_00552	1923.76105951428	2205.66308660618	1858.46957396244	1731.91281011282
B9J08_00551	948.304589190781	1257.98699322124	540.84803170404	495.519498448947
B9J08_00550	99334.6543114276	131676.746798879	29422.8006383192	23000.7642920817
B9J08_00549	2701.10936009166	2784.98451471782	3819.32190289766	3960.94874164692
B9J08_00548	10769.2405574168	10809.5350863837	14043.1302717557	13796.7702424127
B9J08_00547	332.861950182554	310.310899836294	239.26404694726	204.461928971653
B9J08_00546	1612.01723910161	1752.47522569418	1239.7216199965	1355.06141161605
B9J08_00545	647.622646276631	612.808215863761	648.795066838385	627.016582179735
B9J08_00544	109.613149758001	117.203757132413	113.51131529591	125.884403327645
B9J08_00543	1259.04278437631	1253.52208818762	1138.45172105603	1127.34694954566
B9J08_00542	786.398927621623	865.075350263051	1009.36042130775	1001.46254621802
B9J08_00541	1964.99169382692	1883.07369792744	2121.10359758827	2143.24210251462
B9J08_00540	1228.87402756218	1275.8466133557	1356.57150338935	1354.25960012989
B9J08_00539	4351.34035782451	4224.9163880589	4089.74591874968	4459.67548604052
B9J08_00538	361.019456542408	371.703344048511	462.948109442141	426.563710638899
B9J08_00537	8565.9156847583	8274.58525354838	14848.8380391502	15418.0330674349
B9J08_00536	329.845074501141	341.565235071604	411.75673195575	453.023489682289
B9J08_00535	1991.1379497325	1973.48802485816	2048.76795548794	1901.09503369329
B9J08_00534	851.764567385569	896.329685498361	861.350569010137	946.939365158909
B9J08_00533	2274.72426378531	2168.82762007885	2417.12330218349	2553.76958343025
B9J08_00532	1378.71218640569	1401.98018055534	1480.09852297608	1477.73856899904
B9J08_00531	476.666357663235	429.747109485515	516.365198993157	568.484343689811
B9J08_00530	1272.1159123291	1371.84207157844	1423.34286532812	1480.9458149437
B9J08_00529	1981.08169746112	2145.38686865237	7507.32679398241	7921.09567180768
B9J08_00528	1057.91773894878	954.373450935366	1274.2201569982	1382.32300214561
B9J08_00527	3500.58141566608	3448.02291220976	3642.37779375992	4030.70634094313
B9J08_00526	2564.34432920095	2701.26754533753	1431.13285755431	1424.0171994261
B9J08_00525	3701.7064610936	3852.09681775198	3901.67324928881	3993.02120109345
B9J08_00524	5540.99500152832	5686.05656030965	5535.34590472406	5874.87275911882
B9J08_00523	2001.19420200388	2393.18909801804	77.8999222618987	60.1358614622508
B9J08_00522	291.631315869912	294.683732218639	235.925478850322	218.09272423643
B9J08_00521	3102.35382571958	2755.96263199932	3089.28834570044	3402.88794727723
B9J08_00520	14.0787531799268	13.3947151008472	566.443720447235	521.177466006174
B9J08_00519	63.3543893096704	92.6467794475267	75.6742101972731	81.7847715886611
B9J08_00518	0	0	0	0
B9J08_00517	789.415803303036	829.356109994125	990.441868758427	906.046979364579
B9J08_00516	513.874491067327	463.233897237634	495.220934379213	473.068776836373
B9J08_00515	5.02812613568813	3.34867877521181	13.3542723877541	16.0362297232669
B9J08_00514	2226.4542528827	2334.02910632263	3968.44461122758	3902.416503157
B9J08_00513	298.670692459875	332.635425004373	401.741027664935	388.878570789222
B9J08_00512	20098.4257895726	18037.1001095492	20922.8062635137	21858.1829242989
B9J08_00511	3702.71208632074	3684.66287899139	3602.31497659666	3883.17302748908
B9J08_00510	2209.35862402136	2159.89781001162	2155.60213458997	2270.73012881459
B9J08_00509	3940.03963992522	3770.6123008885	3783.71050986365	3744.45964038282
B9J08_00508	841.708315114193	736.709330546598	624.312234127503	714.414034171539
B9J08_00507	210.175672471764	233.291288006423	171.379828976177	198.849248568509
B9J08_00506	675.780152636485	677.549338851189	852.447720751635	888.407126668985
B9J08_00505	266.490685191471	287.986374668216	307.148264918344	327.940897840808
B9J08_00504	1138.36775711979	1168.68889254892	1181.85310631623	1154.60854007522
B9J08_00503	364.036332223821	391.795416699782	240.376902979573	227.71446207039
B9J08_00502	533.986995610079	511.231626349003	497.446646443839	486.69957210115
B9J08_00501	925.175208966616	930.932699508883	1076.13178324652	1105.69803941925
B9J08_00500	5.02812613568813	6.69735755042362	7.78999222618987	12.8289837786135
B9J08_00499	4800.85483435503	4750.65895576715	4980.03074459996	4902.27542640269
B9J08_00498	3629.30144473969	3629.9677923296	2998.03415105079	2944.2517771918
B9J08_00497	1123.28337871273	1136.31833105521	1061.66465482645	1022.30964485826
B9J08_00496	1839.28854043472	1932.18765329721	2111.08789329746	2035.79936336873
B9J08_00495	1268.09341142055	1340.58773634313	1431.13285755431	1431.23350280157
B9J08_00494	3530.7501724802	3554.06440675813	3486.57794923612	3735.63971403502
B9J08_00493	563.150127197071	616.156894638973	525.26804725166	508.34848222756
B9J08_00492	11863.3608045426	11827.5334340481	9902.19297551964	10045.0942986544
B9J08_00491	1025.73773168038	1169.80511880733	813.497759620685	744.882870645747
B9J08_00490	394.205089037949	502.301816281771	25.5956887431953	40.8923857943305
B9J08_00489	6009.61635737445	5569.96902943564	6966.47876227837	7219.51062141475
B9J08_00488	118.66377680224	139.528282300492	688.857884001647	793.793371301711
B9J08_00487	4168.31656648546	5277.51774973381	2293.59628259676	2080.70080659388
B9J08_00486	122.68627771079	123.901114682837	165.815548814613	145.127878995565
B9J08_00485	1.00562522713763	1.11622625840394	0	2.40543445849003
B9J08_00484	62.3487640825328	95.9954582227385	81.2384903588373	76.1720911855177
B9J08_00483	549.071374017144	543.602187842717	583.136560931928	576.502458551444
B9J08_00482	1788.0016538507	1717.87221168366	1727.15256214953	1615.65014461914
B9J08_00481	621.476390371053	748.987819389041	619.860809998251	616.593032859612
B9J08_00480	637.566394005255	713.268579120115	751.177821811166	748.891928076563
B9J08_00479	171.961913840534	150.690544884531	233.699766785696	232.52533098737
B9J08_00478	1876.49667383881	1991.34764499262	2144.47357426684	2314.02794906741
B9J08_00477	3366.83326045677	3345.3300964366	3071.48264918344	3255.35463382318
B9J08_00476	237.32755360448	207.618084063132	219.232638365629	218.09272423643
B9J08_00475	6968.98282406375	6344.63005276797	6769.503244559	7901.05038465359
B9J08_00474	686.842030134998	686.479148918421	653.246490967637	687.954255128149
B9J08_00473	303.698818595563	328.170519970757	204.765509945562	239.74163436284
B9J08_00472	583.262631739823	565.926713010796	447.368124989761	496.32130993511
B9J08_00471	2656.86185009761	2659.96717377658	2795.49435316985	3108.62313185528
B9J08_00470	6273.09016688451	5597.87468589574	5566.50587362882	5318.41558772146
B9J08_00469	1047.86148667741	934.281378284095	840.206304396193	970.191898257646
B9J08_00468	12180.1327510909	11642.2398751531	10660.0479335247	10362.6116471751
B9J08_00467	22.1237549970278	25.6732039432905	15.5799844523797	23.252533098737
B9J08_00466	1008.64210281904	1021.3470264396	1065.00322292339	1048.76942390165
B9J08_00465	2403.44429285893	2411.0487181525	2343.67480405084	2345.29859702778
B9J08_00464	3234.09073047461	2987.02146748893	3314.08526422763	3115.03762374459
B9J08_00463	697.903907633512	734.47687802979	657.697915096888	624.611147721245
B9J08_00462	1851.35604316037	1634.15524230336	1625.88266320906	1614.04652164681
B9J08_00461	88333.1143265419	85039.6974965039	75764.3515358904	72902.3039449436
B9J08_00460	11851.2933018169	11347.5561429344	11283.2473116199	10817.2387598297
B9J08_00459	2501.99556511841	2325.0992962554	2385.96333327873	2350.91127743092
B9J08_00458	1130.32275530269	1092.78550697745	1155.14456154073	1068.01289956957
B9J08_00457	476.666357663235	414.11994186786	458.49668531289	495.519498448947
B9J08_00456	1282.17216460047	1209.98926410987	1335.42723877541	1479.34219197137
B9J08_00455	3417.11452181365	3299.56481984204	3220.60535751336	3746.86507484131
B9J08_00454	2327.01677559647	2197.84950279735	2373.72191692329	2461.56126252147
B9J08_00453	1440.05532526108	1846.23823140011	36.7242490663237	42.4960087666572
B9J08_00452	1456.14532889528	1490.16205496925	1056.10037466488	1030.3277597199
B9J08_00451	3.01687568141288	1.11622625840394	6.67713619387703	8.01811486163344
B9J08_00450	1509.44346593358	1444.39677837469	1584.70699001348	1543.48711086444
B9J08_00449	1348.54342959156	1304.8684960742	1225.25449157644	1194.69911438338
B9J08_00448	1946.89043973844	1743.54541562695	530.832327413224	548.439056535727
B9J08_00447	117.658151575102	104.92526828997	137.994148006792	174.794903983609
B9J08_00446	6.03375136282576	5.58113129201968	7.78999222618987	1.60362297232669
B9J08_00445	1950.91294064699	2099.6215920578	1394.40860848799	1506.60378250092
B9J08_00444	1456.14532889528	1447.74545714991	1678.18689672776	1606.02840678518
B9J08_00443	8396.97064659918	8014.50453534026	8084.89907475278	7572.30767532662
B9J08_00442	40.225009085505	45.7652765945614	56.7556576479548	65.7485418653942
B9J08_00441	5.02812613568813	10.0460363256354	127.978443715976	133.902518189278
B9J08_00440	1378.71218640569	1569.41411931593	1313.17011812915	1344.63786229593
B9J08_00439	1125.294629167	1195.47832275062	1246.39875619038	1221.96070491294
B9J08_00438	672.763276955072	656.341039941515	692.196452098586	700.783238906763
B9J08_00437	1314.35217186888	1328.30924750068	1388.84432832642	1417.60270753679
B9J08_00436	4448.88600485686	5009.62344771687	5738.99855863731	5746.58292133269
B9J08_00435	2050.46983813362	2219.05780170703	2022.05941071243	2012.54683026999
B9J08_00434	50790.1077218129	50490.2623463853	50604.9023573617	50738.6308444164
B9J08_00433	1363.62780799862	1451.09413592512	1249.73732428732	1183.4737535771
B9J08_00432	5072.37364568219	4367.7933491346	6438.98500296209	7289.26822071096
B9J08_00431	5.02812613568813	11.1622625840394	7.78999222618987	12.0271722924502
B9J08_00430	872.882697155459	779.125928365948	849.109152654696	880.389011807352
B9J08_00429	1136.35650666552	1138.55078357202	1131.77458486216	998.255300273363
B9J08_00428	30210.9930736686	31062.3443188647	24480.6069988178	24068.7771916513
B9J08_00427	5310.7068245138	5175.94116021905	5294.96900174449	5194.13480736614
B9J08_00426	2.01125045427525	0	1.11285603231284	0
B9J08_00425	2826.81251348387	2969.16184735447	2671.96733358313	2854.4488907415
B9J08_00424	385.154461993711	319.240709903526	344.98537001698	349.589807967218
B9J08_00423	5.02812613568813	5.58113129201968	0	1.60362297232669
B9J08_00422	16.090003634202	11.1622625840394	33.3856809693852	24.0543445849003
B9J08_00421	3489.51953816756	3471.46366363624	3534.43075862558	3410.90606213887
B9J08_00420	4403.63286963566	4132.26960861137	3961.76747503371	4031.50815242929
B9J08_00419	3736.90334404342	3688.01155776661	3923.93036993507	3546.41220330047
B9J08_00418	1652.24224818712	1813.8676699064	1830.64817315462	1682.2004979707
B9J08_00417	0	0	1.11285603231284	0.801811486163344
B9J08_00416	1301.27904391609	1436.58319456587	1778.34393963592	1852.98634452349
B9J08_00415	1734.7035168124	1550.43827292307	1616.97981495056	1635.69543177322
B9J08_00414	3132.5225825337	3109.80635591337	3325.21382455076	3169.5608048037
B9J08_00413	2420.53992172027	2786.10074097623	2684.20874993857	2761.43875834656
B9J08_00412	692.875781497824	733.360651771386	665.487907323078	647.061869333819
B9J08_00411	1996.16607586819	1965.67444104933	1821.74532489612	1753.56172023923
B9J08_00410	1798.05790612208	1964.55821479093	102.382754972781	162.767731691159
B9J08_00409	2680.99685554891	2572.90152562107	2778.80151268516	2770.25868469435
B9J08_00408	1805.09728271204	1770.33484582864	2067.68650803725	1998.11422351905
B9J08_00407	1071.99649212871	1093.90173323586	929.234786981221	856.334667222451
B9J08_00406	348.951953816756	299.148637252255	333.856809693852	329.544520813134
B9J08_00405	2091.70047244626	1962.32576227412	2213.47064827024	2175.31456196115
B9J08_00404	1301.27904391609	1396.39904926332	1506.80706775158	1454.48603590031
B9J08_00403	2341.09552877639	2350.77250019869	2222.37349652874	2283.5591125932
B9J08_00402	124.697528165066	178.59620134463	90.14133861734	78.5775256440077
B9J08_00401	3668.52082859806	3732.66060810276	3302.95670390451	3209.65137911187
B9J08_00400	8518.65129908283	9300.3971850216	3069.25693711881	3029.24379472511
B9J08_00399	1351.56030527297	1419.83980068981	1643.68835972606	1496.1802331808
B9J08_00398	8807.26573927133	8901.90441077139	7797.78221841606	7889.8250238473
B9J08_00397	6414.88332391092	6304.44590746543	6352.18223244169	6235.68792789233
B9J08_00396	1612.01723910161	1631.92278978655	1523.49990823628	1577.96500476946
B9J08_00395	1529.55597047633	1673.2231613475	1453.38997820057	1457.69328184496
B9J08_00394	10344.8667115648	10430.0181585264	9485.98481943464	9030.00095717158
B9J08_00393	1118.25525257704	1284.77642342293	1172.95025805773	1082.44550632051
B9J08_00392	72936.9920990649	70681.6791346541	63596.3836785818	60552.8034350557
B9J08_00391	2829.82938916528	2942.37241715278	2778.80151268516	2726.15905295537
B9J08_00390	399.233215173637	428.630883227111	435.12670863432	447.410809279146
B9J08_00389	49.2756361297437	45.7652765945614	150.235564362233	133.902518189278
B9J08_00388	2504.00681557269	2655.50226874296	1018.26326956625	995.04805432871
B9J08_00387	49279.6586306522	48010.0076002117	44698.9753938775	42779.8500327591
B9J08_00386	3596.11581224415	3599.82968335269	3427.59657952354	3459.81656279483
B9J08_00385	8394.9593961449	7601.50081973081	7912.40638974429	8014.90761568879
B9J08_00384	75.4218920353219	85.9494218971031	111.285603231284	105.839116173561
B9J08_00383	3810.31398562446	3736.00928687797	4057.47309381261	3781.34296874633
B9J08_00382	3198.89384752479	3068.50598435242	3315.19812025995	3212.85862505652
B9J08_00381	2282.76926560241	2279.33401966084	2253.5334654335	2083.90805253853
B9J08_00380	29215.4240988023	28290.7545192478	33106.3541052747	32310.5974579243
B9J08_00379	1892.58667747301	1991.34764499262	1941.9337763859	1866.61713978826
B9J08_00378	2285.78614128382	2182.2223351797	1664.83262434001	1788.84142563042
B9J08_00377	13945.0050247175	13696.0961906163	10561.0037466488	10289.6468019342
B9J08_00376	311.743820412664	319.240709903526	499.672358508465	445.807186306819
B9J08_00375	5605.35501606513	5643.6399624903	5786.85136802676	5880.48543952197
B9J08_00374	481.694483798923	523.510115191446	558.653728221045	453.825301168453
B9J08_00373	3999.37152832634	3953.67340726674	4214.38579436872	4006.65199635823
B9J08_00372	11570.7238634455	11823.0685290145	10297.2568669907	10809.220644968
B9J08_00371	7657.83610465302	7484.29706259839	7861.2150122579	7722.24642323917
B9J08_00370	1538.60659752057	1547.08959414786	1572.46557365804	1667.76789121976
B9J08_00369	26309.1671923746	24940.9595177776	22546.4632146581	24146.5529058091
B9J08_00368	262.46818428292	275.707885825772	334.969665726165	315.111914062194
B9J08_00367	2920.33565960767	3029.43806530828	3022.51698376167	3005.18945014021
B9J08_00366	847.742066477019	859.494218971031	715.566428777155	803.415109135671
B9J08_00365	900.034578288175	957.722129710577	973.749028273734	973.3991442023
B9J08_00364	81.4556433981477	104.92526828997	168.041260879239	136.307952647768
B9J08_00363	10744.0999267384	10935.6686535834	10572.132306972	10632.8221180121
B9J08_00362	344.929452908206	369.470891531703	337.19537779079	356.806111342688
B9J08_00361	9525.28215144759	9246.81832461821	10310.6111393785	10083.5812499902
B9J08_00360	5633.51252242498	5965.11312491064	5930.40979619512	5736.15937201256
B9J08_00359	599.352635374025	743.406688097022	1233.04448380263	1179.46469614628
B9J08_00358	805.505806937238	839.40214631976	837.980592331568	783.369821981587
B9J08_00357	5786.3675569499	6074.50329823422	5542.02304091794	5113.15184726364
B9J08_00356	5.02812613568813	3.34867877521181	1.11285603231284	2.40543445849003
B9J08_00355	22628.5788610509	22436.1477939191	18402.1873503251	17816.2512225495
B9J08_00354	478.67760811751	577.088975594835	479.640949926834	382.464078899915
B9J08_00353	908.079580105276	1005.71985882195	753.403533875792	741.675624701093
B9J08_00352	1216.80652483653	1169.80511880733	1334.31438274309	1337.42155892046
B9J08_00351	2646.80559782623	3334.16783385256	3207.2510851256	2747.80796308178
B9J08_00350	4031.55153559474	4015.06585147896	4119.79303162213	4019.48098013684
B9J08_00349	1256.02590869489	1196.59454900902	1241.94733206113	1201.11360627269
B9J08_00348	21918.6074506917	21177.0445744395	21263.3402094014	21292.9058265538
B9J08_00347	12502.9384490021	12200.353004355	12298.1720130892	12060.0465633829
B9J08_00346	948.304589190781	968.884392294617	1155.14456154073	1056.78753876329
B9J08_00345	27340.9386754178	30389.2598850472	13662.5335087047	12594.0530131676
B9J08_00344	267.496310418609	358.308628947664	383.935331147929	366.427849176648
B9J08_00343	2953.52129210321	3194.63955155207	3097.07833792663	3038.06372107291
B9J08_00342	1092.10899667146	1266.91680328847	1319.84725432303	1204.32085221734
B9J08_00341	13244.0842414025	13075.4743909437	11786.2582382253	11458.6879487603
B9J08_00340	30719.8394386002	31038.9035674383	25745.9243075575	24821.6781771586
B9J08_00339	918.135832376653	1014.64966888918	539.735175671727	547.637245049564
B9J08_00338	2410.48366944889	2388.72419298442	1736.05541040803	1961.23089515554
B9J08_00337	728.072664447641	661.922171233534	609.845105707436	589.331442330058
B9J08_00336	1053.89523804023	1045.90400412449	1269.76873286895	1128.14876103182
B9J08_00335	1208.76152301943	1254.63831444602	1270.88158890126	1113.71615428088
B9J08_00334	1649.22537250571	1697.78013903239	1704.89544150327	1682.2004979707
B9J08_00333	3482.4801615776	3881.11870047049	3104.86833015282	3018.82024540499
B9J08_00332	0	3.34867877521181	0	0.801811486163344
B9J08_00331	1017.69272986328	984.511559912272	1245.28590015807	1177.05926168779
B9J08_00330	58734.5470162002	69482.8521331282	30104.9813861269	28745.743590442
B9J08_00329	3286.38324228576	3552.94818049973	3146.0440033484	2988.35140893078
B9J08_00328	861.820819656945	917.537984408036	899.187674108774	805.018732107997
B9J08_00327	2965.58879482886	3026.08938653307	2851.13715478549	2811.95288197485
B9J08_00326	7041.38784041766	5043.11023546898	8291.89029676296	13010.1931744864
B9J08_00325	1794.03540521352	1822.79747997363	1897.41953509339	1922.7439438197
B9J08_00324	1237.92465460642	1234.54624179475	1117.30745644209	1089.66180969598
B9J08_00323	2560.3218282924	2912.23430817587	2978.00274246916	2808.74563603019
B9J08_00322	477.671982890372	671.96820755917	242.602615044199	192.434756679203
B9J08_00321	88239.5911804181	87868.2148352995	77524.8897790093	73955.082426276
B9J08_00320	17781.4652662475	18434.476657541	18457.8301519407	17780.1697056722
B9J08_00319	5938.21696624768	5622.43166358063	5045.68925050641	4996.88918176996
B9J08_00318	1119.26087780418	1155.29417744807	1187.4173864778	1091.26543266831
B9J08_00317	1623.07911660013	1796.00804977193	988.216156693801	983.02088203626
B9J08_00316	4687.21918368847	4910.27931071892	4648.39964697073	4699.41712040336
B9J08_00315	567.172628105621	629.55160973982	642.117930644508	589.331442330058
B9J08_00314	1205.74464733801	1147.48059363925	1245.28590015807	1109.70709685007
B9J08_00313	7933.37741688873	8088.17546839492	7739.9137047358	7630.03810233038
B9J08_00312	5557.08500516252	5664.84826139998	5484.15452723767	5271.91052152399
B9J08_00311	3901.82588129399	4025.11188780459	4073.05307826499	3784.55021469098
B9J08_00310	935.231461237992	906.375721823996	1022.7146936955	927.695889490989
B9J08_00309	2648.81684828051	2733.63810683124	2285.80629037057	2206.58520992152
B9J08_00308	355.99133040672	365.005986498087	455.158117215951	433.780014014369
B9J08_00307	2057.50921472358	2162.13026252842	2388.18904534335	2228.23412004793
B9J08_00306	1307.31279527891	1320.49566369186	1511.25849188084	1294.12373866764
B9J08_00305	592.313258784062	560.345581718776	528.606615348599	526.790146409317
B9J08_00304	12905.1885398572	13574.4275284503	4720.73528907106	4616.83053732853
B9J08_00303	1254.01465824062	1269.14925580528	1545.75702888253	1499.38747912545
B9J08_00302	5450.48873108593	4957.16081357188	5162.53913389926	5437.8854991598
B9J08_00301	2256.62300969683	2181.10610892129	1829.53531712231	1912.32039449958
B9J08_00300	4083.8440474059	4028.46056657981	3846.03044767317	4162.20342467392
B9J08_00299	943.276463055093	951.024772160154	991.55472479074	961.371971909849
B9J08_00298	2768.48625030988	2847.49318518844	3345.24523313239	3204.84051019489
B9J08_00297	899.028953061038	855.029313937415	905.864810302651	866.758216542575
B9J08_00296	2387.35428922472	2802.84413485228	1257.52731651351	1198.7081718142
B9J08_00295	2163.09986357303	2422.21098073654	2712.03015074639	2679.6539867579
B9J08_00294	4073.78779513452	4270.68166465346	3642.37779375992	3565.65567896839
B9J08_00293	4827.0010902606	4772.98348093523	4295.62428472756	4226.34834356699
B9J08_00292	3706.73458722929	3643.36250743045	4006.28171632622	3827.04622345764
B9J08_00291	5415.29184813612	5642.5237362319	5319.45183445537	5154.84604454414
B9J08_00290	2742.33999440431	2644.34000615893	2350.35194024472	2415.05619632399
B9J08_00289	905.062704423863	951.024772160154	1096.16319182815	1022.30964485826
B9J08_00288	809.528307845789	811.496489859662	715.566428777155	663.899910543249
B9J08_00287	2978.66192278165	2993.71882503936	2822.20289794536	2736.58260227549
B9J08_00286	1386.75718822279	1341.70396260153	1457.84140232982	1574.75775882481
B9J08_00285	8614.1856956609	10021.4793479505	13256.3410569105	12040.8030877149
B9J08_00284	1093.1146218986	1141.89946234723	1355.45864735704	1193.09549141106
B9J08_00283	2815.75063598535	2824.05243376196	2589.61598719198	2544.94965708245
B9J08_00282	409.289467445014	430.863335743919	330.518241596913	382.464078899915
B9J08_00281	1529.55597047633	1476.76733986841	1441.14856184513	1432.03531428773
B9J08_00280	3612.20581587835	3608.75949341993	3890.54468896569	3985.00308623182
B9J08_00279	4728.44981800112	4839.95705643947	4753.00811400814	4630.46133259331
B9J08_00278	1292.22841687185	1292.59000723176	1366.58720768017	1335.81793594813
B9J08_00277	1118.25525257704	1206.64058533466	1189.64309854242	1198.7081718142
B9J08_00276	6817.13341476597	6864.79148918421	7383.79977439569	7379.07110716125
B9J08_00275	2553.28245170243	2559.50681052023	2145.58643029915	2098.34065928947
B9J08_00274	803.494556482963	807.031584826046	846.883440590071	767.33359225832
B9J08_00273	19162.1887031075	17291.4609689354	17673.2666491602	18246.8239906192
B9J08_00272	874.893947609735	927.584020733671	941.476203336662	926.894078004826
B9J08_00271	2026.33483268232	2096.27291328259	2005.36657022774	1990.89792014358
B9J08_00270	1420.94844594547	1532.5786527886	1497.90421949308	1296.52917312613
B9J08_00269	15272.4303245391	15874.9698470208	17319.3784308847	17008.827055983
B9J08_00268	2734.2949925872	2653.26981622616	2745.41583171577	2704.51014282896
B9J08_00267	2603.56371305931	2611.96944466521	2424.91329440968	2371.75837607117
B9J08_00266	2566.35557965522	2296.0774135369	2595.18026735354	2548.15690302711
B9J08_00265	740.140167173293	898.562138015169	921.444794755031	853.929232763961
B9J08_00264	1.00562522713763	1.11622625840394	0	0
B9J08_00263	814.556433981477	946.559867126538	941.476203336662	873.974519918045
B9J08_00262	249.395056330131	229.942609231211	208.104078042501	216.489101264103
B9J08_00261	487.728235161749	527.975020225062	735.597837358787	793.793371301711
B9J08_00260	491.750736070299	498.95313750656	488.543798185336	556.457171397361
B9J08_00259	44.2475099940555	31.2543352353102	57.8685136802676	45.7032547113106
B9J08_00258	5069.35677000077	4945.99855098784	5229.31049583803	5217.38734046488
B9J08_00257	677.79140309076	706.571221569692	1917.45094367502	2002.12328094987
B9J08_00256	1779.9566520336	1929.95520078041	1907.43523938421	1962.83451812787
B9J08_00255	1182.61526711385	1310.44962736622	1200.77165886555	1173.85201574314
B9J08_00254	2289.80864219237	2119.71366470908	1867.37242222094	1844.96822966185
B9J08_00253	8397.97627182631	8421.9271196577	8148.33186859461	8153.62100279505
B9J08_00252	784.387677167348	742.290461838618	875.817697430204	759.315477396687
B9J08_00251	311.743820412664	369.470891531703	355.001074307796	415.338349832612
B9J08_00250	2845.91939279948	3072.97088938604	2611.87310783823	2623.52718272646
B9J08_00249	4598.72416370036	4522.94879905275	4202.14437801328	4289.69145097389
B9J08_00248	1038.81085963317	1205.52435907625	1016.03755750162	1076.03101443121
B9J08_00247	245.372555421581	294.683732218639	247.05403917345	206.867363430143
B9J08_00246	1873.4797981574	1946.69859465646	2000.91514609848	2023.77219107628
B9J08_00245	1822.19291157338	1849.58691017532	1541.30560475328	1368.69220688083
B9J08_00244	1976.05357132543	1858.51672024255	2022.05941071243	2155.26927480707
B9J08_00243	1767.88914930795	1703.36127032441	1647.026927823	1554.71247167072
B9J08_00242	4781.74795503941	4577.64388571454	4696.25245636018	4648.90299677507
B9J08_00241	930.203335102304	906.375721823996	736.710693391099	708.801353768396
B9J08_00240	1323.40279891312	1313.79830614143	1425.56857739275	1342.23242783744
B9J08_00239	9966.75162616101	9189.89078543961	9940.03008061828	10352.1880978549
B9J08_00238	1489.33096139082	1593.97109700082	1471.19567471757	1542.68529937827
B9J08_00237	1223.84590142649	1019.11457392279	1018.26326956625	1023.91326783059
B9J08_00236	897.017702606762	813.728942376469	793.466351039054	772.1444611753
B9J08_00235	16976.9650845374	16651.8633228699	16864.2203136688	16770.6890445925
B9J08_00234	1969.01419473547	2059.43744675526	2191.21352762398	2186.53992276744
B9J08_00233	786.398927621623	730.011972996174	815.723471685311	792.189748329384
B9J08_00232	2627.69871851062	2768.24112084176	2818.86432984842	2615.50906786483
B9J08_00231	3832.43774062149	3776.19343218052	3761.4533892174	3697.95457418534
B9J08_00230	555.10512537997	553.648224168352	582.023704899615	529.195580867807
B9J08_00229	5821.56443989972	7219.75143935666	6186.36668362707	5714.51046188615
B9J08_00228	2859.99814597941	2917.81543946789	3019.17841566473	3073.3434264641
B9J08_00227	565.161377651346	541.369735325909	478.528093894521	467.45609643323
B9J08_00226	1764.87227362653	1787.0782397047	1620.31838304749	1607.6320297575
B9J08_00225	191.068793156149	181.944880119842	152.461276426859	170.785846552792
B9J08_00224	1971.02544518975	1995.81255002624	1917.45094367502	1890.67148437317
B9J08_00223	2480.87743534852	2409.9324918941	2456.07326331444	2258.70295652214
B9J08_00222	764.275172624596	775.777249590736	687.745027969335	603.764049080998
B9J08_00221	431.413222442042	511.231626349003	557.540872188732	531.601015326297
B9J08_00220	2338.07865309498	2260.35817326797	2024.28512277705	1984.48342825428
B9J08_00219	980.484596459185	1006.83608508035	1112.85603231284	1112.91434279472
B9J08_00218	1982.08732268826	2224.63893299904	860.237712977825	959.768348937523
B9J08_00217	1408.88094321981	1377.42320287046	1415.55287310193	1481.74762642986
B9J08_00216	1350.55468004583	1338.35528382632	1275.33301303051	1320.58351771103
B9J08_00215	9268.8477185275	9193.23946421482	9467.06626688532	9899.96641965881
B9J08_00214	4902.42298229593	4791.9593273281	4991.15930492308	4757.14754740712
B9J08_00213	2457.74805512436	2652.15358996775	2461.637543476	2314.02794906741
B9J08_00212	109.613149758001	104.92526828997	113.51131529591	131.497083730788
B9J08_00211	174.978789521947	203.153179029516	1353.23293529241	1348.64691972674
B9J08_00210	1770.90602498936	2004.74236009347	4926.61365504894	5206.96379114476
B9J08_00209	5779.32818035994	5724.00825309539	5987.16545384307	5832.37675035216
B9J08_00208	797.460805120137	734.47687802979	781.224934683613	895.623430044455
B9J08_00207	831.652062842817	859.494218971031	833.529168202316	906.848790850742
B9J08_00206	2130.91985630463	2229.10383803266	1857.35671793013	1792.85048306124
B9J08_00205	2432.60742444592	2398.77022931006	2395.97903756954	2218.61238221397
B9J08_00204	852.770192612707	770.196118298716	872.479129333266	916.470528684702
B9J08_00203	369.064458359509	405.190131800629	804.594911362183	786.57706792624
B9J08_00202	956.349591007882	1068.22852929257	915.880514593467	878.785388835025
B9J08_00201	559.12762628852	623.9704784478	533.05803947785	556.457171397361
B9J08_00200	3782.15647926461	3489.3232837707	3930.60750612895	4211.91573681605
B9J08_00199	1313.34654664174	1294.82245974857	1304.26726987065	1254.03316435947
B9J08_00198	347.946328589619	352.727497655644	311.599689047595	396.896685650855
B9J08_00197	1284.18341505475	1294.82245974857	1216.35164331793	1164.23027790918
B9J08_00196	811.539558300064	853.913087679011	842.432016460819	866.758216542575
B9J08_00195	524.936368565841	615.040668380569	648.795066838385	565.277097745158
B9J08_00194	912.102081013827	1025.81193147322	1367.70006371248	1520.2345777657
B9J08_00193	579.240130831272	610.575763346953	590.926553158117	611.782163942632
B9J08_00192	1095.12587235287	1009.06853759716	1122.87173660365	1116.12158873937
B9J08_00191	523.930743338703	560.345581718776	474.076669765269	431.374579555879
B9J08_00190	664.718275137971	613.924442122165	721.13070893872	799.406051704854
B9J08_00189	279.56381314426	299.148637252255	329.4053855646	307.093799200561
B9J08_00188	1207.75589779229	1311.56585362463	1043.85895830944	975.80457866079
B9J08_00187	0	0	1.11285603231284	0
B9J08_00186	1563.74722819901	1518.06771142935	1489.00137123458	1525.04544668268
B9J08_00185	3328.61950182554	3224.77766052897	3241.7496221273	3161.54268994207
B9J08_00184	108.607524530864	117.203757132413	22.2571206462568	20.0452871540836
B9J08_00183	4434.80725167693	4558.66803932168	4672.88247968161	4420.38672321852
B9J08_00182	1982.08732268826	2077.29706688973	2121.10359758827	2063.06095389828
B9J08_00181	1174.57026529675	1039.20664657406	1156.25741757304	1078.4364488897
B9J08_00180	1899.62605406298	1972.37179859976	1839.55102141312	1719.08382633421
B9J08_00179	1142.39025802834	1040.32287283247	1219.69021141487	1299.73641907078
B9J08_00178	5141.76178635468	5008.50722145846	5341.70895510163	5198.14386479696
B9J08_00177	1379.71781163282	1291.47378097335	1296.47727764446	1325.39438662801
B9J08_00176	1545.64597411053	1600.66845455124	1737.16826644034	1627.67731691159
B9J08_00175	1791.01852953211	1750.24277317737	1683.75117688933	1660.55158784429
B9J08_00174	2333.05052695929	2245.84723190872	2220.14778446411	2308.41526866427
B9J08_00173	2367.24178468197	2450.11663719664	2620.77595609674	2864.07062857546
B9J08_00172	2808.71125939539	2697.91886656231	2028.73654690631	2254.69389909132
B9J08_00171	11764.8095322831	11914.5990822036	11987.6851800739	11607.0230737006
B9J08_00170	546.054498335731	602.762179538126	531.945183445537	563.673474772831
B9J08_00169	587.285132648374	560.345581718776	596.490833319682	634.232885555205
B9J08_00168	400.238840400775	425.2822044519	435.12670863432	415.338349832612
B9J08_00167	3344.70950545974	3441.32555465934	3674.65061869699	3450.99663644703
B9J08_00166	1976.05357132543	2413.28117066931	1717.13685785871	1606.02840678518
B9J08_00165	3807.29710994305	4327.60920383206	3250.6524703858	3261.76912571248
B9J08_00164	2251.59488356114	2179.98988266289	2225.71206462568	2133.62036468066
B9J08_00163	2397.4105414961	2368.63212033315	2392.6404694726	2424.67793415795
B9J08_00162	1528.55034524919	1639.73637359538	1423.34286532812	1323.79076365568
B9J08_00161	1469.21845684807	1371.84207157844	1264.20445270739	1296.52917312613
B9J08_00160	447.503226076244	449.839182136786	370.581058760175	374.445964038282
B9J08_00159	1344.52092868301	1375.19075035365	1619.20552701518	1476.13494602672
B9J08_00158	745.168293308981	778.009702107544	693.309308130899	725.639394977826
B9J08_00157	2077.62171926634	2075.06461437292	2223.48635256105	2111.97145455425
B9J08_00156	7743.31424895972	7390.53405689246	4353.49279840783	4598.38887314678
B9J08_00155	1091.10337144432	964.419487261001	1210.78736315637	1259.64584476261
B9J08_00154	4404.6384948628	4421.37220953799	4980.03074459996	4958.40223043412
B9J08_00153	2439.64680103588	2474.67361488153	2643.03307674299	2535.32791924849
B9J08_00152	478.67760811751	568.159165527604	406.192451794186	368.833283635138
B9J08_00151	2723.23311508869	2844.14450641323	3426.48372349123	3390.05896349862
B9J08_00150	1078.03024349153	1025.81193147322	863.576281074763	945.335742186583
B9J08_00149	15358.914094073	19651.1632792013	11948.735218943	10611.1732078857
B9J08_00148	2864.02064688796	3261.6131270563	2239.06633701343	2211.3960788385
B9J08_00147	2746.36249531286	2867.58525783971	2602.97025957973	2682.05942121639
B9J08_00146	2057.50921472358	2154.3166787196	1924.1280798689	1846.57185263418
B9J08_00145	1171.55338961533	1184.31606016658	1296.47727764446	1285.30381231984
B9J08_00144	17129.8201190623	15835.9019279766	15931.6469585906	16094.7619617568
B9J08_00143	86.4837695338358	91.5305531891228	76.7870662295859	65.7485418653942
B9J08_00142	3582.03705906422	3391.09537303116	2013.15656245393	2053.43921606432
B9J08_00141	266.490685191471	331.519198745969	333.856809693852	287.048512046477
B9J08_00140	936.23708646513	945.443640868134	1023.82754972781	987.83175095324
B9J08_00139	2418.52867126599	2418.86230196133	2019.8336986478	2155.26927480707
B9J08_00138	1621.06786614585	1802.70540732236	1748.29682676347	1696.63310472164
B9J08_00137	714.999536494852	765.7312132651	815.723471685311	716.81946863003
B9J08_00136	758.24142126177	694.292732727248	880.269121559456	765.729969285994
B9J08_00135	88.4950199881111	111.622625840394	114.624171328222	137.911575620095
B9J08_00134	2068.5710922221	2079.52951940653	1904.09667128727	2003.7269039222
B9J08_00133	925.175208966616	877.353839105494	815.723471685311	778.558953064607
B9J08_00132	2.01125045427525	1.11622625840394	0	2.40543445849003
B9J08_00131	0	0	1.11285603231284	0
B9J08_00130	435.435723350592	448.722955878382	1201.88451489787	1319.78170622486
B9J08_00129	1101.1596237157	1283.66019716453	1095.05033579583	1006.273415135
B9J08_00128	68.3825154453586	64.7411229874283	183.621245331618	157.155051288015
B9J08_00127	1670.3435022756	1692.19900774037	1872.93670238251	1760.7780236147
B9J08_00126	1576.8203561518	1711.17485413323	1605.85125462743	1541.88348789211
B9J08_00125	1143.39588325548	1191.013417717	1102.84032802202	1141.7795562966
B9J08_00124	1941.86231360276	2136.45705858513	1904.09667128727	1813.69758170148
B9J08_00123	10651.5824058417	10810.6513126421	9996.78573826623	9553.58385763624
B9J08_00122	1086.07524530864	1245.70850437879	1059.43894276182	953.353857048216
B9J08_00121	3721.81896563635	3497.13686757953	3929.49465009663	3625.79154043064
B9J08_00120	1120.26650303132	1079.39079187661	1048.31038243869	1015.89515296896
B9J08_00119	1821.18728634624	1912.09558064594	1796.14963615292	1861.80627087128
B9J08_00118	3131.51695730657	3203.5693616193	3990.70173187384	3793.37014103878
B9J08_00117	470.632606300409	391.795416699782	398.402459567996	413.734726860285
B9J08_00116	5848.71632103243	5514.15771651544	6204.17238014408	6275.77850220049
B9J08_00115	1935.82856223993	1858.51672024255	2256.87203353044	2167.29644709952
B9J08_00114	4547.43727711634	4435.88315089724	4972.24075237376	4557.49648735245
B9J08_00113	1128.31150484842	1105.0639958199	1102.84032802202	1061.59840768027
B9J08_00112	9441.81525759517	10481.364566413	10950.5033579583	10699.3724713637
B9J08_00111	3034.97693550136	2886.56110423258	3980.68602758303	3750.07232078596
B9J08_00110	17.0956288613396	4.46490503361574	21.1442646139439	32.8742709326971
B9J08_00109	1480.28033434659	1422.07225320661	1500.12993155771	1371.09764133932
B9J08_00108	527.953244247254	504.534268798579	440.690988795884	460.239793057759
B9J08_00107	15.0843784070644	4.46490503361574	5.5642801615642	10.4235493201235
B9J08_00106	1227.86840233504	1180.96738139136	1017.15041353393	1076.83282591737
B9J08_00105	1026.74335690752	1003.48740630514	1111.74317628053	1023.91326783059
B9J08_00104	1442.06657571536	1551.55449918147	1355.45864735704	1440.85524063553
B9J08_00103	2885.13877665785	3190.17464651845	2964.6484700814	2958.68438394274
B9J08_00102	1570.78660478897	1662.06089876346	1761.65109915122	1716.67839187572
B9J08_00101	3671.53770427947	3757.21758578765	3680.21489885856	3553.62850667594
B9J08_00100	23.1293802241654	26.7894302016945	21.1442646139439	18.4416641817569
B9J08_00099	0	0	0	0
B9J08_00098	1.00562522713763	1.11622625840394	1.11285603231284	2.40543445849003
B9J08_00097	1788.0016538507	1923.25784322998	1990.89944180767	2005.33052689452
B9J08_00096	2156.06048698307	2037.11292158718	2126.66787774984	2152.86384034858
B9J08_00095	1010.65335327331	1052.60136167491	1132.88744089447	1101.68898198843
B9J08_00094	16995.0663386259	16612.7954038258	17849.0979022656	17645.4653759967
B9J08_00093	2064.54859131355	1972.37179859976	2068.79936406957	2238.65766936806
B9J08_00092	1661.29287523136	1656.47976747144	2581.82599496579	2676.44674081324
B9J08_00091	8.04500181710101	5.58113129201968	18.9185525493183	22.4507216125736
B9J08_00090	275.541312235709	247.802229365674	308.261120950656	312.706479603704
B9J08_00089	2047.45296245221	2067.25103056409	2192.32638365629	2212.99970181083
B9J08_00088	1779.9566520336	1713.40730665004	1930.80521606278	1893.87873031782
B9J08_00087	1094.12024712574	1055.95004045012	1284.23586128902	1263.65490219343
B9J08_00086	2504.00681557269	2478.02229365674	2309.17626704914	2233.04498896491
B9J08_00085	2959.55504346603	2892.1422355246	2702.01444645557	2736.58260227549
B9J08_00084	9.05062704423863	6.69735755042362	7.78999222618987	5.61268040314341
B9J08_00083	101.5681479409	95.9954582227385	114.624171328222	106.640927659725
B9J08_00082	1906.66543065294	1845.12200514171	1934.14378415971	2050.23197011967
B9J08_00081	2576.4118319266	2595.22605078915	2557.3431622549	2637.9597894774
B9J08_00080	890.983951243937	791.404417208391	939.250491272036	862.749159111758
B9J08_00079	1894.59792792729	1922.14161697158	1929.69236003046	1778.4178763103
B9J08_00078	1670.3435022756	1574.99525060795	1512.37134791315	1516.22552033488
B9J08_00077	8871.62575380814	8663.03199147295	9257.84933281051	9051.64986729799
B9J08_00076	8548.82005589696	7958.69322242007	7833.39361145007	8163.24274062901
B9J08_00075	4449.89163008399	4458.20767606532	4963.33790411526	5007.31273109008
B9J08_00074	5995.53760419453	6037.66783170689	5971.58546939069	6034.43324486533
B9J08_00073	320.794447456903	329.286746229161	269.311159819707	313.508291089867
B9J08_00072	3044.02756254559	3222.54520801216	2960.19704595215	2904.16120288363
B9J08_00071	642.594520140943	632.900288515032	758.967814037356	668.710779460229
B9J08_00070	2080.63859494775	2088.45932947376	2222.37349652874	2144.04391400078
B9J08_00069	580.24575605841	574.856523078027	545.299455833291	565.277097745158
B9J08_00068	1713.58538704251	1763.63748827822	1752.74825089272	1724.69650673735
B9J08_00067	2041.41921108938	1913.21180690435	1946.38520051516	1812.89577021532
B9J08_00066	2464.78743171432	2503.69549760003	2392.6404694726	2345.29859702778
B9J08_00065	35.1968829498169	17.859620134463	35.6113930340109	39.2887628220039
B9J08_00064	2641.77747169054	2596.34227704756	2842.23430652699	2811.15107048868
B9J08_00063	4967.78862205987	4762.9374446096	4769.70095449283	4675.36277581846
B9J08_00062	5959.33509601757	5718.42712180337	5517.54020820706	5202.95473371394
B9J08_00061	1002.60835145621	1068.22852929257	1051.64895053563	1133.76144143497
B9J08_00060	3911.88213356536	4939.30119343742	375.032482889427	368.833283635138
B9J08_00059	7696.04986328425	7002.08731896789	7081.10293360659	6966.9400032733
B9J08_00058	1957.95231723696	1831.72729004086	1753.86110692503	1901.89684517945
B9J08_00057	359.008206088132	315.892031128314	412.869587988063	453.825301168453
B9J08_00056	1837.27728998044	2030.41556403676	1862.92099809169	1867.41895127443
B9J08_00055	743.157042854706	818.193847410085	819.06203978225	848.316552360818
B9J08_00054	1200.71652120233	1191.013417717	1010.47327734006	924.488643546336
B9J08_00053	1712.57976181538	1669.87448257229	1887.40383080257	1786.43599117193
B9J08_00052	279.56381314426	277.94033834258	133.542723877541	109.046362118215
B9J08_00051	2184.21799334292	2061.66989927207	2047.65509945562	2123.9986268467
B9J08_00050	474.655107208959	586.018785662067	446.255268957448	444.203563334493
B9J08_00049	817.57330966289	938.74628331771	856.899144880886	877.983577348862
B9J08_00048	603.375136282576	657.457266199918	588.700841093492	482.690514670333
B9J08_00047	1637.15786978006	1698.89636529079	1791.69821202367	1941.98741948762
B9J08_00046	167.939412931984	185.293558895053	162.476980717675	165.974977635812
B9J08_00045	1248.98653210493	1298.17113852378	1286.46157335364	1293.32192718147
B9J08_00044	7524.08794944372	7297.88727744494	6904.15882446885	7303.7008274619
B9J08_00043	4386.53724077432	4655.77972380282	4381.31419921565	4653.71386569205
B9J08_00042	2.01125045427525	6.69735755042362	3.33856809693852	0
B9J08_00041	12.0675027256515	12.2784888424433	6.67713619387703	12.8289837786135
B9J08_00040	687.847655362136	617.273120897377	609.845105707436	607.773106511815
B9J08_00039	2327.01677559647	2288.26382972807	2413.78473408655	2277.94643219006
B9J08_00038	6343.48393278414	6564.52662567355	5872.54128251485	5887.70174289743
B9J08_00037	12248.5152665363	12876.7861169478	11946.5095068783	13032.643896099
B9J08_00036	2148.01548516597	2194.50082402214	2417.12330218349	2551.36414897176
B9J08_00035	2213.38112492991	2318.40193870498	2335.88481182465	2314.82976055357
B9J08_00034	688.853280589274	651.876134907899	596.490833319682	633.431074069042
B9J08_00033	2462.77618126005	2515.97398644247	2416.01044615117	2512.07538614976
B9J08_00032	2730.27249167865	2745.91659567368	2902.32853227188	2819.97099683648
B9J08_00031	2846.92501802662	2694.5701877871	2966.87418214603	3010.80213054336
B9J08_00030	800.47768080155	741.174235580214	944.8147714336	1051.97666984631
B9J08_00029	1270.10466187482	1492.39450748606	1862.92099809169	1719.88563782037
B9J08_00028	9394.5508719197	9088.31419592485	9557.20760550266	9897.56098520032
B9J08_00027	700.920783314925	675.316886334381	685.519315904709	707.197730796069
B9J08_00026	1073.00211735585	1124.03984221276	1023.82754972781	1049.57123538782
B9J08_00025	626.504516506741	550.299545393141	597.603689351995	546.033622077237
B9J08_00024	872.882697155459	939.862509576114	1029.39182988938	908.452413823069
B9J08_00023	557.116375834245	556.996902943564	594.265121255056	635.836508527532
B9J08_00022	216.20942383459	257.848265691309	292.681136498277	287.850323532641
B9J08_00021	11.0618774985139	3.34867877521181	7.78999222618987	8.01811486163344
B9J08_00020	15.0843784070644	12.2784888424433	51.1913774863906	32.8742709326971
B9J08_00019	120.675027256515	99.3441369979503	8.90284825850271	19.2434756679203
B9J08_00018	911.096455786689	700.990090277672	127.978443715976	157.155051288015
B9J08_00017	51.2868865840189	33.4867877521181	31.1599689047595	19.2434756679203
B9J08_00016	254.423182465819	273.475433308964	1795.03678012061	2091.92616740016
B9J08_00015	1463.18470548525	1585.04128693359	1658.15548814613	1577.1631932833
B9J08_00014	2930.39191187904	2680.05924642785	2942.39134943515	3050.09089336536
B9J08_00013	67.3768902182209	65.8573492458322	65.6585059064575	90.6046979364579
B9J08_00012	4924.54673729295	5295.37736986827	2827.76717810692	2941.04453124715
B9J08_00011	141.793157026405	152.922997401339	204.765509945562	203.660117485489
B9J08_00010	279.56381314426	260.080718208117	304.922552853718	339.166258647095
B9J08_00009	22.1237549970278	31.2543352353102	28.9342568401338	30.4688364742071
B9J08_00008	54.3037622654318	98.2279107395464	102.382754972781	97.821001311928
B9J08_00007	541.026372200043	550.299545393141	538.622319639414	525.18652343699
B9J08_00006	149.838158843506	159.620354951763	168.041260879239	210.876420860959
B9J08_00005	16.090003634202	7.81358380882755	28.9342568401338	33.6760824188604
B9J08_00004	413.311968353564	435.328240777535	529.719471380911	556.457171397361
B9J08_00003	132.742529982167	166.317712502187	62.319937809519	68.1539763238842
B9J08_00002	91.511895669524	103.809042031566	279.326864110523	320.724594465338
B9J08_00001	8.04500181710101	8.92981006723149	24.4828327108825	20.8470986402469
